artist,song,song_id,mix_id,mixer_id,mixer_institution_code,institution_name,institution_category,institution_confidence,engineer_or_participant_id,mix_type,is_public_audio,is_system_generated,metadata_source,metadata_join_status,source_path,relative_source_path,filename,extension,codec,sample_rate,channels,duration_seconds,bit_rate,file_size_bytes,readable,contains_nan_or_inf,peak_amplitude,preview_rms,near_silence_detected,clipping_or_near_clipping_detected,duplicate_file_hash,duplicate_audio_candidate,valid_for_analysis,exclusion_reason,validation_notes
Kabaret,Cold Star,song_coldstar,mix_8a1225f26c75,CNS-5,CNS,Conservatoire National Supérieur de Musique et de Danse de Paris,university_or_institution,high,,human_mix,true,false,relationship_tables,matched,C:\Users\oscar\OneDrive\Public share - Mix Eval Dataset\MixEvaluation\audio\ColdStar\CNS-5.mp3,audio/ColdStar/CNS-5.mp3,CNS-5.mp3,.mp3,.mp3,44100,2,51.900469,256000,1661839,true,unknown,,,false,false,4e83119591f2647a12b423278bfd865cf1236f19c4ca7f2f736c2bfe11376dcc,true,true,,metadata_decode_ok; sample_preview_failed: Couldn't find appropriate backend to handle uri C:\Users\oscar\OneDrive\Public share - Mix Eval Dataset\MixEvaluation\audio\ColdStar\CNS-5.mp3 and format None.
Kabaret,Cold Star,song_coldstar,mix_bc5160c8fc08,CNS-A,CNS,Conservatoire National Supérieur de Musique et de Danse de Paris,university_or_institution,high,,human_mix,true,false,relationship_tables,matched,C:\Users\oscar\OneDrive\Public share - Mix Eval Dataset\MixEvaluation\audio\ColdStar\CNS-A.mp3,audio/ColdStar/CNS-A.mp3,CNS-A.mp3,.mp3,.mp3,44100,2,51.900469,256000,1661839,true,unknown,,,false,false,5f56753cb97fe004b41313d1295d317088098341951f41b786de959511e3eb1e,true,true,,metadata_decode_ok; sample_preview_failed: Couldn't find appropriate backend to handle uri C:\Users\oscar\OneDrive\Public share - Mix Eval Dataset\MixEvaluation\audio\ColdStar\CNS-A.mp3 and format None.
Kabaret,Cold Star,song_coldstar,mix_eb041f3943ff,CNS-B,CNS,Conservatoire National Supérieur de Musique et de Danse de Paris,university_or_institution,high,,human_mix,true,false,relationship_tables,matched,C:\Users\oscar\OneDrive\Public share - Mix Eval Dataset\MixEvaluation\audio\ColdStar\CNS-B.mp3,audio/ColdStar/CNS-B.mp3,CNS-B.mp3,.mp3,.mp3,44100,2,51.900469,256000,1661839,true,unknown,,,false,false,f71659f3b1ed822ff5eac02d8cba75a465f7dc8ab17cb4e1d92a1bbee410da78,true,true,,metadata_decode_ok; sample_preview_failed: Couldn't find appropriate backend to handle uri C:\Users\oscar\OneDrive\Public share - Mix Eval Dataset\MixEvaluation\audio\ColdStar\CNS-B.mp3 and format None.
Kabaret,Cold Star,song_coldstar,mix_d0499014c790,CNS-C,CNS,Conservatoire National Supérieur de Musique et de Danse de Paris,university_or_institution,high,,human_mix,true,false,relationship_tables,matched,C:\Users\oscar\OneDrive\Public share - Mix Eval Dataset\MixEvaluation\audio\ColdStar\CNS-C.mp3,audio/ColdStar/CNS-C.mp3,CNS-C.mp3,.mp3,.mp3,44100,2,51.900469,256000,1661839,true,unknown,,,false,false,bb3d967b5073ef0bf1d554a1247ade09daf038b8e7e03b7aba18e1178f18d7c3,true,true,,metadata_decode_ok; sample_preview_failed: Couldn't find appropriate backend to handle uri C:\Users\oscar\OneDrive\Public share - Mix Eval Dataset\MixEvaluation\audio\ColdStar\CNS-C.mp3 and format None.
Kabaret,Cold Star,song_coldstar,mix_bdf217deb4a1,CNS-D,CNS,Conservatoire National Supérieur de Musique et de Danse de Paris,university_or_institution,high,,human_mix,true,false,relationship_tables,matched,C:\Users\oscar\OneDrive\Public share - Mix Eval Dataset\MixEvaluation\audio\ColdStar\CNS-D.mp3,audio/ColdStar/CNS-D.mp3,CNS-D.mp3,.mp3,.mp3,44100,2,51.900469,256000,1661839,true,unknown,,,false,false,a0a13ded773999fe3a3b4be02d78eee3615189b197991a25876b1640b2a170fa,true,true,,metadata_decode_ok; sample_preview_failed: Couldn't find appropriate backend to handle uri C:\Users\oscar\OneDrive\Public share - Mix Eval Dataset\MixEvaluation\audio\ColdStar\CNS-D.mp3 and format None.
Kabaret,Cold Star,song_coldstar,mix_76cc777ae526,CNS-pro,CNS,Conservatoire National Supérieur de Musique et de Danse de Paris,university_or_institution,high,,human_mix,true,false,relationship_tables,matched,C:\Users\oscar\OneDrive\Public share - Mix Eval Dataset\MixEvaluation\audio\ColdStar\CNS-pro.mp3,audio/ColdStar/CNS-pro.mp3,CNS-pro.mp3,.mp3,.mp3,44100,2,51.900469,256000,1661839,true,unknown,,,false,false,2cd3cb7dac07f2910152469d81d09dee39df3a459eb18191dd63b32ac0ba4a8d,true,true,,metadata_decode_ok; sample_preview_failed: Couldn't find appropriate backend to handle uri C:\Users\oscar\OneDrive\Public share - Mix Eval Dataset\MixEvaluation\audio\ColdStar\CNS-pro.mp3 and format None.
J Kirk Band,Good Time,song_goodtime,mix_c530c58b7325,UCP-B1,UCP,Universidade Católica Portuguesa,university_or_institution,high,,human_mix,true,false,relationship_tables,matched,C:\Users\oscar\OneDrive\Public share - Mix Eval Dataset\MixEvaluation\audio\GoodTime\UCP-B1.mp3,audio/GoodTime/UCP-B1.mp3,UCP-B1.mp3,.mp3,.mp3,48000,2,41.04,128000,656877,true,unknown,,,false,false,306a9a98e228f340cb90fbcb9a9b4edc81c4b227da001bc5de439904d0841ccb,true,true,,metadata_decode_ok; sample_preview_failed: Couldn't find appropriate backend to handle uri C:\Users\oscar\OneDrive\Public share - Mix Eval Dataset\MixEvaluation\audio\GoodTime\UCP-B1.mp3 and format None.
J Kirk Band,Good Time,song_goodtime,mix_c041b6826af0,UCP-B2,UCP,Universidade Católica Portuguesa,university_or_institution,high,,human_mix,true,false,relationship_tables,matched,C:\Users\oscar\OneDrive\Public share - Mix Eval Dataset\MixEvaluation\audio\GoodTime\UCP-B2.mp3,audio/GoodTime/UCP-B2.mp3,UCP-B2.mp3,.mp3,.mp3,48000,2,41.04,128000,656877,true,unknown,,,false,false,b9c7a18dd3782820c32a83eb6ebeb984638af2eb97f1074fd8702b0e0ac58a27,true,true,,metadata_decode_ok; sample_preview_failed: Couldn't find appropriate backend to handle uri C:\Users\oscar\OneDrive\Public share - Mix Eval Dataset\MixEvaluation\audio\GoodTime\UCP-B2.mp3 and format None.
J Kirk Band,Good Time,song_goodtime,mix_9e34f862bd17,UCP-B3,UCP,Universidade Católica Portuguesa,university_or_institution,high,,human_mix,true,false,relationship_tables,matched,C:\Users\oscar\OneDrive\Public share - Mix Eval Dataset\MixEvaluation\audio\GoodTime\UCP-B3.mp3,audio/GoodTime/UCP-B3.mp3,UCP-B3.mp3,.mp3,.mp3,48000,2,41.04,128000,656877,true,unknown,,,false,false,8f5ca9b45ccc5514d361e299d136e4ae7aeef67317d88a502d0b60c9d15110ee,true,true,,metadata_decode_ok; sample_preview_failed: Couldn't find appropriate backend to handle uri C:\Users\oscar\OneDrive\Public share - Mix Eval Dataset\MixEvaluation\audio\GoodTime\UCP-B3.mp3 and format None.
J Kirk Band,Good Time,song_goodtime,mix_c0f9cee165d9,UCP-B4,UCP,Universidade Católica Portuguesa,university_or_institution,high,,human_mix,true,false,relationship_tables,matched,C:\Users\oscar\OneDrive\Public share - Mix Eval Dataset\MixEvaluation\audio\GoodTime\UCP-B4.mp3,audio/GoodTime/UCP-B4.mp3,UCP-B4.mp3,.mp3,.mp3,48000,2,41.04,128000,656877,true,unknown,,,false,false,6d24ac19e5cd345f20aac716c48ff2dd2d8ddb669c5cf30dbb7a1298a41d75b6,true,true,,metadata_decode_ok; sample_preview_failed: Couldn't find appropriate backend to handle uri C:\Users\oscar\OneDrive\Public share - Mix Eval Dataset\MixEvaluation\audio\GoodTime\UCP-B4.mp3 and format None.
,HighBloodPressure,song_highbloodpressure,mix_b9fe613b57d4,McG-I,McG,McGill University,university_or_institution,high,,human_mix,true,false,relationship_tables,matched,C:\Users\oscar\OneDrive\Public share - Mix Eval Dataset\MixEvaluation\audio\HighBloodPressure\McG-I.mp3,audio/HighBloodPressure/McG-I.mp3,McG-I.mp3,.mp3,.mp3,48000,2,59.64,192000,1431936,true,unknown,,,false,false,eb44b4be44f704763cb7370b8f6a80714a7cf3f32b66722f9fbf10438b7ce657,true,true,,metadata_decode_ok; sample_preview_failed: Couldn't find appropriate backend to handle uri C:\Users\oscar\OneDrive\Public share - Mix Eval Dataset\MixEvaluation\audio\HighBloodPressure\McG-I.mp3 and format None.
,HighBloodPressure,song_highbloodpressure,mix_138b1a7debac,McG-J,McG,McGill University,university_or_institution,high,,human_mix,true,false,relationship_tables,matched,C:\Users\oscar\OneDrive\Public share - Mix Eval Dataset\MixEvaluation\audio\HighBloodPressure\McG-J.mp3,audio/HighBloodPressure/McG-J.mp3,McG-J.mp3,.mp3,.mp3,48000,2,59.64,192000,1431936,true,unknown,,,false,false,1a597a3d3a25683e8c67e5156c5149701c3c86b3f52fb3d02bd22403bb2a96eb,true,true,,metadata_decode_ok; sample_preview_failed: Couldn't find appropriate backend to handle uri C:\Users\oscar\OneDrive\Public share - Mix Eval Dataset\MixEvaluation\audio\HighBloodPressure\McG-J.mp3 and format None.
,HighBloodPressure,song_highbloodpressure,mix_c72e349f5929,McG-K,McG,McGill University,university_or_institution,high,,human_mix,true,false,relationship_tables,matched,C:\Users\oscar\OneDrive\Public share - Mix Eval Dataset\MixEvaluation\audio\HighBloodPressure\McG-K.mp3,audio/HighBloodPressure/McG-K.mp3,McG-K.mp3,.mp3,.mp3,48000,2,59.64,192000,1431936,true,unknown,,,false,false,875bebbadf49a78746c56622331d033bb509cb4c217d1dd557be5f7c65039317,true,true,,metadata_decode_ok; sample_preview_failed: Couldn't find appropriate backend to handle uri C:\Users\oscar\OneDrive\Public share - Mix Eval Dataset\MixEvaluation\audio\HighBloodPressure\McG-K.mp3 and format None.
,HighBloodPressure,song_highbloodpressure,mix_635861ad5d1a,McG-L,McG,McGill University,university_or_institution,high,,human_mix,true,false,relationship_tables,matched,C:\Users\oscar\OneDrive\Public share - Mix Eval Dataset\MixEvaluation\audio\HighBloodPressure\McG-L.mp3,audio/HighBloodPressure/McG-L.mp3,McG-L.mp3,.mp3,.mp3,48000,2,59.64,192000,1431936,true,unknown,,,false,false,dfaecbd7027158ef75a9178ab8cf92acfac2ab9b83943afa14f52477d6dd3aba,true,true,,metadata_decode_ok; sample_preview_failed: Couldn't find appropriate backend to handle uri C:\Users\oscar\OneDrive\Public share - Mix Eval Dataset\MixEvaluation\audio\HighBloodPressure\McG-L.mp3 and format None.
,HighBloodPressure,song_highbloodpressure,mix_0aff858dae8a,McG-M,McG,McGill University,university_or_institution,high,,human_mix,true,false,relationship_tables,matched,C:\Users\oscar\OneDrive\Public share - Mix Eval Dataset\MixEvaluation\audio\HighBloodPressure\McG-M.mp3,audio/HighBloodPressure/McG-M.mp3,McG-M.mp3,.mp3,.mp3,48000,2,59.64,192000,1431936,true,unknown,,,false,false,ce0ac7cbc9ec046579679cb4538eb0a93c7d65ab47272db7a472336d0390dfa8,true,true,,metadata_decode_ok; sample_preview_failed: Couldn't find appropriate backend to handle uri C:\Users\oscar\OneDrive\Public share - Mix Eval Dataset\MixEvaluation\audio\HighBloodPressure\McG-M.mp3 and format None.
,HighBloodPressure,song_highbloodpressure,mix_7aff43d958e7,McG-N,McG,McGill University,university_or_institution,high,,human_mix,true,false,relationship_tables,matched,C:\Users\oscar\OneDrive\Public share - Mix Eval Dataset\MixEvaluation\audio\HighBloodPressure\McG-N.mp3,audio/HighBloodPressure/McG-N.mp3,McG-N.mp3,.mp3,.mp3,48000,2,59.64,192000,1431936,true,unknown,,,false,false,5de73111d28b41eb33df4faf77ad3749dfb046e04f47fac9bc235aeca0a00708,true,true,,metadata_decode_ok; sample_preview_failed: Couldn't find appropriate backend to handle uri C:\Users\oscar\OneDrive\Public share - Mix Eval Dataset\MixEvaluation\audio\HighBloodPressure\McG-N.mp3 and format None.
,HighBloodPressure,song_highbloodpressure,mix_82cc3d7da6b1,McG-O,McG,McGill University,university_or_institution,high,,human_mix,true,false,relationship_tables,matched,C:\Users\oscar\OneDrive\Public share - Mix Eval Dataset\MixEvaluation\audio\HighBloodPressure\McG-O.mp3,audio/HighBloodPressure/McG-O.mp3,McG-O.mp3,.mp3,.mp3,48000,2,59.64,192000,1431936,true,unknown,,,false,false,128e29f2654cf265dae04b6e9012a6a4677e2005b7cf18087b4ca60c62a90c13,true,true,,metadata_decode_ok; sample_preview_failed: Couldn't find appropriate backend to handle uri C:\Users\oscar\OneDrive\Public share - Mix Eval Dataset\MixEvaluation\audio\HighBloodPressure\McG-O.mp3 and format None.
,HighBloodPressure,song_highbloodpressure,mix_25c28b4ab709,McG-P,McG,McGill University,university_or_institution,high,,human_mix,true,false,relationship_tables,matched,C:\Users\oscar\OneDrive\Public share - Mix Eval Dataset\MixEvaluation\audio\HighBloodPressure\McG-P.mp3,audio/HighBloodPressure/McG-P.mp3,McG-P.mp3,.mp3,.mp3,48000,2,59.64,192000,1431936,true,unknown,,,false,false,392a6cfc9cb28a12e4f3417b2a53b7028cf7797f0a803e37e0b17b48ed85425b,true,true,,metadata_decode_ok; sample_preview_failed: Couldn't find appropriate backend to handle uri C:\Users\oscar\OneDrive\Public share - Mix Eval Dataset\MixEvaluation\audio\HighBloodPressure\McG-P.mp3 and format None.
,HighBloodPressure,song_highbloodpressure,mix_de963dc6c356,McG-pro1,McG,McGill University,university_or_institution,high,,human_mix,true,false,relationship_tables,matched,C:\Users\oscar\OneDrive\Public share - Mix Eval Dataset\MixEvaluation\audio\HighBloodPressure\McG-pro1.mp3,audio/HighBloodPressure/McG-pro1.mp3,McG-pro1.mp3,.mp3,.mp3,48000,2,59.64,192000,1431936,true,unknown,,,false,false,9520feb2da090c78148c735e9471328917aec1d3e9ec7b02bf7a2007ff9744cb,true,true,,metadata_decode_ok; sample_preview_failed: Couldn't find appropriate backend to handle uri C:\Users\oscar\OneDrive\Public share - Mix Eval Dataset\MixEvaluation\audio\HighBloodPressure\McG-pro1.mp3 and format None.
,HighBloodPressure,song_highbloodpressure,mix_16b5b1914751,Mixgenius,MG,MixGenius,automated_system,high,,automated_mix,true,true,relationship_tables,matched,C:\Users\oscar\OneDrive\Public share - Mix Eval Dataset\MixEvaluation\audio\HighBloodPressure\Mixgenius.mp3,audio/HighBloodPressure/Mixgenius.mp3,Mixgenius.mp3,.mp3,.mp3,48000,2,59.64,192000,1431936,true,unknown,,,false,false,b3fad3f3d7cfaa054a57420f387ca023b31e02bcfe610f5591e69689d0ee7b25,true,true,,metadata_decode_ok; sample_preview_failed: Couldn't find appropriate backend to handle uri C:\Users\oscar\OneDrive\Public share - Mix Eval Dataset\MixEvaluation\audio\HighBloodPressure\Mixgenius.mp3 and format None.
Filthybird,I'd Like To Know,song_idliketoknow,mix_9ffcd672af17,PXL-S1,PXL,PXL University College,university_or_institution,high,,human_mix,true,false,relationship_tables,matched,C:\Users\oscar\OneDrive\Public share - Mix Eval Dataset\MixEvaluation\audio\IdLikeToKnow\PXL-S1.mp3,audio/IdLikeToKnow/PXL-S1.mp3,PXL-S1.mp3,.mp3,.mp3,48000,2,52.056,192000,1251462,true,unknown,,,false,false,9ab0cec0c60cfb220bb38a32e140a94faa06d5e68ef894eec564cf8e01437c7b,true,true,,metadata_decode_ok; sample_preview_failed: Couldn't find appropriate backend to handle uri C:\Users\oscar\OneDrive\Public share - Mix Eval Dataset\MixEvaluation\audio\IdLikeToKnow\PXL-S1.mp3 and format None.
Filthybird,I'd Like To Know,song_idliketoknow,mix_6f8b655d7999,PXL-S2,PXL,PXL University College,university_or_institution,high,,human_mix,true,false,relationship_tables,matched,C:\Users\oscar\OneDrive\Public share - Mix Eval Dataset\MixEvaluation\audio\IdLikeToKnow\PXL-S2.mp3,audio/IdLikeToKnow/PXL-S2.mp3,PXL-S2.mp3,.mp3,.mp3,48000,2,52.056,192000,1251462,true,unknown,,,false,false,9e5b2a6f52dd683bcb012262ce76299305a2c42fff2df238a9b5ef799bd9964d,true,true,,metadata_decode_ok; sample_preview_failed: Couldn't find appropriate backend to handle uri C:\Users\oscar\OneDrive\Public share - Mix Eval Dataset\MixEvaluation\audio\IdLikeToKnow\PXL-S2.mp3 and format None.
Filthybird,I'd Like To Know,song_idliketoknow,mix_65f41f41d3ab,PXL-S3,PXL,PXL University College,university_or_institution,high,,human_mix,true,false,relationship_tables,matched,C:\Users\oscar\OneDrive\Public share - Mix Eval Dataset\MixEvaluation\audio\IdLikeToKnow\PXL-S3.mp3,audio/IdLikeToKnow/PXL-S3.mp3,PXL-S3.mp3,.mp3,.mp3,48000,2,52.056,192000,1251462,true,unknown,,,false,false,2af433b601a9d2cba19dd2dd718bb5603591300cb29cadbbe92d2c6f6a391164,true,true,,metadata_decode_ok; sample_preview_failed: Couldn't find appropriate backend to handle uri C:\Users\oscar\OneDrive\Public share - Mix Eval Dataset\MixEvaluation\audio\IdLikeToKnow\PXL-S3.mp3 and format None.
Filthybird,I'd Like To Know,song_idliketoknow,mix_b05651ab273c,PXL-S4,PXL,PXL University College,university_or_institution,high,,human_mix,true,false,relationship_tables,matched,C:\Users\oscar\OneDrive\Public share - Mix Eval Dataset\MixEvaluation\audio\IdLikeToKnow\PXL-S4.mp3,audio/IdLikeToKnow/PXL-S4.mp3,PXL-S4.mp3,.mp3,.mp3,48000,2,52.056,192000,1251462,true,unknown,,,false,false,386269ae4c4f1ee55f5b2ed465b4e507f0e2e5547c5017144eb8657240fef197,true,true,,metadata_decode_ok; sample_preview_failed: Couldn't find appropriate backend to handle uri C:\Users\oscar\OneDrive\Public share - Mix Eval Dataset\MixEvaluation\audio\IdLikeToKnow\PXL-S4.mp3 and format None.
Filthybird,I'd Like To Know,song_idliketoknow,mix_82d60d7c7fc5,PXL-S5,PXL,PXL University College,university_or_institution,high,,human_mix,true,false,relationship_tables,matched,C:\Users\oscar\OneDrive\Public share - Mix Eval Dataset\MixEvaluation\audio\IdLikeToKnow\PXL-S5.mp3,audio/IdLikeToKnow/PXL-S5.mp3,PXL-S5.mp3,.mp3,.mp3,48000,2,52.056,192000,1251462,true,unknown,,,false,false,e3cf1738470a463b7d518088cfe3907c8b8d10584f203ab05d5c67c58ffbe29a,true,true,,metadata_decode_ok; sample_preview_failed: Couldn't find appropriate backend to handle uri C:\Users\oscar\OneDrive\Public share - Mix Eval Dataset\MixEvaluation\audio\IdLikeToKnow\PXL-S5.mp3 and format None.
Filthybird,I'd Like To Know,song_idliketoknow,mix_ab8babdfa183,PXL-S6,PXL,PXL University College,university_or_institution,high,,human_mix,true,false,relationship_tables,matched,C:\Users\oscar\OneDrive\Public share - Mix Eval Dataset\MixEvaluation\audio\IdLikeToKnow\PXL-S6.mp3,audio/IdLikeToKnow/PXL-S6.mp3,PXL-S6.mp3,.mp3,.mp3,48000,2,52.056,192000,1251462,true,unknown,,,false,false,34d129a8219717ba6e321bff56278cecd97f1828ae9e94489d0d52790abab416,true,true,,metadata_decode_ok; sample_preview_failed: Couldn't find appropriate backend to handle uri C:\Users\oscar\OneDrive\Public share - Mix Eval Dataset\MixEvaluation\audio\IdLikeToKnow\PXL-S6.mp3 and format None.
Filthybird,I'd Like To Know,song_idliketoknow,mix_b393d3919c78,PXL-S7,PXL,PXL University College,university_or_institution,high,,human_mix,true,false,relationship_tables,matched,C:\Users\oscar\OneDrive\Public share - Mix Eval Dataset\MixEvaluation\audio\IdLikeToKnow\PXL-S7.mp3,audio/IdLikeToKnow/PXL-S7.mp3,PXL-S7.mp3,.mp3,.mp3,48000,2,52.056,192000,1251462,true,unknown,,,false,false,6f5a612daa1f5284e95dfb4de2120dc3264abee2d9d99771712892b086dcde7a,true,true,,metadata_decode_ok; sample_preview_failed: Couldn't find appropriate backend to handle uri C:\Users\oscar\OneDrive\Public share - Mix Eval Dataset\MixEvaluation\audio\IdLikeToKnow\PXL-S7.mp3 and format None.
Fredy V,In The Meantime,song_inthemeantime,mix_302f0efe8a80,DU-H,DU,Dalarna University,university_or_institution,high,,human_mix,true,false,relationship_tables,matched,C:\Users\oscar\OneDrive\Public share - Mix Eval Dataset\MixEvaluation\audio\InTheMeantime\DU-H.mp3,audio/InTheMeantime/DU-H.mp3,DU-H.mp3,.mp3,.mp3,44100,2,74.03102,127999,1184749,true,unknown,,,false,false,5db6f7b66b0ec89d4a9e83c0151eb99a2fa3264a124d62331357275f480ca97b,true,true,,metadata_decode_ok; sample_preview_failed: Couldn't find appropriate backend to handle uri C:\Users\oscar\OneDrive\Public share - Mix Eval Dataset\MixEvaluation\audio\InTheMeantime\DU-H.mp3 and format None.
Fredy V,In The Meantime,song_inthemeantime,mix_9baa86357fd4,DU-I,DU,Dalarna University,university_or_institution,high,,human_mix,true,false,relationship_tables,matched,C:\Users\oscar\OneDrive\Public share - Mix Eval Dataset\MixEvaluation\audio\InTheMeantime\DU-I.mp3,audio/InTheMeantime/DU-I.mp3,DU-I.mp3,.mp3,.mp3,44100,2,74.03102,127999,1184749,true,unknown,,,false,false,8df0b907bf35589b6641518b752bbee14797507cf8395d9b5c68f552e1a39f1e,true,true,,metadata_decode_ok; sample_preview_failed: Couldn't find appropriate backend to handle uri C:\Users\oscar\OneDrive\Public share - Mix Eval Dataset\MixEvaluation\audio\InTheMeantime\DU-I.mp3 and format None.
Fredy V,In The Meantime,song_inthemeantime,mix_22efc79c8253,DU-J,DU,Dalarna University,university_or_institution,high,,human_mix,true,false,relationship_tables,matched,C:\Users\oscar\OneDrive\Public share - Mix Eval Dataset\MixEvaluation\audio\InTheMeantime\DU-J.mp3,audio/InTheMeantime/DU-J.mp3,DU-J.mp3,.mp3,.mp3,44100,2,74.03102,127999,1184749,true,unknown,,,false,false,a9f9ba3ef4dc579e97fd4172c83d6b2c20d9bf371fd11a7a0e80995ec5049fcc,true,true,,metadata_decode_ok; sample_preview_failed: Couldn't find appropriate backend to handle uri C:\Users\oscar\OneDrive\Public share - Mix Eval Dataset\MixEvaluation\audio\InTheMeantime\DU-J.mp3 and format None.
Fredy V,In The Meantime,song_inthemeantime,mix_56e65a3ce054,DU-K,DU,Dalarna University,university_or_institution,high,,human_mix,true,false,relationship_tables,matched,C:\Users\oscar\OneDrive\Public share - Mix Eval Dataset\MixEvaluation\audio\InTheMeantime\DU-K.mp3,audio/InTheMeantime/DU-K.mp3,DU-K.mp3,.mp3,.mp3,44100,2,74.03102,127999,1184749,true,unknown,,,false,false,c5637b5e501e56d4e3d629e5ba1e932f6a96f8b8084188a396397037cf51523c,true,true,,metadata_decode_ok; sample_preview_failed: Couldn't find appropriate backend to handle uri C:\Users\oscar\OneDrive\Public share - Mix Eval Dataset\MixEvaluation\audio\InTheMeantime\DU-K.mp3 and format None.
Fredy V,In The Meantime,song_inthemeantime,mix_561c0e17caee,DU-L,DU,Dalarna University,university_or_institution,high,,human_mix,true,false,relationship_tables,matched,C:\Users\oscar\OneDrive\Public share - Mix Eval Dataset\MixEvaluation\audio\InTheMeantime\DU-L.mp3,audio/InTheMeantime/DU-L.mp3,DU-L.mp3,.mp3,.mp3,44100,2,74.03102,127999,1184749,true,unknown,,,false,false,b4c304d8e88df59e45c4903bdb9f12621a6a5dfc47b01a6260dcead834f98344,true,true,,metadata_decode_ok; sample_preview_failed: Couldn't find appropriate backend to handle uri C:\Users\oscar\OneDrive\Public share - Mix Eval Dataset\MixEvaluation\audio\InTheMeantime\DU-L.mp3 and format None.
Fredy V,In The Meantime,song_inthemeantime,mix_6cfa655049d5,DU-M,DU,Dalarna University,university_or_institution,high,,human_mix,true,false,relationship_tables,matched,C:\Users\oscar\OneDrive\Public share - Mix Eval Dataset\MixEvaluation\audio\InTheMeantime\DU-M.mp3,audio/InTheMeantime/DU-M.mp3,DU-M.mp3,.mp3,.mp3,44100,2,74.03102,127999,1184749,true,unknown,,,false,false,04b8d083926054532b9f1dc43d71c0d299e687e0e588f2e02ad918d92fde9c4c,true,true,,metadata_decode_ok; sample_preview_failed: Couldn't find appropriate backend to handle uri C:\Users\oscar\OneDrive\Public share - Mix Eval Dataset\MixEvaluation\audio\InTheMeantime\DU-M.mp3 and format None.
Fredy V,In The Meantime,song_inthemeantime,mix_29131e66c9d7,DU-N,DU,Dalarna University,university_or_institution,high,,human_mix,true,false,relationship_tables,matched,C:\Users\oscar\OneDrive\Public share - Mix Eval Dataset\MixEvaluation\audio\InTheMeantime\DU-N.mp3,audio/InTheMeantime/DU-N.mp3,DU-N.mp3,.mp3,.mp3,44100,2,74.03102,127999,1184749,true,unknown,,,false,false,8b340daecfcdbe99fc85056c650d822836156759358160813dc0bd313922f6fb,true,true,,metadata_decode_ok; sample_preview_failed: Couldn't find appropriate backend to handle uri C:\Users\oscar\OneDrive\Public share - Mix Eval Dataset\MixEvaluation\audio\InTheMeantime\DU-N.mp3 and format None.
Fredy V,In The Meantime,song_inthemeantime,mix_8ffed8205048,McG-A,McG,McGill University,university_or_institution,high,,human_mix,true,false,relationship_tables,matched,C:\Users\oscar\OneDrive\Public share - Mix Eval Dataset\MixEvaluation\audio\InTheMeantime\McG-A.mp3,audio/InTheMeantime/McG-A.mp3,McG-A.mp3,.mp3,.mp3,48000,2,75.048,192000,1803269,true,unknown,,,false,false,e319f697dae263e17fe831dc3954e02c79cb0589d60b89938aa2377ab1f4ab06,true,true,,metadata_decode_ok; sample_preview_failed: Couldn't find appropriate backend to handle uri C:\Users\oscar\OneDrive\Public share - Mix Eval Dataset\MixEvaluation\audio\InTheMeantime\McG-A.mp3 and format None.
Fredy V,In The Meantime,song_inthemeantime,mix_5383540067d5,McG-B,McG,McGill University,university_or_institution,high,,human_mix,true,false,relationship_tables,matched,C:\Users\oscar\OneDrive\Public share - Mix Eval Dataset\MixEvaluation\audio\InTheMeantime\McG-B.mp3,audio/InTheMeantime/McG-B.mp3,McG-B.mp3,.mp3,.mp3,48000,2,75.048,192000,1803269,true,unknown,,,false,false,c1547a073a8cf4e46745b41b8fbf3afc42899ec3f5c8a1fe61a15df54704f599,true,true,,metadata_decode_ok; sample_preview_failed: Couldn't find appropriate backend to handle uri C:\Users\oscar\OneDrive\Public share - Mix Eval Dataset\MixEvaluation\audio\InTheMeantime\McG-B.mp3 and format None.
Fredy V,In The Meantime,song_inthemeantime,mix_145577f61939,McG-C,McG,McGill University,university_or_institution,high,,human_mix,true,false,relationship_tables,matched,C:\Users\oscar\OneDrive\Public share - Mix Eval Dataset\MixEvaluation\audio\InTheMeantime\McG-C.mp3,audio/InTheMeantime/McG-C.mp3,McG-C.mp3,.mp3,.mp3,48000,2,75.048,192000,1803269,true,unknown,,,false,false,08ba10d8312624ac431f51e1e4014b3a7fbfc83b5066b014b56e4b6c1aeade56,true,true,,metadata_decode_ok; sample_preview_failed: Couldn't find appropriate backend to handle uri C:\Users\oscar\OneDrive\Public share - Mix Eval Dataset\MixEvaluation\audio\InTheMeantime\McG-C.mp3 and format None.
Fredy V,In The Meantime,song_inthemeantime,mix_da9f94cae537,McG-D,McG,McGill University,university_or_institution,high,,human_mix,true,false,relationship_tables,matched,C:\Users\oscar\OneDrive\Public share - Mix Eval Dataset\MixEvaluation\audio\InTheMeantime\McG-D.mp3,audio/InTheMeantime/McG-D.mp3,McG-D.mp3,.mp3,.mp3,48000,2,75.048,192000,1803269,true,unknown,,,false,false,43f0b27d8139875a6ba3ce7ece2f687e378470e407b5d2a696126706e9a249d5,true,true,,metadata_decode_ok; sample_preview_failed: Couldn't find appropriate backend to handle uri C:\Users\oscar\OneDrive\Public share - Mix Eval Dataset\MixEvaluation\audio\InTheMeantime\McG-D.mp3 and format None.
Fredy V,In The Meantime,song_inthemeantime,mix_7a5719f17171,McG-E,McG,McGill University,university_or_institution,high,,human_mix,true,false,relationship_tables,matched,C:\Users\oscar\OneDrive\Public share - Mix Eval Dataset\MixEvaluation\audio\InTheMeantime\McG-E.mp3,audio/InTheMeantime/McG-E.mp3,McG-E.mp3,.mp3,.mp3,48000,2,75.048,192000,1803269,true,unknown,,,false,false,e8c76401896ca3511a60171214564a8331437199d74d1a1accd347a47eb516d7,true,true,,metadata_decode_ok; sample_preview_failed: Couldn't find appropriate backend to handle uri C:\Users\oscar\OneDrive\Public share - Mix Eval Dataset\MixEvaluation\audio\InTheMeantime\McG-E.mp3 and format None.
Fredy V,In The Meantime,song_inthemeantime,mix_ce153583405d,McG-F,McG,McGill University,university_or_institution,high,,human_mix,true,false,relationship_tables,matched,C:\Users\oscar\OneDrive\Public share - Mix Eval Dataset\MixEvaluation\audio\InTheMeantime\McG-F.mp3,audio/InTheMeantime/McG-F.mp3,McG-F.mp3,.mp3,.mp3,48000,2,75.048,192000,1803269,true,unknown,,,false,false,a7a7a681d1a7fd8cd73ebeb2d2f1f95d85a315680933488e01941f3df5ff5c7a,true,true,,metadata_decode_ok; sample_preview_failed: Couldn't find appropriate backend to handle uri C:\Users\oscar\OneDrive\Public share - Mix Eval Dataset\MixEvaluation\audio\InTheMeantime\McG-F.mp3 and format None.
Fredy V,In The Meantime,song_inthemeantime,mix_c45aea9558f2,McG-G,McG,McGill University,university_or_institution,high,,human_mix,true,false,relationship_tables,matched,C:\Users\oscar\OneDrive\Public share - Mix Eval Dataset\MixEvaluation\audio\InTheMeantime\McG-G.mp3,audio/InTheMeantime/McG-G.mp3,McG-G.mp3,.mp3,.mp3,48000,2,75.048,192000,1803269,true,unknown,,,false,false,0be9ea0894ac3b0ec2e8c20112039e4cf4e8eebff98efef561671239505c194b,true,true,,metadata_decode_ok; sample_preview_failed: Couldn't find appropriate backend to handle uri C:\Users\oscar\OneDrive\Public share - Mix Eval Dataset\MixEvaluation\audio\InTheMeantime\McG-G.mp3 and format None.
Fredy V,In The Meantime,song_inthemeantime,mix_96c30e75e4a7,McG-H,McG,McGill University,university_or_institution,high,,human_mix,true,false,relationship_tables,matched,C:\Users\oscar\OneDrive\Public share - Mix Eval Dataset\MixEvaluation\audio\InTheMeantime\McG-H.mp3,audio/InTheMeantime/McG-H.mp3,McG-H.mp3,.mp3,.mp3,48000,2,75.048,192000,1803269,true,unknown,,,false,false,df5fee75ce51e617f1944c49337eb571689ea05005a0af742cb1a1cb4984914c,true,true,,metadata_decode_ok; sample_preview_failed: Couldn't find appropriate backend to handle uri C:\Users\oscar\OneDrive\Public share - Mix Eval Dataset\MixEvaluation\audio\InTheMeantime\McG-H.mp3 and format None.
Fredy V,In The Meantime,song_inthemeantime,mix_027ec3f8b8f1,McG-pro,McG,McGill University,university_or_institution,high,,human_mix,true,false,relationship_tables,matched,C:\Users\oscar\OneDrive\Public share - Mix Eval Dataset\MixEvaluation\audio\InTheMeantime\McG-pro.mp3,audio/InTheMeantime/McG-pro.mp3,McG-pro.mp3,.mp3,.mp3,48000,2,75.048,192000,1803272,true,unknown,,,false,false,b5f466d5b8b7836cfb12aae851924f9de420f31ccaf35c100641366558e31976,true,true,,metadata_decode_ok; sample_preview_failed: Couldn't find appropriate backend to handle uri C:\Users\oscar\OneDrive\Public share - Mix Eval Dataset\MixEvaluation\audio\InTheMeantime\McG-pro.mp3 and format None.
Fredy V,In The Meantime,song_inthemeantime,mix_690c5c454a9f,McG-pro2,McG,McGill University,university_or_institution,high,,human_mix,true,false,relationship_tables,matched,C:\Users\oscar\OneDrive\Public share - Mix Eval Dataset\MixEvaluation\audio\InTheMeantime\McG-pro2.mp3,audio/InTheMeantime/McG-pro2.mp3,McG-pro2.mp3,.mp3,.mp3,48000,2,75.048,192000,1803272,true,unknown,,,false,false,b5f466d5b8b7836cfb12aae851924f9de420f31ccaf35c100641366558e31976,true,true,,metadata_decode_ok; sample_preview_failed: Couldn't find appropriate backend to handle uri C:\Users\oscar\OneDrive\Public share - Mix Eval Dataset\MixEvaluation\audio\InTheMeantime\McG-pro2.mp3 and format None.
Fredy V,In The Meantime,song_inthemeantime,mix_2eae3034bad8,PXL-S1,PXL,PXL University College,university_or_institution,high,,human_mix,true,false,relationship_tables,matched,C:\Users\oscar\OneDrive\Public share - Mix Eval Dataset\MixEvaluation\audio\InTheMeantime\PXL-S1.mp3,audio/InTheMeantime/PXL-S1.mp3,PXL-S1.mp3,.mp3,.mp3,44100,2,74.03102,127999,1184749,true,unknown,,,false,false,d0fe3a0e659abcb4bb0b36399ea6e39420f8b1b9416043361898ffb461d44242,true,true,,metadata_decode_ok; sample_preview_failed: Couldn't find appropriate backend to handle uri C:\Users\oscar\OneDrive\Public share - Mix Eval Dataset\MixEvaluation\audio\InTheMeantime\PXL-S1.mp3 and format None.
Fredy V,In The Meantime,song_inthemeantime,mix_2d589c003982,PXL-S2,PXL,PXL University College,university_or_institution,high,,human_mix,true,false,relationship_tables,matched,C:\Users\oscar\OneDrive\Public share - Mix Eval Dataset\MixEvaluation\audio\InTheMeantime\PXL-S2.mp3,audio/InTheMeantime/PXL-S2.mp3,PXL-S2.mp3,.mp3,.mp3,44100,2,74.03102,127999,1184749,true,unknown,,,false,false,cb694bdeb6458985cb029eca98a01de07a5d2c83af4d5019df575db1a9787d8d,true,true,,metadata_decode_ok; sample_preview_failed: Couldn't find appropriate backend to handle uri C:\Users\oscar\OneDrive\Public share - Mix Eval Dataset\MixEvaluation\audio\InTheMeantime\PXL-S2.mp3 and format None.
Fredy V,In The Meantime,song_inthemeantime,mix_8137541fd01f,PXL-S3,PXL,PXL University College,university_or_institution,high,,human_mix,true,false,relationship_tables,matched,C:\Users\oscar\OneDrive\Public share - Mix Eval Dataset\MixEvaluation\audio\InTheMeantime\PXL-S3.mp3,audio/InTheMeantime/PXL-S3.mp3,PXL-S3.mp3,.mp3,.mp3,44100,2,74.03102,127999,1184749,true,unknown,,,false,false,2a950c3c14ad886cd9d5e2523dcea69b5971da20f8122a563ee1ab4c8417f388,true,true,,metadata_decode_ok; sample_preview_failed: Couldn't find appropriate backend to handle uri C:\Users\oscar\OneDrive\Public share - Mix Eval Dataset\MixEvaluation\audio\InTheMeantime\PXL-S3.mp3 and format None.
Fredy V,In The Meantime,song_inthemeantime,mix_67624d91340a,PXL-S4,PXL,PXL University College,university_or_institution,high,,human_mix,true,false,relationship_tables,matched,C:\Users\oscar\OneDrive\Public share - Mix Eval Dataset\MixEvaluation\audio\InTheMeantime\PXL-S4.mp3,audio/InTheMeantime/PXL-S4.mp3,PXL-S4.mp3,.mp3,.mp3,44100,2,74.03102,127999,1184749,true,unknown,,,false,false,3ab859491cd86abd0e5d6daba135040ac61fbf6dc3b828be96a2d366988082d5,true,true,,metadata_decode_ok; sample_preview_failed: Couldn't find appropriate backend to handle uri C:\Users\oscar\OneDrive\Public share - Mix Eval Dataset\MixEvaluation\audio\InTheMeantime\PXL-S4.mp3 and format None.
Fredy V,In The Meantime,song_inthemeantime,mix_54ac02ce9456,PXL-S5,PXL,PXL University College,university_or_institution,high,,human_mix,true,false,relationship_tables,matched,C:\Users\oscar\OneDrive\Public share - Mix Eval Dataset\MixEvaluation\audio\InTheMeantime\PXL-S5.mp3,audio/InTheMeantime/PXL-S5.mp3,PXL-S5.mp3,.mp3,.mp3,44100,2,74.03102,127999,1184749,true,unknown,,,false,false,2a425faf7769c2634ac9303e9930d3c546edf5514799f9c3c1994375461d3a1d,true,true,,metadata_decode_ok; sample_preview_failed: Couldn't find appropriate backend to handle uri C:\Users\oscar\OneDrive\Public share - Mix Eval Dataset\MixEvaluation\audio\InTheMeantime\PXL-S5.mp3 and format None.
Fredy V,In The Meantime,song_inthemeantime,mix_f44b598b8cf8,PXL-S6,PXL,PXL University College,university_or_institution,high,,human_mix,true,false,relationship_tables,matched,C:\Users\oscar\OneDrive\Public share - Mix Eval Dataset\MixEvaluation\audio\InTheMeantime\PXL-S6.mp3,audio/InTheMeantime/PXL-S6.mp3,PXL-S6.mp3,.mp3,.mp3,44100,2,74.03102,127999,1184749,true,unknown,,,false,false,0e74d632cf18e96d515793d1e97bf97b4dc7134f39b330e383323414a5ee072a,true,true,,metadata_decode_ok; sample_preview_failed: Couldn't find appropriate backend to handle uri C:\Users\oscar\OneDrive\Public share - Mix Eval Dataset\MixEvaluation\audio\InTheMeantime\PXL-S6.mp3 and format None.
Fredy V,In The Meantime,song_inthemeantime,mix_526612c31256,PXL-S7,PXL,PXL University College,university_or_institution,high,,human_mix,true,false,relationship_tables,matched,C:\Users\oscar\OneDrive\Public share - Mix Eval Dataset\MixEvaluation\audio\InTheMeantime\PXL-S7.mp3,audio/InTheMeantime/PXL-S7.mp3,PXL-S7.mp3,.mp3,.mp3,44100,2,74.03102,127999,1184749,true,unknown,,,false,false,0235bc698dba88e75c24914bd701aeff90b66feb2181e7fffdc18c814bff5a09,true,true,,metadata_decode_ok; sample_preview_failed: Couldn't find appropriate backend to handle uri C:\Users\oscar\OneDrive\Public share - Mix Eval Dataset\MixEvaluation\audio\InTheMeantime\PXL-S7.mp3 and format None.
Fredy V,In The Meantime,song_inthemeantime,mix_13f0eed08780,QUT-A,QUT,Queensland University of Technology,university_or_institution,high,,human_mix,true,false,relationship_tables,matched,C:\Users\oscar\OneDrive\Public share - Mix Eval Dataset\MixEvaluation\audio\InTheMeantime\QUT-A.mp3,audio/InTheMeantime/QUT-A.mp3,QUT-A.mp3,.mp3,.mp3,44100,2,74.889063,256000,2396450,true,unknown,,,false,false,d2203129d45eddcfe1633fd1c6eb7124331991de28ad186304c92bae46e0c410,true,true,,metadata_decode_ok; sample_preview_failed: Couldn't find appropriate backend to handle uri C:\Users\oscar\OneDrive\Public share - Mix Eval Dataset\MixEvaluation\audio\InTheMeantime\QUT-A.mp3 and format None.
Fredy V,In The Meantime,song_inthemeantime,mix_c7bdcba64775,QUT-B,QUT,Queensland University of Technology,university_or_institution,high,,human_mix,true,false,relationship_tables,matched,C:\Users\oscar\OneDrive\Public share - Mix Eval Dataset\MixEvaluation\audio\InTheMeantime\QUT-B.mp3,audio/InTheMeantime/QUT-B.mp3,QUT-B.mp3,.mp3,.mp3,44100,2,74.889063,256000,2396450,true,unknown,,,false,false,365faee405700575a011f6d4f960c6adb9bb640a9a627343a9ca37cd59b75da0,true,true,,metadata_decode_ok; sample_preview_failed: Couldn't find appropriate backend to handle uri C:\Users\oscar\OneDrive\Public share - Mix Eval Dataset\MixEvaluation\audio\InTheMeantime\QUT-B.mp3 and format None.
Fredy V,In The Meantime,song_inthemeantime,mix_82d5489162f9,QUT-C,QUT,Queensland University of Technology,university_or_institution,high,,human_mix,true,false,relationship_tables,matched,C:\Users\oscar\OneDrive\Public share - Mix Eval Dataset\MixEvaluation\audio\InTheMeantime\QUT-C.mp3,audio/InTheMeantime/QUT-C.mp3,QUT-C.mp3,.mp3,.mp3,44100,2,74.889063,256000,2396450,true,unknown,,,false,false,6c7e55f3299d3901c9512ecbe33a6822c6fd04d0b853c4309e722a687cf30ea1,true,true,,metadata_decode_ok; sample_preview_failed: Couldn't find appropriate backend to handle uri C:\Users\oscar\OneDrive\Public share - Mix Eval Dataset\MixEvaluation\audio\InTheMeantime\QUT-C.mp3 and format None.
Fredy V,In The Meantime,song_inthemeantime,mix_a31f439e1e87,QUT-G,QUT,Queensland University of Technology,university_or_institution,high,,human_mix,true,false,relationship_tables,matched,C:\Users\oscar\OneDrive\Public share - Mix Eval Dataset\MixEvaluation\audio\InTheMeantime\QUT-G.mp3,audio/InTheMeantime/QUT-G.mp3,QUT-G.mp3,.mp3,.mp3,44100,2,74.889063,256000,2396450,true,unknown,,,false,false,4086bcb0aba58ca8c9fa23a797b0db27678b4250cd1640a66b624186c468c12b,true,true,,metadata_decode_ok; sample_preview_failed: Couldn't find appropriate backend to handle uri C:\Users\oscar\OneDrive\Public share - Mix Eval Dataset\MixEvaluation\audio\InTheMeantime\QUT-G.mp3 and format None.
Fredy V,In The Meantime,song_inthemeantime,mix_2f518e7b8633,QUT-I,QUT,Queensland University of Technology,university_or_institution,high,,human_mix,true,false,relationship_tables,matched,C:\Users\oscar\OneDrive\Public share - Mix Eval Dataset\MixEvaluation\audio\InTheMeantime\QUT-I.mp3,audio/InTheMeantime/QUT-I.mp3,QUT-I.mp3,.mp3,.mp3,44100,2,74.889063,256000,2396450,true,unknown,,,false,false,551bed9cde3dbed80cfb4488a965428259ae5d7e4a93784cca6fe2c427fdda6b,true,true,,metadata_decode_ok; sample_preview_failed: Couldn't find appropriate backend to handle uri C:\Users\oscar\OneDrive\Public share - Mix Eval Dataset\MixEvaluation\audio\InTheMeantime\QUT-I.mp3 and format None.
Fredy V,In The Meantime,song_inthemeantime,mix_8187ac605f62,QUT-J,QUT,Queensland University of Technology,university_or_institution,high,,human_mix,true,false,relationship_tables,matched,C:\Users\oscar\OneDrive\Public share - Mix Eval Dataset\MixEvaluation\audio\InTheMeantime\QUT-J.mp3,audio/InTheMeantime/QUT-J.mp3,QUT-J.mp3,.mp3,.mp3,44100,2,74.889063,256000,2396450,true,unknown,,,false,false,b249efd5ae458c09a08c9f76a437e2b08bdc45e3ef0c20f7b89b3124b319ca61,true,true,,metadata_decode_ok; sample_preview_failed: Couldn't find appropriate backend to handle uri C:\Users\oscar\OneDrive\Public share - Mix Eval Dataset\MixEvaluation\audio\InTheMeantime\QUT-J.mp3 and format None.
Fredy V,In The Meantime,song_inthemeantime,mix_cdaef40f2b94,QUT-pro,QUT,Queensland University of Technology,university_or_institution,high,,human_mix,true,false,relationship_tables,matched,C:\Users\oscar\OneDrive\Public share - Mix Eval Dataset\MixEvaluation\audio\InTheMeantime\QUT-pro.mp3,audio/InTheMeantime/QUT-pro.mp3,QUT-pro.mp3,.mp3,.mp3,44100,2,74.889063,256000,2396450,true,unknown,,,false,false,7f8018e248eb2a9514043d52095b5727897fed7736efb76425cf509687230ed5,true,true,,metadata_decode_ok; sample_preview_failed: Couldn't find appropriate backend to handle uri C:\Users\oscar\OneDrive\Public share - Mix Eval Dataset\MixEvaluation\audio\InTheMeantime\QUT-pro.mp3 and format None.
Fredy V,In The Meantime,song_inthemeantime,mix_3042da8a2eb5,UCP-A1,UCP,Universidade Católica Portuguesa,university_or_institution,high,,human_mix,true,false,relationship_tables,matched,C:\Users\oscar\OneDrive\Public share - Mix Eval Dataset\MixEvaluation\audio\InTheMeantime\UCP-A1.mp3,audio/InTheMeantime/UCP-A1.mp3,UCP-A1.mp3,.mp3,.mp3,44100,2,75.049796,127999,1201049,true,unknown,,,false,false,8fa2fc9b27f738eaee1ab104a0add985c180a30e7dfcee1ebb5b434031ed6f0d,true,true,,metadata_decode_ok; sample_preview_failed: Couldn't find appropriate backend to handle uri C:\Users\oscar\OneDrive\Public share - Mix Eval Dataset\MixEvaluation\audio\InTheMeantime\UCP-A1.mp3 and format None.
Fredy V,In The Meantime,song_inthemeantime,mix_20a1372ac49d,UCP-A2,UCP,Universidade Católica Portuguesa,university_or_institution,high,,human_mix,true,false,relationship_tables,matched,C:\Users\oscar\OneDrive\Public share - Mix Eval Dataset\MixEvaluation\audio\InTheMeantime\UCP-A2.mp3,audio/InTheMeantime/UCP-A2.mp3,UCP-A2.mp3,.mp3,.mp3,44100,2,75.049796,127999,1201049,true,unknown,,,false,false,a74b14055cbeb1805fe7730474002f306fab3c2a551a316213d7b4f36737543a,true,true,,metadata_decode_ok; sample_preview_failed: Couldn't find appropriate backend to handle uri C:\Users\oscar\OneDrive\Public share - Mix Eval Dataset\MixEvaluation\audio\InTheMeantime\UCP-A2.mp3 and format None.
Fredy V,In The Meantime,song_inthemeantime,mix_d58db5dccea3,UCP-A3,UCP,Universidade Católica Portuguesa,university_or_institution,high,,human_mix,true,false,relationship_tables,matched,C:\Users\oscar\OneDrive\Public share - Mix Eval Dataset\MixEvaluation\audio\InTheMeantime\UCP-A3.mp3,audio/InTheMeantime/UCP-A3.mp3,UCP-A3.mp3,.mp3,.mp3,44100,2,75.049796,127999,1201049,true,unknown,,,false,false,d72a9fa5d9093c0d30745a0dd7b8d80c3b94950e61f2c6852a60b1d55d31d70f,true,true,,metadata_decode_ok; sample_preview_failed: Couldn't find appropriate backend to handle uri C:\Users\oscar\OneDrive\Public share - Mix Eval Dataset\MixEvaluation\audio\InTheMeantime\UCP-A3.mp3 and format None.
Fredy V,In The Meantime,song_inthemeantime,mix_efdedc0a36e7,UCP-A4,UCP,Universidade Católica Portuguesa,university_or_institution,high,,human_mix,true,false,relationship_tables,matched,C:\Users\oscar\OneDrive\Public share - Mix Eval Dataset\MixEvaluation\audio\InTheMeantime\UCP-A4.mp3,audio/InTheMeantime/UCP-A4.mp3,UCP-A4.mp3,.mp3,.mp3,44100,2,75.049796,127999,1201049,true,unknown,,,false,false,3a5ba10b40328997d379bfccb0074488a5285c13167641cfeca393b8f9cf44f6,true,true,,metadata_decode_ok; sample_preview_failed: Couldn't find appropriate backend to handle uri C:\Users\oscar\OneDrive\Public share - Mix Eval Dataset\MixEvaluation\audio\InTheMeantime\UCP-A4.mp3 and format None.
Fredy V,In The Meantime,song_inthemeantime,mix_e858d5cf22ea,UCP-A5,UCP,Universidade Católica Portuguesa,university_or_institution,high,,human_mix,true,false,relationship_tables,matched,C:\Users\oscar\OneDrive\Public share - Mix Eval Dataset\MixEvaluation\audio\InTheMeantime\UCP-A5.mp3,audio/InTheMeantime/UCP-A5.mp3,UCP-A5.mp3,.mp3,.mp3,44100,2,75.049796,127999,1201049,true,unknown,,,false,false,253ce3ab15c9c753cd80cf0ebb89c8dc873b0add198d28bfb7cf69abef2b9176,true,true,,metadata_decode_ok; sample_preview_failed: Couldn't find appropriate backend to handle uri C:\Users\oscar\OneDrive\Public share - Mix Eval Dataset\MixEvaluation\audio\InTheMeantime\UCP-A5.mp3 and format None.
The DoneFors,Lead Me,song_leadme,mix_b5102e72a550,CNS-5,CNS,Conservatoire National Supérieur de Musique et de Danse de Paris,university_or_institution,high,,human_mix,true,false,relationship_tables,matched,C:\Users\oscar\OneDrive\Public share - Mix Eval Dataset\MixEvaluation\audio\LeadMe\CNS-5.mp3,audio/LeadMe/CNS-5.mp3,CNS-5.mp3,.mp3,.mp3,44100,2,79.925156,256000,2557605,true,unknown,,,false,false,fbd3fd906e9f4b200cf7512699fa21e7681b8b61fc48a0f78f56bb7d18f0cfca,true,true,,metadata_decode_ok; sample_preview_failed: Couldn't find appropriate backend to handle uri C:\Users\oscar\OneDrive\Public share - Mix Eval Dataset\MixEvaluation\audio\LeadMe\CNS-5.mp3 and format None.
The DoneFors,Lead Me,song_leadme,mix_8617440e42f5,CNS-A,CNS,Conservatoire National Supérieur de Musique et de Danse de Paris,university_or_institution,high,,human_mix,true,false,relationship_tables,matched,C:\Users\oscar\OneDrive\Public share - Mix Eval Dataset\MixEvaluation\audio\LeadMe\CNS-A.mp3,audio/LeadMe/CNS-A.mp3,CNS-A.mp3,.mp3,.mp3,44100,2,79.925156,256000,2557605,true,unknown,,,false,false,5f00bf8745def13810fa5461bf4c24dc11e45b0f918ff8bc618ce033ec62d9ce,true,true,,metadata_decode_ok; sample_preview_failed: Couldn't find appropriate backend to handle uri C:\Users\oscar\OneDrive\Public share - Mix Eval Dataset\MixEvaluation\audio\LeadMe\CNS-A.mp3 and format None.
The DoneFors,Lead Me,song_leadme,mix_7734100f29f3,CNS-B,CNS,Conservatoire National Supérieur de Musique et de Danse de Paris,university_or_institution,high,,human_mix,true,false,relationship_tables,matched,C:\Users\oscar\OneDrive\Public share - Mix Eval Dataset\MixEvaluation\audio\LeadMe\CNS-B.mp3,audio/LeadMe/CNS-B.mp3,CNS-B.mp3,.mp3,.mp3,44100,2,79.925156,256000,2557605,true,unknown,,,false,false,77d6299c5034738959c22e327eacfc57afde1b7aeb257946cce4f1c657b7d454,true,true,,metadata_decode_ok; sample_preview_failed: Couldn't find appropriate backend to handle uri C:\Users\oscar\OneDrive\Public share - Mix Eval Dataset\MixEvaluation\audio\LeadMe\CNS-B.mp3 and format None.
The DoneFors,Lead Me,song_leadme,mix_824f6c7e53d0,CNS-C,CNS,Conservatoire National Supérieur de Musique et de Danse de Paris,university_or_institution,high,,human_mix,true,false,relationship_tables,matched,C:\Users\oscar\OneDrive\Public share - Mix Eval Dataset\MixEvaluation\audio\LeadMe\CNS-C.mp3,audio/LeadMe/CNS-C.mp3,CNS-C.mp3,.mp3,.mp3,44100,2,79.925156,256000,2557605,true,unknown,,,false,false,12a978d2b92fcc049e0452594d74635d6ec7fc06dc483cab6646f7e3b9e73fad,true,true,,metadata_decode_ok; sample_preview_failed: Couldn't find appropriate backend to handle uri C:\Users\oscar\OneDrive\Public share - Mix Eval Dataset\MixEvaluation\audio\LeadMe\CNS-C.mp3 and format None.
The DoneFors,Lead Me,song_leadme,mix_e81c71fd1462,CNS-D,CNS,Conservatoire National Supérieur de Musique et de Danse de Paris,university_or_institution,high,,human_mix,true,false,relationship_tables,matched,C:\Users\oscar\OneDrive\Public share - Mix Eval Dataset\MixEvaluation\audio\LeadMe\CNS-D.mp3,audio/LeadMe/CNS-D.mp3,CNS-D.mp3,.mp3,.mp3,44100,2,79.925156,256000,2557605,true,unknown,,,false,false,def6a110c126931bbe72263a3e058c585c108153f7b438d5ae0b7285cd7d18d2,true,true,,metadata_decode_ok; sample_preview_failed: Couldn't find appropriate backend to handle uri C:\Users\oscar\OneDrive\Public share - Mix Eval Dataset\MixEvaluation\audio\LeadMe\CNS-D.mp3 and format None.
The DoneFors,Lead Me,song_leadme,mix_8f1477339518,DU-A,DU,Dalarna University,university_or_institution,high,,human_mix,true,false,relationship_tables,matched,C:\Users\oscar\OneDrive\Public share - Mix Eval Dataset\MixEvaluation\audio\LeadMe\DU-A.mp3,audio/LeadMe/DU-A.mp3,DU-A.mp3,.mp3,.mp3,44100,2,80.039184,127999,1280879,true,unknown,,,false,false,69fe1376f9fb81b6ffcbb57b51c523c1f8ae8a3b9ec7e551b081d7bff1c141cb,true,true,,metadata_decode_ok; sample_preview_failed: Couldn't find appropriate backend to handle uri C:\Users\oscar\OneDrive\Public share - Mix Eval Dataset\MixEvaluation\audio\LeadMe\DU-A.mp3 and format None.
The DoneFors,Lead Me,song_leadme,mix_7cdfb2503e88,DU-B,DU,Dalarna University,university_or_institution,high,,human_mix,true,false,relationship_tables,matched,C:\Users\oscar\OneDrive\Public share - Mix Eval Dataset\MixEvaluation\audio\LeadMe\DU-B.mp3,audio/LeadMe/DU-B.mp3,DU-B.mp3,.mp3,.mp3,44100,2,80.039184,127999,1280879,true,unknown,,,false,false,79bab7e7ae2e7aa60f405ce390829029602957526ee7504465de025ed208595f,true,true,,metadata_decode_ok; sample_preview_failed: Couldn't find appropriate backend to handle uri C:\Users\oscar\OneDrive\Public share - Mix Eval Dataset\MixEvaluation\audio\LeadMe\DU-B.mp3 and format None.
The DoneFors,Lead Me,song_leadme,mix_a321c1267965,DU-C,DU,Dalarna University,university_or_institution,high,,human_mix,true,false,relationship_tables,matched,C:\Users\oscar\OneDrive\Public share - Mix Eval Dataset\MixEvaluation\audio\LeadMe\DU-C.mp3,audio/LeadMe/DU-C.mp3,DU-C.mp3,.mp3,.mp3,44100,2,80.039184,127999,1280879,true,unknown,,,false,false,07a3563694a383402a85fe09c0bbaf6892b121962de81d236298cea81249f955,true,true,,metadata_decode_ok; sample_preview_failed: Couldn't find appropriate backend to handle uri C:\Users\oscar\OneDrive\Public share - Mix Eval Dataset\MixEvaluation\audio\LeadMe\DU-C.mp3 and format None.
The DoneFors,Lead Me,song_leadme,mix_f1f7973e5bac,DU-D,DU,Dalarna University,university_or_institution,high,,human_mix,true,false,relationship_tables,matched,C:\Users\oscar\OneDrive\Public share - Mix Eval Dataset\MixEvaluation\audio\LeadMe\DU-D.mp3,audio/LeadMe/DU-D.mp3,DU-D.mp3,.mp3,.mp3,44100,2,80.039184,127999,1280879,true,unknown,,,false,false,9945dc3b7c594106137b9ea9566902e8215c8c6d800dce3ecb09acd4f9837e9e,true,true,,metadata_decode_ok; sample_preview_failed: Couldn't find appropriate backend to handle uri C:\Users\oscar\OneDrive\Public share - Mix Eval Dataset\MixEvaluation\audio\LeadMe\DU-D.mp3 and format None.
The DoneFors,Lead Me,song_leadme,mix_271852ba8676,DU-E,DU,Dalarna University,university_or_institution,high,,human_mix,true,false,relationship_tables,matched,C:\Users\oscar\OneDrive\Public share - Mix Eval Dataset\MixEvaluation\audio\LeadMe\DU-E.mp3,audio/LeadMe/DU-E.mp3,DU-E.mp3,.mp3,.mp3,44100,2,80.039184,127999,1280879,true,unknown,,,false,false,95d7cd4ec1903fdf1e1ecfe0fa67796518ff63357c4578c2e0875986ae5d8395,true,true,,metadata_decode_ok; sample_preview_failed: Couldn't find appropriate backend to handle uri C:\Users\oscar\OneDrive\Public share - Mix Eval Dataset\MixEvaluation\audio\LeadMe\DU-E.mp3 and format None.
The DoneFors,Lead Me,song_leadme,mix_3a41a8db47bc,DU-F,DU,Dalarna University,university_or_institution,high,,human_mix,true,false,relationship_tables,matched,C:\Users\oscar\OneDrive\Public share - Mix Eval Dataset\MixEvaluation\audio\LeadMe\DU-F.mp3,audio/LeadMe/DU-F.mp3,DU-F.mp3,.mp3,.mp3,44100,2,80.039184,127999,1280879,true,unknown,,,false,false,5eaf7f0951cd1e6b1f040b89a19ebde6cfdca4115bbda224ebd50660f31b8c0a,true,true,,metadata_decode_ok; sample_preview_failed: Couldn't find appropriate backend to handle uri C:\Users\oscar\OneDrive\Public share - Mix Eval Dataset\MixEvaluation\audio\LeadMe\DU-F.mp3 and format None.
The DoneFors,Lead Me,song_leadme,mix_f5d86db961c3,DU-G,DU,Dalarna University,university_or_institution,high,,human_mix,true,false,relationship_tables,matched,C:\Users\oscar\OneDrive\Public share - Mix Eval Dataset\MixEvaluation\audio\LeadMe\DU-G.mp3,audio/LeadMe/DU-G.mp3,DU-G.mp3,.mp3,.mp3,44100,2,80.039184,127999,1280879,true,unknown,,,false,false,c23b030f2534f7c1a88a6097a56044c5e8caa6f512777c226e3cfc76ea3a4b92,true,true,,metadata_decode_ok; sample_preview_failed: Couldn't find appropriate backend to handle uri C:\Users\oscar\OneDrive\Public share - Mix Eval Dataset\MixEvaluation\audio\LeadMe\DU-G.mp3 and format None.
The DoneFors,Lead Me,song_leadme,mix_9346b5d4ade2,McG-A,McG,McGill University,university_or_institution,high,,human_mix,true,false,relationship_tables,matched,C:\Users\oscar\OneDrive\Public share - Mix Eval Dataset\MixEvaluation\audio\LeadMe\McG-A.mp3,audio/LeadMe/McG-A.mp3,McG-A.mp3,.mp3,.mp3,48000,2,80.064,192000,1923653,true,unknown,,,false,false,71b7ff582c8e33f9323c378d5862c0bad626061e8a63196eeda32c1a76d3de13,true,true,,metadata_decode_ok; sample_preview_failed: Couldn't find appropriate backend to handle uri C:\Users\oscar\OneDrive\Public share - Mix Eval Dataset\MixEvaluation\audio\LeadMe\McG-A.mp3 and format None.
The DoneFors,Lead Me,song_leadme,mix_5aa762fa5def,McG-B,McG,McGill University,university_or_institution,high,,human_mix,true,false,relationship_tables,matched,C:\Users\oscar\OneDrive\Public share - Mix Eval Dataset\MixEvaluation\audio\LeadMe\McG-B.mp3,audio/LeadMe/McG-B.mp3,McG-B.mp3,.mp3,.mp3,48000,2,80.064,192000,1923653,true,unknown,,,false,false,1ab96941714a46efac9273e24908aefdf398538974cab11436a484cdc3d01a20,true,true,,metadata_decode_ok; sample_preview_failed: Couldn't find appropriate backend to handle uri C:\Users\oscar\OneDrive\Public share - Mix Eval Dataset\MixEvaluation\audio\LeadMe\McG-B.mp3 and format None.
The DoneFors,Lead Me,song_leadme,mix_7b5a2d66116b,McG-C,McG,McGill University,university_or_institution,high,,human_mix,true,false,relationship_tables,matched,C:\Users\oscar\OneDrive\Public share - Mix Eval Dataset\MixEvaluation\audio\LeadMe\McG-C.mp3,audio/LeadMe/McG-C.mp3,McG-C.mp3,.mp3,.mp3,48000,2,80.064,192000,1923653,true,unknown,,,false,false,328f5f205b3de6feaec05d1a9d0f0d7604a8f269c8e228c10cf8e98a115fc79b,true,true,,metadata_decode_ok; sample_preview_failed: Couldn't find appropriate backend to handle uri C:\Users\oscar\OneDrive\Public share - Mix Eval Dataset\MixEvaluation\audio\LeadMe\McG-C.mp3 and format None.
The DoneFors,Lead Me,song_leadme,mix_4181778a6cfd,McG-D,McG,McGill University,university_or_institution,high,,human_mix,true,false,relationship_tables,matched,C:\Users\oscar\OneDrive\Public share - Mix Eval Dataset\MixEvaluation\audio\LeadMe\McG-D.mp3,audio/LeadMe/McG-D.mp3,McG-D.mp3,.mp3,.mp3,48000,2,80.064,192000,1923653,true,unknown,,,false,false,f30e7355f332b554b075438783ae88081df57c15a9afd1b56073001f65133c42,true,true,,metadata_decode_ok; sample_preview_failed: Couldn't find appropriate backend to handle uri C:\Users\oscar\OneDrive\Public share - Mix Eval Dataset\MixEvaluation\audio\LeadMe\McG-D.mp3 and format None.
The DoneFors,Lead Me,song_leadme,mix_28932c4bb152,McG-E,McG,McGill University,university_or_institution,high,,human_mix,true,false,relationship_tables,matched,C:\Users\oscar\OneDrive\Public share - Mix Eval Dataset\MixEvaluation\audio\LeadMe\McG-E.mp3,audio/LeadMe/McG-E.mp3,McG-E.mp3,.mp3,.mp3,48000,2,80.064,192000,1923653,true,unknown,,,false,false,c68dbb6e7a8686175fd1e47d7edb6f8835e2cf04d743c899df2c1825e006f826,true,true,,metadata_decode_ok; sample_preview_failed: Couldn't find appropriate backend to handle uri C:\Users\oscar\OneDrive\Public share - Mix Eval Dataset\MixEvaluation\audio\LeadMe\McG-E.mp3 and format None.
The DoneFors,Lead Me,song_leadme,mix_e245880b329a,McG-F,McG,McGill University,university_or_institution,high,,human_mix,true,false,relationship_tables,matched,C:\Users\oscar\OneDrive\Public share - Mix Eval Dataset\MixEvaluation\audio\LeadMe\McG-F.mp3,audio/LeadMe/McG-F.mp3,McG-F.mp3,.mp3,.mp3,48000,2,80.064,192000,1923653,true,unknown,,,false,false,9df5a507c4f1ba67ec51db6a8f22feda91348b6e4d00860f7d1b2df90a6935f7,true,true,,metadata_decode_ok; sample_preview_failed: Couldn't find appropriate backend to handle uri C:\Users\oscar\OneDrive\Public share - Mix Eval Dataset\MixEvaluation\audio\LeadMe\McG-F.mp3 and format None.
The DoneFors,Lead Me,song_leadme,mix_e0abc393175b,McG-G,McG,McGill University,university_or_institution,high,,human_mix,true,false,relationship_tables,matched,C:\Users\oscar\OneDrive\Public share - Mix Eval Dataset\MixEvaluation\audio\LeadMe\McG-G.mp3,audio/LeadMe/McG-G.mp3,McG-G.mp3,.mp3,.mp3,48000,2,80.064,192000,1923653,true,unknown,,,false,false,9cc552661f7bbc26f153ba9be827eae3d2561d605537b343ce0f8667a5a2c065,true,true,,metadata_decode_ok; sample_preview_failed: Couldn't find appropriate backend to handle uri C:\Users\oscar\OneDrive\Public share - Mix Eval Dataset\MixEvaluation\audio\LeadMe\McG-G.mp3 and format None.
The DoneFors,Lead Me,song_leadme,mix_427e3b105a59,McG-H,McG,McGill University,university_or_institution,high,,human_mix,true,false,relationship_tables,matched,C:\Users\oscar\OneDrive\Public share - Mix Eval Dataset\MixEvaluation\audio\LeadMe\McG-H.mp3,audio/LeadMe/McG-H.mp3,McG-H.mp3,.mp3,.mp3,48000,2,80.064,192000,1923653,true,unknown,,,false,false,8732f0fb68d158543b7af80498a2dd50993363368ec84241bd340f5c75d4cbd8,true,true,,metadata_decode_ok; sample_preview_failed: Couldn't find appropriate backend to handle uri C:\Users\oscar\OneDrive\Public share - Mix Eval Dataset\MixEvaluation\audio\LeadMe\McG-H.mp3 and format None.
The DoneFors,Lead Me,song_leadme,mix_fa064711a381,McG-pro,McG,McGill University,university_or_institution,high,,human_mix,true,false,relationship_tables,matched,C:\Users\oscar\OneDrive\Public share - Mix Eval Dataset\MixEvaluation\audio\LeadMe\McG-pro.mp3,audio/LeadMe/McG-pro.mp3,McG-pro.mp3,.mp3,.mp3,48000,2,80.064,192000,1923656,true,unknown,,,false,false,2a6438336f0e13de8abf419e252f1ba8887140d906633a722962af2fe78b456b,true,true,,metadata_decode_ok; sample_preview_failed: Couldn't find appropriate backend to handle uri C:\Users\oscar\OneDrive\Public share - Mix Eval Dataset\MixEvaluation\audio\LeadMe\McG-pro.mp3 and format None.
The DoneFors,Lead Me,song_leadme,mix_d3e3580b6e30,McG-pro2,McG,McGill University,university_or_institution,high,,human_mix,true,false,relationship_tables,matched,C:\Users\oscar\OneDrive\Public share - Mix Eval Dataset\MixEvaluation\audio\LeadMe\McG-pro2.mp3,audio/LeadMe/McG-pro2.mp3,McG-pro2.mp3,.mp3,.mp3,48000,2,80.064,192000,1923656,true,unknown,,,false,false,2a6438336f0e13de8abf419e252f1ba8887140d906633a722962af2fe78b456b,true,true,,metadata_decode_ok; sample_preview_failed: Couldn't find appropriate backend to handle uri C:\Users\oscar\OneDrive\Public share - Mix Eval Dataset\MixEvaluation\audio\LeadMe\McG-pro2.mp3 and format None.
The DoneFors,Lead Me,song_leadme,mix_d5b28dfc8a93,PXL-L1,PXL,PXL University College,university_or_institution,high,,human_mix,true,false,relationship_tables,matched,C:\Users\oscar\OneDrive\Public share - Mix Eval Dataset\MixEvaluation\audio\LeadMe\PXL-L1.mp3,audio/LeadMe/PXL-L1.mp3,PXL-L1.mp3,.mp3,.mp3,44100,2,80.039184,127999,1280879,true,unknown,,,false,false,325bfab339140d59a746f0f9db15dad4ec68391f35adc96373dcab20033226c9,true,true,,metadata_decode_ok; sample_preview_failed: Couldn't find appropriate backend to handle uri C:\Users\oscar\OneDrive\Public share - Mix Eval Dataset\MixEvaluation\audio\LeadMe\PXL-L1.mp3 and format None.
The DoneFors,Lead Me,song_leadme,mix_92e2bdebe300,PXL-L2,PXL,PXL University College,university_or_institution,high,,human_mix,true,false,relationship_tables,matched,C:\Users\oscar\OneDrive\Public share - Mix Eval Dataset\MixEvaluation\audio\LeadMe\PXL-L2.mp3,audio/LeadMe/PXL-L2.mp3,PXL-L2.mp3,.mp3,.mp3,44100,2,80.039184,127999,1280879,true,unknown,,,false,false,90cf88c8ec08bbbce1978478a1c617c55713e98f0bd142006ef6770cc260f352,true,true,,metadata_decode_ok; sample_preview_failed: Couldn't find appropriate backend to handle uri C:\Users\oscar\OneDrive\Public share - Mix Eval Dataset\MixEvaluation\audio\LeadMe\PXL-L2.mp3 and format None.
The DoneFors,Lead Me,song_leadme,mix_3bc79ea82599,PXL-L3,PXL,PXL University College,university_or_institution,high,,human_mix,true,false,relationship_tables,matched,C:\Users\oscar\OneDrive\Public share - Mix Eval Dataset\MixEvaluation\audio\LeadMe\PXL-L3.mp3,audio/LeadMe/PXL-L3.mp3,PXL-L3.mp3,.mp3,.mp3,44100,2,80.039184,127999,1280879,true,unknown,,,false,false,f6d948106402c0faec596c3e27e444306d73a894e2317be35f7922a5456d3dc0,true,true,,metadata_decode_ok; sample_preview_failed: Couldn't find appropriate backend to handle uri C:\Users\oscar\OneDrive\Public share - Mix Eval Dataset\MixEvaluation\audio\LeadMe\PXL-L3.mp3 and format None.
The DoneFors,Lead Me,song_leadme,mix_c7d9a071ba25,PXL-L4,PXL,PXL University College,university_or_institution,high,,human_mix,true,false,relationship_tables,matched,C:\Users\oscar\OneDrive\Public share - Mix Eval Dataset\MixEvaluation\audio\LeadMe\PXL-L4.mp3,audio/LeadMe/PXL-L4.mp3,PXL-L4.mp3,.mp3,.mp3,44100,2,80.039184,127999,1280879,true,unknown,,,false,false,d6166b826c43fae0b49d3ea83c8cddaaeb4850dee5ddd37db066149b6bf4f8b4,true,true,,metadata_decode_ok; sample_preview_failed: Couldn't find appropriate backend to handle uri C:\Users\oscar\OneDrive\Public share - Mix Eval Dataset\MixEvaluation\audio\LeadMe\PXL-L4.mp3 and format None.
The DoneFors,Lead Me,song_leadme,mix_5e09465de0ed,QUT-D,QUT,Queensland University of Technology,university_or_institution,high,,human_mix,true,false,relationship_tables,matched,C:\Users\oscar\OneDrive\Public share - Mix Eval Dataset\MixEvaluation\audio\LeadMe\QUT-D.mp3,audio/LeadMe/QUT-D.mp3,QUT-D.mp3,.mp3,.mp3,44100,2,80.473125,256000,2575140,true,unknown,,,false,false,499dbff9dc72f468c89b8fb178be3d3820106e18a59d548d247606762c3d3ec6,true,true,,metadata_decode_ok; sample_preview_failed: Couldn't find appropriate backend to handle uri C:\Users\oscar\OneDrive\Public share - Mix Eval Dataset\MixEvaluation\audio\LeadMe\QUT-D.mp3 and format None.
The DoneFors,Lead Me,song_leadme,mix_345e90b3c215,QUT-E,QUT,Queensland University of Technology,university_or_institution,high,,human_mix,true,false,relationship_tables,matched,C:\Users\oscar\OneDrive\Public share - Mix Eval Dataset\MixEvaluation\audio\LeadMe\QUT-E.mp3,audio/LeadMe/QUT-E.mp3,QUT-E.mp3,.mp3,.mp3,44100,2,80.473125,256000,2575140,true,unknown,,,false,false,487619de930dbf8a737df6ba22ca2f4d5200d46fb2abb861c4593737b0936207,true,true,,metadata_decode_ok; sample_preview_failed: Couldn't find appropriate backend to handle uri C:\Users\oscar\OneDrive\Public share - Mix Eval Dataset\MixEvaluation\audio\LeadMe\QUT-E.mp3 and format None.
The DoneFors,Lead Me,song_leadme,mix_4e2cf7c970a8,QUT-F,QUT,Queensland University of Technology,university_or_institution,high,,human_mix,true,false,relationship_tables,matched,C:\Users\oscar\OneDrive\Public share - Mix Eval Dataset\MixEvaluation\audio\LeadMe\QUT-F.mp3,audio/LeadMe/QUT-F.mp3,QUT-F.mp3,.mp3,.mp3,44100,2,80.447031,256000,2574305,true,unknown,,,false,false,b074700cb8d800712458972de7a379f242b485a235b5984887a77a4b4666584f,true,true,,metadata_decode_ok; sample_preview_failed: Couldn't find appropriate backend to handle uri C:\Users\oscar\OneDrive\Public share - Mix Eval Dataset\MixEvaluation\audio\LeadMe\QUT-F.mp3 and format None.
The DoneFors,Lead Me,song_leadme,mix_542ca972e5f6,QUT-H,QUT,Queensland University of Technology,university_or_institution,high,,human_mix,true,false,relationship_tables,matched,C:\Users\oscar\OneDrive\Public share - Mix Eval Dataset\MixEvaluation\audio\LeadMe\QUT-H.mp3,audio/LeadMe/QUT-H.mp3,QUT-H.mp3,.mp3,.mp3,44100,2,80.473125,256000,2575140,true,unknown,,,false,false,bb1755584af96226f768556073c93313ba2191c39e8372606ee7f41c16638c88,true,true,,metadata_decode_ok; sample_preview_failed: Couldn't find appropriate backend to handle uri C:\Users\oscar\OneDrive\Public share - Mix Eval Dataset\MixEvaluation\audio\LeadMe\QUT-H.mp3 and format None.
The DoneFors,Lead Me,song_leadme,mix_d2cf329ea054,QUT-pro,QUT,Queensland University of Technology,university_or_institution,high,,human_mix,true,false,relationship_tables,matched,C:\Users\oscar\OneDrive\Public share - Mix Eval Dataset\MixEvaluation\audio\LeadMe\QUT-pro.mp3,audio/LeadMe/QUT-pro.mp3,QUT-pro.mp3,.mp3,.mp3,44100,2,80.447031,256000,2574305,true,unknown,,,false,false,ba6ef13f7cbf030d6b0f4090dce20c230a370660b5d39b893b110c3a4fa4266b,true,true,,metadata_decode_ok; sample_preview_failed: Couldn't find appropriate backend to handle uri C:\Users\oscar\OneDrive\Public share - Mix Eval Dataset\MixEvaluation\audio\LeadMe\QUT-pro.mp3 and format None.
The DoneFors,Lead Me,song_leadme,mix_d2a4240adfd8,UCP-A1,UCP,Universidade Católica Portuguesa,university_or_institution,high,,human_mix,true,false,relationship_tables,matched,C:\Users\oscar\OneDrive\Public share - Mix Eval Dataset\MixEvaluation\audio\LeadMe\UCP-A1.mp3,audio/LeadMe/UCP-A1.mp3,UCP-A1.mp3,.mp3,.mp3,44100,2,81.031837,127999,1296762,true,unknown,,,false,false,fd7d36876fe0168959414893db939de55144a4906df0a79d18830842cbf3d694,true,true,,metadata_decode_ok; sample_preview_failed: Couldn't find appropriate backend to handle uri C:\Users\oscar\OneDrive\Public share - Mix Eval Dataset\MixEvaluation\audio\LeadMe\UCP-A1.mp3 and format None.
The DoneFors,Lead Me,song_leadme,mix_a5df7e0b4222,UCP-A2,UCP,Universidade Católica Portuguesa,university_or_institution,high,,human_mix,true,false,relationship_tables,matched,C:\Users\oscar\OneDrive\Public share - Mix Eval Dataset\MixEvaluation\audio\LeadMe\UCP-A2.mp3,audio/LeadMe/UCP-A2.mp3,UCP-A2.mp3,.mp3,.mp3,44100,2,81.031837,127999,1296762,true,unknown,,,false,false,5ec79872b9d9b5ce068e482d6aa12393dfab012150f9fedc39ba889add345afe,true,true,,metadata_decode_ok; sample_preview_failed: Couldn't find appropriate backend to handle uri C:\Users\oscar\OneDrive\Public share - Mix Eval Dataset\MixEvaluation\audio\LeadMe\UCP-A2.mp3 and format None.
The DoneFors,Lead Me,song_leadme,mix_06852a8a8947,UCP-A3,UCP,Universidade Católica Portuguesa,university_or_institution,high,,human_mix,true,false,relationship_tables,matched,C:\Users\oscar\OneDrive\Public share - Mix Eval Dataset\MixEvaluation\audio\LeadMe\UCP-A3.mp3,audio/LeadMe/UCP-A3.mp3,UCP-A3.mp3,.mp3,.mp3,44100,2,81.031837,127999,1296762,true,unknown,,,false,false,9bc9250dde67a6514b3d215daf60c300048337a9d5b152645c22cf5f41b663ce,true,true,,metadata_decode_ok; sample_preview_failed: Couldn't find appropriate backend to handle uri C:\Users\oscar\OneDrive\Public share - Mix Eval Dataset\MixEvaluation\audio\LeadMe\UCP-A3.mp3 and format None.
The DoneFors,Lead Me,song_leadme,mix_5d42d0f1628e,UCP-A4,UCP,Universidade Católica Portuguesa,university_or_institution,high,,human_mix,true,false,relationship_tables,matched,C:\Users\oscar\OneDrive\Public share - Mix Eval Dataset\MixEvaluation\audio\LeadMe\UCP-A4.mp3,audio/LeadMe/UCP-A4.mp3,UCP-A4.mp3,.mp3,.mp3,44100,2,81.031837,127999,1296762,true,unknown,,,false,false,6e000904cd75834a5fd85e7b353d4e0c77818100006a66802364c31b8645d418,true,true,,metadata_decode_ok; sample_preview_failed: Couldn't find appropriate backend to handle uri C:\Users\oscar\OneDrive\Public share - Mix Eval Dataset\MixEvaluation\audio\LeadMe\UCP-A4.mp3 and format None.
The DoneFors,Lead Me,song_leadme,mix_0255886c8875,UCP-A5,UCP,Universidade Católica Portuguesa,university_or_institution,high,,human_mix,true,false,relationship_tables,matched,C:\Users\oscar\OneDrive\Public share - Mix Eval Dataset\MixEvaluation\audio\LeadMe\UCP-A5.mp3,audio/LeadMe/UCP-A5.mp3,UCP-A5.mp3,.mp3,.mp3,44100,2,81.031837,127999,1296762,true,unknown,,,false,false,3277bbcb3c67ebd5eaf01e9ebb8d05a4ffaa395af075115163210ea336d02dc9,true,true,,metadata_decode_ok; sample_preview_failed: Couldn't find appropriate backend to handle uri C:\Users\oscar\OneDrive\Public share - Mix Eval Dataset\MixEvaluation\audio\LeadMe\UCP-A5.mp3 and format None.
Purling Hiss,Lolita,song_lolita,mix_917a9d988f80,UCP-A1,UCP,Universidade Católica Portuguesa,university_or_institution,high,,human_mix,true,false,relationship_tables,matched,C:\Users\oscar\OneDrive\Public share - Mix Eval Dataset\MixEvaluation\audio\Lolita\UCP-A1.mp3,audio/Lolita/UCP-A1.mp3,UCP-A1.mp3,.mp3,.mp3,48000,2,61.032,127999,976749,true,unknown,,,false,false,c6d127c2d60c381243198258e1d05e3d583bb9bb40bd0725966084ae883a9b8b,true,true,,metadata_decode_ok; sample_preview_failed: Couldn't find appropriate backend to handle uri C:\Users\oscar\OneDrive\Public share - Mix Eval Dataset\MixEvaluation\audio\Lolita\UCP-A1.mp3 and format None.
Purling Hiss,Lolita,song_lolita,mix_8ce81af59460,UCP-A2,UCP,Universidade Católica Portuguesa,university_or_institution,high,,human_mix,true,false,relationship_tables,matched,C:\Users\oscar\OneDrive\Public share - Mix Eval Dataset\MixEvaluation\audio\Lolita\UCP-A2.mp3,audio/Lolita/UCP-A2.mp3,UCP-A2.mp3,.mp3,.mp3,48000,2,61.032,127999,976749,true,unknown,,,false,false,3086c191d52b68030c7be043691558b2cfe0c6b476397d282b1fe7b566018331,true,true,,metadata_decode_ok; sample_preview_failed: Couldn't find appropriate backend to handle uri C:\Users\oscar\OneDrive\Public share - Mix Eval Dataset\MixEvaluation\audio\Lolita\UCP-A2.mp3 and format None.
Purling Hiss,Lolita,song_lolita,mix_9cd3a6ed1e04,UCP-A3,UCP,Universidade Católica Portuguesa,university_or_institution,high,,human_mix,true,false,relationship_tables,matched,C:\Users\oscar\OneDrive\Public share - Mix Eval Dataset\MixEvaluation\audio\Lolita\UCP-A3.mp3,audio/Lolita/UCP-A3.mp3,UCP-A3.mp3,.mp3,.mp3,48000,2,61.032,127999,976749,true,unknown,,,false,false,40a7adbf7116b5c625b3adcddb1873d4e2f0ff14bb1afc7f6f8f785ba0e02586,true,true,,metadata_decode_ok; sample_preview_failed: Couldn't find appropriate backend to handle uri C:\Users\oscar\OneDrive\Public share - Mix Eval Dataset\MixEvaluation\audio\Lolita\UCP-A3.mp3 and format None.
Purling Hiss,Lolita,song_lolita,mix_e287eedcb3de,UCP-A4,UCP,Universidade Católica Portuguesa,university_or_institution,high,,human_mix,true,false,relationship_tables,matched,C:\Users\oscar\OneDrive\Public share - Mix Eval Dataset\MixEvaluation\audio\Lolita\UCP-A4.mp3,audio/Lolita/UCP-A4.mp3,UCP-A4.mp3,.mp3,.mp3,48000,2,61.032,127999,976749,true,unknown,,,false,false,fdc8519bb93f57c92f8ed10a34f610da14f73fecb6fe05313516120a5e91cade,true,true,,metadata_decode_ok; sample_preview_failed: Couldn't find appropriate backend to handle uri C:\Users\oscar\OneDrive\Public share - Mix Eval Dataset\MixEvaluation\audio\Lolita\UCP-A4.mp3 and format None.
Purling Hiss,Lolita,song_lolita,mix_7fdf1d9d4add,UCP-A5,UCP,Universidade Católica Portuguesa,university_or_institution,high,,human_mix,true,false,relationship_tables,matched,C:\Users\oscar\OneDrive\Public share - Mix Eval Dataset\MixEvaluation\audio\Lolita\UCP-A5.mp3,audio/Lolita/UCP-A5.mp3,UCP-A5.mp3,.mp3,.mp3,48000,2,61.032,127999,976749,true,unknown,,,false,false,aa0923bd31a7257b45b50cb1588be0bdbc640d5fab8a2dffeb841494b88fd4ad,true,true,,metadata_decode_ok; sample_preview_failed: Couldn't find appropriate backend to handle uri C:\Users\oscar\OneDrive\Public share - Mix Eval Dataset\MixEvaluation\audio\Lolita\UCP-A5.mp3 and format None.
TheTontons,Lush,song_lush,mix_57b9483038fd,UH-1,UH,University of Huddersfield,university_or_institution,high,,human_mix,true,false,relationship_tables,matched,C:\Users\oscar\OneDrive\Public share - Mix Eval Dataset\MixEvaluation\audio\Lush\UH-1.mp3,audio/Lush/UH-1.mp3,UH-1.mp3,.mp3,.mp3,44100,2,43.075917,192000,1035937,true,unknown,,,false,false,5e5ffa96eb550ae73d29c8ea53ecc94b7a6fcc4050cf0ce42703aa4dcf1ab7d6,true,true,,metadata_decode_ok; sample_preview_failed: Couldn't find appropriate backend to handle uri C:\Users\oscar\OneDrive\Public share - Mix Eval Dataset\MixEvaluation\audio\Lush\UH-1.mp3 and format None.
TheTontons,Lush,song_lush,mix_b02dea70dbe5,UH-2,UH,University of Huddersfield,university_or_institution,high,,human_mix,true,false,relationship_tables,matched,C:\Users\oscar\OneDrive\Public share - Mix Eval Dataset\MixEvaluation\audio\Lush\UH-2.mp3,audio/Lush/UH-2.mp3,UH-2.mp3,.mp3,.mp3,44100,2,43.075917,192000,1035937,true,unknown,,,false,false,59898592081fad48e88c446560e504153b1d71d22898962ff6ecc6f4d9afb4f4,true,true,,metadata_decode_ok; sample_preview_failed: Couldn't find appropriate backend to handle uri C:\Users\oscar\OneDrive\Public share - Mix Eval Dataset\MixEvaluation\audio\Lush\UH-2.mp3 and format None.
TheTontons,Lush,song_lush,mix_c2a3102d1fdf,UH-3,UH,University of Huddersfield,university_or_institution,high,,human_mix,true,false,relationship_tables,matched,C:\Users\oscar\OneDrive\Public share - Mix Eval Dataset\MixEvaluation\audio\Lush\UH-3.mp3,audio/Lush/UH-3.mp3,UH-3.mp3,.mp3,.mp3,44100,2,43.075917,192000,1035937,true,unknown,,,false,false,105ac6388aa84ac3da72a9150197557c829a26adc5bb3c120df5c3ccd9e71ab7,true,true,,metadata_decode_ok; sample_preview_failed: Couldn't find appropriate backend to handle uri C:\Users\oscar\OneDrive\Public share - Mix Eval Dataset\MixEvaluation\audio\Lush\UH-3.mp3 and format None.
TheTontons,Lush,song_lush,mix_3f747f855257,UH-4,UH,University of Huddersfield,university_or_institution,high,,human_mix,true,false,relationship_tables,matched,C:\Users\oscar\OneDrive\Public share - Mix Eval Dataset\MixEvaluation\audio\Lush\UH-4.mp3,audio/Lush/UH-4.mp3,UH-4.mp3,.mp3,.mp3,44100,2,43.075917,192000,1035937,true,unknown,,,false,false,c626c8bf93f238b8c5229b84c10bebcd7f4895dfdf30b45ab71dd0599d1b2b91,true,true,,metadata_decode_ok; sample_preview_failed: Couldn't find appropriate backend to handle uri C:\Users\oscar\OneDrive\Public share - Mix Eval Dataset\MixEvaluation\audio\Lush\UH-4.mp3 and format None.
TheTontons,Lush,song_lush,mix_c68cd67836ed,UH-5,UH,University of Huddersfield,university_or_institution,high,,human_mix,true,false,relationship_tables,matched,C:\Users\oscar\OneDrive\Public share - Mix Eval Dataset\MixEvaluation\audio\Lush\UH-5.mp3,audio/Lush/UH-5.mp3,UH-5.mp3,.mp3,.mp3,44100,2,43.075917,192000,1035937,true,unknown,,,false,false,83ff77c4097e5922d8dd0ef8033f771c59504130bb45b3215f784ef7243af231,true,true,,metadata_decode_ok; sample_preview_failed: Couldn't find appropriate backend to handle uri C:\Users\oscar\OneDrive\Public share - Mix Eval Dataset\MixEvaluation\audio\Lush\UH-5.mp3 and format None.
Joshua Bell,My Funny Valentine,song_myfunnyvalentine,mix_7027833a6b03,McG-A,McG,McGill University,university_or_institution,high,,human_mix,true,false,relationship_tables,matched,C:\Users\oscar\OneDrive\Public share - Mix Eval Dataset\MixEvaluation\audio\MyFunnyValentine\McG-A.mp3,audio/MyFunnyValentine/McG-A.mp3,McG-A.mp3,.mp3,.mp3,48000,2,66.264,192000,1590912,true,unknown,,,false,false,1d4dbde17a82efb64714f63462440e17a5f461097041fe8c036c244571ceb1ac,true,true,,metadata_decode_ok; sample_preview_failed: Couldn't find appropriate backend to handle uri C:\Users\oscar\OneDrive\Public share - Mix Eval Dataset\MixEvaluation\audio\MyFunnyValentine\McG-A.mp3 and format None.
Joshua Bell,My Funny Valentine,song_myfunnyvalentine,mix_bb452da62322,McG-B,McG,McGill University,university_or_institution,high,,human_mix,true,false,relationship_tables,matched,C:\Users\oscar\OneDrive\Public share - Mix Eval Dataset\MixEvaluation\audio\MyFunnyValentine\McG-B.mp3,audio/MyFunnyValentine/McG-B.mp3,McG-B.mp3,.mp3,.mp3,48000,2,66.264,192000,1590912,true,unknown,,,false,false,4f26628a62fc7d226bdb66a24a65a7d72d27e752cc2cef275a71d61fe25ad157,true,true,,metadata_decode_ok; sample_preview_failed: Couldn't find appropriate backend to handle uri C:\Users\oscar\OneDrive\Public share - Mix Eval Dataset\MixEvaluation\audio\MyFunnyValentine\McG-B.mp3 and format None.
Joshua Bell,My Funny Valentine,song_myfunnyvalentine,mix_114c1c328b09,McG-C,McG,McGill University,university_or_institution,high,,human_mix,true,false,relationship_tables,matched,C:\Users\oscar\OneDrive\Public share - Mix Eval Dataset\MixEvaluation\audio\MyFunnyValentine\McG-C.mp3,audio/MyFunnyValentine/McG-C.mp3,McG-C.mp3,.mp3,.mp3,48000,2,66.264,192000,1590912,true,unknown,,,false,false,5abeff617b765e421fb2190fe84c7d103d24731eab42161cdb3675ac87d3ef5b,true,true,,metadata_decode_ok; sample_preview_failed: Couldn't find appropriate backend to handle uri C:\Users\oscar\OneDrive\Public share - Mix Eval Dataset\MixEvaluation\audio\MyFunnyValentine\McG-C.mp3 and format None.
Joshua Bell,My Funny Valentine,song_myfunnyvalentine,mix_ebb21634b7e5,McG-D,McG,McGill University,university_or_institution,high,,human_mix,true,false,relationship_tables,matched,C:\Users\oscar\OneDrive\Public share - Mix Eval Dataset\MixEvaluation\audio\MyFunnyValentine\McG-D.mp3,audio/MyFunnyValentine/McG-D.mp3,McG-D.mp3,.mp3,.mp3,48000,2,66.264,192000,1590912,true,unknown,,,false,false,08ec267076e3e0889a25e57c6052aef3de4e320dd163d2b8865efa32ae728fb2,true,true,,metadata_decode_ok; sample_preview_failed: Couldn't find appropriate backend to handle uri C:\Users\oscar\OneDrive\Public share - Mix Eval Dataset\MixEvaluation\audio\MyFunnyValentine\McG-D.mp3 and format None.
Joshua Bell,My Funny Valentine,song_myfunnyvalentine,mix_eccce6e15d0a,McG-E,McG,McGill University,university_or_institution,high,,human_mix,true,false,relationship_tables,matched,C:\Users\oscar\OneDrive\Public share - Mix Eval Dataset\MixEvaluation\audio\MyFunnyValentine\McG-E.mp3,audio/MyFunnyValentine/McG-E.mp3,McG-E.mp3,.mp3,.mp3,48000,2,66.264,192000,1590912,true,unknown,,,false,false,8fedc4067e4e33a44e92889529dd1137527b12ca93cdf0f3b8d35a2b1738c45c,true,true,,metadata_decode_ok; sample_preview_failed: Couldn't find appropriate backend to handle uri C:\Users\oscar\OneDrive\Public share - Mix Eval Dataset\MixEvaluation\audio\MyFunnyValentine\McG-E.mp3 and format None.
Joshua Bell,My Funny Valentine,song_myfunnyvalentine,mix_cb5fa2213612,McG-F,McG,McGill University,university_or_institution,high,,human_mix,true,false,relationship_tables,matched,C:\Users\oscar\OneDrive\Public share - Mix Eval Dataset\MixEvaluation\audio\MyFunnyValentine\McG-F.mp3,audio/MyFunnyValentine/McG-F.mp3,McG-F.mp3,.mp3,.mp3,48000,2,66.264,192000,1590912,true,unknown,,,false,false,ee9c95bc44accd7e2d81ea264f84e3a5ff5c80f22edf5ffb7d01a2b068194d1a,true,true,,metadata_decode_ok; sample_preview_failed: Couldn't find appropriate backend to handle uri C:\Users\oscar\OneDrive\Public share - Mix Eval Dataset\MixEvaluation\audio\MyFunnyValentine\McG-F.mp3 and format None.
Joshua Bell,My Funny Valentine,song_myfunnyvalentine,mix_17992159d0c9,McG-G,McG,McGill University,university_or_institution,high,,human_mix,true,false,relationship_tables,matched,C:\Users\oscar\OneDrive\Public share - Mix Eval Dataset\MixEvaluation\audio\MyFunnyValentine\McG-G.mp3,audio/MyFunnyValentine/McG-G.mp3,McG-G.mp3,.mp3,.mp3,48000,2,66.264,192000,1590912,true,unknown,,,false,false,add3933d913a860d2ec251f097929c39213daacf4d7d64d448de36b58d86ac91,true,true,,metadata_decode_ok; sample_preview_failed: Couldn't find appropriate backend to handle uri C:\Users\oscar\OneDrive\Public share - Mix Eval Dataset\MixEvaluation\audio\MyFunnyValentine\McG-G.mp3 and format None.
Joshua Bell,My Funny Valentine,song_myfunnyvalentine,mix_2ebcec080a39,McG-H,McG,McGill University,university_or_institution,high,,human_mix,true,false,relationship_tables,matched,C:\Users\oscar\OneDrive\Public share - Mix Eval Dataset\MixEvaluation\audio\MyFunnyValentine\McG-H.mp3,audio/MyFunnyValentine/McG-H.mp3,McG-H.mp3,.mp3,.mp3,48000,2,66.264,192000,1590912,true,unknown,,,false,false,c1351dd776dd8c3d4da06a89284593bbd7ef4c40bac2dfea4f4beb5a54a64844,true,true,,metadata_decode_ok; sample_preview_failed: Couldn't find appropriate backend to handle uri C:\Users\oscar\OneDrive\Public share - Mix Eval Dataset\MixEvaluation\audio\MyFunnyValentine\McG-H.mp3 and format None.
Joshua Bell,My Funny Valentine,song_myfunnyvalentine,mix_fa8f179d27b2,McG-pro1,McG,McGill University,university_or_institution,high,,human_mix,true,false,relationship_tables,matched,C:\Users\oscar\OneDrive\Public share - Mix Eval Dataset\MixEvaluation\audio\MyFunnyValentine\McG-pro1.mp3,audio/MyFunnyValentine/McG-pro1.mp3,McG-pro1.mp3,.mp3,.mp3,48000,2,66.264,192000,1590912,true,unknown,,,false,false,cb63595e7ae2ca79c8cce37ecd8a3f257dc389ff66559b50c4f198babb37f404,true,true,,metadata_decode_ok; sample_preview_failed: Couldn't find appropriate backend to handle uri C:\Users\oscar\OneDrive\Public share - Mix Eval Dataset\MixEvaluation\audio\MyFunnyValentine\McG-pro1.mp3 and format None.
Joshua Bell,My Funny Valentine,song_myfunnyvalentine,mix_577470f4074e,Mixgenius,MG,MixGenius,automated_system,high,,automated_mix,true,true,relationship_tables,matched,C:\Users\oscar\OneDrive\Public share - Mix Eval Dataset\MixEvaluation\audio\MyFunnyValentine\Mixgenius.mp3,audio/MyFunnyValentine/Mixgenius.mp3,Mixgenius.mp3,.mp3,.mp3,48000,2,66.264,192000,1590912,true,unknown,,,false,false,b375bc4811919d55647e402c9c7d4fa7b1358b14ea49cbe5667991385ae41e2e,true,true,,metadata_decode_ok; sample_preview_failed: Couldn't find appropriate backend to handle uri C:\Users\oscar\OneDrive\Public share - Mix Eval Dataset\MixEvaluation\audio\MyFunnyValentine\Mixgenius.mp3 and format None.
Torres,New Skin,song_newskin,mix_48521615c4db,DU-O,DU,Dalarna University,university_or_institution,high,,human_mix,true,false,relationship_tables,matched,C:\Users\oscar\OneDrive\Public share - Mix Eval Dataset\MixEvaluation\audio\NewSkin\DU-O.mp3,audio/NewSkin/DU-O.mp3,DU-O.mp3,.mp3,.mp3,48000,2,57.048,192000,1371276,true,unknown,,,false,false,99aa4fa66f099a753e1063e170cbca5a89e3131d051eaa5520e03a1a5655be02,true,true,,metadata_decode_ok; sample_preview_failed: Couldn't find appropriate backend to handle uri C:\Users\oscar\OneDrive\Public share - Mix Eval Dataset\MixEvaluation\audio\NewSkin\DU-O.mp3 and format None.
Torres,New Skin,song_newskin,mix_59ac406eef54,DU-P,DU,Dalarna University,university_or_institution,high,,human_mix,true,false,relationship_tables,matched,C:\Users\oscar\OneDrive\Public share - Mix Eval Dataset\MixEvaluation\audio\NewSkin\DU-P.mp3,audio/NewSkin/DU-P.mp3,DU-P.mp3,.mp3,.mp3,48000,2,57.048,192000,1371276,true,unknown,,,false,false,4586f1b3ea1e1e0844fea83e10b713f485de64868d3622e606ba381fc90ee8a2,true,true,,metadata_decode_ok; sample_preview_failed: Couldn't find appropriate backend to handle uri C:\Users\oscar\OneDrive\Public share - Mix Eval Dataset\MixEvaluation\audio\NewSkin\DU-P.mp3 and format None.
Torres,New Skin,song_newskin,mix_221967d4097c,DU-Q,DU,Dalarna University,university_or_institution,high,,human_mix,true,false,relationship_tables,matched,C:\Users\oscar\OneDrive\Public share - Mix Eval Dataset\MixEvaluation\audio\NewSkin\DU-Q.mp3,audio/NewSkin/DU-Q.mp3,DU-Q.mp3,.mp3,.mp3,48000,2,57.048,192000,1371276,true,unknown,,,false,false,cd4b2b39cf787fcb2138b9445fac0644090ad6e6aa49d0b78ef2f2c2b3e1ba02,true,true,,metadata_decode_ok; sample_preview_failed: Couldn't find appropriate backend to handle uri C:\Users\oscar\OneDrive\Public share - Mix Eval Dataset\MixEvaluation\audio\NewSkin\DU-Q.mp3 and format None.
Torres,New Skin,song_newskin,mix_42350ee2e7ab,DU-R,DU,Dalarna University,university_or_institution,high,,human_mix,true,false,relationship_tables,matched,C:\Users\oscar\OneDrive\Public share - Mix Eval Dataset\MixEvaluation\audio\NewSkin\DU-R.mp3,audio/NewSkin/DU-R.mp3,DU-R.mp3,.mp3,.mp3,48000,2,57.048,192000,1371276,true,unknown,,,false,false,66fae889cc901deee5e53e1ee1235a7060a531d599278168bea75d5f8a7ea6bf,true,true,,metadata_decode_ok; sample_preview_failed: Couldn't find appropriate backend to handle uri C:\Users\oscar\OneDrive\Public share - Mix Eval Dataset\MixEvaluation\audio\NewSkin\DU-R.mp3 and format None.
Torres,New Skin,song_newskin,mix_c512d63997c6,DU-S,DU,Dalarna University,university_or_institution,high,,human_mix,true,false,relationship_tables,matched,C:\Users\oscar\OneDrive\Public share - Mix Eval Dataset\MixEvaluation\audio\NewSkin\DU-S.mp3,audio/NewSkin/DU-S.mp3,DU-S.mp3,.mp3,.mp3,48000,2,57.048,192000,1371276,true,unknown,,,false,false,21d3f5f2bdec22879681f9fc28ef45afeeb0a54442cfa5d6e52af70adcdeec2f,true,true,,metadata_decode_ok; sample_preview_failed: Couldn't find appropriate backend to handle uri C:\Users\oscar\OneDrive\Public share - Mix Eval Dataset\MixEvaluation\audio\NewSkin\DU-S.mp3 and format None.
Torres,New Skin,song_newskin,mix_c09620e345d0,DU-T,DU,Dalarna University,university_or_institution,high,,human_mix,true,false,relationship_tables,matched,C:\Users\oscar\OneDrive\Public share - Mix Eval Dataset\MixEvaluation\audio\NewSkin\DU-T.mp3,audio/NewSkin/DU-T.mp3,DU-T.mp3,.mp3,.mp3,48000,2,57.048,192000,1371276,true,unknown,,,false,false,0b85dd2ee1eb27d5c923d1a2fb5e4b03b153eb8b6855de5b8e39392f378ece96,true,true,,metadata_decode_ok; sample_preview_failed: Couldn't find appropriate backend to handle uri C:\Users\oscar\OneDrive\Public share - Mix Eval Dataset\MixEvaluation\audio\NewSkin\DU-T.mp3 and format None.
Torres,New Skin,song_newskin,mix_768a004d1c8d,DU-U,DU,Dalarna University,university_or_institution,high,,human_mix,true,false,relationship_tables,matched,C:\Users\oscar\OneDrive\Public share - Mix Eval Dataset\MixEvaluation\audio\NewSkin\DU-U.mp3,audio/NewSkin/DU-U.mp3,DU-U.mp3,.mp3,.mp3,48000,2,57.048,192000,1371276,true,unknown,,,false,false,a8b70177f104a2bf9540175c9f0dd7f646d4f923ef9b0c0a2c1f8373afd56cc2,true,true,,metadata_decode_ok; sample_preview_failed: Couldn't find appropriate backend to handle uri C:\Users\oscar\OneDrive\Public share - Mix Eval Dataset\MixEvaluation\audio\NewSkin\DU-U.mp3 and format None.
Dawn Langstroth,No Prize,song_noprize,mix_58fa089225bc,McG-I,McG,McGill University,university_or_institution,high,,human_mix,true,false,relationship_tables,matched,C:\Users\oscar\OneDrive\Public share - Mix Eval Dataset\MixEvaluation\audio\NoPrize\McG-I.mp3,audio/NoPrize/McG-I.mp3,McG-I.mp3,.mp3,.mp3,48000,2,62.808,192000,1507968,true,unknown,,,false,false,a110a371e74bd688a64a807abe142d9a2467c3ca9d257f895eb49792abd0dbad,true,true,,metadata_decode_ok; sample_preview_failed: Couldn't find appropriate backend to handle uri C:\Users\oscar\OneDrive\Public share - Mix Eval Dataset\MixEvaluation\audio\NoPrize\McG-I.mp3 and format None.
Dawn Langstroth,No Prize,song_noprize,mix_7df159240700,McG-J,McG,McGill University,university_or_institution,high,,human_mix,true,false,relationship_tables,matched,C:\Users\oscar\OneDrive\Public share - Mix Eval Dataset\MixEvaluation\audio\NoPrize\McG-J.mp3,audio/NoPrize/McG-J.mp3,McG-J.mp3,.mp3,.mp3,48000,2,62.808,192000,1507968,true,unknown,,,false,false,b647813573d280e99728fd6cb7b6caccd2b8b3222114c96d61ee7f0540d9390f,true,true,,metadata_decode_ok; sample_preview_failed: Couldn't find appropriate backend to handle uri C:\Users\oscar\OneDrive\Public share - Mix Eval Dataset\MixEvaluation\audio\NoPrize\McG-J.mp3 and format None.
Dawn Langstroth,No Prize,song_noprize,mix_176dff701046,McG-K,McG,McGill University,university_or_institution,high,,human_mix,true,false,relationship_tables,matched,C:\Users\oscar\OneDrive\Public share - Mix Eval Dataset\MixEvaluation\audio\NoPrize\McG-K.mp3,audio/NoPrize/McG-K.mp3,McG-K.mp3,.mp3,.mp3,48000,2,62.808,192000,1507968,true,unknown,,,false,false,6939545b290ee0e4d64864f4f1ba569b99be9cc54b94a476ba409495460cefbe,true,true,,metadata_decode_ok; sample_preview_failed: Couldn't find appropriate backend to handle uri C:\Users\oscar\OneDrive\Public share - Mix Eval Dataset\MixEvaluation\audio\NoPrize\McG-K.mp3 and format None.
Dawn Langstroth,No Prize,song_noprize,mix_5df0d210127a,McG-L,McG,McGill University,university_or_institution,high,,human_mix,true,false,relationship_tables,matched,C:\Users\oscar\OneDrive\Public share - Mix Eval Dataset\MixEvaluation\audio\NoPrize\McG-L.mp3,audio/NoPrize/McG-L.mp3,McG-L.mp3,.mp3,.mp3,48000,2,62.808,192000,1507968,true,unknown,,,false,false,6944f62033aa46dde58e9d3b6aa886b4d03947b3804073973d3bed07f3ba04ad,true,true,,metadata_decode_ok; sample_preview_failed: Couldn't find appropriate backend to handle uri C:\Users\oscar\OneDrive\Public share - Mix Eval Dataset\MixEvaluation\audio\NoPrize\McG-L.mp3 and format None.
Dawn Langstroth,No Prize,song_noprize,mix_22ae53b1c0f8,McG-M,McG,McGill University,university_or_institution,high,,human_mix,true,false,relationship_tables,matched,C:\Users\oscar\OneDrive\Public share - Mix Eval Dataset\MixEvaluation\audio\NoPrize\McG-M.mp3,audio/NoPrize/McG-M.mp3,McG-M.mp3,.mp3,.mp3,48000,2,62.808,192000,1507968,true,unknown,,,false,false,66e6740bec98d5462270f5a0cbe1f527cd434aa8d330e9f309c8ad2c2bdf8268,true,true,,metadata_decode_ok; sample_preview_failed: Couldn't find appropriate backend to handle uri C:\Users\oscar\OneDrive\Public share - Mix Eval Dataset\MixEvaluation\audio\NoPrize\McG-M.mp3 and format None.
Dawn Langstroth,No Prize,song_noprize,mix_76cfb2bccc8d,McG-N,McG,McGill University,university_or_institution,high,,human_mix,true,false,relationship_tables,matched,C:\Users\oscar\OneDrive\Public share - Mix Eval Dataset\MixEvaluation\audio\NoPrize\McG-N.mp3,audio/NoPrize/McG-N.mp3,McG-N.mp3,.mp3,.mp3,48000,2,62.808,192000,1507968,true,unknown,,,false,false,bd468251d56d582cebe49f2e109d467381193c9d4903634ea280b9387db6609e,true,true,,metadata_decode_ok; sample_preview_failed: Couldn't find appropriate backend to handle uri C:\Users\oscar\OneDrive\Public share - Mix Eval Dataset\MixEvaluation\audio\NoPrize\McG-N.mp3 and format None.
Dawn Langstroth,No Prize,song_noprize,mix_f959e52ab387,McG-O,McG,McGill University,university_or_institution,high,,human_mix,true,false,relationship_tables,matched,C:\Users\oscar\OneDrive\Public share - Mix Eval Dataset\MixEvaluation\audio\NoPrize\McG-O.mp3,audio/NoPrize/McG-O.mp3,McG-O.mp3,.mp3,.mp3,48000,2,62.808,192000,1507968,true,unknown,,,false,false,4557df0ae08d78e0fe2ae0b413d61fd1eb00c586e768e6745bb66f225f4ab58b,true,true,,metadata_decode_ok; sample_preview_failed: Couldn't find appropriate backend to handle uri C:\Users\oscar\OneDrive\Public share - Mix Eval Dataset\MixEvaluation\audio\NoPrize\McG-O.mp3 and format None.
Dawn Langstroth,No Prize,song_noprize,mix_331b5d620be9,McG-P,McG,McGill University,university_or_institution,high,,human_mix,true,false,relationship_tables,matched,C:\Users\oscar\OneDrive\Public share - Mix Eval Dataset\MixEvaluation\audio\NoPrize\McG-P.mp3,audio/NoPrize/McG-P.mp3,McG-P.mp3,.mp3,.mp3,48000,2,62.808,192000,1507968,true,unknown,,,false,false,a652b8ba9f1ae963a3a593042bed2d2b0e224fb3c9216f39d13b7f7bffbd462c,true,true,,metadata_decode_ok; sample_preview_failed: Couldn't find appropriate backend to handle uri C:\Users\oscar\OneDrive\Public share - Mix Eval Dataset\MixEvaluation\audio\NoPrize\McG-P.mp3 and format None.
Dawn Langstroth,No Prize,song_noprize,mix_6cbe1fdaeb7b,McG-pro2,McG,McGill University,university_or_institution,high,,human_mix,true,false,relationship_tables,matched,C:\Users\oscar\OneDrive\Public share - Mix Eval Dataset\MixEvaluation\audio\NoPrize\McG-pro2.mp3,audio/NoPrize/McG-pro2.mp3,McG-pro2.mp3,.mp3,.mp3,48000,2,62.808,192000,1507968,true,unknown,,,false,false,a6c56116012631199c0f15f4cab279e22904a959c8e9f0ad0f51a333f00bfa3f,true,true,,metadata_decode_ok; sample_preview_failed: Couldn't find appropriate backend to handle uri C:\Users\oscar\OneDrive\Public share - Mix Eval Dataset\MixEvaluation\audio\NoPrize\McG-pro2.mp3 and format None.
Fredy V,Not Alone,song_notalone,mix_82040529dbba,McG-A,McG,McGill University,university_or_institution,high,,human_mix,true,false,relationship_tables,matched,C:\Users\oscar\OneDrive\Public share - Mix Eval Dataset\MixEvaluation\audio\NotAlone\McG-A.mp3,audio/NotAlone/McG-A.mp3,McG-A.mp3,.mp3,.mp3,48000,2,71.064,192000,1707653,true,unknown,,,false,false,491f1c5425836320620f32cbcfc4ae46c26990eebf1039b56540c0d19cbc20a9,true,true,,metadata_decode_ok; sample_preview_failed: Couldn't find appropriate backend to handle uri C:\Users\oscar\OneDrive\Public share - Mix Eval Dataset\MixEvaluation\audio\NotAlone\McG-A.mp3 and format None.
Fredy V,Not Alone,song_notalone,mix_278450777133,McG-B,McG,McGill University,university_or_institution,high,,human_mix,true,false,relationship_tables,matched,C:\Users\oscar\OneDrive\Public share - Mix Eval Dataset\MixEvaluation\audio\NotAlone\McG-B.mp3,audio/NotAlone/McG-B.mp3,McG-B.mp3,.mp3,.mp3,48000,2,71.064,192000,1707653,true,unknown,,,false,false,18d245d9f990453116cfab7596adaccf29cfbae05986795808d03bf5534b4085,true,true,,metadata_decode_ok; sample_preview_failed: Couldn't find appropriate backend to handle uri C:\Users\oscar\OneDrive\Public share - Mix Eval Dataset\MixEvaluation\audio\NotAlone\McG-B.mp3 and format None.
Fredy V,Not Alone,song_notalone,mix_0699657acd20,McG-C,McG,McGill University,university_or_institution,high,,human_mix,true,false,relationship_tables,matched,C:\Users\oscar\OneDrive\Public share - Mix Eval Dataset\MixEvaluation\audio\NotAlone\McG-C.mp3,audio/NotAlone/McG-C.mp3,McG-C.mp3,.mp3,.mp3,48000,2,71.064,192000,1707653,true,unknown,,,false,false,dea27357e120712d60dee26e812754f22b3626ad508c18b29248871d96395378,true,true,,metadata_decode_ok; sample_preview_failed: Couldn't find appropriate backend to handle uri C:\Users\oscar\OneDrive\Public share - Mix Eval Dataset\MixEvaluation\audio\NotAlone\McG-C.mp3 and format None.
Fredy V,Not Alone,song_notalone,mix_9a06bece7e79,McG-D,McG,McGill University,university_or_institution,high,,human_mix,true,false,relationship_tables,matched,C:\Users\oscar\OneDrive\Public share - Mix Eval Dataset\MixEvaluation\audio\NotAlone\McG-D.mp3,audio/NotAlone/McG-D.mp3,McG-D.mp3,.mp3,.mp3,48000,2,71.064,192000,1707653,true,unknown,,,false,false,768bba490cd36d660abedc7d5f7a803d79ac3237459ea5b5ba434c937348fe0f,true,true,,metadata_decode_ok; sample_preview_failed: Couldn't find appropriate backend to handle uri C:\Users\oscar\OneDrive\Public share - Mix Eval Dataset\MixEvaluation\audio\NotAlone\McG-D.mp3 and format None.
Fredy V,Not Alone,song_notalone,mix_2db176b5c02d,McG-E,McG,McGill University,university_or_institution,high,,human_mix,true,false,relationship_tables,matched,C:\Users\oscar\OneDrive\Public share - Mix Eval Dataset\MixEvaluation\audio\NotAlone\McG-E.mp3,audio/NotAlone/McG-E.mp3,McG-E.mp3,.mp3,.mp3,48000,2,71.064,192000,1707653,true,unknown,,,false,false,6cf845c129783c2263f8c6f09d6b18f28156c615d677c7f476ad1af2748ede51,true,true,,metadata_decode_ok; sample_preview_failed: Couldn't find appropriate backend to handle uri C:\Users\oscar\OneDrive\Public share - Mix Eval Dataset\MixEvaluation\audio\NotAlone\McG-E.mp3 and format None.
Fredy V,Not Alone,song_notalone,mix_da8e28b736a2,McG-F,McG,McGill University,university_or_institution,high,,human_mix,true,false,relationship_tables,matched,C:\Users\oscar\OneDrive\Public share - Mix Eval Dataset\MixEvaluation\audio\NotAlone\McG-F.mp3,audio/NotAlone/McG-F.mp3,McG-F.mp3,.mp3,.mp3,48000,2,71.064,192000,1707653,true,unknown,,,false,false,27e54683179d8d886bb07ad24af1ab7c8714de47d2d6d99257066d1f141b51fe,true,true,,metadata_decode_ok; sample_preview_failed: Couldn't find appropriate backend to handle uri C:\Users\oscar\OneDrive\Public share - Mix Eval Dataset\MixEvaluation\audio\NotAlone\McG-F.mp3 and format None.
Fredy V,Not Alone,song_notalone,mix_64cd4cdcbb5d,McG-G,McG,McGill University,university_or_institution,high,,human_mix,true,false,relationship_tables,matched,C:\Users\oscar\OneDrive\Public share - Mix Eval Dataset\MixEvaluation\audio\NotAlone\McG-G.mp3,audio/NotAlone/McG-G.mp3,McG-G.mp3,.mp3,.mp3,48000,2,71.064,192000,1707653,true,unknown,,,false,false,11c26af16ce60a394cd743b2d474b16f802542edc71e56007cd3a0d05ecc35e8,true,true,,metadata_decode_ok; sample_preview_failed: Couldn't find appropriate backend to handle uri C:\Users\oscar\OneDrive\Public share - Mix Eval Dataset\MixEvaluation\audio\NotAlone\McG-G.mp3 and format None.
Fredy V,Not Alone,song_notalone,mix_668ab77d6f05,McG-H,McG,McGill University,university_or_institution,high,,human_mix,true,false,relationship_tables,matched,C:\Users\oscar\OneDrive\Public share - Mix Eval Dataset\MixEvaluation\audio\NotAlone\McG-H.mp3,audio/NotAlone/McG-H.mp3,McG-H.mp3,.mp3,.mp3,48000,2,71.064,192000,1707653,true,unknown,,,false,false,0d1a49d7612da8f0eec7a3dcbfba0e051249aa74f71f19307666d03283dbbc92,true,true,,metadata_decode_ok; sample_preview_failed: Couldn't find appropriate backend to handle uri C:\Users\oscar\OneDrive\Public share - Mix Eval Dataset\MixEvaluation\audio\NotAlone\McG-H.mp3 and format None.
Fredy V,Not Alone,song_notalone,mix_b90f9f43d40e,McG-I,McG,McGill University,university_or_institution,high,,human_mix,true,false,relationship_tables,matched,C:\Users\oscar\OneDrive\Public share - Mix Eval Dataset\MixEvaluation\audio\NotAlone\McG-I.mp3,audio/NotAlone/McG-I.mp3,McG-I.mp3,.mp3,.mp3,48000,2,71.064,192000,1707653,true,unknown,,,false,false,88bdfa6dd4d69d07aa0fbe088c77ac5eca19107fd4179c2329be2f7775c4661c,true,true,,metadata_decode_ok; sample_preview_failed: Couldn't find appropriate backend to handle uri C:\Users\oscar\OneDrive\Public share - Mix Eval Dataset\MixEvaluation\audio\NotAlone\McG-I.mp3 and format None.
Creepoid,Old Tree,song_oldtree,mix_3d13483f0e3c,UCP-A1,UCP,Universidade Católica Portuguesa,university_or_institution,high,,human_mix,true,false,relationship_tables,matched,C:\Users\oscar\OneDrive\Public share - Mix Eval Dataset\MixEvaluation\audio\OldTree\UCP-A1.mp3,audio/OldTree/UCP-A1.mp3,UCP-A1.mp3,.mp3,.mp3,48000,2,61.032,127999,976749,true,unknown,,,false,false,6581d062797143c28c0cdf57b67172b9933953e189b056385aeeb22cd5110775,true,true,,metadata_decode_ok; sample_preview_failed: Couldn't find appropriate backend to handle uri C:\Users\oscar\OneDrive\Public share - Mix Eval Dataset\MixEvaluation\audio\OldTree\UCP-A1.mp3 and format None.
Creepoid,Old Tree,song_oldtree,mix_4080b2abbc74,UCP-A2,UCP,Universidade Católica Portuguesa,university_or_institution,high,,human_mix,true,false,relationship_tables,matched,C:\Users\oscar\OneDrive\Public share - Mix Eval Dataset\MixEvaluation\audio\OldTree\UCP-A2.mp3,audio/OldTree/UCP-A2.mp3,UCP-A2.mp3,.mp3,.mp3,48000,2,61.032,127999,976749,true,unknown,,,false,false,d236eb76a751b50da0d09e51a4d89ba9e5bce76b010e6b86a0c698747e5596d8,true,true,,metadata_decode_ok; sample_preview_failed: Couldn't find appropriate backend to handle uri C:\Users\oscar\OneDrive\Public share - Mix Eval Dataset\MixEvaluation\audio\OldTree\UCP-A2.mp3 and format None.
Creepoid,Old Tree,song_oldtree,mix_a884e5dab7c9,UCP-A3,UCP,Universidade Católica Portuguesa,university_or_institution,high,,human_mix,true,false,relationship_tables,matched,C:\Users\oscar\OneDrive\Public share - Mix Eval Dataset\MixEvaluation\audio\OldTree\UCP-A3.mp3,audio/OldTree/UCP-A3.mp3,UCP-A3.mp3,.mp3,.mp3,48000,2,61.032,127999,976749,true,unknown,,,false,false,4085b050cd28806d199f3e372108aa0a6399935d7c2611b6523325cd2218ea6b,true,true,,metadata_decode_ok; sample_preview_failed: Couldn't find appropriate backend to handle uri C:\Users\oscar\OneDrive\Public share - Mix Eval Dataset\MixEvaluation\audio\OldTree\UCP-A3.mp3 and format None.
Creepoid,Old Tree,song_oldtree,mix_eb188cdd10e0,UCP-A4,UCP,Universidade Católica Portuguesa,university_or_institution,high,,human_mix,true,false,relationship_tables,matched,C:\Users\oscar\OneDrive\Public share - Mix Eval Dataset\MixEvaluation\audio\OldTree\UCP-A4.mp3,audio/OldTree/UCP-A4.mp3,UCP-A4.mp3,.mp3,.mp3,48000,2,61.032,127999,976749,true,unknown,,,false,false,4a7e4b4b83a1ed1933dc91ba7bf828cf7aa6805240c04b0905ee69c932850cdc,true,true,,metadata_decode_ok; sample_preview_failed: Couldn't find appropriate backend to handle uri C:\Users\oscar\OneDrive\Public share - Mix Eval Dataset\MixEvaluation\audio\OldTree\UCP-A4.mp3 and format None.
Creepoid,Old Tree,song_oldtree,mix_d4a6df3d4986,UCP-A5,UCP,Universidade Católica Portuguesa,university_or_institution,high,,human_mix,true,false,relationship_tables,matched,C:\Users\oscar\OneDrive\Public share - Mix Eval Dataset\MixEvaluation\audio\OldTree\UCP-A5.mp3,audio/OldTree/UCP-A5.mp3,UCP-A5.mp3,.mp3,.mp3,48000,2,61.032,127999,976749,true,unknown,,,false,false,561c1a244e053257199ecc9ac3c05a526cb1c0183227e9140442396c65393bbf,true,true,,metadata_decode_ok; sample_preview_failed: Couldn't find appropriate backend to handle uri C:\Users\oscar\OneDrive\Public share - Mix Eval Dataset\MixEvaluation\audio\OldTree\UCP-A5.mp3 and format None.
The DoneFors,Pouring Room,song_pouringroom,mix_0ddb25d6180b,McG-Q,McG,McGill University,university_or_institution,high,,human_mix,true,false,relationship_tables,matched,C:\Users\oscar\OneDrive\Public share - Mix Eval Dataset\MixEvaluation\audio\PouringRoom\McG-Q.mp3,audio/PouringRoom/McG-Q.mp3,McG-Q.mp3,.mp3,.mp3,48000,2,52.056,192000,1251461,true,unknown,,,false,false,3b47069202959c80894f55001489eef63a5e160a9c3664ac65dae497d613de5c,true,true,,metadata_decode_ok; sample_preview_failed: Couldn't find appropriate backend to handle uri C:\Users\oscar\OneDrive\Public share - Mix Eval Dataset\MixEvaluation\audio\PouringRoom\McG-Q.mp3 and format None.
The DoneFors,Pouring Room,song_pouringroom,mix_0ba76f420c1d,McG-R,McG,McGill University,university_or_institution,high,,human_mix,true,false,relationship_tables,matched,C:\Users\oscar\OneDrive\Public share - Mix Eval Dataset\MixEvaluation\audio\PouringRoom\McG-R.mp3,audio/PouringRoom/McG-R.mp3,McG-R.mp3,.mp3,.mp3,48000,2,52.056,192000,1251461,true,unknown,,,false,false,d67a56cf80887e30b3ca90ab12e28b1dfd0c8b309c2bc3300e780e12ab5f1896,true,true,,metadata_decode_ok; sample_preview_failed: Couldn't find appropriate backend to handle uri C:\Users\oscar\OneDrive\Public share - Mix Eval Dataset\MixEvaluation\audio\PouringRoom\McG-R.mp3 and format None.
The DoneFors,Pouring Room,song_pouringroom,mix_d1edc48dc058,McG-S,McG,McGill University,university_or_institution,high,,human_mix,true,false,relationship_tables,matched,C:\Users\oscar\OneDrive\Public share - Mix Eval Dataset\MixEvaluation\audio\PouringRoom\McG-S.mp3,audio/PouringRoom/McG-S.mp3,McG-S.mp3,.mp3,.mp3,48000,2,52.056,192000,1251461,true,unknown,,,false,false,f2ab386d5a427c64b57a77f4a9d006758d51278319bd9c64b2573ff7e3559414,true,true,,metadata_decode_ok; sample_preview_failed: Couldn't find appropriate backend to handle uri C:\Users\oscar\OneDrive\Public share - Mix Eval Dataset\MixEvaluation\audio\PouringRoom\McG-S.mp3 and format None.
The DoneFors,Pouring Room,song_pouringroom,mix_be2ccd4c43ff,McG-T,McG,McGill University,university_or_institution,high,,human_mix,true,false,relationship_tables,matched,C:\Users\oscar\OneDrive\Public share - Mix Eval Dataset\MixEvaluation\audio\PouringRoom\McG-T.mp3,audio/PouringRoom/McG-T.mp3,McG-T.mp3,.mp3,.mp3,48000,2,52.056,192000,1251461,true,unknown,,,false,false,3014ad7669b527cdd99ab61c94b519fba4cce651e2480f07819f63acc3acd20c,true,true,,metadata_decode_ok; sample_preview_failed: Couldn't find appropriate backend to handle uri C:\Users\oscar\OneDrive\Public share - Mix Eval Dataset\MixEvaluation\audio\PouringRoom\McG-T.mp3 and format None.
The DoneFors,Pouring Room,song_pouringroom,mix_37681ed84b6b,McG-U,McG,McGill University,university_or_institution,high,,human_mix,true,false,relationship_tables,matched,C:\Users\oscar\OneDrive\Public share - Mix Eval Dataset\MixEvaluation\audio\PouringRoom\McG-U.mp3,audio/PouringRoom/McG-U.mp3,McG-U.mp3,.mp3,.mp3,48000,2,52.056,192000,1251461,true,unknown,,,false,false,8abf089d3f8c8151582720aead385d560f39c1408671e32f9f9f336c0bac02f2,true,true,,metadata_decode_ok; sample_preview_failed: Couldn't find appropriate backend to handle uri C:\Users\oscar\OneDrive\Public share - Mix Eval Dataset\MixEvaluation\audio\PouringRoom\McG-U.mp3 and format None.
The DoneFors,Pouring Room,song_pouringroom,mix_e08faaf8bbb3,McG-V,McG,McGill University,university_or_institution,high,,human_mix,true,false,relationship_tables,matched,C:\Users\oscar\OneDrive\Public share - Mix Eval Dataset\MixEvaluation\audio\PouringRoom\McG-V.mp3,audio/PouringRoom/McG-V.mp3,McG-V.mp3,.mp3,.mp3,48000,2,52.056,192000,1251461,true,unknown,,,false,false,2c2d0b687922cd935ca5809c8eb41b7083aed9ef34ca36c156b8bfdd358a6ee6,true,true,,metadata_decode_ok; sample_preview_failed: Couldn't find appropriate backend to handle uri C:\Users\oscar\OneDrive\Public share - Mix Eval Dataset\MixEvaluation\audio\PouringRoom\McG-V.mp3 and format None.
The DoneFors,Pouring Room,song_pouringroom,mix_786fc67a9418,McG-W,McG,McGill University,university_or_institution,high,,human_mix,true,false,relationship_tables,matched,C:\Users\oscar\OneDrive\Public share - Mix Eval Dataset\MixEvaluation\audio\PouringRoom\McG-W.mp3,audio/PouringRoom/McG-W.mp3,McG-W.mp3,.mp3,.mp3,48000,2,52.056,192000,1251461,true,unknown,,,false,false,bcd6f4d578ca948bbc994bb24424ba8a239d1f919e7a6617a8f72237ceb3cdfc,true,true,,metadata_decode_ok; sample_preview_failed: Couldn't find appropriate backend to handle uri C:\Users\oscar\OneDrive\Public share - Mix Eval Dataset\MixEvaluation\audio\PouringRoom\McG-W.mp3 and format None.
The DoneFors,Pouring Room,song_pouringroom,mix_cbf8555ee2b2,McG-X,McG,McGill University,university_or_institution,high,,human_mix,true,false,relationship_tables,matched,C:\Users\oscar\OneDrive\Public share - Mix Eval Dataset\MixEvaluation\audio\PouringRoom\McG-X.mp3,audio/PouringRoom/McG-X.mp3,McG-X.mp3,.mp3,.mp3,48000,2,52.056,192000,1251461,true,unknown,,,false,false,3b01d1b3767d1195515778c5f294924b7412ba330c3bee0fa2d971aef3821ada,true,true,,metadata_decode_ok; sample_preview_failed: Couldn't find appropriate backend to handle uri C:\Users\oscar\OneDrive\Public share - Mix Eval Dataset\MixEvaluation\audio\PouringRoom\McG-X.mp3 and format None.
The DoneFors,Pouring Room,song_pouringroom,mix_9f79c0810c7e,McG-pro,McG,McGill University,university_or_institution,high,,human_mix,true,false,relationship_tables,matched,C:\Users\oscar\OneDrive\Public share - Mix Eval Dataset\MixEvaluation\audio\PouringRoom\McG-pro.mp3,audio/PouringRoom/McG-pro.mp3,McG-pro.mp3,.mp3,.mp3,48000,2,52.056,192000,1251464,true,unknown,,,false,false,3cddaa071b808485dba515bd8a1cb20560906d64cd2497d37dda155d16aef447,true,true,,metadata_decode_ok; sample_preview_failed: Couldn't find appropriate backend to handle uri C:\Users\oscar\OneDrive\Public share - Mix Eval Dataset\MixEvaluation\audio\PouringRoom\McG-pro.mp3 and format None.
The DoneFors,Pouring Room,song_pouringroom,mix_132e75f34470,McG-pro1,McG,McGill University,university_or_institution,high,,human_mix,true,false,relationship_tables,matched,C:\Users\oscar\OneDrive\Public share - Mix Eval Dataset\MixEvaluation\audio\PouringRoom\McG-pro1.mp3,audio/PouringRoom/McG-pro1.mp3,McG-pro1.mp3,.mp3,.mp3,48000,2,52.056,192000,1251464,true,unknown,,,false,false,3cddaa071b808485dba515bd8a1cb20560906d64cd2497d37dda155d16aef447,true,true,,metadata_decode_ok; sample_preview_failed: Couldn't find appropriate backend to handle uri C:\Users\oscar\OneDrive\Public share - Mix Eval Dataset\MixEvaluation\audio\PouringRoom\McG-pro1.mp3 and format None.
Broken Crank,Red To Blue,song_redtoblue,mix_e2654ec905ad,McG-A,McG,McGill University,university_or_institution,high,,human_mix,true,false,relationship_tables,matched,C:\Users\oscar\OneDrive\Public share - Mix Eval Dataset\MixEvaluation\audio\RedToBlue\McG-A.mp3,audio/RedToBlue/McG-A.mp3,McG-A.mp3,.mp3,.mp3,48000,2,65.064,192000,1563653,true,unknown,,,false,false,79d560054c6e8b5066421ef434141362d1c0a4abbacd7322e4ab7c5f76793b78,true,true,,metadata_decode_ok; sample_preview_failed: Couldn't find appropriate backend to handle uri C:\Users\oscar\OneDrive\Public share - Mix Eval Dataset\MixEvaluation\audio\RedToBlue\McG-A.mp3 and format None.
Broken Crank,Red To Blue,song_redtoblue,mix_7ac13e0b6376,McG-B,McG,McGill University,university_or_institution,high,,human_mix,true,false,relationship_tables,matched,C:\Users\oscar\OneDrive\Public share - Mix Eval Dataset\MixEvaluation\audio\RedToBlue\McG-B.mp3,audio/RedToBlue/McG-B.mp3,McG-B.mp3,.mp3,.mp3,48000,2,65.064,192000,1563653,true,unknown,,,false,false,83fa2bfd157cce6bb00091814970f99f7999131d042bcce1bb2088293bb0ffca,true,true,,metadata_decode_ok; sample_preview_failed: Couldn't find appropriate backend to handle uri C:\Users\oscar\OneDrive\Public share - Mix Eval Dataset\MixEvaluation\audio\RedToBlue\McG-B.mp3 and format None.
Broken Crank,Red To Blue,song_redtoblue,mix_5143d2ee3859,McG-C,McG,McGill University,university_or_institution,high,,human_mix,true,false,relationship_tables,matched,C:\Users\oscar\OneDrive\Public share - Mix Eval Dataset\MixEvaluation\audio\RedToBlue\McG-C.mp3,audio/RedToBlue/McG-C.mp3,McG-C.mp3,.mp3,.mp3,48000,2,65.064,192000,1563653,true,unknown,,,false,false,459f0e967981d1638f22c0b42d2d717267dfe30b98b335bea6a76b3780d738b0,true,true,,metadata_decode_ok; sample_preview_failed: Couldn't find appropriate backend to handle uri C:\Users\oscar\OneDrive\Public share - Mix Eval Dataset\MixEvaluation\audio\RedToBlue\McG-C.mp3 and format None.
Broken Crank,Red To Blue,song_redtoblue,mix_8978729ff911,McG-D,McG,McGill University,university_or_institution,high,,human_mix,true,false,relationship_tables,matched,C:\Users\oscar\OneDrive\Public share - Mix Eval Dataset\MixEvaluation\audio\RedToBlue\McG-D.mp3,audio/RedToBlue/McG-D.mp3,McG-D.mp3,.mp3,.mp3,48000,2,65.064,192000,1563653,true,unknown,,,false,false,6c26dff24f4ea9da0c01da1776b0111df77b4b98cdb38566c82d822d7311d543,true,true,,metadata_decode_ok; sample_preview_failed: Couldn't find appropriate backend to handle uri C:\Users\oscar\OneDrive\Public share - Mix Eval Dataset\MixEvaluation\audio\RedToBlue\McG-D.mp3 and format None.
Broken Crank,Red To Blue,song_redtoblue,mix_f4f9bdec5b71,McG-E,McG,McGill University,university_or_institution,high,,human_mix,true,false,relationship_tables,matched,C:\Users\oscar\OneDrive\Public share - Mix Eval Dataset\MixEvaluation\audio\RedToBlue\McG-E.mp3,audio/RedToBlue/McG-E.mp3,McG-E.mp3,.mp3,.mp3,48000,2,65.064,192000,1563653,true,unknown,,,false,false,5301e377301d4180ba4f0cbfb75b90e2b06f406baebe32c70196ea8a526263f7,true,true,,metadata_decode_ok; sample_preview_failed: Couldn't find appropriate backend to handle uri C:\Users\oscar\OneDrive\Public share - Mix Eval Dataset\MixEvaluation\audio\RedToBlue\McG-E.mp3 and format None.
Broken Crank,Red To Blue,song_redtoblue,mix_dcc6aef84d67,McG-F,McG,McGill University,university_or_institution,high,,human_mix,true,false,relationship_tables,matched,C:\Users\oscar\OneDrive\Public share - Mix Eval Dataset\MixEvaluation\audio\RedToBlue\McG-F.mp3,audio/RedToBlue/McG-F.mp3,McG-F.mp3,.mp3,.mp3,48000,2,65.064,192000,1563653,true,unknown,,,false,false,848e64b79bd5d6e47f42d935bdfe75b2e08c0b3419ea22427b1129d9f97d03e1,true,true,,metadata_decode_ok; sample_preview_failed: Couldn't find appropriate backend to handle uri C:\Users\oscar\OneDrive\Public share - Mix Eval Dataset\MixEvaluation\audio\RedToBlue\McG-F.mp3 and format None.
Broken Crank,Red To Blue,song_redtoblue,mix_b4b312ffa4d6,McG-G,McG,McGill University,university_or_institution,high,,human_mix,true,false,relationship_tables,matched,C:\Users\oscar\OneDrive\Public share - Mix Eval Dataset\MixEvaluation\audio\RedToBlue\McG-G.mp3,audio/RedToBlue/McG-G.mp3,McG-G.mp3,.mp3,.mp3,48000,2,65.064,192000,1563653,true,unknown,,,false,false,2e46e47771a734a4136095519c0131dfd08e7bc8da180bbc69d40acdd979d7d9,true,true,,metadata_decode_ok; sample_preview_failed: Couldn't find appropriate backend to handle uri C:\Users\oscar\OneDrive\Public share - Mix Eval Dataset\MixEvaluation\audio\RedToBlue\McG-G.mp3 and format None.
Broken Crank,Red To Blue,song_redtoblue,mix_5b76bf1a027d,McG-H,McG,McGill University,university_or_institution,high,,human_mix,true,false,relationship_tables,matched,C:\Users\oscar\OneDrive\Public share - Mix Eval Dataset\MixEvaluation\audio\RedToBlue\McG-H.mp3,audio/RedToBlue/McG-H.mp3,McG-H.mp3,.mp3,.mp3,48000,2,65.064,192000,1563653,true,unknown,,,false,false,42afd01aa6780f74c948a2bd946fb97b03397bc80781178c94c21be9b0a054b5,true,true,,metadata_decode_ok; sample_preview_failed: Couldn't find appropriate backend to handle uri C:\Users\oscar\OneDrive\Public share - Mix Eval Dataset\MixEvaluation\audio\RedToBlue\McG-H.mp3 and format None.
Broken Crank,Red To Blue,song_redtoblue,mix_906e7f7daf44,McG-pro,McG,McGill University,university_or_institution,high,,human_mix,true,false,relationship_tables,matched,C:\Users\oscar\OneDrive\Public share - Mix Eval Dataset\MixEvaluation\audio\RedToBlue\McG-pro.mp3,audio/RedToBlue/McG-pro.mp3,McG-pro.mp3,.mp3,.mp3,48000,2,65.064,192000,1563658,true,unknown,,,false,false,089cbe69e2706378363da12ce2b1d8b6a67edb3fdb41048167d1c7ab8edc5ebf,true,true,,metadata_decode_ok; sample_preview_failed: Couldn't find appropriate backend to handle uri C:\Users\oscar\OneDrive\Public share - Mix Eval Dataset\MixEvaluation\audio\RedToBlue\McG-pro.mp3 and format None.
Broken Crank,Red To Blue,song_redtoblue,mix_808780e357c9,McG-pro1,McG,McGill University,university_or_institution,high,,human_mix,true,false,relationship_tables,matched,C:\Users\oscar\OneDrive\Public share - Mix Eval Dataset\MixEvaluation\audio\RedToBlue\McG-pro1.mp3,audio/RedToBlue/McG-pro1.mp3,McG-pro1.mp3,.mp3,.mp3,48000,2,65.064,192000,1563658,true,unknown,,,false,false,089cbe69e2706378363da12ce2b1d8b6a67edb3fdb41048167d1c7ab8edc5ebf,true,true,,metadata_decode_ok; sample_preview_failed: Couldn't find appropriate backend to handle uri C:\Users\oscar\OneDrive\Public share - Mix Eval Dataset\MixEvaluation\audio\RedToBlue\McG-pro1.mp3 and format None.
,RightOnTime,song_rightontime,mix_f6be8126b1b9,McG-I,McG,McGill University,university_or_institution,high,,human_mix,true,false,relationship_tables,matched,C:\Users\oscar\OneDrive\Public share - Mix Eval Dataset\MixEvaluation\audio\RightOnTime\McG-I.mp3,audio/RightOnTime/McG-I.mp3,McG-I.mp3,.mp3,.mp3,48000,2,68.208,192000,1637568,true,unknown,,,false,false,9f819f27c1f1f140ae1537ff2e2e0302887eea8044df4b28c4ffaa2a60c9b391,true,true,,metadata_decode_ok; sample_preview_failed: Couldn't find appropriate backend to handle uri C:\Users\oscar\OneDrive\Public share - Mix Eval Dataset\MixEvaluation\audio\RightOnTime\McG-I.mp3 and format None.
,RightOnTime,song_rightontime,mix_b3f6d2aaee0e,McG-J,McG,McGill University,university_or_institution,high,,human_mix,true,false,relationship_tables,matched,C:\Users\oscar\OneDrive\Public share - Mix Eval Dataset\MixEvaluation\audio\RightOnTime\McG-J.mp3,audio/RightOnTime/McG-J.mp3,McG-J.mp3,.mp3,.mp3,48000,2,68.208,192000,1637568,true,unknown,,,false,false,0c82f207941f683149352461d7ff087affbb2c19173ea64da1560ed24bccfd30,true,true,,metadata_decode_ok; sample_preview_failed: Couldn't find appropriate backend to handle uri C:\Users\oscar\OneDrive\Public share - Mix Eval Dataset\MixEvaluation\audio\RightOnTime\McG-J.mp3 and format None.
,RightOnTime,song_rightontime,mix_2597c649e454,McG-K,McG,McGill University,university_or_institution,high,,human_mix,true,false,relationship_tables,matched,C:\Users\oscar\OneDrive\Public share - Mix Eval Dataset\MixEvaluation\audio\RightOnTime\McG-K.mp3,audio/RightOnTime/McG-K.mp3,McG-K.mp3,.mp3,.mp3,48000,2,68.208,192000,1637568,true,unknown,,,false,false,f2f2d7a7645947b4bb5fb391d15be7934c2f1f2e3e157b382692eeb5d08baeb0,true,true,,metadata_decode_ok; sample_preview_failed: Couldn't find appropriate backend to handle uri C:\Users\oscar\OneDrive\Public share - Mix Eval Dataset\MixEvaluation\audio\RightOnTime\McG-K.mp3 and format None.
,RightOnTime,song_rightontime,mix_d13c3b520b8b,McG-L,McG,McGill University,university_or_institution,high,,human_mix,true,false,relationship_tables,matched,C:\Users\oscar\OneDrive\Public share - Mix Eval Dataset\MixEvaluation\audio\RightOnTime\McG-L.mp3,audio/RightOnTime/McG-L.mp3,McG-L.mp3,.mp3,.mp3,48000,2,68.208,192000,1637568,true,unknown,,,false,false,fbb59e0f0e54f397361a122f147c6549eefdb3acd435abb184374d34535b1f21,true,true,,metadata_decode_ok; sample_preview_failed: Couldn't find appropriate backend to handle uri C:\Users\oscar\OneDrive\Public share - Mix Eval Dataset\MixEvaluation\audio\RightOnTime\McG-L.mp3 and format None.
,RightOnTime,song_rightontime,mix_634196a78f79,McG-M,McG,McGill University,university_or_institution,high,,human_mix,true,false,relationship_tables,matched,C:\Users\oscar\OneDrive\Public share - Mix Eval Dataset\MixEvaluation\audio\RightOnTime\McG-M.mp3,audio/RightOnTime/McG-M.mp3,McG-M.mp3,.mp3,.mp3,48000,2,68.208,192000,1637568,true,unknown,,,false,false,3a94f4afb57743707c6de065ad3e6443e3a1879ec8472b43542ac163ec69865d,true,true,,metadata_decode_ok; sample_preview_failed: Couldn't find appropriate backend to handle uri C:\Users\oscar\OneDrive\Public share - Mix Eval Dataset\MixEvaluation\audio\RightOnTime\McG-M.mp3 and format None.
,RightOnTime,song_rightontime,mix_04205ad4009e,McG-N,McG,McGill University,university_or_institution,high,,human_mix,true,false,relationship_tables,matched,C:\Users\oscar\OneDrive\Public share - Mix Eval Dataset\MixEvaluation\audio\RightOnTime\McG-N.mp3,audio/RightOnTime/McG-N.mp3,McG-N.mp3,.mp3,.mp3,48000,2,68.208,192000,1637568,true,unknown,,,false,false,24cb7ae3f23dd9477b2afd5f8a572d4e3d5549dbbe019a6f68c05c294a6ca277,true,true,,metadata_decode_ok; sample_preview_failed: Couldn't find appropriate backend to handle uri C:\Users\oscar\OneDrive\Public share - Mix Eval Dataset\MixEvaluation\audio\RightOnTime\McG-N.mp3 and format None.
,RightOnTime,song_rightontime,mix_e05c3c528fd3,McG-O,McG,McGill University,university_or_institution,high,,human_mix,true,false,relationship_tables,matched,C:\Users\oscar\OneDrive\Public share - Mix Eval Dataset\MixEvaluation\audio\RightOnTime\McG-O.mp3,audio/RightOnTime/McG-O.mp3,McG-O.mp3,.mp3,.mp3,48000,2,68.208,192000,1637568,true,unknown,,,false,false,af2d093f9a51848f0ff41d1a9814b5f887ee70dbc9d1b2874e374de0810813a4,true,true,,metadata_decode_ok; sample_preview_failed: Couldn't find appropriate backend to handle uri C:\Users\oscar\OneDrive\Public share - Mix Eval Dataset\MixEvaluation\audio\RightOnTime\McG-O.mp3 and format None.
,RightOnTime,song_rightontime,mix_3c42f20833ac,McG-P,McG,McGill University,university_or_institution,high,,human_mix,true,false,relationship_tables,matched,C:\Users\oscar\OneDrive\Public share - Mix Eval Dataset\MixEvaluation\audio\RightOnTime\McG-P.mp3,audio/RightOnTime/McG-P.mp3,McG-P.mp3,.mp3,.mp3,48000,2,68.208,192000,1637568,true,unknown,,,false,false,8eeb435eed8f71ba0771dc2a2b34a429a8061be51133376ffef05d355e606f4a,true,true,,metadata_decode_ok; sample_preview_failed: Couldn't find appropriate backend to handle uri C:\Users\oscar\OneDrive\Public share - Mix Eval Dataset\MixEvaluation\audio\RightOnTime\McG-P.mp3 and format None.
,RightOnTime,song_rightontime,mix_a6f9a5ec8f05,McG-pro1,McG,McGill University,university_or_institution,high,,human_mix,true,false,relationship_tables,matched,C:\Users\oscar\OneDrive\Public share - Mix Eval Dataset\MixEvaluation\audio\RightOnTime\McG-pro1.mp3,audio/RightOnTime/McG-pro1.mp3,McG-pro1.mp3,.mp3,.mp3,48000,2,68.208,192000,1637568,true,unknown,,,false,false,178c5e1196a30a011490d32800134e2d5a39b74a0fadf03ca2c90961bac9c984,true,true,,metadata_decode_ok; sample_preview_failed: Couldn't find appropriate backend to handle uri C:\Users\oscar\OneDrive\Public share - Mix Eval Dataset\MixEvaluation\audio\RightOnTime\McG-pro1.mp3 and format None.
,RightOnTime,song_rightontime,mix_97a5ad225f9c,Mixgenius,MG,MixGenius,automated_system,high,,automated_mix,true,true,relationship_tables,matched,C:\Users\oscar\OneDrive\Public share - Mix Eval Dataset\MixEvaluation\audio\RightOnTime\Mixgenius.mp3,audio/RightOnTime/Mixgenius.mp3,Mixgenius.mp3,.mp3,.mp3,48000,2,68.208,192000,1637568,true,unknown,,,false,false,acedbf9b71bb51edb1019b9a1c08c4b8f12b10610046c703623993b2cb0c79f4,true,true,,metadata_decode_ok; sample_preview_failed: Couldn't find appropriate backend to handle uri C:\Users\oscar\OneDrive\Public share - Mix Eval Dataset\MixEvaluation\audio\RightOnTime\Mixgenius.mp3 and format None.
"Jokers, Jacks & Kings",SeaOfLeaves,song_seaofleaves,mix_825bdf75f985,UCP-B1,UCP,Universidade Católica Portuguesa,university_or_institution,high,,human_mix,true,false,relationship_tables,matched,C:\Users\oscar\OneDrive\Public share - Mix Eval Dataset\MixEvaluation\audio\SeaOfLeaves\UCP-B1.mp3,audio/SeaOfLeaves/UCP-B1.mp3,UCP-B1.mp3,.mp3,.mp3,48000,2,75.024,128000,1200621,true,unknown,,,false,false,226912e3a67699fb125eb5c87d96b70658aa0612075ab8f43763e4181ac0808b,true,true,,metadata_decode_ok; sample_preview_failed: Couldn't find appropriate backend to handle uri C:\Users\oscar\OneDrive\Public share - Mix Eval Dataset\MixEvaluation\audio\SeaOfLeaves\UCP-B1.mp3 and format None.
"Jokers, Jacks & Kings",SeaOfLeaves,song_seaofleaves,mix_5b99f3aaa057,UCP-B2,UCP,Universidade Católica Portuguesa,university_or_institution,high,,human_mix,true,false,relationship_tables,matched,C:\Users\oscar\OneDrive\Public share - Mix Eval Dataset\MixEvaluation\audio\SeaOfLeaves\UCP-B2.mp3,audio/SeaOfLeaves/UCP-B2.mp3,UCP-B2.mp3,.mp3,.mp3,48000,2,75.024,128000,1200621,true,unknown,,,false,false,85c0751bc1fc181cf479bb678adeab59a10a49225b83830d9f22267573b0f5b9,true,true,,metadata_decode_ok; sample_preview_failed: Couldn't find appropriate backend to handle uri C:\Users\oscar\OneDrive\Public share - Mix Eval Dataset\MixEvaluation\audio\SeaOfLeaves\UCP-B2.mp3 and format None.
"Jokers, Jacks & Kings",SeaOfLeaves,song_seaofleaves,mix_407798929e23,UCP-B3,UCP,Universidade Católica Portuguesa,university_or_institution,high,,human_mix,true,false,relationship_tables,matched,C:\Users\oscar\OneDrive\Public share - Mix Eval Dataset\MixEvaluation\audio\SeaOfLeaves\UCP-B3.mp3,audio/SeaOfLeaves/UCP-B3.mp3,UCP-B3.mp3,.mp3,.mp3,48000,2,75.024,128000,1200621,true,unknown,,,false,false,1ae3e7a486c575923791171aa96080bda863268ca2a9a5484630f7662d0cfc3d,true,true,,metadata_decode_ok; sample_preview_failed: Couldn't find appropriate backend to handle uri C:\Users\oscar\OneDrive\Public share - Mix Eval Dataset\MixEvaluation\audio\SeaOfLeaves\UCP-B3.mp3 and format None.
"Jokers, Jacks & Kings",SeaOfLeaves,song_seaofleaves,mix_ec371552be08,UCP-B4,UCP,Universidade Católica Portuguesa,university_or_institution,high,,human_mix,true,false,relationship_tables,matched,C:\Users\oscar\OneDrive\Public share - Mix Eval Dataset\MixEvaluation\audio\SeaOfLeaves\UCP-B4.mp3,audio/SeaOfLeaves/UCP-B4.mp3,UCP-B4.mp3,.mp3,.mp3,48000,2,75.024,128000,1200621,true,unknown,,,false,false,7dc9c1d973bc3f15573d544cd35c54c4434afdb34a0d1a0fbb0928b6a2a439ba,true,true,,metadata_decode_ok; sample_preview_failed: Couldn't find appropriate backend to handle uri C:\Users\oscar\OneDrive\Public share - Mix Eval Dataset\MixEvaluation\audio\SeaOfLeaves\UCP-B4.mp3 and format None.
The DoneFors,Under A Covered Sky,song_underacoveredsky,mix_2bf2b06e667c,McG-I,McG,McGill University,university_or_institution,high,,human_mix,true,false,relationship_tables,matched,C:\Users\oscar\OneDrive\Public share - Mix Eval Dataset\MixEvaluation\audio\UnderACoveredSky\McG-I.mp3,audio/UnderACoveredSky/McG-I.mp3,McG-I.mp3,.mp3,.mp3,48000,2,44.064,192000,1059653,true,unknown,,,false,false,7283ef3190cc5988cf8aa6259afc77bcf1945cc721c4c6f9d346b0b39ab8471b,true,true,,metadata_decode_ok; sample_preview_failed: Couldn't find appropriate backend to handle uri C:\Users\oscar\OneDrive\Public share - Mix Eval Dataset\MixEvaluation\audio\UnderACoveredSky\McG-I.mp3 and format None.
The DoneFors,Under A Covered Sky,song_underacoveredsky,mix_c1d04e0ac8df,McG-J,McG,McGill University,university_or_institution,high,,human_mix,true,false,relationship_tables,matched,C:\Users\oscar\OneDrive\Public share - Mix Eval Dataset\MixEvaluation\audio\UnderACoveredSky\McG-J.mp3,audio/UnderACoveredSky/McG-J.mp3,McG-J.mp3,.mp3,.mp3,48000,2,44.064,192000,1059653,true,unknown,,,false,false,ff4d5bb410d15a51b200a6ea65e97557bd393e209b2e4407392c5c31e0d051b9,true,true,,metadata_decode_ok; sample_preview_failed: Couldn't find appropriate backend to handle uri C:\Users\oscar\OneDrive\Public share - Mix Eval Dataset\MixEvaluation\audio\UnderACoveredSky\McG-J.mp3 and format None.
The DoneFors,Under A Covered Sky,song_underacoveredsky,mix_a7fca9f4c808,McG-K,McG,McGill University,university_or_institution,high,,human_mix,true,false,relationship_tables,matched,C:\Users\oscar\OneDrive\Public share - Mix Eval Dataset\MixEvaluation\audio\UnderACoveredSky\McG-K.mp3,audio/UnderACoveredSky/McG-K.mp3,McG-K.mp3,.mp3,.mp3,48000,2,44.064,192000,1059653,true,unknown,,,false,false,629abde6e8efb93412e0f1d4201040987af3e10319ae7e85b7c616b20d50c4b9,true,true,,metadata_decode_ok; sample_preview_failed: Couldn't find appropriate backend to handle uri C:\Users\oscar\OneDrive\Public share - Mix Eval Dataset\MixEvaluation\audio\UnderACoveredSky\McG-K.mp3 and format None.
The DoneFors,Under A Covered Sky,song_underacoveredsky,mix_19dd8c7acab9,McG-L,McG,McGill University,university_or_institution,high,,human_mix,true,false,relationship_tables,matched,C:\Users\oscar\OneDrive\Public share - Mix Eval Dataset\MixEvaluation\audio\UnderACoveredSky\McG-L.mp3,audio/UnderACoveredSky/McG-L.mp3,McG-L.mp3,.mp3,.mp3,48000,2,44.064,192000,1059653,true,unknown,,,false,false,c10c61e49d332c8a2e2007a0917adfe4ed98eaebef37d76bbab9648d8c5af9e7,true,true,,metadata_decode_ok; sample_preview_failed: Couldn't find appropriate backend to handle uri C:\Users\oscar\OneDrive\Public share - Mix Eval Dataset\MixEvaluation\audio\UnderACoveredSky\McG-L.mp3 and format None.
The DoneFors,Under A Covered Sky,song_underacoveredsky,mix_e6267eefe369,McG-M,McG,McGill University,university_or_institution,high,,human_mix,true,false,relationship_tables,matched,C:\Users\oscar\OneDrive\Public share - Mix Eval Dataset\MixEvaluation\audio\UnderACoveredSky\McG-M.mp3,audio/UnderACoveredSky/McG-M.mp3,McG-M.mp3,.mp3,.mp3,48000,2,44.064,192000,1059653,true,unknown,,,false,false,fd0f0b564b31ead34e3345975d63a7e01b2b16fc559c28f445b98abbddf983fd,true,true,,metadata_decode_ok; sample_preview_failed: Couldn't find appropriate backend to handle uri C:\Users\oscar\OneDrive\Public share - Mix Eval Dataset\MixEvaluation\audio\UnderACoveredSky\McG-M.mp3 and format None.
The DoneFors,Under A Covered Sky,song_underacoveredsky,mix_cdbede0b8c5a,McG-N,McG,McGill University,university_or_institution,high,,human_mix,true,false,relationship_tables,matched,C:\Users\oscar\OneDrive\Public share - Mix Eval Dataset\MixEvaluation\audio\UnderACoveredSky\McG-N.mp3,audio/UnderACoveredSky/McG-N.mp3,McG-N.mp3,.mp3,.mp3,48000,2,44.064,192000,1059653,true,unknown,,,false,false,5cf3a7feee25a17ae0b7493f04c728606b908b2fbedbec224c470949fbf3a2c9,true,true,,metadata_decode_ok; sample_preview_failed: Couldn't find appropriate backend to handle uri C:\Users\oscar\OneDrive\Public share - Mix Eval Dataset\MixEvaluation\audio\UnderACoveredSky\McG-N.mp3 and format None.
The DoneFors,Under A Covered Sky,song_underacoveredsky,mix_e4b49813131b,McG-O,McG,McGill University,university_or_institution,high,,human_mix,true,false,relationship_tables,matched,C:\Users\oscar\OneDrive\Public share - Mix Eval Dataset\MixEvaluation\audio\UnderACoveredSky\McG-O.mp3,audio/UnderACoveredSky/McG-O.mp3,McG-O.mp3,.mp3,.mp3,48000,2,44.064,192000,1059653,true,unknown,,,false,false,0d43f28fde0f7c23b775979c78ea3bf649decd328cfd7a577710d47d2cace523,true,true,,metadata_decode_ok; sample_preview_failed: Couldn't find appropriate backend to handle uri C:\Users\oscar\OneDrive\Public share - Mix Eval Dataset\MixEvaluation\audio\UnderACoveredSky\McG-O.mp3 and format None.
The DoneFors,Under A Covered Sky,song_underacoveredsky,mix_cecfbbcf415e,McG-P,McG,McGill University,university_or_institution,high,,human_mix,true,false,relationship_tables,matched,C:\Users\oscar\OneDrive\Public share - Mix Eval Dataset\MixEvaluation\audio\UnderACoveredSky\McG-P.mp3,audio/UnderACoveredSky/McG-P.mp3,McG-P.mp3,.mp3,.mp3,48000,2,44.064,192000,1059653,true,unknown,,,false,false,e20fd38567e8d0e699acac5bd4d578e0682be5c30957d5a8e98c629e699fea37,true,true,,metadata_decode_ok; sample_preview_failed: Couldn't find appropriate backend to handle uri C:\Users\oscar\OneDrive\Public share - Mix Eval Dataset\MixEvaluation\audio\UnderACoveredSky\McG-P.mp3 and format None.
The Districts,Vermont,song_vermont,mix_94dea4d9516e,DU-O2,DU,Dalarna University,university_or_institution,high,,human_mix,true,false,relationship_tables,matched,C:\Users\oscar\OneDrive\Public share - Mix Eval Dataset\MixEvaluation\audio\Vermont\DU-O2.mp3,audio/Vermont/DU-O2.mp3,DU-O2.mp3,.mp3,.mp3,48000,2,53.064,192000,1275653,true,unknown,,,false,false,e16cc085163da1cb78974ed57deff11b66f8425db215e215e4268806694f82af,true,true,,metadata_decode_ok; sample_preview_failed: Couldn't find appropriate backend to handle uri C:\Users\oscar\OneDrive\Public share - Mix Eval Dataset\MixEvaluation\audio\Vermont\DU-O2.mp3 and format None.
The Districts,Vermont,song_vermont,mix_394fbfb78a5d,DU-P2,DU,Dalarna University,university_or_institution,high,,human_mix,true,false,relationship_tables,matched,C:\Users\oscar\OneDrive\Public share - Mix Eval Dataset\MixEvaluation\audio\Vermont\DU-P2.mp3,audio/Vermont/DU-P2.mp3,DU-P2.mp3,.mp3,.mp3,48000,2,53.064,192000,1275653,true,unknown,,,false,false,ec53c1a7076862ea93b9d99a411a442fe4dffb2248775324da6eb66979837e09,true,true,,metadata_decode_ok; sample_preview_failed: Couldn't find appropriate backend to handle uri C:\Users\oscar\OneDrive\Public share - Mix Eval Dataset\MixEvaluation\audio\Vermont\DU-P2.mp3 and format None.
The Districts,Vermont,song_vermont,mix_0ae655011992,PXL-L1,PXL,PXL University College,university_or_institution,high,,human_mix,true,false,relationship_tables,matched,C:\Users\oscar\OneDrive\Public share - Mix Eval Dataset\MixEvaluation\audio\Vermont\PXL-L1.mp3,audio/Vermont/PXL-L1.mp3,PXL-L1.mp3,.mp3,.mp3,48000,2,53.064,192000,1275654,true,unknown,,,false,false,0fe05a8095f67778c5affff9ef78a59ecba0d57e6fe494b4a5d702ffabd7d3fb,true,true,,metadata_decode_ok; sample_preview_failed: Couldn't find appropriate backend to handle uri C:\Users\oscar\OneDrive\Public share - Mix Eval Dataset\MixEvaluation\audio\Vermont\PXL-L1.mp3 and format None.
The Districts,Vermont,song_vermont,mix_66c12fb63344,PXL-L2,PXL,PXL University College,university_or_institution,high,,human_mix,true,false,relationship_tables,matched,C:\Users\oscar\OneDrive\Public share - Mix Eval Dataset\MixEvaluation\audio\Vermont\PXL-L2.mp3,audio/Vermont/PXL-L2.mp3,PXL-L2.mp3,.mp3,.mp3,48000,2,53.064,192000,1275654,true,unknown,,,false,false,a4d6ed2cee004b612e8fdd349ad8ef47cba022107047e1ad4b08ef5e518a1cfd,true,true,,metadata_decode_ok; sample_preview_failed: Couldn't find appropriate backend to handle uri C:\Users\oscar\OneDrive\Public share - Mix Eval Dataset\MixEvaluation\audio\Vermont\PXL-L2.mp3 and format None.
The Districts,Vermont,song_vermont,mix_de21d14989c8,PXL-L3,PXL,PXL University College,university_or_institution,high,,human_mix,true,false,relationship_tables,matched,C:\Users\oscar\OneDrive\Public share - Mix Eval Dataset\MixEvaluation\audio\Vermont\PXL-L3.mp3,audio/Vermont/PXL-L3.mp3,PXL-L3.mp3,.mp3,.mp3,48000,2,53.064,192000,1275654,true,unknown,,,false,false,cc5c65451389c856b9ff74ec1a8f6810760bf6a21b87f2330935c1aa8b0a7b81,true,true,,metadata_decode_ok; sample_preview_failed: Couldn't find appropriate backend to handle uri C:\Users\oscar\OneDrive\Public share - Mix Eval Dataset\MixEvaluation\audio\Vermont\PXL-L3.mp3 and format None.
The Districts,Vermont,song_vermont,mix_9b6f253d1335,PXL-L4,PXL,PXL University College,university_or_institution,high,,human_mix,true,false,relationship_tables,matched,C:\Users\oscar\OneDrive\Public share - Mix Eval Dataset\MixEvaluation\audio\Vermont\PXL-L4.mp3,audio/Vermont/PXL-L4.mp3,PXL-L4.mp3,.mp3,.mp3,48000,2,53.064,192000,1275654,true,unknown,,,false,false,3a482d520b84ec182c8f03604c2e7223dc4e376d1f1b3958cf36d4e00ae15647,true,true,,metadata_decode_ok; sample_preview_failed: Couldn't find appropriate backend to handle uri C:\Users\oscar\OneDrive\Public share - Mix Eval Dataset\MixEvaluation\audio\Vermont\PXL-L4.mp3 and format None.
The Districts,Vermont,song_vermont,mix_bd4d7c6e0ea0,PXL-L5,PXL,PXL University College,university_or_institution,high,,human_mix,true,false,relationship_tables,matched,C:\Users\oscar\OneDrive\Public share - Mix Eval Dataset\MixEvaluation\audio\Vermont\PXL-L5.mp3,audio/Vermont/PXL-L5.mp3,PXL-L5.mp3,.mp3,.mp3,48000,2,53.064,192000,1275654,true,unknown,,,false,false,cc9715a6e83f18ddad790fd508c3661ab942eb231608ac933f57a6918a5f7480,true,true,,metadata_decode_ok; sample_preview_failed: Couldn't find appropriate backend to handle uri C:\Users\oscar\OneDrive\Public share - Mix Eval Dataset\MixEvaluation\audio\Vermont\PXL-L5.mp3 and format None.
Human Radio,You & Me & The Radio,song_youandmeandtheradio,mix_e39114a51e37,UCP-B1,UCP,Universidade Católica Portuguesa,university_or_institution,high,,human_mix,true,false,relationship_tables,matched,C:\Users\oscar\OneDrive\Public share - Mix Eval Dataset\MixEvaluation\audio\YouAndMeAndTheRadio\UCP-B1.mp3,audio/YouAndMeAndTheRadio/UCP-B1.mp3,UCP-B1.mp3,.mp3,.mp3,48000,2,59.04,128000,944877,true,unknown,,,false,false,e55e1057b400ad822e92e1891fb3a81861ffb4f5b53c3616622461f6e8e826bf,true,true,,metadata_decode_ok; sample_preview_failed: Couldn't find appropriate backend to handle uri C:\Users\oscar\OneDrive\Public share - Mix Eval Dataset\MixEvaluation\audio\YouAndMeAndTheRadio\UCP-B1.mp3 and format None.
Human Radio,You & Me & The Radio,song_youandmeandtheradio,mix_0caaf6bd6f2e,UCP-B2,UCP,Universidade Católica Portuguesa,university_or_institution,high,,human_mix,true,false,relationship_tables,matched,C:\Users\oscar\OneDrive\Public share - Mix Eval Dataset\MixEvaluation\audio\YouAndMeAndTheRadio\UCP-B2.mp3,audio/YouAndMeAndTheRadio/UCP-B2.mp3,UCP-B2.mp3,.mp3,.mp3,48000,2,59.04,128000,944877,true,unknown,,,false,false,b5f5d2660e12f2b12aff01f276494cdfb37d09aee0c03d68e9f42382f3161b46,true,true,,metadata_decode_ok; sample_preview_failed: Couldn't find appropriate backend to handle uri C:\Users\oscar\OneDrive\Public share - Mix Eval Dataset\MixEvaluation\audio\YouAndMeAndTheRadio\UCP-B2.mp3 and format None.
Human Radio,You & Me & The Radio,song_youandmeandtheradio,mix_fd1aed6bb611,UCP-B3,UCP,Universidade Católica Portuguesa,university_or_institution,high,,human_mix,true,false,relationship_tables,matched,C:\Users\oscar\OneDrive\Public share - Mix Eval Dataset\MixEvaluation\audio\YouAndMeAndTheRadio\UCP-B3.mp3,audio/YouAndMeAndTheRadio/UCP-B3.mp3,UCP-B3.mp3,.mp3,.mp3,48000,2,59.04,128000,944877,true,unknown,,,false,false,c9f49fc8cfa8015ad15cf4e1f4230b13f3938d994d1d557467ae44b5289b92ec,true,true,,metadata_decode_ok; sample_preview_failed: Couldn't find appropriate backend to handle uri C:\Users\oscar\OneDrive\Public share - Mix Eval Dataset\MixEvaluation\audio\YouAndMeAndTheRadio\UCP-B3.mp3 and format None.
Human Radio,You & Me & The Radio,song_youandmeandtheradio,mix_f24170bfbc7b,UCP-B4,UCP,Universidade Católica Portuguesa,university_or_institution,high,,human_mix,true,false,relationship_tables,matched,C:\Users\oscar\OneDrive\Public share - Mix Eval Dataset\MixEvaluation\audio\YouAndMeAndTheRadio\UCP-B4.mp3,audio/YouAndMeAndTheRadio/UCP-B4.mp3,UCP-B4.mp3,.mp3,.mp3,48000,2,59.04,128000,944877,true,unknown,,,false,false,c31955866baa7044d1ff4e9361893d8f383df0feb1935ba90328f45b0c83ed04,true,true,,metadata_decode_ok; sample_preview_failed: Couldn't find appropriate backend to handle uri C:\Users\oscar\OneDrive\Public share - Mix Eval Dataset\MixEvaluation\audio\YouAndMeAndTheRadio\UCP-B4.mp3 and format None.
