participant_id,group_id,study_group,trial_id,trial_order,trial_index,episode_id,scenario_id,episode_position,context_title,context_label,context_text,context_dominant_function,song_id,excerpt_id,song_position,participant_song_label,song_title,presentation_label,display_position,stimulus_id,actual_mix_id,audio_path,human_rating,rating_set,audio_played,comparative_comment,z_RMS,z_CF,z_SW,z_SI,z_SI_role,target_eligible,target_ineligibility_reasons,history_eligible,history_ineligibility_reasons,history_comment_available,observed_max_rating,observed_preferred_set,observed_preferred_mix,is_single_winner,n_preferred_tied,is_observed_preferred,observed_rank
P001,group_01,group_01,P001__trial_01,1,1,FM-1,FM-1,1,FM-1 - Maintaining Engagement During an Activity,FM-1,"You are engaged in an activity that requires sustained mental or physical effort. As you continue, it becomes more difficult to stay engaged. You want to maintain your focus and motivation so that you can continue making steady progress toward completing the activity. You decide to listen to music while carrying on with the activity.",Focus-Motivation,lead_me,group_01_song_a_lead_me,1,Song A,Lead Me,A,1,lead_me_pxl_l1,mix_d5b28dfc8a93,assets/audio/study-stimuli/main-study/group_01/song_a_lead_me/pxl_l1.wav,19,True,True,Prefer the softer tone,-0.0024436394808062,-0.3677713699084406,-1.2816942263900757,-0.1924460334762285,optional_qc_sensitivity_predictor,True,,True,,True,53,"[""E""]",E,True,1,False,5.0
P001,group_01,group_01,P001__trial_01,1,1,FM-1,FM-1,1,FM-1 - Maintaining Engagement During an Activity,FM-1,"You are engaged in an activity that requires sustained mental or physical effort. As you continue, it becomes more difficult to stay engaged. You want to maintain your focus and motivation so that you can continue making steady progress toward completing the activity. You decide to listen to music while carrying on with the activity.",Focus-Motivation,lead_me,group_01_song_a_lead_me,1,Song A,Lead Me,B,2,lead_me_du_d,mix_f1f7973e5bac,assets/audio/study-stimuli/main-study/group_01/song_a_lead_me/du_d.wav,30,True,True,Prefer the softer tone,0.7402857811167308,-1.548717422055362,0.3280479404435016,-1.017146833506479,optional_qc_sensitivity_predictor,True,,True,,True,53,"[""E""]",E,True,1,False,4.0
P001,group_01,group_01,P001__trial_01,1,1,FM-1,FM-1,1,FM-1 - Maintaining Engagement During an Activity,FM-1,"You are engaged in an activity that requires sustained mental or physical effort. As you continue, it becomes more difficult to stay engaged. You want to maintain your focus and motivation so that you can continue making steady progress toward completing the activity. You decide to listen to music while carrying on with the activity.",Focus-Motivation,lead_me,group_01_song_a_lead_me,1,Song A,Lead Me,C,3,lead_me_mcg_pro2,mix_d3e3580b6e30,assets/audio/study-stimuli/main-study/group_01/song_a_lead_me/mcg_pro2.wav,36,True,True,Prefer the softer tone,2.9805308263561203,0.8594252384169624,-0.9263284806752846,0.048773555233824,optional_qc_sensitivity_predictor,True,,True,,True,53,"[""E""]",E,True,1,False,3.0
P001,group_01,group_01,P001__trial_01,1,1,FM-1,FM-1,1,FM-1 - Maintaining Engagement During an Activity,FM-1,"You are engaged in an activity that requires sustained mental or physical effort. As you continue, it becomes more difficult to stay engaged. You want to maintain your focus and motivation so that you can continue making steady progress toward completing the activity. You decide to listen to music while carrying on with the activity.",Focus-Motivation,lead_me,group_01_song_a_lead_me,1,Song A,Lead Me,D,4,lead_me_du_e,mix_271852ba8676,assets/audio/study-stimuli/main-study/group_01/song_a_lead_me/du_e.wav,42,True,True,Prefer the softer tone,-1.0250576971995913,0.5199952869185839,-0.8666083508697964,0.9959336464039888,optional_qc_sensitivity_predictor,True,,True,,True,53,"[""E""]",E,True,1,False,2.0
P001,group_01,group_01,P001__trial_01,1,1,FM-1,FM-1,1,FM-1 - Maintaining Engagement During an Activity,FM-1,"You are engaged in an activity that requires sustained mental or physical effort. As you continue, it becomes more difficult to stay engaged. You want to maintain your focus and motivation so that you can continue making steady progress toward completing the activity. You decide to listen to music while carrying on with the activity.",Focus-Motivation,lead_me,group_01_song_a_lead_me,1,Song A,Lead Me,E,5,lead_me_pxl_l4,mix_c7d9a071ba25,assets/audio/study-stimuli/main-study/group_01/song_a_lead_me/pxl_l4.wav,53,True,True,Prefer the softer tone,-0.0552007785055364,-0.8412121981784734,0.8321106863211235,2.390299590706203,optional_qc_sensitivity_predictor,True,,True,,True,53,"[""E""]",E,True,1,True,1.0
P001,group_01,group_01,P001__trial_02,2,2,FM-1,FM-1,1,FM-1 - Maintaining Engagement During an Activity,FM-1,"You are engaged in an activity that requires sustained mental or physical effort. As you continue, it becomes more difficult to stay engaged. You want to maintain your focus and motivation so that you can continue making steady progress toward completing the activity. You decide to listen to music while carrying on with the activity.",Focus-Motivation,id_like_to_know,group_01_song_b_id_like_to_know,2,Song B,I'd Like To Know,A,1,id_like_to_know_pxl_s5,mix_82d60d7c7fc5,assets/audio/study-stimuli/main-study/group_01/song_b_id_like_to_know/pxl_s5.wav,29,True,True,Better if upbeat rhythm,-0.3583378408524605,-0.1527662554529231,0.7972705919658362,1.6270752922517937,optional_qc_sensitivity_predictor,True,,True,,True,80,"[""E""]",E,True,1,False,5.0
P001,group_01,group_01,P001__trial_02,2,2,FM-1,FM-1,1,FM-1 - Maintaining Engagement During an Activity,FM-1,"You are engaged in an activity that requires sustained mental or physical effort. As you continue, it becomes more difficult to stay engaged. You want to maintain your focus and motivation so that you can continue making steady progress toward completing the activity. You decide to listen to music while carrying on with the activity.",Focus-Motivation,id_like_to_know,group_01_song_b_id_like_to_know,2,Song B,I'd Like To Know,B,2,id_like_to_know_pxl_s7,mix_b393d3919c78,assets/audio/study-stimuli/main-study/group_01/song_b_id_like_to_know/pxl_s7.wav,66,True,True,Better if upbeat rhythm,-0.867056238017743,-0.6188407399054331,-0.3229009373128245,-1.0515106991885117,optional_qc_sensitivity_predictor,True,,True,,True,80,"[""E""]",E,True,1,False,2.0
P001,group_01,group_01,P001__trial_02,2,2,FM-1,FM-1,1,FM-1 - Maintaining Engagement During an Activity,FM-1,"You are engaged in an activity that requires sustained mental or physical effort. As you continue, it becomes more difficult to stay engaged. You want to maintain your focus and motivation so that you can continue making steady progress toward completing the activity. You decide to listen to music while carrying on with the activity.",Focus-Motivation,id_like_to_know,group_01_song_b_id_like_to_know,2,Song B,I'd Like To Know,C,3,id_like_to_know_pxl_s2,mix_6f8b655d7999,assets/audio/study-stimuli/main-study/group_01/song_b_id_like_to_know/pxl_s2.wav,46,True,True,Better if upbeat rhythm,0.5329997864789321,-1.1874673519330532,-0.7637519766505488,0.5510366380169074,optional_qc_sensitivity_predictor,True,,True,,True,80,"[""E""]",E,True,1,False,4.0
P001,group_01,group_01,P001__trial_02,2,2,FM-1,FM-1,1,FM-1 - Maintaining Engagement During an Activity,FM-1,"You are engaged in an activity that requires sustained mental or physical effort. As you continue, it becomes more difficult to stay engaged. You want to maintain your focus and motivation so that you can continue making steady progress toward completing the activity. You decide to listen to music while carrying on with the activity.",Focus-Motivation,id_like_to_know,group_01_song_b_id_like_to_know,2,Song B,I'd Like To Know,D,4,id_like_to_know_pxl_s3,mix_65f41f41d3ab,assets/audio/study-stimuli/main-study/group_01/song_b_id_like_to_know/pxl_s3.wav,50,True,True,Better if upbeat rhythm,0.3234844364321996,-1.065060189455143,-1.1651773700507613,-0.0982478955990668,optional_qc_sensitivity_predictor,True,,True,,True,80,"[""E""]",E,True,1,False,3.0
P001,group_01,group_01,P001__trial_02,2,2,FM-1,FM-1,1,FM-1 - Maintaining Engagement During an Activity,FM-1,"You are engaged in an activity that requires sustained mental or physical effort. As you continue, it becomes more difficult to stay engaged. You want to maintain your focus and motivation so that you can continue making steady progress toward completing the activity. You decide to listen to music while carrying on with the activity.",Focus-Motivation,id_like_to_know,group_01_song_b_id_like_to_know,2,Song B,I'd Like To Know,E,5,id_like_to_know_pxl_s1,mix_9ffcd672af17,assets/audio/study-stimuli/main-study/group_01/song_b_id_like_to_know/pxl_s1.wav,80,True,True,Better if upbeat rhythm,-0.5659114167269081,-0.579304038497624,-0.4851205015292653,1.357247686182373,optional_qc_sensitivity_predictor,True,,True,,True,80,"[""E""]",E,True,1,True,1.0
P001,group_01,group_01,P001__trial_03,3,3,EDR-2,EDR-2,2,EDR-2 - Unwinding After a Demanding Period,EDR-2,"You have some time for yourself after a demanding period. Although a few everyday concerns are still on your mind, there is nothing that requires your attention right now. You would like to feel calmer and take your mind off these concerns for a while, so you decide to listen to music to help you unwind.",Relaxation-Distraction,id_like_to_know,group_01_song_b_id_like_to_know,1,Song B,I'd Like To Know,A,1,id_like_to_know_pxl_s3,mix_65f41f41d3ab,assets/audio/study-stimuli/main-study/group_01/song_b_id_like_to_know/pxl_s3.wav,22,True,True,More inspiring the D and B,0.3234844364321996,-1.065060189455143,-1.1651773700507613,-0.0982478955990668,optional_qc_sensitivity_predictor,True,,True,,True,82,"[""B""]",B,True,1,False,5.0
P001,group_01,group_01,P001__trial_03,3,3,EDR-2,EDR-2,2,EDR-2 - Unwinding After a Demanding Period,EDR-2,"You have some time for yourself after a demanding period. Although a few everyday concerns are still on your mind, there is nothing that requires your attention right now. You would like to feel calmer and take your mind off these concerns for a while, so you decide to listen to music to help you unwind.",Relaxation-Distraction,id_like_to_know,group_01_song_b_id_like_to_know,1,Song B,I'd Like To Know,B,2,id_like_to_know_pxl_s2,mix_6f8b655d7999,assets/audio/study-stimuli/main-study/group_01/song_b_id_like_to_know/pxl_s2.wav,82,True,True,More inspiring the D and B,0.5329997864789321,-1.1874673519330532,-0.7637519766505488,0.5510366380169074,optional_qc_sensitivity_predictor,True,,True,,True,82,"[""B""]",B,True,1,True,1.0
P001,group_01,group_01,P001__trial_03,3,3,EDR-2,EDR-2,2,EDR-2 - Unwinding After a Demanding Period,EDR-2,"You have some time for yourself after a demanding period. Although a few everyday concerns are still on your mind, there is nothing that requires your attention right now. You would like to feel calmer and take your mind off these concerns for a while, so you decide to listen to music to help you unwind.",Relaxation-Distraction,id_like_to_know,group_01_song_b_id_like_to_know,1,Song B,I'd Like To Know,C,3,id_like_to_know_pxl_s1,mix_9ffcd672af17,assets/audio/study-stimuli/main-study/group_01/song_b_id_like_to_know/pxl_s1.wav,52,True,True,More inspiring the D and B,-0.5659114167269081,-0.579304038497624,-0.4851205015292653,1.357247686182373,optional_qc_sensitivity_predictor,True,,True,,True,82,"[""B""]",B,True,1,False,4.0
P001,group_01,group_01,P001__trial_03,3,3,EDR-2,EDR-2,2,EDR-2 - Unwinding After a Demanding Period,EDR-2,"You have some time for yourself after a demanding period. Although a few everyday concerns are still on your mind, there is nothing that requires your attention right now. You would like to feel calmer and take your mind off these concerns for a while, so you decide to listen to music to help you unwind.",Relaxation-Distraction,id_like_to_know,group_01_song_b_id_like_to_know,1,Song B,I'd Like To Know,D,4,id_like_to_know_pxl_s7,mix_b393d3919c78,assets/audio/study-stimuli/main-study/group_01/song_b_id_like_to_know/pxl_s7.wav,75,True,True,More inspiring the D and B,-0.867056238017743,-0.6188407399054331,-0.3229009373128245,-1.0515106991885117,optional_qc_sensitivity_predictor,True,,True,,True,82,"[""B""]",B,True,1,False,2.0
P001,group_01,group_01,P001__trial_03,3,3,EDR-2,EDR-2,2,EDR-2 - Unwinding After a Demanding Period,EDR-2,"You have some time for yourself after a demanding period. Although a few everyday concerns are still on your mind, there is nothing that requires your attention right now. You would like to feel calmer and take your mind off these concerns for a while, so you decide to listen to music to help you unwind.",Relaxation-Distraction,id_like_to_know,group_01_song_b_id_like_to_know,1,Song B,I'd Like To Know,E,5,id_like_to_know_pxl_s5,mix_82d60d7c7fc5,assets/audio/study-stimuli/main-study/group_01/song_b_id_like_to_know/pxl_s5.wav,59,True,True,More inspiring the D and B,-0.3583378408524605,-0.1527662554529231,0.7972705919658362,1.6270752922517937,optional_qc_sensitivity_predictor,True,,True,,True,82,"[""B""]",B,True,1,False,3.0
P001,group_01,group_01,P001__trial_04,4,4,EDR-2,EDR-2,2,EDR-2 - Unwinding After a Demanding Period,EDR-2,"You have some time for yourself after a demanding period. Although a few everyday concerns are still on your mind, there is nothing that requires your attention right now. You would like to feel calmer and take your mind off these concerns for a while, so you decide to listen to music to help you unwind.",Relaxation-Distraction,lead_me,group_01_song_a_lead_me,2,Song A,Lead Me,A,1,lead_me_du_e,mix_271852ba8676,assets/audio/study-stimuli/main-study/group_01/song_a_lead_me/du_e.wav,17,True,True,Balanced,-1.0250576971995913,0.5199952869185839,-0.8666083508697964,0.9959336464039888,optional_qc_sensitivity_predictor,True,,True,,True,77,"[""E""]",E,True,1,False,5.0
P001,group_01,group_01,P001__trial_04,4,4,EDR-2,EDR-2,2,EDR-2 - Unwinding After a Demanding Period,EDR-2,"You have some time for yourself after a demanding period. Although a few everyday concerns are still on your mind, there is nothing that requires your attention right now. You would like to feel calmer and take your mind off these concerns for a while, so you decide to listen to music to help you unwind.",Relaxation-Distraction,lead_me,group_01_song_a_lead_me,2,Song A,Lead Me,B,2,lead_me_pxl_l1,mix_d5b28dfc8a93,assets/audio/study-stimuli/main-study/group_01/song_a_lead_me/pxl_l1.wav,34,True,True,Balanced,-0.0024436394808062,-0.3677713699084406,-1.2816942263900757,-0.1924460334762285,optional_qc_sensitivity_predictor,True,,True,,True,77,"[""E""]",E,True,1,False,3.0
P001,group_01,group_01,P001__trial_04,4,4,EDR-2,EDR-2,2,EDR-2 - Unwinding After a Demanding Period,EDR-2,"You have some time for yourself after a demanding period. Although a few everyday concerns are still on your mind, there is nothing that requires your attention right now. You would like to feel calmer and take your mind off these concerns for a while, so you decide to listen to music to help you unwind.",Relaxation-Distraction,lead_me,group_01_song_a_lead_me,2,Song A,Lead Me,C,3,lead_me_mcg_pro2,mix_d3e3580b6e30,assets/audio/study-stimuli/main-study/group_01/song_a_lead_me/mcg_pro2.wav,51,True,True,Balanced,2.9805308263561203,0.8594252384169624,-0.9263284806752846,0.048773555233824,optional_qc_sensitivity_predictor,True,,True,,True,77,"[""E""]",E,True,1,False,2.0
P001,group_01,group_01,P001__trial_04,4,4,EDR-2,EDR-2,2,EDR-2 - Unwinding After a Demanding Period,EDR-2,"You have some time for yourself after a demanding period. Although a few everyday concerns are still on your mind, there is nothing that requires your attention right now. You would like to feel calmer and take your mind off these concerns for a while, so you decide to listen to music to help you unwind.",Relaxation-Distraction,lead_me,group_01_song_a_lead_me,2,Song A,Lead Me,D,4,lead_me_du_d,mix_f1f7973e5bac,assets/audio/study-stimuli/main-study/group_01/song_a_lead_me/du_d.wav,25,True,True,Balanced,0.7402857811167308,-1.548717422055362,0.3280479404435016,-1.017146833506479,optional_qc_sensitivity_predictor,True,,True,,True,77,"[""E""]",E,True,1,False,4.0
P001,group_01,group_01,P001__trial_04,4,4,EDR-2,EDR-2,2,EDR-2 - Unwinding After a Demanding Period,EDR-2,"You have some time for yourself after a demanding period. Although a few everyday concerns are still on your mind, there is nothing that requires your attention right now. You would like to feel calmer and take your mind off these concerns for a while, so you decide to listen to music to help you unwind.",Relaxation-Distraction,lead_me,group_01_song_a_lead_me,2,Song A,Lead Me,E,5,lead_me_pxl_l4,mix_c7d9a071ba25,assets/audio/study-stimuli/main-study/group_01/song_a_lead_me/pxl_l4.wav,77,True,True,Balanced,-0.0552007785055364,-0.8412121981784734,0.8321106863211235,2.390299590706203,optional_qc_sensitivity_predictor,True,,True,,True,77,"[""E""]",E,True,1,True,1.0
P001,group_01,group_01,P001__trial_05,5,5,EDR-1,EDR-1,3,EDR-1 - Enjoying Free Time,EDR-1,"You have some free time and no immediate responsibilities that require your attention. You are not feeling tired or worried, but you would like to enjoy your time rather than let it pass uneventfully. You decide to listen to music for entertainment, making your free time more enjoyable.",Enjoyment,lead_me,group_01_song_a_lead_me,1,Song A,Lead Me,A,1,lead_me_pxl_l4,mix_c7d9a071ba25,assets/audio/study-stimuli/main-study/group_01/song_a_lead_me/pxl_l4.wav,39,True,True,Prefer something to enjoy without paying to much attention to,-0.0552007785055364,-0.8412121981784734,0.8321106863211235,2.390299590706203,optional_qc_sensitivity_predictor,True,,True,,True,72,"[""C""]",C,True,1,False,3.0
P001,group_01,group_01,P001__trial_05,5,5,EDR-1,EDR-1,3,EDR-1 - Enjoying Free Time,EDR-1,"You have some free time and no immediate responsibilities that require your attention. You are not feeling tired or worried, but you would like to enjoy your time rather than let it pass uneventfully. You decide to listen to music for entertainment, making your free time more enjoyable.",Enjoyment,lead_me,group_01_song_a_lead_me,1,Song A,Lead Me,B,2,lead_me_mcg_pro2,mix_d3e3580b6e30,assets/audio/study-stimuli/main-study/group_01/song_a_lead_me/mcg_pro2.wav,24,True,True,Prefer something to enjoy without paying to much attention to,2.9805308263561203,0.8594252384169624,-0.9263284806752846,0.048773555233824,optional_qc_sensitivity_predictor,True,,True,,True,72,"[""C""]",C,True,1,False,5.0
P001,group_01,group_01,P001__trial_05,5,5,EDR-1,EDR-1,3,EDR-1 - Enjoying Free Time,EDR-1,"You have some free time and no immediate responsibilities that require your attention. You are not feeling tired or worried, but you would like to enjoy your time rather than let it pass uneventfully. You decide to listen to music for entertainment, making your free time more enjoyable.",Enjoyment,lead_me,group_01_song_a_lead_me,1,Song A,Lead Me,C,3,lead_me_du_d,mix_f1f7973e5bac,assets/audio/study-stimuli/main-study/group_01/song_a_lead_me/du_d.wav,72,True,True,Prefer something to enjoy without paying to much attention to,0.7402857811167308,-1.548717422055362,0.3280479404435016,-1.017146833506479,optional_qc_sensitivity_predictor,True,,True,,True,72,"[""C""]",C,True,1,True,1.0
P001,group_01,group_01,P001__trial_05,5,5,EDR-1,EDR-1,3,EDR-1 - Enjoying Free Time,EDR-1,"You have some free time and no immediate responsibilities that require your attention. You are not feeling tired or worried, but you would like to enjoy your time rather than let it pass uneventfully. You decide to listen to music for entertainment, making your free time more enjoyable.",Enjoyment,lead_me,group_01_song_a_lead_me,1,Song A,Lead Me,D,4,lead_me_pxl_l1,mix_d5b28dfc8a93,assets/audio/study-stimuli/main-study/group_01/song_a_lead_me/pxl_l1.wav,29,True,True,Prefer something to enjoy without paying to much attention to,-0.0024436394808062,-0.3677713699084406,-1.2816942263900757,-0.1924460334762285,optional_qc_sensitivity_predictor,True,,True,,True,72,"[""C""]",C,True,1,False,4.0
P001,group_01,group_01,P001__trial_05,5,5,EDR-1,EDR-1,3,EDR-1 - Enjoying Free Time,EDR-1,"You have some free time and no immediate responsibilities that require your attention. You are not feeling tired or worried, but you would like to enjoy your time rather than let it pass uneventfully. You decide to listen to music for entertainment, making your free time more enjoyable.",Enjoyment,lead_me,group_01_song_a_lead_me,1,Song A,Lead Me,E,5,lead_me_du_e,mix_271852ba8676,assets/audio/study-stimuli/main-study/group_01/song_a_lead_me/du_e.wav,50,True,True,Prefer something to enjoy without paying to much attention to,-1.0250576971995913,0.5199952869185839,-0.8666083508697964,0.9959336464039888,optional_qc_sensitivity_predictor,True,,True,,True,72,"[""C""]",C,True,1,False,2.0
P001,group_01,group_01,P001__trial_06,6,6,EDR-1,EDR-1,3,EDR-1 - Enjoying Free Time,EDR-1,"You have some free time and no immediate responsibilities that require your attention. You are not feeling tired or worried, but you would like to enjoy your time rather than let it pass uneventfully. You decide to listen to music for entertainment, making your free time more enjoyable.",Enjoyment,id_like_to_know,group_01_song_b_id_like_to_know,2,Song B,I'd Like To Know,A,1,id_like_to_know_pxl_s5,mix_82d60d7c7fc5,assets/audio/study-stimuli/main-study/group_01/song_b_id_like_to_know/pxl_s5.wav,22,True,True,Better transitions,-0.3583378408524605,-0.1527662554529231,0.7972705919658362,1.6270752922517937,optional_qc_sensitivity_predictor,True,,True,,True,75,"[""D""]",D,True,1,False,5.0
P001,group_01,group_01,P001__trial_06,6,6,EDR-1,EDR-1,3,EDR-1 - Enjoying Free Time,EDR-1,"You have some free time and no immediate responsibilities that require your attention. You are not feeling tired or worried, but you would like to enjoy your time rather than let it pass uneventfully. You decide to listen to music for entertainment, making your free time more enjoyable.",Enjoyment,id_like_to_know,group_01_song_b_id_like_to_know,2,Song B,I'd Like To Know,B,2,id_like_to_know_pxl_s2,mix_6f8b655d7999,assets/audio/study-stimuli/main-study/group_01/song_b_id_like_to_know/pxl_s2.wav,50,True,True,Better transitions,0.5329997864789321,-1.1874673519330532,-0.7637519766505488,0.5510366380169074,optional_qc_sensitivity_predictor,True,,True,,True,75,"[""D""]",D,True,1,False,3.0
P001,group_01,group_01,P001__trial_06,6,6,EDR-1,EDR-1,3,EDR-1 - Enjoying Free Time,EDR-1,"You have some free time and no immediate responsibilities that require your attention. You are not feeling tired or worried, but you would like to enjoy your time rather than let it pass uneventfully. You decide to listen to music for entertainment, making your free time more enjoyable.",Enjoyment,id_like_to_know,group_01_song_b_id_like_to_know,2,Song B,I'd Like To Know,C,3,id_like_to_know_pxl_s3,mix_65f41f41d3ab,assets/audio/study-stimuli/main-study/group_01/song_b_id_like_to_know/pxl_s3.wav,39,True,True,Better transitions,0.3234844364321996,-1.065060189455143,-1.1651773700507613,-0.0982478955990668,optional_qc_sensitivity_predictor,True,,True,,True,75,"[""D""]",D,True,1,False,4.0
P001,group_01,group_01,P001__trial_06,6,6,EDR-1,EDR-1,3,EDR-1 - Enjoying Free Time,EDR-1,"You have some free time and no immediate responsibilities that require your attention. You are not feeling tired or worried, but you would like to enjoy your time rather than let it pass uneventfully. You decide to listen to music for entertainment, making your free time more enjoyable.",Enjoyment,id_like_to_know,group_01_song_b_id_like_to_know,2,Song B,I'd Like To Know,D,4,id_like_to_know_pxl_s1,mix_9ffcd672af17,assets/audio/study-stimuli/main-study/group_01/song_b_id_like_to_know/pxl_s1.wav,75,True,True,Better transitions,-0.5659114167269081,-0.579304038497624,-0.4851205015292653,1.357247686182373,optional_qc_sensitivity_predictor,True,,True,,True,75,"[""D""]",D,True,1,True,1.0
P001,group_01,group_01,P001__trial_06,6,6,EDR-1,EDR-1,3,EDR-1 - Enjoying Free Time,EDR-1,"You have some free time and no immediate responsibilities that require your attention. You are not feeling tired or worried, but you would like to enjoy your time rather than let it pass uneventfully. You decide to listen to music for entertainment, making your free time more enjoyable.",Enjoyment,id_like_to_know,group_01_song_b_id_like_to_know,2,Song B,I'd Like To Know,E,5,id_like_to_know_pxl_s7,mix_b393d3919c78,assets/audio/study-stimuli/main-study/group_01/song_b_id_like_to_know/pxl_s7.wav,67,True,True,Better transitions,-0.867056238017743,-0.6188407399054331,-0.3229009373128245,-1.0515106991885117,optional_qc_sensitivity_predictor,True,,True,,True,75,"[""D""]",D,True,1,False,2.0
P002,group_01,group_01,P002__trial_01,1,1,EDR-2,EDR-2,1,EDR-2 - Unwinding After a Demanding Period,EDR-2,"You have some time for yourself after a demanding period. Although a few everyday concerns are still on your mind, there is nothing that requires your attention right now. You would like to feel calmer and take your mind off these concerns for a while, so you decide to listen to music to help you unwind.",Relaxation-Distraction,id_like_to_know,group_01_song_b_id_like_to_know,1,Song B,I'd Like To Know,A,1,id_like_to_know_pxl_s3,mix_65f41f41d3ab,assets/audio/study-stimuli/main-study/group_01/song_b_id_like_to_know/pxl_s3.wav,27,True,True,"A- sounds normal
E- sounds more crisp
D/C- sounds similar but seems to have a more chill vibe
B- it seems to have a more open feeling and sounds nicer. ",0.3234844364321996,-1.065060189455143,-1.1651773700507613,-0.0982478955990668,optional_qc_sensitivity_predictor,True,,True,,True,75,"[""B""]",B,True,1,False,5.0
P002,group_01,group_01,P002__trial_01,1,1,EDR-2,EDR-2,1,EDR-2 - Unwinding After a Demanding Period,EDR-2,"You have some time for yourself after a demanding period. Although a few everyday concerns are still on your mind, there is nothing that requires your attention right now. You would like to feel calmer and take your mind off these concerns for a while, so you decide to listen to music to help you unwind.",Relaxation-Distraction,id_like_to_know,group_01_song_b_id_like_to_know,1,Song B,I'd Like To Know,B,2,id_like_to_know_pxl_s1,mix_9ffcd672af17,assets/audio/study-stimuli/main-study/group_01/song_b_id_like_to_know/pxl_s1.wav,75,True,True,"A- sounds normal
E- sounds more crisp
D/C- sounds similar but seems to have a more chill vibe
B- it seems to have a more open feeling and sounds nicer. ",-0.5659114167269081,-0.579304038497624,-0.4851205015292653,1.357247686182373,optional_qc_sensitivity_predictor,True,,True,,True,75,"[""B""]",B,True,1,True,1.0
P002,group_01,group_01,P002__trial_01,1,1,EDR-2,EDR-2,1,EDR-2 - Unwinding After a Demanding Period,EDR-2,"You have some time for yourself after a demanding period. Although a few everyday concerns are still on your mind, there is nothing that requires your attention right now. You would like to feel calmer and take your mind off these concerns for a while, so you decide to listen to music to help you unwind.",Relaxation-Distraction,id_like_to_know,group_01_song_b_id_like_to_know,1,Song B,I'd Like To Know,C,3,id_like_to_know_pxl_s2,mix_6f8b655d7999,assets/audio/study-stimuli/main-study/group_01/song_b_id_like_to_know/pxl_s2.wav,58,True,True,"A- sounds normal
E- sounds more crisp
D/C- sounds similar but seems to have a more chill vibe
B- it seems to have a more open feeling and sounds nicer. ",0.5329997864789321,-1.1874673519330532,-0.7637519766505488,0.5510366380169074,optional_qc_sensitivity_predictor,True,,True,,True,75,"[""B""]",B,True,1,False,2.0
P002,group_01,group_01,P002__trial_01,1,1,EDR-2,EDR-2,1,EDR-2 - Unwinding After a Demanding Period,EDR-2,"You have some time for yourself after a demanding period. Although a few everyday concerns are still on your mind, there is nothing that requires your attention right now. You would like to feel calmer and take your mind off these concerns for a while, so you decide to listen to music to help you unwind.",Relaxation-Distraction,id_like_to_know,group_01_song_b_id_like_to_know,1,Song B,I'd Like To Know,D,4,id_like_to_know_pxl_s7,mix_b393d3919c78,assets/audio/study-stimuli/main-study/group_01/song_b_id_like_to_know/pxl_s7.wav,53,True,True,"A- sounds normal
E- sounds more crisp
D/C- sounds similar but seems to have a more chill vibe
B- it seems to have a more open feeling and sounds nicer. ",-0.867056238017743,-0.6188407399054331,-0.3229009373128245,-1.0515106991885117,optional_qc_sensitivity_predictor,True,,True,,True,75,"[""B""]",B,True,1,False,3.0
P002,group_01,group_01,P002__trial_01,1,1,EDR-2,EDR-2,1,EDR-2 - Unwinding After a Demanding Period,EDR-2,"You have some time for yourself after a demanding period. Although a few everyday concerns are still on your mind, there is nothing that requires your attention right now. You would like to feel calmer and take your mind off these concerns for a while, so you decide to listen to music to help you unwind.",Relaxation-Distraction,id_like_to_know,group_01_song_b_id_like_to_know,1,Song B,I'd Like To Know,E,5,id_like_to_know_pxl_s5,mix_82d60d7c7fc5,assets/audio/study-stimuli/main-study/group_01/song_b_id_like_to_know/pxl_s5.wav,38,True,True,"A- sounds normal
E- sounds more crisp
D/C- sounds similar but seems to have a more chill vibe
B- it seems to have a more open feeling and sounds nicer. ",-0.3583378408524605,-0.1527662554529231,0.7972705919658362,1.6270752922517937,optional_qc_sensitivity_predictor,True,,True,,True,75,"[""B""]",B,True,1,False,4.0
P002,group_01,group_01,P002__trial_02,2,2,EDR-2,EDR-2,1,EDR-2 - Unwinding After a Demanding Period,EDR-2,"You have some time for yourself after a demanding period. Although a few everyday concerns are still on your mind, there is nothing that requires your attention right now. You would like to feel calmer and take your mind off these concerns for a while, so you decide to listen to music to help you unwind.",Relaxation-Distraction,lead_me,group_01_song_a_lead_me,2,Song A,Lead Me,A,1,lead_me_du_d,mix_f1f7973e5bac,assets/audio/study-stimuli/main-study/group_01/song_a_lead_me/du_d.wav,61,True,True,"D- sounds too echoiy and noisy
E- also sounds echoiy
C- seems to have a noise-cancellation effect 
A- noise cancellation effect and nice bass
B - has both and lower tune so its more chill",0.7402857811167308,-1.548717422055362,0.3280479404435016,-1.017146833506479,optional_qc_sensitivity_predictor,True,,True,,True,82,"[""B""]",B,True,1,False,2.0
P002,group_01,group_01,P002__trial_02,2,2,EDR-2,EDR-2,1,EDR-2 - Unwinding After a Demanding Period,EDR-2,"You have some time for yourself after a demanding period. Although a few everyday concerns are still on your mind, there is nothing that requires your attention right now. You would like to feel calmer and take your mind off these concerns for a while, so you decide to listen to music to help you unwind.",Relaxation-Distraction,lead_me,group_01_song_a_lead_me,2,Song A,Lead Me,B,2,lead_me_mcg_pro2,mix_d3e3580b6e30,assets/audio/study-stimuli/main-study/group_01/song_a_lead_me/mcg_pro2.wav,82,True,True,"D- sounds too echoiy and noisy
E- also sounds echoiy
C- seems to have a noise-cancellation effect 
A- noise cancellation effect and nice bass
B - has both and lower tune so its more chill",2.9805308263561203,0.8594252384169624,-0.9263284806752846,0.048773555233824,optional_qc_sensitivity_predictor,True,,True,,True,82,"[""B""]",B,True,1,True,1.0
P002,group_01,group_01,P002__trial_02,2,2,EDR-2,EDR-2,1,EDR-2 - Unwinding After a Demanding Period,EDR-2,"You have some time for yourself after a demanding period. Although a few everyday concerns are still on your mind, there is nothing that requires your attention right now. You would like to feel calmer and take your mind off these concerns for a while, so you decide to listen to music to help you unwind.",Relaxation-Distraction,lead_me,group_01_song_a_lead_me,2,Song A,Lead Me,C,3,lead_me_du_e,mix_271852ba8676,assets/audio/study-stimuli/main-study/group_01/song_a_lead_me/du_e.wav,50,True,True,"D- sounds too echoiy and noisy
E- also sounds echoiy
C- seems to have a noise-cancellation effect 
A- noise cancellation effect and nice bass
B - has both and lower tune so its more chill",-1.0250576971995913,0.5199952869185839,-0.8666083508697964,0.9959336464039888,optional_qc_sensitivity_predictor,True,,True,,True,82,"[""B""]",B,True,1,False,3.0
P002,group_01,group_01,P002__trial_02,2,2,EDR-2,EDR-2,1,EDR-2 - Unwinding After a Demanding Period,EDR-2,"You have some time for yourself after a demanding period. Although a few everyday concerns are still on your mind, there is nothing that requires your attention right now. You would like to feel calmer and take your mind off these concerns for a while, so you decide to listen to music to help you unwind.",Relaxation-Distraction,lead_me,group_01_song_a_lead_me,2,Song A,Lead Me,D,4,lead_me_pxl_l4,mix_c7d9a071ba25,assets/audio/study-stimuli/main-study/group_01/song_a_lead_me/pxl_l4.wav,8,True,True,"D- sounds too echoiy and noisy
E- also sounds echoiy
C- seems to have a noise-cancellation effect 
A- noise cancellation effect and nice bass
B - has both and lower tune so its more chill",-0.0552007785055364,-0.8412121981784734,0.8321106863211235,2.390299590706203,optional_qc_sensitivity_predictor,True,,True,,True,82,"[""B""]",B,True,1,False,5.0
P002,group_01,group_01,P002__trial_02,2,2,EDR-2,EDR-2,1,EDR-2 - Unwinding After a Demanding Period,EDR-2,"You have some time for yourself after a demanding period. Although a few everyday concerns are still on your mind, there is nothing that requires your attention right now. You would like to feel calmer and take your mind off these concerns for a while, so you decide to listen to music to help you unwind.",Relaxation-Distraction,lead_me,group_01_song_a_lead_me,2,Song A,Lead Me,E,5,lead_me_pxl_l1,mix_d5b28dfc8a93,assets/audio/study-stimuli/main-study/group_01/song_a_lead_me/pxl_l1.wav,25,True,True,"D- sounds too echoiy and noisy
E- also sounds echoiy
C- seems to have a noise-cancellation effect 
A- noise cancellation effect and nice bass
B - has both and lower tune so its more chill",-0.0024436394808062,-0.3677713699084406,-1.2816942263900757,-0.1924460334762285,optional_qc_sensitivity_predictor,True,,True,,True,82,"[""B""]",B,True,1,False,4.0
P002,group_01,group_01,P002__trial_03,3,3,EDR-1,EDR-1,2,EDR-1 - Enjoying Free Time,EDR-1,"You have some free time and no immediate responsibilities that require your attention. You are not feeling tired or worried, but you would like to enjoy your time rather than let it pass uneventfully. You decide to listen to music for entertainment, making your free time more enjoyable.",Enjoyment,id_like_to_know,group_01_song_b_id_like_to_know,1,Song B,I'd Like To Know,A,1,id_like_to_know_pxl_s7,mix_b393d3919c78,assets/audio/study-stimuli/main-study/group_01/song_b_id_like_to_know/pxl_s7.wav,76,True,True,"D- if i want to enjoy myself, this would be too quiet and chill
E/B - less chill than D
C - has a more open vibe and happy
A - open and upbeat vibes, like happier",-0.867056238017743,-0.6188407399054331,-0.3229009373128245,-1.0515106991885117,optional_qc_sensitivity_predictor,True,,True,,True,76,"[""A""]",A,True,1,True,1.0
P002,group_01,group_01,P002__trial_03,3,3,EDR-1,EDR-1,2,EDR-1 - Enjoying Free Time,EDR-1,"You have some free time and no immediate responsibilities that require your attention. You are not feeling tired or worried, but you would like to enjoy your time rather than let it pass uneventfully. You decide to listen to music for entertainment, making your free time more enjoyable.",Enjoyment,id_like_to_know,group_01_song_b_id_like_to_know,1,Song B,I'd Like To Know,B,2,id_like_to_know_pxl_s5,mix_82d60d7c7fc5,assets/audio/study-stimuli/main-study/group_01/song_b_id_like_to_know/pxl_s5.wav,41,True,True,"D- if i want to enjoy myself, this would be too quiet and chill
E/B - less chill than D
C - has a more open vibe and happy
A - open and upbeat vibes, like happier",-0.3583378408524605,-0.1527662554529231,0.7972705919658362,1.6270752922517937,optional_qc_sensitivity_predictor,True,,True,,True,76,"[""A""]",A,True,1,False,3.0
P002,group_01,group_01,P002__trial_03,3,3,EDR-1,EDR-1,2,EDR-1 - Enjoying Free Time,EDR-1,"You have some free time and no immediate responsibilities that require your attention. You are not feeling tired or worried, but you would like to enjoy your time rather than let it pass uneventfully. You decide to listen to music for entertainment, making your free time more enjoyable.",Enjoyment,id_like_to_know,group_01_song_b_id_like_to_know,1,Song B,I'd Like To Know,C,3,id_like_to_know_pxl_s1,mix_9ffcd672af17,assets/audio/study-stimuli/main-study/group_01/song_b_id_like_to_know/pxl_s1.wav,63,True,True,"D- if i want to enjoy myself, this would be too quiet and chill
E/B - less chill than D
C - has a more open vibe and happy
A - open and upbeat vibes, like happier",-0.5659114167269081,-0.579304038497624,-0.4851205015292653,1.357247686182373,optional_qc_sensitivity_predictor,True,,True,,True,76,"[""A""]",A,True,1,False,2.0
P002,group_01,group_01,P002__trial_03,3,3,EDR-1,EDR-1,2,EDR-1 - Enjoying Free Time,EDR-1,"You have some free time and no immediate responsibilities that require your attention. You are not feeling tired or worried, but you would like to enjoy your time rather than let it pass uneventfully. You decide to listen to music for entertainment, making your free time more enjoyable.",Enjoyment,id_like_to_know,group_01_song_b_id_like_to_know,1,Song B,I'd Like To Know,D,4,id_like_to_know_pxl_s3,mix_65f41f41d3ab,assets/audio/study-stimuli/main-study/group_01/song_b_id_like_to_know/pxl_s3.wav,12,True,True,"D- if i want to enjoy myself, this would be too quiet and chill
E/B - less chill than D
C - has a more open vibe and happy
A - open and upbeat vibes, like happier",0.3234844364321996,-1.065060189455143,-1.1651773700507613,-0.0982478955990668,optional_qc_sensitivity_predictor,True,,True,,True,76,"[""A""]",A,True,1,False,5.0
P002,group_01,group_01,P002__trial_03,3,3,EDR-1,EDR-1,2,EDR-1 - Enjoying Free Time,EDR-1,"You have some free time and no immediate responsibilities that require your attention. You are not feeling tired or worried, but you would like to enjoy your time rather than let it pass uneventfully. You decide to listen to music for entertainment, making your free time more enjoyable.",Enjoyment,id_like_to_know,group_01_song_b_id_like_to_know,1,Song B,I'd Like To Know,E,5,id_like_to_know_pxl_s2,mix_6f8b655d7999,assets/audio/study-stimuli/main-study/group_01/song_b_id_like_to_know/pxl_s2.wav,36,True,True,"D- if i want to enjoy myself, this would be too quiet and chill
E/B - less chill than D
C - has a more open vibe and happy
A - open and upbeat vibes, like happier",0.5329997864789321,-1.1874673519330532,-0.7637519766505488,0.5510366380169074,optional_qc_sensitivity_predictor,True,,True,,True,76,"[""A""]",A,True,1,False,4.0
P002,group_01,group_01,P002__trial_04,4,4,EDR-1,EDR-1,2,EDR-1 - Enjoying Free Time,EDR-1,"You have some free time and no immediate responsibilities that require your attention. You are not feeling tired or worried, but you would like to enjoy your time rather than let it pass uneventfully. You decide to listen to music for entertainment, making your free time more enjoyable.",Enjoyment,lead_me,group_01_song_a_lead_me,2,Song A,Lead Me,A,1,lead_me_du_e,mix_271852ba8676,assets/audio/study-stimuli/main-study/group_01/song_a_lead_me/du_e.wav,59,True,True,"E/D - echoiy
B - nice vibes 
A - has a more open and happier vibe
C - good vibes, upbeat",-1.0250576971995913,0.5199952869185839,-0.8666083508697964,0.9959336464039888,optional_qc_sensitivity_predictor,True,,True,,True,77,"[""C""]",C,True,1,False,2.0
P002,group_01,group_01,P002__trial_04,4,4,EDR-1,EDR-1,2,EDR-1 - Enjoying Free Time,EDR-1,"You have some free time and no immediate responsibilities that require your attention. You are not feeling tired or worried, but you would like to enjoy your time rather than let it pass uneventfully. You decide to listen to music for entertainment, making your free time more enjoyable.",Enjoyment,lead_me,group_01_song_a_lead_me,2,Song A,Lead Me,B,2,lead_me_mcg_pro2,mix_d3e3580b6e30,assets/audio/study-stimuli/main-study/group_01/song_a_lead_me/mcg_pro2.wav,49,True,True,"E/D - echoiy
B - nice vibes 
A - has a more open and happier vibe
C - good vibes, upbeat",2.9805308263561203,0.8594252384169624,-0.9263284806752846,0.048773555233824,optional_qc_sensitivity_predictor,True,,True,,True,77,"[""C""]",C,True,1,False,3.0
P002,group_01,group_01,P002__trial_04,4,4,EDR-1,EDR-1,2,EDR-1 - Enjoying Free Time,EDR-1,"You have some free time and no immediate responsibilities that require your attention. You are not feeling tired or worried, but you would like to enjoy your time rather than let it pass uneventfully. You decide to listen to music for entertainment, making your free time more enjoyable.",Enjoyment,lead_me,group_01_song_a_lead_me,2,Song A,Lead Me,C,3,lead_me_du_d,mix_f1f7973e5bac,assets/audio/study-stimuli/main-study/group_01/song_a_lead_me/du_d.wav,77,True,True,"E/D - echoiy
B - nice vibes 
A - has a more open and happier vibe
C - good vibes, upbeat",0.7402857811167308,-1.548717422055362,0.3280479404435016,-1.017146833506479,optional_qc_sensitivity_predictor,True,,True,,True,77,"[""C""]",C,True,1,True,1.0
P002,group_01,group_01,P002__trial_04,4,4,EDR-1,EDR-1,2,EDR-1 - Enjoying Free Time,EDR-1,"You have some free time and no immediate responsibilities that require your attention. You are not feeling tired or worried, but you would like to enjoy your time rather than let it pass uneventfully. You decide to listen to music for entertainment, making your free time more enjoyable.",Enjoyment,lead_me,group_01_song_a_lead_me,2,Song A,Lead Me,D,4,lead_me_pxl_l4,mix_c7d9a071ba25,assets/audio/study-stimuli/main-study/group_01/song_a_lead_me/pxl_l4.wav,15,True,True,"E/D - echoiy
B - nice vibes 
A - has a more open and happier vibe
C - good vibes, upbeat",-0.0552007785055364,-0.8412121981784734,0.8321106863211235,2.390299590706203,optional_qc_sensitivity_predictor,True,,True,,True,77,"[""C""]",C,True,1,False,4.0
P002,group_01,group_01,P002__trial_04,4,4,EDR-1,EDR-1,2,EDR-1 - Enjoying Free Time,EDR-1,"You have some free time and no immediate responsibilities that require your attention. You are not feeling tired or worried, but you would like to enjoy your time rather than let it pass uneventfully. You decide to listen to music for entertainment, making your free time more enjoyable.",Enjoyment,lead_me,group_01_song_a_lead_me,2,Song A,Lead Me,E,5,lead_me_pxl_l1,mix_d5b28dfc8a93,assets/audio/study-stimuli/main-study/group_01/song_a_lead_me/pxl_l1.wav,7,True,True,"E/D - echoiy
B - nice vibes 
A - has a more open and happier vibe
C - good vibes, upbeat",-0.0024436394808062,-0.3677713699084406,-1.2816942263900757,-0.1924460334762285,optional_qc_sensitivity_predictor,True,,True,,True,77,"[""C""]",C,True,1,False,5.0
P002,group_01,group_01,P002__trial_05,5,5,FM-1,FM-1,3,FM-1 - Maintaining Engagement During an Activity,FM-1,"You are engaged in an activity that requires sustained mental or physical effort. As you continue, it becomes more difficult to stay engaged. You want to maintain your focus and motivation so that you can continue making steady progress toward completing the activity. You decide to listen to music while carrying on with the activity.",Focus-Motivation,lead_me,group_01_song_a_lead_me,1,Song A,Lead Me,A,1,lead_me_du_e,mix_271852ba8676,assets/audio/study-stimuli/main-study/group_01/song_a_lead_me/du_e.wav,31,True,True,"E/D - echoiy and noisy
A - cant focus, too noisy but less echoiy
B - nice but not something i would listen to maintain focus
C - just the right volume to maintain focus
",-1.0250576971995913,0.5199952869185839,-0.8666083508697964,0.9959336464039888,optional_qc_sensitivity_predictor,True,,True,,True,76,"[""C""]",C,True,1,False,3.0
P002,group_01,group_01,P002__trial_05,5,5,FM-1,FM-1,3,FM-1 - Maintaining Engagement During an Activity,FM-1,"You are engaged in an activity that requires sustained mental or physical effort. As you continue, it becomes more difficult to stay engaged. You want to maintain your focus and motivation so that you can continue making steady progress toward completing the activity. You decide to listen to music while carrying on with the activity.",Focus-Motivation,lead_me,group_01_song_a_lead_me,1,Song A,Lead Me,B,2,lead_me_du_d,mix_f1f7973e5bac,assets/audio/study-stimuli/main-study/group_01/song_a_lead_me/du_d.wav,50,True,True,"E/D - echoiy and noisy
A - cant focus, too noisy but less echoiy
B - nice but not something i would listen to maintain focus
C - just the right volume to maintain focus
",0.7402857811167308,-1.548717422055362,0.3280479404435016,-1.017146833506479,optional_qc_sensitivity_predictor,True,,True,,True,76,"[""C""]",C,True,1,False,2.0
P002,group_01,group_01,P002__trial_05,5,5,FM-1,FM-1,3,FM-1 - Maintaining Engagement During an Activity,FM-1,"You are engaged in an activity that requires sustained mental or physical effort. As you continue, it becomes more difficult to stay engaged. You want to maintain your focus and motivation so that you can continue making steady progress toward completing the activity. You decide to listen to music while carrying on with the activity.",Focus-Motivation,lead_me,group_01_song_a_lead_me,1,Song A,Lead Me,C,3,lead_me_mcg_pro2,mix_d3e3580b6e30,assets/audio/study-stimuli/main-study/group_01/song_a_lead_me/mcg_pro2.wav,76,True,True,"E/D - echoiy and noisy
A - cant focus, too noisy but less echoiy
B - nice but not something i would listen to maintain focus
C - just the right volume to maintain focus
",2.9805308263561203,0.8594252384169624,-0.9263284806752846,0.048773555233824,optional_qc_sensitivity_predictor,True,,True,,True,76,"[""C""]",C,True,1,True,1.0
P002,group_01,group_01,P002__trial_05,5,5,FM-1,FM-1,3,FM-1 - Maintaining Engagement During an Activity,FM-1,"You are engaged in an activity that requires sustained mental or physical effort. As you continue, it becomes more difficult to stay engaged. You want to maintain your focus and motivation so that you can continue making steady progress toward completing the activity. You decide to listen to music while carrying on with the activity.",Focus-Motivation,lead_me,group_01_song_a_lead_me,1,Song A,Lead Me,D,4,lead_me_pxl_l1,mix_d5b28dfc8a93,assets/audio/study-stimuli/main-study/group_01/song_a_lead_me/pxl_l1.wav,12,True,True,"E/D - echoiy and noisy
A - cant focus, too noisy but less echoiy
B - nice but not something i would listen to maintain focus
C - just the right volume to maintain focus
",-0.0024436394808062,-0.3677713699084406,-1.2816942263900757,-0.1924460334762285,optional_qc_sensitivity_predictor,True,,True,,True,76,"[""C""]",C,True,1,False,4.0
P002,group_01,group_01,P002__trial_05,5,5,FM-1,FM-1,3,FM-1 - Maintaining Engagement During an Activity,FM-1,"You are engaged in an activity that requires sustained mental or physical effort. As you continue, it becomes more difficult to stay engaged. You want to maintain your focus and motivation so that you can continue making steady progress toward completing the activity. You decide to listen to music while carrying on with the activity.",Focus-Motivation,lead_me,group_01_song_a_lead_me,1,Song A,Lead Me,E,5,lead_me_pxl_l4,mix_c7d9a071ba25,assets/audio/study-stimuli/main-study/group_01/song_a_lead_me/pxl_l4.wav,6,True,True,"E/D - echoiy and noisy
A - cant focus, too noisy but less echoiy
B - nice but not something i would listen to maintain focus
C - just the right volume to maintain focus
",-0.0552007785055364,-0.8412121981784734,0.8321106863211235,2.390299590706203,optional_qc_sensitivity_predictor,True,,True,,True,76,"[""C""]",C,True,1,False,5.0
P002,group_01,group_01,P002__trial_06,6,6,FM-1,FM-1,3,FM-1 - Maintaining Engagement During an Activity,FM-1,"You are engaged in an activity that requires sustained mental or physical effort. As you continue, it becomes more difficult to stay engaged. You want to maintain your focus and motivation so that you can continue making steady progress toward completing the activity. You decide to listen to music while carrying on with the activity.",Focus-Motivation,id_like_to_know,group_01_song_b_id_like_to_know,2,Song B,I'd Like To Know,A,1,id_like_to_know_pxl_s7,mix_b393d3919c78,assets/audio/study-stimuli/main-study/group_01/song_b_id_like_to_know/pxl_s7.wav,10,True,True,"A- echoiy
B- open vibes but noisy to maintain focus
D/E - sounds similar but at least quieter
C- low quieter vibes to maintain focus",-0.867056238017743,-0.6188407399054331,-0.3229009373128245,-1.0515106991885117,optional_qc_sensitivity_predictor,True,,True,,True,74,"[""C""]",C,True,1,False,5.0
P002,group_01,group_01,P002__trial_06,6,6,FM-1,FM-1,3,FM-1 - Maintaining Engagement During an Activity,FM-1,"You are engaged in an activity that requires sustained mental or physical effort. As you continue, it becomes more difficult to stay engaged. You want to maintain your focus and motivation so that you can continue making steady progress toward completing the activity. You decide to listen to music while carrying on with the activity.",Focus-Motivation,id_like_to_know,group_01_song_b_id_like_to_know,2,Song B,I'd Like To Know,B,2,id_like_to_know_pxl_s1,mix_9ffcd672af17,assets/audio/study-stimuli/main-study/group_01/song_b_id_like_to_know/pxl_s1.wav,26,True,True,"A- echoiy
B- open vibes but noisy to maintain focus
D/E - sounds similar but at least quieter
C- low quieter vibes to maintain focus",-0.5659114167269081,-0.579304038497624,-0.4851205015292653,1.357247686182373,optional_qc_sensitivity_predictor,True,,True,,True,74,"[""C""]",C,True,1,False,4.0
P002,group_01,group_01,P002__trial_06,6,6,FM-1,FM-1,3,FM-1 - Maintaining Engagement During an Activity,FM-1,"You are engaged in an activity that requires sustained mental or physical effort. As you continue, it becomes more difficult to stay engaged. You want to maintain your focus and motivation so that you can continue making steady progress toward completing the activity. You decide to listen to music while carrying on with the activity.",Focus-Motivation,id_like_to_know,group_01_song_b_id_like_to_know,2,Song B,I'd Like To Know,C,3,id_like_to_know_pxl_s3,mix_65f41f41d3ab,assets/audio/study-stimuli/main-study/group_01/song_b_id_like_to_know/pxl_s3.wav,74,True,True,"A- echoiy
B- open vibes but noisy to maintain focus
D/E - sounds similar but at least quieter
C- low quieter vibes to maintain focus",0.3234844364321996,-1.065060189455143,-1.1651773700507613,-0.0982478955990668,optional_qc_sensitivity_predictor,True,,True,,True,74,"[""C""]",C,True,1,True,1.0
P002,group_01,group_01,P002__trial_06,6,6,FM-1,FM-1,3,FM-1 - Maintaining Engagement During an Activity,FM-1,"You are engaged in an activity that requires sustained mental or physical effort. As you continue, it becomes more difficult to stay engaged. You want to maintain your focus and motivation so that you can continue making steady progress toward completing the activity. You decide to listen to music while carrying on with the activity.",Focus-Motivation,id_like_to_know,group_01_song_b_id_like_to_know,2,Song B,I'd Like To Know,D,4,id_like_to_know_pxl_s5,mix_82d60d7c7fc5,assets/audio/study-stimuli/main-study/group_01/song_b_id_like_to_know/pxl_s5.wav,51,True,True,"A- echoiy
B- open vibes but noisy to maintain focus
D/E - sounds similar but at least quieter
C- low quieter vibes to maintain focus",-0.3583378408524605,-0.1527662554529231,0.7972705919658362,1.6270752922517937,optional_qc_sensitivity_predictor,True,,True,,True,74,"[""C""]",C,True,1,False,3.0
P002,group_01,group_01,P002__trial_06,6,6,FM-1,FM-1,3,FM-1 - Maintaining Engagement During an Activity,FM-1,"You are engaged in an activity that requires sustained mental or physical effort. As you continue, it becomes more difficult to stay engaged. You want to maintain your focus and motivation so that you can continue making steady progress toward completing the activity. You decide to listen to music while carrying on with the activity.",Focus-Motivation,id_like_to_know,group_01_song_b_id_like_to_know,2,Song B,I'd Like To Know,E,5,id_like_to_know_pxl_s2,mix_6f8b655d7999,assets/audio/study-stimuli/main-study/group_01/song_b_id_like_to_know/pxl_s2.wav,57,True,True,"A- echoiy
B- open vibes but noisy to maintain focus
D/E - sounds similar but at least quieter
C- low quieter vibes to maintain focus",0.5329997864789321,-1.1874673519330532,-0.7637519766505488,0.5510366380169074,optional_qc_sensitivity_predictor,True,,True,,True,74,"[""C""]",C,True,1,False,2.0
P003,group_01,group_01,P003__trial_01,1,1,EDR-1,EDR-1,1,EDR-1 - Enjoying Free Time,EDR-1,"You have some free time and no immediate responsibilities that require your attention. You are not feeling tired or worried, but you would like to enjoy your time rather than let it pass uneventfully. You decide to listen to music for entertainment, making your free time more enjoyable.",Enjoyment,lead_me,group_01_song_a_lead_me,1,Song A,Lead Me,A,1,lead_me_du_e,mix_271852ba8676,assets/audio/study-stimuli/main-study/group_01/song_a_lead_me/du_e.wav,15,True,True,"I preferred E because it has more balanced sound, feels more natural, it doesn’t feels that I need to put much attention, in the rest of them I can easily heard the over equalization",-1.0250576971995913,0.5199952869185839,-0.8666083508697964,0.9959336464039888,optional_qc_sensitivity_predictor,True,,True,,True,86,"[""E""]",E,True,1,False,5.0
P003,group_01,group_01,P003__trial_01,1,1,EDR-1,EDR-1,1,EDR-1 - Enjoying Free Time,EDR-1,"You have some free time and no immediate responsibilities that require your attention. You are not feeling tired or worried, but you would like to enjoy your time rather than let it pass uneventfully. You decide to listen to music for entertainment, making your free time more enjoyable.",Enjoyment,lead_me,group_01_song_a_lead_me,1,Song A,Lead Me,B,2,lead_me_du_d,mix_f1f7973e5bac,assets/audio/study-stimuli/main-study/group_01/song_a_lead_me/du_d.wav,68,True,True,"I preferred E because it has more balanced sound, feels more natural, it doesn’t feels that I need to put much attention, in the rest of them I can easily heard the over equalization",0.7402857811167308,-1.548717422055362,0.3280479404435016,-1.017146833506479,optional_qc_sensitivity_predictor,True,,True,,True,86,"[""E""]",E,True,1,False,2.0
P003,group_01,group_01,P003__trial_01,1,1,EDR-1,EDR-1,1,EDR-1 - Enjoying Free Time,EDR-1,"You have some free time and no immediate responsibilities that require your attention. You are not feeling tired or worried, but you would like to enjoy your time rather than let it pass uneventfully. You decide to listen to music for entertainment, making your free time more enjoyable.",Enjoyment,lead_me,group_01_song_a_lead_me,1,Song A,Lead Me,C,3,lead_me_pxl_l1,mix_d5b28dfc8a93,assets/audio/study-stimuli/main-study/group_01/song_a_lead_me/pxl_l1.wav,26,True,True,"I preferred E because it has more balanced sound, feels more natural, it doesn’t feels that I need to put much attention, in the rest of them I can easily heard the over equalization",-0.0024436394808062,-0.3677713699084406,-1.2816942263900757,-0.1924460334762285,optional_qc_sensitivity_predictor,True,,True,,True,86,"[""E""]",E,True,1,False,4.0
P003,group_01,group_01,P003__trial_01,1,1,EDR-1,EDR-1,1,EDR-1 - Enjoying Free Time,EDR-1,"You have some free time and no immediate responsibilities that require your attention. You are not feeling tired or worried, but you would like to enjoy your time rather than let it pass uneventfully. You decide to listen to music for entertainment, making your free time more enjoyable.",Enjoyment,lead_me,group_01_song_a_lead_me,1,Song A,Lead Me,D,4,lead_me_pxl_l4,mix_c7d9a071ba25,assets/audio/study-stimuli/main-study/group_01/song_a_lead_me/pxl_l4.wav,47,True,True,"I preferred E because it has more balanced sound, feels more natural, it doesn’t feels that I need to put much attention, in the rest of them I can easily heard the over equalization",-0.0552007785055364,-0.8412121981784734,0.8321106863211235,2.390299590706203,optional_qc_sensitivity_predictor,True,,True,,True,86,"[""E""]",E,True,1,False,3.0
P003,group_01,group_01,P003__trial_01,1,1,EDR-1,EDR-1,1,EDR-1 - Enjoying Free Time,EDR-1,"You have some free time and no immediate responsibilities that require your attention. You are not feeling tired or worried, but you would like to enjoy your time rather than let it pass uneventfully. You decide to listen to music for entertainment, making your free time more enjoyable.",Enjoyment,lead_me,group_01_song_a_lead_me,1,Song A,Lead Me,E,5,lead_me_mcg_pro2,mix_d3e3580b6e30,assets/audio/study-stimuli/main-study/group_01/song_a_lead_me/mcg_pro2.wav,86,True,True,"I preferred E because it has more balanced sound, feels more natural, it doesn’t feels that I need to put much attention, in the rest of them I can easily heard the over equalization",2.9805308263561203,0.8594252384169624,-0.9263284806752846,0.048773555233824,optional_qc_sensitivity_predictor,True,,True,,True,86,"[""E""]",E,True,1,True,1.0
P003,group_01,group_01,P003__trial_02,2,2,EDR-1,EDR-1,1,EDR-1 - Enjoying Free Time,EDR-1,"You have some free time and no immediate responsibilities that require your attention. You are not feeling tired or worried, but you would like to enjoy your time rather than let it pass uneventfully. You decide to listen to music for entertainment, making your free time more enjoyable.",Enjoyment,id_like_to_know,group_01_song_b_id_like_to_know,2,Song B,I'd Like To Know,A,1,id_like_to_know_pxl_s2,mix_6f8b655d7999,assets/audio/study-stimuli/main-study/group_01/song_b_id_like_to_know/pxl_s2.wav,51,True,True,"I chose the versions where the guitars sound prevails, feels much more calm ",0.5329997864789321,-1.1874673519330532,-0.7637519766505488,0.5510366380169074,optional_qc_sensitivity_predictor,True,,True,,True,86,"[""C""]",C,True,1,False,3.0
P003,group_01,group_01,P003__trial_02,2,2,EDR-1,EDR-1,1,EDR-1 - Enjoying Free Time,EDR-1,"You have some free time and no immediate responsibilities that require your attention. You are not feeling tired or worried, but you would like to enjoy your time rather than let it pass uneventfully. You decide to listen to music for entertainment, making your free time more enjoyable.",Enjoyment,id_like_to_know,group_01_song_b_id_like_to_know,2,Song B,I'd Like To Know,B,2,id_like_to_know_pxl_s1,mix_9ffcd672af17,assets/audio/study-stimuli/main-study/group_01/song_b_id_like_to_know/pxl_s1.wav,33,True,True,"I chose the versions where the guitars sound prevails, feels much more calm ",-0.5659114167269081,-0.579304038497624,-0.4851205015292653,1.357247686182373,optional_qc_sensitivity_predictor,True,,True,,True,86,"[""C""]",C,True,1,False,4.0
P003,group_01,group_01,P003__trial_02,2,2,EDR-1,EDR-1,1,EDR-1 - Enjoying Free Time,EDR-1,"You have some free time and no immediate responsibilities that require your attention. You are not feeling tired or worried, but you would like to enjoy your time rather than let it pass uneventfully. You decide to listen to music for entertainment, making your free time more enjoyable.",Enjoyment,id_like_to_know,group_01_song_b_id_like_to_know,2,Song B,I'd Like To Know,C,3,id_like_to_know_pxl_s7,mix_b393d3919c78,assets/audio/study-stimuli/main-study/group_01/song_b_id_like_to_know/pxl_s7.wav,86,True,True,"I chose the versions where the guitars sound prevails, feels much more calm ",-0.867056238017743,-0.6188407399054331,-0.3229009373128245,-1.0515106991885117,optional_qc_sensitivity_predictor,True,,True,,True,86,"[""C""]",C,True,1,True,1.0
P003,group_01,group_01,P003__trial_02,2,2,EDR-1,EDR-1,1,EDR-1 - Enjoying Free Time,EDR-1,"You have some free time and no immediate responsibilities that require your attention. You are not feeling tired or worried, but you would like to enjoy your time rather than let it pass uneventfully. You decide to listen to music for entertainment, making your free time more enjoyable.",Enjoyment,id_like_to_know,group_01_song_b_id_like_to_know,2,Song B,I'd Like To Know,D,4,id_like_to_know_pxl_s5,mix_82d60d7c7fc5,assets/audio/study-stimuli/main-study/group_01/song_b_id_like_to_know/pxl_s5.wav,68,True,True,"I chose the versions where the guitars sound prevails, feels much more calm ",-0.3583378408524605,-0.1527662554529231,0.7972705919658362,1.6270752922517937,optional_qc_sensitivity_predictor,True,,True,,True,86,"[""C""]",C,True,1,False,2.0
P003,group_01,group_01,P003__trial_02,2,2,EDR-1,EDR-1,1,EDR-1 - Enjoying Free Time,EDR-1,"You have some free time and no immediate responsibilities that require your attention. You are not feeling tired or worried, but you would like to enjoy your time rather than let it pass uneventfully. You decide to listen to music for entertainment, making your free time more enjoyable.",Enjoyment,id_like_to_know,group_01_song_b_id_like_to_know,2,Song B,I'd Like To Know,E,5,id_like_to_know_pxl_s3,mix_65f41f41d3ab,assets/audio/study-stimuli/main-study/group_01/song_b_id_like_to_know/pxl_s3.wav,11,True,True,"I chose the versions where the guitars sound prevails, feels much more calm ",0.3234844364321996,-1.065060189455143,-1.1651773700507613,-0.0982478955990668,optional_qc_sensitivity_predictor,True,,True,,True,86,"[""C""]",C,True,1,False,5.0
P003,group_01,group_01,P003__trial_03,3,3,EDR-2,EDR-2,2,EDR-2 - Unwinding After a Demanding Period,EDR-2,"You have some time for yourself after a demanding period. Although a few everyday concerns are still on your mind, there is nothing that requires your attention right now. You would like to feel calmer and take your mind off these concerns for a while, so you decide to listen to music to help you unwind.",Relaxation-Distraction,lead_me,group_01_song_a_lead_me,1,Song A,Lead Me,A,1,lead_me_pxl_l1,mix_d5b28dfc8a93,assets/audio/study-stimuli/main-study/group_01/song_a_lead_me/pxl_l1.wav,12,True,True,Ones just feels off..,-0.0024436394808062,-0.3677713699084406,-1.2816942263900757,-0.1924460334762285,optional_qc_sensitivity_predictor,True,,True,,True,86,"[""D""]",D,True,1,False,5.0
P003,group_01,group_01,P003__trial_03,3,3,EDR-2,EDR-2,2,EDR-2 - Unwinding After a Demanding Period,EDR-2,"You have some time for yourself after a demanding period. Although a few everyday concerns are still on your mind, there is nothing that requires your attention right now. You would like to feel calmer and take your mind off these concerns for a while, so you decide to listen to music to help you unwind.",Relaxation-Distraction,lead_me,group_01_song_a_lead_me,1,Song A,Lead Me,B,2,lead_me_mcg_pro2,mix_d3e3580b6e30,assets/audio/study-stimuli/main-study/group_01/song_a_lead_me/mcg_pro2.wav,31,True,True,Ones just feels off..,2.9805308263561203,0.8594252384169624,-0.9263284806752846,0.048773555233824,optional_qc_sensitivity_predictor,True,,True,,True,86,"[""D""]",D,True,1,False,3.0
P003,group_01,group_01,P003__trial_03,3,3,EDR-2,EDR-2,2,EDR-2 - Unwinding After a Demanding Period,EDR-2,"You have some time for yourself after a demanding period. Although a few everyday concerns are still on your mind, there is nothing that requires your attention right now. You would like to feel calmer and take your mind off these concerns for a while, so you decide to listen to music to help you unwind.",Relaxation-Distraction,lead_me,group_01_song_a_lead_me,1,Song A,Lead Me,C,3,lead_me_pxl_l4,mix_c7d9a071ba25,assets/audio/study-stimuli/main-study/group_01/song_a_lead_me/pxl_l4.wav,25,True,True,Ones just feels off..,-0.0552007785055364,-0.8412121981784734,0.8321106863211235,2.390299590706203,optional_qc_sensitivity_predictor,True,,True,,True,86,"[""D""]",D,True,1,False,4.0
P003,group_01,group_01,P003__trial_03,3,3,EDR-2,EDR-2,2,EDR-2 - Unwinding After a Demanding Period,EDR-2,"You have some time for yourself after a demanding period. Although a few everyday concerns are still on your mind, there is nothing that requires your attention right now. You would like to feel calmer and take your mind off these concerns for a while, so you decide to listen to music to help you unwind.",Relaxation-Distraction,lead_me,group_01_song_a_lead_me,1,Song A,Lead Me,D,4,lead_me_du_e,mix_271852ba8676,assets/audio/study-stimuli/main-study/group_01/song_a_lead_me/du_e.wav,86,True,True,Ones just feels off..,-1.0250576971995913,0.5199952869185839,-0.8666083508697964,0.9959336464039888,optional_qc_sensitivity_predictor,True,,True,,True,86,"[""D""]",D,True,1,True,1.0
P003,group_01,group_01,P003__trial_03,3,3,EDR-2,EDR-2,2,EDR-2 - Unwinding After a Demanding Period,EDR-2,"You have some time for yourself after a demanding period. Although a few everyday concerns are still on your mind, there is nothing that requires your attention right now. You would like to feel calmer and take your mind off these concerns for a while, so you decide to listen to music to help you unwind.",Relaxation-Distraction,lead_me,group_01_song_a_lead_me,1,Song A,Lead Me,E,5,lead_me_du_d,mix_f1f7973e5bac,assets/audio/study-stimuli/main-study/group_01/song_a_lead_me/du_d.wav,73,True,True,Ones just feels off..,0.7402857811167308,-1.548717422055362,0.3280479404435016,-1.017146833506479,optional_qc_sensitivity_predictor,True,,True,,True,86,"[""D""]",D,True,1,False,2.0
P003,group_01,group_01,P003__trial_04,4,4,EDR-2,EDR-2,2,EDR-2 - Unwinding After a Demanding Period,EDR-2,"You have some time for yourself after a demanding period. Although a few everyday concerns are still on your mind, there is nothing that requires your attention right now. You would like to feel calmer and take your mind off these concerns for a while, so you decide to listen to music to help you unwind.",Relaxation-Distraction,id_like_to_know,group_01_song_b_id_like_to_know,2,Song B,I'd Like To Know,A,1,id_like_to_know_pxl_s1,mix_9ffcd672af17,assets/audio/study-stimuli/main-study/group_01/song_b_id_like_to_know/pxl_s1.wav,72,True,True,Same case here. Low frecuencies are pretty easy to differentiate ,-0.5659114167269081,-0.579304038497624,-0.4851205015292653,1.357247686182373,optional_qc_sensitivity_predictor,True,,True,,True,91,"[""D""]",D,True,1,False,3.0
P003,group_01,group_01,P003__trial_04,4,4,EDR-2,EDR-2,2,EDR-2 - Unwinding After a Demanding Period,EDR-2,"You have some time for yourself after a demanding period. Although a few everyday concerns are still on your mind, there is nothing that requires your attention right now. You would like to feel calmer and take your mind off these concerns for a while, so you decide to listen to music to help you unwind.",Relaxation-Distraction,id_like_to_know,group_01_song_b_id_like_to_know,2,Song B,I'd Like To Know,B,2,id_like_to_know_pxl_s7,mix_b393d3919c78,assets/audio/study-stimuli/main-study/group_01/song_b_id_like_to_know/pxl_s7.wav,34,True,True,Same case here. Low frecuencies are pretty easy to differentiate ,-0.867056238017743,-0.6188407399054331,-0.3229009373128245,-1.0515106991885117,optional_qc_sensitivity_predictor,True,,True,,True,91,"[""D""]",D,True,1,False,4.0
P003,group_01,group_01,P003__trial_04,4,4,EDR-2,EDR-2,2,EDR-2 - Unwinding After a Demanding Period,EDR-2,"You have some time for yourself after a demanding period. Although a few everyday concerns are still on your mind, there is nothing that requires your attention right now. You would like to feel calmer and take your mind off these concerns for a while, so you decide to listen to music to help you unwind.",Relaxation-Distraction,id_like_to_know,group_01_song_b_id_like_to_know,2,Song B,I'd Like To Know,C,3,id_like_to_know_pxl_s5,mix_82d60d7c7fc5,assets/audio/study-stimuli/main-study/group_01/song_b_id_like_to_know/pxl_s5.wav,76,True,True,Same case here. Low frecuencies are pretty easy to differentiate ,-0.3583378408524605,-0.1527662554529231,0.7972705919658362,1.6270752922517937,optional_qc_sensitivity_predictor,True,,True,,True,91,"[""D""]",D,True,1,False,2.0
P003,group_01,group_01,P003__trial_04,4,4,EDR-2,EDR-2,2,EDR-2 - Unwinding After a Demanding Period,EDR-2,"You have some time for yourself after a demanding period. Although a few everyday concerns are still on your mind, there is nothing that requires your attention right now. You would like to feel calmer and take your mind off these concerns for a while, so you decide to listen to music to help you unwind.",Relaxation-Distraction,id_like_to_know,group_01_song_b_id_like_to_know,2,Song B,I'd Like To Know,D,4,id_like_to_know_pxl_s2,mix_6f8b655d7999,assets/audio/study-stimuli/main-study/group_01/song_b_id_like_to_know/pxl_s2.wav,91,True,True,Same case here. Low frecuencies are pretty easy to differentiate ,0.5329997864789321,-1.1874673519330532,-0.7637519766505488,0.5510366380169074,optional_qc_sensitivity_predictor,True,,True,,True,91,"[""D""]",D,True,1,True,1.0
P003,group_01,group_01,P003__trial_04,4,4,EDR-2,EDR-2,2,EDR-2 - Unwinding After a Demanding Period,EDR-2,"You have some time for yourself after a demanding period. Although a few everyday concerns are still on your mind, there is nothing that requires your attention right now. You would like to feel calmer and take your mind off these concerns for a while, so you decide to listen to music to help you unwind.",Relaxation-Distraction,id_like_to_know,group_01_song_b_id_like_to_know,2,Song B,I'd Like To Know,E,5,id_like_to_know_pxl_s3,mix_65f41f41d3ab,assets/audio/study-stimuli/main-study/group_01/song_b_id_like_to_know/pxl_s3.wav,24,True,True,Same case here. Low frecuencies are pretty easy to differentiate ,0.3234844364321996,-1.065060189455143,-1.1651773700507613,-0.0982478955990668,optional_qc_sensitivity_predictor,True,,True,,True,91,"[""D""]",D,True,1,False,5.0
P003,group_01,group_01,P003__trial_05,5,5,FM-1,FM-1,3,FM-1 - Maintaining Engagement During an Activity,FM-1,"You are engaged in an activity that requires sustained mental or physical effort. As you continue, it becomes more difficult to stay engaged. You want to maintain your focus and motivation so that you can continue making steady progress toward completing the activity. You decide to listen to music while carrying on with the activity.",Focus-Motivation,id_like_to_know,group_01_song_b_id_like_to_know,1,Song B,I'd Like To Know,A,1,id_like_to_know_pxl_s3,mix_65f41f41d3ab,assets/audio/study-stimuli/main-study/group_01/song_b_id_like_to_know/pxl_s3.wav,14,True,True,"I like more vivid sound versions with good balance, I don’t like kind of simulated spatial sounds",0.3234844364321996,-1.065060189455143,-1.1651773700507613,-0.0982478955990668,optional_qc_sensitivity_predictor,True,,True,,True,87,"[""D""]",D,True,1,False,5.0
P003,group_01,group_01,P003__trial_05,5,5,FM-1,FM-1,3,FM-1 - Maintaining Engagement During an Activity,FM-1,"You are engaged in an activity that requires sustained mental or physical effort. As you continue, it becomes more difficult to stay engaged. You want to maintain your focus and motivation so that you can continue making steady progress toward completing the activity. You decide to listen to music while carrying on with the activity.",Focus-Motivation,id_like_to_know,group_01_song_b_id_like_to_know,1,Song B,I'd Like To Know,B,2,id_like_to_know_pxl_s5,mix_82d60d7c7fc5,assets/audio/study-stimuli/main-study/group_01/song_b_id_like_to_know/pxl_s5.wav,46,True,True,"I like more vivid sound versions with good balance, I don’t like kind of simulated spatial sounds",-0.3583378408524605,-0.1527662554529231,0.7972705919658362,1.6270752922517937,optional_qc_sensitivity_predictor,True,,True,,True,87,"[""D""]",D,True,1,False,4.0
P003,group_01,group_01,P003__trial_05,5,5,FM-1,FM-1,3,FM-1 - Maintaining Engagement During an Activity,FM-1,"You are engaged in an activity that requires sustained mental or physical effort. As you continue, it becomes more difficult to stay engaged. You want to maintain your focus and motivation so that you can continue making steady progress toward completing the activity. You decide to listen to music while carrying on with the activity.",Focus-Motivation,id_like_to_know,group_01_song_b_id_like_to_know,1,Song B,I'd Like To Know,C,3,id_like_to_know_pxl_s1,mix_9ffcd672af17,assets/audio/study-stimuli/main-study/group_01/song_b_id_like_to_know/pxl_s1.wav,61,True,True,"I like more vivid sound versions with good balance, I don’t like kind of simulated spatial sounds",-0.5659114167269081,-0.579304038497624,-0.4851205015292653,1.357247686182373,optional_qc_sensitivity_predictor,True,,True,,True,87,"[""D""]",D,True,1,False,3.0
P003,group_01,group_01,P003__trial_05,5,5,FM-1,FM-1,3,FM-1 - Maintaining Engagement During an Activity,FM-1,"You are engaged in an activity that requires sustained mental or physical effort. As you continue, it becomes more difficult to stay engaged. You want to maintain your focus and motivation so that you can continue making steady progress toward completing the activity. You decide to listen to music while carrying on with the activity.",Focus-Motivation,id_like_to_know,group_01_song_b_id_like_to_know,1,Song B,I'd Like To Know,D,4,id_like_to_know_pxl_s7,mix_b393d3919c78,assets/audio/study-stimuli/main-study/group_01/song_b_id_like_to_know/pxl_s7.wav,87,True,True,"I like more vivid sound versions with good balance, I don’t like kind of simulated spatial sounds",-0.867056238017743,-0.6188407399054331,-0.3229009373128245,-1.0515106991885117,optional_qc_sensitivity_predictor,True,,True,,True,87,"[""D""]",D,True,1,True,1.0
P003,group_01,group_01,P003__trial_05,5,5,FM-1,FM-1,3,FM-1 - Maintaining Engagement During an Activity,FM-1,"You are engaged in an activity that requires sustained mental or physical effort. As you continue, it becomes more difficult to stay engaged. You want to maintain your focus and motivation so that you can continue making steady progress toward completing the activity. You decide to listen to music while carrying on with the activity.",Focus-Motivation,id_like_to_know,group_01_song_b_id_like_to_know,1,Song B,I'd Like To Know,E,5,id_like_to_know_pxl_s2,mix_6f8b655d7999,assets/audio/study-stimuli/main-study/group_01/song_b_id_like_to_know/pxl_s2.wav,78,True,True,"I like more vivid sound versions with good balance, I don’t like kind of simulated spatial sounds",0.5329997864789321,-1.1874673519330532,-0.7637519766505488,0.5510366380169074,optional_qc_sensitivity_predictor,True,,True,,True,87,"[""D""]",D,True,1,False,2.0
P003,group_01,group_01,P003__trial_06,6,6,FM-1,FM-1,3,FM-1 - Maintaining Engagement During an Activity,FM-1,"You are engaged in an activity that requires sustained mental or physical effort. As you continue, it becomes more difficult to stay engaged. You want to maintain your focus and motivation so that you can continue making steady progress toward completing the activity. You decide to listen to music while carrying on with the activity.",Focus-Motivation,lead_me,group_01_song_a_lead_me,2,Song A,Lead Me,A,1,lead_me_pxl_l4,mix_c7d9a071ba25,assets/audio/study-stimuli/main-study/group_01/song_a_lead_me/pxl_l4.wav,16,True,True,"Her I just liked the B mix, others feels not natural. Much bass, much grovee, I don’t think it represents the song.",-0.0552007785055364,-0.8412121981784734,0.8321106863211235,2.390299590706203,optional_qc_sensitivity_predictor,True,,True,,True,86,"[""B""]",B,True,1,False,5.0
P003,group_01,group_01,P003__trial_06,6,6,FM-1,FM-1,3,FM-1 - Maintaining Engagement During an Activity,FM-1,"You are engaged in an activity that requires sustained mental or physical effort. As you continue, it becomes more difficult to stay engaged. You want to maintain your focus and motivation so that you can continue making steady progress toward completing the activity. You decide to listen to music while carrying on with the activity.",Focus-Motivation,lead_me,group_01_song_a_lead_me,2,Song A,Lead Me,B,2,lead_me_du_e,mix_271852ba8676,assets/audio/study-stimuli/main-study/group_01/song_a_lead_me/du_e.wav,86,True,True,"Her I just liked the B mix, others feels not natural. Much bass, much grovee, I don’t think it represents the song.",-1.0250576971995913,0.5199952869185839,-0.8666083508697964,0.9959336464039888,optional_qc_sensitivity_predictor,True,,True,,True,86,"[""B""]",B,True,1,True,1.0
P003,group_01,group_01,P003__trial_06,6,6,FM-1,FM-1,3,FM-1 - Maintaining Engagement During an Activity,FM-1,"You are engaged in an activity that requires sustained mental or physical effort. As you continue, it becomes more difficult to stay engaged. You want to maintain your focus and motivation so that you can continue making steady progress toward completing the activity. You decide to listen to music while carrying on with the activity.",Focus-Motivation,lead_me,group_01_song_a_lead_me,2,Song A,Lead Me,C,3,lead_me_du_d,mix_f1f7973e5bac,assets/audio/study-stimuli/main-study/group_01/song_a_lead_me/du_d.wav,31,True,True,"Her I just liked the B mix, others feels not natural. Much bass, much grovee, I don’t think it represents the song.",0.7402857811167308,-1.548717422055362,0.3280479404435016,-1.017146833506479,optional_qc_sensitivity_predictor,True,,True,,True,86,"[""B""]",B,True,1,False,4.0
P003,group_01,group_01,P003__trial_06,6,6,FM-1,FM-1,3,FM-1 - Maintaining Engagement During an Activity,FM-1,"You are engaged in an activity that requires sustained mental or physical effort. As you continue, it becomes more difficult to stay engaged. You want to maintain your focus and motivation so that you can continue making steady progress toward completing the activity. You decide to listen to music while carrying on with the activity.",Focus-Motivation,lead_me,group_01_song_a_lead_me,2,Song A,Lead Me,D,4,lead_me_pxl_l1,mix_d5b28dfc8a93,assets/audio/study-stimuli/main-study/group_01/song_a_lead_me/pxl_l1.wav,41,True,True,"Her I just liked the B mix, others feels not natural. Much bass, much grovee, I don’t think it represents the song.",-0.0024436394808062,-0.3677713699084406,-1.2816942263900757,-0.1924460334762285,optional_qc_sensitivity_predictor,True,,True,,True,86,"[""B""]",B,True,1,False,3.0
P003,group_01,group_01,P003__trial_06,6,6,FM-1,FM-1,3,FM-1 - Maintaining Engagement During an Activity,FM-1,"You are engaged in an activity that requires sustained mental or physical effort. As you continue, it becomes more difficult to stay engaged. You want to maintain your focus and motivation so that you can continue making steady progress toward completing the activity. You decide to listen to music while carrying on with the activity.",Focus-Motivation,lead_me,group_01_song_a_lead_me,2,Song A,Lead Me,E,5,lead_me_mcg_pro2,mix_d3e3580b6e30,assets/audio/study-stimuli/main-study/group_01/song_a_lead_me/mcg_pro2.wav,55,True,True,"Her I just liked the B mix, others feels not natural. Much bass, much grovee, I don’t think it represents the song.",2.9805308263561203,0.8594252384169624,-0.9263284806752846,0.048773555233824,optional_qc_sensitivity_predictor,True,,True,,True,86,"[""B""]",B,True,1,False,2.0
P004,group_01,group_01,P004__trial_01,1,1,FM-1,FM-1,1,FM-1 - Maintaining Engagement During an Activity,FM-1,"You are engaged in an activity that requires sustained mental or physical effort. As you continue, it becomes more difficult to stay engaged. You want to maintain your focus and motivation so that you can continue making steady progress toward completing the activity. You decide to listen to music while carrying on with the activity.",Focus-Motivation,lead_me,group_01_song_a_lead_me,1,Song A,Lead Me,A,1,lead_me_du_d,mix_f1f7973e5bac,assets/audio/study-stimuli/main-study/group_01/song_a_lead_me/du_d.wav,88,True,True,"Option a and e gives me more clarity. On the other hand, the rest of the options, the voice it gets more louder and it becomes a distraction ",0.7402857811167308,-1.548717422055362,0.3280479404435016,-1.017146833506479,optional_qc_sensitivity_predictor,True,,True,,True,88,"[""A""]",A,True,1,True,1.0
P004,group_01,group_01,P004__trial_01,1,1,FM-1,FM-1,1,FM-1 - Maintaining Engagement During an Activity,FM-1,"You are engaged in an activity that requires sustained mental or physical effort. As you continue, it becomes more difficult to stay engaged. You want to maintain your focus and motivation so that you can continue making steady progress toward completing the activity. You decide to listen to music while carrying on with the activity.",Focus-Motivation,lead_me,group_01_song_a_lead_me,1,Song A,Lead Me,B,2,lead_me_pxl_l1,mix_d5b28dfc8a93,assets/audio/study-stimuli/main-study/group_01/song_a_lead_me/pxl_l1.wav,9,True,True,"Option a and e gives me more clarity. On the other hand, the rest of the options, the voice it gets more louder and it becomes a distraction ",-0.0024436394808062,-0.3677713699084406,-1.2816942263900757,-0.1924460334762285,optional_qc_sensitivity_predictor,True,,True,,True,88,"[""A""]",A,True,1,False,4.0
P004,group_01,group_01,P004__trial_01,1,1,FM-1,FM-1,1,FM-1 - Maintaining Engagement During an Activity,FM-1,"You are engaged in an activity that requires sustained mental or physical effort. As you continue, it becomes more difficult to stay engaged. You want to maintain your focus and motivation so that you can continue making steady progress toward completing the activity. You decide to listen to music while carrying on with the activity.",Focus-Motivation,lead_me,group_01_song_a_lead_me,1,Song A,Lead Me,C,3,lead_me_pxl_l4,mix_c7d9a071ba25,assets/audio/study-stimuli/main-study/group_01/song_a_lead_me/pxl_l4.wav,15,True,True,"Option a and e gives me more clarity. On the other hand, the rest of the options, the voice it gets more louder and it becomes a distraction ",-0.0552007785055364,-0.8412121981784734,0.8321106863211235,2.390299590706203,optional_qc_sensitivity_predictor,True,,True,,True,88,"[""A""]",A,True,1,False,3.0
P004,group_01,group_01,P004__trial_01,1,1,FM-1,FM-1,1,FM-1 - Maintaining Engagement During an Activity,FM-1,"You are engaged in an activity that requires sustained mental or physical effort. As you continue, it becomes more difficult to stay engaged. You want to maintain your focus and motivation so that you can continue making steady progress toward completing the activity. You decide to listen to music while carrying on with the activity.",Focus-Motivation,lead_me,group_01_song_a_lead_me,1,Song A,Lead Me,D,4,lead_me_du_e,mix_271852ba8676,assets/audio/study-stimuli/main-study/group_01/song_a_lead_me/du_e.wav,0,True,True,"Option a and e gives me more clarity. On the other hand, the rest of the options, the voice it gets more louder and it becomes a distraction ",-1.0250576971995913,0.5199952869185839,-0.8666083508697964,0.9959336464039888,optional_qc_sensitivity_predictor,True,,True,,True,88,"[""A""]",A,True,1,False,5.0
P004,group_01,group_01,P004__trial_01,1,1,FM-1,FM-1,1,FM-1 - Maintaining Engagement During an Activity,FM-1,"You are engaged in an activity that requires sustained mental or physical effort. As you continue, it becomes more difficult to stay engaged. You want to maintain your focus and motivation so that you can continue making steady progress toward completing the activity. You decide to listen to music while carrying on with the activity.",Focus-Motivation,lead_me,group_01_song_a_lead_me,1,Song A,Lead Me,E,5,lead_me_mcg_pro2,mix_d3e3580b6e30,assets/audio/study-stimuli/main-study/group_01/song_a_lead_me/mcg_pro2.wav,60,True,True,"Option a and e gives me more clarity. On the other hand, the rest of the options, the voice it gets more louder and it becomes a distraction ",2.9805308263561203,0.8594252384169624,-0.9263284806752846,0.048773555233824,optional_qc_sensitivity_predictor,True,,True,,True,88,"[""A""]",A,True,1,False,2.0
P004,group_01,group_01,P004__trial_02,2,2,FM-1,FM-1,1,FM-1 - Maintaining Engagement During an Activity,FM-1,"You are engaged in an activity that requires sustained mental or physical effort. As you continue, it becomes more difficult to stay engaged. You want to maintain your focus and motivation so that you can continue making steady progress toward completing the activity. You decide to listen to music while carrying on with the activity.",Focus-Motivation,id_like_to_know,group_01_song_b_id_like_to_know,2,Song B,I'd Like To Know,A,1,id_like_to_know_pxl_s2,mix_6f8b655d7999,assets/audio/study-stimuli/main-study/group_01/song_b_id_like_to_know/pxl_s2.wav,49,True,True,With option E and A i can imagine myself hearing it while it’s in front of my desktop or a treadmill,0.5329997864789321,-1.1874673519330532,-0.7637519766505488,0.5510366380169074,optional_qc_sensitivity_predictor,True,,True,,True,75,"[""E""]",E,True,1,False,2.0
P004,group_01,group_01,P004__trial_02,2,2,FM-1,FM-1,1,FM-1 - Maintaining Engagement During an Activity,FM-1,"You are engaged in an activity that requires sustained mental or physical effort. As you continue, it becomes more difficult to stay engaged. You want to maintain your focus and motivation so that you can continue making steady progress toward completing the activity. You decide to listen to music while carrying on with the activity.",Focus-Motivation,id_like_to_know,group_01_song_b_id_like_to_know,2,Song B,I'd Like To Know,B,2,id_like_to_know_pxl_s3,mix_65f41f41d3ab,assets/audio/study-stimuli/main-study/group_01/song_b_id_like_to_know/pxl_s3.wav,0,True,True,With option E and A i can imagine myself hearing it while it’s in front of my desktop or a treadmill,0.3234844364321996,-1.065060189455143,-1.1651773700507613,-0.0982478955990668,optional_qc_sensitivity_predictor,True,,True,,True,75,"[""E""]",E,True,1,False,4.0
P004,group_01,group_01,P004__trial_02,2,2,FM-1,FM-1,1,FM-1 - Maintaining Engagement During an Activity,FM-1,"You are engaged in an activity that requires sustained mental or physical effort. As you continue, it becomes more difficult to stay engaged. You want to maintain your focus and motivation so that you can continue making steady progress toward completing the activity. You decide to listen to music while carrying on with the activity.",Focus-Motivation,id_like_to_know,group_01_song_b_id_like_to_know,2,Song B,I'd Like To Know,C,3,id_like_to_know_pxl_s7,mix_b393d3919c78,assets/audio/study-stimuli/main-study/group_01/song_b_id_like_to_know/pxl_s7.wav,0,True,True,With option E and A i can imagine myself hearing it while it’s in front of my desktop or a treadmill,-0.867056238017743,-0.6188407399054331,-0.3229009373128245,-1.0515106991885117,optional_qc_sensitivity_predictor,True,,True,,True,75,"[""E""]",E,True,1,False,4.0
P004,group_01,group_01,P004__trial_02,2,2,FM-1,FM-1,1,FM-1 - Maintaining Engagement During an Activity,FM-1,"You are engaged in an activity that requires sustained mental or physical effort. As you continue, it becomes more difficult to stay engaged. You want to maintain your focus and motivation so that you can continue making steady progress toward completing the activity. You decide to listen to music while carrying on with the activity.",Focus-Motivation,id_like_to_know,group_01_song_b_id_like_to_know,2,Song B,I'd Like To Know,D,4,id_like_to_know_pxl_s1,mix_9ffcd672af17,assets/audio/study-stimuli/main-study/group_01/song_b_id_like_to_know/pxl_s1.wav,0,True,True,With option E and A i can imagine myself hearing it while it’s in front of my desktop or a treadmill,-0.5659114167269081,-0.579304038497624,-0.4851205015292653,1.357247686182373,optional_qc_sensitivity_predictor,True,,True,,True,75,"[""E""]",E,True,1,False,4.0
P004,group_01,group_01,P004__trial_02,2,2,FM-1,FM-1,1,FM-1 - Maintaining Engagement During an Activity,FM-1,"You are engaged in an activity that requires sustained mental or physical effort. As you continue, it becomes more difficult to stay engaged. You want to maintain your focus and motivation so that you can continue making steady progress toward completing the activity. You decide to listen to music while carrying on with the activity.",Focus-Motivation,id_like_to_know,group_01_song_b_id_like_to_know,2,Song B,I'd Like To Know,E,5,id_like_to_know_pxl_s5,mix_82d60d7c7fc5,assets/audio/study-stimuli/main-study/group_01/song_b_id_like_to_know/pxl_s5.wav,75,True,True,With option E and A i can imagine myself hearing it while it’s in front of my desktop or a treadmill,-0.3583378408524605,-0.1527662554529231,0.7972705919658362,1.6270752922517937,optional_qc_sensitivity_predictor,True,,True,,True,75,"[""E""]",E,True,1,True,1.0
P004,group_01,group_01,P004__trial_03,3,3,EDR-1,EDR-1,2,EDR-1 - Enjoying Free Time,EDR-1,"You have some free time and no immediate responsibilities that require your attention. You are not feeling tired or worried, but you would like to enjoy your time rather than let it pass uneventfully. You decide to listen to music for entertainment, making your free time more enjoyable.",Enjoyment,id_like_to_know,group_01_song_b_id_like_to_know,1,Song B,I'd Like To Know,A,1,id_like_to_know_pxl_s5,mix_82d60d7c7fc5,assets/audio/study-stimuli/main-study/group_01/song_b_id_like_to_know/pxl_s5.wav,64,True,True,"Option E sounds with more echo, and option B the voice it’s like in “front row”. While the other ones, feel more cozy",-0.3583378408524605,-0.1527662554529231,0.7972705919658362,1.6270752922517937,optional_qc_sensitivity_predictor,True,,True,,True,82,"[""C""]",C,True,1,False,2.0
P004,group_01,group_01,P004__trial_03,3,3,EDR-1,EDR-1,2,EDR-1 - Enjoying Free Time,EDR-1,"You have some free time and no immediate responsibilities that require your attention. You are not feeling tired or worried, but you would like to enjoy your time rather than let it pass uneventfully. You decide to listen to music for entertainment, making your free time more enjoyable.",Enjoyment,id_like_to_know,group_01_song_b_id_like_to_know,1,Song B,I'd Like To Know,B,2,id_like_to_know_pxl_s3,mix_65f41f41d3ab,assets/audio/study-stimuli/main-study/group_01/song_b_id_like_to_know/pxl_s3.wav,6,True,True,"Option E sounds with more echo, and option B the voice it’s like in “front row”. While the other ones, feel more cozy",0.3234844364321996,-1.065060189455143,-1.1651773700507613,-0.0982478955990668,optional_qc_sensitivity_predictor,True,,True,,True,82,"[""C""]",C,True,1,False,5.0
P004,group_01,group_01,P004__trial_03,3,3,EDR-1,EDR-1,2,EDR-1 - Enjoying Free Time,EDR-1,"You have some free time and no immediate responsibilities that require your attention. You are not feeling tired or worried, but you would like to enjoy your time rather than let it pass uneventfully. You decide to listen to music for entertainment, making your free time more enjoyable.",Enjoyment,id_like_to_know,group_01_song_b_id_like_to_know,1,Song B,I'd Like To Know,C,3,id_like_to_know_pxl_s7,mix_b393d3919c78,assets/audio/study-stimuli/main-study/group_01/song_b_id_like_to_know/pxl_s7.wav,82,True,True,"Option E sounds with more echo, and option B the voice it’s like in “front row”. While the other ones, feel more cozy",-0.867056238017743,-0.6188407399054331,-0.3229009373128245,-1.0515106991885117,optional_qc_sensitivity_predictor,True,,True,,True,82,"[""C""]",C,True,1,True,1.0
P004,group_01,group_01,P004__trial_03,3,3,EDR-1,EDR-1,2,EDR-1 - Enjoying Free Time,EDR-1,"You have some free time and no immediate responsibilities that require your attention. You are not feeling tired or worried, but you would like to enjoy your time rather than let it pass uneventfully. You decide to listen to music for entertainment, making your free time more enjoyable.",Enjoyment,id_like_to_know,group_01_song_b_id_like_to_know,1,Song B,I'd Like To Know,D,4,id_like_to_know_pxl_s1,mix_9ffcd672af17,assets/audio/study-stimuli/main-study/group_01/song_b_id_like_to_know/pxl_s1.wav,47,True,True,"Option E sounds with more echo, and option B the voice it’s like in “front row”. While the other ones, feel more cozy",-0.5659114167269081,-0.579304038497624,-0.4851205015292653,1.357247686182373,optional_qc_sensitivity_predictor,True,,True,,True,82,"[""C""]",C,True,1,False,3.0
P004,group_01,group_01,P004__trial_03,3,3,EDR-1,EDR-1,2,EDR-1 - Enjoying Free Time,EDR-1,"You have some free time and no immediate responsibilities that require your attention. You are not feeling tired or worried, but you would like to enjoy your time rather than let it pass uneventfully. You decide to listen to music for entertainment, making your free time more enjoyable.",Enjoyment,id_like_to_know,group_01_song_b_id_like_to_know,1,Song B,I'd Like To Know,E,5,id_like_to_know_pxl_s2,mix_6f8b655d7999,assets/audio/study-stimuli/main-study/group_01/song_b_id_like_to_know/pxl_s2.wav,13,True,True,"Option E sounds with more echo, and option B the voice it’s like in “front row”. While the other ones, feel more cozy",0.5329997864789321,-1.1874673519330532,-0.7637519766505488,0.5510366380169074,optional_qc_sensitivity_predictor,True,,True,,True,82,"[""C""]",C,True,1,False,4.0
P004,group_01,group_01,P004__trial_04,4,4,EDR-1,EDR-1,2,EDR-1 - Enjoying Free Time,EDR-1,"You have some free time and no immediate responsibilities that require your attention. You are not feeling tired or worried, but you would like to enjoy your time rather than let it pass uneventfully. You decide to listen to music for entertainment, making your free time more enjoyable.",Enjoyment,lead_me,group_01_song_a_lead_me,2,Song A,Lead Me,A,1,lead_me_pxl_l1,mix_d5b28dfc8a93,assets/audio/study-stimuli/main-study/group_01/song_a_lead_me/pxl_l1.wav,19,True,True,"Option A, B, C it makes me feel i am in a concert. The echoing, the louding… while option D sounds more delightful ",-0.0024436394808062,-0.3677713699084406,-1.2816942263900757,-0.1924460334762285,optional_qc_sensitivity_predictor,True,,True,,True,82,"[""D""]",D,True,1,False,3.0
P004,group_01,group_01,P004__trial_04,4,4,EDR-1,EDR-1,2,EDR-1 - Enjoying Free Time,EDR-1,"You have some free time and no immediate responsibilities that require your attention. You are not feeling tired or worried, but you would like to enjoy your time rather than let it pass uneventfully. You decide to listen to music for entertainment, making your free time more enjoyable.",Enjoyment,lead_me,group_01_song_a_lead_me,2,Song A,Lead Me,B,2,lead_me_du_e,mix_271852ba8676,assets/audio/study-stimuli/main-study/group_01/song_a_lead_me/du_e.wav,0,True,True,"Option A, B, C it makes me feel i am in a concert. The echoing, the louding… while option D sounds more delightful ",-1.0250576971995913,0.5199952869185839,-0.8666083508697964,0.9959336464039888,optional_qc_sensitivity_predictor,True,,True,,True,82,"[""D""]",D,True,1,False,4.5
P004,group_01,group_01,P004__trial_04,4,4,EDR-1,EDR-1,2,EDR-1 - Enjoying Free Time,EDR-1,"You have some free time and no immediate responsibilities that require your attention. You are not feeling tired or worried, but you would like to enjoy your time rather than let it pass uneventfully. You decide to listen to music for entertainment, making your free time more enjoyable.",Enjoyment,lead_me,group_01_song_a_lead_me,2,Song A,Lead Me,C,3,lead_me_du_d,mix_f1f7973e5bac,assets/audio/study-stimuli/main-study/group_01/song_a_lead_me/du_d.wav,0,True,True,"Option A, B, C it makes me feel i am in a concert. The echoing, the louding… while option D sounds more delightful ",0.7402857811167308,-1.548717422055362,0.3280479404435016,-1.017146833506479,optional_qc_sensitivity_predictor,True,,True,,True,82,"[""D""]",D,True,1,False,4.5
P004,group_01,group_01,P004__trial_04,4,4,EDR-1,EDR-1,2,EDR-1 - Enjoying Free Time,EDR-1,"You have some free time and no immediate responsibilities that require your attention. You are not feeling tired or worried, but you would like to enjoy your time rather than let it pass uneventfully. You decide to listen to music for entertainment, making your free time more enjoyable.",Enjoyment,lead_me,group_01_song_a_lead_me,2,Song A,Lead Me,D,4,lead_me_mcg_pro2,mix_d3e3580b6e30,assets/audio/study-stimuli/main-study/group_01/song_a_lead_me/mcg_pro2.wav,82,True,True,"Option A, B, C it makes me feel i am in a concert. The echoing, the louding… while option D sounds more delightful ",2.9805308263561203,0.8594252384169624,-0.9263284806752846,0.048773555233824,optional_qc_sensitivity_predictor,True,,True,,True,82,"[""D""]",D,True,1,True,1.0
P004,group_01,group_01,P004__trial_04,4,4,EDR-1,EDR-1,2,EDR-1 - Enjoying Free Time,EDR-1,"You have some free time and no immediate responsibilities that require your attention. You are not feeling tired or worried, but you would like to enjoy your time rather than let it pass uneventfully. You decide to listen to music for entertainment, making your free time more enjoyable.",Enjoyment,lead_me,group_01_song_a_lead_me,2,Song A,Lead Me,E,5,lead_me_pxl_l4,mix_c7d9a071ba25,assets/audio/study-stimuli/main-study/group_01/song_a_lead_me/pxl_l4.wav,44,True,True,"Option A, B, C it makes me feel i am in a concert. The echoing, the louding… while option D sounds more delightful ",-0.0552007785055364,-0.8412121981784734,0.8321106863211235,2.390299590706203,optional_qc_sensitivity_predictor,True,,True,,True,82,"[""D""]",D,True,1,False,2.0
P004,group_01,group_01,P004__trial_05,5,5,EDR-2,EDR-2,3,EDR-2 - Unwinding After a Demanding Period,EDR-2,"You have some time for yourself after a demanding period. Although a few everyday concerns are still on your mind, there is nothing that requires your attention right now. You would like to feel calmer and take your mind off these concerns for a while, so you decide to listen to music to help you unwind.",Relaxation-Distraction,id_like_to_know,group_01_song_b_id_like_to_know,1,Song B,I'd Like To Know,A,1,id_like_to_know_pxl_s7,mix_b393d3919c78,assets/audio/study-stimuli/main-study/group_01/song_b_id_like_to_know/pxl_s7.wav,59,True,True,"Option D and A takes me to a mood more reflexive, while option B, it gives me more tension ",-0.867056238017743,-0.6188407399054331,-0.3229009373128245,-1.0515106991885117,optional_qc_sensitivity_predictor,True,,True,,True,90,"[""D""]",D,True,1,False,2.0
P004,group_01,group_01,P004__trial_05,5,5,EDR-2,EDR-2,3,EDR-2 - Unwinding After a Demanding Period,EDR-2,"You have some time for yourself after a demanding period. Although a few everyday concerns are still on your mind, there is nothing that requires your attention right now. You would like to feel calmer and take your mind off these concerns for a while, so you decide to listen to music to help you unwind.",Relaxation-Distraction,id_like_to_know,group_01_song_b_id_like_to_know,1,Song B,I'd Like To Know,B,2,id_like_to_know_pxl_s3,mix_65f41f41d3ab,assets/audio/study-stimuli/main-study/group_01/song_b_id_like_to_know/pxl_s3.wav,0,True,True,"Option D and A takes me to a mood more reflexive, while option B, it gives me more tension ",0.3234844364321996,-1.065060189455143,-1.1651773700507613,-0.0982478955990668,optional_qc_sensitivity_predictor,True,,True,,True,90,"[""D""]",D,True,1,False,5.0
P004,group_01,group_01,P004__trial_05,5,5,EDR-2,EDR-2,3,EDR-2 - Unwinding After a Demanding Period,EDR-2,"You have some time for yourself after a demanding period. Although a few everyday concerns are still on your mind, there is nothing that requires your attention right now. You would like to feel calmer and take your mind off these concerns for a while, so you decide to listen to music to help you unwind.",Relaxation-Distraction,id_like_to_know,group_01_song_b_id_like_to_know,1,Song B,I'd Like To Know,C,3,id_like_to_know_pxl_s1,mix_9ffcd672af17,assets/audio/study-stimuli/main-study/group_01/song_b_id_like_to_know/pxl_s1.wav,15,True,True,"Option D and A takes me to a mood more reflexive, while option B, it gives me more tension ",-0.5659114167269081,-0.579304038497624,-0.4851205015292653,1.357247686182373,optional_qc_sensitivity_predictor,True,,True,,True,90,"[""D""]",D,True,1,False,4.0
P004,group_01,group_01,P004__trial_05,5,5,EDR-2,EDR-2,3,EDR-2 - Unwinding After a Demanding Period,EDR-2,"You have some time for yourself after a demanding period. Although a few everyday concerns are still on your mind, there is nothing that requires your attention right now. You would like to feel calmer and take your mind off these concerns for a while, so you decide to listen to music to help you unwind.",Relaxation-Distraction,id_like_to_know,group_01_song_b_id_like_to_know,1,Song B,I'd Like To Know,D,4,id_like_to_know_pxl_s2,mix_6f8b655d7999,assets/audio/study-stimuli/main-study/group_01/song_b_id_like_to_know/pxl_s2.wav,90,True,True,"Option D and A takes me to a mood more reflexive, while option B, it gives me more tension ",0.5329997864789321,-1.1874673519330532,-0.7637519766505488,0.5510366380169074,optional_qc_sensitivity_predictor,True,,True,,True,90,"[""D""]",D,True,1,True,1.0
P004,group_01,group_01,P004__trial_05,5,5,EDR-2,EDR-2,3,EDR-2 - Unwinding After a Demanding Period,EDR-2,"You have some time for yourself after a demanding period. Although a few everyday concerns are still on your mind, there is nothing that requires your attention right now. You would like to feel calmer and take your mind off these concerns for a while, so you decide to listen to music to help you unwind.",Relaxation-Distraction,id_like_to_know,group_01_song_b_id_like_to_know,1,Song B,I'd Like To Know,E,5,id_like_to_know_pxl_s5,mix_82d60d7c7fc5,assets/audio/study-stimuli/main-study/group_01/song_b_id_like_to_know/pxl_s5.wav,27,True,True,"Option D and A takes me to a mood more reflexive, while option B, it gives me more tension ",-0.3583378408524605,-0.1527662554529231,0.7972705919658362,1.6270752922517937,optional_qc_sensitivity_predictor,True,,True,,True,90,"[""D""]",D,True,1,False,3.0
P004,group_01,group_01,P004__trial_06,6,6,EDR-2,EDR-2,3,EDR-2 - Unwinding After a Demanding Period,EDR-2,"You have some time for yourself after a demanding period. Although a few everyday concerns are still on your mind, there is nothing that requires your attention right now. You would like to feel calmer and take your mind off these concerns for a while, so you decide to listen to music to help you unwind.",Relaxation-Distraction,lead_me,group_01_song_a_lead_me,2,Song A,Lead Me,A,1,lead_me_pxl_l4,mix_c7d9a071ba25,assets/audio/study-stimuli/main-study/group_01/song_a_lead_me/pxl_l4.wav,4,True,True,"The voice it gets more louder in option C, D , A and it doesn’t slow my path after a long, demanding period. Although the first option i can imagine myself being seated and reflexive ",-0.0552007785055364,-0.8412121981784734,0.8321106863211235,2.390299590706203,optional_qc_sensitivity_predictor,True,,True,,True,92,"[""E""]",E,True,1,False,4.0
P004,group_01,group_01,P004__trial_06,6,6,EDR-2,EDR-2,3,EDR-2 - Unwinding After a Demanding Period,EDR-2,"You have some time for yourself after a demanding period. Although a few everyday concerns are still on your mind, there is nothing that requires your attention right now. You would like to feel calmer and take your mind off these concerns for a while, so you decide to listen to music to help you unwind.",Relaxation-Distraction,lead_me,group_01_song_a_lead_me,2,Song A,Lead Me,B,2,lead_me_du_d,mix_f1f7973e5bac,assets/audio/study-stimuli/main-study/group_01/song_a_lead_me/du_d.wav,64,True,True,"The voice it gets more louder in option C, D , A and it doesn’t slow my path after a long, demanding period. Although the first option i can imagine myself being seated and reflexive ",0.7402857811167308,-1.548717422055362,0.3280479404435016,-1.017146833506479,optional_qc_sensitivity_predictor,True,,True,,True,92,"[""E""]",E,True,1,False,2.0
P004,group_01,group_01,P004__trial_06,6,6,EDR-2,EDR-2,3,EDR-2 - Unwinding After a Demanding Period,EDR-2,"You have some time for yourself after a demanding period. Although a few everyday concerns are still on your mind, there is nothing that requires your attention right now. You would like to feel calmer and take your mind off these concerns for a while, so you decide to listen to music to help you unwind.",Relaxation-Distraction,lead_me,group_01_song_a_lead_me,2,Song A,Lead Me,C,3,lead_me_du_e,mix_271852ba8676,assets/audio/study-stimuli/main-study/group_01/song_a_lead_me/du_e.wav,3,True,True,"The voice it gets more louder in option C, D , A and it doesn’t slow my path after a long, demanding period. Although the first option i can imagine myself being seated and reflexive ",-1.0250576971995913,0.5199952869185839,-0.8666083508697964,0.9959336464039888,optional_qc_sensitivity_predictor,True,,True,,True,92,"[""E""]",E,True,1,False,5.0
P004,group_01,group_01,P004__trial_06,6,6,EDR-2,EDR-2,3,EDR-2 - Unwinding After a Demanding Period,EDR-2,"You have some time for yourself after a demanding period. Although a few everyday concerns are still on your mind, there is nothing that requires your attention right now. You would like to feel calmer and take your mind off these concerns for a while, so you decide to listen to music to help you unwind.",Relaxation-Distraction,lead_me,group_01_song_a_lead_me,2,Song A,Lead Me,D,4,lead_me_mcg_pro2,mix_d3e3580b6e30,assets/audio/study-stimuli/main-study/group_01/song_a_lead_me/mcg_pro2.wav,35,True,True,"The voice it gets more louder in option C, D , A and it doesn’t slow my path after a long, demanding period. Although the first option i can imagine myself being seated and reflexive ",2.9805308263561203,0.8594252384169624,-0.9263284806752846,0.048773555233824,optional_qc_sensitivity_predictor,True,,True,,True,92,"[""E""]",E,True,1,False,3.0
P004,group_01,group_01,P004__trial_06,6,6,EDR-2,EDR-2,3,EDR-2 - Unwinding After a Demanding Period,EDR-2,"You have some time for yourself after a demanding period. Although a few everyday concerns are still on your mind, there is nothing that requires your attention right now. You would like to feel calmer and take your mind off these concerns for a while, so you decide to listen to music to help you unwind.",Relaxation-Distraction,lead_me,group_01_song_a_lead_me,2,Song A,Lead Me,E,5,lead_me_pxl_l1,mix_d5b28dfc8a93,assets/audio/study-stimuli/main-study/group_01/song_a_lead_me/pxl_l1.wav,92,True,True,"The voice it gets more louder in option C, D , A and it doesn’t slow my path after a long, demanding period. Although the first option i can imagine myself being seated and reflexive ",-0.0024436394808062,-0.3677713699084406,-1.2816942263900757,-0.1924460334762285,optional_qc_sensitivity_predictor,True,,True,,True,92,"[""E""]",E,True,1,True,1.0
P005,group_02,group_02,P005__trial_01,1,1,FM-1,FM-1,1,FM-1 - Maintaining Engagement During an Activity,FM-1,"You are engaged in an activity that requires sustained mental or physical effort. As you continue, it becomes more difficult to stay engaged. You want to maintain your focus and motivation so that you can continue making steady progress toward completing the activity. You decide to listen to music while carrying on with the activity.",Focus-Motivation,in_the_meantime,group_02_song_a_in_the_meantime,1,Song A,In The Meantime,A,1,in_the_meantime_qut_pro,mix_cdaef40f2b94,assets/audio/study-stimuli/main-study/group_02/song_a_in_the_meantime/qut_pro.wav,83,True,True,Like the song overall. A sounds like I’m in the concert hall and I like C becuse i can hear the voice clearly.,-0.6756280657690176,-1.4346341192827423,1.8511013279434223,-0.7325346788768815,optional_qc_sensitivity_predictor,True,,True,,True,83,"[""A""]",A,True,1,True,1.0
P005,group_02,group_02,P005__trial_01,1,1,FM-1,FM-1,1,FM-1 - Maintaining Engagement During an Activity,FM-1,"You are engaged in an activity that requires sustained mental or physical effort. As you continue, it becomes more difficult to stay engaged. You want to maintain your focus and motivation so that you can continue making steady progress toward completing the activity. You decide to listen to music while carrying on with the activity.",Focus-Motivation,in_the_meantime,group_02_song_a_in_the_meantime,1,Song A,In The Meantime,B,2,in_the_meantime_du_i,mix_9baa86357fd4,assets/audio/study-stimuli/main-study/group_02/song_a_in_the_meantime/du_i.wav,52,True,True,Like the song overall. A sounds like I’m in the concert hall and I like C becuse i can hear the voice clearly.,-1.8990066727669184,1.9187185345499165,0.5415536857115313,-0.721703057329889,optional_qc_sensitivity_predictor,True,,True,,True,83,"[""A""]",A,True,1,False,5.0
P005,group_02,group_02,P005__trial_01,1,1,FM-1,FM-1,1,FM-1 - Maintaining Engagement During an Activity,FM-1,"You are engaged in an activity that requires sustained mental or physical effort. As you continue, it becomes more difficult to stay engaged. You want to maintain your focus and motivation so that you can continue making steady progress toward completing the activity. You decide to listen to music while carrying on with the activity.",Focus-Motivation,in_the_meantime,group_02_song_a_in_the_meantime,1,Song A,In The Meantime,C,3,in_the_meantime_qut_b,mix_c7bdcba64775,assets/audio/study-stimuli/main-study/group_02/song_a_in_the_meantime/qut_b.wav,80,True,True,Like the song overall. A sounds like I’m in the concert hall and I like C becuse i can hear the voice clearly.,-0.6698107538710293,-0.1978340618743536,-1.5468197375217057,0.0908009789400507,optional_qc_sensitivity_predictor,True,,True,,True,83,"[""A""]",A,True,1,False,2.0
P005,group_02,group_02,P005__trial_01,1,1,FM-1,FM-1,1,FM-1 - Maintaining Engagement During an Activity,FM-1,"You are engaged in an activity that requires sustained mental or physical effort. As you continue, it becomes more difficult to stay engaged. You want to maintain your focus and motivation so that you can continue making steady progress toward completing the activity. You decide to listen to music while carrying on with the activity.",Focus-Motivation,in_the_meantime,group_02_song_a_in_the_meantime,1,Song A,In The Meantime,D,4,in_the_meantime_du_h,mix_302f0efe8a80,assets/audio/study-stimuli/main-study/group_02/song_a_in_the_meantime/du_h.wav,55,True,True,Like the song overall. A sounds like I’m in the concert hall and I like C becuse i can hear the voice clearly.,0.6887214233465396,0.2719152524959843,-0.8693704120952901,0.8234428342152216,optional_qc_sensitivity_predictor,True,,True,,True,83,"[""A""]",A,True,1,False,4.0
P005,group_02,group_02,P005__trial_01,1,1,FM-1,FM-1,1,FM-1 - Maintaining Engagement During an Activity,FM-1,"You are engaged in an activity that requires sustained mental or physical effort. As you continue, it becomes more difficult to stay engaged. You want to maintain your focus and motivation so that you can continue making steady progress toward completing the activity. You decide to listen to music while carrying on with the activity.",Focus-Motivation,in_the_meantime,group_02_song_a_in_the_meantime,1,Song A,In The Meantime,E,5,in_the_meantime_du_k,mix_56e65a3ce054,assets/audio/study-stimuli/main-study/group_02/song_a_in_the_meantime/du_k.wav,62,True,True,Like the song overall. A sounds like I’m in the concert hall and I like C becuse i can hear the voice clearly.,-1.1193186569455127,1.7918041562064675,0.9713104079970216,0.4372547184671072,optional_qc_sensitivity_predictor,True,,True,,True,83,"[""A""]",A,True,1,False,3.0
P005,group_02,group_02,P005__trial_02,2,2,FM-1,FM-1,1,FM-1 - Maintaining Engagement During an Activity,FM-1,"You are engaged in an activity that requires sustained mental or physical effort. As you continue, it becomes more difficult to stay engaged. You want to maintain your focus and motivation so that you can continue making steady progress toward completing the activity. You decide to listen to music while carrying on with the activity.",Focus-Motivation,pouring_room,group_02_song_b_pouring_room,2,Song B,Pouring Room,A,1,pouring_room_mcg_r,mix_0ba76f420c1d,assets/audio/study-stimuli/main-study/group_02/song_b_pouring_room/mcg_r.wav,46,True,True,"The music makes me more relax
D: can’t hear the voice clearly in the beginning",0.2249858589620197,-0.521538265731174,0.8057256670690561,-1.2630720295337683,optional_qc_sensitivity_predictor,True,,True,,True,53,"[""E""]",E,True,1,False,3.0
P005,group_02,group_02,P005__trial_02,2,2,FM-1,FM-1,1,FM-1 - Maintaining Engagement During an Activity,FM-1,"You are engaged in an activity that requires sustained mental or physical effort. As you continue, it becomes more difficult to stay engaged. You want to maintain your focus and motivation so that you can continue making steady progress toward completing the activity. You decide to listen to music while carrying on with the activity.",Focus-Motivation,pouring_room,group_02_song_b_pouring_room,2,Song B,Pouring Room,B,2,pouring_room_mcg_x,mix_cbf8555ee2b2,assets/audio/study-stimuli/main-study/group_02/song_b_pouring_room/mcg_x.wav,41,True,True,"The music makes me more relax
D: can’t hear the voice clearly in the beginning",0.4494273963527286,0.780552768870155,0.8086566197405122,-0.4801297779726206,optional_qc_sensitivity_predictor,True,,True,,True,53,"[""E""]",E,True,1,False,4.0
P005,group_02,group_02,P005__trial_02,2,2,FM-1,FM-1,1,FM-1 - Maintaining Engagement During an Activity,FM-1,"You are engaged in an activity that requires sustained mental or physical effort. As you continue, it becomes more difficult to stay engaged. You want to maintain your focus and motivation so that you can continue making steady progress toward completing the activity. You decide to listen to music while carrying on with the activity.",Focus-Motivation,pouring_room,group_02_song_b_pouring_room,2,Song B,Pouring Room,C,3,pouring_room_mcg_t,mix_be2ccd4c43ff,assets/audio/study-stimuli/main-study/group_02/song_b_pouring_room/mcg_t.wav,52,True,True,"The music makes me more relax
D: can’t hear the voice clearly in the beginning",-0.0814371595061495,1.1238301932737935,1.926895983278192,-0.8792578396079359,optional_qc_sensitivity_predictor,True,,True,,True,53,"[""E""]",E,True,1,False,2.0
P005,group_02,group_02,P005__trial_02,2,2,FM-1,FM-1,1,FM-1 - Maintaining Engagement During an Activity,FM-1,"You are engaged in an activity that requires sustained mental or physical effort. As you continue, it becomes more difficult to stay engaged. You want to maintain your focus and motivation so that you can continue making steady progress toward completing the activity. You decide to listen to music while carrying on with the activity.",Focus-Motivation,pouring_room,group_02_song_b_pouring_room,2,Song B,Pouring Room,D,4,pouring_room_mcg_pro1,mix_132e75f34470,assets/audio/study-stimuli/main-study/group_02/song_b_pouring_room/mcg_pro1.wav,31,True,True,"The music makes me more relax
D: can’t hear the voice clearly in the beginning",1.177821012274786,0.1366958746221527,-0.3534041622732912,-0.9473754159948484,optional_qc_sensitivity_predictor,True,,True,,True,53,"[""E""]",E,True,1,False,5.0
P005,group_02,group_02,P005__trial_02,2,2,FM-1,FM-1,1,FM-1 - Maintaining Engagement During an Activity,FM-1,"You are engaged in an activity that requires sustained mental or physical effort. As you continue, it becomes more difficult to stay engaged. You want to maintain your focus and motivation so that you can continue making steady progress toward completing the activity. You decide to listen to music while carrying on with the activity.",Focus-Motivation,pouring_room,group_02_song_b_pouring_room,2,Song B,Pouring Room,E,5,pouring_room_mcg_v,mix_e08faaf8bbb3,assets/audio/study-stimuli/main-study/group_02/song_b_pouring_room/mcg_v.wav,53,True,True,"The music makes me more relax
D: can’t hear the voice clearly in the beginning",0.2009523983216312,1.112208706920678,-0.2814967551013548,-0.938440679331238,optional_qc_sensitivity_predictor,True,,True,,True,53,"[""E""]",E,True,1,True,1.0
P005,group_02,group_02,P005__trial_03,3,3,EDR-2,EDR-2,2,EDR-2 - Unwinding After a Demanding Period,EDR-2,"You have some time for yourself after a demanding period. Although a few everyday concerns are still on your mind, there is nothing that requires your attention right now. You would like to feel calmer and take your mind off these concerns for a while, so you decide to listen to music to help you unwind.",Relaxation-Distraction,pouring_room,group_02_song_b_pouring_room,1,Song B,Pouring Room,A,1,pouring_room_mcg_x,mix_cbf8555ee2b2,assets/audio/study-stimuli/main-study/group_02/song_b_pouring_room/mcg_x.wav,32,True,True,"B, C: can’t hear clearly
A : I like the echo
D : sounds the best to me
E : sounds good",0.4494273963527286,0.780552768870155,0.8086566197405122,-0.4801297779726206,optional_qc_sensitivity_predictor,True,,True,,True,83,"[""D""]",D,True,1,False,5.0
P005,group_02,group_02,P005__trial_03,3,3,EDR-2,EDR-2,2,EDR-2 - Unwinding After a Demanding Period,EDR-2,"You have some time for yourself after a demanding period. Although a few everyday concerns are still on your mind, there is nothing that requires your attention right now. You would like to feel calmer and take your mind off these concerns for a while, so you decide to listen to music to help you unwind.",Relaxation-Distraction,pouring_room,group_02_song_b_pouring_room,1,Song B,Pouring Room,B,2,pouring_room_mcg_r,mix_0ba76f420c1d,assets/audio/study-stimuli/main-study/group_02/song_b_pouring_room/mcg_r.wav,41,True,True,"B, C: can’t hear clearly
A : I like the echo
D : sounds the best to me
E : sounds good",0.2249858589620197,-0.521538265731174,0.8057256670690561,-1.2630720295337683,optional_qc_sensitivity_predictor,True,,True,,True,83,"[""D""]",D,True,1,False,4.0
P005,group_02,group_02,P005__trial_03,3,3,EDR-2,EDR-2,2,EDR-2 - Unwinding After a Demanding Period,EDR-2,"You have some time for yourself after a demanding period. Although a few everyday concerns are still on your mind, there is nothing that requires your attention right now. You would like to feel calmer and take your mind off these concerns for a while, so you decide to listen to music to help you unwind.",Relaxation-Distraction,pouring_room,group_02_song_b_pouring_room,1,Song B,Pouring Room,C,3,pouring_room_mcg_pro1,mix_132e75f34470,assets/audio/study-stimuli/main-study/group_02/song_b_pouring_room/mcg_pro1.wav,48,True,True,"B, C: can’t hear clearly
A : I like the echo
D : sounds the best to me
E : sounds good",1.177821012274786,0.1366958746221527,-0.3534041622732912,-0.9473754159948484,optional_qc_sensitivity_predictor,True,,True,,True,83,"[""D""]",D,True,1,False,3.0
P005,group_02,group_02,P005__trial_03,3,3,EDR-2,EDR-2,2,EDR-2 - Unwinding After a Demanding Period,EDR-2,"You have some time for yourself after a demanding period. Although a few everyday concerns are still on your mind, there is nothing that requires your attention right now. You would like to feel calmer and take your mind off these concerns for a while, so you decide to listen to music to help you unwind.",Relaxation-Distraction,pouring_room,group_02_song_b_pouring_room,1,Song B,Pouring Room,D,4,pouring_room_mcg_t,mix_be2ccd4c43ff,assets/audio/study-stimuli/main-study/group_02/song_b_pouring_room/mcg_t.wav,83,True,True,"B, C: can’t hear clearly
A : I like the echo
D : sounds the best to me
E : sounds good",-0.0814371595061495,1.1238301932737935,1.926895983278192,-0.8792578396079359,optional_qc_sensitivity_predictor,True,,True,,True,83,"[""D""]",D,True,1,True,1.0
P005,group_02,group_02,P005__trial_03,3,3,EDR-2,EDR-2,2,EDR-2 - Unwinding After a Demanding Period,EDR-2,"You have some time for yourself after a demanding period. Although a few everyday concerns are still on your mind, there is nothing that requires your attention right now. You would like to feel calmer and take your mind off these concerns for a while, so you decide to listen to music to help you unwind.",Relaxation-Distraction,pouring_room,group_02_song_b_pouring_room,1,Song B,Pouring Room,E,5,pouring_room_mcg_v,mix_e08faaf8bbb3,assets/audio/study-stimuli/main-study/group_02/song_b_pouring_room/mcg_v.wav,78,True,True,"B, C: can’t hear clearly
A : I like the echo
D : sounds the best to me
E : sounds good",0.2009523983216312,1.112208706920678,-0.2814967551013548,-0.938440679331238,optional_qc_sensitivity_predictor,True,,True,,True,83,"[""D""]",D,True,1,False,2.0
P005,group_02,group_02,P005__trial_04,4,4,EDR-2,EDR-2,2,EDR-2 - Unwinding After a Demanding Period,EDR-2,"You have some time for yourself after a demanding period. Although a few everyday concerns are still on your mind, there is nothing that requires your attention right now. You would like to feel calmer and take your mind off these concerns for a while, so you decide to listen to music to help you unwind.",Relaxation-Distraction,in_the_meantime,group_02_song_a_in_the_meantime,2,Song A,In The Meantime,A,1,in_the_meantime_du_i,mix_9baa86357fd4,assets/audio/study-stimuli/main-study/group_02/song_a_in_the_meantime/du_i.wav,82,True,True,"A, E : can hear everything clearly
D : corus is too loud and can’t her the singer too much
B, C : good",-1.8990066727669184,1.9187185345499165,0.5415536857115313,-0.721703057329889,optional_qc_sensitivity_predictor,True,,True,,True,85,"[""E""]",E,True,1,False,2.0
P005,group_02,group_02,P005__trial_04,4,4,EDR-2,EDR-2,2,EDR-2 - Unwinding After a Demanding Period,EDR-2,"You have some time for yourself after a demanding period. Although a few everyday concerns are still on your mind, there is nothing that requires your attention right now. You would like to feel calmer and take your mind off these concerns for a while, so you decide to listen to music to help you unwind.",Relaxation-Distraction,in_the_meantime,group_02_song_a_in_the_meantime,2,Song A,In The Meantime,B,2,in_the_meantime_du_h,mix_302f0efe8a80,assets/audio/study-stimuli/main-study/group_02/song_a_in_the_meantime/du_h.wav,76,True,True,"A, E : can hear everything clearly
D : corus is too loud and can’t her the singer too much
B, C : good",0.6887214233465396,0.2719152524959843,-0.8693704120952901,0.8234428342152216,optional_qc_sensitivity_predictor,True,,True,,True,85,"[""E""]",E,True,1,False,3.0
P005,group_02,group_02,P005__trial_04,4,4,EDR-2,EDR-2,2,EDR-2 - Unwinding After a Demanding Period,EDR-2,"You have some time for yourself after a demanding period. Although a few everyday concerns are still on your mind, there is nothing that requires your attention right now. You would like to feel calmer and take your mind off these concerns for a while, so you decide to listen to music to help you unwind.",Relaxation-Distraction,in_the_meantime,group_02_song_a_in_the_meantime,2,Song A,In The Meantime,C,3,in_the_meantime_qut_pro,mix_cdaef40f2b94,assets/audio/study-stimuli/main-study/group_02/song_a_in_the_meantime/qut_pro.wav,62,True,True,"A, E : can hear everything clearly
D : corus is too loud and can’t her the singer too much
B, C : good",-0.6756280657690176,-1.4346341192827423,1.8511013279434223,-0.7325346788768815,optional_qc_sensitivity_predictor,True,,True,,True,85,"[""E""]",E,True,1,False,4.0
P005,group_02,group_02,P005__trial_04,4,4,EDR-2,EDR-2,2,EDR-2 - Unwinding After a Demanding Period,EDR-2,"You have some time for yourself after a demanding period. Although a few everyday concerns are still on your mind, there is nothing that requires your attention right now. You would like to feel calmer and take your mind off these concerns for a while, so you decide to listen to music to help you unwind.",Relaxation-Distraction,in_the_meantime,group_02_song_a_in_the_meantime,2,Song A,In The Meantime,D,4,in_the_meantime_du_k,mix_56e65a3ce054,assets/audio/study-stimuli/main-study/group_02/song_a_in_the_meantime/du_k.wav,35,True,True,"A, E : can hear everything clearly
D : corus is too loud and can’t her the singer too much
B, C : good",-1.1193186569455127,1.7918041562064675,0.9713104079970216,0.4372547184671072,optional_qc_sensitivity_predictor,True,,True,,True,85,"[""E""]",E,True,1,False,5.0
P005,group_02,group_02,P005__trial_04,4,4,EDR-2,EDR-2,2,EDR-2 - Unwinding After a Demanding Period,EDR-2,"You have some time for yourself after a demanding period. Although a few everyday concerns are still on your mind, there is nothing that requires your attention right now. You would like to feel calmer and take your mind off these concerns for a while, so you decide to listen to music to help you unwind.",Relaxation-Distraction,in_the_meantime,group_02_song_a_in_the_meantime,2,Song A,In The Meantime,E,5,in_the_meantime_qut_b,mix_c7bdcba64775,assets/audio/study-stimuli/main-study/group_02/song_a_in_the_meantime/qut_b.wav,85,True,True,"A, E : can hear everything clearly
D : corus is too loud and can’t her the singer too much
B, C : good",-0.6698107538710293,-0.1978340618743536,-1.5468197375217057,0.0908009789400507,optional_qc_sensitivity_predictor,True,,True,,True,85,"[""E""]",E,True,1,True,1.0
P005,group_02,group_02,P005__trial_05,5,5,EDR-1,EDR-1,3,EDR-1 - Enjoying Free Time,EDR-1,"You have some free time and no immediate responsibilities that require your attention. You are not feeling tired or worried, but you would like to enjoy your time rather than let it pass uneventfully. You decide to listen to music for entertainment, making your free time more enjoyable.",Enjoyment,in_the_meantime,group_02_song_a_in_the_meantime,1,Song A,In The Meantime,A,1,in_the_meantime_qut_pro,mix_cdaef40f2b94,assets/audio/study-stimuli/main-study/group_02/song_a_in_the_meantime/qut_pro.wav,56,True,True,"C,D : background sound is little bit small

E : evrything sounds clear so i like it the best
",-0.6756280657690176,-1.4346341192827423,1.8511013279434223,-0.7325346788768815,optional_qc_sensitivity_predictor,True,,True,,True,84,"[""E""]",E,True,1,False,2.0
P005,group_02,group_02,P005__trial_05,5,5,EDR-1,EDR-1,3,EDR-1 - Enjoying Free Time,EDR-1,"You have some free time and no immediate responsibilities that require your attention. You are not feeling tired or worried, but you would like to enjoy your time rather than let it pass uneventfully. You decide to listen to music for entertainment, making your free time more enjoyable.",Enjoyment,in_the_meantime,group_02_song_a_in_the_meantime,1,Song A,In The Meantime,B,2,in_the_meantime_qut_b,mix_c7bdcba64775,assets/audio/study-stimuli/main-study/group_02/song_a_in_the_meantime/qut_b.wav,49,True,True,"C,D : background sound is little bit small

E : evrything sounds clear so i like it the best
",-0.6698107538710293,-0.1978340618743536,-1.5468197375217057,0.0908009789400507,optional_qc_sensitivity_predictor,True,,True,,True,84,"[""E""]",E,True,1,False,3.0
P005,group_02,group_02,P005__trial_05,5,5,EDR-1,EDR-1,3,EDR-1 - Enjoying Free Time,EDR-1,"You have some free time and no immediate responsibilities that require your attention. You are not feeling tired or worried, but you would like to enjoy your time rather than let it pass uneventfully. You decide to listen to music for entertainment, making your free time more enjoyable.",Enjoyment,in_the_meantime,group_02_song_a_in_the_meantime,1,Song A,In The Meantime,C,3,in_the_meantime_du_k,mix_56e65a3ce054,assets/audio/study-stimuli/main-study/group_02/song_a_in_the_meantime/du_k.wav,42,True,True,"C,D : background sound is little bit small

E : evrything sounds clear so i like it the best
",-1.1193186569455127,1.7918041562064675,0.9713104079970216,0.4372547184671072,optional_qc_sensitivity_predictor,True,,True,,True,84,"[""E""]",E,True,1,False,4.0
P005,group_02,group_02,P005__trial_05,5,5,EDR-1,EDR-1,3,EDR-1 - Enjoying Free Time,EDR-1,"You have some free time and no immediate responsibilities that require your attention. You are not feeling tired or worried, but you would like to enjoy your time rather than let it pass uneventfully. You decide to listen to music for entertainment, making your free time more enjoyable.",Enjoyment,in_the_meantime,group_02_song_a_in_the_meantime,1,Song A,In The Meantime,D,4,in_the_meantime_du_h,mix_302f0efe8a80,assets/audio/study-stimuli/main-study/group_02/song_a_in_the_meantime/du_h.wav,37,True,True,"C,D : background sound is little bit small

E : evrything sounds clear so i like it the best
",0.6887214233465396,0.2719152524959843,-0.8693704120952901,0.8234428342152216,optional_qc_sensitivity_predictor,True,,True,,True,84,"[""E""]",E,True,1,False,5.0
P005,group_02,group_02,P005__trial_05,5,5,EDR-1,EDR-1,3,EDR-1 - Enjoying Free Time,EDR-1,"You have some free time and no immediate responsibilities that require your attention. You are not feeling tired or worried, but you would like to enjoy your time rather than let it pass uneventfully. You decide to listen to music for entertainment, making your free time more enjoyable.",Enjoyment,in_the_meantime,group_02_song_a_in_the_meantime,1,Song A,In The Meantime,E,5,in_the_meantime_du_i,mix_9baa86357fd4,assets/audio/study-stimuli/main-study/group_02/song_a_in_the_meantime/du_i.wav,84,True,True,"C,D : background sound is little bit small

E : evrything sounds clear so i like it the best
",-1.8990066727669184,1.9187185345499165,0.5415536857115313,-0.721703057329889,optional_qc_sensitivity_predictor,True,,True,,True,84,"[""E""]",E,True,1,True,1.0
P005,group_02,group_02,P005__trial_06,6,6,EDR-1,EDR-1,3,EDR-1 - Enjoying Free Time,EDR-1,"You have some free time and no immediate responsibilities that require your attention. You are not feeling tired or worried, but you would like to enjoy your time rather than let it pass uneventfully. You decide to listen to music for entertainment, making your free time more enjoyable.",Enjoyment,pouring_room,group_02_song_b_pouring_room,2,Song B,Pouring Room,A,1,pouring_room_mcg_pro1,mix_132e75f34470,assets/audio/study-stimuli/main-study/group_02/song_b_pouring_room/mcg_pro1.wav,36,True,True,"I like the tempo, suitable for enjoying free time. 
A, D: volume is a little bit low
C : like the style
B,E : good",1.177821012274786,0.1366958746221527,-0.3534041622732912,-0.9473754159948484,optional_qc_sensitivity_predictor,True,,True,,True,83,"[""E""]",E,True,1,False,5.0
P005,group_02,group_02,P005__trial_06,6,6,EDR-1,EDR-1,3,EDR-1 - Enjoying Free Time,EDR-1,"You have some free time and no immediate responsibilities that require your attention. You are not feeling tired or worried, but you would like to enjoy your time rather than let it pass uneventfully. You decide to listen to music for entertainment, making your free time more enjoyable.",Enjoyment,pouring_room,group_02_song_b_pouring_room,2,Song B,Pouring Room,B,2,pouring_room_mcg_x,mix_cbf8555ee2b2,assets/audio/study-stimuli/main-study/group_02/song_b_pouring_room/mcg_x.wav,47,True,True,"I like the tempo, suitable for enjoying free time. 
A, D: volume is a little bit low
C : like the style
B,E : good",0.4494273963527286,0.780552768870155,0.8086566197405122,-0.4801297779726206,optional_qc_sensitivity_predictor,True,,True,,True,83,"[""E""]",E,True,1,False,4.0
P005,group_02,group_02,P005__trial_06,6,6,EDR-1,EDR-1,3,EDR-1 - Enjoying Free Time,EDR-1,"You have some free time and no immediate responsibilities that require your attention. You are not feeling tired or worried, but you would like to enjoy your time rather than let it pass uneventfully. You decide to listen to music for entertainment, making your free time more enjoyable.",Enjoyment,pouring_room,group_02_song_b_pouring_room,2,Song B,Pouring Room,C,3,pouring_room_mcg_t,mix_be2ccd4c43ff,assets/audio/study-stimuli/main-study/group_02/song_b_pouring_room/mcg_t.wav,71,True,True,"I like the tempo, suitable for enjoying free time. 
A, D: volume is a little bit low
C : like the style
B,E : good",-0.0814371595061495,1.1238301932737935,1.926895983278192,-0.8792578396079359,optional_qc_sensitivity_predictor,True,,True,,True,83,"[""E""]",E,True,1,False,2.0
P005,group_02,group_02,P005__trial_06,6,6,EDR-1,EDR-1,3,EDR-1 - Enjoying Free Time,EDR-1,"You have some free time and no immediate responsibilities that require your attention. You are not feeling tired or worried, but you would like to enjoy your time rather than let it pass uneventfully. You decide to listen to music for entertainment, making your free time more enjoyable.",Enjoyment,pouring_room,group_02_song_b_pouring_room,2,Song B,Pouring Room,D,4,pouring_room_mcg_r,mix_0ba76f420c1d,assets/audio/study-stimuli/main-study/group_02/song_b_pouring_room/mcg_r.wav,59,True,True,"I like the tempo, suitable for enjoying free time. 
A, D: volume is a little bit low
C : like the style
B,E : good",0.2249858589620197,-0.521538265731174,0.8057256670690561,-1.2630720295337683,optional_qc_sensitivity_predictor,True,,True,,True,83,"[""E""]",E,True,1,False,3.0
P005,group_02,group_02,P005__trial_06,6,6,EDR-1,EDR-1,3,EDR-1 - Enjoying Free Time,EDR-1,"You have some free time and no immediate responsibilities that require your attention. You are not feeling tired or worried, but you would like to enjoy your time rather than let it pass uneventfully. You decide to listen to music for entertainment, making your free time more enjoyable.",Enjoyment,pouring_room,group_02_song_b_pouring_room,2,Song B,Pouring Room,E,5,pouring_room_mcg_v,mix_e08faaf8bbb3,assets/audio/study-stimuli/main-study/group_02/song_b_pouring_room/mcg_v.wav,83,True,True,"I like the tempo, suitable for enjoying free time. 
A, D: volume is a little bit low
C : like the style
B,E : good",0.2009523983216312,1.112208706920678,-0.2814967551013548,-0.938440679331238,optional_qc_sensitivity_predictor,True,,True,,True,83,"[""E""]",E,True,1,True,1.0
P006,group_01,group_01,P006__trial_01,1,1,EDR-1,EDR-1,1,EDR-1 - Enjoying Free Time,EDR-1,"You have some free time and no immediate responsibilities that require your attention. You are not feeling tired or worried, but you would like to enjoy your time rather than let it pass uneventfully. You decide to listen to music for entertainment, making your free time more enjoyable.",Enjoyment,lead_me,group_01_song_a_lead_me,1,Song A,Lead Me,A,1,lead_me_du_d,mix_f1f7973e5bac,assets/audio/study-stimuli/main-study/group_01/song_a_lead_me/du_d.wav,99,True,True,"I would definitely choose A, as I find it close to my usual sound configuration. C still works, I find it enjoyable. For the rest of the options, that is, B, E & D, the sound is strange, like if there were something a layer between the singer and the microphone. ",0.7402857811167308,-1.548717422055362,0.3280479404435016,-1.017146833506479,optional_qc_sensitivity_predictor,True,,True,,True,99,"[""A""]",A,True,1,True,1.0
P006,group_01,group_01,P006__trial_01,1,1,EDR-1,EDR-1,1,EDR-1 - Enjoying Free Time,EDR-1,"You have some free time and no immediate responsibilities that require your attention. You are not feeling tired or worried, but you would like to enjoy your time rather than let it pass uneventfully. You decide to listen to music for entertainment, making your free time more enjoyable.",Enjoyment,lead_me,group_01_song_a_lead_me,1,Song A,Lead Me,B,2,lead_me_pxl_l1,mix_d5b28dfc8a93,assets/audio/study-stimuli/main-study/group_01/song_a_lead_me/pxl_l1.wav,51,True,True,"I would definitely choose A, as I find it close to my usual sound configuration. C still works, I find it enjoyable. For the rest of the options, that is, B, E & D, the sound is strange, like if there were something a layer between the singer and the microphone. ",-0.0024436394808062,-0.3677713699084406,-1.2816942263900757,-0.1924460334762285,optional_qc_sensitivity_predictor,True,,True,,True,99,"[""A""]",A,True,1,False,3.0
P006,group_01,group_01,P006__trial_01,1,1,EDR-1,EDR-1,1,EDR-1 - Enjoying Free Time,EDR-1,"You have some free time and no immediate responsibilities that require your attention. You are not feeling tired or worried, but you would like to enjoy your time rather than let it pass uneventfully. You decide to listen to music for entertainment, making your free time more enjoyable.",Enjoyment,lead_me,group_01_song_a_lead_me,1,Song A,Lead Me,C,3,lead_me_mcg_pro2,mix_d3e3580b6e30,assets/audio/study-stimuli/main-study/group_01/song_a_lead_me/mcg_pro2.wav,75,True,True,"I would definitely choose A, as I find it close to my usual sound configuration. C still works, I find it enjoyable. For the rest of the options, that is, B, E & D, the sound is strange, like if there were something a layer between the singer and the microphone. ",2.9805308263561203,0.8594252384169624,-0.9263284806752846,0.048773555233824,optional_qc_sensitivity_predictor,True,,True,,True,99,"[""A""]",A,True,1,False,2.0
P006,group_01,group_01,P006__trial_01,1,1,EDR-1,EDR-1,1,EDR-1 - Enjoying Free Time,EDR-1,"You have some free time and no immediate responsibilities that require your attention. You are not feeling tired or worried, but you would like to enjoy your time rather than let it pass uneventfully. You decide to listen to music for entertainment, making your free time more enjoyable.",Enjoyment,lead_me,group_01_song_a_lead_me,1,Song A,Lead Me,D,4,lead_me_du_e,mix_271852ba8676,assets/audio/study-stimuli/main-study/group_01/song_a_lead_me/du_e.wav,25,True,True,"I would definitely choose A, as I find it close to my usual sound configuration. C still works, I find it enjoyable. For the rest of the options, that is, B, E & D, the sound is strange, like if there were something a layer between the singer and the microphone. ",-1.0250576971995913,0.5199952869185839,-0.8666083508697964,0.9959336464039888,optional_qc_sensitivity_predictor,True,,True,,True,99,"[""A""]",A,True,1,False,5.0
P006,group_01,group_01,P006__trial_01,1,1,EDR-1,EDR-1,1,EDR-1 - Enjoying Free Time,EDR-1,"You have some free time and no immediate responsibilities that require your attention. You are not feeling tired or worried, but you would like to enjoy your time rather than let it pass uneventfully. You decide to listen to music for entertainment, making your free time more enjoyable.",Enjoyment,lead_me,group_01_song_a_lead_me,1,Song A,Lead Me,E,5,lead_me_pxl_l4,mix_c7d9a071ba25,assets/audio/study-stimuli/main-study/group_01/song_a_lead_me/pxl_l4.wav,40,True,True,"I would definitely choose A, as I find it close to my usual sound configuration. C still works, I find it enjoyable. For the rest of the options, that is, B, E & D, the sound is strange, like if there were something a layer between the singer and the microphone. ",-0.0552007785055364,-0.8412121981784734,0.8321106863211235,2.390299590706203,optional_qc_sensitivity_predictor,True,,True,,True,99,"[""A""]",A,True,1,False,4.0
P006,group_01,group_01,P006__trial_02,2,2,EDR-1,EDR-1,1,EDR-1 - Enjoying Free Time,EDR-1,"You have some free time and no immediate responsibilities that require your attention. You are not feeling tired or worried, but you would like to enjoy your time rather than let it pass uneventfully. You decide to listen to music for entertainment, making your free time more enjoyable.",Enjoyment,id_like_to_know,group_01_song_b_id_like_to_know,2,Song B,I'd Like To Know,A,1,id_like_to_know_pxl_s1,mix_9ffcd672af17,assets/audio/study-stimuli/main-study/group_01/song_b_id_like_to_know/pxl_s1.wav,86,True,True,"C is close to my usual sound configuration. I still find amusing A and E. 
For the rest, that is, B & D, I reckon the sound weird, like if the some sounds were a bit compressed. ",-0.5659114167269081,-0.579304038497624,-0.4851205015292653,1.357247686182373,optional_qc_sensitivity_predictor,True,,True,,True,96,"[""C""]",C,True,1,False,2.0
P006,group_01,group_01,P006__trial_02,2,2,EDR-1,EDR-1,1,EDR-1 - Enjoying Free Time,EDR-1,"You have some free time and no immediate responsibilities that require your attention. You are not feeling tired or worried, but you would like to enjoy your time rather than let it pass uneventfully. You decide to listen to music for entertainment, making your free time more enjoyable.",Enjoyment,id_like_to_know,group_01_song_b_id_like_to_know,2,Song B,I'd Like To Know,B,2,id_like_to_know_pxl_s7,mix_b393d3919c78,assets/audio/study-stimuli/main-study/group_01/song_b_id_like_to_know/pxl_s7.wav,60,True,True,"C is close to my usual sound configuration. I still find amusing A and E. 
For the rest, that is, B & D, I reckon the sound weird, like if the some sounds were a bit compressed. ",-0.867056238017743,-0.6188407399054331,-0.3229009373128245,-1.0515106991885117,optional_qc_sensitivity_predictor,True,,True,,True,96,"[""C""]",C,True,1,False,4.0
P006,group_01,group_01,P006__trial_02,2,2,EDR-1,EDR-1,1,EDR-1 - Enjoying Free Time,EDR-1,"You have some free time and no immediate responsibilities that require your attention. You are not feeling tired or worried, but you would like to enjoy your time rather than let it pass uneventfully. You decide to listen to music for entertainment, making your free time more enjoyable.",Enjoyment,id_like_to_know,group_01_song_b_id_like_to_know,2,Song B,I'd Like To Know,C,3,id_like_to_know_pxl_s2,mix_6f8b655d7999,assets/audio/study-stimuli/main-study/group_01/song_b_id_like_to_know/pxl_s2.wav,96,True,True,"C is close to my usual sound configuration. I still find amusing A and E. 
For the rest, that is, B & D, I reckon the sound weird, like if the some sounds were a bit compressed. ",0.5329997864789321,-1.1874673519330532,-0.7637519766505488,0.5510366380169074,optional_qc_sensitivity_predictor,True,,True,,True,96,"[""C""]",C,True,1,True,1.0
P006,group_01,group_01,P006__trial_02,2,2,EDR-1,EDR-1,1,EDR-1 - Enjoying Free Time,EDR-1,"You have some free time and no immediate responsibilities that require your attention. You are not feeling tired or worried, but you would like to enjoy your time rather than let it pass uneventfully. You decide to listen to music for entertainment, making your free time more enjoyable.",Enjoyment,id_like_to_know,group_01_song_b_id_like_to_know,2,Song B,I'd Like To Know,D,4,id_like_to_know_pxl_s3,mix_65f41f41d3ab,assets/audio/study-stimuli/main-study/group_01/song_b_id_like_to_know/pxl_s3.wav,51,True,True,"C is close to my usual sound configuration. I still find amusing A and E. 
For the rest, that is, B & D, I reckon the sound weird, like if the some sounds were a bit compressed. ",0.3234844364321996,-1.065060189455143,-1.1651773700507613,-0.0982478955990668,optional_qc_sensitivity_predictor,True,,True,,True,96,"[""C""]",C,True,1,False,5.0
P006,group_01,group_01,P006__trial_02,2,2,EDR-1,EDR-1,1,EDR-1 - Enjoying Free Time,EDR-1,"You have some free time and no immediate responsibilities that require your attention. You are not feeling tired or worried, but you would like to enjoy your time rather than let it pass uneventfully. You decide to listen to music for entertainment, making your free time more enjoyable.",Enjoyment,id_like_to_know,group_01_song_b_id_like_to_know,2,Song B,I'd Like To Know,E,5,id_like_to_know_pxl_s5,mix_82d60d7c7fc5,assets/audio/study-stimuli/main-study/group_01/song_b_id_like_to_know/pxl_s5.wav,75,True,True,"C is close to my usual sound configuration. I still find amusing A and E. 
For the rest, that is, B & D, I reckon the sound weird, like if the some sounds were a bit compressed. ",-0.3583378408524605,-0.1527662554529231,0.7972705919658362,1.6270752922517937,optional_qc_sensitivity_predictor,True,,True,,True,96,"[""C""]",C,True,1,False,3.0
P006,group_01,group_01,P006__trial_03,3,3,EDR-2,EDR-2,2,EDR-2 - Unwinding After a Demanding Period,EDR-2,"You have some time for yourself after a demanding period. Although a few everyday concerns are still on your mind, there is nothing that requires your attention right now. You would like to feel calmer and take your mind off these concerns for a while, so you decide to listen to music to help you unwind.",Relaxation-Distraction,id_like_to_know,group_01_song_b_id_like_to_know,1,Song B,I'd Like To Know,A,1,id_like_to_know_pxl_s3,mix_65f41f41d3ab,assets/audio/study-stimuli/main-study/group_01/song_b_id_like_to_know/pxl_s3.wav,39,True,True,"B, C & E, sound quite normal to me, that is, I feel comfortable while listening. D and A not, they have a different configuration that made them sound a bit strange. ",0.3234844364321996,-1.065060189455143,-1.1651773700507613,-0.0982478955990668,optional_qc_sensitivity_predictor,True,,True,,True,100,"[""B""]",B,True,1,False,4.0
P006,group_01,group_01,P006__trial_03,3,3,EDR-2,EDR-2,2,EDR-2 - Unwinding After a Demanding Period,EDR-2,"You have some time for yourself after a demanding period. Although a few everyday concerns are still on your mind, there is nothing that requires your attention right now. You would like to feel calmer and take your mind off these concerns for a while, so you decide to listen to music to help you unwind.",Relaxation-Distraction,id_like_to_know,group_01_song_b_id_like_to_know,1,Song B,I'd Like To Know,B,2,id_like_to_know_pxl_s5,mix_82d60d7c7fc5,assets/audio/study-stimuli/main-study/group_01/song_b_id_like_to_know/pxl_s5.wav,100,True,True,"B, C & E, sound quite normal to me, that is, I feel comfortable while listening. D and A not, they have a different configuration that made them sound a bit strange. ",-0.3583378408524605,-0.1527662554529231,0.7972705919658362,1.6270752922517937,optional_qc_sensitivity_predictor,True,,True,,True,100,"[""B""]",B,True,1,True,1.0
P006,group_01,group_01,P006__trial_03,3,3,EDR-2,EDR-2,2,EDR-2 - Unwinding After a Demanding Period,EDR-2,"You have some time for yourself after a demanding period. Although a few everyday concerns are still on your mind, there is nothing that requires your attention right now. You would like to feel calmer and take your mind off these concerns for a while, so you decide to listen to music to help you unwind.",Relaxation-Distraction,id_like_to_know,group_01_song_b_id_like_to_know,1,Song B,I'd Like To Know,C,3,id_like_to_know_pxl_s2,mix_6f8b655d7999,assets/audio/study-stimuli/main-study/group_01/song_b_id_like_to_know/pxl_s2.wav,88,True,True,"B, C & E, sound quite normal to me, that is, I feel comfortable while listening. D and A not, they have a different configuration that made them sound a bit strange. ",0.5329997864789321,-1.1874673519330532,-0.7637519766505488,0.5510366380169074,optional_qc_sensitivity_predictor,True,,True,,True,100,"[""B""]",B,True,1,False,2.0
P006,group_01,group_01,P006__trial_03,3,3,EDR-2,EDR-2,2,EDR-2 - Unwinding After a Demanding Period,EDR-2,"You have some time for yourself after a demanding period. Although a few everyday concerns are still on your mind, there is nothing that requires your attention right now. You would like to feel calmer and take your mind off these concerns for a while, so you decide to listen to music to help you unwind.",Relaxation-Distraction,id_like_to_know,group_01_song_b_id_like_to_know,1,Song B,I'd Like To Know,D,4,id_like_to_know_pxl_s1,mix_9ffcd672af17,assets/audio/study-stimuli/main-study/group_01/song_b_id_like_to_know/pxl_s1.wav,32,True,True,"B, C & E, sound quite normal to me, that is, I feel comfortable while listening. D and A not, they have a different configuration that made them sound a bit strange. ",-0.5659114167269081,-0.579304038497624,-0.4851205015292653,1.357247686182373,optional_qc_sensitivity_predictor,True,,True,,True,100,"[""B""]",B,True,1,False,5.0
P006,group_01,group_01,P006__trial_03,3,3,EDR-2,EDR-2,2,EDR-2 - Unwinding After a Demanding Period,EDR-2,"You have some time for yourself after a demanding period. Although a few everyday concerns are still on your mind, there is nothing that requires your attention right now. You would like to feel calmer and take your mind off these concerns for a while, so you decide to listen to music to help you unwind.",Relaxation-Distraction,id_like_to_know,group_01_song_b_id_like_to_know,1,Song B,I'd Like To Know,E,5,id_like_to_know_pxl_s7,mix_b393d3919c78,assets/audio/study-stimuli/main-study/group_01/song_b_id_like_to_know/pxl_s7.wav,76,True,True,"B, C & E, sound quite normal to me, that is, I feel comfortable while listening. D and A not, they have a different configuration that made them sound a bit strange. ",-0.867056238017743,-0.6188407399054331,-0.3229009373128245,-1.0515106991885117,optional_qc_sensitivity_predictor,True,,True,,True,100,"[""B""]",B,True,1,False,3.0
P006,group_01,group_01,P006__trial_04,4,4,EDR-2,EDR-2,2,EDR-2 - Unwinding After a Demanding Period,EDR-2,"You have some time for yourself after a demanding period. Although a few everyday concerns are still on your mind, there is nothing that requires your attention right now. You would like to feel calmer and take your mind off these concerns for a while, so you decide to listen to music to help you unwind.",Relaxation-Distraction,lead_me,group_01_song_a_lead_me,2,Song A,Lead Me,A,1,lead_me_du_d,mix_f1f7973e5bac,assets/audio/study-stimuli/main-study/group_01/song_a_lead_me/du_d.wav,93,True,True,"In this case, I find A amusing, as the singer's voice and the instruments are sounding at the same level. For D, I feel the voice is clearer and the instruments are lower, cannot hear the drums. On E, drums are back. On B and C, the sound is weird, I feel some sort of echo or emptiness on the sound. ",0.7402857811167308,-1.548717422055362,0.3280479404435016,-1.017146833506479,optional_qc_sensitivity_predictor,True,,True,,True,93,"[""A""]",A,True,1,True,1.0
P006,group_01,group_01,P006__trial_04,4,4,EDR-2,EDR-2,2,EDR-2 - Unwinding After a Demanding Period,EDR-2,"You have some time for yourself after a demanding period. Although a few everyday concerns are still on your mind, there is nothing that requires your attention right now. You would like to feel calmer and take your mind off these concerns for a while, so you decide to listen to music to help you unwind.",Relaxation-Distraction,lead_me,group_01_song_a_lead_me,2,Song A,Lead Me,B,2,lead_me_pxl_l1,mix_d5b28dfc8a93,assets/audio/study-stimuli/main-study/group_01/song_a_lead_me/pxl_l1.wav,48,True,True,"In this case, I find A amusing, as the singer's voice and the instruments are sounding at the same level. For D, I feel the voice is clearer and the instruments are lower, cannot hear the drums. On E, drums are back. On B and C, the sound is weird, I feel some sort of echo or emptiness on the sound. ",-0.0024436394808062,-0.3677713699084406,-1.2816942263900757,-0.1924460334762285,optional_qc_sensitivity_predictor,True,,True,,True,93,"[""A""]",A,True,1,False,4.0
P006,group_01,group_01,P006__trial_04,4,4,EDR-2,EDR-2,2,EDR-2 - Unwinding After a Demanding Period,EDR-2,"You have some time for yourself after a demanding period. Although a few everyday concerns are still on your mind, there is nothing that requires your attention right now. You would like to feel calmer and take your mind off these concerns for a while, so you decide to listen to music to help you unwind.",Relaxation-Distraction,lead_me,group_01_song_a_lead_me,2,Song A,Lead Me,C,3,lead_me_du_e,mix_271852ba8676,assets/audio/study-stimuli/main-study/group_01/song_a_lead_me/du_e.wav,38,True,True,"In this case, I find A amusing, as the singer's voice and the instruments are sounding at the same level. For D, I feel the voice is clearer and the instruments are lower, cannot hear the drums. On E, drums are back. On B and C, the sound is weird, I feel some sort of echo or emptiness on the sound. ",-1.0250576971995913,0.5199952869185839,-0.8666083508697964,0.9959336464039888,optional_qc_sensitivity_predictor,True,,True,,True,93,"[""A""]",A,True,1,False,5.0
P006,group_01,group_01,P006__trial_04,4,4,EDR-2,EDR-2,2,EDR-2 - Unwinding After a Demanding Period,EDR-2,"You have some time for yourself after a demanding period. Although a few everyday concerns are still on your mind, there is nothing that requires your attention right now. You would like to feel calmer and take your mind off these concerns for a while, so you decide to listen to music to help you unwind.",Relaxation-Distraction,lead_me,group_01_song_a_lead_me,2,Song A,Lead Me,D,4,lead_me_pxl_l4,mix_c7d9a071ba25,assets/audio/study-stimuli/main-study/group_01/song_a_lead_me/pxl_l4.wav,80,True,True,"In this case, I find A amusing, as the singer's voice and the instruments are sounding at the same level. For D, I feel the voice is clearer and the instruments are lower, cannot hear the drums. On E, drums are back. On B and C, the sound is weird, I feel some sort of echo or emptiness on the sound. ",-0.0552007785055364,-0.8412121981784734,0.8321106863211235,2.390299590706203,optional_qc_sensitivity_predictor,True,,True,,True,93,"[""A""]",A,True,1,False,2.0
P006,group_01,group_01,P006__trial_04,4,4,EDR-2,EDR-2,2,EDR-2 - Unwinding After a Demanding Period,EDR-2,"You have some time for yourself after a demanding period. Although a few everyday concerns are still on your mind, there is nothing that requires your attention right now. You would like to feel calmer and take your mind off these concerns for a while, so you decide to listen to music to help you unwind.",Relaxation-Distraction,lead_me,group_01_song_a_lead_me,2,Song A,Lead Me,E,5,lead_me_mcg_pro2,mix_d3e3580b6e30,assets/audio/study-stimuli/main-study/group_01/song_a_lead_me/mcg_pro2.wav,62,True,True,"In this case, I find A amusing, as the singer's voice and the instruments are sounding at the same level. For D, I feel the voice is clearer and the instruments are lower, cannot hear the drums. On E, drums are back. On B and C, the sound is weird, I feel some sort of echo or emptiness on the sound. ",2.9805308263561203,0.8594252384169624,-0.9263284806752846,0.048773555233824,optional_qc_sensitivity_predictor,True,,True,,True,93,"[""A""]",A,True,1,False,3.0
P006,group_01,group_01,P006__trial_05,5,5,FM-1,FM-1,3,FM-1 - Maintaining Engagement During an Activity,FM-1,"You are engaged in an activity that requires sustained mental or physical effort. As you continue, it becomes more difficult to stay engaged. You want to maintain your focus and motivation so that you can continue making steady progress toward completing the activity. You decide to listen to music while carrying on with the activity.",Focus-Motivation,id_like_to_know,group_01_song_b_id_like_to_know,1,Song B,I'd Like To Know,A,1,id_like_to_know_pxl_s5,mix_82d60d7c7fc5,assets/audio/study-stimuli/main-study/group_01/song_b_id_like_to_know/pxl_s5.wav,26,True,True,"In this particular case, I'd prefer by far the C alternative, as while studying I need more instrumental music rather than voices. The rest of the options, that is, A, B, D & E are ""noisy"" for the activity. ",-0.3583378408524605,-0.1527662554529231,0.7972705919658362,1.6270752922517937,optional_qc_sensitivity_predictor,True,,True,,True,86,"[""C""]",C,True,1,False,4.0
P006,group_01,group_01,P006__trial_05,5,5,FM-1,FM-1,3,FM-1 - Maintaining Engagement During an Activity,FM-1,"You are engaged in an activity that requires sustained mental or physical effort. As you continue, it becomes more difficult to stay engaged. You want to maintain your focus and motivation so that you can continue making steady progress toward completing the activity. You decide to listen to music while carrying on with the activity.",Focus-Motivation,id_like_to_know,group_01_song_b_id_like_to_know,1,Song B,I'd Like To Know,B,2,id_like_to_know_pxl_s1,mix_9ffcd672af17,assets/audio/study-stimuli/main-study/group_01/song_b_id_like_to_know/pxl_s1.wav,19,True,True,"In this particular case, I'd prefer by far the C alternative, as while studying I need more instrumental music rather than voices. The rest of the options, that is, A, B, D & E are ""noisy"" for the activity. ",-0.5659114167269081,-0.579304038497624,-0.4851205015292653,1.357247686182373,optional_qc_sensitivity_predictor,True,,True,,True,86,"[""C""]",C,True,1,False,5.0
P006,group_01,group_01,P006__trial_05,5,5,FM-1,FM-1,3,FM-1 - Maintaining Engagement During an Activity,FM-1,"You are engaged in an activity that requires sustained mental or physical effort. As you continue, it becomes more difficult to stay engaged. You want to maintain your focus and motivation so that you can continue making steady progress toward completing the activity. You decide to listen to music while carrying on with the activity.",Focus-Motivation,id_like_to_know,group_01_song_b_id_like_to_know,1,Song B,I'd Like To Know,C,3,id_like_to_know_pxl_s3,mix_65f41f41d3ab,assets/audio/study-stimuli/main-study/group_01/song_b_id_like_to_know/pxl_s3.wav,86,True,True,"In this particular case, I'd prefer by far the C alternative, as while studying I need more instrumental music rather than voices. The rest of the options, that is, A, B, D & E are ""noisy"" for the activity. ",0.3234844364321996,-1.065060189455143,-1.1651773700507613,-0.0982478955990668,optional_qc_sensitivity_predictor,True,,True,,True,86,"[""C""]",C,True,1,True,1.0
P006,group_01,group_01,P006__trial_05,5,5,FM-1,FM-1,3,FM-1 - Maintaining Engagement During an Activity,FM-1,"You are engaged in an activity that requires sustained mental or physical effort. As you continue, it becomes more difficult to stay engaged. You want to maintain your focus and motivation so that you can continue making steady progress toward completing the activity. You decide to listen to music while carrying on with the activity.",Focus-Motivation,id_like_to_know,group_01_song_b_id_like_to_know,1,Song B,I'd Like To Know,D,4,id_like_to_know_pxl_s2,mix_6f8b655d7999,assets/audio/study-stimuli/main-study/group_01/song_b_id_like_to_know/pxl_s2.wav,33,True,True,"In this particular case, I'd prefer by far the C alternative, as while studying I need more instrumental music rather than voices. The rest of the options, that is, A, B, D & E are ""noisy"" for the activity. ",0.5329997864789321,-1.1874673519330532,-0.7637519766505488,0.5510366380169074,optional_qc_sensitivity_predictor,True,,True,,True,86,"[""C""]",C,True,1,False,3.0
P006,group_01,group_01,P006__trial_05,5,5,FM-1,FM-1,3,FM-1 - Maintaining Engagement During an Activity,FM-1,"You are engaged in an activity that requires sustained mental or physical effort. As you continue, it becomes more difficult to stay engaged. You want to maintain your focus and motivation so that you can continue making steady progress toward completing the activity. You decide to listen to music while carrying on with the activity.",Focus-Motivation,id_like_to_know,group_01_song_b_id_like_to_know,1,Song B,I'd Like To Know,E,5,id_like_to_know_pxl_s7,mix_b393d3919c78,assets/audio/study-stimuli/main-study/group_01/song_b_id_like_to_know/pxl_s7.wav,41,True,True,"In this particular case, I'd prefer by far the C alternative, as while studying I need more instrumental music rather than voices. The rest of the options, that is, A, B, D & E are ""noisy"" for the activity. ",-0.867056238017743,-0.6188407399054331,-0.3229009373128245,-1.0515106991885117,optional_qc_sensitivity_predictor,True,,True,,True,86,"[""C""]",C,True,1,False,2.0
P006,group_01,group_01,P006__trial_06,6,6,FM-1,FM-1,3,FM-1 - Maintaining Engagement During an Activity,FM-1,"You are engaged in an activity that requires sustained mental or physical effort. As you continue, it becomes more difficult to stay engaged. You want to maintain your focus and motivation so that you can continue making steady progress toward completing the activity. You decide to listen to music while carrying on with the activity.",Focus-Motivation,lead_me,group_01_song_a_lead_me,2,Song A,Lead Me,A,1,lead_me_du_e,mix_271852ba8676,assets/audio/study-stimuli/main-study/group_01/song_a_lead_me/du_e.wav,33,True,True,"In general I find somewhat disturbing the vibration of the drum and high the singer's voice to choose this options for a focused-task. I might select the one where the voice and instrument are beating at the same level, as in E and B. ",-1.0250576971995913,0.5199952869185839,-0.8666083508697964,0.9959336464039888,optional_qc_sensitivity_predictor,True,,True,,True,60,"[""B""]",B,True,1,False,3.0
P006,group_01,group_01,P006__trial_06,6,6,FM-1,FM-1,3,FM-1 - Maintaining Engagement During an Activity,FM-1,"You are engaged in an activity that requires sustained mental or physical effort. As you continue, it becomes more difficult to stay engaged. You want to maintain your focus and motivation so that you can continue making steady progress toward completing the activity. You decide to listen to music while carrying on with the activity.",Focus-Motivation,lead_me,group_01_song_a_lead_me,2,Song A,Lead Me,B,2,lead_me_du_d,mix_f1f7973e5bac,assets/audio/study-stimuli/main-study/group_01/song_a_lead_me/du_d.wav,60,True,True,"In general I find somewhat disturbing the vibration of the drum and high the singer's voice to choose this options for a focused-task. I might select the one where the voice and instrument are beating at the same level, as in E and B. ",0.7402857811167308,-1.548717422055362,0.3280479404435016,-1.017146833506479,optional_qc_sensitivity_predictor,True,,True,,True,60,"[""B""]",B,True,1,True,1.0
P006,group_01,group_01,P006__trial_06,6,6,FM-1,FM-1,3,FM-1 - Maintaining Engagement During an Activity,FM-1,"You are engaged in an activity that requires sustained mental or physical effort. As you continue, it becomes more difficult to stay engaged. You want to maintain your focus and motivation so that you can continue making steady progress toward completing the activity. You decide to listen to music while carrying on with the activity.",Focus-Motivation,lead_me,group_01_song_a_lead_me,2,Song A,Lead Me,C,3,lead_me_pxl_l4,mix_c7d9a071ba25,assets/audio/study-stimuli/main-study/group_01/song_a_lead_me/pxl_l4.wav,26,True,True,"In general I find somewhat disturbing the vibration of the drum and high the singer's voice to choose this options for a focused-task. I might select the one where the voice and instrument are beating at the same level, as in E and B. ",-0.0552007785055364,-0.8412121981784734,0.8321106863211235,2.390299590706203,optional_qc_sensitivity_predictor,True,,True,,True,60,"[""B""]",B,True,1,False,4.0
P006,group_01,group_01,P006__trial_06,6,6,FM-1,FM-1,3,FM-1 - Maintaining Engagement During an Activity,FM-1,"You are engaged in an activity that requires sustained mental or physical effort. As you continue, it becomes more difficult to stay engaged. You want to maintain your focus and motivation so that you can continue making steady progress toward completing the activity. You decide to listen to music while carrying on with the activity.",Focus-Motivation,lead_me,group_01_song_a_lead_me,2,Song A,Lead Me,D,4,lead_me_pxl_l1,mix_d5b28dfc8a93,assets/audio/study-stimuli/main-study/group_01/song_a_lead_me/pxl_l1.wav,16,True,True,"In general I find somewhat disturbing the vibration of the drum and high the singer's voice to choose this options for a focused-task. I might select the one where the voice and instrument are beating at the same level, as in E and B. ",-0.0024436394808062,-0.3677713699084406,-1.2816942263900757,-0.1924460334762285,optional_qc_sensitivity_predictor,True,,True,,True,60,"[""B""]",B,True,1,False,5.0
P006,group_01,group_01,P006__trial_06,6,6,FM-1,FM-1,3,FM-1 - Maintaining Engagement During an Activity,FM-1,"You are engaged in an activity that requires sustained mental or physical effort. As you continue, it becomes more difficult to stay engaged. You want to maintain your focus and motivation so that you can continue making steady progress toward completing the activity. You decide to listen to music while carrying on with the activity.",Focus-Motivation,lead_me,group_01_song_a_lead_me,2,Song A,Lead Me,E,5,lead_me_mcg_pro2,mix_d3e3580b6e30,assets/audio/study-stimuli/main-study/group_01/song_a_lead_me/mcg_pro2.wav,54,True,True,"In general I find somewhat disturbing the vibration of the drum and high the singer's voice to choose this options for a focused-task. I might select the one where the voice and instrument are beating at the same level, as in E and B. ",2.9805308263561203,0.8594252384169624,-0.9263284806752846,0.048773555233824,optional_qc_sensitivity_predictor,True,,True,,True,60,"[""B""]",B,True,1,False,2.0
P007,group_02,group_02,P007__trial_01,1,1,EDR-1,EDR-1,1,EDR-1 - Enjoying Free Time,EDR-1,"You have some free time and no immediate responsibilities that require your attention. You are not feeling tired or worried, but you would like to enjoy your time rather than let it pass uneventfully. You decide to listen to music for entertainment, making your free time more enjoyable.",Enjoyment,in_the_meantime,group_02_song_a_in_the_meantime,1,Song A,In The Meantime,A,1,in_the_meantime_du_i,mix_9baa86357fd4,assets/audio/study-stimuli/main-study/group_02/song_a_in_the_meantime/du_i.wav,77,True,True,"Same thing sound in the top are better balance between sounds,",-1.8990066727669184,1.9187185345499165,0.5415536857115313,-0.721703057329889,optional_qc_sensitivity_predictor,True,,True,,True,100,"[""C""]",C,True,1,False,2.0
P007,group_02,group_02,P007__trial_01,1,1,EDR-1,EDR-1,1,EDR-1 - Enjoying Free Time,EDR-1,"You have some free time and no immediate responsibilities that require your attention. You are not feeling tired or worried, but you would like to enjoy your time rather than let it pass uneventfully. You decide to listen to music for entertainment, making your free time more enjoyable.",Enjoyment,in_the_meantime,group_02_song_a_in_the_meantime,1,Song A,In The Meantime,B,2,in_the_meantime_du_k,mix_56e65a3ce054,assets/audio/study-stimuli/main-study/group_02/song_a_in_the_meantime/du_k.wav,0,True,True,"Same thing sound in the top are better balance between sounds,",-1.1193186569455127,1.7918041562064675,0.9713104079970216,0.4372547184671072,optional_qc_sensitivity_predictor,True,,True,,True,100,"[""C""]",C,True,1,False,5.0
P007,group_02,group_02,P007__trial_01,1,1,EDR-1,EDR-1,1,EDR-1 - Enjoying Free Time,EDR-1,"You have some free time and no immediate responsibilities that require your attention. You are not feeling tired or worried, but you would like to enjoy your time rather than let it pass uneventfully. You decide to listen to music for entertainment, making your free time more enjoyable.",Enjoyment,in_the_meantime,group_02_song_a_in_the_meantime,1,Song A,In The Meantime,C,3,in_the_meantime_du_h,mix_302f0efe8a80,assets/audio/study-stimuli/main-study/group_02/song_a_in_the_meantime/du_h.wav,100,True,True,"Same thing sound in the top are better balance between sounds,",0.6887214233465396,0.2719152524959843,-0.8693704120952901,0.8234428342152216,optional_qc_sensitivity_predictor,True,,True,,True,100,"[""C""]",C,True,1,True,1.0
P007,group_02,group_02,P007__trial_01,1,1,EDR-1,EDR-1,1,EDR-1 - Enjoying Free Time,EDR-1,"You have some free time and no immediate responsibilities that require your attention. You are not feeling tired or worried, but you would like to enjoy your time rather than let it pass uneventfully. You decide to listen to music for entertainment, making your free time more enjoyable.",Enjoyment,in_the_meantime,group_02_song_a_in_the_meantime,1,Song A,In The Meantime,D,4,in_the_meantime_qut_pro,mix_cdaef40f2b94,assets/audio/study-stimuli/main-study/group_02/song_a_in_the_meantime/qut_pro.wav,48,True,True,"Same thing sound in the top are better balance between sounds,",-0.6756280657690176,-1.4346341192827423,1.8511013279434223,-0.7325346788768815,optional_qc_sensitivity_predictor,True,,True,,True,100,"[""C""]",C,True,1,False,3.0
P007,group_02,group_02,P007__trial_01,1,1,EDR-1,EDR-1,1,EDR-1 - Enjoying Free Time,EDR-1,"You have some free time and no immediate responsibilities that require your attention. You are not feeling tired or worried, but you would like to enjoy your time rather than let it pass uneventfully. You decide to listen to music for entertainment, making your free time more enjoyable.",Enjoyment,in_the_meantime,group_02_song_a_in_the_meantime,1,Song A,In The Meantime,E,5,in_the_meantime_qut_b,mix_c7bdcba64775,assets/audio/study-stimuli/main-study/group_02/song_a_in_the_meantime/qut_b.wav,10,True,True,"Same thing sound in the top are better balance between sounds,",-0.6698107538710293,-0.1978340618743536,-1.5468197375217057,0.0908009789400507,optional_qc_sensitivity_predictor,True,,True,,True,100,"[""C""]",C,True,1,False,4.0
P007,group_02,group_02,P007__trial_02,2,2,EDR-1,EDR-1,1,EDR-1 - Enjoying Free Time,EDR-1,"You have some free time and no immediate responsibilities that require your attention. You are not feeling tired or worried, but you would like to enjoy your time rather than let it pass uneventfully. You decide to listen to music for entertainment, making your free time more enjoyable.",Enjoyment,pouring_room,group_02_song_b_pouring_room,2,Song B,Pouring Room,A,1,pouring_room_mcg_v,mix_e08faaf8bbb3,assets/audio/study-stimuli/main-study/group_02/song_b_pouring_room/mcg_v.wav,100,True,True,Best score are for the sound with the voice that are more in armonía with the sound and the beginning of the song with the voice it is better,0.2009523983216312,1.112208706920678,-0.2814967551013548,-0.938440679331238,optional_qc_sensitivity_predictor,True,,True,,True,100,"[""A""]",A,True,1,True,1.0
P007,group_02,group_02,P007__trial_02,2,2,EDR-1,EDR-1,1,EDR-1 - Enjoying Free Time,EDR-1,"You have some free time and no immediate responsibilities that require your attention. You are not feeling tired or worried, but you would like to enjoy your time rather than let it pass uneventfully. You decide to listen to music for entertainment, making your free time more enjoyable.",Enjoyment,pouring_room,group_02_song_b_pouring_room,2,Song B,Pouring Room,B,2,pouring_room_mcg_pro1,mix_132e75f34470,assets/audio/study-stimuli/main-study/group_02/song_b_pouring_room/mcg_pro1.wav,58,True,True,Best score are for the sound with the voice that are more in armonía with the sound and the beginning of the song with the voice it is better,1.177821012274786,0.1366958746221527,-0.3534041622732912,-0.9473754159948484,optional_qc_sensitivity_predictor,True,,True,,True,100,"[""A""]",A,True,1,False,3.0
P007,group_02,group_02,P007__trial_02,2,2,EDR-1,EDR-1,1,EDR-1 - Enjoying Free Time,EDR-1,"You have some free time and no immediate responsibilities that require your attention. You are not feeling tired or worried, but you would like to enjoy your time rather than let it pass uneventfully. You decide to listen to music for entertainment, making your free time more enjoyable.",Enjoyment,pouring_room,group_02_song_b_pouring_room,2,Song B,Pouring Room,C,3,pouring_room_mcg_t,mix_be2ccd4c43ff,assets/audio/study-stimuli/main-study/group_02/song_b_pouring_room/mcg_t.wav,0,True,True,Best score are for the sound with the voice that are more in armonía with the sound and the beginning of the song with the voice it is better,-0.0814371595061495,1.1238301932737935,1.926895983278192,-0.8792578396079359,optional_qc_sensitivity_predictor,True,,True,,True,100,"[""A""]",A,True,1,False,5.0
P007,group_02,group_02,P007__trial_02,2,2,EDR-1,EDR-1,1,EDR-1 - Enjoying Free Time,EDR-1,"You have some free time and no immediate responsibilities that require your attention. You are not feeling tired or worried, but you would like to enjoy your time rather than let it pass uneventfully. You decide to listen to music for entertainment, making your free time more enjoyable.",Enjoyment,pouring_room,group_02_song_b_pouring_room,2,Song B,Pouring Room,D,4,pouring_room_mcg_r,mix_0ba76f420c1d,assets/audio/study-stimuli/main-study/group_02/song_b_pouring_room/mcg_r.wav,73,True,True,Best score are for the sound with the voice that are more in armonía with the sound and the beginning of the song with the voice it is better,0.2249858589620197,-0.521538265731174,0.8057256670690561,-1.2630720295337683,optional_qc_sensitivity_predictor,True,,True,,True,100,"[""A""]",A,True,1,False,2.0
P007,group_02,group_02,P007__trial_02,2,2,EDR-1,EDR-1,1,EDR-1 - Enjoying Free Time,EDR-1,"You have some free time and no immediate responsibilities that require your attention. You are not feeling tired or worried, but you would like to enjoy your time rather than let it pass uneventfully. You decide to listen to music for entertainment, making your free time more enjoyable.",Enjoyment,pouring_room,group_02_song_b_pouring_room,2,Song B,Pouring Room,E,5,pouring_room_mcg_x,mix_cbf8555ee2b2,assets/audio/study-stimuli/main-study/group_02/song_b_pouring_room/mcg_x.wav,19,True,True,Best score are for the sound with the voice that are more in armonía with the sound and the beginning of the song with the voice it is better,0.4494273963527286,0.780552768870155,0.8086566197405122,-0.4801297779726206,optional_qc_sensitivity_predictor,True,,True,,True,100,"[""A""]",A,True,1,False,4.0
P007,group_02,group_02,P007__trial_03,3,3,FM-1,FM-1,2,FM-1 - Maintaining Engagement During an Activity,FM-1,"You are engaged in an activity that requires sustained mental or physical effort. As you continue, it becomes more difficult to stay engaged. You want to maintain your focus and motivation so that you can continue making steady progress toward completing the activity. You decide to listen to music while carrying on with the activity.",Focus-Motivation,pouring_room,group_02_song_b_pouring_room,1,Song B,Pouring Room,A,1,pouring_room_mcg_r,mix_0ba76f420c1d,assets/audio/study-stimuli/main-study/group_02/song_b_pouring_room/mcg_r.wav,81,True,True,In this case I believe that  sound  c has a better mix for the armonía of the instruments and vioxe,0.2249858589620197,-0.521538265731174,0.8057256670690561,-1.2630720295337683,optional_qc_sensitivity_predictor,True,,True,,True,100,"[""C""]",C,True,1,False,2.0
P007,group_02,group_02,P007__trial_03,3,3,FM-1,FM-1,2,FM-1 - Maintaining Engagement During an Activity,FM-1,"You are engaged in an activity that requires sustained mental or physical effort. As you continue, it becomes more difficult to stay engaged. You want to maintain your focus and motivation so that you can continue making steady progress toward completing the activity. You decide to listen to music while carrying on with the activity.",Focus-Motivation,pouring_room,group_02_song_b_pouring_room,1,Song B,Pouring Room,B,2,pouring_room_mcg_pro1,mix_132e75f34470,assets/audio/study-stimuli/main-study/group_02/song_b_pouring_room/mcg_pro1.wav,58,True,True,In this case I believe that  sound  c has a better mix for the armonía of the instruments and vioxe,1.177821012274786,0.1366958746221527,-0.3534041622732912,-0.9473754159948484,optional_qc_sensitivity_predictor,True,,True,,True,100,"[""C""]",C,True,1,False,3.0
P007,group_02,group_02,P007__trial_03,3,3,FM-1,FM-1,2,FM-1 - Maintaining Engagement During an Activity,FM-1,"You are engaged in an activity that requires sustained mental or physical effort. As you continue, it becomes more difficult to stay engaged. You want to maintain your focus and motivation so that you can continue making steady progress toward completing the activity. You decide to listen to music while carrying on with the activity.",Focus-Motivation,pouring_room,group_02_song_b_pouring_room,1,Song B,Pouring Room,C,3,pouring_room_mcg_x,mix_cbf8555ee2b2,assets/audio/study-stimuli/main-study/group_02/song_b_pouring_room/mcg_x.wav,100,True,True,In this case I believe that  sound  c has a better mix for the armonía of the instruments and vioxe,0.4494273963527286,0.780552768870155,0.8086566197405122,-0.4801297779726206,optional_qc_sensitivity_predictor,True,,True,,True,100,"[""C""]",C,True,1,True,1.0
P007,group_02,group_02,P007__trial_03,3,3,FM-1,FM-1,2,FM-1 - Maintaining Engagement During an Activity,FM-1,"You are engaged in an activity that requires sustained mental or physical effort. As you continue, it becomes more difficult to stay engaged. You want to maintain your focus and motivation so that you can continue making steady progress toward completing the activity. You decide to listen to music while carrying on with the activity.",Focus-Motivation,pouring_room,group_02_song_b_pouring_room,1,Song B,Pouring Room,D,4,pouring_room_mcg_t,mix_be2ccd4c43ff,assets/audio/study-stimuli/main-study/group_02/song_b_pouring_room/mcg_t.wav,2,True,True,In this case I believe that  sound  c has a better mix for the armonía of the instruments and vioxe,-0.0814371595061495,1.1238301932737935,1.926895983278192,-0.8792578396079359,optional_qc_sensitivity_predictor,True,,True,,True,100,"[""C""]",C,True,1,False,5.0
P007,group_02,group_02,P007__trial_03,3,3,FM-1,FM-1,2,FM-1 - Maintaining Engagement During an Activity,FM-1,"You are engaged in an activity that requires sustained mental or physical effort. As you continue, it becomes more difficult to stay engaged. You want to maintain your focus and motivation so that you can continue making steady progress toward completing the activity. You decide to listen to music while carrying on with the activity.",Focus-Motivation,pouring_room,group_02_song_b_pouring_room,1,Song B,Pouring Room,E,5,pouring_room_mcg_v,mix_e08faaf8bbb3,assets/audio/study-stimuli/main-study/group_02/song_b_pouring_room/mcg_v.wav,22,True,True,In this case I believe that  sound  c has a better mix for the armonía of the instruments and vioxe,0.2009523983216312,1.112208706920678,-0.2814967551013548,-0.938440679331238,optional_qc_sensitivity_predictor,True,,True,,True,100,"[""C""]",C,True,1,False,4.0
P007,group_02,group_02,P007__trial_04,4,4,FM-1,FM-1,2,FM-1 - Maintaining Engagement During an Activity,FM-1,"You are engaged in an activity that requires sustained mental or physical effort. As you continue, it becomes more difficult to stay engaged. You want to maintain your focus and motivation so that you can continue making steady progress toward completing the activity. You decide to listen to music while carrying on with the activity.",Focus-Motivation,in_the_meantime,group_02_song_a_in_the_meantime,2,Song A,In The Meantime,A,1,in_the_meantime_du_k,mix_56e65a3ce054,assets/audio/study-stimuli/main-study/group_02/song_a_in_the_meantime/du_k.wav,0,True,True,Sound worst rated are incredible noise ,-1.1193186569455127,1.7918041562064675,0.9713104079970216,0.4372547184671072,optional_qc_sensitivity_predictor,True,,True,,True,100,"[""E""]",E,True,1,False,4.5
P007,group_02,group_02,P007__trial_04,4,4,FM-1,FM-1,2,FM-1 - Maintaining Engagement During an Activity,FM-1,"You are engaged in an activity that requires sustained mental or physical effort. As you continue, it becomes more difficult to stay engaged. You want to maintain your focus and motivation so that you can continue making steady progress toward completing the activity. You decide to listen to music while carrying on with the activity.",Focus-Motivation,in_the_meantime,group_02_song_a_in_the_meantime,2,Song A,In The Meantime,B,2,in_the_meantime_du_h,mix_302f0efe8a80,assets/audio/study-stimuli/main-study/group_02/song_a_in_the_meantime/du_h.wav,53,True,True,Sound worst rated are incredible noise ,0.6887214233465396,0.2719152524959843,-0.8693704120952901,0.8234428342152216,optional_qc_sensitivity_predictor,True,,True,,True,100,"[""E""]",E,True,1,False,3.0
P007,group_02,group_02,P007__trial_04,4,4,FM-1,FM-1,2,FM-1 - Maintaining Engagement During an Activity,FM-1,"You are engaged in an activity that requires sustained mental or physical effort. As you continue, it becomes more difficult to stay engaged. You want to maintain your focus and motivation so that you can continue making steady progress toward completing the activity. You decide to listen to music while carrying on with the activity.",Focus-Motivation,in_the_meantime,group_02_song_a_in_the_meantime,2,Song A,In The Meantime,C,3,in_the_meantime_qut_b,mix_c7bdcba64775,assets/audio/study-stimuli/main-study/group_02/song_a_in_the_meantime/qut_b.wav,0,True,True,Sound worst rated are incredible noise ,-0.6698107538710293,-0.1978340618743536,-1.5468197375217057,0.0908009789400507,optional_qc_sensitivity_predictor,True,,True,,True,100,"[""E""]",E,True,1,False,4.5
P007,group_02,group_02,P007__trial_04,4,4,FM-1,FM-1,2,FM-1 - Maintaining Engagement During an Activity,FM-1,"You are engaged in an activity that requires sustained mental or physical effort. As you continue, it becomes more difficult to stay engaged. You want to maintain your focus and motivation so that you can continue making steady progress toward completing the activity. You decide to listen to music while carrying on with the activity.",Focus-Motivation,in_the_meantime,group_02_song_a_in_the_meantime,2,Song A,In The Meantime,D,4,in_the_meantime_du_i,mix_9baa86357fd4,assets/audio/study-stimuli/main-study/group_02/song_a_in_the_meantime/du_i.wav,79,True,True,Sound worst rated are incredible noise ,-1.8990066727669184,1.9187185345499165,0.5415536857115313,-0.721703057329889,optional_qc_sensitivity_predictor,True,,True,,True,100,"[""E""]",E,True,1,False,2.0
P007,group_02,group_02,P007__trial_04,4,4,FM-1,FM-1,2,FM-1 - Maintaining Engagement During an Activity,FM-1,"You are engaged in an activity that requires sustained mental or physical effort. As you continue, it becomes more difficult to stay engaged. You want to maintain your focus and motivation so that you can continue making steady progress toward completing the activity. You decide to listen to music while carrying on with the activity.",Focus-Motivation,in_the_meantime,group_02_song_a_in_the_meantime,2,Song A,In The Meantime,E,5,in_the_meantime_qut_pro,mix_cdaef40f2b94,assets/audio/study-stimuli/main-study/group_02/song_a_in_the_meantime/qut_pro.wav,100,True,True,Sound worst rated are incredible noise ,-0.6756280657690176,-1.4346341192827423,1.8511013279434223,-0.7325346788768815,optional_qc_sensitivity_predictor,True,,True,,True,100,"[""E""]",E,True,1,True,1.0
P007,group_02,group_02,P007__trial_05,5,5,EDR-2,EDR-2,3,EDR-2 - Unwinding After a Demanding Period,EDR-2,"You have some time for yourself after a demanding period. Although a few everyday concerns are still on your mind, there is nothing that requires your attention right now. You would like to feel calmer and take your mind off these concerns for a while, so you decide to listen to music to help you unwind.",Relaxation-Distraction,in_the_meantime,group_02_song_a_in_the_meantime,1,Song A,In The Meantime,A,1,in_the_meantime_du_k,mix_56e65a3ce054,assets/audio/study-stimuli/main-study/group_02/song_a_in_the_meantime/du_k.wav,0,True,True,Sound c has a better understanding between the balance of the drums bass and voice ,-1.1193186569455127,1.7918041562064675,0.9713104079970216,0.4372547184671072,optional_qc_sensitivity_predictor,True,,True,,True,100,"[""C""]",C,True,1,False,5.0
P007,group_02,group_02,P007__trial_05,5,5,EDR-2,EDR-2,3,EDR-2 - Unwinding After a Demanding Period,EDR-2,"You have some time for yourself after a demanding period. Although a few everyday concerns are still on your mind, there is nothing that requires your attention right now. You would like to feel calmer and take your mind off these concerns for a while, so you decide to listen to music to help you unwind.",Relaxation-Distraction,in_the_meantime,group_02_song_a_in_the_meantime,1,Song A,In The Meantime,B,2,in_the_meantime_qut_pro,mix_cdaef40f2b94,assets/audio/study-stimuli/main-study/group_02/song_a_in_the_meantime/qut_pro.wav,72,True,True,Sound c has a better understanding between the balance of the drums bass and voice ,-0.6756280657690176,-1.4346341192827423,1.8511013279434223,-0.7325346788768815,optional_qc_sensitivity_predictor,True,,True,,True,100,"[""C""]",C,True,1,False,2.0
P007,group_02,group_02,P007__trial_05,5,5,EDR-2,EDR-2,3,EDR-2 - Unwinding After a Demanding Period,EDR-2,"You have some time for yourself after a demanding period. Although a few everyday concerns are still on your mind, there is nothing that requires your attention right now. You would like to feel calmer and take your mind off these concerns for a while, so you decide to listen to music to help you unwind.",Relaxation-Distraction,in_the_meantime,group_02_song_a_in_the_meantime,1,Song A,In The Meantime,C,3,in_the_meantime_du_h,mix_302f0efe8a80,assets/audio/study-stimuli/main-study/group_02/song_a_in_the_meantime/du_h.wav,100,True,True,Sound c has a better understanding between the balance of the drums bass and voice ,0.6887214233465396,0.2719152524959843,-0.8693704120952901,0.8234428342152216,optional_qc_sensitivity_predictor,True,,True,,True,100,"[""C""]",C,True,1,True,1.0
P007,group_02,group_02,P007__trial_05,5,5,EDR-2,EDR-2,3,EDR-2 - Unwinding After a Demanding Period,EDR-2,"You have some time for yourself after a demanding period. Although a few everyday concerns are still on your mind, there is nothing that requires your attention right now. You would like to feel calmer and take your mind off these concerns for a while, so you decide to listen to music to help you unwind.",Relaxation-Distraction,in_the_meantime,group_02_song_a_in_the_meantime,1,Song A,In The Meantime,D,4,in_the_meantime_qut_b,mix_c7bdcba64775,assets/audio/study-stimuli/main-study/group_02/song_a_in_the_meantime/qut_b.wav,15,True,True,Sound c has a better understanding between the balance of the drums bass and voice ,-0.6698107538710293,-0.1978340618743536,-1.5468197375217057,0.0908009789400507,optional_qc_sensitivity_predictor,True,,True,,True,100,"[""C""]",C,True,1,False,4.0
P007,group_02,group_02,P007__trial_05,5,5,EDR-2,EDR-2,3,EDR-2 - Unwinding After a Demanding Period,EDR-2,"You have some time for yourself after a demanding period. Although a few everyday concerns are still on your mind, there is nothing that requires your attention right now. You would like to feel calmer and take your mind off these concerns for a while, so you decide to listen to music to help you unwind.",Relaxation-Distraction,in_the_meantime,group_02_song_a_in_the_meantime,1,Song A,In The Meantime,E,5,in_the_meantime_du_i,mix_9baa86357fd4,assets/audio/study-stimuli/main-study/group_02/song_a_in_the_meantime/du_i.wav,50,True,True,Sound c has a better understanding between the balance of the drums bass and voice ,-1.8990066727669184,1.9187185345499165,0.5415536857115313,-0.721703057329889,optional_qc_sensitivity_predictor,True,,True,,True,100,"[""C""]",C,True,1,False,3.0
P007,group_02,group_02,P007__trial_06,6,6,EDR-2,EDR-2,3,EDR-2 - Unwinding After a Demanding Period,EDR-2,"You have some time for yourself after a demanding period. Although a few everyday concerns are still on your mind, there is nothing that requires your attention right now. You would like to feel calmer and take your mind off these concerns for a while, so you decide to listen to music to help you unwind.",Relaxation-Distraction,pouring_room,group_02_song_b_pouring_room,2,Song B,Pouring Room,A,1,pouring_room_mcg_pro1,mix_132e75f34470,assets/audio/study-stimuli/main-study/group_02/song_b_pouring_room/mcg_pro1.wav,100,True,True,Sound a it has balance in the voice that are superior to others,1.177821012274786,0.1366958746221527,-0.3534041622732912,-0.9473754159948484,optional_qc_sensitivity_predictor,True,,True,,True,100,"[""A""]",A,True,1,True,1.0
P007,group_02,group_02,P007__trial_06,6,6,EDR-2,EDR-2,3,EDR-2 - Unwinding After a Demanding Period,EDR-2,"You have some time for yourself after a demanding period. Although a few everyday concerns are still on your mind, there is nothing that requires your attention right now. You would like to feel calmer and take your mind off these concerns for a while, so you decide to listen to music to help you unwind.",Relaxation-Distraction,pouring_room,group_02_song_b_pouring_room,2,Song B,Pouring Room,B,2,pouring_room_mcg_r,mix_0ba76f420c1d,assets/audio/study-stimuli/main-study/group_02/song_b_pouring_room/mcg_r.wav,72,True,True,Sound a it has balance in the voice that are superior to others,0.2249858589620197,-0.521538265731174,0.8057256670690561,-1.2630720295337683,optional_qc_sensitivity_predictor,True,,True,,True,100,"[""A""]",A,True,1,False,3.0
P007,group_02,group_02,P007__trial_06,6,6,EDR-2,EDR-2,3,EDR-2 - Unwinding After a Demanding Period,EDR-2,"You have some time for yourself after a demanding period. Although a few everyday concerns are still on your mind, there is nothing that requires your attention right now. You would like to feel calmer and take your mind off these concerns for a while, so you decide to listen to music to help you unwind.",Relaxation-Distraction,pouring_room,group_02_song_b_pouring_room,2,Song B,Pouring Room,C,3,pouring_room_mcg_x,mix_cbf8555ee2b2,assets/audio/study-stimuli/main-study/group_02/song_b_pouring_room/mcg_x.wav,62,True,True,Sound a it has balance in the voice that are superior to others,0.4494273963527286,0.780552768870155,0.8086566197405122,-0.4801297779726206,optional_qc_sensitivity_predictor,True,,True,,True,100,"[""A""]",A,True,1,False,4.0
P007,group_02,group_02,P007__trial_06,6,6,EDR-2,EDR-2,3,EDR-2 - Unwinding After a Demanding Period,EDR-2,"You have some time for yourself after a demanding period. Although a few everyday concerns are still on your mind, there is nothing that requires your attention right now. You would like to feel calmer and take your mind off these concerns for a while, so you decide to listen to music to help you unwind.",Relaxation-Distraction,pouring_room,group_02_song_b_pouring_room,2,Song B,Pouring Room,D,4,pouring_room_mcg_v,mix_e08faaf8bbb3,assets/audio/study-stimuli/main-study/group_02/song_b_pouring_room/mcg_v.wav,80,True,True,Sound a it has balance in the voice that are superior to others,0.2009523983216312,1.112208706920678,-0.2814967551013548,-0.938440679331238,optional_qc_sensitivity_predictor,True,,True,,True,100,"[""A""]",A,True,1,False,2.0
P007,group_02,group_02,P007__trial_06,6,6,EDR-2,EDR-2,3,EDR-2 - Unwinding After a Demanding Period,EDR-2,"You have some time for yourself after a demanding period. Although a few everyday concerns are still on your mind, there is nothing that requires your attention right now. You would like to feel calmer and take your mind off these concerns for a while, so you decide to listen to music to help you unwind.",Relaxation-Distraction,pouring_room,group_02_song_b_pouring_room,2,Song B,Pouring Room,E,5,pouring_room_mcg_t,mix_be2ccd4c43ff,assets/audio/study-stimuli/main-study/group_02/song_b_pouring_room/mcg_t.wav,0,True,True,Sound a it has balance in the voice that are superior to others,-0.0814371595061495,1.1238301932737935,1.926895983278192,-0.8792578396079359,optional_qc_sensitivity_predictor,True,,True,,True,100,"[""A""]",A,True,1,False,5.0
P008,group_01,group_01,P008__trial_01,1,1,FM-1,FM-1,1,FM-1 - Maintaining Engagement During an Activity,FM-1,"You are engaged in an activity that requires sustained mental or physical effort. As you continue, it becomes more difficult to stay engaged. You want to maintain your focus and motivation so that you can continue making steady progress toward completing the activity. You decide to listen to music while carrying on with the activity.",Focus-Motivation,lead_me,group_01_song_a_lead_me,1,Song A,Lead Me,A,1,lead_me_pxl_l4,mix_c7d9a071ba25,assets/audio/study-stimuli/main-study/group_01/song_a_lead_me/pxl_l4.wav,9,True,True,"I dont usually hear music to focus, but I preffer a little bit of fade in the sounds. ",-0.0552007785055364,-0.8412121981784734,0.8321106863211235,2.390299590706203,optional_qc_sensitivity_predictor,True,,True,,True,63,"[""D""]",D,True,1,False,5.0
P008,group_01,group_01,P008__trial_01,1,1,FM-1,FM-1,1,FM-1 - Maintaining Engagement During an Activity,FM-1,"You are engaged in an activity that requires sustained mental or physical effort. As you continue, it becomes more difficult to stay engaged. You want to maintain your focus and motivation so that you can continue making steady progress toward completing the activity. You decide to listen to music while carrying on with the activity.",Focus-Motivation,lead_me,group_01_song_a_lead_me,1,Song A,Lead Me,B,2,lead_me_du_e,mix_271852ba8676,assets/audio/study-stimuli/main-study/group_01/song_a_lead_me/du_e.wav,27,True,True,"I dont usually hear music to focus, but I preffer a little bit of fade in the sounds. ",-1.0250576971995913,0.5199952869185839,-0.8666083508697964,0.9959336464039888,optional_qc_sensitivity_predictor,True,,True,,True,63,"[""D""]",D,True,1,False,3.0
P008,group_01,group_01,P008__trial_01,1,1,FM-1,FM-1,1,FM-1 - Maintaining Engagement During an Activity,FM-1,"You are engaged in an activity that requires sustained mental or physical effort. As you continue, it becomes more difficult to stay engaged. You want to maintain your focus and motivation so that you can continue making steady progress toward completing the activity. You decide to listen to music while carrying on with the activity.",Focus-Motivation,lead_me,group_01_song_a_lead_me,1,Song A,Lead Me,C,3,lead_me_mcg_pro2,mix_d3e3580b6e30,assets/audio/study-stimuli/main-study/group_01/song_a_lead_me/mcg_pro2.wav,56,True,True,"I dont usually hear music to focus, but I preffer a little bit of fade in the sounds. ",2.9805308263561203,0.8594252384169624,-0.9263284806752846,0.048773555233824,optional_qc_sensitivity_predictor,True,,True,,True,63,"[""D""]",D,True,1,False,2.0
P008,group_01,group_01,P008__trial_01,1,1,FM-1,FM-1,1,FM-1 - Maintaining Engagement During an Activity,FM-1,"You are engaged in an activity that requires sustained mental or physical effort. As you continue, it becomes more difficult to stay engaged. You want to maintain your focus and motivation so that you can continue making steady progress toward completing the activity. You decide to listen to music while carrying on with the activity.",Focus-Motivation,lead_me,group_01_song_a_lead_me,1,Song A,Lead Me,D,4,lead_me_du_d,mix_f1f7973e5bac,assets/audio/study-stimuli/main-study/group_01/song_a_lead_me/du_d.wav,63,True,True,"I dont usually hear music to focus, but I preffer a little bit of fade in the sounds. ",0.7402857811167308,-1.548717422055362,0.3280479404435016,-1.017146833506479,optional_qc_sensitivity_predictor,True,,True,,True,63,"[""D""]",D,True,1,True,1.0
P008,group_01,group_01,P008__trial_01,1,1,FM-1,FM-1,1,FM-1 - Maintaining Engagement During an Activity,FM-1,"You are engaged in an activity that requires sustained mental or physical effort. As you continue, it becomes more difficult to stay engaged. You want to maintain your focus and motivation so that you can continue making steady progress toward completing the activity. You decide to listen to music while carrying on with the activity.",Focus-Motivation,lead_me,group_01_song_a_lead_me,1,Song A,Lead Me,E,5,lead_me_pxl_l1,mix_d5b28dfc8a93,assets/audio/study-stimuli/main-study/group_01/song_a_lead_me/pxl_l1.wav,18,True,True,"I dont usually hear music to focus, but I preffer a little bit of fade in the sounds. ",-0.0024436394808062,-0.3677713699084406,-1.2816942263900757,-0.1924460334762285,optional_qc_sensitivity_predictor,True,,True,,True,63,"[""D""]",D,True,1,False,4.0
P008,group_01,group_01,P008__trial_02,2,2,FM-1,FM-1,1,FM-1 - Maintaining Engagement During an Activity,FM-1,"You are engaged in an activity that requires sustained mental or physical effort. As you continue, it becomes more difficult to stay engaged. You want to maintain your focus and motivation so that you can continue making steady progress toward completing the activity. You decide to listen to music while carrying on with the activity.",Focus-Motivation,id_like_to_know,group_01_song_b_id_like_to_know,2,Song B,I'd Like To Know,A,1,id_like_to_know_pxl_s3,mix_65f41f41d3ab,assets/audio/study-stimuli/main-study/group_01/song_b_id_like_to_know/pxl_s3.wav,66,True,True,Same as the last answer,0.3234844364321996,-1.065060189455143,-1.1651773700507613,-0.0982478955990668,optional_qc_sensitivity_predictor,True,,True,,True,66,"[""A""]",A,True,1,True,1.0
P008,group_01,group_01,P008__trial_02,2,2,FM-1,FM-1,1,FM-1 - Maintaining Engagement During an Activity,FM-1,"You are engaged in an activity that requires sustained mental or physical effort. As you continue, it becomes more difficult to stay engaged. You want to maintain your focus and motivation so that you can continue making steady progress toward completing the activity. You decide to listen to music while carrying on with the activity.",Focus-Motivation,id_like_to_know,group_01_song_b_id_like_to_know,2,Song B,I'd Like To Know,B,2,id_like_to_know_pxl_s5,mix_82d60d7c7fc5,assets/audio/study-stimuli/main-study/group_01/song_b_id_like_to_know/pxl_s5.wav,26,True,True,Same as the last answer,-0.3583378408524605,-0.1527662554529231,0.7972705919658362,1.6270752922517937,optional_qc_sensitivity_predictor,True,,True,,True,66,"[""A""]",A,True,1,False,4.0
P008,group_01,group_01,P008__trial_02,2,2,FM-1,FM-1,1,FM-1 - Maintaining Engagement During an Activity,FM-1,"You are engaged in an activity that requires sustained mental or physical effort. As you continue, it becomes more difficult to stay engaged. You want to maintain your focus and motivation so that you can continue making steady progress toward completing the activity. You decide to listen to music while carrying on with the activity.",Focus-Motivation,id_like_to_know,group_01_song_b_id_like_to_know,2,Song B,I'd Like To Know,C,3,id_like_to_know_pxl_s7,mix_b393d3919c78,assets/audio/study-stimuli/main-study/group_01/song_b_id_like_to_know/pxl_s7.wav,35,True,True,Same as the last answer,-0.867056238017743,-0.6188407399054331,-0.3229009373128245,-1.0515106991885117,optional_qc_sensitivity_predictor,True,,True,,True,66,"[""A""]",A,True,1,False,3.0
P008,group_01,group_01,P008__trial_02,2,2,FM-1,FM-1,1,FM-1 - Maintaining Engagement During an Activity,FM-1,"You are engaged in an activity that requires sustained mental or physical effort. As you continue, it becomes more difficult to stay engaged. You want to maintain your focus and motivation so that you can continue making steady progress toward completing the activity. You decide to listen to music while carrying on with the activity.",Focus-Motivation,id_like_to_know,group_01_song_b_id_like_to_know,2,Song B,I'd Like To Know,D,4,id_like_to_know_pxl_s2,mix_6f8b655d7999,assets/audio/study-stimuli/main-study/group_01/song_b_id_like_to_know/pxl_s2.wav,51,True,True,Same as the last answer,0.5329997864789321,-1.1874673519330532,-0.7637519766505488,0.5510366380169074,optional_qc_sensitivity_predictor,True,,True,,True,66,"[""A""]",A,True,1,False,2.0
P008,group_01,group_01,P008__trial_02,2,2,FM-1,FM-1,1,FM-1 - Maintaining Engagement During an Activity,FM-1,"You are engaged in an activity that requires sustained mental or physical effort. As you continue, it becomes more difficult to stay engaged. You want to maintain your focus and motivation so that you can continue making steady progress toward completing the activity. You decide to listen to music while carrying on with the activity.",Focus-Motivation,id_like_to_know,group_01_song_b_id_like_to_know,2,Song B,I'd Like To Know,E,5,id_like_to_know_pxl_s1,mix_9ffcd672af17,assets/audio/study-stimuli/main-study/group_01/song_b_id_like_to_know/pxl_s1.wav,4,True,True,Same as the last answer,-0.5659114167269081,-0.579304038497624,-0.4851205015292653,1.357247686182373,optional_qc_sensitivity_predictor,True,,True,,True,66,"[""A""]",A,True,1,False,5.0
P008,group_01,group_01,P008__trial_03,3,3,EDR-2,EDR-2,2,EDR-2 - Unwinding After a Demanding Period,EDR-2,"You have some time for yourself after a demanding period. Although a few everyday concerns are still on your mind, there is nothing that requires your attention right now. You would like to feel calmer and take your mind off these concerns for a while, so you decide to listen to music to help you unwind.",Relaxation-Distraction,lead_me,group_01_song_a_lead_me,1,Song A,Lead Me,A,1,lead_me_mcg_pro2,mix_d3e3580b6e30,assets/audio/study-stimuli/main-study/group_01/song_a_lead_me/mcg_pro2.wav,71,True,True,I preffer a little bit of fade in the sounds,2.9805308263561203,0.8594252384169624,-0.9263284806752846,0.048773555233824,optional_qc_sensitivity_predictor,True,,True,,True,71,"[""A""]",A,True,1,True,1.0
P008,group_01,group_01,P008__trial_03,3,3,EDR-2,EDR-2,2,EDR-2 - Unwinding After a Demanding Period,EDR-2,"You have some time for yourself after a demanding period. Although a few everyday concerns are still on your mind, there is nothing that requires your attention right now. You would like to feel calmer and take your mind off these concerns for a while, so you decide to listen to music to help you unwind.",Relaxation-Distraction,lead_me,group_01_song_a_lead_me,1,Song A,Lead Me,B,2,lead_me_pxl_l4,mix_c7d9a071ba25,assets/audio/study-stimuli/main-study/group_01/song_a_lead_me/pxl_l4.wav,31,True,True,I preffer a little bit of fade in the sounds,-0.0552007785055364,-0.8412121981784734,0.8321106863211235,2.390299590706203,optional_qc_sensitivity_predictor,True,,True,,True,71,"[""A""]",A,True,1,False,3.0
P008,group_01,group_01,P008__trial_03,3,3,EDR-2,EDR-2,2,EDR-2 - Unwinding After a Demanding Period,EDR-2,"You have some time for yourself after a demanding period. Although a few everyday concerns are still on your mind, there is nothing that requires your attention right now. You would like to feel calmer and take your mind off these concerns for a while, so you decide to listen to music to help you unwind.",Relaxation-Distraction,lead_me,group_01_song_a_lead_me,1,Song A,Lead Me,C,3,lead_me_du_e,mix_271852ba8676,assets/audio/study-stimuli/main-study/group_01/song_a_lead_me/du_e.wav,8,True,True,I preffer a little bit of fade in the sounds,-1.0250576971995913,0.5199952869185839,-0.8666083508697964,0.9959336464039888,optional_qc_sensitivity_predictor,True,,True,,True,71,"[""A""]",A,True,1,False,5.0
P008,group_01,group_01,P008__trial_03,3,3,EDR-2,EDR-2,2,EDR-2 - Unwinding After a Demanding Period,EDR-2,"You have some time for yourself after a demanding period. Although a few everyday concerns are still on your mind, there is nothing that requires your attention right now. You would like to feel calmer and take your mind off these concerns for a while, so you decide to listen to music to help you unwind.",Relaxation-Distraction,lead_me,group_01_song_a_lead_me,1,Song A,Lead Me,D,4,lead_me_du_d,mix_f1f7973e5bac,assets/audio/study-stimuli/main-study/group_01/song_a_lead_me/du_d.wav,48,True,True,I preffer a little bit of fade in the sounds,0.7402857811167308,-1.548717422055362,0.3280479404435016,-1.017146833506479,optional_qc_sensitivity_predictor,True,,True,,True,71,"[""A""]",A,True,1,False,2.0
P008,group_01,group_01,P008__trial_03,3,3,EDR-2,EDR-2,2,EDR-2 - Unwinding After a Demanding Period,EDR-2,"You have some time for yourself after a demanding period. Although a few everyday concerns are still on your mind, there is nothing that requires your attention right now. You would like to feel calmer and take your mind off these concerns for a while, so you decide to listen to music to help you unwind.",Relaxation-Distraction,lead_me,group_01_song_a_lead_me,1,Song A,Lead Me,E,5,lead_me_pxl_l1,mix_d5b28dfc8a93,assets/audio/study-stimuli/main-study/group_01/song_a_lead_me/pxl_l1.wav,17,True,True,I preffer a little bit of fade in the sounds,-0.0024436394808062,-0.3677713699084406,-1.2816942263900757,-0.1924460334762285,optional_qc_sensitivity_predictor,True,,True,,True,71,"[""A""]",A,True,1,False,4.0
P008,group_01,group_01,P008__trial_04,4,4,EDR-2,EDR-2,2,EDR-2 - Unwinding After a Demanding Period,EDR-2,"You have some time for yourself after a demanding period. Although a few everyday concerns are still on your mind, there is nothing that requires your attention right now. You would like to feel calmer and take your mind off these concerns for a while, so you decide to listen to music to help you unwind.",Relaxation-Distraction,id_like_to_know,group_01_song_b_id_like_to_know,2,Song B,I'd Like To Know,A,1,id_like_to_know_pxl_s7,mix_b393d3919c78,assets/audio/study-stimuli/main-study/group_01/song_b_id_like_to_know/pxl_s7.wav,48,True,True,Same as last answer ,-0.867056238017743,-0.6188407399054331,-0.3229009373128245,-1.0515106991885117,optional_qc_sensitivity_predictor,True,,True,,True,77,"[""D""]",D,True,1,False,3.0
P008,group_01,group_01,P008__trial_04,4,4,EDR-2,EDR-2,2,EDR-2 - Unwinding After a Demanding Period,EDR-2,"You have some time for yourself after a demanding period. Although a few everyday concerns are still on your mind, there is nothing that requires your attention right now. You would like to feel calmer and take your mind off these concerns for a while, so you decide to listen to music to help you unwind.",Relaxation-Distraction,id_like_to_know,group_01_song_b_id_like_to_know,2,Song B,I'd Like To Know,B,2,id_like_to_know_pxl_s5,mix_82d60d7c7fc5,assets/audio/study-stimuli/main-study/group_01/song_b_id_like_to_know/pxl_s5.wav,16,True,True,Same as last answer ,-0.3583378408524605,-0.1527662554529231,0.7972705919658362,1.6270752922517937,optional_qc_sensitivity_predictor,True,,True,,True,77,"[""D""]",D,True,1,False,5.0
P008,group_01,group_01,P008__trial_04,4,4,EDR-2,EDR-2,2,EDR-2 - Unwinding After a Demanding Period,EDR-2,"You have some time for yourself after a demanding period. Although a few everyday concerns are still on your mind, there is nothing that requires your attention right now. You would like to feel calmer and take your mind off these concerns for a while, so you decide to listen to music to help you unwind.",Relaxation-Distraction,id_like_to_know,group_01_song_b_id_like_to_know,2,Song B,I'd Like To Know,C,3,id_like_to_know_pxl_s3,mix_65f41f41d3ab,assets/audio/study-stimuli/main-study/group_01/song_b_id_like_to_know/pxl_s3.wav,63,True,True,Same as last answer ,0.3234844364321996,-1.065060189455143,-1.1651773700507613,-0.0982478955990668,optional_qc_sensitivity_predictor,True,,True,,True,77,"[""D""]",D,True,1,False,2.0
P008,group_01,group_01,P008__trial_04,4,4,EDR-2,EDR-2,2,EDR-2 - Unwinding After a Demanding Period,EDR-2,"You have some time for yourself after a demanding period. Although a few everyday concerns are still on your mind, there is nothing that requires your attention right now. You would like to feel calmer and take your mind off these concerns for a while, so you decide to listen to music to help you unwind.",Relaxation-Distraction,id_like_to_know,group_01_song_b_id_like_to_know,2,Song B,I'd Like To Know,D,4,id_like_to_know_pxl_s2,mix_6f8b655d7999,assets/audio/study-stimuli/main-study/group_01/song_b_id_like_to_know/pxl_s2.wav,77,True,True,Same as last answer ,0.5329997864789321,-1.1874673519330532,-0.7637519766505488,0.5510366380169074,optional_qc_sensitivity_predictor,True,,True,,True,77,"[""D""]",D,True,1,True,1.0
P008,group_01,group_01,P008__trial_04,4,4,EDR-2,EDR-2,2,EDR-2 - Unwinding After a Demanding Period,EDR-2,"You have some time for yourself after a demanding period. Although a few everyday concerns are still on your mind, there is nothing that requires your attention right now. You would like to feel calmer and take your mind off these concerns for a while, so you decide to listen to music to help you unwind.",Relaxation-Distraction,id_like_to_know,group_01_song_b_id_like_to_know,2,Song B,I'd Like To Know,E,5,id_like_to_know_pxl_s1,mix_9ffcd672af17,assets/audio/study-stimuli/main-study/group_01/song_b_id_like_to_know/pxl_s1.wav,25,True,True,Same as last answer ,-0.5659114167269081,-0.579304038497624,-0.4851205015292653,1.357247686182373,optional_qc_sensitivity_predictor,True,,True,,True,77,"[""D""]",D,True,1,False,4.0
P008,group_01,group_01,P008__trial_05,5,5,EDR-1,EDR-1,3,EDR-1 - Enjoying Free Time,EDR-1,"You have some free time and no immediate responsibilities that require your attention. You are not feeling tired or worried, but you would like to enjoy your time rather than let it pass uneventfully. You decide to listen to music for entertainment, making your free time more enjoyable.",Enjoyment,id_like_to_know,group_01_song_b_id_like_to_know,1,Song B,I'd Like To Know,A,1,id_like_to_know_pxl_s1,mix_9ffcd672af17,assets/audio/study-stimuli/main-study/group_01/song_b_id_like_to_know/pxl_s1.wav,90,True,True,For this one I like to hear clearer sounds ,-0.5659114167269081,-0.579304038497624,-0.4851205015292653,1.357247686182373,optional_qc_sensitivity_predictor,True,,True,,True,90,"[""A""]",A,True,1,True,1.0
P008,group_01,group_01,P008__trial_05,5,5,EDR-1,EDR-1,3,EDR-1 - Enjoying Free Time,EDR-1,"You have some free time and no immediate responsibilities that require your attention. You are not feeling tired or worried, but you would like to enjoy your time rather than let it pass uneventfully. You decide to listen to music for entertainment, making your free time more enjoyable.",Enjoyment,id_like_to_know,group_01_song_b_id_like_to_know,1,Song B,I'd Like To Know,B,2,id_like_to_know_pxl_s5,mix_82d60d7c7fc5,assets/audio/study-stimuli/main-study/group_01/song_b_id_like_to_know/pxl_s5.wav,33,True,True,For this one I like to hear clearer sounds ,-0.3583378408524605,-0.1527662554529231,0.7972705919658362,1.6270752922517937,optional_qc_sensitivity_predictor,True,,True,,True,90,"[""A""]",A,True,1,False,4.0
P008,group_01,group_01,P008__trial_05,5,5,EDR-1,EDR-1,3,EDR-1 - Enjoying Free Time,EDR-1,"You have some free time and no immediate responsibilities that require your attention. You are not feeling tired or worried, but you would like to enjoy your time rather than let it pass uneventfully. You decide to listen to music for entertainment, making your free time more enjoyable.",Enjoyment,id_like_to_know,group_01_song_b_id_like_to_know,1,Song B,I'd Like To Know,C,3,id_like_to_know_pxl_s2,mix_6f8b655d7999,assets/audio/study-stimuli/main-study/group_01/song_b_id_like_to_know/pxl_s2.wav,45,True,True,For this one I like to hear clearer sounds ,0.5329997864789321,-1.1874673519330532,-0.7637519766505488,0.5510366380169074,optional_qc_sensitivity_predictor,True,,True,,True,90,"[""A""]",A,True,1,False,3.0
P008,group_01,group_01,P008__trial_05,5,5,EDR-1,EDR-1,3,EDR-1 - Enjoying Free Time,EDR-1,"You have some free time and no immediate responsibilities that require your attention. You are not feeling tired or worried, but you would like to enjoy your time rather than let it pass uneventfully. You decide to listen to music for entertainment, making your free time more enjoyable.",Enjoyment,id_like_to_know,group_01_song_b_id_like_to_know,1,Song B,I'd Like To Know,D,4,id_like_to_know_pxl_s7,mix_b393d3919c78,assets/audio/study-stimuli/main-study/group_01/song_b_id_like_to_know/pxl_s7.wav,66,True,True,For this one I like to hear clearer sounds ,-0.867056238017743,-0.6188407399054331,-0.3229009373128245,-1.0515106991885117,optional_qc_sensitivity_predictor,True,,True,,True,90,"[""A""]",A,True,1,False,2.0
P008,group_01,group_01,P008__trial_05,5,5,EDR-1,EDR-1,3,EDR-1 - Enjoying Free Time,EDR-1,"You have some free time and no immediate responsibilities that require your attention. You are not feeling tired or worried, but you would like to enjoy your time rather than let it pass uneventfully. You decide to listen to music for entertainment, making your free time more enjoyable.",Enjoyment,id_like_to_know,group_01_song_b_id_like_to_know,1,Song B,I'd Like To Know,E,5,id_like_to_know_pxl_s3,mix_65f41f41d3ab,assets/audio/study-stimuli/main-study/group_01/song_b_id_like_to_know/pxl_s3.wav,22,True,True,For this one I like to hear clearer sounds ,0.3234844364321996,-1.065060189455143,-1.1651773700507613,-0.0982478955990668,optional_qc_sensitivity_predictor,True,,True,,True,90,"[""A""]",A,True,1,False,5.0
P008,group_01,group_01,P008__trial_06,6,6,EDR-1,EDR-1,3,EDR-1 - Enjoying Free Time,EDR-1,"You have some free time and no immediate responsibilities that require your attention. You are not feeling tired or worried, but you would like to enjoy your time rather than let it pass uneventfully. You decide to listen to music for entertainment, making your free time more enjoyable.",Enjoyment,lead_me,group_01_song_a_lead_me,2,Song A,Lead Me,A,1,lead_me_pxl_l1,mix_d5b28dfc8a93,assets/audio/study-stimuli/main-study/group_01/song_a_lead_me/pxl_l1.wav,93,True,True,Same as last answer ,-0.0024436394808062,-0.3677713699084406,-1.2816942263900757,-0.1924460334762285,optional_qc_sensitivity_predictor,True,,True,,True,93,"[""A""]",A,True,1,True,1.0
P008,group_01,group_01,P008__trial_06,6,6,EDR-1,EDR-1,3,EDR-1 - Enjoying Free Time,EDR-1,"You have some free time and no immediate responsibilities that require your attention. You are not feeling tired or worried, but you would like to enjoy your time rather than let it pass uneventfully. You decide to listen to music for entertainment, making your free time more enjoyable.",Enjoyment,lead_me,group_01_song_a_lead_me,2,Song A,Lead Me,B,2,lead_me_du_d,mix_f1f7973e5bac,assets/audio/study-stimuli/main-study/group_01/song_a_lead_me/du_d.wav,26,True,True,Same as last answer ,0.7402857811167308,-1.548717422055362,0.3280479404435016,-1.017146833506479,optional_qc_sensitivity_predictor,True,,True,,True,93,"[""A""]",A,True,1,False,5.0
P008,group_01,group_01,P008__trial_06,6,6,EDR-1,EDR-1,3,EDR-1 - Enjoying Free Time,EDR-1,"You have some free time and no immediate responsibilities that require your attention. You are not feeling tired or worried, but you would like to enjoy your time rather than let it pass uneventfully. You decide to listen to music for entertainment, making your free time more enjoyable.",Enjoyment,lead_me,group_01_song_a_lead_me,2,Song A,Lead Me,C,3,lead_me_mcg_pro2,mix_d3e3580b6e30,assets/audio/study-stimuli/main-study/group_01/song_a_lead_me/mcg_pro2.wav,38,True,True,Same as last answer ,2.9805308263561203,0.8594252384169624,-0.9263284806752846,0.048773555233824,optional_qc_sensitivity_predictor,True,,True,,True,93,"[""A""]",A,True,1,False,4.0
P008,group_01,group_01,P008__trial_06,6,6,EDR-1,EDR-1,3,EDR-1 - Enjoying Free Time,EDR-1,"You have some free time and no immediate responsibilities that require your attention. You are not feeling tired or worried, but you would like to enjoy your time rather than let it pass uneventfully. You decide to listen to music for entertainment, making your free time more enjoyable.",Enjoyment,lead_me,group_01_song_a_lead_me,2,Song A,Lead Me,D,4,lead_me_pxl_l4,mix_c7d9a071ba25,assets/audio/study-stimuli/main-study/group_01/song_a_lead_me/pxl_l4.wav,49,True,True,Same as last answer ,-0.0552007785055364,-0.8412121981784734,0.8321106863211235,2.390299590706203,optional_qc_sensitivity_predictor,True,,True,,True,93,"[""A""]",A,True,1,False,3.0
P008,group_01,group_01,P008__trial_06,6,6,EDR-1,EDR-1,3,EDR-1 - Enjoying Free Time,EDR-1,"You have some free time and no immediate responsibilities that require your attention. You are not feeling tired or worried, but you would like to enjoy your time rather than let it pass uneventfully. You decide to listen to music for entertainment, making your free time more enjoyable.",Enjoyment,lead_me,group_01_song_a_lead_me,2,Song A,Lead Me,E,5,lead_me_du_e,mix_271852ba8676,assets/audio/study-stimuli/main-study/group_01/song_a_lead_me/du_e.wav,73,True,True,Same as last answer ,-1.0250576971995913,0.5199952869185839,-0.8666083508697964,0.9959336464039888,optional_qc_sensitivity_predictor,True,,True,,True,93,"[""A""]",A,True,1,False,2.0
P009,group_02,group_02,P009__trial_01,1,1,FM-1,FM-1,1,FM-1 - Maintaining Engagement During an Activity,FM-1,"You are engaged in an activity that requires sustained mental or physical effort. As you continue, it becomes more difficult to stay engaged. You want to maintain your focus and motivation so that you can continue making steady progress toward completing the activity. You decide to listen to music while carrying on with the activity.",Focus-Motivation,pouring_room,group_02_song_b_pouring_room,1,Song B,Pouring Room,A,1,pouring_room_mcg_pro1,mix_132e75f34470,assets/audio/study-stimuli/main-study/group_02/song_b_pouring_room/mcg_pro1.wav,100,True,True,To focus I prefer songs with less background instrumental music to focus ,1.177821012274786,0.1366958746221527,-0.3534041622732912,-0.9473754159948484,optional_qc_sensitivity_predictor,True,,True,,True,100,"[""A""]",A,True,1,True,1.0
P009,group_02,group_02,P009__trial_01,1,1,FM-1,FM-1,1,FM-1 - Maintaining Engagement During an Activity,FM-1,"You are engaged in an activity that requires sustained mental or physical effort. As you continue, it becomes more difficult to stay engaged. You want to maintain your focus and motivation so that you can continue making steady progress toward completing the activity. You decide to listen to music while carrying on with the activity.",Focus-Motivation,pouring_room,group_02_song_b_pouring_room,1,Song B,Pouring Room,B,2,pouring_room_mcg_t,mix_be2ccd4c43ff,assets/audio/study-stimuli/main-study/group_02/song_b_pouring_room/mcg_t.wav,0,True,True,To focus I prefer songs with less background instrumental music to focus ,-0.0814371595061495,1.1238301932737935,1.926895983278192,-0.8792578396079359,optional_qc_sensitivity_predictor,True,,True,,True,100,"[""A""]",A,True,1,False,5.0
P009,group_02,group_02,P009__trial_01,1,1,FM-1,FM-1,1,FM-1 - Maintaining Engagement During an Activity,FM-1,"You are engaged in an activity that requires sustained mental or physical effort. As you continue, it becomes more difficult to stay engaged. You want to maintain your focus and motivation so that you can continue making steady progress toward completing the activity. You decide to listen to music while carrying on with the activity.",Focus-Motivation,pouring_room,group_02_song_b_pouring_room,1,Song B,Pouring Room,C,3,pouring_room_mcg_v,mix_e08faaf8bbb3,assets/audio/study-stimuli/main-study/group_02/song_b_pouring_room/mcg_v.wav,26,True,True,To focus I prefer songs with less background instrumental music to focus ,0.2009523983216312,1.112208706920678,-0.2814967551013548,-0.938440679331238,optional_qc_sensitivity_predictor,True,,True,,True,100,"[""A""]",A,True,1,False,4.0
P009,group_02,group_02,P009__trial_01,1,1,FM-1,FM-1,1,FM-1 - Maintaining Engagement During an Activity,FM-1,"You are engaged in an activity that requires sustained mental or physical effort. As you continue, it becomes more difficult to stay engaged. You want to maintain your focus and motivation so that you can continue making steady progress toward completing the activity. You decide to listen to music while carrying on with the activity.",Focus-Motivation,pouring_room,group_02_song_b_pouring_room,1,Song B,Pouring Room,D,4,pouring_room_mcg_r,mix_0ba76f420c1d,assets/audio/study-stimuli/main-study/group_02/song_b_pouring_room/mcg_r.wav,76,True,True,To focus I prefer songs with less background instrumental music to focus ,0.2249858589620197,-0.521538265731174,0.8057256670690561,-1.2630720295337683,optional_qc_sensitivity_predictor,True,,True,,True,100,"[""A""]",A,True,1,False,2.0
P009,group_02,group_02,P009__trial_01,1,1,FM-1,FM-1,1,FM-1 - Maintaining Engagement During an Activity,FM-1,"You are engaged in an activity that requires sustained mental or physical effort. As you continue, it becomes more difficult to stay engaged. You want to maintain your focus and motivation so that you can continue making steady progress toward completing the activity. You decide to listen to music while carrying on with the activity.",Focus-Motivation,pouring_room,group_02_song_b_pouring_room,1,Song B,Pouring Room,E,5,pouring_room_mcg_x,mix_cbf8555ee2b2,assets/audio/study-stimuli/main-study/group_02/song_b_pouring_room/mcg_x.wav,52,True,True,To focus I prefer songs with less background instrumental music to focus ,0.4494273963527286,0.780552768870155,0.8086566197405122,-0.4801297779726206,optional_qc_sensitivity_predictor,True,,True,,True,100,"[""A""]",A,True,1,False,3.0
P009,group_02,group_02,P009__trial_02,2,2,FM-1,FM-1,1,FM-1 - Maintaining Engagement During an Activity,FM-1,"You are engaged in an activity that requires sustained mental or physical effort. As you continue, it becomes more difficult to stay engaged. You want to maintain your focus and motivation so that you can continue making steady progress toward completing the activity. You decide to listen to music while carrying on with the activity.",Focus-Motivation,in_the_meantime,group_02_song_a_in_the_meantime,2,Song A,In The Meantime,A,1,in_the_meantime_qut_b,mix_c7bdcba64775,assets/audio/study-stimuli/main-study/group_02/song_a_in_the_meantime/qut_b.wav,18,True,True,I need to feel energy in the song,-0.6698107538710293,-0.1978340618743536,-1.5468197375217057,0.0908009789400507,optional_qc_sensitivity_predictor,True,,True,,True,98,"[""D""]",D,True,1,False,4.0
P009,group_02,group_02,P009__trial_02,2,2,FM-1,FM-1,1,FM-1 - Maintaining Engagement During an Activity,FM-1,"You are engaged in an activity that requires sustained mental or physical effort. As you continue, it becomes more difficult to stay engaged. You want to maintain your focus and motivation so that you can continue making steady progress toward completing the activity. You decide to listen to music while carrying on with the activity.",Focus-Motivation,in_the_meantime,group_02_song_a_in_the_meantime,2,Song A,In The Meantime,B,2,in_the_meantime_du_h,mix_302f0efe8a80,assets/audio/study-stimuli/main-study/group_02/song_a_in_the_meantime/du_h.wav,45,True,True,I need to feel energy in the song,0.6887214233465396,0.2719152524959843,-0.8693704120952901,0.8234428342152216,optional_qc_sensitivity_predictor,True,,True,,True,98,"[""D""]",D,True,1,False,3.0
P009,group_02,group_02,P009__trial_02,2,2,FM-1,FM-1,1,FM-1 - Maintaining Engagement During an Activity,FM-1,"You are engaged in an activity that requires sustained mental or physical effort. As you continue, it becomes more difficult to stay engaged. You want to maintain your focus and motivation so that you can continue making steady progress toward completing the activity. You decide to listen to music while carrying on with the activity.",Focus-Motivation,in_the_meantime,group_02_song_a_in_the_meantime,2,Song A,In The Meantime,C,3,in_the_meantime_qut_pro,mix_cdaef40f2b94,assets/audio/study-stimuli/main-study/group_02/song_a_in_the_meantime/qut_pro.wav,72,True,True,I need to feel energy in the song,-0.6756280657690176,-1.4346341192827423,1.8511013279434223,-0.7325346788768815,optional_qc_sensitivity_predictor,True,,True,,True,98,"[""D""]",D,True,1,False,2.0
P009,group_02,group_02,P009__trial_02,2,2,FM-1,FM-1,1,FM-1 - Maintaining Engagement During an Activity,FM-1,"You are engaged in an activity that requires sustained mental or physical effort. As you continue, it becomes more difficult to stay engaged. You want to maintain your focus and motivation so that you can continue making steady progress toward completing the activity. You decide to listen to music while carrying on with the activity.",Focus-Motivation,in_the_meantime,group_02_song_a_in_the_meantime,2,Song A,In The Meantime,D,4,in_the_meantime_du_i,mix_9baa86357fd4,assets/audio/study-stimuli/main-study/group_02/song_a_in_the_meantime/du_i.wav,98,True,True,I need to feel energy in the song,-1.8990066727669184,1.9187185345499165,0.5415536857115313,-0.721703057329889,optional_qc_sensitivity_predictor,True,,True,,True,98,"[""D""]",D,True,1,True,1.0
P009,group_02,group_02,P009__trial_02,2,2,FM-1,FM-1,1,FM-1 - Maintaining Engagement During an Activity,FM-1,"You are engaged in an activity that requires sustained mental or physical effort. As you continue, it becomes more difficult to stay engaged. You want to maintain your focus and motivation so that you can continue making steady progress toward completing the activity. You decide to listen to music while carrying on with the activity.",Focus-Motivation,in_the_meantime,group_02_song_a_in_the_meantime,2,Song A,In The Meantime,E,5,in_the_meantime_du_k,mix_56e65a3ce054,assets/audio/study-stimuli/main-study/group_02/song_a_in_the_meantime/du_k.wav,0,True,True,I need to feel energy in the song,-1.1193186569455127,1.7918041562064675,0.9713104079970216,0.4372547184671072,optional_qc_sensitivity_predictor,True,,True,,True,98,"[""D""]",D,True,1,False,5.0
P009,group_02,group_02,P009__trial_03,3,3,EDR-1,EDR-1,2,EDR-1 - Enjoying Free Time,EDR-1,"You have some free time and no immediate responsibilities that require your attention. You are not feeling tired or worried, but you would like to enjoy your time rather than let it pass uneventfully. You decide to listen to music for entertainment, making your free time more enjoyable.",Enjoyment,in_the_meantime,group_02_song_a_in_the_meantime,1,Song A,In The Meantime,A,1,in_the_meantime_du_i,mix_9baa86357fd4,assets/audio/study-stimuli/main-study/group_02/song_a_in_the_meantime/du_i.wav,27,True,True,I need chill vibe,-1.8990066727669184,1.9187185345499165,0.5415536857115313,-0.721703057329889,optional_qc_sensitivity_predictor,True,,True,,True,88,"[""D""]",D,True,1,False,4.0
P009,group_02,group_02,P009__trial_03,3,3,EDR-1,EDR-1,2,EDR-1 - Enjoying Free Time,EDR-1,"You have some free time and no immediate responsibilities that require your attention. You are not feeling tired or worried, but you would like to enjoy your time rather than let it pass uneventfully. You decide to listen to music for entertainment, making your free time more enjoyable.",Enjoyment,in_the_meantime,group_02_song_a_in_the_meantime,1,Song A,In The Meantime,B,2,in_the_meantime_qut_pro,mix_cdaef40f2b94,assets/audio/study-stimuli/main-study/group_02/song_a_in_the_meantime/qut_pro.wav,45,True,True,I need chill vibe,-0.6756280657690176,-1.4346341192827423,1.8511013279434223,-0.7325346788768815,optional_qc_sensitivity_predictor,True,,True,,True,88,"[""D""]",D,True,1,False,3.0
P009,group_02,group_02,P009__trial_03,3,3,EDR-1,EDR-1,2,EDR-1 - Enjoying Free Time,EDR-1,"You have some free time and no immediate responsibilities that require your attention. You are not feeling tired or worried, but you would like to enjoy your time rather than let it pass uneventfully. You decide to listen to music for entertainment, making your free time more enjoyable.",Enjoyment,in_the_meantime,group_02_song_a_in_the_meantime,1,Song A,In The Meantime,C,3,in_the_meantime_qut_b,mix_c7bdcba64775,assets/audio/study-stimuli/main-study/group_02/song_a_in_the_meantime/qut_b.wav,68,True,True,I need chill vibe,-0.6698107538710293,-0.1978340618743536,-1.5468197375217057,0.0908009789400507,optional_qc_sensitivity_predictor,True,,True,,True,88,"[""D""]",D,True,1,False,2.0
P009,group_02,group_02,P009__trial_03,3,3,EDR-1,EDR-1,2,EDR-1 - Enjoying Free Time,EDR-1,"You have some free time and no immediate responsibilities that require your attention. You are not feeling tired or worried, but you would like to enjoy your time rather than let it pass uneventfully. You decide to listen to music for entertainment, making your free time more enjoyable.",Enjoyment,in_the_meantime,group_02_song_a_in_the_meantime,1,Song A,In The Meantime,D,4,in_the_meantime_du_h,mix_302f0efe8a80,assets/audio/study-stimuli/main-study/group_02/song_a_in_the_meantime/du_h.wav,88,True,True,I need chill vibe,0.6887214233465396,0.2719152524959843,-0.8693704120952901,0.8234428342152216,optional_qc_sensitivity_predictor,True,,True,,True,88,"[""D""]",D,True,1,True,1.0
P009,group_02,group_02,P009__trial_03,3,3,EDR-1,EDR-1,2,EDR-1 - Enjoying Free Time,EDR-1,"You have some free time and no immediate responsibilities that require your attention. You are not feeling tired or worried, but you would like to enjoy your time rather than let it pass uneventfully. You decide to listen to music for entertainment, making your free time more enjoyable.",Enjoyment,in_the_meantime,group_02_song_a_in_the_meantime,1,Song A,In The Meantime,E,5,in_the_meantime_du_k,mix_56e65a3ce054,assets/audio/study-stimuli/main-study/group_02/song_a_in_the_meantime/du_k.wav,8,True,True,I need chill vibe,-1.1193186569455127,1.7918041562064675,0.9713104079970216,0.4372547184671072,optional_qc_sensitivity_predictor,True,,True,,True,88,"[""D""]",D,True,1,False,5.0
P009,group_02,group_02,P009__trial_04,4,4,EDR-1,EDR-1,2,EDR-1 - Enjoying Free Time,EDR-1,"You have some free time and no immediate responsibilities that require your attention. You are not feeling tired or worried, but you would like to enjoy your time rather than let it pass uneventfully. You decide to listen to music for entertainment, making your free time more enjoyable.",Enjoyment,pouring_room,group_02_song_b_pouring_room,2,Song B,Pouring Room,A,1,pouring_room_mcg_pro1,mix_132e75f34470,assets/audio/study-stimuli/main-study/group_02/song_b_pouring_room/mcg_pro1.wav,91,True,True,I matches my vibe,1.177821012274786,0.1366958746221527,-0.3534041622732912,-0.9473754159948484,optional_qc_sensitivity_predictor,True,,True,,True,91,"[""A""]",A,True,1,True,1.0
P009,group_02,group_02,P009__trial_04,4,4,EDR-1,EDR-1,2,EDR-1 - Enjoying Free Time,EDR-1,"You have some free time and no immediate responsibilities that require your attention. You are not feeling tired or worried, but you would like to enjoy your time rather than let it pass uneventfully. You decide to listen to music for entertainment, making your free time more enjoyable.",Enjoyment,pouring_room,group_02_song_b_pouring_room,2,Song B,Pouring Room,B,2,pouring_room_mcg_r,mix_0ba76f420c1d,assets/audio/study-stimuli/main-study/group_02/song_b_pouring_room/mcg_r.wav,70,True,True,I matches my vibe,0.2249858589620197,-0.521538265731174,0.8057256670690561,-1.2630720295337683,optional_qc_sensitivity_predictor,True,,True,,True,91,"[""A""]",A,True,1,False,2.0
P009,group_02,group_02,P009__trial_04,4,4,EDR-1,EDR-1,2,EDR-1 - Enjoying Free Time,EDR-1,"You have some free time and no immediate responsibilities that require your attention. You are not feeling tired or worried, but you would like to enjoy your time rather than let it pass uneventfully. You decide to listen to music for entertainment, making your free time more enjoyable.",Enjoyment,pouring_room,group_02_song_b_pouring_room,2,Song B,Pouring Room,C,3,pouring_room_mcg_x,mix_cbf8555ee2b2,assets/audio/study-stimuli/main-study/group_02/song_b_pouring_room/mcg_x.wav,25,True,True,I matches my vibe,0.4494273963527286,0.780552768870155,0.8086566197405122,-0.4801297779726206,optional_qc_sensitivity_predictor,True,,True,,True,91,"[""A""]",A,True,1,False,4.0
P009,group_02,group_02,P009__trial_04,4,4,EDR-1,EDR-1,2,EDR-1 - Enjoying Free Time,EDR-1,"You have some free time and no immediate responsibilities that require your attention. You are not feeling tired or worried, but you would like to enjoy your time rather than let it pass uneventfully. You decide to listen to music for entertainment, making your free time more enjoyable.",Enjoyment,pouring_room,group_02_song_b_pouring_room,2,Song B,Pouring Room,D,4,pouring_room_mcg_t,mix_be2ccd4c43ff,assets/audio/study-stimuli/main-study/group_02/song_b_pouring_room/mcg_t.wav,4,True,True,I matches my vibe,-0.0814371595061495,1.1238301932737935,1.926895983278192,-0.8792578396079359,optional_qc_sensitivity_predictor,True,,True,,True,91,"[""A""]",A,True,1,False,5.0
P009,group_02,group_02,P009__trial_04,4,4,EDR-1,EDR-1,2,EDR-1 - Enjoying Free Time,EDR-1,"You have some free time and no immediate responsibilities that require your attention. You are not feeling tired or worried, but you would like to enjoy your time rather than let it pass uneventfully. You decide to listen to music for entertainment, making your free time more enjoyable.",Enjoyment,pouring_room,group_02_song_b_pouring_room,2,Song B,Pouring Room,E,5,pouring_room_mcg_v,mix_e08faaf8bbb3,assets/audio/study-stimuli/main-study/group_02/song_b_pouring_room/mcg_v.wav,47,True,True,I matches my vibe,0.2009523983216312,1.112208706920678,-0.2814967551013548,-0.938440679331238,optional_qc_sensitivity_predictor,True,,True,,True,91,"[""A""]",A,True,1,False,3.0
P009,group_02,group_02,P009__trial_05,5,5,EDR-2,EDR-2,3,EDR-2 - Unwinding After a Demanding Period,EDR-2,"You have some time for yourself after a demanding period. Although a few everyday concerns are still on your mind, there is nothing that requires your attention right now. You would like to feel calmer and take your mind off these concerns for a while, so you decide to listen to music to help you unwind.",Relaxation-Distraction,pouring_room,group_02_song_b_pouring_room,1,Song B,Pouring Room,A,1,pouring_room_mcg_x,mix_cbf8555ee2b2,assets/audio/study-stimuli/main-study/group_02/song_b_pouring_room/mcg_x.wav,51,True,True,It is calm music ,0.4494273963527286,0.780552768870155,0.8086566197405122,-0.4801297779726206,optional_qc_sensitivity_predictor,True,,True,,True,98,"[""E""]",E,True,1,False,4.0
P009,group_02,group_02,P009__trial_05,5,5,EDR-2,EDR-2,3,EDR-2 - Unwinding After a Demanding Period,EDR-2,"You have some time for yourself after a demanding period. Although a few everyday concerns are still on your mind, there is nothing that requires your attention right now. You would like to feel calmer and take your mind off these concerns for a while, so you decide to listen to music to help you unwind.",Relaxation-Distraction,pouring_room,group_02_song_b_pouring_room,1,Song B,Pouring Room,B,2,pouring_room_mcg_t,mix_be2ccd4c43ff,assets/audio/study-stimuli/main-study/group_02/song_b_pouring_room/mcg_t.wav,24,True,True,It is calm music ,-0.0814371595061495,1.1238301932737935,1.926895983278192,-0.8792578396079359,optional_qc_sensitivity_predictor,True,,True,,True,98,"[""E""]",E,True,1,False,5.0
P009,group_02,group_02,P009__trial_05,5,5,EDR-2,EDR-2,3,EDR-2 - Unwinding After a Demanding Period,EDR-2,"You have some time for yourself after a demanding period. Although a few everyday concerns are still on your mind, there is nothing that requires your attention right now. You would like to feel calmer and take your mind off these concerns for a while, so you decide to listen to music to help you unwind.",Relaxation-Distraction,pouring_room,group_02_song_b_pouring_room,1,Song B,Pouring Room,C,3,pouring_room_mcg_r,mix_0ba76f420c1d,assets/audio/study-stimuli/main-study/group_02/song_b_pouring_room/mcg_r.wav,96,True,True,It is calm music ,0.2249858589620197,-0.521538265731174,0.8057256670690561,-1.2630720295337683,optional_qc_sensitivity_predictor,True,,True,,True,98,"[""E""]",E,True,1,False,2.0
P009,group_02,group_02,P009__trial_05,5,5,EDR-2,EDR-2,3,EDR-2 - Unwinding After a Demanding Period,EDR-2,"You have some time for yourself after a demanding period. Although a few everyday concerns are still on your mind, there is nothing that requires your attention right now. You would like to feel calmer and take your mind off these concerns for a while, so you decide to listen to music to help you unwind.",Relaxation-Distraction,pouring_room,group_02_song_b_pouring_room,1,Song B,Pouring Room,D,4,pouring_room_mcg_v,mix_e08faaf8bbb3,assets/audio/study-stimuli/main-study/group_02/song_b_pouring_room/mcg_v.wav,76,True,True,It is calm music ,0.2009523983216312,1.112208706920678,-0.2814967551013548,-0.938440679331238,optional_qc_sensitivity_predictor,True,,True,,True,98,"[""E""]",E,True,1,False,3.0
P009,group_02,group_02,P009__trial_05,5,5,EDR-2,EDR-2,3,EDR-2 - Unwinding After a Demanding Period,EDR-2,"You have some time for yourself after a demanding period. Although a few everyday concerns are still on your mind, there is nothing that requires your attention right now. You would like to feel calmer and take your mind off these concerns for a while, so you decide to listen to music to help you unwind.",Relaxation-Distraction,pouring_room,group_02_song_b_pouring_room,1,Song B,Pouring Room,E,5,pouring_room_mcg_pro1,mix_132e75f34470,assets/audio/study-stimuli/main-study/group_02/song_b_pouring_room/mcg_pro1.wav,98,True,True,It is calm music ,1.177821012274786,0.1366958746221527,-0.3534041622732912,-0.9473754159948484,optional_qc_sensitivity_predictor,True,,True,,True,98,"[""E""]",E,True,1,True,1.0
P009,group_02,group_02,P009__trial_06,6,6,EDR-2,EDR-2,3,EDR-2 - Unwinding After a Demanding Period,EDR-2,"You have some time for yourself after a demanding period. Although a few everyday concerns are still on your mind, there is nothing that requires your attention right now. You would like to feel calmer and take your mind off these concerns for a while, so you decide to listen to music to help you unwind.",Relaxation-Distraction,in_the_meantime,group_02_song_a_in_the_meantime,2,Song A,In The Meantime,A,1,in_the_meantime_qut_pro,mix_cdaef40f2b94,assets/audio/study-stimuli/main-study/group_02/song_a_in_the_meantime/qut_pro.wav,52,True,True,It vining with music ,-0.6756280657690176,-1.4346341192827423,1.8511013279434223,-0.7325346788768815,optional_qc_sensitivity_predictor,True,,True,,True,97,"[""B""]",B,True,1,False,5.0
P009,group_02,group_02,P009__trial_06,6,6,EDR-2,EDR-2,3,EDR-2 - Unwinding After a Demanding Period,EDR-2,"You have some time for yourself after a demanding period. Although a few everyday concerns are still on your mind, there is nothing that requires your attention right now. You would like to feel calmer and take your mind off these concerns for a while, so you decide to listen to music to help you unwind.",Relaxation-Distraction,in_the_meantime,group_02_song_a_in_the_meantime,2,Song A,In The Meantime,B,2,in_the_meantime_du_i,mix_9baa86357fd4,assets/audio/study-stimuli/main-study/group_02/song_a_in_the_meantime/du_i.wav,97,True,True,It vining with music ,-1.8990066727669184,1.9187185345499165,0.5415536857115313,-0.721703057329889,optional_qc_sensitivity_predictor,True,,True,,True,97,"[""B""]",B,True,1,True,1.0
P009,group_02,group_02,P009__trial_06,6,6,EDR-2,EDR-2,3,EDR-2 - Unwinding After a Demanding Period,EDR-2,"You have some time for yourself after a demanding period. Although a few everyday concerns are still on your mind, there is nothing that requires your attention right now. You would like to feel calmer and take your mind off these concerns for a while, so you decide to listen to music to help you unwind.",Relaxation-Distraction,in_the_meantime,group_02_song_a_in_the_meantime,2,Song A,In The Meantime,C,3,in_the_meantime_qut_b,mix_c7bdcba64775,assets/audio/study-stimuli/main-study/group_02/song_a_in_the_meantime/qut_b.wav,62,True,True,It vining with music ,-0.6698107538710293,-0.1978340618743536,-1.5468197375217057,0.0908009789400507,optional_qc_sensitivity_predictor,True,,True,,True,97,"[""B""]",B,True,1,False,4.0
P009,group_02,group_02,P009__trial_06,6,6,EDR-2,EDR-2,3,EDR-2 - Unwinding After a Demanding Period,EDR-2,"You have some time for yourself after a demanding period. Although a few everyday concerns are still on your mind, there is nothing that requires your attention right now. You would like to feel calmer and take your mind off these concerns for a while, so you decide to listen to music to help you unwind.",Relaxation-Distraction,in_the_meantime,group_02_song_a_in_the_meantime,2,Song A,In The Meantime,D,4,in_the_meantime_du_k,mix_56e65a3ce054,assets/audio/study-stimuli/main-study/group_02/song_a_in_the_meantime/du_k.wav,73,True,True,It vining with music ,-1.1193186569455127,1.7918041562064675,0.9713104079970216,0.4372547184671072,optional_qc_sensitivity_predictor,True,,True,,True,97,"[""B""]",B,True,1,False,3.0
P009,group_02,group_02,P009__trial_06,6,6,EDR-2,EDR-2,3,EDR-2 - Unwinding After a Demanding Period,EDR-2,"You have some time for yourself after a demanding period. Although a few everyday concerns are still on your mind, there is nothing that requires your attention right now. You would like to feel calmer and take your mind off these concerns for a while, so you decide to listen to music to help you unwind.",Relaxation-Distraction,in_the_meantime,group_02_song_a_in_the_meantime,2,Song A,In The Meantime,E,5,in_the_meantime_du_h,mix_302f0efe8a80,assets/audio/study-stimuli/main-study/group_02/song_a_in_the_meantime/du_h.wav,89,True,True,It vining with music ,0.6887214233465396,0.2719152524959843,-0.8693704120952901,0.8234428342152216,optional_qc_sensitivity_predictor,True,,True,,True,97,"[""B""]",B,True,1,False,2.0
P010,group_01,group_01,P010__trial_01,1,1,FM-1,FM-1,1,FM-1 - Maintaining Engagement During an Activity,FM-1,"You are engaged in an activity that requires sustained mental or physical effort. As you continue, it becomes more difficult to stay engaged. You want to maintain your focus and motivation so that you can continue making steady progress toward completing the activity. You decide to listen to music while carrying on with the activity.",Focus-Motivation,lead_me,group_01_song_a_lead_me,1,Song A,Lead Me,A,1,lead_me_pxl_l4,mix_c7d9a071ba25,assets/audio/study-stimuli/main-study/group_01/song_a_lead_me/pxl_l4.wav,87,True,True,I like D and B,-0.0552007785055364,-0.8412121981784734,0.8321106863211235,2.390299590706203,optional_qc_sensitivity_predictor,True,,True,,True,100,"[""D""]",D,True,1,False,3.0
P010,group_01,group_01,P010__trial_01,1,1,FM-1,FM-1,1,FM-1 - Maintaining Engagement During an Activity,FM-1,"You are engaged in an activity that requires sustained mental or physical effort. As you continue, it becomes more difficult to stay engaged. You want to maintain your focus and motivation so that you can continue making steady progress toward completing the activity. You decide to listen to music while carrying on with the activity.",Focus-Motivation,lead_me,group_01_song_a_lead_me,1,Song A,Lead Me,B,2,lead_me_du_e,mix_271852ba8676,assets/audio/study-stimuli/main-study/group_01/song_a_lead_me/du_e.wav,93,True,True,I like D and B,-1.0250576971995913,0.5199952869185839,-0.8666083508697964,0.9959336464039888,optional_qc_sensitivity_predictor,True,,True,,True,100,"[""D""]",D,True,1,False,2.0
P010,group_01,group_01,P010__trial_01,1,1,FM-1,FM-1,1,FM-1 - Maintaining Engagement During an Activity,FM-1,"You are engaged in an activity that requires sustained mental or physical effort. As you continue, it becomes more difficult to stay engaged. You want to maintain your focus and motivation so that you can continue making steady progress toward completing the activity. You decide to listen to music while carrying on with the activity.",Focus-Motivation,lead_me,group_01_song_a_lead_me,1,Song A,Lead Me,C,3,lead_me_du_d,mix_f1f7973e5bac,assets/audio/study-stimuli/main-study/group_01/song_a_lead_me/du_d.wav,77,True,True,I like D and B,0.7402857811167308,-1.548717422055362,0.3280479404435016,-1.017146833506479,optional_qc_sensitivity_predictor,True,,True,,True,100,"[""D""]",D,True,1,False,4.0
P010,group_01,group_01,P010__trial_01,1,1,FM-1,FM-1,1,FM-1 - Maintaining Engagement During an Activity,FM-1,"You are engaged in an activity that requires sustained mental or physical effort. As you continue, it becomes more difficult to stay engaged. You want to maintain your focus and motivation so that you can continue making steady progress toward completing the activity. You decide to listen to music while carrying on with the activity.",Focus-Motivation,lead_me,group_01_song_a_lead_me,1,Song A,Lead Me,D,4,lead_me_pxl_l1,mix_d5b28dfc8a93,assets/audio/study-stimuli/main-study/group_01/song_a_lead_me/pxl_l1.wav,100,True,True,I like D and B,-0.0024436394808062,-0.3677713699084406,-1.2816942263900757,-0.1924460334762285,optional_qc_sensitivity_predictor,True,,True,,True,100,"[""D""]",D,True,1,True,1.0
P010,group_01,group_01,P010__trial_01,1,1,FM-1,FM-1,1,FM-1 - Maintaining Engagement During an Activity,FM-1,"You are engaged in an activity that requires sustained mental or physical effort. As you continue, it becomes more difficult to stay engaged. You want to maintain your focus and motivation so that you can continue making steady progress toward completing the activity. You decide to listen to music while carrying on with the activity.",Focus-Motivation,lead_me,group_01_song_a_lead_me,1,Song A,Lead Me,E,5,lead_me_mcg_pro2,mix_d3e3580b6e30,assets/audio/study-stimuli/main-study/group_01/song_a_lead_me/mcg_pro2.wav,68,True,True,I like D and B,2.9805308263561203,0.8594252384169624,-0.9263284806752846,0.048773555233824,optional_qc_sensitivity_predictor,True,,True,,True,100,"[""D""]",D,True,1,False,5.0
P010,group_01,group_01,P010__trial_02,2,2,FM-1,FM-1,1,FM-1 - Maintaining Engagement During an Activity,FM-1,"You are engaged in an activity that requires sustained mental or physical effort. As you continue, it becomes more difficult to stay engaged. You want to maintain your focus and motivation so that you can continue making steady progress toward completing the activity. You decide to listen to music while carrying on with the activity.",Focus-Motivation,id_like_to_know,group_01_song_b_id_like_to_know,2,Song B,I'd Like To Know,A,1,id_like_to_know_pxl_s2,mix_6f8b655d7999,assets/audio/study-stimuli/main-study/group_01/song_b_id_like_to_know/pxl_s2.wav,89,True,True,C feels more clear,0.5329997864789321,-1.1874673519330532,-0.7637519766505488,0.5510366380169074,optional_qc_sensitivity_predictor,True,,True,,True,100,"[""C""]",C,True,1,False,2.0
P010,group_01,group_01,P010__trial_02,2,2,FM-1,FM-1,1,FM-1 - Maintaining Engagement During an Activity,FM-1,"You are engaged in an activity that requires sustained mental or physical effort. As you continue, it becomes more difficult to stay engaged. You want to maintain your focus and motivation so that you can continue making steady progress toward completing the activity. You decide to listen to music while carrying on with the activity.",Focus-Motivation,id_like_to_know,group_01_song_b_id_like_to_know,2,Song B,I'd Like To Know,B,2,id_like_to_know_pxl_s3,mix_65f41f41d3ab,assets/audio/study-stimuli/main-study/group_01/song_b_id_like_to_know/pxl_s3.wav,76,True,True,C feels more clear,0.3234844364321996,-1.065060189455143,-1.1651773700507613,-0.0982478955990668,optional_qc_sensitivity_predictor,True,,True,,True,100,"[""C""]",C,True,1,False,3.0
P010,group_01,group_01,P010__trial_02,2,2,FM-1,FM-1,1,FM-1 - Maintaining Engagement During an Activity,FM-1,"You are engaged in an activity that requires sustained mental or physical effort. As you continue, it becomes more difficult to stay engaged. You want to maintain your focus and motivation so that you can continue making steady progress toward completing the activity. You decide to listen to music while carrying on with the activity.",Focus-Motivation,id_like_to_know,group_01_song_b_id_like_to_know,2,Song B,I'd Like To Know,C,3,id_like_to_know_pxl_s1,mix_9ffcd672af17,assets/audio/study-stimuli/main-study/group_01/song_b_id_like_to_know/pxl_s1.wav,100,True,True,C feels more clear,-0.5659114167269081,-0.579304038497624,-0.4851205015292653,1.357247686182373,optional_qc_sensitivity_predictor,True,,True,,True,100,"[""C""]",C,True,1,True,1.0
P010,group_01,group_01,P010__trial_02,2,2,FM-1,FM-1,1,FM-1 - Maintaining Engagement During an Activity,FM-1,"You are engaged in an activity that requires sustained mental or physical effort. As you continue, it becomes more difficult to stay engaged. You want to maintain your focus and motivation so that you can continue making steady progress toward completing the activity. You decide to listen to music while carrying on with the activity.",Focus-Motivation,id_like_to_know,group_01_song_b_id_like_to_know,2,Song B,I'd Like To Know,D,4,id_like_to_know_pxl_s7,mix_b393d3919c78,assets/audio/study-stimuli/main-study/group_01/song_b_id_like_to_know/pxl_s7.wav,63,True,True,C feels more clear,-0.867056238017743,-0.6188407399054331,-0.3229009373128245,-1.0515106991885117,optional_qc_sensitivity_predictor,True,,True,,True,100,"[""C""]",C,True,1,False,4.0
P010,group_01,group_01,P010__trial_02,2,2,FM-1,FM-1,1,FM-1 - Maintaining Engagement During an Activity,FM-1,"You are engaged in an activity that requires sustained mental or physical effort. As you continue, it becomes more difficult to stay engaged. You want to maintain your focus and motivation so that you can continue making steady progress toward completing the activity. You decide to listen to music while carrying on with the activity.",Focus-Motivation,id_like_to_know,group_01_song_b_id_like_to_know,2,Song B,I'd Like To Know,E,5,id_like_to_know_pxl_s5,mix_82d60d7c7fc5,assets/audio/study-stimuli/main-study/group_01/song_b_id_like_to_know/pxl_s5.wav,51,True,True,C feels more clear,-0.3583378408524605,-0.1527662554529231,0.7972705919658362,1.6270752922517937,optional_qc_sensitivity_predictor,True,,True,,True,100,"[""C""]",C,True,1,False,5.0
P010,group_01,group_01,P010__trial_03,3,3,EDR-1,EDR-1,2,EDR-1 - Enjoying Free Time,EDR-1,"You have some free time and no immediate responsibilities that require your attention. You are not feeling tired or worried, but you would like to enjoy your time rather than let it pass uneventfully. You decide to listen to music for entertainment, making your free time more enjoyable.",Enjoyment,id_like_to_know,group_01_song_b_id_like_to_know,1,Song B,I'd Like To Know,A,1,id_like_to_know_pxl_s2,mix_6f8b655d7999,assets/audio/study-stimuli/main-study/group_01/song_b_id_like_to_know/pxl_s2.wav,90,True,True,C feels more clear and natural,0.5329997864789321,-1.1874673519330532,-0.7637519766505488,0.5510366380169074,optional_qc_sensitivity_predictor,True,,True,,True,100,"[""C""]",C,True,1,False,2.0
P010,group_01,group_01,P010__trial_03,3,3,EDR-1,EDR-1,2,EDR-1 - Enjoying Free Time,EDR-1,"You have some free time and no immediate responsibilities that require your attention. You are not feeling tired or worried, but you would like to enjoy your time rather than let it pass uneventfully. You decide to listen to music for entertainment, making your free time more enjoyable.",Enjoyment,id_like_to_know,group_01_song_b_id_like_to_know,1,Song B,I'd Like To Know,B,2,id_like_to_know_pxl_s5,mix_82d60d7c7fc5,assets/audio/study-stimuli/main-study/group_01/song_b_id_like_to_know/pxl_s5.wav,82,True,True,C feels more clear and natural,-0.3583378408524605,-0.1527662554529231,0.7972705919658362,1.6270752922517937,optional_qc_sensitivity_predictor,True,,True,,True,100,"[""C""]",C,True,1,False,3.0
P010,group_01,group_01,P010__trial_03,3,3,EDR-1,EDR-1,2,EDR-1 - Enjoying Free Time,EDR-1,"You have some free time and no immediate responsibilities that require your attention. You are not feeling tired or worried, but you would like to enjoy your time rather than let it pass uneventfully. You decide to listen to music for entertainment, making your free time more enjoyable.",Enjoyment,id_like_to_know,group_01_song_b_id_like_to_know,1,Song B,I'd Like To Know,C,3,id_like_to_know_pxl_s1,mix_9ffcd672af17,assets/audio/study-stimuli/main-study/group_01/song_b_id_like_to_know/pxl_s1.wav,100,True,True,C feels more clear and natural,-0.5659114167269081,-0.579304038497624,-0.4851205015292653,1.357247686182373,optional_qc_sensitivity_predictor,True,,True,,True,100,"[""C""]",C,True,1,True,1.0
P010,group_01,group_01,P010__trial_03,3,3,EDR-1,EDR-1,2,EDR-1 - Enjoying Free Time,EDR-1,"You have some free time and no immediate responsibilities that require your attention. You are not feeling tired or worried, but you would like to enjoy your time rather than let it pass uneventfully. You decide to listen to music for entertainment, making your free time more enjoyable.",Enjoyment,id_like_to_know,group_01_song_b_id_like_to_know,1,Song B,I'd Like To Know,D,4,id_like_to_know_pxl_s3,mix_65f41f41d3ab,assets/audio/study-stimuli/main-study/group_01/song_b_id_like_to_know/pxl_s3.wav,74,True,True,C feels more clear and natural,0.3234844364321996,-1.065060189455143,-1.1651773700507613,-0.0982478955990668,optional_qc_sensitivity_predictor,True,,True,,True,100,"[""C""]",C,True,1,False,4.0
P010,group_01,group_01,P010__trial_03,3,3,EDR-1,EDR-1,2,EDR-1 - Enjoying Free Time,EDR-1,"You have some free time and no immediate responsibilities that require your attention. You are not feeling tired or worried, but you would like to enjoy your time rather than let it pass uneventfully. You decide to listen to music for entertainment, making your free time more enjoyable.",Enjoyment,id_like_to_know,group_01_song_b_id_like_to_know,1,Song B,I'd Like To Know,E,5,id_like_to_know_pxl_s7,mix_b393d3919c78,assets/audio/study-stimuli/main-study/group_01/song_b_id_like_to_know/pxl_s7.wav,67,True,True,C feels more clear and natural,-0.867056238017743,-0.6188407399054331,-0.3229009373128245,-1.0515106991885117,optional_qc_sensitivity_predictor,True,,True,,True,100,"[""C""]",C,True,1,False,5.0
P010,group_01,group_01,P010__trial_04,4,4,EDR-1,EDR-1,2,EDR-1 - Enjoying Free Time,EDR-1,"You have some free time and no immediate responsibilities that require your attention. You are not feeling tired or worried, but you would like to enjoy your time rather than let it pass uneventfully. You decide to listen to music for entertainment, making your free time more enjoyable.",Enjoyment,lead_me,group_01_song_a_lead_me,2,Song A,Lead Me,A,1,lead_me_du_e,mix_271852ba8676,assets/audio/study-stimuli/main-study/group_01/song_a_lead_me/du_e.wav,91,True,True,I like D because it has more bass,-1.0250576971995913,0.5199952869185839,-0.8666083508697964,0.9959336464039888,optional_qc_sensitivity_predictor,True,,True,,True,100,"[""D""]",D,True,1,False,2.0
P010,group_01,group_01,P010__trial_04,4,4,EDR-1,EDR-1,2,EDR-1 - Enjoying Free Time,EDR-1,"You have some free time and no immediate responsibilities that require your attention. You are not feeling tired or worried, but you would like to enjoy your time rather than let it pass uneventfully. You decide to listen to music for entertainment, making your free time more enjoyable.",Enjoyment,lead_me,group_01_song_a_lead_me,2,Song A,Lead Me,B,2,lead_me_du_d,mix_f1f7973e5bac,assets/audio/study-stimuli/main-study/group_01/song_a_lead_me/du_d.wav,64,True,True,I like D because it has more bass,0.7402857811167308,-1.548717422055362,0.3280479404435016,-1.017146833506479,optional_qc_sensitivity_predictor,True,,True,,True,100,"[""D""]",D,True,1,False,4.0
P010,group_01,group_01,P010__trial_04,4,4,EDR-1,EDR-1,2,EDR-1 - Enjoying Free Time,EDR-1,"You have some free time and no immediate responsibilities that require your attention. You are not feeling tired or worried, but you would like to enjoy your time rather than let it pass uneventfully. You decide to listen to music for entertainment, making your free time more enjoyable.",Enjoyment,lead_me,group_01_song_a_lead_me,2,Song A,Lead Me,C,3,lead_me_pxl_l1,mix_d5b28dfc8a93,assets/audio/study-stimuli/main-study/group_01/song_a_lead_me/pxl_l1.wav,44,True,True,I like D because it has more bass,-0.0024436394808062,-0.3677713699084406,-1.2816942263900757,-0.1924460334762285,optional_qc_sensitivity_predictor,True,,True,,True,100,"[""D""]",D,True,1,False,5.0
P010,group_01,group_01,P010__trial_04,4,4,EDR-1,EDR-1,2,EDR-1 - Enjoying Free Time,EDR-1,"You have some free time and no immediate responsibilities that require your attention. You are not feeling tired or worried, but you would like to enjoy your time rather than let it pass uneventfully. You decide to listen to music for entertainment, making your free time more enjoyable.",Enjoyment,lead_me,group_01_song_a_lead_me,2,Song A,Lead Me,D,4,lead_me_pxl_l4,mix_c7d9a071ba25,assets/audio/study-stimuli/main-study/group_01/song_a_lead_me/pxl_l4.wav,100,True,True,I like D because it has more bass,-0.0552007785055364,-0.8412121981784734,0.8321106863211235,2.390299590706203,optional_qc_sensitivity_predictor,True,,True,,True,100,"[""D""]",D,True,1,True,1.0
P010,group_01,group_01,P010__trial_04,4,4,EDR-1,EDR-1,2,EDR-1 - Enjoying Free Time,EDR-1,"You have some free time and no immediate responsibilities that require your attention. You are not feeling tired or worried, but you would like to enjoy your time rather than let it pass uneventfully. You decide to listen to music for entertainment, making your free time more enjoyable.",Enjoyment,lead_me,group_01_song_a_lead_me,2,Song A,Lead Me,E,5,lead_me_mcg_pro2,mix_d3e3580b6e30,assets/audio/study-stimuli/main-study/group_01/song_a_lead_me/mcg_pro2.wav,72,True,True,I like D because it has more bass,2.9805308263561203,0.8594252384169624,-0.9263284806752846,0.048773555233824,optional_qc_sensitivity_predictor,True,,True,,True,100,"[""D""]",D,True,1,False,3.0
P010,group_01,group_01,P010__trial_05,5,5,EDR-2,EDR-2,3,EDR-2 - Unwinding After a Demanding Period,EDR-2,"You have some time for yourself after a demanding period. Although a few everyday concerns are still on your mind, there is nothing that requires your attention right now. You would like to feel calmer and take your mind off these concerns for a while, so you decide to listen to music to help you unwind.",Relaxation-Distraction,lead_me,group_01_song_a_lead_me,1,Song A,Lead Me,A,1,lead_me_pxl_l1,mix_d5b28dfc8a93,assets/audio/study-stimuli/main-study/group_01/song_a_lead_me/pxl_l1.wav,100,True,True,  I liked And C both are good,-0.0024436394808062,-0.3677713699084406,-1.2816942263900757,-0.1924460334762285,optional_qc_sensitivity_predictor,True,,True,,True,100,"[""A"",""C""]",,False,2,True,1.5
P010,group_01,group_01,P010__trial_05,5,5,EDR-2,EDR-2,3,EDR-2 - Unwinding After a Demanding Period,EDR-2,"You have some time for yourself after a demanding period. Although a few everyday concerns are still on your mind, there is nothing that requires your attention right now. You would like to feel calmer and take your mind off these concerns for a while, so you decide to listen to music to help you unwind.",Relaxation-Distraction,lead_me,group_01_song_a_lead_me,1,Song A,Lead Me,B,2,lead_me_mcg_pro2,mix_d3e3580b6e30,assets/audio/study-stimuli/main-study/group_01/song_a_lead_me/mcg_pro2.wav,62,True,True,  I liked And C both are good,2.9805308263561203,0.8594252384169624,-0.9263284806752846,0.048773555233824,optional_qc_sensitivity_predictor,True,,True,,True,100,"[""A"",""C""]",,False,2,False,5.0
P010,group_01,group_01,P010__trial_05,5,5,EDR-2,EDR-2,3,EDR-2 - Unwinding After a Demanding Period,EDR-2,"You have some time for yourself after a demanding period. Although a few everyday concerns are still on your mind, there is nothing that requires your attention right now. You would like to feel calmer and take your mind off these concerns for a while, so you decide to listen to music to help you unwind.",Relaxation-Distraction,lead_me,group_01_song_a_lead_me,1,Song A,Lead Me,C,3,lead_me_pxl_l4,mix_c7d9a071ba25,assets/audio/study-stimuli/main-study/group_01/song_a_lead_me/pxl_l4.wav,100,True,True,  I liked And C both are good,-0.0552007785055364,-0.8412121981784734,0.8321106863211235,2.390299590706203,optional_qc_sensitivity_predictor,True,,True,,True,100,"[""A"",""C""]",,False,2,True,1.5
P010,group_01,group_01,P010__trial_05,5,5,EDR-2,EDR-2,3,EDR-2 - Unwinding After a Demanding Period,EDR-2,"You have some time for yourself after a demanding period. Although a few everyday concerns are still on your mind, there is nothing that requires your attention right now. You would like to feel calmer and take your mind off these concerns for a while, so you decide to listen to music to help you unwind.",Relaxation-Distraction,lead_me,group_01_song_a_lead_me,1,Song A,Lead Me,D,4,lead_me_du_e,mix_271852ba8676,assets/audio/study-stimuli/main-study/group_01/song_a_lead_me/du_e.wav,82,True,True,  I liked And C both are good,-1.0250576971995913,0.5199952869185839,-0.8666083508697964,0.9959336464039888,optional_qc_sensitivity_predictor,True,,True,,True,100,"[""A"",""C""]",,False,2,False,4.0
P010,group_01,group_01,P010__trial_05,5,5,EDR-2,EDR-2,3,EDR-2 - Unwinding After a Demanding Period,EDR-2,"You have some time for yourself after a demanding period. Although a few everyday concerns are still on your mind, there is nothing that requires your attention right now. You would like to feel calmer and take your mind off these concerns for a while, so you decide to listen to music to help you unwind.",Relaxation-Distraction,lead_me,group_01_song_a_lead_me,1,Song A,Lead Me,E,5,lead_me_du_d,mix_f1f7973e5bac,assets/audio/study-stimuli/main-study/group_01/song_a_lead_me/du_d.wav,89,True,True,  I liked And C both are good,0.7402857811167308,-1.548717422055362,0.3280479404435016,-1.017146833506479,optional_qc_sensitivity_predictor,True,,True,,True,100,"[""A"",""C""]",,False,2,False,3.0
P010,group_01,group_01,P010__trial_06,6,6,EDR-2,EDR-2,3,EDR-2 - Unwinding After a Demanding Period,EDR-2,"You have some time for yourself after a demanding period. Although a few everyday concerns are still on your mind, there is nothing that requires your attention right now. You would like to feel calmer and take your mind off these concerns for a while, so you decide to listen to music to help you unwind.",Relaxation-Distraction,id_like_to_know,group_01_song_b_id_like_to_know,2,Song B,I'd Like To Know,A,1,id_like_to_know_pxl_s5,mix_82d60d7c7fc5,assets/audio/study-stimuli/main-study/group_01/song_b_id_like_to_know/pxl_s5.wav,100,True,True,i like all the version all are different but i liked it,-0.3583378408524605,-0.1527662554529231,0.7972705919658362,1.6270752922517937,optional_qc_sensitivity_predictor,True,,True,,True,100,"[""A"",""B"",""C"",""D"",""E""]",,False,5,True,3.0
P010,group_01,group_01,P010__trial_06,6,6,EDR-2,EDR-2,3,EDR-2 - Unwinding After a Demanding Period,EDR-2,"You have some time for yourself after a demanding period. Although a few everyday concerns are still on your mind, there is nothing that requires your attention right now. You would like to feel calmer and take your mind off these concerns for a while, so you decide to listen to music to help you unwind.",Relaxation-Distraction,id_like_to_know,group_01_song_b_id_like_to_know,2,Song B,I'd Like To Know,B,2,id_like_to_know_pxl_s1,mix_9ffcd672af17,assets/audio/study-stimuli/main-study/group_01/song_b_id_like_to_know/pxl_s1.wav,100,True,True,i like all the version all are different but i liked it,-0.5659114167269081,-0.579304038497624,-0.4851205015292653,1.357247686182373,optional_qc_sensitivity_predictor,True,,True,,True,100,"[""A"",""B"",""C"",""D"",""E""]",,False,5,True,3.0
P010,group_01,group_01,P010__trial_06,6,6,EDR-2,EDR-2,3,EDR-2 - Unwinding After a Demanding Period,EDR-2,"You have some time for yourself after a demanding period. Although a few everyday concerns are still on your mind, there is nothing that requires your attention right now. You would like to feel calmer and take your mind off these concerns for a while, so you decide to listen to music to help you unwind.",Relaxation-Distraction,id_like_to_know,group_01_song_b_id_like_to_know,2,Song B,I'd Like To Know,C,3,id_like_to_know_pxl_s2,mix_6f8b655d7999,assets/audio/study-stimuli/main-study/group_01/song_b_id_like_to_know/pxl_s2.wav,100,True,True,i like all the version all are different but i liked it,0.5329997864789321,-1.1874673519330532,-0.7637519766505488,0.5510366380169074,optional_qc_sensitivity_predictor,True,,True,,True,100,"[""A"",""B"",""C"",""D"",""E""]",,False,5,True,3.0
P010,group_01,group_01,P010__trial_06,6,6,EDR-2,EDR-2,3,EDR-2 - Unwinding After a Demanding Period,EDR-2,"You have some time for yourself after a demanding period. Although a few everyday concerns are still on your mind, there is nothing that requires your attention right now. You would like to feel calmer and take your mind off these concerns for a while, so you decide to listen to music to help you unwind.",Relaxation-Distraction,id_like_to_know,group_01_song_b_id_like_to_know,2,Song B,I'd Like To Know,D,4,id_like_to_know_pxl_s7,mix_b393d3919c78,assets/audio/study-stimuli/main-study/group_01/song_b_id_like_to_know/pxl_s7.wav,100,True,True,i like all the version all are different but i liked it,-0.867056238017743,-0.6188407399054331,-0.3229009373128245,-1.0515106991885117,optional_qc_sensitivity_predictor,True,,True,,True,100,"[""A"",""B"",""C"",""D"",""E""]",,False,5,True,3.0
P010,group_01,group_01,P010__trial_06,6,6,EDR-2,EDR-2,3,EDR-2 - Unwinding After a Demanding Period,EDR-2,"You have some time for yourself after a demanding period. Although a few everyday concerns are still on your mind, there is nothing that requires your attention right now. You would like to feel calmer and take your mind off these concerns for a while, so you decide to listen to music to help you unwind.",Relaxation-Distraction,id_like_to_know,group_01_song_b_id_like_to_know,2,Song B,I'd Like To Know,E,5,id_like_to_know_pxl_s3,mix_65f41f41d3ab,assets/audio/study-stimuli/main-study/group_01/song_b_id_like_to_know/pxl_s3.wav,100,True,True,i like all the version all are different but i liked it,0.3234844364321996,-1.065060189455143,-1.1651773700507613,-0.0982478955990668,optional_qc_sensitivity_predictor,True,,True,,True,100,"[""A"",""B"",""C"",""D"",""E""]",,False,5,True,3.0
P011,group_02,group_02,P011__trial_01,1,1,EDR-2,EDR-2,1,EDR-2 - Unwinding After a Demanding Period,EDR-2,"You have some time for yourself after a demanding period. Although a few everyday concerns are still on your mind, there is nothing that requires your attention right now. You would like to feel calmer and take your mind off these concerns for a while, so you decide to listen to music to help you unwind.",Relaxation-Distraction,in_the_meantime,group_02_song_a_in_the_meantime,1,Song A,In The Meantime,A,1,in_the_meantime_qut_b,mix_c7bdcba64775,assets/audio/study-stimuli/main-study/group_02/song_a_in_the_meantime/qut_b.wav,0,True,True,B and C were very good. B topped it because the instrumentals were clearer but bith sound fantastic with the clarity in the vocals. D is a bit duller but still is good hearing the vocals. E is listenable but just lacks any sort of energy in the music and A is by far the worst it sounds very muffled ,-0.6698107538710293,-0.1978340618743536,-1.5468197375217057,0.0908009789400507,optional_qc_sensitivity_predictor,True,,True,,True,97,"[""B""]",B,True,1,False,5.0
P011,group_02,group_02,P011__trial_01,1,1,EDR-2,EDR-2,1,EDR-2 - Unwinding After a Demanding Period,EDR-2,"You have some time for yourself after a demanding period. Although a few everyday concerns are still on your mind, there is nothing that requires your attention right now. You would like to feel calmer and take your mind off these concerns for a while, so you decide to listen to music to help you unwind.",Relaxation-Distraction,in_the_meantime,group_02_song_a_in_the_meantime,1,Song A,In The Meantime,B,2,in_the_meantime_du_i,mix_9baa86357fd4,assets/audio/study-stimuli/main-study/group_02/song_a_in_the_meantime/du_i.wav,97,True,True,B and C were very good. B topped it because the instrumentals were clearer but bith sound fantastic with the clarity in the vocals. D is a bit duller but still is good hearing the vocals. E is listenable but just lacks any sort of energy in the music and A is by far the worst it sounds very muffled ,-1.8990066727669184,1.9187185345499165,0.5415536857115313,-0.721703057329889,optional_qc_sensitivity_predictor,True,,True,,True,97,"[""B""]",B,True,1,True,1.0
P011,group_02,group_02,P011__trial_01,1,1,EDR-2,EDR-2,1,EDR-2 - Unwinding After a Demanding Period,EDR-2,"You have some time for yourself after a demanding period. Although a few everyday concerns are still on your mind, there is nothing that requires your attention right now. You would like to feel calmer and take your mind off these concerns for a while, so you decide to listen to music to help you unwind.",Relaxation-Distraction,in_the_meantime,group_02_song_a_in_the_meantime,1,Song A,In The Meantime,C,3,in_the_meantime_du_h,mix_302f0efe8a80,assets/audio/study-stimuli/main-study/group_02/song_a_in_the_meantime/du_h.wav,90,True,True,B and C were very good. B topped it because the instrumentals were clearer but bith sound fantastic with the clarity in the vocals. D is a bit duller but still is good hearing the vocals. E is listenable but just lacks any sort of energy in the music and A is by far the worst it sounds very muffled ,0.6887214233465396,0.2719152524959843,-0.8693704120952901,0.8234428342152216,optional_qc_sensitivity_predictor,True,,True,,True,97,"[""B""]",B,True,1,False,2.0
P011,group_02,group_02,P011__trial_01,1,1,EDR-2,EDR-2,1,EDR-2 - Unwinding After a Demanding Period,EDR-2,"You have some time for yourself after a demanding period. Although a few everyday concerns are still on your mind, there is nothing that requires your attention right now. You would like to feel calmer and take your mind off these concerns for a while, so you decide to listen to music to help you unwind.",Relaxation-Distraction,in_the_meantime,group_02_song_a_in_the_meantime,1,Song A,In The Meantime,D,4,in_the_meantime_qut_pro,mix_cdaef40f2b94,assets/audio/study-stimuli/main-study/group_02/song_a_in_the_meantime/qut_pro.wav,72,True,True,B and C were very good. B topped it because the instrumentals were clearer but bith sound fantastic with the clarity in the vocals. D is a bit duller but still is good hearing the vocals. E is listenable but just lacks any sort of energy in the music and A is by far the worst it sounds very muffled ,-0.6756280657690176,-1.4346341192827423,1.8511013279434223,-0.7325346788768815,optional_qc_sensitivity_predictor,True,,True,,True,97,"[""B""]",B,True,1,False,3.0
P011,group_02,group_02,P011__trial_01,1,1,EDR-2,EDR-2,1,EDR-2 - Unwinding After a Demanding Period,EDR-2,"You have some time for yourself after a demanding period. Although a few everyday concerns are still on your mind, there is nothing that requires your attention right now. You would like to feel calmer and take your mind off these concerns for a while, so you decide to listen to music to help you unwind.",Relaxation-Distraction,in_the_meantime,group_02_song_a_in_the_meantime,1,Song A,In The Meantime,E,5,in_the_meantime_du_k,mix_56e65a3ce054,assets/audio/study-stimuli/main-study/group_02/song_a_in_the_meantime/du_k.wav,21,True,True,B and C were very good. B topped it because the instrumentals were clearer but bith sound fantastic with the clarity in the vocals. D is a bit duller but still is good hearing the vocals. E is listenable but just lacks any sort of energy in the music and A is by far the worst it sounds very muffled ,-1.1193186569455127,1.7918041562064675,0.9713104079970216,0.4372547184671072,optional_qc_sensitivity_predictor,True,,True,,True,97,"[""B""]",B,True,1,False,4.0
P011,group_02,group_02,P011__trial_02,2,2,EDR-2,EDR-2,1,EDR-2 - Unwinding After a Demanding Period,EDR-2,"You have some time for yourself after a demanding period. Although a few everyday concerns are still on your mind, there is nothing that requires your attention right now. You would like to feel calmer and take your mind off these concerns for a while, so you decide to listen to music to help you unwind.",Relaxation-Distraction,pouring_room,group_02_song_b_pouring_room,2,Song B,Pouring Room,A,1,pouring_room_mcg_v,mix_e08faaf8bbb3,assets/audio/study-stimuli/main-study/group_02/song_b_pouring_room/mcg_v.wav,69,True,True,C was very clear and melodical and vocals and instruments complement each other. A is a little bit stronger on the vocals and lacks the instrumentals. b the vocals sound a bit echoey but very nice. E sounds very echoey and D is just very bad quality ,0.2009523983216312,1.112208706920678,-0.2814967551013548,-0.938440679331238,optional_qc_sensitivity_predictor,True,,True,,True,100,"[""C""]",C,True,1,False,3.0
P011,group_02,group_02,P011__trial_02,2,2,EDR-2,EDR-2,1,EDR-2 - Unwinding After a Demanding Period,EDR-2,"You have some time for yourself after a demanding period. Although a few everyday concerns are still on your mind, there is nothing that requires your attention right now. You would like to feel calmer and take your mind off these concerns for a while, so you decide to listen to music to help you unwind.",Relaxation-Distraction,pouring_room,group_02_song_b_pouring_room,2,Song B,Pouring Room,B,2,pouring_room_mcg_r,mix_0ba76f420c1d,assets/audio/study-stimuli/main-study/group_02/song_b_pouring_room/mcg_r.wav,80,True,True,C was very clear and melodical and vocals and instruments complement each other. A is a little bit stronger on the vocals and lacks the instrumentals. b the vocals sound a bit echoey but very nice. E sounds very echoey and D is just very bad quality ,0.2249858589620197,-0.521538265731174,0.8057256670690561,-1.2630720295337683,optional_qc_sensitivity_predictor,True,,True,,True,100,"[""C""]",C,True,1,False,2.0
P011,group_02,group_02,P011__trial_02,2,2,EDR-2,EDR-2,1,EDR-2 - Unwinding After a Demanding Period,EDR-2,"You have some time for yourself after a demanding period. Although a few everyday concerns are still on your mind, there is nothing that requires your attention right now. You would like to feel calmer and take your mind off these concerns for a while, so you decide to listen to music to help you unwind.",Relaxation-Distraction,pouring_room,group_02_song_b_pouring_room,2,Song B,Pouring Room,C,3,pouring_room_mcg_pro1,mix_132e75f34470,assets/audio/study-stimuli/main-study/group_02/song_b_pouring_room/mcg_pro1.wav,100,True,True,C was very clear and melodical and vocals and instruments complement each other. A is a little bit stronger on the vocals and lacks the instrumentals. b the vocals sound a bit echoey but very nice. E sounds very echoey and D is just very bad quality ,1.177821012274786,0.1366958746221527,-0.3534041622732912,-0.9473754159948484,optional_qc_sensitivity_predictor,True,,True,,True,100,"[""C""]",C,True,1,True,1.0
P011,group_02,group_02,P011__trial_02,2,2,EDR-2,EDR-2,1,EDR-2 - Unwinding After a Demanding Period,EDR-2,"You have some time for yourself after a demanding period. Although a few everyday concerns are still on your mind, there is nothing that requires your attention right now. You would like to feel calmer and take your mind off these concerns for a while, so you decide to listen to music to help you unwind.",Relaxation-Distraction,pouring_room,group_02_song_b_pouring_room,2,Song B,Pouring Room,D,4,pouring_room_mcg_t,mix_be2ccd4c43ff,assets/audio/study-stimuli/main-study/group_02/song_b_pouring_room/mcg_t.wav,0,True,True,C was very clear and melodical and vocals and instruments complement each other. A is a little bit stronger on the vocals and lacks the instrumentals. b the vocals sound a bit echoey but very nice. E sounds very echoey and D is just very bad quality ,-0.0814371595061495,1.1238301932737935,1.926895983278192,-0.8792578396079359,optional_qc_sensitivity_predictor,True,,True,,True,100,"[""C""]",C,True,1,False,5.0
P011,group_02,group_02,P011__trial_02,2,2,EDR-2,EDR-2,1,EDR-2 - Unwinding After a Demanding Period,EDR-2,"You have some time for yourself after a demanding period. Although a few everyday concerns are still on your mind, there is nothing that requires your attention right now. You would like to feel calmer and take your mind off these concerns for a while, so you decide to listen to music to help you unwind.",Relaxation-Distraction,pouring_room,group_02_song_b_pouring_room,2,Song B,Pouring Room,E,5,pouring_room_mcg_x,mix_cbf8555ee2b2,assets/audio/study-stimuli/main-study/group_02/song_b_pouring_room/mcg_x.wav,18,True,True,C was very clear and melodical and vocals and instruments complement each other. A is a little bit stronger on the vocals and lacks the instrumentals. b the vocals sound a bit echoey but very nice. E sounds very echoey and D is just very bad quality ,0.4494273963527286,0.780552768870155,0.8086566197405122,-0.4801297779726206,optional_qc_sensitivity_predictor,True,,True,,True,100,"[""C""]",C,True,1,False,4.0
P011,group_02,group_02,P011__trial_03,3,3,FM-1,FM-1,2,FM-1 - Maintaining Engagement During an Activity,FM-1,"You are engaged in an activity that requires sustained mental or physical effort. As you continue, it becomes more difficult to stay engaged. You want to maintain your focus and motivation so that you can continue making steady progress toward completing the activity. You decide to listen to music while carrying on with the activity.",Focus-Motivation,pouring_room,group_02_song_b_pouring_room,1,Song B,Pouring Room,A,1,pouring_room_mcg_x,mix_cbf8555ee2b2,assets/audio/study-stimuli/main-study/group_02/song_b_pouring_room/mcg_x.wav,100,True,True,"To be honest B,C,D are very similar for me since they feel nice to listen and not distracting. E sounds poor quality. A was the best because it captures everything whilst have this lofi sound",0.4494273963527286,0.780552768870155,0.8086566197405122,-0.4801297779726206,optional_qc_sensitivity_predictor,True,,True,,True,100,"[""A""]",A,True,1,True,1.0
P011,group_02,group_02,P011__trial_03,3,3,FM-1,FM-1,2,FM-1 - Maintaining Engagement During an Activity,FM-1,"You are engaged in an activity that requires sustained mental or physical effort. As you continue, it becomes more difficult to stay engaged. You want to maintain your focus and motivation so that you can continue making steady progress toward completing the activity. You decide to listen to music while carrying on with the activity.",Focus-Motivation,pouring_room,group_02_song_b_pouring_room,1,Song B,Pouring Room,B,2,pouring_room_mcg_v,mix_e08faaf8bbb3,assets/audio/study-stimuli/main-study/group_02/song_b_pouring_room/mcg_v.wav,71,True,True,"To be honest B,C,D are very similar for me since they feel nice to listen and not distracting. E sounds poor quality. A was the best because it captures everything whilst have this lofi sound",0.2009523983216312,1.112208706920678,-0.2814967551013548,-0.938440679331238,optional_qc_sensitivity_predictor,True,,True,,True,100,"[""A""]",A,True,1,False,3.0
P011,group_02,group_02,P011__trial_03,3,3,FM-1,FM-1,2,FM-1 - Maintaining Engagement During an Activity,FM-1,"You are engaged in an activity that requires sustained mental or physical effort. As you continue, it becomes more difficult to stay engaged. You want to maintain your focus and motivation so that you can continue making steady progress toward completing the activity. You decide to listen to music while carrying on with the activity.",Focus-Motivation,pouring_room,group_02_song_b_pouring_room,1,Song B,Pouring Room,C,3,pouring_room_mcg_pro1,mix_132e75f34470,assets/audio/study-stimuli/main-study/group_02/song_b_pouring_room/mcg_pro1.wav,79,True,True,"To be honest B,C,D are very similar for me since they feel nice to listen and not distracting. E sounds poor quality. A was the best because it captures everything whilst have this lofi sound",1.177821012274786,0.1366958746221527,-0.3534041622732912,-0.9473754159948484,optional_qc_sensitivity_predictor,True,,True,,True,100,"[""A""]",A,True,1,False,2.0
P011,group_02,group_02,P011__trial_03,3,3,FM-1,FM-1,2,FM-1 - Maintaining Engagement During an Activity,FM-1,"You are engaged in an activity that requires sustained mental or physical effort. As you continue, it becomes more difficult to stay engaged. You want to maintain your focus and motivation so that you can continue making steady progress toward completing the activity. You decide to listen to music while carrying on with the activity.",Focus-Motivation,pouring_room,group_02_song_b_pouring_room,1,Song B,Pouring Room,D,4,pouring_room_mcg_r,mix_0ba76f420c1d,assets/audio/study-stimuli/main-study/group_02/song_b_pouring_room/mcg_r.wav,63,True,True,"To be honest B,C,D are very similar for me since they feel nice to listen and not distracting. E sounds poor quality. A was the best because it captures everything whilst have this lofi sound",0.2249858589620197,-0.521538265731174,0.8057256670690561,-1.2630720295337683,optional_qc_sensitivity_predictor,True,,True,,True,100,"[""A""]",A,True,1,False,4.0
P011,group_02,group_02,P011__trial_03,3,3,FM-1,FM-1,2,FM-1 - Maintaining Engagement During an Activity,FM-1,"You are engaged in an activity that requires sustained mental or physical effort. As you continue, it becomes more difficult to stay engaged. You want to maintain your focus and motivation so that you can continue making steady progress toward completing the activity. You decide to listen to music while carrying on with the activity.",Focus-Motivation,pouring_room,group_02_song_b_pouring_room,1,Song B,Pouring Room,E,5,pouring_room_mcg_t,mix_be2ccd4c43ff,assets/audio/study-stimuli/main-study/group_02/song_b_pouring_room/mcg_t.wav,6,True,True,"To be honest B,C,D are very similar for me since they feel nice to listen and not distracting. E sounds poor quality. A was the best because it captures everything whilst have this lofi sound",-0.0814371595061495,1.1238301932737935,1.926895983278192,-0.8792578396079359,optional_qc_sensitivity_predictor,True,,True,,True,100,"[""A""]",A,True,1,False,5.0
P011,group_02,group_02,P011__trial_04,4,4,FM-1,FM-1,2,FM-1 - Maintaining Engagement During an Activity,FM-1,"You are engaged in an activity that requires sustained mental or physical effort. As you continue, it becomes more difficult to stay engaged. You want to maintain your focus and motivation so that you can continue making steady progress toward completing the activity. You decide to listen to music while carrying on with the activity.",Focus-Motivation,in_the_meantime,group_02_song_a_in_the_meantime,2,Song A,In The Meantime,A,1,in_the_meantime_du_i,mix_9baa86357fd4,assets/audio/study-stimuli/main-study/group_02/song_a_in_the_meantime/du_i.wav,79,True,True,D was good as it felt like it was sharp but more of a smooth version which didnt feel distracting and more vibey. A and E are similar but A sounds clearer and doesnt sound as loud as E. C is listenable just again lacks the energy and then B just sounds poor quality,-1.8990066727669184,1.9187185345499165,0.5415536857115313,-0.721703057329889,optional_qc_sensitivity_predictor,True,,True,,True,100,"[""D""]",D,True,1,False,2.0
P011,group_02,group_02,P011__trial_04,4,4,FM-1,FM-1,2,FM-1 - Maintaining Engagement During an Activity,FM-1,"You are engaged in an activity that requires sustained mental or physical effort. As you continue, it becomes more difficult to stay engaged. You want to maintain your focus and motivation so that you can continue making steady progress toward completing the activity. You decide to listen to music while carrying on with the activity.",Focus-Motivation,in_the_meantime,group_02_song_a_in_the_meantime,2,Song A,In The Meantime,B,2,in_the_meantime_qut_b,mix_c7bdcba64775,assets/audio/study-stimuli/main-study/group_02/song_a_in_the_meantime/qut_b.wav,0,True,True,D was good as it felt like it was sharp but more of a smooth version which didnt feel distracting and more vibey. A and E are similar but A sounds clearer and doesnt sound as loud as E. C is listenable just again lacks the energy and then B just sounds poor quality,-0.6698107538710293,-0.1978340618743536,-1.5468197375217057,0.0908009789400507,optional_qc_sensitivity_predictor,True,,True,,True,100,"[""D""]",D,True,1,False,5.0
P011,group_02,group_02,P011__trial_04,4,4,FM-1,FM-1,2,FM-1 - Maintaining Engagement During an Activity,FM-1,"You are engaged in an activity that requires sustained mental or physical effort. As you continue, it becomes more difficult to stay engaged. You want to maintain your focus and motivation so that you can continue making steady progress toward completing the activity. You decide to listen to music while carrying on with the activity.",Focus-Motivation,in_the_meantime,group_02_song_a_in_the_meantime,2,Song A,In The Meantime,C,3,in_the_meantime_du_k,mix_56e65a3ce054,assets/audio/study-stimuli/main-study/group_02/song_a_in_the_meantime/du_k.wav,19,True,True,D was good as it felt like it was sharp but more of a smooth version which didnt feel distracting and more vibey. A and E are similar but A sounds clearer and doesnt sound as loud as E. C is listenable just again lacks the energy and then B just sounds poor quality,-1.1193186569455127,1.7918041562064675,0.9713104079970216,0.4372547184671072,optional_qc_sensitivity_predictor,True,,True,,True,100,"[""D""]",D,True,1,False,4.0
P011,group_02,group_02,P011__trial_04,4,4,FM-1,FM-1,2,FM-1 - Maintaining Engagement During an Activity,FM-1,"You are engaged in an activity that requires sustained mental or physical effort. As you continue, it becomes more difficult to stay engaged. You want to maintain your focus and motivation so that you can continue making steady progress toward completing the activity. You decide to listen to music while carrying on with the activity.",Focus-Motivation,in_the_meantime,group_02_song_a_in_the_meantime,2,Song A,In The Meantime,D,4,in_the_meantime_du_h,mix_302f0efe8a80,assets/audio/study-stimuli/main-study/group_02/song_a_in_the_meantime/du_h.wav,100,True,True,D was good as it felt like it was sharp but more of a smooth version which didnt feel distracting and more vibey. A and E are similar but A sounds clearer and doesnt sound as loud as E. C is listenable just again lacks the energy and then B just sounds poor quality,0.6887214233465396,0.2719152524959843,-0.8693704120952901,0.8234428342152216,optional_qc_sensitivity_predictor,True,,True,,True,100,"[""D""]",D,True,1,True,1.0
P011,group_02,group_02,P011__trial_04,4,4,FM-1,FM-1,2,FM-1 - Maintaining Engagement During an Activity,FM-1,"You are engaged in an activity that requires sustained mental or physical effort. As you continue, it becomes more difficult to stay engaged. You want to maintain your focus and motivation so that you can continue making steady progress toward completing the activity. You decide to listen to music while carrying on with the activity.",Focus-Motivation,in_the_meantime,group_02_song_a_in_the_meantime,2,Song A,In The Meantime,E,5,in_the_meantime_qut_pro,mix_cdaef40f2b94,assets/audio/study-stimuli/main-study/group_02/song_a_in_the_meantime/qut_pro.wav,61,True,True,D was good as it felt like it was sharp but more of a smooth version which didnt feel distracting and more vibey. A and E are similar but A sounds clearer and doesnt sound as loud as E. C is listenable just again lacks the energy and then B just sounds poor quality,-0.6756280657690176,-1.4346341192827423,1.8511013279434223,-0.7325346788768815,optional_qc_sensitivity_predictor,True,,True,,True,100,"[""D""]",D,True,1,False,3.0
P011,group_02,group_02,P011__trial_05,5,5,EDR-1,EDR-1,3,EDR-1 - Enjoying Free Time,EDR-1,"You have some free time and no immediate responsibilities that require your attention. You are not feeling tired or worried, but you would like to enjoy your time rather than let it pass uneventfully. You decide to listen to music for entertainment, making your free time more enjoyable.",Enjoyment,in_the_meantime,group_02_song_a_in_the_meantime,1,Song A,In The Meantime,A,1,in_the_meantime_du_k,mix_56e65a3ce054,assets/audio/study-stimuli/main-study/group_02/song_a_in_the_meantime/du_k.wav,0,True,True,"E was by far the top, clear instrumentals. C was next and beat B since it sounder clearer and more melodical. B just sounds quite mellow and doesnt match the music style and then A just sounds even worse ",-1.1193186569455127,1.7918041562064675,0.9713104079970216,0.4372547184671072,optional_qc_sensitivity_predictor,True,,True,,True,100,"[""E""]",E,True,1,False,5.0
P011,group_02,group_02,P011__trial_05,5,5,EDR-1,EDR-1,3,EDR-1 - Enjoying Free Time,EDR-1,"You have some free time and no immediate responsibilities that require your attention. You are not feeling tired or worried, but you would like to enjoy your time rather than let it pass uneventfully. You decide to listen to music for entertainment, making your free time more enjoyable.",Enjoyment,in_the_meantime,group_02_song_a_in_the_meantime,1,Song A,In The Meantime,B,2,in_the_meantime_qut_b,mix_c7bdcba64775,assets/audio/study-stimuli/main-study/group_02/song_a_in_the_meantime/qut_b.wav,16,True,True,"E was by far the top, clear instrumentals. C was next and beat B since it sounder clearer and more melodical. B just sounds quite mellow and doesnt match the music style and then A just sounds even worse ",-0.6698107538710293,-0.1978340618743536,-1.5468197375217057,0.0908009789400507,optional_qc_sensitivity_predictor,True,,True,,True,100,"[""E""]",E,True,1,False,4.0
P011,group_02,group_02,P011__trial_05,5,5,EDR-1,EDR-1,3,EDR-1 - Enjoying Free Time,EDR-1,"You have some free time and no immediate responsibilities that require your attention. You are not feeling tired or worried, but you would like to enjoy your time rather than let it pass uneventfully. You decide to listen to music for entertainment, making your free time more enjoyable.",Enjoyment,in_the_meantime,group_02_song_a_in_the_meantime,1,Song A,In The Meantime,C,3,in_the_meantime_du_h,mix_302f0efe8a80,assets/audio/study-stimuli/main-study/group_02/song_a_in_the_meantime/du_h.wav,76,True,True,"E was by far the top, clear instrumentals. C was next and beat B since it sounder clearer and more melodical. B just sounds quite mellow and doesnt match the music style and then A just sounds even worse ",0.6887214233465396,0.2719152524959843,-0.8693704120952901,0.8234428342152216,optional_qc_sensitivity_predictor,True,,True,,True,100,"[""E""]",E,True,1,False,2.0
P011,group_02,group_02,P011__trial_05,5,5,EDR-1,EDR-1,3,EDR-1 - Enjoying Free Time,EDR-1,"You have some free time and no immediate responsibilities that require your attention. You are not feeling tired or worried, but you would like to enjoy your time rather than let it pass uneventfully. You decide to listen to music for entertainment, making your free time more enjoyable.",Enjoyment,in_the_meantime,group_02_song_a_in_the_meantime,1,Song A,In The Meantime,D,4,in_the_meantime_qut_pro,mix_cdaef40f2b94,assets/audio/study-stimuli/main-study/group_02/song_a_in_the_meantime/qut_pro.wav,55,True,True,"E was by far the top, clear instrumentals. C was next and beat B since it sounder clearer and more melodical. B just sounds quite mellow and doesnt match the music style and then A just sounds even worse ",-0.6756280657690176,-1.4346341192827423,1.8511013279434223,-0.7325346788768815,optional_qc_sensitivity_predictor,True,,True,,True,100,"[""E""]",E,True,1,False,3.0
P011,group_02,group_02,P011__trial_05,5,5,EDR-1,EDR-1,3,EDR-1 - Enjoying Free Time,EDR-1,"You have some free time and no immediate responsibilities that require your attention. You are not feeling tired or worried, but you would like to enjoy your time rather than let it pass uneventfully. You decide to listen to music for entertainment, making your free time more enjoyable.",Enjoyment,in_the_meantime,group_02_song_a_in_the_meantime,1,Song A,In The Meantime,E,5,in_the_meantime_du_i,mix_9baa86357fd4,assets/audio/study-stimuli/main-study/group_02/song_a_in_the_meantime/du_i.wav,100,True,True,"E was by far the top, clear instrumentals. C was next and beat B since it sounder clearer and more melodical. B just sounds quite mellow and doesnt match the music style and then A just sounds even worse ",-1.8990066727669184,1.9187185345499165,0.5415536857115313,-0.721703057329889,optional_qc_sensitivity_predictor,True,,True,,True,100,"[""E""]",E,True,1,True,1.0
P011,group_02,group_02,P011__trial_06,6,6,EDR-1,EDR-1,3,EDR-1 - Enjoying Free Time,EDR-1,"You have some free time and no immediate responsibilities that require your attention. You are not feeling tired or worried, but you would like to enjoy your time rather than let it pass uneventfully. You decide to listen to music for entertainment, making your free time more enjoyable.",Enjoyment,pouring_room,group_02_song_b_pouring_room,2,Song B,Pouring Room,A,1,pouring_room_mcg_pro1,mix_132e75f34470,assets/audio/study-stimuli/main-study/group_02/song_b_pouring_room/mcg_pro1.wav,83,True,True,"D sounds very balanced and clear, A sounds quite flat, E sounds slightly less clear, B is a mixture if A and E, C just feels very mellow and shallow",1.177821012274786,0.1366958746221527,-0.3534041622732912,-0.9473754159948484,optional_qc_sensitivity_predictor,True,,True,,True,100,"[""D""]",D,True,1,False,2.0
P011,group_02,group_02,P011__trial_06,6,6,EDR-1,EDR-1,3,EDR-1 - Enjoying Free Time,EDR-1,"You have some free time and no immediate responsibilities that require your attention. You are not feeling tired or worried, but you would like to enjoy your time rather than let it pass uneventfully. You decide to listen to music for entertainment, making your free time more enjoyable.",Enjoyment,pouring_room,group_02_song_b_pouring_room,2,Song B,Pouring Room,B,2,pouring_room_mcg_x,mix_cbf8555ee2b2,assets/audio/study-stimuli/main-study/group_02/song_b_pouring_room/mcg_x.wav,34,True,True,"D sounds very balanced and clear, A sounds quite flat, E sounds slightly less clear, B is a mixture if A and E, C just feels very mellow and shallow",0.4494273963527286,0.780552768870155,0.8086566197405122,-0.4801297779726206,optional_qc_sensitivity_predictor,True,,True,,True,100,"[""D""]",D,True,1,False,4.0
P011,group_02,group_02,P011__trial_06,6,6,EDR-1,EDR-1,3,EDR-1 - Enjoying Free Time,EDR-1,"You have some free time and no immediate responsibilities that require your attention. You are not feeling tired or worried, but you would like to enjoy your time rather than let it pass uneventfully. You decide to listen to music for entertainment, making your free time more enjoyable.",Enjoyment,pouring_room,group_02_song_b_pouring_room,2,Song B,Pouring Room,C,3,pouring_room_mcg_t,mix_be2ccd4c43ff,assets/audio/study-stimuli/main-study/group_02/song_b_pouring_room/mcg_t.wav,0,True,True,"D sounds very balanced and clear, A sounds quite flat, E sounds slightly less clear, B is a mixture if A and E, C just feels very mellow and shallow",-0.0814371595061495,1.1238301932737935,1.926895983278192,-0.8792578396079359,optional_qc_sensitivity_predictor,True,,True,,True,100,"[""D""]",D,True,1,False,5.0
P011,group_02,group_02,P011__trial_06,6,6,EDR-1,EDR-1,3,EDR-1 - Enjoying Free Time,EDR-1,"You have some free time and no immediate responsibilities that require your attention. You are not feeling tired or worried, but you would like to enjoy your time rather than let it pass uneventfully. You decide to listen to music for entertainment, making your free time more enjoyable.",Enjoyment,pouring_room,group_02_song_b_pouring_room,2,Song B,Pouring Room,D,4,pouring_room_mcg_v,mix_e08faaf8bbb3,assets/audio/study-stimuli/main-study/group_02/song_b_pouring_room/mcg_v.wav,100,True,True,"D sounds very balanced and clear, A sounds quite flat, E sounds slightly less clear, B is a mixture if A and E, C just feels very mellow and shallow",0.2009523983216312,1.112208706920678,-0.2814967551013548,-0.938440679331238,optional_qc_sensitivity_predictor,True,,True,,True,100,"[""D""]",D,True,1,True,1.0
P011,group_02,group_02,P011__trial_06,6,6,EDR-1,EDR-1,3,EDR-1 - Enjoying Free Time,EDR-1,"You have some free time and no immediate responsibilities that require your attention. You are not feeling tired or worried, but you would like to enjoy your time rather than let it pass uneventfully. You decide to listen to music for entertainment, making your free time more enjoyable.",Enjoyment,pouring_room,group_02_song_b_pouring_room,2,Song B,Pouring Room,E,5,pouring_room_mcg_r,mix_0ba76f420c1d,assets/audio/study-stimuli/main-study/group_02/song_b_pouring_room/mcg_r.wav,64,True,True,"D sounds very balanced and clear, A sounds quite flat, E sounds slightly less clear, B is a mixture if A and E, C just feels very mellow and shallow",0.2249858589620197,-0.521538265731174,0.8057256670690561,-1.2630720295337683,optional_qc_sensitivity_predictor,True,,True,,True,100,"[""D""]",D,True,1,False,3.0
P012,group_01,group_01,P012__trial_01,1,1,EDR-1,EDR-1,1,EDR-1 - Enjoying Free Time,EDR-1,"You have some free time and no immediate responsibilities that require your attention. You are not feeling tired or worried, but you would like to enjoy your time rather than let it pass uneventfully. You decide to listen to music for entertainment, making your free time more enjoyable.",Enjoyment,lead_me,group_01_song_a_lead_me,1,Song A,Lead Me,A,1,lead_me_du_d,mix_f1f7973e5bac,assets/audio/study-stimuli/main-study/group_01/song_a_lead_me/du_d.wav,72,True,True,Some are better than others,0.7402857811167308,-1.548717422055362,0.3280479404435016,-1.017146833506479,optional_qc_sensitivity_predictor,True,,True,,True,100,"[""D""]",D,True,1,False,2.0
P012,group_01,group_01,P012__trial_01,1,1,EDR-1,EDR-1,1,EDR-1 - Enjoying Free Time,EDR-1,"You have some free time and no immediate responsibilities that require your attention. You are not feeling tired or worried, but you would like to enjoy your time rather than let it pass uneventfully. You decide to listen to music for entertainment, making your free time more enjoyable.",Enjoyment,lead_me,group_01_song_a_lead_me,1,Song A,Lead Me,B,2,lead_me_du_e,mix_271852ba8676,assets/audio/study-stimuli/main-study/group_01/song_a_lead_me/du_e.wav,63,True,True,Some are better than others,-1.0250576971995913,0.5199952869185839,-0.8666083508697964,0.9959336464039888,optional_qc_sensitivity_predictor,True,,True,,True,100,"[""D""]",D,True,1,False,3.0
P012,group_01,group_01,P012__trial_01,1,1,EDR-1,EDR-1,1,EDR-1 - Enjoying Free Time,EDR-1,"You have some free time and no immediate responsibilities that require your attention. You are not feeling tired or worried, but you would like to enjoy your time rather than let it pass uneventfully. You decide to listen to music for entertainment, making your free time more enjoyable.",Enjoyment,lead_me,group_01_song_a_lead_me,1,Song A,Lead Me,C,3,lead_me_pxl_l4,mix_c7d9a071ba25,assets/audio/study-stimuli/main-study/group_01/song_a_lead_me/pxl_l4.wav,0,True,True,Some are better than others,-0.0552007785055364,-0.8412121981784734,0.8321106863211235,2.390299590706203,optional_qc_sensitivity_predictor,True,,True,,True,100,"[""D""]",D,True,1,False,5.0
P012,group_01,group_01,P012__trial_01,1,1,EDR-1,EDR-1,1,EDR-1 - Enjoying Free Time,EDR-1,"You have some free time and no immediate responsibilities that require your attention. You are not feeling tired or worried, but you would like to enjoy your time rather than let it pass uneventfully. You decide to listen to music for entertainment, making your free time more enjoyable.",Enjoyment,lead_me,group_01_song_a_lead_me,1,Song A,Lead Me,D,4,lead_me_pxl_l1,mix_d5b28dfc8a93,assets/audio/study-stimuli/main-study/group_01/song_a_lead_me/pxl_l1.wav,100,True,True,Some are better than others,-0.0024436394808062,-0.3677713699084406,-1.2816942263900757,-0.1924460334762285,optional_qc_sensitivity_predictor,True,,True,,True,100,"[""D""]",D,True,1,True,1.0
P012,group_01,group_01,P012__trial_01,1,1,EDR-1,EDR-1,1,EDR-1 - Enjoying Free Time,EDR-1,"You have some free time and no immediate responsibilities that require your attention. You are not feeling tired or worried, but you would like to enjoy your time rather than let it pass uneventfully. You decide to listen to music for entertainment, making your free time more enjoyable.",Enjoyment,lead_me,group_01_song_a_lead_me,1,Song A,Lead Me,E,5,lead_me_mcg_pro2,mix_d3e3580b6e30,assets/audio/study-stimuli/main-study/group_01/song_a_lead_me/mcg_pro2.wav,12,True,True,Some are better than others,2.9805308263561203,0.8594252384169624,-0.9263284806752846,0.048773555233824,optional_qc_sensitivity_predictor,True,,True,,True,100,"[""D""]",D,True,1,False,4.0
P012,group_01,group_01,P012__trial_02,2,2,EDR-1,EDR-1,1,EDR-1 - Enjoying Free Time,EDR-1,"You have some free time and no immediate responsibilities that require your attention. You are not feeling tired or worried, but you would like to enjoy your time rather than let it pass uneventfully. You decide to listen to music for entertainment, making your free time more enjoyable.",Enjoyment,id_like_to_know,group_01_song_b_id_like_to_know,2,Song B,I'd Like To Know,A,1,id_like_to_know_pxl_s3,mix_65f41f41d3ab,assets/audio/study-stimuli/main-study/group_01/song_b_id_like_to_know/pxl_s3.wav,0,True,True,hate them all,0.3234844364321996,-1.065060189455143,-1.1651773700507613,-0.0982478955990668,optional_qc_sensitivity_predictor,True,,True,,True,6,"[""D""]",D,True,1,False,4.5
P012,group_01,group_01,P012__trial_02,2,2,EDR-1,EDR-1,1,EDR-1 - Enjoying Free Time,EDR-1,"You have some free time and no immediate responsibilities that require your attention. You are not feeling tired or worried, but you would like to enjoy your time rather than let it pass uneventfully. You decide to listen to music for entertainment, making your free time more enjoyable.",Enjoyment,id_like_to_know,group_01_song_b_id_like_to_know,2,Song B,I'd Like To Know,B,2,id_like_to_know_pxl_s2,mix_6f8b655d7999,assets/audio/study-stimuli/main-study/group_01/song_b_id_like_to_know/pxl_s2.wav,1,True,True,hate them all,0.5329997864789321,-1.1874673519330532,-0.7637519766505488,0.5510366380169074,optional_qc_sensitivity_predictor,True,,True,,True,6,"[""D""]",D,True,1,False,3.0
P012,group_01,group_01,P012__trial_02,2,2,EDR-1,EDR-1,1,EDR-1 - Enjoying Free Time,EDR-1,"You have some free time and no immediate responsibilities that require your attention. You are not feeling tired or worried, but you would like to enjoy your time rather than let it pass uneventfully. You decide to listen to music for entertainment, making your free time more enjoyable.",Enjoyment,id_like_to_know,group_01_song_b_id_like_to_know,2,Song B,I'd Like To Know,C,3,id_like_to_know_pxl_s5,mix_82d60d7c7fc5,assets/audio/study-stimuli/main-study/group_01/song_b_id_like_to_know/pxl_s5.wav,2,True,True,hate them all,-0.3583378408524605,-0.1527662554529231,0.7972705919658362,1.6270752922517937,optional_qc_sensitivity_predictor,True,,True,,True,6,"[""D""]",D,True,1,False,2.0
P012,group_01,group_01,P012__trial_02,2,2,EDR-1,EDR-1,1,EDR-1 - Enjoying Free Time,EDR-1,"You have some free time and no immediate responsibilities that require your attention. You are not feeling tired or worried, but you would like to enjoy your time rather than let it pass uneventfully. You decide to listen to music for entertainment, making your free time more enjoyable.",Enjoyment,id_like_to_know,group_01_song_b_id_like_to_know,2,Song B,I'd Like To Know,D,4,id_like_to_know_pxl_s1,mix_9ffcd672af17,assets/audio/study-stimuli/main-study/group_01/song_b_id_like_to_know/pxl_s1.wav,6,True,True,hate them all,-0.5659114167269081,-0.579304038497624,-0.4851205015292653,1.357247686182373,optional_qc_sensitivity_predictor,True,,True,,True,6,"[""D""]",D,True,1,True,1.0
P012,group_01,group_01,P012__trial_02,2,2,EDR-1,EDR-1,1,EDR-1 - Enjoying Free Time,EDR-1,"You have some free time and no immediate responsibilities that require your attention. You are not feeling tired or worried, but you would like to enjoy your time rather than let it pass uneventfully. You decide to listen to music for entertainment, making your free time more enjoyable.",Enjoyment,id_like_to_know,group_01_song_b_id_like_to_know,2,Song B,I'd Like To Know,E,5,id_like_to_know_pxl_s7,mix_b393d3919c78,assets/audio/study-stimuli/main-study/group_01/song_b_id_like_to_know/pxl_s7.wav,0,True,True,hate them all,-0.867056238017743,-0.6188407399054331,-0.3229009373128245,-1.0515106991885117,optional_qc_sensitivity_predictor,True,,True,,True,6,"[""D""]",D,True,1,False,4.5
P012,group_01,group_01,P012__trial_03,3,3,EDR-2,EDR-2,2,EDR-2 - Unwinding After a Demanding Period,EDR-2,"You have some time for yourself after a demanding period. Although a few everyday concerns are still on your mind, there is nothing that requires your attention right now. You would like to feel calmer and take your mind off these concerns for a while, so you decide to listen to music to help you unwind.",Relaxation-Distraction,lead_me,group_01_song_a_lead_me,1,Song A,Lead Me,A,1,lead_me_du_d,mix_f1f7973e5bac,assets/audio/study-stimuli/main-study/group_01/song_a_lead_me/du_d.wav,0,True,True,yucky,0.7402857811167308,-1.548717422055362,0.3280479404435016,-1.017146833506479,optional_qc_sensitivity_predictor,True,,True,,True,4,"[""B""]",B,True,1,False,4.0
P012,group_01,group_01,P012__trial_03,3,3,EDR-2,EDR-2,2,EDR-2 - Unwinding After a Demanding Period,EDR-2,"You have some time for yourself after a demanding period. Although a few everyday concerns are still on your mind, there is nothing that requires your attention right now. You would like to feel calmer and take your mind off these concerns for a while, so you decide to listen to music to help you unwind.",Relaxation-Distraction,lead_me,group_01_song_a_lead_me,1,Song A,Lead Me,B,2,lead_me_mcg_pro2,mix_d3e3580b6e30,assets/audio/study-stimuli/main-study/group_01/song_a_lead_me/mcg_pro2.wav,4,True,True,yucky,2.9805308263561203,0.8594252384169624,-0.9263284806752846,0.048773555233824,optional_qc_sensitivity_predictor,True,,True,,True,4,"[""B""]",B,True,1,True,1.0
P012,group_01,group_01,P012__trial_03,3,3,EDR-2,EDR-2,2,EDR-2 - Unwinding After a Demanding Period,EDR-2,"You have some time for yourself after a demanding period. Although a few everyday concerns are still on your mind, there is nothing that requires your attention right now. You would like to feel calmer and take your mind off these concerns for a while, so you decide to listen to music to help you unwind.",Relaxation-Distraction,lead_me,group_01_song_a_lead_me,1,Song A,Lead Me,C,3,lead_me_pxl_l1,mix_d5b28dfc8a93,assets/audio/study-stimuli/main-study/group_01/song_a_lead_me/pxl_l1.wav,3,True,True,yucky,-0.0024436394808062,-0.3677713699084406,-1.2816942263900757,-0.1924460334762285,optional_qc_sensitivity_predictor,True,,True,,True,4,"[""B""]",B,True,1,False,2.0
P012,group_01,group_01,P012__trial_03,3,3,EDR-2,EDR-2,2,EDR-2 - Unwinding After a Demanding Period,EDR-2,"You have some time for yourself after a demanding period. Although a few everyday concerns are still on your mind, there is nothing that requires your attention right now. You would like to feel calmer and take your mind off these concerns for a while, so you decide to listen to music to help you unwind.",Relaxation-Distraction,lead_me,group_01_song_a_lead_me,1,Song A,Lead Me,D,4,lead_me_pxl_l4,mix_c7d9a071ba25,assets/audio/study-stimuli/main-study/group_01/song_a_lead_me/pxl_l4.wav,0,True,True,yucky,-0.0552007785055364,-0.8412121981784734,0.8321106863211235,2.390299590706203,optional_qc_sensitivity_predictor,True,,True,,True,4,"[""B""]",B,True,1,False,4.0
P012,group_01,group_01,P012__trial_03,3,3,EDR-2,EDR-2,2,EDR-2 - Unwinding After a Demanding Period,EDR-2,"You have some time for yourself after a demanding period. Although a few everyday concerns are still on your mind, there is nothing that requires your attention right now. You would like to feel calmer and take your mind off these concerns for a while, so you decide to listen to music to help you unwind.",Relaxation-Distraction,lead_me,group_01_song_a_lead_me,1,Song A,Lead Me,E,5,lead_me_du_e,mix_271852ba8676,assets/audio/study-stimuli/main-study/group_01/song_a_lead_me/du_e.wav,0,True,True,yucky,-1.0250576971995913,0.5199952869185839,-0.8666083508697964,0.9959336464039888,optional_qc_sensitivity_predictor,True,,True,,True,4,"[""B""]",B,True,1,False,4.0
P012,group_01,group_01,P012__trial_04,4,4,EDR-2,EDR-2,2,EDR-2 - Unwinding After a Demanding Period,EDR-2,"You have some time for yourself after a demanding period. Although a few everyday concerns are still on your mind, there is nothing that requires your attention right now. You would like to feel calmer and take your mind off these concerns for a while, so you decide to listen to music to help you unwind.",Relaxation-Distraction,id_like_to_know,group_01_song_b_id_like_to_know,2,Song B,I'd Like To Know,A,1,id_like_to_know_pxl_s1,mix_9ffcd672af17,assets/audio/study-stimuli/main-study/group_01/song_b_id_like_to_know/pxl_s1.wav,5,True,True,I hate them all,-0.5659114167269081,-0.579304038497624,-0.4851205015292653,1.357247686182373,optional_qc_sensitivity_predictor,True,,True,,True,9,"[""C"",""E""]",,False,2,False,5.0
P012,group_01,group_01,P012__trial_04,4,4,EDR-2,EDR-2,2,EDR-2 - Unwinding After a Demanding Period,EDR-2,"You have some time for yourself after a demanding period. Although a few everyday concerns are still on your mind, there is nothing that requires your attention right now. You would like to feel calmer and take your mind off these concerns for a while, so you decide to listen to music to help you unwind.",Relaxation-Distraction,id_like_to_know,group_01_song_b_id_like_to_know,2,Song B,I'd Like To Know,B,2,id_like_to_know_pxl_s5,mix_82d60d7c7fc5,assets/audio/study-stimuli/main-study/group_01/song_b_id_like_to_know/pxl_s5.wav,8,True,True,I hate them all,-0.3583378408524605,-0.1527662554529231,0.7972705919658362,1.6270752922517937,optional_qc_sensitivity_predictor,True,,True,,True,9,"[""C"",""E""]",,False,2,False,3.5
P012,group_01,group_01,P012__trial_04,4,4,EDR-2,EDR-2,2,EDR-2 - Unwinding After a Demanding Period,EDR-2,"You have some time for yourself after a demanding period. Although a few everyday concerns are still on your mind, there is nothing that requires your attention right now. You would like to feel calmer and take your mind off these concerns for a while, so you decide to listen to music to help you unwind.",Relaxation-Distraction,id_like_to_know,group_01_song_b_id_like_to_know,2,Song B,I'd Like To Know,C,3,id_like_to_know_pxl_s2,mix_6f8b655d7999,assets/audio/study-stimuli/main-study/group_01/song_b_id_like_to_know/pxl_s2.wav,9,True,True,I hate them all,0.5329997864789321,-1.1874673519330532,-0.7637519766505488,0.5510366380169074,optional_qc_sensitivity_predictor,True,,True,,True,9,"[""C"",""E""]",,False,2,True,1.5
P012,group_01,group_01,P012__trial_04,4,4,EDR-2,EDR-2,2,EDR-2 - Unwinding After a Demanding Period,EDR-2,"You have some time for yourself after a demanding period. Although a few everyday concerns are still on your mind, there is nothing that requires your attention right now. You would like to feel calmer and take your mind off these concerns for a while, so you decide to listen to music to help you unwind.",Relaxation-Distraction,id_like_to_know,group_01_song_b_id_like_to_know,2,Song B,I'd Like To Know,D,4,id_like_to_know_pxl_s3,mix_65f41f41d3ab,assets/audio/study-stimuli/main-study/group_01/song_b_id_like_to_know/pxl_s3.wav,8,True,True,I hate them all,0.3234844364321996,-1.065060189455143,-1.1651773700507613,-0.0982478955990668,optional_qc_sensitivity_predictor,True,,True,,True,9,"[""C"",""E""]",,False,2,False,3.5
P012,group_01,group_01,P012__trial_04,4,4,EDR-2,EDR-2,2,EDR-2 - Unwinding After a Demanding Period,EDR-2,"You have some time for yourself after a demanding period. Although a few everyday concerns are still on your mind, there is nothing that requires your attention right now. You would like to feel calmer and take your mind off these concerns for a while, so you decide to listen to music to help you unwind.",Relaxation-Distraction,id_like_to_know,group_01_song_b_id_like_to_know,2,Song B,I'd Like To Know,E,5,id_like_to_know_pxl_s7,mix_b393d3919c78,assets/audio/study-stimuli/main-study/group_01/song_b_id_like_to_know/pxl_s7.wav,9,True,True,I hate them all,-0.867056238017743,-0.6188407399054331,-0.3229009373128245,-1.0515106991885117,optional_qc_sensitivity_predictor,True,,True,,True,9,"[""C"",""E""]",,False,2,True,1.5
P012,group_01,group_01,P012__trial_05,5,5,FM-1,FM-1,3,FM-1 - Maintaining Engagement During an Activity,FM-1,"You are engaged in an activity that requires sustained mental or physical effort. As you continue, it becomes more difficult to stay engaged. You want to maintain your focus and motivation so that you can continue making steady progress toward completing the activity. You decide to listen to music while carrying on with the activity.",Focus-Motivation,id_like_to_know,group_01_song_b_id_like_to_know,1,Song B,I'd Like To Know,A,1,id_like_to_know_pxl_s5,mix_82d60d7c7fc5,assets/audio/study-stimuli/main-study/group_01/song_b_id_like_to_know/pxl_s5.wav,0,True,True,I want a piece of music that is calmer.,-0.3583378408524605,-0.1527662554529231,0.7972705919658362,1.6270752922517937,optional_qc_sensitivity_predictor,True,,True,,True,0,"[""A"",""B"",""C"",""D"",""E""]",,False,5,True,3.0
P012,group_01,group_01,P012__trial_05,5,5,FM-1,FM-1,3,FM-1 - Maintaining Engagement During an Activity,FM-1,"You are engaged in an activity that requires sustained mental or physical effort. As you continue, it becomes more difficult to stay engaged. You want to maintain your focus and motivation so that you can continue making steady progress toward completing the activity. You decide to listen to music while carrying on with the activity.",Focus-Motivation,id_like_to_know,group_01_song_b_id_like_to_know,1,Song B,I'd Like To Know,B,2,id_like_to_know_pxl_s3,mix_65f41f41d3ab,assets/audio/study-stimuli/main-study/group_01/song_b_id_like_to_know/pxl_s3.wav,0,True,True,I want a piece of music that is calmer.,0.3234844364321996,-1.065060189455143,-1.1651773700507613,-0.0982478955990668,optional_qc_sensitivity_predictor,True,,True,,True,0,"[""A"",""B"",""C"",""D"",""E""]",,False,5,True,3.0
P012,group_01,group_01,P012__trial_05,5,5,FM-1,FM-1,3,FM-1 - Maintaining Engagement During an Activity,FM-1,"You are engaged in an activity that requires sustained mental or physical effort. As you continue, it becomes more difficult to stay engaged. You want to maintain your focus and motivation so that you can continue making steady progress toward completing the activity. You decide to listen to music while carrying on with the activity.",Focus-Motivation,id_like_to_know,group_01_song_b_id_like_to_know,1,Song B,I'd Like To Know,C,3,id_like_to_know_pxl_s7,mix_b393d3919c78,assets/audio/study-stimuli/main-study/group_01/song_b_id_like_to_know/pxl_s7.wav,0,True,True,I want a piece of music that is calmer.,-0.867056238017743,-0.6188407399054331,-0.3229009373128245,-1.0515106991885117,optional_qc_sensitivity_predictor,True,,True,,True,0,"[""A"",""B"",""C"",""D"",""E""]",,False,5,True,3.0
P012,group_01,group_01,P012__trial_05,5,5,FM-1,FM-1,3,FM-1 - Maintaining Engagement During an Activity,FM-1,"You are engaged in an activity that requires sustained mental or physical effort. As you continue, it becomes more difficult to stay engaged. You want to maintain your focus and motivation so that you can continue making steady progress toward completing the activity. You decide to listen to music while carrying on with the activity.",Focus-Motivation,id_like_to_know,group_01_song_b_id_like_to_know,1,Song B,I'd Like To Know,D,4,id_like_to_know_pxl_s1,mix_9ffcd672af17,assets/audio/study-stimuli/main-study/group_01/song_b_id_like_to_know/pxl_s1.wav,0,True,True,I want a piece of music that is calmer.,-0.5659114167269081,-0.579304038497624,-0.4851205015292653,1.357247686182373,optional_qc_sensitivity_predictor,True,,True,,True,0,"[""A"",""B"",""C"",""D"",""E""]",,False,5,True,3.0
P012,group_01,group_01,P012__trial_05,5,5,FM-1,FM-1,3,FM-1 - Maintaining Engagement During an Activity,FM-1,"You are engaged in an activity that requires sustained mental or physical effort. As you continue, it becomes more difficult to stay engaged. You want to maintain your focus and motivation so that you can continue making steady progress toward completing the activity. You decide to listen to music while carrying on with the activity.",Focus-Motivation,id_like_to_know,group_01_song_b_id_like_to_know,1,Song B,I'd Like To Know,E,5,id_like_to_know_pxl_s2,mix_6f8b655d7999,assets/audio/study-stimuli/main-study/group_01/song_b_id_like_to_know/pxl_s2.wav,0,True,True,I want a piece of music that is calmer.,0.5329997864789321,-1.1874673519330532,-0.7637519766505488,0.5510366380169074,optional_qc_sensitivity_predictor,True,,True,,True,0,"[""A"",""B"",""C"",""D"",""E""]",,False,5,True,3.0
P012,group_01,group_01,P012__trial_06,6,6,FM-1,FM-1,3,FM-1 - Maintaining Engagement During an Activity,FM-1,"You are engaged in an activity that requires sustained mental or physical effort. As you continue, it becomes more difficult to stay engaged. You want to maintain your focus and motivation so that you can continue making steady progress toward completing the activity. You decide to listen to music while carrying on with the activity.",Focus-Motivation,lead_me,group_01_song_a_lead_me,2,Song A,Lead Me,A,1,lead_me_pxl_l1,mix_d5b28dfc8a93,assets/audio/study-stimuli/main-study/group_01/song_a_lead_me/pxl_l1.wav,0,True,True,some are better than others.,-0.0024436394808062,-0.3677713699084406,-1.2816942263900757,-0.1924460334762285,optional_qc_sensitivity_predictor,True,,True,,True,82,"[""D""]",D,True,1,False,4.5
P012,group_01,group_01,P012__trial_06,6,6,FM-1,FM-1,3,FM-1 - Maintaining Engagement During an Activity,FM-1,"You are engaged in an activity that requires sustained mental or physical effort. As you continue, it becomes more difficult to stay engaged. You want to maintain your focus and motivation so that you can continue making steady progress toward completing the activity. You decide to listen to music while carrying on with the activity.",Focus-Motivation,lead_me,group_01_song_a_lead_me,2,Song A,Lead Me,B,2,lead_me_mcg_pro2,mix_d3e3580b6e30,assets/audio/study-stimuli/main-study/group_01/song_a_lead_me/mcg_pro2.wav,0,True,True,some are better than others.,2.9805308263561203,0.8594252384169624,-0.9263284806752846,0.048773555233824,optional_qc_sensitivity_predictor,True,,True,,True,82,"[""D""]",D,True,1,False,4.5
P012,group_01,group_01,P012__trial_06,6,6,FM-1,FM-1,3,FM-1 - Maintaining Engagement During an Activity,FM-1,"You are engaged in an activity that requires sustained mental or physical effort. As you continue, it becomes more difficult to stay engaged. You want to maintain your focus and motivation so that you can continue making steady progress toward completing the activity. You decide to listen to music while carrying on with the activity.",Focus-Motivation,lead_me,group_01_song_a_lead_me,2,Song A,Lead Me,C,3,lead_me_pxl_l4,mix_c7d9a071ba25,assets/audio/study-stimuli/main-study/group_01/song_a_lead_me/pxl_l4.wav,74,True,True,some are better than others.,-0.0552007785055364,-0.8412121981784734,0.8321106863211235,2.390299590706203,optional_qc_sensitivity_predictor,True,,True,,True,82,"[""D""]",D,True,1,False,2.0
P012,group_01,group_01,P012__trial_06,6,6,FM-1,FM-1,3,FM-1 - Maintaining Engagement During an Activity,FM-1,"You are engaged in an activity that requires sustained mental or physical effort. As you continue, it becomes more difficult to stay engaged. You want to maintain your focus and motivation so that you can continue making steady progress toward completing the activity. You decide to listen to music while carrying on with the activity.",Focus-Motivation,lead_me,group_01_song_a_lead_me,2,Song A,Lead Me,D,4,lead_me_du_d,mix_f1f7973e5bac,assets/audio/study-stimuli/main-study/group_01/song_a_lead_me/du_d.wav,82,True,True,some are better than others.,0.7402857811167308,-1.548717422055362,0.3280479404435016,-1.017146833506479,optional_qc_sensitivity_predictor,True,,True,,True,82,"[""D""]",D,True,1,True,1.0
P012,group_01,group_01,P012__trial_06,6,6,FM-1,FM-1,3,FM-1 - Maintaining Engagement During an Activity,FM-1,"You are engaged in an activity that requires sustained mental or physical effort. As you continue, it becomes more difficult to stay engaged. You want to maintain your focus and motivation so that you can continue making steady progress toward completing the activity. You decide to listen to music while carrying on with the activity.",Focus-Motivation,lead_me,group_01_song_a_lead_me,2,Song A,Lead Me,E,5,lead_me_du_e,mix_271852ba8676,assets/audio/study-stimuli/main-study/group_01/song_a_lead_me/du_e.wav,2,True,True,some are better than others.,-1.0250576971995913,0.5199952869185839,-0.8666083508697964,0.9959336464039888,optional_qc_sensitivity_predictor,True,,True,,True,82,"[""D""]",D,True,1,False,3.0
P013,group_02,group_02,P013__trial_01,1,1,EDR-1,EDR-1,1,EDR-1 - Enjoying Free Time,EDR-1,"You have some free time and no immediate responsibilities that require your attention. You are not feeling tired or worried, but you would like to enjoy your time rather than let it pass uneventfully. You decide to listen to music for entertainment, making your free time more enjoyable.",Enjoyment,in_the_meantime,group_02_song_a_in_the_meantime,1,Song A,In The Meantime,A,1,in_the_meantime_qut_b,mix_c7bdcba64775,assets/audio/study-stimuli/main-study/group_02/song_a_in_the_meantime/qut_b.wav,91,True,True,"I think C is the most balanced one, and it reminds me of some very good live-session recordings.
I rated E and D according to the same criteria.
I think A and B both have a rough, rugged quality, and I think B is too off for me so I rated B as “poor.” However, I still rated  A  as 'good ' because this specific track reminded me of some cool underground gigs in rougher, less polished venues.",-0.6698107538710293,-0.1978340618743536,-1.5468197375217057,0.0908009789400507,optional_qc_sensitivity_predictor,True,,True,,True,100,"[""C""]",C,True,1,False,2.0
P013,group_02,group_02,P013__trial_01,1,1,EDR-1,EDR-1,1,EDR-1 - Enjoying Free Time,EDR-1,"You have some free time and no immediate responsibilities that require your attention. You are not feeling tired or worried, but you would like to enjoy your time rather than let it pass uneventfully. You decide to listen to music for entertainment, making your free time more enjoyable.",Enjoyment,in_the_meantime,group_02_song_a_in_the_meantime,1,Song A,In The Meantime,B,2,in_the_meantime_du_k,mix_56e65a3ce054,assets/audio/study-stimuli/main-study/group_02/song_a_in_the_meantime/du_k.wav,25,True,True,"I think C is the most balanced one, and it reminds me of some very good live-session recordings.
I rated E and D according to the same criteria.
I think A and B both have a rough, rugged quality, and I think B is too off for me so I rated B as “poor.” However, I still rated  A  as 'good ' because this specific track reminded me of some cool underground gigs in rougher, less polished venues.",-1.1193186569455127,1.7918041562064675,0.9713104079970216,0.4372547184671072,optional_qc_sensitivity_predictor,True,,True,,True,100,"[""C""]",C,True,1,False,5.0
P013,group_02,group_02,P013__trial_01,1,1,EDR-1,EDR-1,1,EDR-1 - Enjoying Free Time,EDR-1,"You have some free time and no immediate responsibilities that require your attention. You are not feeling tired or worried, but you would like to enjoy your time rather than let it pass uneventfully. You decide to listen to music for entertainment, making your free time more enjoyable.",Enjoyment,in_the_meantime,group_02_song_a_in_the_meantime,1,Song A,In The Meantime,C,3,in_the_meantime_qut_pro,mix_cdaef40f2b94,assets/audio/study-stimuli/main-study/group_02/song_a_in_the_meantime/qut_pro.wav,100,True,True,"I think C is the most balanced one, and it reminds me of some very good live-session recordings.
I rated E and D according to the same criteria.
I think A and B both have a rough, rugged quality, and I think B is too off for me so I rated B as “poor.” However, I still rated  A  as 'good ' because this specific track reminded me of some cool underground gigs in rougher, less polished venues.",-0.6756280657690176,-1.4346341192827423,1.8511013279434223,-0.7325346788768815,optional_qc_sensitivity_predictor,True,,True,,True,100,"[""C""]",C,True,1,True,1.0
P013,group_02,group_02,P013__trial_01,1,1,EDR-1,EDR-1,1,EDR-1 - Enjoying Free Time,EDR-1,"You have some free time and no immediate responsibilities that require your attention. You are not feeling tired or worried, but you would like to enjoy your time rather than let it pass uneventfully. You decide to listen to music for entertainment, making your free time more enjoyable.",Enjoyment,in_the_meantime,group_02_song_a_in_the_meantime,1,Song A,In The Meantime,D,4,in_the_meantime_du_h,mix_302f0efe8a80,assets/audio/study-stimuli/main-study/group_02/song_a_in_the_meantime/du_h.wav,76,True,True,"I think C is the most balanced one, and it reminds me of some very good live-session recordings.
I rated E and D according to the same criteria.
I think A and B both have a rough, rugged quality, and I think B is too off for me so I rated B as “poor.” However, I still rated  A  as 'good ' because this specific track reminded me of some cool underground gigs in rougher, less polished venues.",0.6887214233465396,0.2719152524959843,-0.8693704120952901,0.8234428342152216,optional_qc_sensitivity_predictor,True,,True,,True,100,"[""C""]",C,True,1,False,4.0
P013,group_02,group_02,P013__trial_01,1,1,EDR-1,EDR-1,1,EDR-1 - Enjoying Free Time,EDR-1,"You have some free time and no immediate responsibilities that require your attention. You are not feeling tired or worried, but you would like to enjoy your time rather than let it pass uneventfully. You decide to listen to music for entertainment, making your free time more enjoyable.",Enjoyment,in_the_meantime,group_02_song_a_in_the_meantime,1,Song A,In The Meantime,E,5,in_the_meantime_du_i,mix_9baa86357fd4,assets/audio/study-stimuli/main-study/group_02/song_a_in_the_meantime/du_i.wav,82,True,True,"I think C is the most balanced one, and it reminds me of some very good live-session recordings.
I rated E and D according to the same criteria.
I think A and B both have a rough, rugged quality, and I think B is too off for me so I rated B as “poor.” However, I still rated  A  as 'good ' because this specific track reminded me of some cool underground gigs in rougher, less polished venues.",-1.8990066727669184,1.9187185345499165,0.5415536857115313,-0.721703057329889,optional_qc_sensitivity_predictor,True,,True,,True,100,"[""C""]",C,True,1,False,3.0
P013,group_02,group_02,P013__trial_02,2,2,EDR-1,EDR-1,1,EDR-1 - Enjoying Free Time,EDR-1,"You have some free time and no immediate responsibilities that require your attention. You are not feeling tired or worried, but you would like to enjoy your time rather than let it pass uneventfully. You decide to listen to music for entertainment, making your free time more enjoyable.",Enjoyment,pouring_room,group_02_song_b_pouring_room,2,Song B,Pouring Room,A,1,pouring_room_mcg_r,mix_0ba76f420c1d,assets/audio/study-stimuli/main-study/group_02/song_b_pouring_room/mcg_r.wav,75,True,True,I cannot find significant differences between the mixs and they sound equally pleasing to me.,0.2249858589620197,-0.521538265731174,0.8057256670690561,-1.2630720295337683,optional_qc_sensitivity_predictor,True,,True,,True,75,"[""A"",""B"",""C"",""D"",""E""]",,False,5,True,3.0
P013,group_02,group_02,P013__trial_02,2,2,EDR-1,EDR-1,1,EDR-1 - Enjoying Free Time,EDR-1,"You have some free time and no immediate responsibilities that require your attention. You are not feeling tired or worried, but you would like to enjoy your time rather than let it pass uneventfully. You decide to listen to music for entertainment, making your free time more enjoyable.",Enjoyment,pouring_room,group_02_song_b_pouring_room,2,Song B,Pouring Room,B,2,pouring_room_mcg_v,mix_e08faaf8bbb3,assets/audio/study-stimuli/main-study/group_02/song_b_pouring_room/mcg_v.wav,75,True,True,I cannot find significant differences between the mixs and they sound equally pleasing to me.,0.2009523983216312,1.112208706920678,-0.2814967551013548,-0.938440679331238,optional_qc_sensitivity_predictor,True,,True,,True,75,"[""A"",""B"",""C"",""D"",""E""]",,False,5,True,3.0
P013,group_02,group_02,P013__trial_02,2,2,EDR-1,EDR-1,1,EDR-1 - Enjoying Free Time,EDR-1,"You have some free time and no immediate responsibilities that require your attention. You are not feeling tired or worried, but you would like to enjoy your time rather than let it pass uneventfully. You decide to listen to music for entertainment, making your free time more enjoyable.",Enjoyment,pouring_room,group_02_song_b_pouring_room,2,Song B,Pouring Room,C,3,pouring_room_mcg_t,mix_be2ccd4c43ff,assets/audio/study-stimuli/main-study/group_02/song_b_pouring_room/mcg_t.wav,75,True,True,I cannot find significant differences between the mixs and they sound equally pleasing to me.,-0.0814371595061495,1.1238301932737935,1.926895983278192,-0.8792578396079359,optional_qc_sensitivity_predictor,True,,True,,True,75,"[""A"",""B"",""C"",""D"",""E""]",,False,5,True,3.0
P013,group_02,group_02,P013__trial_02,2,2,EDR-1,EDR-1,1,EDR-1 - Enjoying Free Time,EDR-1,"You have some free time and no immediate responsibilities that require your attention. You are not feeling tired or worried, but you would like to enjoy your time rather than let it pass uneventfully. You decide to listen to music for entertainment, making your free time more enjoyable.",Enjoyment,pouring_room,group_02_song_b_pouring_room,2,Song B,Pouring Room,D,4,pouring_room_mcg_pro1,mix_132e75f34470,assets/audio/study-stimuli/main-study/group_02/song_b_pouring_room/mcg_pro1.wav,75,True,True,I cannot find significant differences between the mixs and they sound equally pleasing to me.,1.177821012274786,0.1366958746221527,-0.3534041622732912,-0.9473754159948484,optional_qc_sensitivity_predictor,True,,True,,True,75,"[""A"",""B"",""C"",""D"",""E""]",,False,5,True,3.0
P013,group_02,group_02,P013__trial_02,2,2,EDR-1,EDR-1,1,EDR-1 - Enjoying Free Time,EDR-1,"You have some free time and no immediate responsibilities that require your attention. You are not feeling tired or worried, but you would like to enjoy your time rather than let it pass uneventfully. You decide to listen to music for entertainment, making your free time more enjoyable.",Enjoyment,pouring_room,group_02_song_b_pouring_room,2,Song B,Pouring Room,E,5,pouring_room_mcg_x,mix_cbf8555ee2b2,assets/audio/study-stimuli/main-study/group_02/song_b_pouring_room/mcg_x.wav,75,True,True,I cannot find significant differences between the mixs and they sound equally pleasing to me.,0.4494273963527286,0.780552768870155,0.8086566197405122,-0.4801297779726206,optional_qc_sensitivity_predictor,True,,True,,True,75,"[""A"",""B"",""C"",""D"",""E""]",,False,5,True,3.0
P013,group_02,group_02,P013__trial_03,3,3,FM-1,FM-1,2,FM-1 - Maintaining Engagement During an Activity,FM-1,"You are engaged in an activity that requires sustained mental or physical effort. As you continue, it becomes more difficult to stay engaged. You want to maintain your focus and motivation so that you can continue making steady progress toward completing the activity. You decide to listen to music while carrying on with the activity.",Focus-Motivation,pouring_room,group_02_song_b_pouring_room,1,Song B,Pouring Room,A,1,pouring_room_mcg_v,mix_e08faaf8bbb3,assets/audio/study-stimuli/main-study/group_02/song_b_pouring_room/mcg_v.wav,76,True,True,I cannot find a single differentiating factor between the mixes that would bother me if I was listening to these tracks at work.,0.2009523983216312,1.112208706920678,-0.2814967551013548,-0.938440679331238,optional_qc_sensitivity_predictor,True,,True,,True,76,"[""A"",""B"",""C"",""D"",""E""]",,False,5,True,3.0
P013,group_02,group_02,P013__trial_03,3,3,FM-1,FM-1,2,FM-1 - Maintaining Engagement During an Activity,FM-1,"You are engaged in an activity that requires sustained mental or physical effort. As you continue, it becomes more difficult to stay engaged. You want to maintain your focus and motivation so that you can continue making steady progress toward completing the activity. You decide to listen to music while carrying on with the activity.",Focus-Motivation,pouring_room,group_02_song_b_pouring_room,1,Song B,Pouring Room,B,2,pouring_room_mcg_t,mix_be2ccd4c43ff,assets/audio/study-stimuli/main-study/group_02/song_b_pouring_room/mcg_t.wav,76,True,True,I cannot find a single differentiating factor between the mixes that would bother me if I was listening to these tracks at work.,-0.0814371595061495,1.1238301932737935,1.926895983278192,-0.8792578396079359,optional_qc_sensitivity_predictor,True,,True,,True,76,"[""A"",""B"",""C"",""D"",""E""]",,False,5,True,3.0
P013,group_02,group_02,P013__trial_03,3,3,FM-1,FM-1,2,FM-1 - Maintaining Engagement During an Activity,FM-1,"You are engaged in an activity that requires sustained mental or physical effort. As you continue, it becomes more difficult to stay engaged. You want to maintain your focus and motivation so that you can continue making steady progress toward completing the activity. You decide to listen to music while carrying on with the activity.",Focus-Motivation,pouring_room,group_02_song_b_pouring_room,1,Song B,Pouring Room,C,3,pouring_room_mcg_pro1,mix_132e75f34470,assets/audio/study-stimuli/main-study/group_02/song_b_pouring_room/mcg_pro1.wav,76,True,True,I cannot find a single differentiating factor between the mixes that would bother me if I was listening to these tracks at work.,1.177821012274786,0.1366958746221527,-0.3534041622732912,-0.9473754159948484,optional_qc_sensitivity_predictor,True,,True,,True,76,"[""A"",""B"",""C"",""D"",""E""]",,False,5,True,3.0
P013,group_02,group_02,P013__trial_03,3,3,FM-1,FM-1,2,FM-1 - Maintaining Engagement During an Activity,FM-1,"You are engaged in an activity that requires sustained mental or physical effort. As you continue, it becomes more difficult to stay engaged. You want to maintain your focus and motivation so that you can continue making steady progress toward completing the activity. You decide to listen to music while carrying on with the activity.",Focus-Motivation,pouring_room,group_02_song_b_pouring_room,1,Song B,Pouring Room,D,4,pouring_room_mcg_x,mix_cbf8555ee2b2,assets/audio/study-stimuli/main-study/group_02/song_b_pouring_room/mcg_x.wav,76,True,True,I cannot find a single differentiating factor between the mixes that would bother me if I was listening to these tracks at work.,0.4494273963527286,0.780552768870155,0.8086566197405122,-0.4801297779726206,optional_qc_sensitivity_predictor,True,,True,,True,76,"[""A"",""B"",""C"",""D"",""E""]",,False,5,True,3.0
P013,group_02,group_02,P013__trial_03,3,3,FM-1,FM-1,2,FM-1 - Maintaining Engagement During an Activity,FM-1,"You are engaged in an activity that requires sustained mental or physical effort. As you continue, it becomes more difficult to stay engaged. You want to maintain your focus and motivation so that you can continue making steady progress toward completing the activity. You decide to listen to music while carrying on with the activity.",Focus-Motivation,pouring_room,group_02_song_b_pouring_room,1,Song B,Pouring Room,E,5,pouring_room_mcg_r,mix_0ba76f420c1d,assets/audio/study-stimuli/main-study/group_02/song_b_pouring_room/mcg_r.wav,76,True,True,I cannot find a single differentiating factor between the mixes that would bother me if I was listening to these tracks at work.,0.2249858589620197,-0.521538265731174,0.8057256670690561,-1.2630720295337683,optional_qc_sensitivity_predictor,True,,True,,True,76,"[""A"",""B"",""C"",""D"",""E""]",,False,5,True,3.0
P013,group_02,group_02,P013__trial_04,4,4,FM-1,FM-1,2,FM-1 - Maintaining Engagement During an Activity,FM-1,"You are engaged in an activity that requires sustained mental or physical effort. As you continue, it becomes more difficult to stay engaged. You want to maintain your focus and motivation so that you can continue making steady progress toward completing the activity. You decide to listen to music while carrying on with the activity.",Focus-Motivation,in_the_meantime,group_02_song_a_in_the_meantime,2,Song A,In The Meantime,A,1,in_the_meantime_du_k,mix_56e65a3ce054,assets/audio/study-stimuli/main-study/group_02/song_a_in_the_meantime/du_k.wav,37,True,True,"I will be annoyed by the mix quality of A  at work and switch to other tracks, while the rest sound equally good to me in the mentioned scenario ,I would  not even noticed the nuanced differences at work.",-1.1193186569455127,1.7918041562064675,0.9713104079970216,0.4372547184671072,optional_qc_sensitivity_predictor,True,,True,,True,76,"[""B"",""C"",""D"",""E""]",,False,4,False,5.0
P013,group_02,group_02,P013__trial_04,4,4,FM-1,FM-1,2,FM-1 - Maintaining Engagement During an Activity,FM-1,"You are engaged in an activity that requires sustained mental or physical effort. As you continue, it becomes more difficult to stay engaged. You want to maintain your focus and motivation so that you can continue making steady progress toward completing the activity. You decide to listen to music while carrying on with the activity.",Focus-Motivation,in_the_meantime,group_02_song_a_in_the_meantime,2,Song A,In The Meantime,B,2,in_the_meantime_du_h,mix_302f0efe8a80,assets/audio/study-stimuli/main-study/group_02/song_a_in_the_meantime/du_h.wav,76,True,True,"I will be annoyed by the mix quality of A  at work and switch to other tracks, while the rest sound equally good to me in the mentioned scenario ,I would  not even noticed the nuanced differences at work.",0.6887214233465396,0.2719152524959843,-0.8693704120952901,0.8234428342152216,optional_qc_sensitivity_predictor,True,,True,,True,76,"[""B"",""C"",""D"",""E""]",,False,4,True,2.5
P013,group_02,group_02,P013__trial_04,4,4,FM-1,FM-1,2,FM-1 - Maintaining Engagement During an Activity,FM-1,"You are engaged in an activity that requires sustained mental or physical effort. As you continue, it becomes more difficult to stay engaged. You want to maintain your focus and motivation so that you can continue making steady progress toward completing the activity. You decide to listen to music while carrying on with the activity.",Focus-Motivation,in_the_meantime,group_02_song_a_in_the_meantime,2,Song A,In The Meantime,C,3,in_the_meantime_du_i,mix_9baa86357fd4,assets/audio/study-stimuli/main-study/group_02/song_a_in_the_meantime/du_i.wav,76,True,True,"I will be annoyed by the mix quality of A  at work and switch to other tracks, while the rest sound equally good to me in the mentioned scenario ,I would  not even noticed the nuanced differences at work.",-1.8990066727669184,1.9187185345499165,0.5415536857115313,-0.721703057329889,optional_qc_sensitivity_predictor,True,,True,,True,76,"[""B"",""C"",""D"",""E""]",,False,4,True,2.5
P013,group_02,group_02,P013__trial_04,4,4,FM-1,FM-1,2,FM-1 - Maintaining Engagement During an Activity,FM-1,"You are engaged in an activity that requires sustained mental or physical effort. As you continue, it becomes more difficult to stay engaged. You want to maintain your focus and motivation so that you can continue making steady progress toward completing the activity. You decide to listen to music while carrying on with the activity.",Focus-Motivation,in_the_meantime,group_02_song_a_in_the_meantime,2,Song A,In The Meantime,D,4,in_the_meantime_qut_pro,mix_cdaef40f2b94,assets/audio/study-stimuli/main-study/group_02/song_a_in_the_meantime/qut_pro.wav,76,True,True,"I will be annoyed by the mix quality of A  at work and switch to other tracks, while the rest sound equally good to me in the mentioned scenario ,I would  not even noticed the nuanced differences at work.",-0.6756280657690176,-1.4346341192827423,1.8511013279434223,-0.7325346788768815,optional_qc_sensitivity_predictor,True,,True,,True,76,"[""B"",""C"",""D"",""E""]",,False,4,True,2.5
P013,group_02,group_02,P013__trial_04,4,4,FM-1,FM-1,2,FM-1 - Maintaining Engagement During an Activity,FM-1,"You are engaged in an activity that requires sustained mental or physical effort. As you continue, it becomes more difficult to stay engaged. You want to maintain your focus and motivation so that you can continue making steady progress toward completing the activity. You decide to listen to music while carrying on with the activity.",Focus-Motivation,in_the_meantime,group_02_song_a_in_the_meantime,2,Song A,In The Meantime,E,5,in_the_meantime_qut_b,mix_c7bdcba64775,assets/audio/study-stimuli/main-study/group_02/song_a_in_the_meantime/qut_b.wav,76,True,True,"I will be annoyed by the mix quality of A  at work and switch to other tracks, while the rest sound equally good to me in the mentioned scenario ,I would  not even noticed the nuanced differences at work.",-0.6698107538710293,-0.1978340618743536,-1.5468197375217057,0.0908009789400507,optional_qc_sensitivity_predictor,True,,True,,True,76,"[""B"",""C"",""D"",""E""]",,False,4,True,2.5
P013,group_02,group_02,P013__trial_05,5,5,EDR-2,EDR-2,3,EDR-2 - Unwinding After a Demanding Period,EDR-2,"You have some time for yourself after a demanding period. Although a few everyday concerns are still on your mind, there is nothing that requires your attention right now. You would like to feel calmer and take your mind off these concerns for a while, so you decide to listen to music to help you unwind.",Relaxation-Distraction,pouring_room,group_02_song_b_pouring_room,1,Song B,Pouring Room,A,1,pouring_room_mcg_v,mix_e08faaf8bbb3,assets/audio/study-stimuli/main-study/group_02/song_b_pouring_room/mcg_v.wav,76,True,True,They are equally pleasing and soothing to me when I need rest.,0.2009523983216312,1.112208706920678,-0.2814967551013548,-0.938440679331238,optional_qc_sensitivity_predictor,True,,True,,True,76,"[""A"",""B"",""C"",""D"",""E""]",,False,5,True,3.0
P013,group_02,group_02,P013__trial_05,5,5,EDR-2,EDR-2,3,EDR-2 - Unwinding After a Demanding Period,EDR-2,"You have some time for yourself after a demanding period. Although a few everyday concerns are still on your mind, there is nothing that requires your attention right now. You would like to feel calmer and take your mind off these concerns for a while, so you decide to listen to music to help you unwind.",Relaxation-Distraction,pouring_room,group_02_song_b_pouring_room,1,Song B,Pouring Room,B,2,pouring_room_mcg_pro1,mix_132e75f34470,assets/audio/study-stimuli/main-study/group_02/song_b_pouring_room/mcg_pro1.wav,76,True,True,They are equally pleasing and soothing to me when I need rest.,1.177821012274786,0.1366958746221527,-0.3534041622732912,-0.9473754159948484,optional_qc_sensitivity_predictor,True,,True,,True,76,"[""A"",""B"",""C"",""D"",""E""]",,False,5,True,3.0
P013,group_02,group_02,P013__trial_05,5,5,EDR-2,EDR-2,3,EDR-2 - Unwinding After a Demanding Period,EDR-2,"You have some time for yourself after a demanding period. Although a few everyday concerns are still on your mind, there is nothing that requires your attention right now. You would like to feel calmer and take your mind off these concerns for a while, so you decide to listen to music to help you unwind.",Relaxation-Distraction,pouring_room,group_02_song_b_pouring_room,1,Song B,Pouring Room,C,3,pouring_room_mcg_r,mix_0ba76f420c1d,assets/audio/study-stimuli/main-study/group_02/song_b_pouring_room/mcg_r.wav,76,True,True,They are equally pleasing and soothing to me when I need rest.,0.2249858589620197,-0.521538265731174,0.8057256670690561,-1.2630720295337683,optional_qc_sensitivity_predictor,True,,True,,True,76,"[""A"",""B"",""C"",""D"",""E""]",,False,5,True,3.0
P013,group_02,group_02,P013__trial_05,5,5,EDR-2,EDR-2,3,EDR-2 - Unwinding After a Demanding Period,EDR-2,"You have some time for yourself after a demanding period. Although a few everyday concerns are still on your mind, there is nothing that requires your attention right now. You would like to feel calmer and take your mind off these concerns for a while, so you decide to listen to music to help you unwind.",Relaxation-Distraction,pouring_room,group_02_song_b_pouring_room,1,Song B,Pouring Room,D,4,pouring_room_mcg_t,mix_be2ccd4c43ff,assets/audio/study-stimuli/main-study/group_02/song_b_pouring_room/mcg_t.wav,76,True,True,They are equally pleasing and soothing to me when I need rest.,-0.0814371595061495,1.1238301932737935,1.926895983278192,-0.8792578396079359,optional_qc_sensitivity_predictor,True,,True,,True,76,"[""A"",""B"",""C"",""D"",""E""]",,False,5,True,3.0
P013,group_02,group_02,P013__trial_05,5,5,EDR-2,EDR-2,3,EDR-2 - Unwinding After a Demanding Period,EDR-2,"You have some time for yourself after a demanding period. Although a few everyday concerns are still on your mind, there is nothing that requires your attention right now. You would like to feel calmer and take your mind off these concerns for a while, so you decide to listen to music to help you unwind.",Relaxation-Distraction,pouring_room,group_02_song_b_pouring_room,1,Song B,Pouring Room,E,5,pouring_room_mcg_x,mix_cbf8555ee2b2,assets/audio/study-stimuli/main-study/group_02/song_b_pouring_room/mcg_x.wav,76,True,True,They are equally pleasing and soothing to me when I need rest.,0.4494273963527286,0.780552768870155,0.8086566197405122,-0.4801297779726206,optional_qc_sensitivity_predictor,True,,True,,True,76,"[""A"",""B"",""C"",""D"",""E""]",,False,5,True,3.0
P013,group_02,group_02,P013__trial_06,6,6,EDR-2,EDR-2,3,EDR-2 - Unwinding After a Demanding Period,EDR-2,"You have some time for yourself after a demanding period. Although a few everyday concerns are still on your mind, there is nothing that requires your attention right now. You would like to feel calmer and take your mind off these concerns for a while, so you decide to listen to music to help you unwind.",Relaxation-Distraction,in_the_meantime,group_02_song_a_in_the_meantime,2,Song A,In The Meantime,A,1,in_the_meantime_du_i,mix_9baa86357fd4,assets/audio/study-stimuli/main-study/group_02/song_a_in_the_meantime/du_i.wav,95,True,True,"A and D : with brighter vocals ,I think I will get more hyped with these tracks when I am about to enjoy my day-off.
B and E :fair enough.
C will make me wonder if I break my headphone because I think the guitar and the bass sounds are distorted too much.",-1.8990066727669184,1.9187185345499165,0.5415536857115313,-0.721703057329889,optional_qc_sensitivity_predictor,True,,True,,True,100,"[""D""]",D,True,1,False,2.0
P013,group_02,group_02,P013__trial_06,6,6,EDR-2,EDR-2,3,EDR-2 - Unwinding After a Demanding Period,EDR-2,"You have some time for yourself after a demanding period. Although a few everyday concerns are still on your mind, there is nothing that requires your attention right now. You would like to feel calmer and take your mind off these concerns for a while, so you decide to listen to music to help you unwind.",Relaxation-Distraction,in_the_meantime,group_02_song_a_in_the_meantime,2,Song A,In The Meantime,B,2,in_the_meantime_qut_b,mix_c7bdcba64775,assets/audio/study-stimuli/main-study/group_02/song_a_in_the_meantime/qut_b.wav,73,True,True,"A and D : with brighter vocals ,I think I will get more hyped with these tracks when I am about to enjoy my day-off.
B and E :fair enough.
C will make me wonder if I break my headphone because I think the guitar and the bass sounds are distorted too much.",-0.6698107538710293,-0.1978340618743536,-1.5468197375217057,0.0908009789400507,optional_qc_sensitivity_predictor,True,,True,,True,100,"[""D""]",D,True,1,False,4.0
P013,group_02,group_02,P013__trial_06,6,6,EDR-2,EDR-2,3,EDR-2 - Unwinding After a Demanding Period,EDR-2,"You have some time for yourself after a demanding period. Although a few everyday concerns are still on your mind, there is nothing that requires your attention right now. You would like to feel calmer and take your mind off these concerns for a while, so you decide to listen to music to help you unwind.",Relaxation-Distraction,in_the_meantime,group_02_song_a_in_the_meantime,2,Song A,In The Meantime,C,3,in_the_meantime_du_k,mix_56e65a3ce054,assets/audio/study-stimuli/main-study/group_02/song_a_in_the_meantime/du_k.wav,37,True,True,"A and D : with brighter vocals ,I think I will get more hyped with these tracks when I am about to enjoy my day-off.
B and E :fair enough.
C will make me wonder if I break my headphone because I think the guitar and the bass sounds are distorted too much.",-1.1193186569455127,1.7918041562064675,0.9713104079970216,0.4372547184671072,optional_qc_sensitivity_predictor,True,,True,,True,100,"[""D""]",D,True,1,False,5.0
P013,group_02,group_02,P013__trial_06,6,6,EDR-2,EDR-2,3,EDR-2 - Unwinding After a Demanding Period,EDR-2,"You have some time for yourself after a demanding period. Although a few everyday concerns are still on your mind, there is nothing that requires your attention right now. You would like to feel calmer and take your mind off these concerns for a while, so you decide to listen to music to help you unwind.",Relaxation-Distraction,in_the_meantime,group_02_song_a_in_the_meantime,2,Song A,In The Meantime,D,4,in_the_meantime_qut_pro,mix_cdaef40f2b94,assets/audio/study-stimuli/main-study/group_02/song_a_in_the_meantime/qut_pro.wav,100,True,True,"A and D : with brighter vocals ,I think I will get more hyped with these tracks when I am about to enjoy my day-off.
B and E :fair enough.
C will make me wonder if I break my headphone because I think the guitar and the bass sounds are distorted too much.",-0.6756280657690176,-1.4346341192827423,1.8511013279434223,-0.7325346788768815,optional_qc_sensitivity_predictor,True,,True,,True,100,"[""D""]",D,True,1,True,1.0
P013,group_02,group_02,P013__trial_06,6,6,EDR-2,EDR-2,3,EDR-2 - Unwinding After a Demanding Period,EDR-2,"You have some time for yourself after a demanding period. Although a few everyday concerns are still on your mind, there is nothing that requires your attention right now. You would like to feel calmer and take your mind off these concerns for a while, so you decide to listen to music to help you unwind.",Relaxation-Distraction,in_the_meantime,group_02_song_a_in_the_meantime,2,Song A,In The Meantime,E,5,in_the_meantime_du_h,mix_302f0efe8a80,assets/audio/study-stimuli/main-study/group_02/song_a_in_the_meantime/du_h.wav,79,True,True,"A and D : with brighter vocals ,I think I will get more hyped with these tracks when I am about to enjoy my day-off.
B and E :fair enough.
C will make me wonder if I break my headphone because I think the guitar and the bass sounds are distorted too much.",0.6887214233465396,0.2719152524959843,-0.8693704120952901,0.8234428342152216,optional_qc_sensitivity_predictor,True,,True,,True,100,"[""D""]",D,True,1,False,3.0
P014,group_01,group_01,P014__trial_01,1,1,EDR-2,EDR-2,1,EDR-2 - Unwinding After a Demanding Period,EDR-2,"You have some time for yourself after a demanding period. Although a few everyday concerns are still on your mind, there is nothing that requires your attention right now. You would like to feel calmer and take your mind off these concerns for a while, so you decide to listen to music to help you unwind.",Relaxation-Distraction,lead_me,group_01_song_a_lead_me,1,Song A,Lead Me,A,1,lead_me_pxl_l4,mix_c7d9a071ba25,assets/audio/study-stimuli/main-study/group_01/song_a_lead_me/pxl_l4.wav,23,True,True,.,-0.0552007785055364,-0.8412121981784734,0.8321106863211235,2.390299590706203,optional_qc_sensitivity_predictor,True,,True,,True,100,"[""E""]",E,True,1,False,4.0
P014,group_01,group_01,P014__trial_01,1,1,EDR-2,EDR-2,1,EDR-2 - Unwinding After a Demanding Period,EDR-2,"You have some time for yourself after a demanding period. Although a few everyday concerns are still on your mind, there is nothing that requires your attention right now. You would like to feel calmer and take your mind off these concerns for a while, so you decide to listen to music to help you unwind.",Relaxation-Distraction,lead_me,group_01_song_a_lead_me,1,Song A,Lead Me,B,2,lead_me_mcg_pro2,mix_d3e3580b6e30,assets/audio/study-stimuli/main-study/group_01/song_a_lead_me/mcg_pro2.wav,0,True,True,.,2.9805308263561203,0.8594252384169624,-0.9263284806752846,0.048773555233824,optional_qc_sensitivity_predictor,True,,True,,True,100,"[""E""]",E,True,1,False,5.0
P014,group_01,group_01,P014__trial_01,1,1,EDR-2,EDR-2,1,EDR-2 - Unwinding After a Demanding Period,EDR-2,"You have some time for yourself after a demanding period. Although a few everyday concerns are still on your mind, there is nothing that requires your attention right now. You would like to feel calmer and take your mind off these concerns for a while, so you decide to listen to music to help you unwind.",Relaxation-Distraction,lead_me,group_01_song_a_lead_me,1,Song A,Lead Me,C,3,lead_me_du_e,mix_271852ba8676,assets/audio/study-stimuli/main-study/group_01/song_a_lead_me/du_e.wav,80,True,True,.,-1.0250576971995913,0.5199952869185839,-0.8666083508697964,0.9959336464039888,optional_qc_sensitivity_predictor,True,,True,,True,100,"[""E""]",E,True,1,False,2.0
P014,group_01,group_01,P014__trial_01,1,1,EDR-2,EDR-2,1,EDR-2 - Unwinding After a Demanding Period,EDR-2,"You have some time for yourself after a demanding period. Although a few everyday concerns are still on your mind, there is nothing that requires your attention right now. You would like to feel calmer and take your mind off these concerns for a while, so you decide to listen to music to help you unwind.",Relaxation-Distraction,lead_me,group_01_song_a_lead_me,1,Song A,Lead Me,D,4,lead_me_pxl_l1,mix_d5b28dfc8a93,assets/audio/study-stimuli/main-study/group_01/song_a_lead_me/pxl_l1.wav,44,True,True,.,-0.0024436394808062,-0.3677713699084406,-1.2816942263900757,-0.1924460334762285,optional_qc_sensitivity_predictor,True,,True,,True,100,"[""E""]",E,True,1,False,3.0
P014,group_01,group_01,P014__trial_01,1,1,EDR-2,EDR-2,1,EDR-2 - Unwinding After a Demanding Period,EDR-2,"You have some time for yourself after a demanding period. Although a few everyday concerns are still on your mind, there is nothing that requires your attention right now. You would like to feel calmer and take your mind off these concerns for a while, so you decide to listen to music to help you unwind.",Relaxation-Distraction,lead_me,group_01_song_a_lead_me,1,Song A,Lead Me,E,5,lead_me_du_d,mix_f1f7973e5bac,assets/audio/study-stimuli/main-study/group_01/song_a_lead_me/du_d.wav,100,True,True,.,0.7402857811167308,-1.548717422055362,0.3280479404435016,-1.017146833506479,optional_qc_sensitivity_predictor,True,,True,,True,100,"[""E""]",E,True,1,True,1.0
P014,group_01,group_01,P014__trial_02,2,2,EDR-2,EDR-2,1,EDR-2 - Unwinding After a Demanding Period,EDR-2,"You have some time for yourself after a demanding period. Although a few everyday concerns are still on your mind, there is nothing that requires your attention right now. You would like to feel calmer and take your mind off these concerns for a while, so you decide to listen to music to help you unwind.",Relaxation-Distraction,id_like_to_know,group_01_song_b_id_like_to_know,2,Song B,I'd Like To Know,A,1,id_like_to_know_pxl_s2,mix_6f8b655d7999,assets/audio/study-stimuli/main-study/group_01/song_b_id_like_to_know/pxl_s2.wav,21,True,True,.,0.5329997864789321,-1.1874673519330532,-0.7637519766505488,0.5510366380169074,optional_qc_sensitivity_predictor,True,,True,,True,100,"[""E""]",E,True,1,False,4.0
P014,group_01,group_01,P014__trial_02,2,2,EDR-2,EDR-2,1,EDR-2 - Unwinding After a Demanding Period,EDR-2,"You have some time for yourself after a demanding period. Although a few everyday concerns are still on your mind, there is nothing that requires your attention right now. You would like to feel calmer and take your mind off these concerns for a while, so you decide to listen to music to help you unwind.",Relaxation-Distraction,id_like_to_know,group_01_song_b_id_like_to_know,2,Song B,I'd Like To Know,B,2,id_like_to_know_pxl_s5,mix_82d60d7c7fc5,assets/audio/study-stimuli/main-study/group_01/song_b_id_like_to_know/pxl_s5.wav,7,True,True,.,-0.3583378408524605,-0.1527662554529231,0.7972705919658362,1.6270752922517937,optional_qc_sensitivity_predictor,True,,True,,True,100,"[""E""]",E,True,1,False,5.0
P014,group_01,group_01,P014__trial_02,2,2,EDR-2,EDR-2,1,EDR-2 - Unwinding After a Demanding Period,EDR-2,"You have some time for yourself after a demanding period. Although a few everyday concerns are still on your mind, there is nothing that requires your attention right now. You would like to feel calmer and take your mind off these concerns for a while, so you decide to listen to music to help you unwind.",Relaxation-Distraction,id_like_to_know,group_01_song_b_id_like_to_know,2,Song B,I'd Like To Know,C,3,id_like_to_know_pxl_s1,mix_9ffcd672af17,assets/audio/study-stimuli/main-study/group_01/song_b_id_like_to_know/pxl_s1.wav,55,True,True,.,-0.5659114167269081,-0.579304038497624,-0.4851205015292653,1.357247686182373,optional_qc_sensitivity_predictor,True,,True,,True,100,"[""E""]",E,True,1,False,3.0
P014,group_01,group_01,P014__trial_02,2,2,EDR-2,EDR-2,1,EDR-2 - Unwinding After a Demanding Period,EDR-2,"You have some time for yourself after a demanding period. Although a few everyday concerns are still on your mind, there is nothing that requires your attention right now. You would like to feel calmer and take your mind off these concerns for a while, so you decide to listen to music to help you unwind.",Relaxation-Distraction,id_like_to_know,group_01_song_b_id_like_to_know,2,Song B,I'd Like To Know,D,4,id_like_to_know_pxl_s3,mix_65f41f41d3ab,assets/audio/study-stimuli/main-study/group_01/song_b_id_like_to_know/pxl_s3.wav,83,True,True,.,0.3234844364321996,-1.065060189455143,-1.1651773700507613,-0.0982478955990668,optional_qc_sensitivity_predictor,True,,True,,True,100,"[""E""]",E,True,1,False,2.0
P014,group_01,group_01,P014__trial_02,2,2,EDR-2,EDR-2,1,EDR-2 - Unwinding After a Demanding Period,EDR-2,"You have some time for yourself after a demanding period. Although a few everyday concerns are still on your mind, there is nothing that requires your attention right now. You would like to feel calmer and take your mind off these concerns for a while, so you decide to listen to music to help you unwind.",Relaxation-Distraction,id_like_to_know,group_01_song_b_id_like_to_know,2,Song B,I'd Like To Know,E,5,id_like_to_know_pxl_s7,mix_b393d3919c78,assets/audio/study-stimuli/main-study/group_01/song_b_id_like_to_know/pxl_s7.wav,100,True,True,.,-0.867056238017743,-0.6188407399054331,-0.3229009373128245,-1.0515106991885117,optional_qc_sensitivity_predictor,True,,True,,True,100,"[""E""]",E,True,1,True,1.0
P014,group_01,group_01,P014__trial_03,3,3,FM-1,FM-1,2,FM-1 - Maintaining Engagement During an Activity,FM-1,"You are engaged in an activity that requires sustained mental or physical effort. As you continue, it becomes more difficult to stay engaged. You want to maintain your focus and motivation so that you can continue making steady progress toward completing the activity. You decide to listen to music while carrying on with the activity.",Focus-Motivation,lead_me,group_01_song_a_lead_me,1,Song A,Lead Me,A,1,lead_me_du_e,mix_271852ba8676,assets/audio/study-stimuli/main-study/group_01/song_a_lead_me/du_e.wav,44,True,True,.,-1.0250576971995913,0.5199952869185839,-0.8666083508697964,0.9959336464039888,optional_qc_sensitivity_predictor,True,,True,,True,100,"[""E""]",E,True,1,False,4.0
P014,group_01,group_01,P014__trial_03,3,3,FM-1,FM-1,2,FM-1 - Maintaining Engagement During an Activity,FM-1,"You are engaged in an activity that requires sustained mental or physical effort. As you continue, it becomes more difficult to stay engaged. You want to maintain your focus and motivation so that you can continue making steady progress toward completing the activity. You decide to listen to music while carrying on with the activity.",Focus-Motivation,lead_me,group_01_song_a_lead_me,1,Song A,Lead Me,B,2,lead_me_mcg_pro2,mix_d3e3580b6e30,assets/audio/study-stimuli/main-study/group_01/song_a_lead_me/mcg_pro2.wav,60,True,True,.,2.9805308263561203,0.8594252384169624,-0.9263284806752846,0.048773555233824,optional_qc_sensitivity_predictor,True,,True,,True,100,"[""E""]",E,True,1,False,3.0
P014,group_01,group_01,P014__trial_03,3,3,FM-1,FM-1,2,FM-1 - Maintaining Engagement During an Activity,FM-1,"You are engaged in an activity that requires sustained mental or physical effort. As you continue, it becomes more difficult to stay engaged. You want to maintain your focus and motivation so that you can continue making steady progress toward completing the activity. You decide to listen to music while carrying on with the activity.",Focus-Motivation,lead_me,group_01_song_a_lead_me,1,Song A,Lead Me,C,3,lead_me_du_d,mix_f1f7973e5bac,assets/audio/study-stimuli/main-study/group_01/song_a_lead_me/du_d.wav,11,True,True,.,0.7402857811167308,-1.548717422055362,0.3280479404435016,-1.017146833506479,optional_qc_sensitivity_predictor,True,,True,,True,100,"[""E""]",E,True,1,False,5.0
P014,group_01,group_01,P014__trial_03,3,3,FM-1,FM-1,2,FM-1 - Maintaining Engagement During an Activity,FM-1,"You are engaged in an activity that requires sustained mental or physical effort. As you continue, it becomes more difficult to stay engaged. You want to maintain your focus and motivation so that you can continue making steady progress toward completing the activity. You decide to listen to music while carrying on with the activity.",Focus-Motivation,lead_me,group_01_song_a_lead_me,1,Song A,Lead Me,D,4,lead_me_pxl_l4,mix_c7d9a071ba25,assets/audio/study-stimuli/main-study/group_01/song_a_lead_me/pxl_l4.wav,76,True,True,.,-0.0552007785055364,-0.8412121981784734,0.8321106863211235,2.390299590706203,optional_qc_sensitivity_predictor,True,,True,,True,100,"[""E""]",E,True,1,False,2.0
P014,group_01,group_01,P014__trial_03,3,3,FM-1,FM-1,2,FM-1 - Maintaining Engagement During an Activity,FM-1,"You are engaged in an activity that requires sustained mental or physical effort. As you continue, it becomes more difficult to stay engaged. You want to maintain your focus and motivation so that you can continue making steady progress toward completing the activity. You decide to listen to music while carrying on with the activity.",Focus-Motivation,lead_me,group_01_song_a_lead_me,1,Song A,Lead Me,E,5,lead_me_pxl_l1,mix_d5b28dfc8a93,assets/audio/study-stimuli/main-study/group_01/song_a_lead_me/pxl_l1.wav,100,True,True,.,-0.0024436394808062,-0.3677713699084406,-1.2816942263900757,-0.1924460334762285,optional_qc_sensitivity_predictor,True,,True,,True,100,"[""E""]",E,True,1,True,1.0
P014,group_01,group_01,P014__trial_04,4,4,FM-1,FM-1,2,FM-1 - Maintaining Engagement During an Activity,FM-1,"You are engaged in an activity that requires sustained mental or physical effort. As you continue, it becomes more difficult to stay engaged. You want to maintain your focus and motivation so that you can continue making steady progress toward completing the activity. You decide to listen to music while carrying on with the activity.",Focus-Motivation,id_like_to_know,group_01_song_b_id_like_to_know,2,Song B,I'd Like To Know,A,1,id_like_to_know_pxl_s1,mix_9ffcd672af17,assets/audio/study-stimuli/main-study/group_01/song_b_id_like_to_know/pxl_s1.wav,53,True,True,.,-0.5659114167269081,-0.579304038497624,-0.4851205015292653,1.357247686182373,optional_qc_sensitivity_predictor,True,,True,,True,100,"[""E""]",E,True,1,False,4.0
P014,group_01,group_01,P014__trial_04,4,4,FM-1,FM-1,2,FM-1 - Maintaining Engagement During an Activity,FM-1,"You are engaged in an activity that requires sustained mental or physical effort. As you continue, it becomes more difficult to stay engaged. You want to maintain your focus and motivation so that you can continue making steady progress toward completing the activity. You decide to listen to music while carrying on with the activity.",Focus-Motivation,id_like_to_know,group_01_song_b_id_like_to_know,2,Song B,I'd Like To Know,B,2,id_like_to_know_pxl_s5,mix_82d60d7c7fc5,assets/audio/study-stimuli/main-study/group_01/song_b_id_like_to_know/pxl_s5.wav,27,True,True,.,-0.3583378408524605,-0.1527662554529231,0.7972705919658362,1.6270752922517937,optional_qc_sensitivity_predictor,True,,True,,True,100,"[""E""]",E,True,1,False,5.0
P014,group_01,group_01,P014__trial_04,4,4,FM-1,FM-1,2,FM-1 - Maintaining Engagement During an Activity,FM-1,"You are engaged in an activity that requires sustained mental or physical effort. As you continue, it becomes more difficult to stay engaged. You want to maintain your focus and motivation so that you can continue making steady progress toward completing the activity. You decide to listen to music while carrying on with the activity.",Focus-Motivation,id_like_to_know,group_01_song_b_id_like_to_know,2,Song B,I'd Like To Know,C,3,id_like_to_know_pxl_s2,mix_6f8b655d7999,assets/audio/study-stimuli/main-study/group_01/song_b_id_like_to_know/pxl_s2.wav,61,True,True,.,0.5329997864789321,-1.1874673519330532,-0.7637519766505488,0.5510366380169074,optional_qc_sensitivity_predictor,True,,True,,True,100,"[""E""]",E,True,1,False,3.0
P014,group_01,group_01,P014__trial_04,4,4,FM-1,FM-1,2,FM-1 - Maintaining Engagement During an Activity,FM-1,"You are engaged in an activity that requires sustained mental or physical effort. As you continue, it becomes more difficult to stay engaged. You want to maintain your focus and motivation so that you can continue making steady progress toward completing the activity. You decide to listen to music while carrying on with the activity.",Focus-Motivation,id_like_to_know,group_01_song_b_id_like_to_know,2,Song B,I'd Like To Know,D,4,id_like_to_know_pxl_s3,mix_65f41f41d3ab,assets/audio/study-stimuli/main-study/group_01/song_b_id_like_to_know/pxl_s3.wav,77,True,True,.,0.3234844364321996,-1.065060189455143,-1.1651773700507613,-0.0982478955990668,optional_qc_sensitivity_predictor,True,,True,,True,100,"[""E""]",E,True,1,False,2.0
P014,group_01,group_01,P014__trial_04,4,4,FM-1,FM-1,2,FM-1 - Maintaining Engagement During an Activity,FM-1,"You are engaged in an activity that requires sustained mental or physical effort. As you continue, it becomes more difficult to stay engaged. You want to maintain your focus and motivation so that you can continue making steady progress toward completing the activity. You decide to listen to music while carrying on with the activity.",Focus-Motivation,id_like_to_know,group_01_song_b_id_like_to_know,2,Song B,I'd Like To Know,E,5,id_like_to_know_pxl_s7,mix_b393d3919c78,assets/audio/study-stimuli/main-study/group_01/song_b_id_like_to_know/pxl_s7.wav,100,True,True,.,-0.867056238017743,-0.6188407399054331,-0.3229009373128245,-1.0515106991885117,optional_qc_sensitivity_predictor,True,,True,,True,100,"[""E""]",E,True,1,True,1.0
P014,group_01,group_01,P014__trial_05,5,5,EDR-1,EDR-1,3,EDR-1 - Enjoying Free Time,EDR-1,"You have some free time and no immediate responsibilities that require your attention. You are not feeling tired or worried, but you would like to enjoy your time rather than let it pass uneventfully. You decide to listen to music for entertainment, making your free time more enjoyable.",Enjoyment,id_like_to_know,group_01_song_b_id_like_to_know,1,Song B,I'd Like To Know,A,1,id_like_to_know_pxl_s2,mix_6f8b655d7999,assets/audio/study-stimuli/main-study/group_01/song_b_id_like_to_know/pxl_s2.wav,31,True,True,.,0.5329997864789321,-1.1874673519330532,-0.7637519766505488,0.5510366380169074,optional_qc_sensitivity_predictor,True,,True,,True,88,"[""E""]",E,True,1,False,4.0
P014,group_01,group_01,P014__trial_05,5,5,EDR-1,EDR-1,3,EDR-1 - Enjoying Free Time,EDR-1,"You have some free time and no immediate responsibilities that require your attention. You are not feeling tired or worried, but you would like to enjoy your time rather than let it pass uneventfully. You decide to listen to music for entertainment, making your free time more enjoyable.",Enjoyment,id_like_to_know,group_01_song_b_id_like_to_know,1,Song B,I'd Like To Know,B,2,id_like_to_know_pxl_s5,mix_82d60d7c7fc5,assets/audio/study-stimuli/main-study/group_01/song_b_id_like_to_know/pxl_s5.wav,50,True,True,.,-0.3583378408524605,-0.1527662554529231,0.7972705919658362,1.6270752922517937,optional_qc_sensitivity_predictor,True,,True,,True,88,"[""E""]",E,True,1,False,3.0
P014,group_01,group_01,P014__trial_05,5,5,EDR-1,EDR-1,3,EDR-1 - Enjoying Free Time,EDR-1,"You have some free time and no immediate responsibilities that require your attention. You are not feeling tired or worried, but you would like to enjoy your time rather than let it pass uneventfully. You decide to listen to music for entertainment, making your free time more enjoyable.",Enjoyment,id_like_to_know,group_01_song_b_id_like_to_know,1,Song B,I'd Like To Know,C,3,id_like_to_know_pxl_s7,mix_b393d3919c78,assets/audio/study-stimuli/main-study/group_01/song_b_id_like_to_know/pxl_s7.wav,64,True,True,.,-0.867056238017743,-0.6188407399054331,-0.3229009373128245,-1.0515106991885117,optional_qc_sensitivity_predictor,True,,True,,True,88,"[""E""]",E,True,1,False,2.0
P014,group_01,group_01,P014__trial_05,5,5,EDR-1,EDR-1,3,EDR-1 - Enjoying Free Time,EDR-1,"You have some free time and no immediate responsibilities that require your attention. You are not feeling tired or worried, but you would like to enjoy your time rather than let it pass uneventfully. You decide to listen to music for entertainment, making your free time more enjoyable.",Enjoyment,id_like_to_know,group_01_song_b_id_like_to_know,1,Song B,I'd Like To Know,D,4,id_like_to_know_pxl_s3,mix_65f41f41d3ab,assets/audio/study-stimuli/main-study/group_01/song_b_id_like_to_know/pxl_s3.wav,15,True,True,.,0.3234844364321996,-1.065060189455143,-1.1651773700507613,-0.0982478955990668,optional_qc_sensitivity_predictor,True,,True,,True,88,"[""E""]",E,True,1,False,5.0
P014,group_01,group_01,P014__trial_05,5,5,EDR-1,EDR-1,3,EDR-1 - Enjoying Free Time,EDR-1,"You have some free time and no immediate responsibilities that require your attention. You are not feeling tired or worried, but you would like to enjoy your time rather than let it pass uneventfully. You decide to listen to music for entertainment, making your free time more enjoyable.",Enjoyment,id_like_to_know,group_01_song_b_id_like_to_know,1,Song B,I'd Like To Know,E,5,id_like_to_know_pxl_s1,mix_9ffcd672af17,assets/audio/study-stimuli/main-study/group_01/song_b_id_like_to_know/pxl_s1.wav,88,True,True,.,-0.5659114167269081,-0.579304038497624,-0.4851205015292653,1.357247686182373,optional_qc_sensitivity_predictor,True,,True,,True,88,"[""E""]",E,True,1,True,1.0
P014,group_01,group_01,P014__trial_06,6,6,EDR-1,EDR-1,3,EDR-1 - Enjoying Free Time,EDR-1,"You have some free time and no immediate responsibilities that require your attention. You are not feeling tired or worried, but you would like to enjoy your time rather than let it pass uneventfully. You decide to listen to music for entertainment, making your free time more enjoyable.",Enjoyment,lead_me,group_01_song_a_lead_me,2,Song A,Lead Me,A,1,lead_me_du_e,mix_271852ba8676,assets/audio/study-stimuli/main-study/group_01/song_a_lead_me/du_e.wav,4,True,True,.,-1.0250576971995913,0.5199952869185839,-0.8666083508697964,0.9959336464039888,optional_qc_sensitivity_predictor,True,,True,,True,100,"[""E""]",E,True,1,False,5.0
P014,group_01,group_01,P014__trial_06,6,6,EDR-1,EDR-1,3,EDR-1 - Enjoying Free Time,EDR-1,"You have some free time and no immediate responsibilities that require your attention. You are not feeling tired or worried, but you would like to enjoy your time rather than let it pass uneventfully. You decide to listen to music for entertainment, making your free time more enjoyable.",Enjoyment,lead_me,group_01_song_a_lead_me,2,Song A,Lead Me,B,2,lead_me_pxl_l1,mix_d5b28dfc8a93,assets/audio/study-stimuli/main-study/group_01/song_a_lead_me/pxl_l1.wav,76,True,True,.,-0.0024436394808062,-0.3677713699084406,-1.2816942263900757,-0.1924460334762285,optional_qc_sensitivity_predictor,True,,True,,True,100,"[""E""]",E,True,1,False,2.0
P014,group_01,group_01,P014__trial_06,6,6,EDR-1,EDR-1,3,EDR-1 - Enjoying Free Time,EDR-1,"You have some free time and no immediate responsibilities that require your attention. You are not feeling tired or worried, but you would like to enjoy your time rather than let it pass uneventfully. You decide to listen to music for entertainment, making your free time more enjoyable.",Enjoyment,lead_me,group_01_song_a_lead_me,2,Song A,Lead Me,C,3,lead_me_pxl_l4,mix_c7d9a071ba25,assets/audio/study-stimuli/main-study/group_01/song_a_lead_me/pxl_l4.wav,61,True,True,.,-0.0552007785055364,-0.8412121981784734,0.8321106863211235,2.390299590706203,optional_qc_sensitivity_predictor,True,,True,,True,100,"[""E""]",E,True,1,False,3.0
P014,group_01,group_01,P014__trial_06,6,6,EDR-1,EDR-1,3,EDR-1 - Enjoying Free Time,EDR-1,"You have some free time and no immediate responsibilities that require your attention. You are not feeling tired or worried, but you would like to enjoy your time rather than let it pass uneventfully. You decide to listen to music for entertainment, making your free time more enjoyable.",Enjoyment,lead_me,group_01_song_a_lead_me,2,Song A,Lead Me,D,4,lead_me_du_d,mix_f1f7973e5bac,assets/audio/study-stimuli/main-study/group_01/song_a_lead_me/du_d.wav,17,True,True,.,0.7402857811167308,-1.548717422055362,0.3280479404435016,-1.017146833506479,optional_qc_sensitivity_predictor,True,,True,,True,100,"[""E""]",E,True,1,False,4.0
P014,group_01,group_01,P014__trial_06,6,6,EDR-1,EDR-1,3,EDR-1 - Enjoying Free Time,EDR-1,"You have some free time and no immediate responsibilities that require your attention. You are not feeling tired or worried, but you would like to enjoy your time rather than let it pass uneventfully. You decide to listen to music for entertainment, making your free time more enjoyable.",Enjoyment,lead_me,group_01_song_a_lead_me,2,Song A,Lead Me,E,5,lead_me_mcg_pro2,mix_d3e3580b6e30,assets/audio/study-stimuli/main-study/group_01/song_a_lead_me/mcg_pro2.wav,100,True,True,.,2.9805308263561203,0.8594252384169624,-0.9263284806752846,0.048773555233824,optional_qc_sensitivity_predictor,True,,True,,True,100,"[""E""]",E,True,1,True,1.0
P015,group_01,group_01,P015__trial_01,1,1,EDR-1,EDR-1,1,EDR-1 - Enjoying Free Time,EDR-1,"You have some free time and no immediate responsibilities that require your attention. You are not feeling tired or worried, but you would like to enjoy your time rather than let it pass uneventfully. You decide to listen to music for entertainment, making your free time more enjoyable.",Enjoyment,lead_me,group_01_song_a_lead_me,1,Song A,Lead Me,A,1,lead_me_pxl_l1,mix_d5b28dfc8a93,assets/audio/study-stimuli/main-study/group_01/song_a_lead_me/pxl_l1.wav,100,True,True,"A is the most balanced mix. The instruments and vocals are well balanced, which works very well for country music. E has more prominent instruments, but it is not as balanced as A, so I would rank it second. B focuses more on the vocals, while the instruments are less noticeable. In B, I also feel that the instruments are too quiet, and the vocals sound a little noisy and not very clean. D sounds like it was recorded in a bathroom because there is too much reverb.
",-0.0024436394808062,-0.3677713699084406,-1.2816942263900757,-0.1924460334762285,optional_qc_sensitivity_predictor,True,,True,,True,100,"[""A""]",A,True,1,True,1.0
P015,group_01,group_01,P015__trial_01,1,1,EDR-1,EDR-1,1,EDR-1 - Enjoying Free Time,EDR-1,"You have some free time and no immediate responsibilities that require your attention. You are not feeling tired or worried, but you would like to enjoy your time rather than let it pass uneventfully. You decide to listen to music for entertainment, making your free time more enjoyable.",Enjoyment,lead_me,group_01_song_a_lead_me,1,Song A,Lead Me,B,2,lead_me_du_e,mix_271852ba8676,assets/audio/study-stimuli/main-study/group_01/song_a_lead_me/du_e.wav,50,True,True,"A is the most balanced mix. The instruments and vocals are well balanced, which works very well for country music. E has more prominent instruments, but it is not as balanced as A, so I would rank it second. B focuses more on the vocals, while the instruments are less noticeable. In B, I also feel that the instruments are too quiet, and the vocals sound a little noisy and not very clean. D sounds like it was recorded in a bathroom because there is too much reverb.
",-1.0250576971995913,0.5199952869185839,-0.8666083508697964,0.9959336464039888,optional_qc_sensitivity_predictor,True,,True,,True,100,"[""A""]",A,True,1,False,4.0
P015,group_01,group_01,P015__trial_01,1,1,EDR-1,EDR-1,1,EDR-1 - Enjoying Free Time,EDR-1,"You have some free time and no immediate responsibilities that require your attention. You are not feeling tired or worried, but you would like to enjoy your time rather than let it pass uneventfully. You decide to listen to music for entertainment, making your free time more enjoyable.",Enjoyment,lead_me,group_01_song_a_lead_me,1,Song A,Lead Me,C,3,lead_me_pxl_l4,mix_c7d9a071ba25,assets/audio/study-stimuli/main-study/group_01/song_a_lead_me/pxl_l4.wav,79,True,True,"A is the most balanced mix. The instruments and vocals are well balanced, which works very well for country music. E has more prominent instruments, but it is not as balanced as A, so I would rank it second. B focuses more on the vocals, while the instruments are less noticeable. In B, I also feel that the instruments are too quiet, and the vocals sound a little noisy and not very clean. D sounds like it was recorded in a bathroom because there is too much reverb.
",-0.0552007785055364,-0.8412121981784734,0.8321106863211235,2.390299590706203,optional_qc_sensitivity_predictor,True,,True,,True,100,"[""A""]",A,True,1,False,3.0
P015,group_01,group_01,P015__trial_01,1,1,EDR-1,EDR-1,1,EDR-1 - Enjoying Free Time,EDR-1,"You have some free time and no immediate responsibilities that require your attention. You are not feeling tired or worried, but you would like to enjoy your time rather than let it pass uneventfully. You decide to listen to music for entertainment, making your free time more enjoyable.",Enjoyment,lead_me,group_01_song_a_lead_me,1,Song A,Lead Me,D,4,lead_me_du_d,mix_f1f7973e5bac,assets/audio/study-stimuli/main-study/group_01/song_a_lead_me/du_d.wav,43,True,True,"A is the most balanced mix. The instruments and vocals are well balanced, which works very well for country music. E has more prominent instruments, but it is not as balanced as A, so I would rank it second. B focuses more on the vocals, while the instruments are less noticeable. In B, I also feel that the instruments are too quiet, and the vocals sound a little noisy and not very clean. D sounds like it was recorded in a bathroom because there is too much reverb.
",0.7402857811167308,-1.548717422055362,0.3280479404435016,-1.017146833506479,optional_qc_sensitivity_predictor,True,,True,,True,100,"[""A""]",A,True,1,False,5.0
P015,group_01,group_01,P015__trial_01,1,1,EDR-1,EDR-1,1,EDR-1 - Enjoying Free Time,EDR-1,"You have some free time and no immediate responsibilities that require your attention. You are not feeling tired or worried, but you would like to enjoy your time rather than let it pass uneventfully. You decide to listen to music for entertainment, making your free time more enjoyable.",Enjoyment,lead_me,group_01_song_a_lead_me,1,Song A,Lead Me,E,5,lead_me_mcg_pro2,mix_d3e3580b6e30,assets/audio/study-stimuli/main-study/group_01/song_a_lead_me/mcg_pro2.wav,89,True,True,"A is the most balanced mix. The instruments and vocals are well balanced, which works very well for country music. E has more prominent instruments, but it is not as balanced as A, so I would rank it second. B focuses more on the vocals, while the instruments are less noticeable. In B, I also feel that the instruments are too quiet, and the vocals sound a little noisy and not very clean. D sounds like it was recorded in a bathroom because there is too much reverb.
",2.9805308263561203,0.8594252384169624,-0.9263284806752846,0.048773555233824,optional_qc_sensitivity_predictor,True,,True,,True,100,"[""A""]",A,True,1,False,2.0
P015,group_01,group_01,P015__trial_02,2,2,EDR-1,EDR-1,1,EDR-1 - Enjoying Free Time,EDR-1,"You have some free time and no immediate responsibilities that require your attention. You are not feeling tired or worried, but you would like to enjoy your time rather than let it pass uneventfully. You decide to listen to music for entertainment, making your free time more enjoyable.",Enjoyment,id_like_to_know,group_01_song_b_id_like_to_know,2,Song B,I'd Like To Know,A,1,id_like_to_know_pxl_s5,mix_82d60d7c7fc5,assets/audio/study-stimuli/main-study/group_01/song_b_id_like_to_know/pxl_s5.wav,54,True,True,"D is the best because the reverb on the vocals creates an intimate and slightly ambiguous feeling that fits the song very well. C has a similar effect to D, but the vocals do not sound as clear. In both B and E, the instruments are too loud, and some of the details in the guitar are lost as a result. A is the worst because neither the vocals nor the instruments sound well mixed. It gives me the impression of a poor-quality studio recording.
",-0.3583378408524605,-0.1527662554529231,0.7972705919658362,1.6270752922517937,optional_qc_sensitivity_predictor,True,,True,,True,99,"[""D""]",D,True,1,False,5.0
P015,group_01,group_01,P015__trial_02,2,2,EDR-1,EDR-1,1,EDR-1 - Enjoying Free Time,EDR-1,"You have some free time and no immediate responsibilities that require your attention. You are not feeling tired or worried, but you would like to enjoy your time rather than let it pass uneventfully. You decide to listen to music for entertainment, making your free time more enjoyable.",Enjoyment,id_like_to_know,group_01_song_b_id_like_to_know,2,Song B,I'd Like To Know,B,2,id_like_to_know_pxl_s2,mix_6f8b655d7999,assets/audio/study-stimuli/main-study/group_01/song_b_id_like_to_know/pxl_s2.wav,76,True,True,"D is the best because the reverb on the vocals creates an intimate and slightly ambiguous feeling that fits the song very well. C has a similar effect to D, but the vocals do not sound as clear. In both B and E, the instruments are too loud, and some of the details in the guitar are lost as a result. A is the worst because neither the vocals nor the instruments sound well mixed. It gives me the impression of a poor-quality studio recording.
",0.5329997864789321,-1.1874673519330532,-0.7637519766505488,0.5510366380169074,optional_qc_sensitivity_predictor,True,,True,,True,99,"[""D""]",D,True,1,False,3.0
P015,group_01,group_01,P015__trial_02,2,2,EDR-1,EDR-1,1,EDR-1 - Enjoying Free Time,EDR-1,"You have some free time and no immediate responsibilities that require your attention. You are not feeling tired or worried, but you would like to enjoy your time rather than let it pass uneventfully. You decide to listen to music for entertainment, making your free time more enjoyable.",Enjoyment,id_like_to_know,group_01_song_b_id_like_to_know,2,Song B,I'd Like To Know,C,3,id_like_to_know_pxl_s1,mix_9ffcd672af17,assets/audio/study-stimuli/main-study/group_01/song_b_id_like_to_know/pxl_s1.wav,86,True,True,"D is the best because the reverb on the vocals creates an intimate and slightly ambiguous feeling that fits the song very well. C has a similar effect to D, but the vocals do not sound as clear. In both B and E, the instruments are too loud, and some of the details in the guitar are lost as a result. A is the worst because neither the vocals nor the instruments sound well mixed. It gives me the impression of a poor-quality studio recording.
",-0.5659114167269081,-0.579304038497624,-0.4851205015292653,1.357247686182373,optional_qc_sensitivity_predictor,True,,True,,True,99,"[""D""]",D,True,1,False,2.0
P015,group_01,group_01,P015__trial_02,2,2,EDR-1,EDR-1,1,EDR-1 - Enjoying Free Time,EDR-1,"You have some free time and no immediate responsibilities that require your attention. You are not feeling tired or worried, but you would like to enjoy your time rather than let it pass uneventfully. You decide to listen to music for entertainment, making your free time more enjoyable.",Enjoyment,id_like_to_know,group_01_song_b_id_like_to_know,2,Song B,I'd Like To Know,D,4,id_like_to_know_pxl_s3,mix_65f41f41d3ab,assets/audio/study-stimuli/main-study/group_01/song_b_id_like_to_know/pxl_s3.wav,99,True,True,"D is the best because the reverb on the vocals creates an intimate and slightly ambiguous feeling that fits the song very well. C has a similar effect to D, but the vocals do not sound as clear. In both B and E, the instruments are too loud, and some of the details in the guitar are lost as a result. A is the worst because neither the vocals nor the instruments sound well mixed. It gives me the impression of a poor-quality studio recording.
",0.3234844364321996,-1.065060189455143,-1.1651773700507613,-0.0982478955990668,optional_qc_sensitivity_predictor,True,,True,,True,99,"[""D""]",D,True,1,True,1.0
P015,group_01,group_01,P015__trial_02,2,2,EDR-1,EDR-1,1,EDR-1 - Enjoying Free Time,EDR-1,"You have some free time and no immediate responsibilities that require your attention. You are not feeling tired or worried, but you would like to enjoy your time rather than let it pass uneventfully. You decide to listen to music for entertainment, making your free time more enjoyable.",Enjoyment,id_like_to_know,group_01_song_b_id_like_to_know,2,Song B,I'd Like To Know,E,5,id_like_to_know_pxl_s7,mix_b393d3919c78,assets/audio/study-stimuli/main-study/group_01/song_b_id_like_to_know/pxl_s7.wav,65,True,True,"D is the best because the reverb on the vocals creates an intimate and slightly ambiguous feeling that fits the song very well. C has a similar effect to D, but the vocals do not sound as clear. In both B and E, the instruments are too loud, and some of the details in the guitar are lost as a result. A is the worst because neither the vocals nor the instruments sound well mixed. It gives me the impression of a poor-quality studio recording.
",-0.867056238017743,-0.6188407399054331,-0.3229009373128245,-1.0515106991885117,optional_qc_sensitivity_predictor,True,,True,,True,99,"[""D""]",D,True,1,False,4.0
P015,group_01,group_01,P015__trial_03,3,3,EDR-2,EDR-2,2,EDR-2 - Unwinding After a Demanding Period,EDR-2,"You have some time for yourself after a demanding period. Although a few everyday concerns are still on your mind, there is nothing that requires your attention right now. You would like to feel calmer and take your mind off these concerns for a while, so you decide to listen to music to help you unwind.",Relaxation-Distraction,id_like_to_know,group_01_song_b_id_like_to_know,1,Song B,I'd Like To Know,A,1,id_like_to_know_pxl_s5,mix_82d60d7c7fc5,assets/audio/study-stimuli/main-study/group_01/song_b_id_like_to_know/pxl_s5.wav,53,True,True,"D is the best because the reverb on the vocals creates an intimate and slightly ambiguous feeling that fits the song very well. C has a similar effect to D, but the vocals do not sound as clear. In both B and E, the instruments are too loud, and some of the details in the guitar are lost as a result. A is the worst because neither the vocals nor the instruments sound well mixed. It gives me the impression of a poor-quality studio recording.
",-0.3583378408524605,-0.1527662554529231,0.7972705919658362,1.6270752922517937,optional_qc_sensitivity_predictor,True,,True,,True,97,"[""D""]",D,True,1,False,5.0
P015,group_01,group_01,P015__trial_03,3,3,EDR-2,EDR-2,2,EDR-2 - Unwinding After a Demanding Period,EDR-2,"You have some time for yourself after a demanding period. Although a few everyday concerns are still on your mind, there is nothing that requires your attention right now. You would like to feel calmer and take your mind off these concerns for a while, so you decide to listen to music to help you unwind.",Relaxation-Distraction,id_like_to_know,group_01_song_b_id_like_to_know,1,Song B,I'd Like To Know,B,2,id_like_to_know_pxl_s7,mix_b393d3919c78,assets/audio/study-stimuli/main-study/group_01/song_b_id_like_to_know/pxl_s7.wav,63,True,True,"D is the best because the reverb on the vocals creates an intimate and slightly ambiguous feeling that fits the song very well. C has a similar effect to D, but the vocals do not sound as clear. In both B and E, the instruments are too loud, and some of the details in the guitar are lost as a result. A is the worst because neither the vocals nor the instruments sound well mixed. It gives me the impression of a poor-quality studio recording.
",-0.867056238017743,-0.6188407399054331,-0.3229009373128245,-1.0515106991885117,optional_qc_sensitivity_predictor,True,,True,,True,97,"[""D""]",D,True,1,False,4.0
P015,group_01,group_01,P015__trial_03,3,3,EDR-2,EDR-2,2,EDR-2 - Unwinding After a Demanding Period,EDR-2,"You have some time for yourself after a demanding period. Although a few everyday concerns are still on your mind, there is nothing that requires your attention right now. You would like to feel calmer and take your mind off these concerns for a while, so you decide to listen to music to help you unwind.",Relaxation-Distraction,id_like_to_know,group_01_song_b_id_like_to_know,1,Song B,I'd Like To Know,C,3,id_like_to_know_pxl_s1,mix_9ffcd672af17,assets/audio/study-stimuli/main-study/group_01/song_b_id_like_to_know/pxl_s1.wav,86,True,True,"D is the best because the reverb on the vocals creates an intimate and slightly ambiguous feeling that fits the song very well. C has a similar effect to D, but the vocals do not sound as clear. In both B and E, the instruments are too loud, and some of the details in the guitar are lost as a result. A is the worst because neither the vocals nor the instruments sound well mixed. It gives me the impression of a poor-quality studio recording.
",-0.5659114167269081,-0.579304038497624,-0.4851205015292653,1.357247686182373,optional_qc_sensitivity_predictor,True,,True,,True,97,"[""D""]",D,True,1,False,2.0
P015,group_01,group_01,P015__trial_03,3,3,EDR-2,EDR-2,2,EDR-2 - Unwinding After a Demanding Period,EDR-2,"You have some time for yourself after a demanding period. Although a few everyday concerns are still on your mind, there is nothing that requires your attention right now. You would like to feel calmer and take your mind off these concerns for a while, so you decide to listen to music to help you unwind.",Relaxation-Distraction,id_like_to_know,group_01_song_b_id_like_to_know,1,Song B,I'd Like To Know,D,4,id_like_to_know_pxl_s3,mix_65f41f41d3ab,assets/audio/study-stimuli/main-study/group_01/song_b_id_like_to_know/pxl_s3.wav,97,True,True,"D is the best because the reverb on the vocals creates an intimate and slightly ambiguous feeling that fits the song very well. C has a similar effect to D, but the vocals do not sound as clear. In both B and E, the instruments are too loud, and some of the details in the guitar are lost as a result. A is the worst because neither the vocals nor the instruments sound well mixed. It gives me the impression of a poor-quality studio recording.
",0.3234844364321996,-1.065060189455143,-1.1651773700507613,-0.0982478955990668,optional_qc_sensitivity_predictor,True,,True,,True,97,"[""D""]",D,True,1,True,1.0
P015,group_01,group_01,P015__trial_03,3,3,EDR-2,EDR-2,2,EDR-2 - Unwinding After a Demanding Period,EDR-2,"You have some time for yourself after a demanding period. Although a few everyday concerns are still on your mind, there is nothing that requires your attention right now. You would like to feel calmer and take your mind off these concerns for a while, so you decide to listen to music to help you unwind.",Relaxation-Distraction,id_like_to_know,group_01_song_b_id_like_to_know,1,Song B,I'd Like To Know,E,5,id_like_to_know_pxl_s2,mix_6f8b655d7999,assets/audio/study-stimuli/main-study/group_01/song_b_id_like_to_know/pxl_s2.wav,76,True,True,"D is the best because the reverb on the vocals creates an intimate and slightly ambiguous feeling that fits the song very well. C has a similar effect to D, but the vocals do not sound as clear. In both B and E, the instruments are too loud, and some of the details in the guitar are lost as a result. A is the worst because neither the vocals nor the instruments sound well mixed. It gives me the impression of a poor-quality studio recording.
",0.5329997864789321,-1.1874673519330532,-0.7637519766505488,0.5510366380169074,optional_qc_sensitivity_predictor,True,,True,,True,97,"[""D""]",D,True,1,False,3.0
P015,group_01,group_01,P015__trial_04,4,4,EDR-2,EDR-2,2,EDR-2 - Unwinding After a Demanding Period,EDR-2,"You have some time for yourself after a demanding period. Although a few everyday concerns are still on your mind, there is nothing that requires your attention right now. You would like to feel calmer and take your mind off these concerns for a while, so you decide to listen to music to help you unwind.",Relaxation-Distraction,lead_me,group_01_song_a_lead_me,2,Song A,Lead Me,A,1,lead_me_pxl_l1,mix_d5b28dfc8a93,assets/audio/study-stimuli/main-study/group_01/song_a_lead_me/pxl_l1.wav,100,True,True,"A has the best balance between the vocals and the instruments. E is also quite balanced, but it is not as clear as A. The problem with D is that the vocals are too loud and overpower the instruments. Both B and C have unclear and muddy-sounding vocals, and C is the worst overall.
",-0.0024436394808062,-0.3677713699084406,-1.2816942263900757,-0.1924460334762285,optional_qc_sensitivity_predictor,True,,True,,True,100,"[""A""]",A,True,1,True,1.0
P015,group_01,group_01,P015__trial_04,4,4,EDR-2,EDR-2,2,EDR-2 - Unwinding After a Demanding Period,EDR-2,"You have some time for yourself after a demanding period. Although a few everyday concerns are still on your mind, there is nothing that requires your attention right now. You would like to feel calmer and take your mind off these concerns for a while, so you decide to listen to music to help you unwind.",Relaxation-Distraction,lead_me,group_01_song_a_lead_me,2,Song A,Lead Me,B,2,lead_me_mcg_pro2,mix_d3e3580b6e30,assets/audio/study-stimuli/main-study/group_01/song_a_lead_me/mcg_pro2.wav,64,True,True,"A has the best balance between the vocals and the instruments. E is also quite balanced, but it is not as clear as A. The problem with D is that the vocals are too loud and overpower the instruments. Both B and C have unclear and muddy-sounding vocals, and C is the worst overall.
",2.9805308263561203,0.8594252384169624,-0.9263284806752846,0.048773555233824,optional_qc_sensitivity_predictor,True,,True,,True,100,"[""A""]",A,True,1,False,4.0
P015,group_01,group_01,P015__trial_04,4,4,EDR-2,EDR-2,2,EDR-2 - Unwinding After a Demanding Period,EDR-2,"You have some time for yourself after a demanding period. Although a few everyday concerns are still on your mind, there is nothing that requires your attention right now. You would like to feel calmer and take your mind off these concerns for a while, so you decide to listen to music to help you unwind.",Relaxation-Distraction,lead_me,group_01_song_a_lead_me,2,Song A,Lead Me,C,3,lead_me_du_d,mix_f1f7973e5bac,assets/audio/study-stimuli/main-study/group_01/song_a_lead_me/du_d.wav,51,True,True,"A has the best balance between the vocals and the instruments. E is also quite balanced, but it is not as clear as A. The problem with D is that the vocals are too loud and overpower the instruments. Both B and C have unclear and muddy-sounding vocals, and C is the worst overall.
",0.7402857811167308,-1.548717422055362,0.3280479404435016,-1.017146833506479,optional_qc_sensitivity_predictor,True,,True,,True,100,"[""A""]",A,True,1,False,5.0
P015,group_01,group_01,P015__trial_04,4,4,EDR-2,EDR-2,2,EDR-2 - Unwinding After a Demanding Period,EDR-2,"You have some time for yourself after a demanding period. Although a few everyday concerns are still on your mind, there is nothing that requires your attention right now. You would like to feel calmer and take your mind off these concerns for a while, so you decide to listen to music to help you unwind.",Relaxation-Distraction,lead_me,group_01_song_a_lead_me,2,Song A,Lead Me,D,4,lead_me_du_e,mix_271852ba8676,assets/audio/study-stimuli/main-study/group_01/song_a_lead_me/du_e.wav,75,True,True,"A has the best balance between the vocals and the instruments. E is also quite balanced, but it is not as clear as A. The problem with D is that the vocals are too loud and overpower the instruments. Both B and C have unclear and muddy-sounding vocals, and C is the worst overall.
",-1.0250576971995913,0.5199952869185839,-0.8666083508697964,0.9959336464039888,optional_qc_sensitivity_predictor,True,,True,,True,100,"[""A""]",A,True,1,False,3.0
P015,group_01,group_01,P015__trial_04,4,4,EDR-2,EDR-2,2,EDR-2 - Unwinding After a Demanding Period,EDR-2,"You have some time for yourself after a demanding period. Although a few everyday concerns are still on your mind, there is nothing that requires your attention right now. You would like to feel calmer and take your mind off these concerns for a while, so you decide to listen to music to help you unwind.",Relaxation-Distraction,lead_me,group_01_song_a_lead_me,2,Song A,Lead Me,E,5,lead_me_pxl_l4,mix_c7d9a071ba25,assets/audio/study-stimuli/main-study/group_01/song_a_lead_me/pxl_l4.wav,85,True,True,"A has the best balance between the vocals and the instruments. E is also quite balanced, but it is not as clear as A. The problem with D is that the vocals are too loud and overpower the instruments. Both B and C have unclear and muddy-sounding vocals, and C is the worst overall.
",-0.0552007785055364,-0.8412121981784734,0.8321106863211235,2.390299590706203,optional_qc_sensitivity_predictor,True,,True,,True,100,"[""A""]",A,True,1,False,2.0
P015,group_01,group_01,P015__trial_05,5,5,FM-1,FM-1,3,FM-1 - Maintaining Engagement During an Activity,FM-1,"You are engaged in an activity that requires sustained mental or physical effort. As you continue, it becomes more difficult to stay engaged. You want to maintain your focus and motivation so that you can continue making steady progress toward completing the activity. You decide to listen to music while carrying on with the activity.",Focus-Motivation,lead_me,group_01_song_a_lead_me,1,Song A,Lead Me,A,1,lead_me_pxl_l1,mix_d5b28dfc8a93,assets/audio/study-stimuli/main-study/group_01/song_a_lead_me/pxl_l1.wav,77,True,True,"E is the most comfortable to listen to. However, I feel that the higher notes in the vocals do not stand out enough. On the other hand, the instruments are mixed very well. B does a good job of bringing out the characteristics of the vocals, but the instruments do not sound as good as in E. A is quite balanced, but there is a little too much reverb, which makes the vocals and instruments blend together too much. D sounds more like a live mix. If it is supposed to be a studio recording, though, I think the mix is not very good because there is too much reverb.
",-0.0024436394808062,-0.3677713699084406,-1.2816942263900757,-0.1924460334762285,optional_qc_sensitivity_predictor,True,,True,,True,100,"[""E""]",E,True,1,False,3.0
P015,group_01,group_01,P015__trial_05,5,5,FM-1,FM-1,3,FM-1 - Maintaining Engagement During an Activity,FM-1,"You are engaged in an activity that requires sustained mental or physical effort. As you continue, it becomes more difficult to stay engaged. You want to maintain your focus and motivation so that you can continue making steady progress toward completing the activity. You decide to listen to music while carrying on with the activity.",Focus-Motivation,lead_me,group_01_song_a_lead_me,1,Song A,Lead Me,B,2,lead_me_pxl_l4,mix_c7d9a071ba25,assets/audio/study-stimuli/main-study/group_01/song_a_lead_me/pxl_l4.wav,91,True,True,"E is the most comfortable to listen to. However, I feel that the higher notes in the vocals do not stand out enough. On the other hand, the instruments are mixed very well. B does a good job of bringing out the characteristics of the vocals, but the instruments do not sound as good as in E. A is quite balanced, but there is a little too much reverb, which makes the vocals and instruments blend together too much. D sounds more like a live mix. If it is supposed to be a studio recording, though, I think the mix is not very good because there is too much reverb.
",-0.0552007785055364,-0.8412121981784734,0.8321106863211235,2.390299590706203,optional_qc_sensitivity_predictor,True,,True,,True,100,"[""E""]",E,True,1,False,2.0
P015,group_01,group_01,P015__trial_05,5,5,FM-1,FM-1,3,FM-1 - Maintaining Engagement During an Activity,FM-1,"You are engaged in an activity that requires sustained mental or physical effort. As you continue, it becomes more difficult to stay engaged. You want to maintain your focus and motivation so that you can continue making steady progress toward completing the activity. You decide to listen to music while carrying on with the activity.",Focus-Motivation,lead_me,group_01_song_a_lead_me,1,Song A,Lead Me,C,3,lead_me_du_e,mix_271852ba8676,assets/audio/study-stimuli/main-study/group_01/song_a_lead_me/du_e.wav,55,True,True,"E is the most comfortable to listen to. However, I feel that the higher notes in the vocals do not stand out enough. On the other hand, the instruments are mixed very well. B does a good job of bringing out the characteristics of the vocals, but the instruments do not sound as good as in E. A is quite balanced, but there is a little too much reverb, which makes the vocals and instruments blend together too much. D sounds more like a live mix. If it is supposed to be a studio recording, though, I think the mix is not very good because there is too much reverb.
",-1.0250576971995913,0.5199952869185839,-0.8666083508697964,0.9959336464039888,optional_qc_sensitivity_predictor,True,,True,,True,100,"[""E""]",E,True,1,False,5.0
P015,group_01,group_01,P015__trial_05,5,5,FM-1,FM-1,3,FM-1 - Maintaining Engagement During an Activity,FM-1,"You are engaged in an activity that requires sustained mental or physical effort. As you continue, it becomes more difficult to stay engaged. You want to maintain your focus and motivation so that you can continue making steady progress toward completing the activity. You decide to listen to music while carrying on with the activity.",Focus-Motivation,lead_me,group_01_song_a_lead_me,1,Song A,Lead Me,D,4,lead_me_du_d,mix_f1f7973e5bac,assets/audio/study-stimuli/main-study/group_01/song_a_lead_me/du_d.wav,66,True,True,"E is the most comfortable to listen to. However, I feel that the higher notes in the vocals do not stand out enough. On the other hand, the instruments are mixed very well. B does a good job of bringing out the characteristics of the vocals, but the instruments do not sound as good as in E. A is quite balanced, but there is a little too much reverb, which makes the vocals and instruments blend together too much. D sounds more like a live mix. If it is supposed to be a studio recording, though, I think the mix is not very good because there is too much reverb.
",0.7402857811167308,-1.548717422055362,0.3280479404435016,-1.017146833506479,optional_qc_sensitivity_predictor,True,,True,,True,100,"[""E""]",E,True,1,False,4.0
P015,group_01,group_01,P015__trial_05,5,5,FM-1,FM-1,3,FM-1 - Maintaining Engagement During an Activity,FM-1,"You are engaged in an activity that requires sustained mental or physical effort. As you continue, it becomes more difficult to stay engaged. You want to maintain your focus and motivation so that you can continue making steady progress toward completing the activity. You decide to listen to music while carrying on with the activity.",Focus-Motivation,lead_me,group_01_song_a_lead_me,1,Song A,Lead Me,E,5,lead_me_mcg_pro2,mix_d3e3580b6e30,assets/audio/study-stimuli/main-study/group_01/song_a_lead_me/mcg_pro2.wav,100,True,True,"E is the most comfortable to listen to. However, I feel that the higher notes in the vocals do not stand out enough. On the other hand, the instruments are mixed very well. B does a good job of bringing out the characteristics of the vocals, but the instruments do not sound as good as in E. A is quite balanced, but there is a little too much reverb, which makes the vocals and instruments blend together too much. D sounds more like a live mix. If it is supposed to be a studio recording, though, I think the mix is not very good because there is too much reverb.
",2.9805308263561203,0.8594252384169624,-0.9263284806752846,0.048773555233824,optional_qc_sensitivity_predictor,True,,True,,True,100,"[""E""]",E,True,1,True,1.0
P015,group_01,group_01,P015__trial_06,6,6,FM-1,FM-1,3,FM-1 - Maintaining Engagement During an Activity,FM-1,"You are engaged in an activity that requires sustained mental or physical effort. As you continue, it becomes more difficult to stay engaged. You want to maintain your focus and motivation so that you can continue making steady progress toward completing the activity. You decide to listen to music while carrying on with the activity.",Focus-Motivation,id_like_to_know,group_01_song_b_id_like_to_know,2,Song B,I'd Like To Know,A,1,id_like_to_know_pxl_s2,mix_6f8b655d7999,assets/audio/study-stimuli/main-study/group_01/song_b_id_like_to_know/pxl_s2.wav,66,True,True,"B is the best because the vocals are very clear. D is also quite good and fits the atmosphere of the song well. A and E are about the same, but the recording does not sound very clear and feels a bit hazy. C is the worst because both the vocals and the overall recording sound very muddy and unclear.
",0.5329997864789321,-1.1874673519330532,-0.7637519766505488,0.5510366380169074,optional_qc_sensitivity_predictor,True,,True,,True,100,"[""B""]",B,True,1,False,4.0
P015,group_01,group_01,P015__trial_06,6,6,FM-1,FM-1,3,FM-1 - Maintaining Engagement During an Activity,FM-1,"You are engaged in an activity that requires sustained mental or physical effort. As you continue, it becomes more difficult to stay engaged. You want to maintain your focus and motivation so that you can continue making steady progress toward completing the activity. You decide to listen to music while carrying on with the activity.",Focus-Motivation,id_like_to_know,group_01_song_b_id_like_to_know,2,Song B,I'd Like To Know,B,2,id_like_to_know_pxl_s1,mix_9ffcd672af17,assets/audio/study-stimuli/main-study/group_01/song_b_id_like_to_know/pxl_s1.wav,100,True,True,"B is the best because the vocals are very clear. D is also quite good and fits the atmosphere of the song well. A and E are about the same, but the recording does not sound very clear and feels a bit hazy. C is the worst because both the vocals and the overall recording sound very muddy and unclear.
",-0.5659114167269081,-0.579304038497624,-0.4851205015292653,1.357247686182373,optional_qc_sensitivity_predictor,True,,True,,True,100,"[""B""]",B,True,1,True,1.0
P015,group_01,group_01,P015__trial_06,6,6,FM-1,FM-1,3,FM-1 - Maintaining Engagement During an Activity,FM-1,"You are engaged in an activity that requires sustained mental or physical effort. As you continue, it becomes more difficult to stay engaged. You want to maintain your focus and motivation so that you can continue making steady progress toward completing the activity. You decide to listen to music while carrying on with the activity.",Focus-Motivation,id_like_to_know,group_01_song_b_id_like_to_know,2,Song B,I'd Like To Know,C,3,id_like_to_know_pxl_s7,mix_b393d3919c78,assets/audio/study-stimuli/main-study/group_01/song_b_id_like_to_know/pxl_s7.wav,25,True,True,"B is the best because the vocals are very clear. D is also quite good and fits the atmosphere of the song well. A and E are about the same, but the recording does not sound very clear and feels a bit hazy. C is the worst because both the vocals and the overall recording sound very muddy and unclear.
",-0.867056238017743,-0.6188407399054331,-0.3229009373128245,-1.0515106991885117,optional_qc_sensitivity_predictor,True,,True,,True,100,"[""B""]",B,True,1,False,5.0
P015,group_01,group_01,P015__trial_06,6,6,FM-1,FM-1,3,FM-1 - Maintaining Engagement During an Activity,FM-1,"You are engaged in an activity that requires sustained mental or physical effort. As you continue, it becomes more difficult to stay engaged. You want to maintain your focus and motivation so that you can continue making steady progress toward completing the activity. You decide to listen to music while carrying on with the activity.",Focus-Motivation,id_like_to_know,group_01_song_b_id_like_to_know,2,Song B,I'd Like To Know,D,4,id_like_to_know_pxl_s3,mix_65f41f41d3ab,assets/audio/study-stimuli/main-study/group_01/song_b_id_like_to_know/pxl_s3.wav,92,True,True,"B is the best because the vocals are very clear. D is also quite good and fits the atmosphere of the song well. A and E are about the same, but the recording does not sound very clear and feels a bit hazy. C is the worst because both the vocals and the overall recording sound very muddy and unclear.
",0.3234844364321996,-1.065060189455143,-1.1651773700507613,-0.0982478955990668,optional_qc_sensitivity_predictor,True,,True,,True,100,"[""B""]",B,True,1,False,2.0
P015,group_01,group_01,P015__trial_06,6,6,FM-1,FM-1,3,FM-1 - Maintaining Engagement During an Activity,FM-1,"You are engaged in an activity that requires sustained mental or physical effort. As you continue, it becomes more difficult to stay engaged. You want to maintain your focus and motivation so that you can continue making steady progress toward completing the activity. You decide to listen to music while carrying on with the activity.",Focus-Motivation,id_like_to_know,group_01_song_b_id_like_to_know,2,Song B,I'd Like To Know,E,5,id_like_to_know_pxl_s5,mix_82d60d7c7fc5,assets/audio/study-stimuli/main-study/group_01/song_b_id_like_to_know/pxl_s5.wav,74,True,True,"B is the best because the vocals are very clear. D is also quite good and fits the atmosphere of the song well. A and E are about the same, but the recording does not sound very clear and feels a bit hazy. C is the worst because both the vocals and the overall recording sound very muddy and unclear.
",-0.3583378408524605,-0.1527662554529231,0.7972705919658362,1.6270752922517937,optional_qc_sensitivity_predictor,True,,True,,True,100,"[""B""]",B,True,1,False,3.0
P016,group_01,group_01,P016__trial_01,1,1,FM-1,FM-1,1,FM-1 - Maintaining Engagement During an Activity,FM-1,"You are engaged in an activity that requires sustained mental or physical effort. As you continue, it becomes more difficult to stay engaged. You want to maintain your focus and motivation so that you can continue making steady progress toward completing the activity. You decide to listen to music while carrying on with the activity.",Focus-Motivation,lead_me,group_01_song_a_lead_me,1,Song A,Lead Me,A,1,lead_me_pxl_l1,mix_d5b28dfc8a93,assets/audio/study-stimuli/main-study/group_01/song_a_lead_me/pxl_l1.wav,61,True,True,acustic sounds different,-0.0024436394808062,-0.3677713699084406,-1.2816942263900757,-0.1924460334762285,optional_qc_sensitivity_predictor,True,,True,,True,75,"[""D""]",D,True,1,False,2.0
P016,group_01,group_01,P016__trial_01,1,1,FM-1,FM-1,1,FM-1 - Maintaining Engagement During an Activity,FM-1,"You are engaged in an activity that requires sustained mental or physical effort. As you continue, it becomes more difficult to stay engaged. You want to maintain your focus and motivation so that you can continue making steady progress toward completing the activity. You decide to listen to music while carrying on with the activity.",Focus-Motivation,lead_me,group_01_song_a_lead_me,1,Song A,Lead Me,B,2,lead_me_du_d,mix_f1f7973e5bac,assets/audio/study-stimuli/main-study/group_01/song_a_lead_me/du_d.wav,48,True,True,acustic sounds different,0.7402857811167308,-1.548717422055362,0.3280479404435016,-1.017146833506479,optional_qc_sensitivity_predictor,True,,True,,True,75,"[""D""]",D,True,1,False,3.5
P016,group_01,group_01,P016__trial_01,1,1,FM-1,FM-1,1,FM-1 - Maintaining Engagement During an Activity,FM-1,"You are engaged in an activity that requires sustained mental or physical effort. As you continue, it becomes more difficult to stay engaged. You want to maintain your focus and motivation so that you can continue making steady progress toward completing the activity. You decide to listen to music while carrying on with the activity.",Focus-Motivation,lead_me,group_01_song_a_lead_me,1,Song A,Lead Me,C,3,lead_me_du_e,mix_271852ba8676,assets/audio/study-stimuli/main-study/group_01/song_a_lead_me/du_e.wav,24,True,True,acustic sounds different,-1.0250576971995913,0.5199952869185839,-0.8666083508697964,0.9959336464039888,optional_qc_sensitivity_predictor,True,,True,,True,75,"[""D""]",D,True,1,False,5.0
P016,group_01,group_01,P016__trial_01,1,1,FM-1,FM-1,1,FM-1 - Maintaining Engagement During an Activity,FM-1,"You are engaged in an activity that requires sustained mental or physical effort. As you continue, it becomes more difficult to stay engaged. You want to maintain your focus and motivation so that you can continue making steady progress toward completing the activity. You decide to listen to music while carrying on with the activity.",Focus-Motivation,lead_me,group_01_song_a_lead_me,1,Song A,Lead Me,D,4,lead_me_pxl_l4,mix_c7d9a071ba25,assets/audio/study-stimuli/main-study/group_01/song_a_lead_me/pxl_l4.wav,75,True,True,acustic sounds different,-0.0552007785055364,-0.8412121981784734,0.8321106863211235,2.390299590706203,optional_qc_sensitivity_predictor,True,,True,,True,75,"[""D""]",D,True,1,True,1.0
P016,group_01,group_01,P016__trial_01,1,1,FM-1,FM-1,1,FM-1 - Maintaining Engagement During an Activity,FM-1,"You are engaged in an activity that requires sustained mental or physical effort. As you continue, it becomes more difficult to stay engaged. You want to maintain your focus and motivation so that you can continue making steady progress toward completing the activity. You decide to listen to music while carrying on with the activity.",Focus-Motivation,lead_me,group_01_song_a_lead_me,1,Song A,Lead Me,E,5,lead_me_mcg_pro2,mix_d3e3580b6e30,assets/audio/study-stimuli/main-study/group_01/song_a_lead_me/mcg_pro2.wav,48,True,True,acustic sounds different,2.9805308263561203,0.8594252384169624,-0.9263284806752846,0.048773555233824,optional_qc_sensitivity_predictor,True,,True,,True,75,"[""D""]",D,True,1,False,3.5
P016,group_01,group_01,P016__trial_02,2,2,FM-1,FM-1,1,FM-1 - Maintaining Engagement During an Activity,FM-1,"You are engaged in an activity that requires sustained mental or physical effort. As you continue, it becomes more difficult to stay engaged. You want to maintain your focus and motivation so that you can continue making steady progress toward completing the activity. You decide to listen to music while carrying on with the activity.",Focus-Motivation,id_like_to_know,group_01_song_b_id_like_to_know,2,Song B,I'd Like To Know,A,1,id_like_to_know_pxl_s5,mix_82d60d7c7fc5,assets/audio/study-stimuli/main-study/group_01/song_b_id_like_to_know/pxl_s5.wav,47,True,True,from worst to best,-0.3583378408524605,-0.1527662554529231,0.7972705919658362,1.6270752922517937,optional_qc_sensitivity_predictor,True,,True,,True,69,"[""C""]",C,True,1,False,3.0
P016,group_01,group_01,P016__trial_02,2,2,FM-1,FM-1,1,FM-1 - Maintaining Engagement During an Activity,FM-1,"You are engaged in an activity that requires sustained mental or physical effort. As you continue, it becomes more difficult to stay engaged. You want to maintain your focus and motivation so that you can continue making steady progress toward completing the activity. You decide to listen to music while carrying on with the activity.",Focus-Motivation,id_like_to_know,group_01_song_b_id_like_to_know,2,Song B,I'd Like To Know,B,2,id_like_to_know_pxl_s2,mix_6f8b655d7999,assets/audio/study-stimuli/main-study/group_01/song_b_id_like_to_know/pxl_s2.wav,59,True,True,from worst to best,0.5329997864789321,-1.1874673519330532,-0.7637519766505488,0.5510366380169074,optional_qc_sensitivity_predictor,True,,True,,True,69,"[""C""]",C,True,1,False,2.0
P016,group_01,group_01,P016__trial_02,2,2,FM-1,FM-1,1,FM-1 - Maintaining Engagement During an Activity,FM-1,"You are engaged in an activity that requires sustained mental or physical effort. As you continue, it becomes more difficult to stay engaged. You want to maintain your focus and motivation so that you can continue making steady progress toward completing the activity. You decide to listen to music while carrying on with the activity.",Focus-Motivation,id_like_to_know,group_01_song_b_id_like_to_know,2,Song B,I'd Like To Know,C,3,id_like_to_know_pxl_s7,mix_b393d3919c78,assets/audio/study-stimuli/main-study/group_01/song_b_id_like_to_know/pxl_s7.wav,69,True,True,from worst to best,-0.867056238017743,-0.6188407399054331,-0.3229009373128245,-1.0515106991885117,optional_qc_sensitivity_predictor,True,,True,,True,69,"[""C""]",C,True,1,True,1.0
P016,group_01,group_01,P016__trial_02,2,2,FM-1,FM-1,1,FM-1 - Maintaining Engagement During an Activity,FM-1,"You are engaged in an activity that requires sustained mental or physical effort. As you continue, it becomes more difficult to stay engaged. You want to maintain your focus and motivation so that you can continue making steady progress toward completing the activity. You decide to listen to music while carrying on with the activity.",Focus-Motivation,id_like_to_know,group_01_song_b_id_like_to_know,2,Song B,I'd Like To Know,D,4,id_like_to_know_pxl_s3,mix_65f41f41d3ab,assets/audio/study-stimuli/main-study/group_01/song_b_id_like_to_know/pxl_s3.wav,23,True,True,from worst to best,0.3234844364321996,-1.065060189455143,-1.1651773700507613,-0.0982478955990668,optional_qc_sensitivity_predictor,True,,True,,True,69,"[""C""]",C,True,1,False,5.0
P016,group_01,group_01,P016__trial_02,2,2,FM-1,FM-1,1,FM-1 - Maintaining Engagement During an Activity,FM-1,"You are engaged in an activity that requires sustained mental or physical effort. As you continue, it becomes more difficult to stay engaged. You want to maintain your focus and motivation so that you can continue making steady progress toward completing the activity. You decide to listen to music while carrying on with the activity.",Focus-Motivation,id_like_to_know,group_01_song_b_id_like_to_know,2,Song B,I'd Like To Know,E,5,id_like_to_know_pxl_s1,mix_9ffcd672af17,assets/audio/study-stimuli/main-study/group_01/song_b_id_like_to_know/pxl_s1.wav,34,True,True,from worst to best,-0.5659114167269081,-0.579304038497624,-0.4851205015292653,1.357247686182373,optional_qc_sensitivity_predictor,True,,True,,True,69,"[""C""]",C,True,1,False,4.0
P016,group_01,group_01,P016__trial_03,3,3,EDR-2,EDR-2,2,EDR-2 - Unwinding After a Demanding Period,EDR-2,"You have some time for yourself after a demanding period. Although a few everyday concerns are still on your mind, there is nothing that requires your attention right now. You would like to feel calmer and take your mind off these concerns for a while, so you decide to listen to music to help you unwind.",Relaxation-Distraction,id_like_to_know,group_01_song_b_id_like_to_know,1,Song B,I'd Like To Know,A,1,id_like_to_know_pxl_s5,mix_82d60d7c7fc5,assets/audio/study-stimuli/main-study/group_01/song_b_id_like_to_know/pxl_s5.wav,51,True,True,m,-0.3583378408524605,-0.1527662554529231,0.7972705919658362,1.6270752922517937,optional_qc_sensitivity_predictor,True,,True,,True,72,"[""C""]",C,True,1,False,3.0
P016,group_01,group_01,P016__trial_03,3,3,EDR-2,EDR-2,2,EDR-2 - Unwinding After a Demanding Period,EDR-2,"You have some time for yourself after a demanding period. Although a few everyday concerns are still on your mind, there is nothing that requires your attention right now. You would like to feel calmer and take your mind off these concerns for a while, so you decide to listen to music to help you unwind.",Relaxation-Distraction,id_like_to_know,group_01_song_b_id_like_to_know,1,Song B,I'd Like To Know,B,2,id_like_to_know_pxl_s3,mix_65f41f41d3ab,assets/audio/study-stimuli/main-study/group_01/song_b_id_like_to_know/pxl_s3.wav,27,True,True,m,0.3234844364321996,-1.065060189455143,-1.1651773700507613,-0.0982478955990668,optional_qc_sensitivity_predictor,True,,True,,True,72,"[""C""]",C,True,1,False,5.0
P016,group_01,group_01,P016__trial_03,3,3,EDR-2,EDR-2,2,EDR-2 - Unwinding After a Demanding Period,EDR-2,"You have some time for yourself after a demanding period. Although a few everyday concerns are still on your mind, there is nothing that requires your attention right now. You would like to feel calmer and take your mind off these concerns for a while, so you decide to listen to music to help you unwind.",Relaxation-Distraction,id_like_to_know,group_01_song_b_id_like_to_know,1,Song B,I'd Like To Know,C,3,id_like_to_know_pxl_s1,mix_9ffcd672af17,assets/audio/study-stimuli/main-study/group_01/song_b_id_like_to_know/pxl_s1.wav,72,True,True,m,-0.5659114167269081,-0.579304038497624,-0.4851205015292653,1.357247686182373,optional_qc_sensitivity_predictor,True,,True,,True,72,"[""C""]",C,True,1,True,1.0
P016,group_01,group_01,P016__trial_03,3,3,EDR-2,EDR-2,2,EDR-2 - Unwinding After a Demanding Period,EDR-2,"You have some time for yourself after a demanding period. Although a few everyday concerns are still on your mind, there is nothing that requires your attention right now. You would like to feel calmer and take your mind off these concerns for a while, so you decide to listen to music to help you unwind.",Relaxation-Distraction,id_like_to_know,group_01_song_b_id_like_to_know,1,Song B,I'd Like To Know,D,4,id_like_to_know_pxl_s2,mix_6f8b655d7999,assets/audio/study-stimuli/main-study/group_01/song_b_id_like_to_know/pxl_s2.wav,37,True,True,m,0.5329997864789321,-1.1874673519330532,-0.7637519766505488,0.5510366380169074,optional_qc_sensitivity_predictor,True,,True,,True,72,"[""C""]",C,True,1,False,4.0
P016,group_01,group_01,P016__trial_03,3,3,EDR-2,EDR-2,2,EDR-2 - Unwinding After a Demanding Period,EDR-2,"You have some time for yourself after a demanding period. Although a few everyday concerns are still on your mind, there is nothing that requires your attention right now. You would like to feel calmer and take your mind off these concerns for a while, so you decide to listen to music to help you unwind.",Relaxation-Distraction,id_like_to_know,group_01_song_b_id_like_to_know,1,Song B,I'd Like To Know,E,5,id_like_to_know_pxl_s7,mix_b393d3919c78,assets/audio/study-stimuli/main-study/group_01/song_b_id_like_to_know/pxl_s7.wav,60,True,True,m,-0.867056238017743,-0.6188407399054331,-0.3229009373128245,-1.0515106991885117,optional_qc_sensitivity_predictor,True,,True,,True,72,"[""C""]",C,True,1,False,2.0
P016,group_01,group_01,P016__trial_04,4,4,EDR-2,EDR-2,2,EDR-2 - Unwinding After a Demanding Period,EDR-2,"You have some time for yourself after a demanding period. Although a few everyday concerns are still on your mind, there is nothing that requires your attention right now. You would like to feel calmer and take your mind off these concerns for a while, so you decide to listen to music to help you unwind.",Relaxation-Distraction,lead_me,group_01_song_a_lead_me,2,Song A,Lead Me,A,1,lead_me_mcg_pro2,mix_d3e3580b6e30,assets/audio/study-stimuli/main-study/group_01/song_a_lead_me/mcg_pro2.wav,71,True,True,acoustic,2.9805308263561203,0.8594252384169624,-0.9263284806752846,0.048773555233824,optional_qc_sensitivity_predictor,True,,True,,True,79,"[""E""]",E,True,1,False,2.0
P016,group_01,group_01,P016__trial_04,4,4,EDR-2,EDR-2,2,EDR-2 - Unwinding After a Demanding Period,EDR-2,"You have some time for yourself after a demanding period. Although a few everyday concerns are still on your mind, there is nothing that requires your attention right now. You would like to feel calmer and take your mind off these concerns for a while, so you decide to listen to music to help you unwind.",Relaxation-Distraction,lead_me,group_01_song_a_lead_me,2,Song A,Lead Me,B,2,lead_me_du_d,mix_f1f7973e5bac,assets/audio/study-stimuli/main-study/group_01/song_a_lead_me/du_d.wav,22,True,True,acoustic,0.7402857811167308,-1.548717422055362,0.3280479404435016,-1.017146833506479,optional_qc_sensitivity_predictor,True,,True,,True,79,"[""E""]",E,True,1,False,4.0
P016,group_01,group_01,P016__trial_04,4,4,EDR-2,EDR-2,2,EDR-2 - Unwinding After a Demanding Period,EDR-2,"You have some time for yourself after a demanding period. Although a few everyday concerns are still on your mind, there is nothing that requires your attention right now. You would like to feel calmer and take your mind off these concerns for a while, so you decide to listen to music to help you unwind.",Relaxation-Distraction,lead_me,group_01_song_a_lead_me,2,Song A,Lead Me,C,3,lead_me_pxl_l4,mix_c7d9a071ba25,assets/audio/study-stimuli/main-study/group_01/song_a_lead_me/pxl_l4.wav,20,True,True,acoustic,-0.0552007785055364,-0.8412121981784734,0.8321106863211235,2.390299590706203,optional_qc_sensitivity_predictor,True,,True,,True,79,"[""E""]",E,True,1,False,5.0
P016,group_01,group_01,P016__trial_04,4,4,EDR-2,EDR-2,2,EDR-2 - Unwinding After a Demanding Period,EDR-2,"You have some time for yourself after a demanding period. Although a few everyday concerns are still on your mind, there is nothing that requires your attention right now. You would like to feel calmer and take your mind off these concerns for a while, so you decide to listen to music to help you unwind.",Relaxation-Distraction,lead_me,group_01_song_a_lead_me,2,Song A,Lead Me,D,4,lead_me_pxl_l1,mix_d5b28dfc8a93,assets/audio/study-stimuli/main-study/group_01/song_a_lead_me/pxl_l1.wav,26,True,True,acoustic,-0.0024436394808062,-0.3677713699084406,-1.2816942263900757,-0.1924460334762285,optional_qc_sensitivity_predictor,True,,True,,True,79,"[""E""]",E,True,1,False,3.0
P016,group_01,group_01,P016__trial_04,4,4,EDR-2,EDR-2,2,EDR-2 - Unwinding After a Demanding Period,EDR-2,"You have some time for yourself after a demanding period. Although a few everyday concerns are still on your mind, there is nothing that requires your attention right now. You would like to feel calmer and take your mind off these concerns for a while, so you decide to listen to music to help you unwind.",Relaxation-Distraction,lead_me,group_01_song_a_lead_me,2,Song A,Lead Me,E,5,lead_me_du_e,mix_271852ba8676,assets/audio/study-stimuli/main-study/group_01/song_a_lead_me/du_e.wav,79,True,True,acoustic,-1.0250576971995913,0.5199952869185839,-0.8666083508697964,0.9959336464039888,optional_qc_sensitivity_predictor,True,,True,,True,79,"[""E""]",E,True,1,True,1.0
P016,group_01,group_01,P016__trial_05,5,5,EDR-1,EDR-1,3,EDR-1 - Enjoying Free Time,EDR-1,"You have some free time and no immediate responsibilities that require your attention. You are not feeling tired or worried, but you would like to enjoy your time rather than let it pass uneventfully. You decide to listen to music for entertainment, making your free time more enjoyable.",Enjoyment,lead_me,group_01_song_a_lead_me,1,Song A,Lead Me,A,1,lead_me_du_e,mix_271852ba8676,assets/audio/study-stimuli/main-study/group_01/song_a_lead_me/du_e.wav,49,True,True,background sounds dont sound so well,-1.0250576971995913,0.5199952869185839,-0.8666083508697964,0.9959336464039888,optional_qc_sensitivity_predictor,True,,True,,True,59,"[""C""]",C,True,1,False,2.0
P016,group_01,group_01,P016__trial_05,5,5,EDR-1,EDR-1,3,EDR-1 - Enjoying Free Time,EDR-1,"You have some free time and no immediate responsibilities that require your attention. You are not feeling tired or worried, but you would like to enjoy your time rather than let it pass uneventfully. You decide to listen to music for entertainment, making your free time more enjoyable.",Enjoyment,lead_me,group_01_song_a_lead_me,1,Song A,Lead Me,B,2,lead_me_du_d,mix_f1f7973e5bac,assets/audio/study-stimuli/main-study/group_01/song_a_lead_me/du_d.wav,40,True,True,background sounds dont sound so well,0.7402857811167308,-1.548717422055362,0.3280479404435016,-1.017146833506479,optional_qc_sensitivity_predictor,True,,True,,True,59,"[""C""]",C,True,1,False,3.0
P016,group_01,group_01,P016__trial_05,5,5,EDR-1,EDR-1,3,EDR-1 - Enjoying Free Time,EDR-1,"You have some free time and no immediate responsibilities that require your attention. You are not feeling tired or worried, but you would like to enjoy your time rather than let it pass uneventfully. You decide to listen to music for entertainment, making your free time more enjoyable.",Enjoyment,lead_me,group_01_song_a_lead_me,1,Song A,Lead Me,C,3,lead_me_pxl_l4,mix_c7d9a071ba25,assets/audio/study-stimuli/main-study/group_01/song_a_lead_me/pxl_l4.wav,59,True,True,background sounds dont sound so well,-0.0552007785055364,-0.8412121981784734,0.8321106863211235,2.390299590706203,optional_qc_sensitivity_predictor,True,,True,,True,59,"[""C""]",C,True,1,True,1.0
P016,group_01,group_01,P016__trial_05,5,5,EDR-1,EDR-1,3,EDR-1 - Enjoying Free Time,EDR-1,"You have some free time and no immediate responsibilities that require your attention. You are not feeling tired or worried, but you would like to enjoy your time rather than let it pass uneventfully. You decide to listen to music for entertainment, making your free time more enjoyable.",Enjoyment,lead_me,group_01_song_a_lead_me,1,Song A,Lead Me,D,4,lead_me_mcg_pro2,mix_d3e3580b6e30,assets/audio/study-stimuli/main-study/group_01/song_a_lead_me/mcg_pro2.wav,30,True,True,background sounds dont sound so well,2.9805308263561203,0.8594252384169624,-0.9263284806752846,0.048773555233824,optional_qc_sensitivity_predictor,True,,True,,True,59,"[""C""]",C,True,1,False,4.0
P016,group_01,group_01,P016__trial_05,5,5,EDR-1,EDR-1,3,EDR-1 - Enjoying Free Time,EDR-1,"You have some free time and no immediate responsibilities that require your attention. You are not feeling tired or worried, but you would like to enjoy your time rather than let it pass uneventfully. You decide to listen to music for entertainment, making your free time more enjoyable.",Enjoyment,lead_me,group_01_song_a_lead_me,1,Song A,Lead Me,E,5,lead_me_pxl_l1,mix_d5b28dfc8a93,assets/audio/study-stimuli/main-study/group_01/song_a_lead_me/pxl_l1.wav,22,True,True,background sounds dont sound so well,-0.0024436394808062,-0.3677713699084406,-1.2816942263900757,-0.1924460334762285,optional_qc_sensitivity_predictor,True,,True,,True,59,"[""C""]",C,True,1,False,5.0
P016,group_01,group_01,P016__trial_06,6,6,EDR-1,EDR-1,3,EDR-1 - Enjoying Free Time,EDR-1,"You have some free time and no immediate responsibilities that require your attention. You are not feeling tired or worried, but you would like to enjoy your time rather than let it pass uneventfully. You decide to listen to music for entertainment, making your free time more enjoyable.",Enjoyment,id_like_to_know,group_01_song_b_id_like_to_know,2,Song B,I'd Like To Know,A,1,id_like_to_know_pxl_s3,mix_65f41f41d3ab,assets/audio/study-stimuli/main-study/group_01/song_b_id_like_to_know/pxl_s3.wav,61,True,True,bass sounds better,0.3234844364321996,-1.065060189455143,-1.1651773700507613,-0.0982478955990668,optional_qc_sensitivity_predictor,True,,True,,True,73,"[""B""]",B,True,1,False,2.0
P016,group_01,group_01,P016__trial_06,6,6,EDR-1,EDR-1,3,EDR-1 - Enjoying Free Time,EDR-1,"You have some free time and no immediate responsibilities that require your attention. You are not feeling tired or worried, but you would like to enjoy your time rather than let it pass uneventfully. You decide to listen to music for entertainment, making your free time more enjoyable.",Enjoyment,id_like_to_know,group_01_song_b_id_like_to_know,2,Song B,I'd Like To Know,B,2,id_like_to_know_pxl_s1,mix_9ffcd672af17,assets/audio/study-stimuli/main-study/group_01/song_b_id_like_to_know/pxl_s1.wav,73,True,True,bass sounds better,-0.5659114167269081,-0.579304038497624,-0.4851205015292653,1.357247686182373,optional_qc_sensitivity_predictor,True,,True,,True,73,"[""B""]",B,True,1,True,1.0
P016,group_01,group_01,P016__trial_06,6,6,EDR-1,EDR-1,3,EDR-1 - Enjoying Free Time,EDR-1,"You have some free time and no immediate responsibilities that require your attention. You are not feeling tired or worried, but you would like to enjoy your time rather than let it pass uneventfully. You decide to listen to music for entertainment, making your free time more enjoyable.",Enjoyment,id_like_to_know,group_01_song_b_id_like_to_know,2,Song B,I'd Like To Know,C,3,id_like_to_know_pxl_s2,mix_6f8b655d7999,assets/audio/study-stimuli/main-study/group_01/song_b_id_like_to_know/pxl_s2.wav,45,True,True,bass sounds better,0.5329997864789321,-1.1874673519330532,-0.7637519766505488,0.5510366380169074,optional_qc_sensitivity_predictor,True,,True,,True,73,"[""B""]",B,True,1,False,5.0
P016,group_01,group_01,P016__trial_06,6,6,EDR-1,EDR-1,3,EDR-1 - Enjoying Free Time,EDR-1,"You have some free time and no immediate responsibilities that require your attention. You are not feeling tired or worried, but you would like to enjoy your time rather than let it pass uneventfully. You decide to listen to music for entertainment, making your free time more enjoyable.",Enjoyment,id_like_to_know,group_01_song_b_id_like_to_know,2,Song B,I'd Like To Know,D,4,id_like_to_know_pxl_s7,mix_b393d3919c78,assets/audio/study-stimuli/main-study/group_01/song_b_id_like_to_know/pxl_s7.wav,55,True,True,bass sounds better,-0.867056238017743,-0.6188407399054331,-0.3229009373128245,-1.0515106991885117,optional_qc_sensitivity_predictor,True,,True,,True,73,"[""B""]",B,True,1,False,3.5
P016,group_01,group_01,P016__trial_06,6,6,EDR-1,EDR-1,3,EDR-1 - Enjoying Free Time,EDR-1,"You have some free time and no immediate responsibilities that require your attention. You are not feeling tired or worried, but you would like to enjoy your time rather than let it pass uneventfully. You decide to listen to music for entertainment, making your free time more enjoyable.",Enjoyment,id_like_to_know,group_01_song_b_id_like_to_know,2,Song B,I'd Like To Know,E,5,id_like_to_know_pxl_s5,mix_82d60d7c7fc5,assets/audio/study-stimuli/main-study/group_01/song_b_id_like_to_know/pxl_s5.wav,55,True,True,bass sounds better,-0.3583378408524605,-0.1527662554529231,0.7972705919658362,1.6270752922517937,optional_qc_sensitivity_predictor,True,,True,,True,73,"[""B""]",B,True,1,False,3.5
P017,group_02,group_02,P017__trial_01,1,1,EDR-2,EDR-2,1,EDR-2 - Unwinding After a Demanding Period,EDR-2,"You have some time for yourself after a demanding period. Although a few everyday concerns are still on your mind, there is nothing that requires your attention right now. You would like to feel calmer and take your mind off these concerns for a while, so you decide to listen to music to help you unwind.",Relaxation-Distraction,in_the_meantime,group_02_song_a_in_the_meantime,1,Song A,In The Meantime,A,1,in_the_meantime_qut_b,mix_c7bdcba64775,assets/audio/study-stimuli/main-study/group_02/song_a_in_the_meantime/qut_b.wav,100,True,True,I like the slower version for the situation stated.,-0.6698107538710293,-0.1978340618743536,-1.5468197375217057,0.0908009789400507,optional_qc_sensitivity_predictor,True,,True,,True,100,"[""A""]",A,True,1,True,1.0
P017,group_02,group_02,P017__trial_01,1,1,EDR-2,EDR-2,1,EDR-2 - Unwinding After a Demanding Period,EDR-2,"You have some time for yourself after a demanding period. Although a few everyday concerns are still on your mind, there is nothing that requires your attention right now. You would like to feel calmer and take your mind off these concerns for a while, so you decide to listen to music to help you unwind.",Relaxation-Distraction,in_the_meantime,group_02_song_a_in_the_meantime,1,Song A,In The Meantime,B,2,in_the_meantime_du_h,mix_302f0efe8a80,assets/audio/study-stimuli/main-study/group_02/song_a_in_the_meantime/du_h.wav,71,True,True,I like the slower version for the situation stated.,0.6887214233465396,0.2719152524959843,-0.8693704120952901,0.8234428342152216,optional_qc_sensitivity_predictor,True,,True,,True,100,"[""A""]",A,True,1,False,2.0
P017,group_02,group_02,P017__trial_01,1,1,EDR-2,EDR-2,1,EDR-2 - Unwinding After a Demanding Period,EDR-2,"You have some time for yourself after a demanding period. Although a few everyday concerns are still on your mind, there is nothing that requires your attention right now. You would like to feel calmer and take your mind off these concerns for a while, so you decide to listen to music to help you unwind.",Relaxation-Distraction,in_the_meantime,group_02_song_a_in_the_meantime,1,Song A,In The Meantime,C,3,in_the_meantime_du_k,mix_56e65a3ce054,assets/audio/study-stimuli/main-study/group_02/song_a_in_the_meantime/du_k.wav,21,True,True,I like the slower version for the situation stated.,-1.1193186569455127,1.7918041562064675,0.9713104079970216,0.4372547184671072,optional_qc_sensitivity_predictor,True,,True,,True,100,"[""A""]",A,True,1,False,4.0
P017,group_02,group_02,P017__trial_01,1,1,EDR-2,EDR-2,1,EDR-2 - Unwinding After a Demanding Period,EDR-2,"You have some time for yourself after a demanding period. Although a few everyday concerns are still on your mind, there is nothing that requires your attention right now. You would like to feel calmer and take your mind off these concerns for a while, so you decide to listen to music to help you unwind.",Relaxation-Distraction,in_the_meantime,group_02_song_a_in_the_meantime,1,Song A,In The Meantime,D,4,in_the_meantime_du_i,mix_9baa86357fd4,assets/audio/study-stimuli/main-study/group_02/song_a_in_the_meantime/du_i.wav,49,True,True,I like the slower version for the situation stated.,-1.8990066727669184,1.9187185345499165,0.5415536857115313,-0.721703057329889,optional_qc_sensitivity_predictor,True,,True,,True,100,"[""A""]",A,True,1,False,3.0
P017,group_02,group_02,P017__trial_01,1,1,EDR-2,EDR-2,1,EDR-2 - Unwinding After a Demanding Period,EDR-2,"You have some time for yourself after a demanding period. Although a few everyday concerns are still on your mind, there is nothing that requires your attention right now. You would like to feel calmer and take your mind off these concerns for a while, so you decide to listen to music to help you unwind.",Relaxation-Distraction,in_the_meantime,group_02_song_a_in_the_meantime,1,Song A,In The Meantime,E,5,in_the_meantime_qut_pro,mix_cdaef40f2b94,assets/audio/study-stimuli/main-study/group_02/song_a_in_the_meantime/qut_pro.wav,0,True,True,I like the slower version for the situation stated.,-0.6756280657690176,-1.4346341192827423,1.8511013279434223,-0.7325346788768815,optional_qc_sensitivity_predictor,True,,True,,True,100,"[""A""]",A,True,1,False,5.0
P017,group_02,group_02,P017__trial_02,2,2,EDR-2,EDR-2,1,EDR-2 - Unwinding After a Demanding Period,EDR-2,"You have some time for yourself after a demanding period. Although a few everyday concerns are still on your mind, there is nothing that requires your attention right now. You would like to feel calmer and take your mind off these concerns for a while, so you decide to listen to music to help you unwind.",Relaxation-Distraction,pouring_room,group_02_song_b_pouring_room,2,Song B,Pouring Room,A,1,pouring_room_mcg_v,mix_e08faaf8bbb3,assets/audio/study-stimuli/main-study/group_02/song_b_pouring_room/mcg_v.wav,100,True,True,I like when the artist’s voice dominates the song instead of the music itself,0.2009523983216312,1.112208706920678,-0.2814967551013548,-0.938440679331238,optional_qc_sensitivity_predictor,True,,True,,True,100,"[""A"",""B"",""D""]",,False,3,True,2.0
P017,group_02,group_02,P017__trial_02,2,2,EDR-2,EDR-2,1,EDR-2 - Unwinding After a Demanding Period,EDR-2,"You have some time for yourself after a demanding period. Although a few everyday concerns are still on your mind, there is nothing that requires your attention right now. You would like to feel calmer and take your mind off these concerns for a while, so you decide to listen to music to help you unwind.",Relaxation-Distraction,pouring_room,group_02_song_b_pouring_room,2,Song B,Pouring Room,B,2,pouring_room_mcg_r,mix_0ba76f420c1d,assets/audio/study-stimuli/main-study/group_02/song_b_pouring_room/mcg_r.wav,100,True,True,I like when the artist’s voice dominates the song instead of the music itself,0.2249858589620197,-0.521538265731174,0.8057256670690561,-1.2630720295337683,optional_qc_sensitivity_predictor,True,,True,,True,100,"[""A"",""B"",""D""]",,False,3,True,2.0
P017,group_02,group_02,P017__trial_02,2,2,EDR-2,EDR-2,1,EDR-2 - Unwinding After a Demanding Period,EDR-2,"You have some time for yourself after a demanding period. Although a few everyday concerns are still on your mind, there is nothing that requires your attention right now. You would like to feel calmer and take your mind off these concerns for a while, so you decide to listen to music to help you unwind.",Relaxation-Distraction,pouring_room,group_02_song_b_pouring_room,2,Song B,Pouring Room,C,3,pouring_room_mcg_x,mix_cbf8555ee2b2,assets/audio/study-stimuli/main-study/group_02/song_b_pouring_room/mcg_x.wav,73,True,True,I like when the artist’s voice dominates the song instead of the music itself,0.4494273963527286,0.780552768870155,0.8086566197405122,-0.4801297779726206,optional_qc_sensitivity_predictor,True,,True,,True,100,"[""A"",""B"",""D""]",,False,3,False,4.5
P017,group_02,group_02,P017__trial_02,2,2,EDR-2,EDR-2,1,EDR-2 - Unwinding After a Demanding Period,EDR-2,"You have some time for yourself after a demanding period. Although a few everyday concerns are still on your mind, there is nothing that requires your attention right now. You would like to feel calmer and take your mind off these concerns for a while, so you decide to listen to music to help you unwind.",Relaxation-Distraction,pouring_room,group_02_song_b_pouring_room,2,Song B,Pouring Room,D,4,pouring_room_mcg_t,mix_be2ccd4c43ff,assets/audio/study-stimuli/main-study/group_02/song_b_pouring_room/mcg_t.wav,100,True,True,I like when the artist’s voice dominates the song instead of the music itself,-0.0814371595061495,1.1238301932737935,1.926895983278192,-0.8792578396079359,optional_qc_sensitivity_predictor,True,,True,,True,100,"[""A"",""B"",""D""]",,False,3,True,2.0
P017,group_02,group_02,P017__trial_02,2,2,EDR-2,EDR-2,1,EDR-2 - Unwinding After a Demanding Period,EDR-2,"You have some time for yourself after a demanding period. Although a few everyday concerns are still on your mind, there is nothing that requires your attention right now. You would like to feel calmer and take your mind off these concerns for a while, so you decide to listen to music to help you unwind.",Relaxation-Distraction,pouring_room,group_02_song_b_pouring_room,2,Song B,Pouring Room,E,5,pouring_room_mcg_pro1,mix_132e75f34470,assets/audio/study-stimuli/main-study/group_02/song_b_pouring_room/mcg_pro1.wav,73,True,True,I like when the artist’s voice dominates the song instead of the music itself,1.177821012274786,0.1366958746221527,-0.3534041622732912,-0.9473754159948484,optional_qc_sensitivity_predictor,True,,True,,True,100,"[""A"",""B"",""D""]",,False,3,False,4.5
P017,group_02,group_02,P017__trial_03,3,3,EDR-1,EDR-1,2,EDR-1 - Enjoying Free Time,EDR-1,"You have some free time and no immediate responsibilities that require your attention. You are not feeling tired or worried, but you would like to enjoy your time rather than let it pass uneventfully. You decide to listen to music for entertainment, making your free time more enjoyable.",Enjoyment,pouring_room,group_02_song_b_pouring_room,1,Song B,Pouring Room,A,1,pouring_room_mcg_v,mix_e08faaf8bbb3,assets/audio/study-stimuli/main-study/group_02/song_b_pouring_room/mcg_v.wav,49,True,True,"I like that C and B are a little more fast-paced, to my perception",0.2009523983216312,1.112208706920678,-0.2814967551013548,-0.938440679331238,optional_qc_sensitivity_predictor,True,,True,,True,100,"[""C""]",C,True,1,False,4.0
P017,group_02,group_02,P017__trial_03,3,3,EDR-1,EDR-1,2,EDR-1 - Enjoying Free Time,EDR-1,"You have some free time and no immediate responsibilities that require your attention. You are not feeling tired or worried, but you would like to enjoy your time rather than let it pass uneventfully. You decide to listen to music for entertainment, making your free time more enjoyable.",Enjoyment,pouring_room,group_02_song_b_pouring_room,1,Song B,Pouring Room,B,2,pouring_room_mcg_x,mix_cbf8555ee2b2,assets/audio/study-stimuli/main-study/group_02/song_b_pouring_room/mcg_x.wav,88,True,True,"I like that C and B are a little more fast-paced, to my perception",0.4494273963527286,0.780552768870155,0.8086566197405122,-0.4801297779726206,optional_qc_sensitivity_predictor,True,,True,,True,100,"[""C""]",C,True,1,False,2.0
P017,group_02,group_02,P017__trial_03,3,3,EDR-1,EDR-1,2,EDR-1 - Enjoying Free Time,EDR-1,"You have some free time and no immediate responsibilities that require your attention. You are not feeling tired or worried, but you would like to enjoy your time rather than let it pass uneventfully. You decide to listen to music for entertainment, making your free time more enjoyable.",Enjoyment,pouring_room,group_02_song_b_pouring_room,1,Song B,Pouring Room,C,3,pouring_room_mcg_pro1,mix_132e75f34470,assets/audio/study-stimuli/main-study/group_02/song_b_pouring_room/mcg_pro1.wav,100,True,True,"I like that C and B are a little more fast-paced, to my perception",1.177821012274786,0.1366958746221527,-0.3534041622732912,-0.9473754159948484,optional_qc_sensitivity_predictor,True,,True,,True,100,"[""C""]",C,True,1,True,1.0
P017,group_02,group_02,P017__trial_03,3,3,EDR-1,EDR-1,2,EDR-1 - Enjoying Free Time,EDR-1,"You have some free time and no immediate responsibilities that require your attention. You are not feeling tired or worried, but you would like to enjoy your time rather than let it pass uneventfully. You decide to listen to music for entertainment, making your free time more enjoyable.",Enjoyment,pouring_room,group_02_song_b_pouring_room,1,Song B,Pouring Room,D,4,pouring_room_mcg_r,mix_0ba76f420c1d,assets/audio/study-stimuli/main-study/group_02/song_b_pouring_room/mcg_r.wav,75,True,True,"I like that C and B are a little more fast-paced, to my perception",0.2249858589620197,-0.521538265731174,0.8057256670690561,-1.2630720295337683,optional_qc_sensitivity_predictor,True,,True,,True,100,"[""C""]",C,True,1,False,3.0
P017,group_02,group_02,P017__trial_03,3,3,EDR-1,EDR-1,2,EDR-1 - Enjoying Free Time,EDR-1,"You have some free time and no immediate responsibilities that require your attention. You are not feeling tired or worried, but you would like to enjoy your time rather than let it pass uneventfully. You decide to listen to music for entertainment, making your free time more enjoyable.",Enjoyment,pouring_room,group_02_song_b_pouring_room,1,Song B,Pouring Room,E,5,pouring_room_mcg_t,mix_be2ccd4c43ff,assets/audio/study-stimuli/main-study/group_02/song_b_pouring_room/mcg_t.wav,0,True,True,"I like that C and B are a little more fast-paced, to my perception",-0.0814371595061495,1.1238301932737935,1.926895983278192,-0.8792578396079359,optional_qc_sensitivity_predictor,True,,True,,True,100,"[""C""]",C,True,1,False,5.0
P017,group_02,group_02,P017__trial_04,4,4,EDR-1,EDR-1,2,EDR-1 - Enjoying Free Time,EDR-1,"You have some free time and no immediate responsibilities that require your attention. You are not feeling tired or worried, but you would like to enjoy your time rather than let it pass uneventfully. You decide to listen to music for entertainment, making your free time more enjoyable.",Enjoyment,in_the_meantime,group_02_song_a_in_the_meantime,2,Song A,In The Meantime,A,1,in_the_meantime_qut_b,mix_c7bdcba64775,assets/audio/study-stimuli/main-study/group_02/song_a_in_the_meantime/qut_b.wav,11,True,True,Great balance between voice and music in version D,-0.6698107538710293,-0.1978340618743536,-1.5468197375217057,0.0908009789400507,optional_qc_sensitivity_predictor,True,,True,,True,100,"[""D""]",D,True,1,False,4.0
P017,group_02,group_02,P017__trial_04,4,4,EDR-1,EDR-1,2,EDR-1 - Enjoying Free Time,EDR-1,"You have some free time and no immediate responsibilities that require your attention. You are not feeling tired or worried, but you would like to enjoy your time rather than let it pass uneventfully. You decide to listen to music for entertainment, making your free time more enjoyable.",Enjoyment,in_the_meantime,group_02_song_a_in_the_meantime,2,Song A,In The Meantime,B,2,in_the_meantime_du_k,mix_56e65a3ce054,assets/audio/study-stimuli/main-study/group_02/song_a_in_the_meantime/du_k.wav,0,True,True,Great balance between voice and music in version D,-1.1193186569455127,1.7918041562064675,0.9713104079970216,0.4372547184671072,optional_qc_sensitivity_predictor,True,,True,,True,100,"[""D""]",D,True,1,False,5.0
P017,group_02,group_02,P017__trial_04,4,4,EDR-1,EDR-1,2,EDR-1 - Enjoying Free Time,EDR-1,"You have some free time and no immediate responsibilities that require your attention. You are not feeling tired or worried, but you would like to enjoy your time rather than let it pass uneventfully. You decide to listen to music for entertainment, making your free time more enjoyable.",Enjoyment,in_the_meantime,group_02_song_a_in_the_meantime,2,Song A,In The Meantime,C,3,in_the_meantime_du_h,mix_302f0efe8a80,assets/audio/study-stimuli/main-study/group_02/song_a_in_the_meantime/du_h.wav,72,True,True,Great balance between voice and music in version D,0.6887214233465396,0.2719152524959843,-0.8693704120952901,0.8234428342152216,optional_qc_sensitivity_predictor,True,,True,,True,100,"[""D""]",D,True,1,False,2.0
P017,group_02,group_02,P017__trial_04,4,4,EDR-1,EDR-1,2,EDR-1 - Enjoying Free Time,EDR-1,"You have some free time and no immediate responsibilities that require your attention. You are not feeling tired or worried, but you would like to enjoy your time rather than let it pass uneventfully. You decide to listen to music for entertainment, making your free time more enjoyable.",Enjoyment,in_the_meantime,group_02_song_a_in_the_meantime,2,Song A,In The Meantime,D,4,in_the_meantime_qut_pro,mix_cdaef40f2b94,assets/audio/study-stimuli/main-study/group_02/song_a_in_the_meantime/qut_pro.wav,100,True,True,Great balance between voice and music in version D,-0.6756280657690176,-1.4346341192827423,1.8511013279434223,-0.7325346788768815,optional_qc_sensitivity_predictor,True,,True,,True,100,"[""D""]",D,True,1,True,1.0
P017,group_02,group_02,P017__trial_04,4,4,EDR-1,EDR-1,2,EDR-1 - Enjoying Free Time,EDR-1,"You have some free time and no immediate responsibilities that require your attention. You are not feeling tired or worried, but you would like to enjoy your time rather than let it pass uneventfully. You decide to listen to music for entertainment, making your free time more enjoyable.",Enjoyment,in_the_meantime,group_02_song_a_in_the_meantime,2,Song A,In The Meantime,E,5,in_the_meantime_du_i,mix_9baa86357fd4,assets/audio/study-stimuli/main-study/group_02/song_a_in_the_meantime/du_i.wav,24,True,True,Great balance between voice and music in version D,-1.8990066727669184,1.9187185345499165,0.5415536857115313,-0.721703057329889,optional_qc_sensitivity_predictor,True,,True,,True,100,"[""D""]",D,True,1,False,3.0
P017,group_02,group_02,P017__trial_05,5,5,FM-1,FM-1,3,FM-1 - Maintaining Engagement During an Activity,FM-1,"You are engaged in an activity that requires sustained mental or physical effort. As you continue, it becomes more difficult to stay engaged. You want to maintain your focus and motivation so that you can continue making steady progress toward completing the activity. You decide to listen to music while carrying on with the activity.",Focus-Motivation,pouring_room,group_02_song_b_pouring_room,1,Song B,Pouring Room,A,1,pouring_room_mcg_r,mix_0ba76f420c1d,assets/audio/study-stimuli/main-study/group_02/song_b_pouring_room/mcg_r.wav,71,True,True,"I like that C is a little softer, great for concentrating personally.",0.2249858589620197,-0.521538265731174,0.8057256670690561,-1.2630720295337683,optional_qc_sensitivity_predictor,True,,True,,True,100,"[""C""]",C,True,1,False,3.0
P017,group_02,group_02,P017__trial_05,5,5,FM-1,FM-1,3,FM-1 - Maintaining Engagement During an Activity,FM-1,"You are engaged in an activity that requires sustained mental or physical effort. As you continue, it becomes more difficult to stay engaged. You want to maintain your focus and motivation so that you can continue making steady progress toward completing the activity. You decide to listen to music while carrying on with the activity.",Focus-Motivation,pouring_room,group_02_song_b_pouring_room,1,Song B,Pouring Room,B,2,pouring_room_mcg_pro1,mix_132e75f34470,assets/audio/study-stimuli/main-study/group_02/song_b_pouring_room/mcg_pro1.wav,86,True,True,"I like that C is a little softer, great for concentrating personally.",1.177821012274786,0.1366958746221527,-0.3534041622732912,-0.9473754159948484,optional_qc_sensitivity_predictor,True,,True,,True,100,"[""C""]",C,True,1,False,2.0
P017,group_02,group_02,P017__trial_05,5,5,FM-1,FM-1,3,FM-1 - Maintaining Engagement During an Activity,FM-1,"You are engaged in an activity that requires sustained mental or physical effort. As you continue, it becomes more difficult to stay engaged. You want to maintain your focus and motivation so that you can continue making steady progress toward completing the activity. You decide to listen to music while carrying on with the activity.",Focus-Motivation,pouring_room,group_02_song_b_pouring_room,1,Song B,Pouring Room,C,3,pouring_room_mcg_x,mix_cbf8555ee2b2,assets/audio/study-stimuli/main-study/group_02/song_b_pouring_room/mcg_x.wav,100,True,True,"I like that C is a little softer, great for concentrating personally.",0.4494273963527286,0.780552768870155,0.8086566197405122,-0.4801297779726206,optional_qc_sensitivity_predictor,True,,True,,True,100,"[""C""]",C,True,1,True,1.0
P017,group_02,group_02,P017__trial_05,5,5,FM-1,FM-1,3,FM-1 - Maintaining Engagement During an Activity,FM-1,"You are engaged in an activity that requires sustained mental or physical effort. As you continue, it becomes more difficult to stay engaged. You want to maintain your focus and motivation so that you can continue making steady progress toward completing the activity. You decide to listen to music while carrying on with the activity.",Focus-Motivation,pouring_room,group_02_song_b_pouring_room,1,Song B,Pouring Room,D,4,pouring_room_mcg_v,mix_e08faaf8bbb3,assets/audio/study-stimuli/main-study/group_02/song_b_pouring_room/mcg_v.wav,50,True,True,"I like that C is a little softer, great for concentrating personally.",0.2009523983216312,1.112208706920678,-0.2814967551013548,-0.938440679331238,optional_qc_sensitivity_predictor,True,,True,,True,100,"[""C""]",C,True,1,False,4.0
P017,group_02,group_02,P017__trial_05,5,5,FM-1,FM-1,3,FM-1 - Maintaining Engagement During an Activity,FM-1,"You are engaged in an activity that requires sustained mental or physical effort. As you continue, it becomes more difficult to stay engaged. You want to maintain your focus and motivation so that you can continue making steady progress toward completing the activity. You decide to listen to music while carrying on with the activity.",Focus-Motivation,pouring_room,group_02_song_b_pouring_room,1,Song B,Pouring Room,E,5,pouring_room_mcg_t,mix_be2ccd4c43ff,assets/audio/study-stimuli/main-study/group_02/song_b_pouring_room/mcg_t.wav,0,True,True,"I like that C is a little softer, great for concentrating personally.",-0.0814371595061495,1.1238301932737935,1.926895983278192,-0.8792578396079359,optional_qc_sensitivity_predictor,True,,True,,True,100,"[""C""]",C,True,1,False,5.0
P017,group_02,group_02,P017__trial_06,6,6,FM-1,FM-1,3,FM-1 - Maintaining Engagement During an Activity,FM-1,"You are engaged in an activity that requires sustained mental or physical effort. As you continue, it becomes more difficult to stay engaged. You want to maintain your focus and motivation so that you can continue making steady progress toward completing the activity. You decide to listen to music while carrying on with the activity.",Focus-Motivation,in_the_meantime,group_02_song_a_in_the_meantime,2,Song A,In The Meantime,A,1,in_the_meantime_du_h,mix_302f0efe8a80,assets/audio/study-stimuli/main-study/group_02/song_a_in_the_meantime/du_h.wav,73,True,True,"If I need to stay physically motivated, B is great because of the rhythm and energy",0.6887214233465396,0.2719152524959843,-0.8693704120952901,0.8234428342152216,optional_qc_sensitivity_predictor,True,,True,,True,100,"[""B""]",B,True,1,False,2.0
P017,group_02,group_02,P017__trial_06,6,6,FM-1,FM-1,3,FM-1 - Maintaining Engagement During an Activity,FM-1,"You are engaged in an activity that requires sustained mental or physical effort. As you continue, it becomes more difficult to stay engaged. You want to maintain your focus and motivation so that you can continue making steady progress toward completing the activity. You decide to listen to music while carrying on with the activity.",Focus-Motivation,in_the_meantime,group_02_song_a_in_the_meantime,2,Song A,In The Meantime,B,2,in_the_meantime_du_i,mix_9baa86357fd4,assets/audio/study-stimuli/main-study/group_02/song_a_in_the_meantime/du_i.wav,100,True,True,"If I need to stay physically motivated, B is great because of the rhythm and energy",-1.8990066727669184,1.9187185345499165,0.5415536857115313,-0.721703057329889,optional_qc_sensitivity_predictor,True,,True,,True,100,"[""B""]",B,True,1,True,1.0
P017,group_02,group_02,P017__trial_06,6,6,FM-1,FM-1,3,FM-1 - Maintaining Engagement During an Activity,FM-1,"You are engaged in an activity that requires sustained mental or physical effort. As you continue, it becomes more difficult to stay engaged. You want to maintain your focus and motivation so that you can continue making steady progress toward completing the activity. You decide to listen to music while carrying on with the activity.",Focus-Motivation,in_the_meantime,group_02_song_a_in_the_meantime,2,Song A,In The Meantime,C,3,in_the_meantime_du_k,mix_56e65a3ce054,assets/audio/study-stimuli/main-study/group_02/song_a_in_the_meantime/du_k.wav,26,True,True,"If I need to stay physically motivated, B is great because of the rhythm and energy",-1.1193186569455127,1.7918041562064675,0.9713104079970216,0.4372547184671072,optional_qc_sensitivity_predictor,True,,True,,True,100,"[""B""]",B,True,1,False,3.0
P017,group_02,group_02,P017__trial_06,6,6,FM-1,FM-1,3,FM-1 - Maintaining Engagement During an Activity,FM-1,"You are engaged in an activity that requires sustained mental or physical effort. As you continue, it becomes more difficult to stay engaged. You want to maintain your focus and motivation so that you can continue making steady progress toward completing the activity. You decide to listen to music while carrying on with the activity.",Focus-Motivation,in_the_meantime,group_02_song_a_in_the_meantime,2,Song A,In The Meantime,D,4,in_the_meantime_qut_b,mix_c7bdcba64775,assets/audio/study-stimuli/main-study/group_02/song_a_in_the_meantime/qut_b.wav,0,True,True,"If I need to stay physically motivated, B is great because of the rhythm and energy",-0.6698107538710293,-0.1978340618743536,-1.5468197375217057,0.0908009789400507,optional_qc_sensitivity_predictor,True,,True,,True,100,"[""B""]",B,True,1,False,5.0
P017,group_02,group_02,P017__trial_06,6,6,FM-1,FM-1,3,FM-1 - Maintaining Engagement During an Activity,FM-1,"You are engaged in an activity that requires sustained mental or physical effort. As you continue, it becomes more difficult to stay engaged. You want to maintain your focus and motivation so that you can continue making steady progress toward completing the activity. You decide to listen to music while carrying on with the activity.",Focus-Motivation,in_the_meantime,group_02_song_a_in_the_meantime,2,Song A,In The Meantime,E,5,in_the_meantime_qut_pro,mix_cdaef40f2b94,assets/audio/study-stimuli/main-study/group_02/song_a_in_the_meantime/qut_pro.wav,13,True,True,"If I need to stay physically motivated, B is great because of the rhythm and energy",-0.6756280657690176,-1.4346341192827423,1.8511013279434223,-0.7325346788768815,optional_qc_sensitivity_predictor,True,,True,,True,100,"[""B""]",B,True,1,False,4.0
P018,group_02,group_02,P018__trial_01,1,1,EDR-2,EDR-2,1,EDR-2 - Unwinding After a Demanding Period,EDR-2,"You have some time for yourself after a demanding period. Although a few everyday concerns are still on your mind, there is nothing that requires your attention right now. You would like to feel calmer and take your mind off these concerns for a while, so you decide to listen to music to help you unwind.",Relaxation-Distraction,pouring_room,group_02_song_b_pouring_room,1,Song B,Pouring Room,A,1,pouring_room_mcg_r,mix_0ba76f420c1d,assets/audio/study-stimuli/main-study/group_02/song_b_pouring_room/mcg_r.wav,100,True,True,"Todas se me hicieron excelente para un momento así,  me gusta que la musica sea lenta y te puedan generar una emoción",0.2249858589620197,-0.521538265731174,0.8057256670690561,-1.2630720295337683,optional_qc_sensitivity_predictor,True,,True,,True,100,"[""A"",""B"",""C"",""D"",""E""]",,False,5,True,3.0
P018,group_02,group_02,P018__trial_01,1,1,EDR-2,EDR-2,1,EDR-2 - Unwinding After a Demanding Period,EDR-2,"You have some time for yourself after a demanding period. Although a few everyday concerns are still on your mind, there is nothing that requires your attention right now. You would like to feel calmer and take your mind off these concerns for a while, so you decide to listen to music to help you unwind.",Relaxation-Distraction,pouring_room,group_02_song_b_pouring_room,1,Song B,Pouring Room,B,2,pouring_room_mcg_x,mix_cbf8555ee2b2,assets/audio/study-stimuli/main-study/group_02/song_b_pouring_room/mcg_x.wav,100,True,True,"Todas se me hicieron excelente para un momento así,  me gusta que la musica sea lenta y te puedan generar una emoción",0.4494273963527286,0.780552768870155,0.8086566197405122,-0.4801297779726206,optional_qc_sensitivity_predictor,True,,True,,True,100,"[""A"",""B"",""C"",""D"",""E""]",,False,5,True,3.0
P018,group_02,group_02,P018__trial_01,1,1,EDR-2,EDR-2,1,EDR-2 - Unwinding After a Demanding Period,EDR-2,"You have some time for yourself after a demanding period. Although a few everyday concerns are still on your mind, there is nothing that requires your attention right now. You would like to feel calmer and take your mind off these concerns for a while, so you decide to listen to music to help you unwind.",Relaxation-Distraction,pouring_room,group_02_song_b_pouring_room,1,Song B,Pouring Room,C,3,pouring_room_mcg_pro1,mix_132e75f34470,assets/audio/study-stimuli/main-study/group_02/song_b_pouring_room/mcg_pro1.wav,100,True,True,"Todas se me hicieron excelente para un momento así,  me gusta que la musica sea lenta y te puedan generar una emoción",1.177821012274786,0.1366958746221527,-0.3534041622732912,-0.9473754159948484,optional_qc_sensitivity_predictor,True,,True,,True,100,"[""A"",""B"",""C"",""D"",""E""]",,False,5,True,3.0
P018,group_02,group_02,P018__trial_01,1,1,EDR-2,EDR-2,1,EDR-2 - Unwinding After a Demanding Period,EDR-2,"You have some time for yourself after a demanding period. Although a few everyday concerns are still on your mind, there is nothing that requires your attention right now. You would like to feel calmer and take your mind off these concerns for a while, so you decide to listen to music to help you unwind.",Relaxation-Distraction,pouring_room,group_02_song_b_pouring_room,1,Song B,Pouring Room,D,4,pouring_room_mcg_v,mix_e08faaf8bbb3,assets/audio/study-stimuli/main-study/group_02/song_b_pouring_room/mcg_v.wav,100,True,True,"Todas se me hicieron excelente para un momento así,  me gusta que la musica sea lenta y te puedan generar una emoción",0.2009523983216312,1.112208706920678,-0.2814967551013548,-0.938440679331238,optional_qc_sensitivity_predictor,True,,True,,True,100,"[""A"",""B"",""C"",""D"",""E""]",,False,5,True,3.0
P018,group_02,group_02,P018__trial_01,1,1,EDR-2,EDR-2,1,EDR-2 - Unwinding After a Demanding Period,EDR-2,"You have some time for yourself after a demanding period. Although a few everyday concerns are still on your mind, there is nothing that requires your attention right now. You would like to feel calmer and take your mind off these concerns for a while, so you decide to listen to music to help you unwind.",Relaxation-Distraction,pouring_room,group_02_song_b_pouring_room,1,Song B,Pouring Room,E,5,pouring_room_mcg_t,mix_be2ccd4c43ff,assets/audio/study-stimuli/main-study/group_02/song_b_pouring_room/mcg_t.wav,100,True,True,"Todas se me hicieron excelente para un momento así,  me gusta que la musica sea lenta y te puedan generar una emoción",-0.0814371595061495,1.1238301932737935,1.926895983278192,-0.8792578396079359,optional_qc_sensitivity_predictor,True,,True,,True,100,"[""A"",""B"",""C"",""D"",""E""]",,False,5,True,3.0
P018,group_02,group_02,P018__trial_02,2,2,EDR-2,EDR-2,1,EDR-2 - Unwinding After a Demanding Period,EDR-2,"You have some time for yourself after a demanding period. Although a few everyday concerns are still on your mind, there is nothing that requires your attention right now. You would like to feel calmer and take your mind off these concerns for a while, so you decide to listen to music to help you unwind.",Relaxation-Distraction,in_the_meantime,group_02_song_a_in_the_meantime,2,Song A,In The Meantime,A,1,in_the_meantime_qut_b,mix_c7bdcba64775,assets/audio/study-stimuli/main-study/group_02/song_a_in_the_meantime/qut_b.wav,76,True,True,"Igual las que iban un poco mas lentas se me hicieron mejor para un momento así,  pero no se escuchaban tan poderosas como la canción anterior",-0.6698107538710293,-0.1978340618743536,-1.5468197375217057,0.0908009789400507,optional_qc_sensitivity_predictor,True,,True,,True,77,"[""D""]",D,True,1,False,2.0
P018,group_02,group_02,P018__trial_02,2,2,EDR-2,EDR-2,1,EDR-2 - Unwinding After a Demanding Period,EDR-2,"You have some time for yourself after a demanding period. Although a few everyday concerns are still on your mind, there is nothing that requires your attention right now. You would like to feel calmer and take your mind off these concerns for a while, so you decide to listen to music to help you unwind.",Relaxation-Distraction,in_the_meantime,group_02_song_a_in_the_meantime,2,Song A,In The Meantime,B,2,in_the_meantime_du_h,mix_302f0efe8a80,assets/audio/study-stimuli/main-study/group_02/song_a_in_the_meantime/du_h.wav,70,True,True,"Igual las que iban un poco mas lentas se me hicieron mejor para un momento así,  pero no se escuchaban tan poderosas como la canción anterior",0.6887214233465396,0.2719152524959843,-0.8693704120952901,0.8234428342152216,optional_qc_sensitivity_predictor,True,,True,,True,77,"[""D""]",D,True,1,False,3.0
P018,group_02,group_02,P018__trial_02,2,2,EDR-2,EDR-2,1,EDR-2 - Unwinding After a Demanding Period,EDR-2,"You have some time for yourself after a demanding period. Although a few everyday concerns are still on your mind, there is nothing that requires your attention right now. You would like to feel calmer and take your mind off these concerns for a while, so you decide to listen to music to help you unwind.",Relaxation-Distraction,in_the_meantime,group_02_song_a_in_the_meantime,2,Song A,In The Meantime,C,3,in_the_meantime_du_i,mix_9baa86357fd4,assets/audio/study-stimuli/main-study/group_02/song_a_in_the_meantime/du_i.wav,62,True,True,"Igual las que iban un poco mas lentas se me hicieron mejor para un momento así,  pero no se escuchaban tan poderosas como la canción anterior",-1.8990066727669184,1.9187185345499165,0.5415536857115313,-0.721703057329889,optional_qc_sensitivity_predictor,True,,True,,True,77,"[""D""]",D,True,1,False,4.5
P018,group_02,group_02,P018__trial_02,2,2,EDR-2,EDR-2,1,EDR-2 - Unwinding After a Demanding Period,EDR-2,"You have some time for yourself after a demanding period. Although a few everyday concerns are still on your mind, there is nothing that requires your attention right now. You would like to feel calmer and take your mind off these concerns for a while, so you decide to listen to music to help you unwind.",Relaxation-Distraction,in_the_meantime,group_02_song_a_in_the_meantime,2,Song A,In The Meantime,D,4,in_the_meantime_du_k,mix_56e65a3ce054,assets/audio/study-stimuli/main-study/group_02/song_a_in_the_meantime/du_k.wav,77,True,True,"Igual las que iban un poco mas lentas se me hicieron mejor para un momento así,  pero no se escuchaban tan poderosas como la canción anterior",-1.1193186569455127,1.7918041562064675,0.9713104079970216,0.4372547184671072,optional_qc_sensitivity_predictor,True,,True,,True,77,"[""D""]",D,True,1,True,1.0
P018,group_02,group_02,P018__trial_02,2,2,EDR-2,EDR-2,1,EDR-2 - Unwinding After a Demanding Period,EDR-2,"You have some time for yourself after a demanding period. Although a few everyday concerns are still on your mind, there is nothing that requires your attention right now. You would like to feel calmer and take your mind off these concerns for a while, so you decide to listen to music to help you unwind.",Relaxation-Distraction,in_the_meantime,group_02_song_a_in_the_meantime,2,Song A,In The Meantime,E,5,in_the_meantime_qut_pro,mix_cdaef40f2b94,assets/audio/study-stimuli/main-study/group_02/song_a_in_the_meantime/qut_pro.wav,62,True,True,"Igual las que iban un poco mas lentas se me hicieron mejor para un momento así,  pero no se escuchaban tan poderosas como la canción anterior",-0.6756280657690176,-1.4346341192827423,1.8511013279434223,-0.7325346788768815,optional_qc_sensitivity_predictor,True,,True,,True,77,"[""D""]",D,True,1,False,4.5
P018,group_02,group_02,P018__trial_03,3,3,FM-1,FM-1,2,FM-1 - Maintaining Engagement During an Activity,FM-1,"You are engaged in an activity that requires sustained mental or physical effort. As you continue, it becomes more difficult to stay engaged. You want to maintain your focus and motivation so that you can continue making steady progress toward completing the activity. You decide to listen to music while carrying on with the activity.",Focus-Motivation,pouring_room,group_02_song_b_pouring_room,1,Song B,Pouring Room,A,1,pouring_room_mcg_v,mix_e08faaf8bbb3,assets/audio/study-stimuli/main-study/group_02/song_b_pouring_room/mcg_v.wav,0,True,True,Yo necesitó silencio para realizar una tarea con mucha concentración. ,0.2009523983216312,1.112208706920678,-0.2814967551013548,-0.938440679331238,optional_qc_sensitivity_predictor,True,,True,,True,0,"[""A"",""B"",""C"",""D"",""E""]",,False,5,True,3.0
P018,group_02,group_02,P018__trial_03,3,3,FM-1,FM-1,2,FM-1 - Maintaining Engagement During an Activity,FM-1,"You are engaged in an activity that requires sustained mental or physical effort. As you continue, it becomes more difficult to stay engaged. You want to maintain your focus and motivation so that you can continue making steady progress toward completing the activity. You decide to listen to music while carrying on with the activity.",Focus-Motivation,pouring_room,group_02_song_b_pouring_room,1,Song B,Pouring Room,B,2,pouring_room_mcg_pro1,mix_132e75f34470,assets/audio/study-stimuli/main-study/group_02/song_b_pouring_room/mcg_pro1.wav,0,True,True,Yo necesitó silencio para realizar una tarea con mucha concentración. ,1.177821012274786,0.1366958746221527,-0.3534041622732912,-0.9473754159948484,optional_qc_sensitivity_predictor,True,,True,,True,0,"[""A"",""B"",""C"",""D"",""E""]",,False,5,True,3.0
P018,group_02,group_02,P018__trial_03,3,3,FM-1,FM-1,2,FM-1 - Maintaining Engagement During an Activity,FM-1,"You are engaged in an activity that requires sustained mental or physical effort. As you continue, it becomes more difficult to stay engaged. You want to maintain your focus and motivation so that you can continue making steady progress toward completing the activity. You decide to listen to music while carrying on with the activity.",Focus-Motivation,pouring_room,group_02_song_b_pouring_room,1,Song B,Pouring Room,C,3,pouring_room_mcg_t,mix_be2ccd4c43ff,assets/audio/study-stimuli/main-study/group_02/song_b_pouring_room/mcg_t.wav,0,True,True,Yo necesitó silencio para realizar una tarea con mucha concentración. ,-0.0814371595061495,1.1238301932737935,1.926895983278192,-0.8792578396079359,optional_qc_sensitivity_predictor,True,,True,,True,0,"[""A"",""B"",""C"",""D"",""E""]",,False,5,True,3.0
P018,group_02,group_02,P018__trial_03,3,3,FM-1,FM-1,2,FM-1 - Maintaining Engagement During an Activity,FM-1,"You are engaged in an activity that requires sustained mental or physical effort. As you continue, it becomes more difficult to stay engaged. You want to maintain your focus and motivation so that you can continue making steady progress toward completing the activity. You decide to listen to music while carrying on with the activity.",Focus-Motivation,pouring_room,group_02_song_b_pouring_room,1,Song B,Pouring Room,D,4,pouring_room_mcg_r,mix_0ba76f420c1d,assets/audio/study-stimuli/main-study/group_02/song_b_pouring_room/mcg_r.wav,0,True,True,Yo necesitó silencio para realizar una tarea con mucha concentración. ,0.2249858589620197,-0.521538265731174,0.8057256670690561,-1.2630720295337683,optional_qc_sensitivity_predictor,True,,True,,True,0,"[""A"",""B"",""C"",""D"",""E""]",,False,5,True,3.0
P018,group_02,group_02,P018__trial_03,3,3,FM-1,FM-1,2,FM-1 - Maintaining Engagement During an Activity,FM-1,"You are engaged in an activity that requires sustained mental or physical effort. As you continue, it becomes more difficult to stay engaged. You want to maintain your focus and motivation so that you can continue making steady progress toward completing the activity. You decide to listen to music while carrying on with the activity.",Focus-Motivation,pouring_room,group_02_song_b_pouring_room,1,Song B,Pouring Room,E,5,pouring_room_mcg_x,mix_cbf8555ee2b2,assets/audio/study-stimuli/main-study/group_02/song_b_pouring_room/mcg_x.wav,0,True,True,Yo necesitó silencio para realizar una tarea con mucha concentración. ,0.4494273963527286,0.780552768870155,0.8086566197405122,-0.4801297779726206,optional_qc_sensitivity_predictor,True,,True,,True,0,"[""A"",""B"",""C"",""D"",""E""]",,False,5,True,3.0
P018,group_02,group_02,P018__trial_04,4,4,FM-1,FM-1,2,FM-1 - Maintaining Engagement During an Activity,FM-1,"You are engaged in an activity that requires sustained mental or physical effort. As you continue, it becomes more difficult to stay engaged. You want to maintain your focus and motivation so that you can continue making steady progress toward completing the activity. You decide to listen to music while carrying on with the activity.",Focus-Motivation,in_the_meantime,group_02_song_a_in_the_meantime,2,Song A,In The Meantime,A,1,in_the_meantime_du_k,mix_56e65a3ce054,assets/audio/study-stimuli/main-study/group_02/song_a_in_the_meantime/du_k.wav,0,True,True,Yo necesitó silencio para realizar actividades que requieren mi atención. ,-1.1193186569455127,1.7918041562064675,0.9713104079970216,0.4372547184671072,optional_qc_sensitivity_predictor,True,,True,,True,0,"[""A"",""B"",""C"",""D"",""E""]",,False,5,True,3.0
P018,group_02,group_02,P018__trial_04,4,4,FM-1,FM-1,2,FM-1 - Maintaining Engagement During an Activity,FM-1,"You are engaged in an activity that requires sustained mental or physical effort. As you continue, it becomes more difficult to stay engaged. You want to maintain your focus and motivation so that you can continue making steady progress toward completing the activity. You decide to listen to music while carrying on with the activity.",Focus-Motivation,in_the_meantime,group_02_song_a_in_the_meantime,2,Song A,In The Meantime,B,2,in_the_meantime_du_h,mix_302f0efe8a80,assets/audio/study-stimuli/main-study/group_02/song_a_in_the_meantime/du_h.wav,0,True,True,Yo necesitó silencio para realizar actividades que requieren mi atención. ,0.6887214233465396,0.2719152524959843,-0.8693704120952901,0.8234428342152216,optional_qc_sensitivity_predictor,True,,True,,True,0,"[""A"",""B"",""C"",""D"",""E""]",,False,5,True,3.0
P018,group_02,group_02,P018__trial_04,4,4,FM-1,FM-1,2,FM-1 - Maintaining Engagement During an Activity,FM-1,"You are engaged in an activity that requires sustained mental or physical effort. As you continue, it becomes more difficult to stay engaged. You want to maintain your focus and motivation so that you can continue making steady progress toward completing the activity. You decide to listen to music while carrying on with the activity.",Focus-Motivation,in_the_meantime,group_02_song_a_in_the_meantime,2,Song A,In The Meantime,C,3,in_the_meantime_qut_b,mix_c7bdcba64775,assets/audio/study-stimuli/main-study/group_02/song_a_in_the_meantime/qut_b.wav,0,True,True,Yo necesitó silencio para realizar actividades que requieren mi atención. ,-0.6698107538710293,-0.1978340618743536,-1.5468197375217057,0.0908009789400507,optional_qc_sensitivity_predictor,True,,True,,True,0,"[""A"",""B"",""C"",""D"",""E""]",,False,5,True,3.0
P018,group_02,group_02,P018__trial_04,4,4,FM-1,FM-1,2,FM-1 - Maintaining Engagement During an Activity,FM-1,"You are engaged in an activity that requires sustained mental or physical effort. As you continue, it becomes more difficult to stay engaged. You want to maintain your focus and motivation so that you can continue making steady progress toward completing the activity. You decide to listen to music while carrying on with the activity.",Focus-Motivation,in_the_meantime,group_02_song_a_in_the_meantime,2,Song A,In The Meantime,D,4,in_the_meantime_du_i,mix_9baa86357fd4,assets/audio/study-stimuli/main-study/group_02/song_a_in_the_meantime/du_i.wav,0,True,True,Yo necesitó silencio para realizar actividades que requieren mi atención. ,-1.8990066727669184,1.9187185345499165,0.5415536857115313,-0.721703057329889,optional_qc_sensitivity_predictor,True,,True,,True,0,"[""A"",""B"",""C"",""D"",""E""]",,False,5,True,3.0
P018,group_02,group_02,P018__trial_04,4,4,FM-1,FM-1,2,FM-1 - Maintaining Engagement During an Activity,FM-1,"You are engaged in an activity that requires sustained mental or physical effort. As you continue, it becomes more difficult to stay engaged. You want to maintain your focus and motivation so that you can continue making steady progress toward completing the activity. You decide to listen to music while carrying on with the activity.",Focus-Motivation,in_the_meantime,group_02_song_a_in_the_meantime,2,Song A,In The Meantime,E,5,in_the_meantime_qut_pro,mix_cdaef40f2b94,assets/audio/study-stimuli/main-study/group_02/song_a_in_the_meantime/qut_pro.wav,0,True,True,Yo necesitó silencio para realizar actividades que requieren mi atención. ,-0.6756280657690176,-1.4346341192827423,1.8511013279434223,-0.7325346788768815,optional_qc_sensitivity_predictor,True,,True,,True,0,"[""A"",""B"",""C"",""D"",""E""]",,False,5,True,3.0
P018,group_02,group_02,P018__trial_05,5,5,EDR-1,EDR-1,3,EDR-1 - Enjoying Free Time,EDR-1,"You have some free time and no immediate responsibilities that require your attention. You are not feeling tired or worried, but you would like to enjoy your time rather than let it pass uneventfully. You decide to listen to music for entertainment, making your free time more enjoyable.",Enjoyment,pouring_room,group_02_song_b_pouring_room,1,Song B,Pouring Room,A,1,pouring_room_mcg_r,mix_0ba76f420c1d,assets/audio/study-stimuli/main-study/group_02/song_b_pouring_room/mcg_r.wav,100,True,True,"Las canciones me parecieron buenas para escucharlas, la verdad nose si esperan que mi gusto cambié mucho basandome en el tono, para mí es casi la misma XD
Soy muy de si me gusta bien, sino no. ",0.2249858589620197,-0.521538265731174,0.8057256670690561,-1.2630720295337683,optional_qc_sensitivity_predictor,True,,True,,True,100,"[""A"",""B"",""C"",""D"",""E""]",,False,5,True,3.0
P018,group_02,group_02,P018__trial_05,5,5,EDR-1,EDR-1,3,EDR-1 - Enjoying Free Time,EDR-1,"You have some free time and no immediate responsibilities that require your attention. You are not feeling tired or worried, but you would like to enjoy your time rather than let it pass uneventfully. You decide to listen to music for entertainment, making your free time more enjoyable.",Enjoyment,pouring_room,group_02_song_b_pouring_room,1,Song B,Pouring Room,B,2,pouring_room_mcg_x,mix_cbf8555ee2b2,assets/audio/study-stimuli/main-study/group_02/song_b_pouring_room/mcg_x.wav,100,True,True,"Las canciones me parecieron buenas para escucharlas, la verdad nose si esperan que mi gusto cambié mucho basandome en el tono, para mí es casi la misma XD
Soy muy de si me gusta bien, sino no. ",0.4494273963527286,0.780552768870155,0.8086566197405122,-0.4801297779726206,optional_qc_sensitivity_predictor,True,,True,,True,100,"[""A"",""B"",""C"",""D"",""E""]",,False,5,True,3.0
P018,group_02,group_02,P018__trial_05,5,5,EDR-1,EDR-1,3,EDR-1 - Enjoying Free Time,EDR-1,"You have some free time and no immediate responsibilities that require your attention. You are not feeling tired or worried, but you would like to enjoy your time rather than let it pass uneventfully. You decide to listen to music for entertainment, making your free time more enjoyable.",Enjoyment,pouring_room,group_02_song_b_pouring_room,1,Song B,Pouring Room,C,3,pouring_room_mcg_v,mix_e08faaf8bbb3,assets/audio/study-stimuli/main-study/group_02/song_b_pouring_room/mcg_v.wav,100,True,True,"Las canciones me parecieron buenas para escucharlas, la verdad nose si esperan que mi gusto cambié mucho basandome en el tono, para mí es casi la misma XD
Soy muy de si me gusta bien, sino no. ",0.2009523983216312,1.112208706920678,-0.2814967551013548,-0.938440679331238,optional_qc_sensitivity_predictor,True,,True,,True,100,"[""A"",""B"",""C"",""D"",""E""]",,False,5,True,3.0
P018,group_02,group_02,P018__trial_05,5,5,EDR-1,EDR-1,3,EDR-1 - Enjoying Free Time,EDR-1,"You have some free time and no immediate responsibilities that require your attention. You are not feeling tired or worried, but you would like to enjoy your time rather than let it pass uneventfully. You decide to listen to music for entertainment, making your free time more enjoyable.",Enjoyment,pouring_room,group_02_song_b_pouring_room,1,Song B,Pouring Room,D,4,pouring_room_mcg_t,mix_be2ccd4c43ff,assets/audio/study-stimuli/main-study/group_02/song_b_pouring_room/mcg_t.wav,100,True,True,"Las canciones me parecieron buenas para escucharlas, la verdad nose si esperan que mi gusto cambié mucho basandome en el tono, para mí es casi la misma XD
Soy muy de si me gusta bien, sino no. ",-0.0814371595061495,1.1238301932737935,1.926895983278192,-0.8792578396079359,optional_qc_sensitivity_predictor,True,,True,,True,100,"[""A"",""B"",""C"",""D"",""E""]",,False,5,True,3.0
P018,group_02,group_02,P018__trial_05,5,5,EDR-1,EDR-1,3,EDR-1 - Enjoying Free Time,EDR-1,"You have some free time and no immediate responsibilities that require your attention. You are not feeling tired or worried, but you would like to enjoy your time rather than let it pass uneventfully. You decide to listen to music for entertainment, making your free time more enjoyable.",Enjoyment,pouring_room,group_02_song_b_pouring_room,1,Song B,Pouring Room,E,5,pouring_room_mcg_pro1,mix_132e75f34470,assets/audio/study-stimuli/main-study/group_02/song_b_pouring_room/mcg_pro1.wav,100,True,True,"Las canciones me parecieron buenas para escucharlas, la verdad nose si esperan que mi gusto cambié mucho basandome en el tono, para mí es casi la misma XD
Soy muy de si me gusta bien, sino no. ",1.177821012274786,0.1366958746221527,-0.3534041622732912,-0.9473754159948484,optional_qc_sensitivity_predictor,True,,True,,True,100,"[""A"",""B"",""C"",""D"",""E""]",,False,5,True,3.0
P018,group_02,group_02,P018__trial_06,6,6,EDR-1,EDR-1,3,EDR-1 - Enjoying Free Time,EDR-1,"You have some free time and no immediate responsibilities that require your attention. You are not feeling tired or worried, but you would like to enjoy your time rather than let it pass uneventfully. You decide to listen to music for entertainment, making your free time more enjoyable.",Enjoyment,in_the_meantime,group_02_song_a_in_the_meantime,2,Song A,In The Meantime,A,1,in_the_meantime_qut_pro,mix_cdaef40f2b94,assets/audio/study-stimuli/main-study/group_02/song_a_in_the_meantime/qut_pro.wav,73,True,True,"En este caso puedo decir que el B y el A se escucharon un poco mas enriquecidos que los otros, el C no tanto",-0.6756280657690176,-1.4346341192827423,1.8511013279434223,-0.7325346788768815,optional_qc_sensitivity_predictor,True,,True,,True,74,"[""B""]",B,True,1,False,2.0
P018,group_02,group_02,P018__trial_06,6,6,EDR-1,EDR-1,3,EDR-1 - Enjoying Free Time,EDR-1,"You have some free time and no immediate responsibilities that require your attention. You are not feeling tired or worried, but you would like to enjoy your time rather than let it pass uneventfully. You decide to listen to music for entertainment, making your free time more enjoyable.",Enjoyment,in_the_meantime,group_02_song_a_in_the_meantime,2,Song A,In The Meantime,B,2,in_the_meantime_du_i,mix_9baa86357fd4,assets/audio/study-stimuli/main-study/group_02/song_a_in_the_meantime/du_i.wav,74,True,True,"En este caso puedo decir que el B y el A se escucharon un poco mas enriquecidos que los otros, el C no tanto",-1.8990066727669184,1.9187185345499165,0.5415536857115313,-0.721703057329889,optional_qc_sensitivity_predictor,True,,True,,True,74,"[""B""]",B,True,1,True,1.0
P018,group_02,group_02,P018__trial_06,6,6,EDR-1,EDR-1,3,EDR-1 - Enjoying Free Time,EDR-1,"You have some free time and no immediate responsibilities that require your attention. You are not feeling tired or worried, but you would like to enjoy your time rather than let it pass uneventfully. You decide to listen to music for entertainment, making your free time more enjoyable.",Enjoyment,in_the_meantime,group_02_song_a_in_the_meantime,2,Song A,In The Meantime,C,3,in_the_meantime_du_h,mix_302f0efe8a80,assets/audio/study-stimuli/main-study/group_02/song_a_in_the_meantime/du_h.wav,47,True,True,"En este caso puedo decir que el B y el A se escucharon un poco mas enriquecidos que los otros, el C no tanto",0.6887214233465396,0.2719152524959843,-0.8693704120952901,0.8234428342152216,optional_qc_sensitivity_predictor,True,,True,,True,74,"[""B""]",B,True,1,False,5.0
P018,group_02,group_02,P018__trial_06,6,6,EDR-1,EDR-1,3,EDR-1 - Enjoying Free Time,EDR-1,"You have some free time and no immediate responsibilities that require your attention. You are not feeling tired or worried, but you would like to enjoy your time rather than let it pass uneventfully. You decide to listen to music for entertainment, making your free time more enjoyable.",Enjoyment,in_the_meantime,group_02_song_a_in_the_meantime,2,Song A,In The Meantime,D,4,in_the_meantime_qut_b,mix_c7bdcba64775,assets/audio/study-stimuli/main-study/group_02/song_a_in_the_meantime/qut_b.wav,61,True,True,"En este caso puedo decir que el B y el A se escucharon un poco mas enriquecidos que los otros, el C no tanto",-0.6698107538710293,-0.1978340618743536,-1.5468197375217057,0.0908009789400507,optional_qc_sensitivity_predictor,True,,True,,True,74,"[""B""]",B,True,1,False,3.0
P018,group_02,group_02,P018__trial_06,6,6,EDR-1,EDR-1,3,EDR-1 - Enjoying Free Time,EDR-1,"You have some free time and no immediate responsibilities that require your attention. You are not feeling tired or worried, but you would like to enjoy your time rather than let it pass uneventfully. You decide to listen to music for entertainment, making your free time more enjoyable.",Enjoyment,in_the_meantime,group_02_song_a_in_the_meantime,2,Song A,In The Meantime,E,5,in_the_meantime_du_k,mix_56e65a3ce054,assets/audio/study-stimuli/main-study/group_02/song_a_in_the_meantime/du_k.wav,60,True,True,"En este caso puedo decir que el B y el A se escucharon un poco mas enriquecidos que los otros, el C no tanto",-1.1193186569455127,1.7918041562064675,0.9713104079970216,0.4372547184671072,optional_qc_sensitivity_predictor,True,,True,,True,74,"[""B""]",B,True,1,False,4.0
P019,group_02,group_02,P019__trial_01,1,1,EDR-2,EDR-2,1,EDR-2 - Unwinding After a Demanding Period,EDR-2,"You have some time for yourself after a demanding period. Although a few everyday concerns are still on your mind, there is nothing that requires your attention right now. You would like to feel calmer and take your mind off these concerns for a while, so you decide to listen to music to help you unwind.",Relaxation-Distraction,in_the_meantime,group_02_song_a_in_the_meantime,1,Song A,In The Meantime,A,1,in_the_meantime_du_k,mix_56e65a3ce054,assets/audio/study-stimuli/main-study/group_02/song_a_in_the_meantime/du_k.wav,0,True,True,"Mix C drums are too loud; Mix A sounds weird and not pleasant; Mix B sounds okay; I like Mix D since it sounds calm, the voice is not that loud; Mix E also sounds calm but I don;t like the guitar and vocals volume is too loud.",-1.1193186569455127,1.7918041562064675,0.9713104079970216,0.4372547184671072,optional_qc_sensitivity_predictor,True,,True,,True,100,"[""D""]",D,True,1,False,5.0
P019,group_02,group_02,P019__trial_01,1,1,EDR-2,EDR-2,1,EDR-2 - Unwinding After a Demanding Period,EDR-2,"You have some time for yourself after a demanding period. Although a few everyday concerns are still on your mind, there is nothing that requires your attention right now. You would like to feel calmer and take your mind off these concerns for a while, so you decide to listen to music to help you unwind.",Relaxation-Distraction,in_the_meantime,group_02_song_a_in_the_meantime,1,Song A,In The Meantime,B,2,in_the_meantime_qut_pro,mix_cdaef40f2b94,assets/audio/study-stimuli/main-study/group_02/song_a_in_the_meantime/qut_pro.wav,80,True,True,"Mix C drums are too loud; Mix A sounds weird and not pleasant; Mix B sounds okay; I like Mix D since it sounds calm, the voice is not that loud; Mix E also sounds calm but I don;t like the guitar and vocals volume is too loud.",-0.6756280657690176,-1.4346341192827423,1.8511013279434223,-0.7325346788768815,optional_qc_sensitivity_predictor,True,,True,,True,100,"[""D""]",D,True,1,False,2.0
P019,group_02,group_02,P019__trial_01,1,1,EDR-2,EDR-2,1,EDR-2 - Unwinding After a Demanding Period,EDR-2,"You have some time for yourself after a demanding period. Although a few everyday concerns are still on your mind, there is nothing that requires your attention right now. You would like to feel calmer and take your mind off these concerns for a while, so you decide to listen to music to help you unwind.",Relaxation-Distraction,in_the_meantime,group_02_song_a_in_the_meantime,1,Song A,In The Meantime,C,3,in_the_meantime_du_i,mix_9baa86357fd4,assets/audio/study-stimuli/main-study/group_02/song_a_in_the_meantime/du_i.wav,21,True,True,"Mix C drums are too loud; Mix A sounds weird and not pleasant; Mix B sounds okay; I like Mix D since it sounds calm, the voice is not that loud; Mix E also sounds calm but I don;t like the guitar and vocals volume is too loud.",-1.8990066727669184,1.9187185345499165,0.5415536857115313,-0.721703057329889,optional_qc_sensitivity_predictor,True,,True,,True,100,"[""D""]",D,True,1,False,4.0
P019,group_02,group_02,P019__trial_01,1,1,EDR-2,EDR-2,1,EDR-2 - Unwinding After a Demanding Period,EDR-2,"You have some time for yourself after a demanding period. Although a few everyday concerns are still on your mind, there is nothing that requires your attention right now. You would like to feel calmer and take your mind off these concerns for a while, so you decide to listen to music to help you unwind.",Relaxation-Distraction,in_the_meantime,group_02_song_a_in_the_meantime,1,Song A,In The Meantime,D,4,in_the_meantime_du_h,mix_302f0efe8a80,assets/audio/study-stimuli/main-study/group_02/song_a_in_the_meantime/du_h.wav,100,True,True,"Mix C drums are too loud; Mix A sounds weird and not pleasant; Mix B sounds okay; I like Mix D since it sounds calm, the voice is not that loud; Mix E also sounds calm but I don;t like the guitar and vocals volume is too loud.",0.6887214233465396,0.2719152524959843,-0.8693704120952901,0.8234428342152216,optional_qc_sensitivity_predictor,True,,True,,True,100,"[""D""]",D,True,1,True,1.0
P019,group_02,group_02,P019__trial_01,1,1,EDR-2,EDR-2,1,EDR-2 - Unwinding After a Demanding Period,EDR-2,"You have some time for yourself after a demanding period. Although a few everyday concerns are still on your mind, there is nothing that requires your attention right now. You would like to feel calmer and take your mind off these concerns for a while, so you decide to listen to music to help you unwind.",Relaxation-Distraction,in_the_meantime,group_02_song_a_in_the_meantime,1,Song A,In The Meantime,E,5,in_the_meantime_qut_b,mix_c7bdcba64775,assets/audio/study-stimuli/main-study/group_02/song_a_in_the_meantime/qut_b.wav,61,True,True,"Mix C drums are too loud; Mix A sounds weird and not pleasant; Mix B sounds okay; I like Mix D since it sounds calm, the voice is not that loud; Mix E also sounds calm but I don;t like the guitar and vocals volume is too loud.",-0.6698107538710293,-0.1978340618743536,-1.5468197375217057,0.0908009789400507,optional_qc_sensitivity_predictor,True,,True,,True,100,"[""D""]",D,True,1,False,3.0
P019,group_02,group_02,P019__trial_02,2,2,EDR-2,EDR-2,1,EDR-2 - Unwinding After a Demanding Period,EDR-2,"You have some time for yourself after a demanding period. Although a few everyday concerns are still on your mind, there is nothing that requires your attention right now. You would like to feel calmer and take your mind off these concerns for a while, so you decide to listen to music to help you unwind.",Relaxation-Distraction,pouring_room,group_02_song_b_pouring_room,2,Song B,Pouring Room,A,1,pouring_room_mcg_r,mix_0ba76f420c1d,assets/audio/study-stimuli/main-study/group_02/song_b_pouring_room/mcg_r.wav,93,True,True,"Mix A sounds good, well balanced; Mix B vocals i dont like them, it sounds like radio and guitar sound is too loud; Mix C vocals I like them, I feel some chorus and reverb, guitar also good, other instruments too loud; Mix D i like it because vocals are clear and instruments are very calm compared to other mixes; Mix E is also similar to D and A and i like it since instruments are calmed..",0.2249858589620197,-0.521538265731174,0.8057256670690561,-1.2630720295337683,optional_qc_sensitivity_predictor,True,,True,,True,93,"[""A""]",A,True,1,True,1.0
P019,group_02,group_02,P019__trial_02,2,2,EDR-2,EDR-2,1,EDR-2 - Unwinding After a Demanding Period,EDR-2,"You have some time for yourself after a demanding period. Although a few everyday concerns are still on your mind, there is nothing that requires your attention right now. You would like to feel calmer and take your mind off these concerns for a while, so you decide to listen to music to help you unwind.",Relaxation-Distraction,pouring_room,group_02_song_b_pouring_room,2,Song B,Pouring Room,B,2,pouring_room_mcg_t,mix_be2ccd4c43ff,assets/audio/study-stimuli/main-study/group_02/song_b_pouring_room/mcg_t.wav,13,True,True,"Mix A sounds good, well balanced; Mix B vocals i dont like them, it sounds like radio and guitar sound is too loud; Mix C vocals I like them, I feel some chorus and reverb, guitar also good, other instruments too loud; Mix D i like it because vocals are clear and instruments are very calm compared to other mixes; Mix E is also similar to D and A and i like it since instruments are calmed..",-0.0814371595061495,1.1238301932737935,1.926895983278192,-0.8792578396079359,optional_qc_sensitivity_predictor,True,,True,,True,93,"[""A""]",A,True,1,False,5.0
P019,group_02,group_02,P019__trial_02,2,2,EDR-2,EDR-2,1,EDR-2 - Unwinding After a Demanding Period,EDR-2,"You have some time for yourself after a demanding period. Although a few everyday concerns are still on your mind, there is nothing that requires your attention right now. You would like to feel calmer and take your mind off these concerns for a while, so you decide to listen to music to help you unwind.",Relaxation-Distraction,pouring_room,group_02_song_b_pouring_room,2,Song B,Pouring Room,C,3,pouring_room_mcg_x,mix_cbf8555ee2b2,assets/audio/study-stimuli/main-study/group_02/song_b_pouring_room/mcg_x.wav,65,True,True,"Mix A sounds good, well balanced; Mix B vocals i dont like them, it sounds like radio and guitar sound is too loud; Mix C vocals I like them, I feel some chorus and reverb, guitar also good, other instruments too loud; Mix D i like it because vocals are clear and instruments are very calm compared to other mixes; Mix E is also similar to D and A and i like it since instruments are calmed..",0.4494273963527286,0.780552768870155,0.8086566197405122,-0.4801297779726206,optional_qc_sensitivity_predictor,True,,True,,True,93,"[""A""]",A,True,1,False,4.0
P019,group_02,group_02,P019__trial_02,2,2,EDR-2,EDR-2,1,EDR-2 - Unwinding After a Demanding Period,EDR-2,"You have some time for yourself after a demanding period. Although a few everyday concerns are still on your mind, there is nothing that requires your attention right now. You would like to feel calmer and take your mind off these concerns for a while, so you decide to listen to music to help you unwind.",Relaxation-Distraction,pouring_room,group_02_song_b_pouring_room,2,Song B,Pouring Room,D,4,pouring_room_mcg_pro1,mix_132e75f34470,assets/audio/study-stimuli/main-study/group_02/song_b_pouring_room/mcg_pro1.wav,86,True,True,"Mix A sounds good, well balanced; Mix B vocals i dont like them, it sounds like radio and guitar sound is too loud; Mix C vocals I like them, I feel some chorus and reverb, guitar also good, other instruments too loud; Mix D i like it because vocals are clear and instruments are very calm compared to other mixes; Mix E is also similar to D and A and i like it since instruments are calmed..",1.177821012274786,0.1366958746221527,-0.3534041622732912,-0.9473754159948484,optional_qc_sensitivity_predictor,True,,True,,True,93,"[""A""]",A,True,1,False,2.0
P019,group_02,group_02,P019__trial_02,2,2,EDR-2,EDR-2,1,EDR-2 - Unwinding After a Demanding Period,EDR-2,"You have some time for yourself after a demanding period. Although a few everyday concerns are still on your mind, there is nothing that requires your attention right now. You would like to feel calmer and take your mind off these concerns for a while, so you decide to listen to music to help you unwind.",Relaxation-Distraction,pouring_room,group_02_song_b_pouring_room,2,Song B,Pouring Room,E,5,pouring_room_mcg_v,mix_e08faaf8bbb3,assets/audio/study-stimuli/main-study/group_02/song_b_pouring_room/mcg_v.wav,80,True,True,"Mix A sounds good, well balanced; Mix B vocals i dont like them, it sounds like radio and guitar sound is too loud; Mix C vocals I like them, I feel some chorus and reverb, guitar also good, other instruments too loud; Mix D i like it because vocals are clear and instruments are very calm compared to other mixes; Mix E is also similar to D and A and i like it since instruments are calmed..",0.2009523983216312,1.112208706920678,-0.2814967551013548,-0.938440679331238,optional_qc_sensitivity_predictor,True,,True,,True,93,"[""A""]",A,True,1,False,3.0
P019,group_02,group_02,P019__trial_03,3,3,EDR-1,EDR-1,2,EDR-1 - Enjoying Free Time,EDR-1,"You have some free time and no immediate responsibilities that require your attention. You are not feeling tired or worried, but you would like to enjoy your time rather than let it pass uneventfully. You decide to listen to music for entertainment, making your free time more enjoyable.",Enjoyment,in_the_meantime,group_02_song_a_in_the_meantime,1,Song A,In The Meantime,A,1,in_the_meantime_du_h,mix_302f0efe8a80,assets/audio/study-stimuli/main-study/group_02/song_a_in_the_meantime/du_h.wav,91,True,True,"For Mix A, I like the balance of vocals and instruments, the piano sounds good; Mix B doesn't make me feel relaxed, sounds weird; Mix C drums sound too strong and I personally I don't enjoy it unless is live music; Mix D instruments sounds too low, same as vocals everything is calmed; Mix E similar to Mix A, I like the balance of vocals and instruments",0.6887214233465396,0.2719152524959843,-0.8693704120952901,0.8234428342152216,optional_qc_sensitivity_predictor,True,,True,,True,91,"[""A""]",A,True,1,True,1.0
P019,group_02,group_02,P019__trial_03,3,3,EDR-1,EDR-1,2,EDR-1 - Enjoying Free Time,EDR-1,"You have some free time and no immediate responsibilities that require your attention. You are not feeling tired or worried, but you would like to enjoy your time rather than let it pass uneventfully. You decide to listen to music for entertainment, making your free time more enjoyable.",Enjoyment,in_the_meantime,group_02_song_a_in_the_meantime,1,Song A,In The Meantime,B,2,in_the_meantime_du_k,mix_56e65a3ce054,assets/audio/study-stimuli/main-study/group_02/song_a_in_the_meantime/du_k.wav,6,True,True,"For Mix A, I like the balance of vocals and instruments, the piano sounds good; Mix B doesn't make me feel relaxed, sounds weird; Mix C drums sound too strong and I personally I don't enjoy it unless is live music; Mix D instruments sounds too low, same as vocals everything is calmed; Mix E similar to Mix A, I like the balance of vocals and instruments",-1.1193186569455127,1.7918041562064675,0.9713104079970216,0.4372547184671072,optional_qc_sensitivity_predictor,True,,True,,True,91,"[""A""]",A,True,1,False,5.0
P019,group_02,group_02,P019__trial_03,3,3,EDR-1,EDR-1,2,EDR-1 - Enjoying Free Time,EDR-1,"You have some free time and no immediate responsibilities that require your attention. You are not feeling tired or worried, but you would like to enjoy your time rather than let it pass uneventfully. You decide to listen to music for entertainment, making your free time more enjoyable.",Enjoyment,in_the_meantime,group_02_song_a_in_the_meantime,1,Song A,In The Meantime,C,3,in_the_meantime_du_i,mix_9baa86357fd4,assets/audio/study-stimuli/main-study/group_02/song_a_in_the_meantime/du_i.wav,43,True,True,"For Mix A, I like the balance of vocals and instruments, the piano sounds good; Mix B doesn't make me feel relaxed, sounds weird; Mix C drums sound too strong and I personally I don't enjoy it unless is live music; Mix D instruments sounds too low, same as vocals everything is calmed; Mix E similar to Mix A, I like the balance of vocals and instruments",-1.8990066727669184,1.9187185345499165,0.5415536857115313,-0.721703057329889,optional_qc_sensitivity_predictor,True,,True,,True,91,"[""A""]",A,True,1,False,3.0
P019,group_02,group_02,P019__trial_03,3,3,EDR-1,EDR-1,2,EDR-1 - Enjoying Free Time,EDR-1,"You have some free time and no immediate responsibilities that require your attention. You are not feeling tired or worried, but you would like to enjoy your time rather than let it pass uneventfully. You decide to listen to music for entertainment, making your free time more enjoyable.",Enjoyment,in_the_meantime,group_02_song_a_in_the_meantime,1,Song A,In The Meantime,D,4,in_the_meantime_qut_b,mix_c7bdcba64775,assets/audio/study-stimuli/main-study/group_02/song_a_in_the_meantime/qut_b.wav,22,True,True,"For Mix A, I like the balance of vocals and instruments, the piano sounds good; Mix B doesn't make me feel relaxed, sounds weird; Mix C drums sound too strong and I personally I don't enjoy it unless is live music; Mix D instruments sounds too low, same as vocals everything is calmed; Mix E similar to Mix A, I like the balance of vocals and instruments",-0.6698107538710293,-0.1978340618743536,-1.5468197375217057,0.0908009789400507,optional_qc_sensitivity_predictor,True,,True,,True,91,"[""A""]",A,True,1,False,4.0
P019,group_02,group_02,P019__trial_03,3,3,EDR-1,EDR-1,2,EDR-1 - Enjoying Free Time,EDR-1,"You have some free time and no immediate responsibilities that require your attention. You are not feeling tired or worried, but you would like to enjoy your time rather than let it pass uneventfully. You decide to listen to music for entertainment, making your free time more enjoyable.",Enjoyment,in_the_meantime,group_02_song_a_in_the_meantime,1,Song A,In The Meantime,E,5,in_the_meantime_qut_pro,mix_cdaef40f2b94,assets/audio/study-stimuli/main-study/group_02/song_a_in_the_meantime/qut_pro.wav,83,True,True,"For Mix A, I like the balance of vocals and instruments, the piano sounds good; Mix B doesn't make me feel relaxed, sounds weird; Mix C drums sound too strong and I personally I don't enjoy it unless is live music; Mix D instruments sounds too low, same as vocals everything is calmed; Mix E similar to Mix A, I like the balance of vocals and instruments",-0.6756280657690176,-1.4346341192827423,1.8511013279434223,-0.7325346788768815,optional_qc_sensitivity_predictor,True,,True,,True,91,"[""A""]",A,True,1,False,2.0
P019,group_02,group_02,P019__trial_04,4,4,EDR-1,EDR-1,2,EDR-1 - Enjoying Free Time,EDR-1,"You have some free time and no immediate responsibilities that require your attention. You are not feeling tired or worried, but you would like to enjoy your time rather than let it pass uneventfully. You decide to listen to music for entertainment, making your free time more enjoyable.",Enjoyment,pouring_room,group_02_song_b_pouring_room,2,Song B,Pouring Room,A,1,pouring_room_mcg_t,mix_be2ccd4c43ff,assets/audio/study-stimuli/main-study/group_02/song_b_pouring_room/mcg_t.wav,30,True,True,"Mix A sounds vocals i dont enjoy them..too relaxing, instruments to aggresive; Mix B sounds better to me, more balanced, instruments not that loud and vocals clear; Mix C I like it, sounds more pleasant for me; Mix D also has clear vocals, i like them, and i like the drums; Mix E sounds to relaxing, and the chorus or reverb is to strong for vocals and instruments",-0.0814371595061495,1.1238301932737935,1.926895983278192,-0.8792578396079359,optional_qc_sensitivity_predictor,True,,True,,True,94,"[""B""]",B,True,1,False,5.0
P019,group_02,group_02,P019__trial_04,4,4,EDR-1,EDR-1,2,EDR-1 - Enjoying Free Time,EDR-1,"You have some free time and no immediate responsibilities that require your attention. You are not feeling tired or worried, but you would like to enjoy your time rather than let it pass uneventfully. You decide to listen to music for entertainment, making your free time more enjoyable.",Enjoyment,pouring_room,group_02_song_b_pouring_room,2,Song B,Pouring Room,B,2,pouring_room_mcg_pro1,mix_132e75f34470,assets/audio/study-stimuli/main-study/group_02/song_b_pouring_room/mcg_pro1.wav,94,True,True,"Mix A sounds vocals i dont enjoy them..too relaxing, instruments to aggresive; Mix B sounds better to me, more balanced, instruments not that loud and vocals clear; Mix C I like it, sounds more pleasant for me; Mix D also has clear vocals, i like them, and i like the drums; Mix E sounds to relaxing, and the chorus or reverb is to strong for vocals and instruments",1.177821012274786,0.1366958746221527,-0.3534041622732912,-0.9473754159948484,optional_qc_sensitivity_predictor,True,,True,,True,94,"[""B""]",B,True,1,True,1.0
P019,group_02,group_02,P019__trial_04,4,4,EDR-1,EDR-1,2,EDR-1 - Enjoying Free Time,EDR-1,"You have some free time and no immediate responsibilities that require your attention. You are not feeling tired or worried, but you would like to enjoy your time rather than let it pass uneventfully. You decide to listen to music for entertainment, making your free time more enjoyable.",Enjoyment,pouring_room,group_02_song_b_pouring_room,2,Song B,Pouring Room,C,3,pouring_room_mcg_r,mix_0ba76f420c1d,assets/audio/study-stimuli/main-study/group_02/song_b_pouring_room/mcg_r.wav,80,True,True,"Mix A sounds vocals i dont enjoy them..too relaxing, instruments to aggresive; Mix B sounds better to me, more balanced, instruments not that loud and vocals clear; Mix C I like it, sounds more pleasant for me; Mix D also has clear vocals, i like them, and i like the drums; Mix E sounds to relaxing, and the chorus or reverb is to strong for vocals and instruments",0.2249858589620197,-0.521538265731174,0.8057256670690561,-1.2630720295337683,optional_qc_sensitivity_predictor,True,,True,,True,94,"[""B""]",B,True,1,False,3.0
P019,group_02,group_02,P019__trial_04,4,4,EDR-1,EDR-1,2,EDR-1 - Enjoying Free Time,EDR-1,"You have some free time and no immediate responsibilities that require your attention. You are not feeling tired or worried, but you would like to enjoy your time rather than let it pass uneventfully. You decide to listen to music for entertainment, making your free time more enjoyable.",Enjoyment,pouring_room,group_02_song_b_pouring_room,2,Song B,Pouring Room,D,4,pouring_room_mcg_v,mix_e08faaf8bbb3,assets/audio/study-stimuli/main-study/group_02/song_b_pouring_room/mcg_v.wav,86,True,True,"Mix A sounds vocals i dont enjoy them..too relaxing, instruments to aggresive; Mix B sounds better to me, more balanced, instruments not that loud and vocals clear; Mix C I like it, sounds more pleasant for me; Mix D also has clear vocals, i like them, and i like the drums; Mix E sounds to relaxing, and the chorus or reverb is to strong for vocals and instruments",0.2009523983216312,1.112208706920678,-0.2814967551013548,-0.938440679331238,optional_qc_sensitivity_predictor,True,,True,,True,94,"[""B""]",B,True,1,False,2.0
P019,group_02,group_02,P019__trial_04,4,4,EDR-1,EDR-1,2,EDR-1 - Enjoying Free Time,EDR-1,"You have some free time and no immediate responsibilities that require your attention. You are not feeling tired or worried, but you would like to enjoy your time rather than let it pass uneventfully. You decide to listen to music for entertainment, making your free time more enjoyable.",Enjoyment,pouring_room,group_02_song_b_pouring_room,2,Song B,Pouring Room,E,5,pouring_room_mcg_x,mix_cbf8555ee2b2,assets/audio/study-stimuli/main-study/group_02/song_b_pouring_room/mcg_x.wav,38,True,True,"Mix A sounds vocals i dont enjoy them..too relaxing, instruments to aggresive; Mix B sounds better to me, more balanced, instruments not that loud and vocals clear; Mix C I like it, sounds more pleasant for me; Mix D also has clear vocals, i like them, and i like the drums; Mix E sounds to relaxing, and the chorus or reverb is to strong for vocals and instruments",0.4494273963527286,0.780552768870155,0.8086566197405122,-0.4801297779726206,optional_qc_sensitivity_predictor,True,,True,,True,94,"[""B""]",B,True,1,False,4.0
P019,group_02,group_02,P019__trial_05,5,5,FM-1,FM-1,3,FM-1 - Maintaining Engagement During an Activity,FM-1,"You are engaged in an activity that requires sustained mental or physical effort. As you continue, it becomes more difficult to stay engaged. You want to maintain your focus and motivation so that you can continue making steady progress toward completing the activity. You decide to listen to music while carrying on with the activity.",Focus-Motivation,in_the_meantime,group_02_song_a_in_the_meantime,1,Song A,In The Meantime,A,1,in_the_meantime_du_h,mix_302f0efe8a80,assets/audio/study-stimuli/main-study/group_02/song_a_in_the_meantime/du_h.wav,100,True,True,"Mix A sounds good and makes me engaged, specially the drums and bass; Mix B sounds weird and makes me lose focus, bass, guitar and vocals, everything weird; Mix C sounds drums amazing, very strong and makes me motivated; Mix D instruments too low as well, I cannot focus; Mix E sounds vocals very clear, instruments lower, i like it i can focus.",0.6887214233465396,0.2719152524959843,-0.8693704120952901,0.8234428342152216,optional_qc_sensitivity_predictor,True,,True,,True,100,"[""A""]",A,True,1,True,1.0
P019,group_02,group_02,P019__trial_05,5,5,FM-1,FM-1,3,FM-1 - Maintaining Engagement During an Activity,FM-1,"You are engaged in an activity that requires sustained mental or physical effort. As you continue, it becomes more difficult to stay engaged. You want to maintain your focus and motivation so that you can continue making steady progress toward completing the activity. You decide to listen to music while carrying on with the activity.",Focus-Motivation,in_the_meantime,group_02_song_a_in_the_meantime,1,Song A,In The Meantime,B,2,in_the_meantime_du_k,mix_56e65a3ce054,assets/audio/study-stimuli/main-study/group_02/song_a_in_the_meantime/du_k.wav,0,True,True,"Mix A sounds good and makes me engaged, specially the drums and bass; Mix B sounds weird and makes me lose focus, bass, guitar and vocals, everything weird; Mix C sounds drums amazing, very strong and makes me motivated; Mix D instruments too low as well, I cannot focus; Mix E sounds vocals very clear, instruments lower, i like it i can focus.",-1.1193186569455127,1.7918041562064675,0.9713104079970216,0.4372547184671072,optional_qc_sensitivity_predictor,True,,True,,True,100,"[""A""]",A,True,1,False,5.0
P019,group_02,group_02,P019__trial_05,5,5,FM-1,FM-1,3,FM-1 - Maintaining Engagement During an Activity,FM-1,"You are engaged in an activity that requires sustained mental or physical effort. As you continue, it becomes more difficult to stay engaged. You want to maintain your focus and motivation so that you can continue making steady progress toward completing the activity. You decide to listen to music while carrying on with the activity.",Focus-Motivation,in_the_meantime,group_02_song_a_in_the_meantime,1,Song A,In The Meantime,C,3,in_the_meantime_du_i,mix_9baa86357fd4,assets/audio/study-stimuli/main-study/group_02/song_a_in_the_meantime/du_i.wav,94,True,True,"Mix A sounds good and makes me engaged, specially the drums and bass; Mix B sounds weird and makes me lose focus, bass, guitar and vocals, everything weird; Mix C sounds drums amazing, very strong and makes me motivated; Mix D instruments too low as well, I cannot focus; Mix E sounds vocals very clear, instruments lower, i like it i can focus.",-1.8990066727669184,1.9187185345499165,0.5415536857115313,-0.721703057329889,optional_qc_sensitivity_predictor,True,,True,,True,100,"[""A""]",A,True,1,False,2.0
P019,group_02,group_02,P019__trial_05,5,5,FM-1,FM-1,3,FM-1 - Maintaining Engagement During an Activity,FM-1,"You are engaged in an activity that requires sustained mental or physical effort. As you continue, it becomes more difficult to stay engaged. You want to maintain your focus and motivation so that you can continue making steady progress toward completing the activity. You decide to listen to music while carrying on with the activity.",Focus-Motivation,in_the_meantime,group_02_song_a_in_the_meantime,1,Song A,In The Meantime,D,4,in_the_meantime_qut_b,mix_c7bdcba64775,assets/audio/study-stimuli/main-study/group_02/song_a_in_the_meantime/qut_b.wav,11,True,True,"Mix A sounds good and makes me engaged, specially the drums and bass; Mix B sounds weird and makes me lose focus, bass, guitar and vocals, everything weird; Mix C sounds drums amazing, very strong and makes me motivated; Mix D instruments too low as well, I cannot focus; Mix E sounds vocals very clear, instruments lower, i like it i can focus.",-0.6698107538710293,-0.1978340618743536,-1.5468197375217057,0.0908009789400507,optional_qc_sensitivity_predictor,True,,True,,True,100,"[""A""]",A,True,1,False,4.0
P019,group_02,group_02,P019__trial_05,5,5,FM-1,FM-1,3,FM-1 - Maintaining Engagement During an Activity,FM-1,"You are engaged in an activity that requires sustained mental or physical effort. As you continue, it becomes more difficult to stay engaged. You want to maintain your focus and motivation so that you can continue making steady progress toward completing the activity. You decide to listen to music while carrying on with the activity.",Focus-Motivation,in_the_meantime,group_02_song_a_in_the_meantime,1,Song A,In The Meantime,E,5,in_the_meantime_qut_pro,mix_cdaef40f2b94,assets/audio/study-stimuli/main-study/group_02/song_a_in_the_meantime/qut_pro.wav,76,True,True,"Mix A sounds good and makes me engaged, specially the drums and bass; Mix B sounds weird and makes me lose focus, bass, guitar and vocals, everything weird; Mix C sounds drums amazing, very strong and makes me motivated; Mix D instruments too low as well, I cannot focus; Mix E sounds vocals very clear, instruments lower, i like it i can focus.",-0.6756280657690176,-1.4346341192827423,1.8511013279434223,-0.7325346788768815,optional_qc_sensitivity_predictor,True,,True,,True,100,"[""A""]",A,True,1,False,3.0
P019,group_02,group_02,P019__trial_06,6,6,FM-1,FM-1,3,FM-1 - Maintaining Engagement During an Activity,FM-1,"You are engaged in an activity that requires sustained mental or physical effort. As you continue, it becomes more difficult to stay engaged. You want to maintain your focus and motivation so that you can continue making steady progress toward completing the activity. You decide to listen to music while carrying on with the activity.",Focus-Motivation,pouring_room,group_02_song_b_pouring_room,2,Song B,Pouring Room,A,1,pouring_room_mcg_v,mix_e08faaf8bbb3,assets/audio/study-stimuli/main-study/group_02/song_b_pouring_room/mcg_v.wav,11,True,True,"Mix A is good, but I dont like the guitar; Mix B sounds good, I immersed in the music; Mix C sounds without ambience, I cannot immerse and I think I focus less; Mix D chorus i dont like it, same as instruments; Mix E is also good with ambience sound I like it.",0.2009523983216312,1.112208706920678,-0.2814967551013548,-0.938440679331238,optional_qc_sensitivity_predictor,True,,True,,True,93,"[""E""]",E,True,1,False,5.0
P019,group_02,group_02,P019__trial_06,6,6,FM-1,FM-1,3,FM-1 - Maintaining Engagement During an Activity,FM-1,"You are engaged in an activity that requires sustained mental or physical effort. As you continue, it becomes more difficult to stay engaged. You want to maintain your focus and motivation so that you can continue making steady progress toward completing the activity. You decide to listen to music while carrying on with the activity.",Focus-Motivation,pouring_room,group_02_song_b_pouring_room,2,Song B,Pouring Room,B,2,pouring_room_mcg_r,mix_0ba76f420c1d,assets/audio/study-stimuli/main-study/group_02/song_b_pouring_room/mcg_r.wav,77,True,True,"Mix A is good, but I dont like the guitar; Mix B sounds good, I immersed in the music; Mix C sounds without ambience, I cannot immerse and I think I focus less; Mix D chorus i dont like it, same as instruments; Mix E is also good with ambience sound I like it.",0.2249858589620197,-0.521538265731174,0.8057256670690561,-1.2630720295337683,optional_qc_sensitivity_predictor,True,,True,,True,93,"[""E""]",E,True,1,False,2.0
P019,group_02,group_02,P019__trial_06,6,6,FM-1,FM-1,3,FM-1 - Maintaining Engagement During an Activity,FM-1,"You are engaged in an activity that requires sustained mental or physical effort. As you continue, it becomes more difficult to stay engaged. You want to maintain your focus and motivation so that you can continue making steady progress toward completing the activity. You decide to listen to music while carrying on with the activity.",Focus-Motivation,pouring_room,group_02_song_b_pouring_room,2,Song B,Pouring Room,C,3,pouring_room_mcg_pro1,mix_132e75f34470,assets/audio/study-stimuli/main-study/group_02/song_b_pouring_room/mcg_pro1.wav,50,True,True,"Mix A is good, but I dont like the guitar; Mix B sounds good, I immersed in the music; Mix C sounds without ambience, I cannot immerse and I think I focus less; Mix D chorus i dont like it, same as instruments; Mix E is also good with ambience sound I like it.",1.177821012274786,0.1366958746221527,-0.3534041622732912,-0.9473754159948484,optional_qc_sensitivity_predictor,True,,True,,True,93,"[""E""]",E,True,1,False,3.0
P019,group_02,group_02,P019__trial_06,6,6,FM-1,FM-1,3,FM-1 - Maintaining Engagement During an Activity,FM-1,"You are engaged in an activity that requires sustained mental or physical effort. As you continue, it becomes more difficult to stay engaged. You want to maintain your focus and motivation so that you can continue making steady progress toward completing the activity. You decide to listen to music while carrying on with the activity.",Focus-Motivation,pouring_room,group_02_song_b_pouring_room,2,Song B,Pouring Room,D,4,pouring_room_mcg_t,mix_be2ccd4c43ff,assets/audio/study-stimuli/main-study/group_02/song_b_pouring_room/mcg_t.wav,26,True,True,"Mix A is good, but I dont like the guitar; Mix B sounds good, I immersed in the music; Mix C sounds without ambience, I cannot immerse and I think I focus less; Mix D chorus i dont like it, same as instruments; Mix E is also good with ambience sound I like it.",-0.0814371595061495,1.1238301932737935,1.926895983278192,-0.8792578396079359,optional_qc_sensitivity_predictor,True,,True,,True,93,"[""E""]",E,True,1,False,4.0
P019,group_02,group_02,P019__trial_06,6,6,FM-1,FM-1,3,FM-1 - Maintaining Engagement During an Activity,FM-1,"You are engaged in an activity that requires sustained mental or physical effort. As you continue, it becomes more difficult to stay engaged. You want to maintain your focus and motivation so that you can continue making steady progress toward completing the activity. You decide to listen to music while carrying on with the activity.",Focus-Motivation,pouring_room,group_02_song_b_pouring_room,2,Song B,Pouring Room,E,5,pouring_room_mcg_x,mix_cbf8555ee2b2,assets/audio/study-stimuli/main-study/group_02/song_b_pouring_room/mcg_x.wav,93,True,True,"Mix A is good, but I dont like the guitar; Mix B sounds good, I immersed in the music; Mix C sounds without ambience, I cannot immerse and I think I focus less; Mix D chorus i dont like it, same as instruments; Mix E is also good with ambience sound I like it.",0.4494273963527286,0.780552768870155,0.8086566197405122,-0.4801297779726206,optional_qc_sensitivity_predictor,True,,True,,True,93,"[""E""]",E,True,1,True,1.0
P020,group_02,group_02,P020__trial_01,1,1,FM-1,FM-1,1,FM-1 - Maintaining Engagement During an Activity,FM-1,"You are engaged in an activity that requires sustained mental or physical effort. As you continue, it becomes more difficult to stay engaged. You want to maintain your focus and motivation so that you can continue making steady progress toward completing the activity. You decide to listen to music while carrying on with the activity.",Focus-Motivation,in_the_meantime,group_02_song_a_in_the_meantime,1,Song A,In The Meantime,A,1,in_the_meantime_qut_b,mix_c7bdcba64775,assets/audio/study-stimuli/main-study/group_02/song_a_in_the_meantime/qut_b.wav,84,True,True,"A: easy to listen, sounds comfortable
B: sounds more comfortable than others
C: background music sounds a bit noisy 
D: sounds like it has better audio quality
E: can't hear the vocal too much
",-0.6698107538710293,-0.1978340618743536,-1.5468197375217057,0.0908009789400507,optional_qc_sensitivity_predictor,True,,True,,True,96,"[""D""]",D,True,1,False,3.0
P020,group_02,group_02,P020__trial_01,1,1,FM-1,FM-1,1,FM-1 - Maintaining Engagement During an Activity,FM-1,"You are engaged in an activity that requires sustained mental or physical effort. As you continue, it becomes more difficult to stay engaged. You want to maintain your focus and motivation so that you can continue making steady progress toward completing the activity. You decide to listen to music while carrying on with the activity.",Focus-Motivation,in_the_meantime,group_02_song_a_in_the_meantime,1,Song A,In The Meantime,B,2,in_the_meantime_du_h,mix_302f0efe8a80,assets/audio/study-stimuli/main-study/group_02/song_a_in_the_meantime/du_h.wav,93,True,True,"A: easy to listen, sounds comfortable
B: sounds more comfortable than others
C: background music sounds a bit noisy 
D: sounds like it has better audio quality
E: can't hear the vocal too much
",0.6887214233465396,0.2719152524959843,-0.8693704120952901,0.8234428342152216,optional_qc_sensitivity_predictor,True,,True,,True,96,"[""D""]",D,True,1,False,2.0
P020,group_02,group_02,P020__trial_01,1,1,FM-1,FM-1,1,FM-1 - Maintaining Engagement During an Activity,FM-1,"You are engaged in an activity that requires sustained mental or physical effort. As you continue, it becomes more difficult to stay engaged. You want to maintain your focus and motivation so that you can continue making steady progress toward completing the activity. You decide to listen to music while carrying on with the activity.",Focus-Motivation,in_the_meantime,group_02_song_a_in_the_meantime,1,Song A,In The Meantime,C,3,in_the_meantime_du_i,mix_9baa86357fd4,assets/audio/study-stimuli/main-study/group_02/song_a_in_the_meantime/du_i.wav,48,True,True,"A: easy to listen, sounds comfortable
B: sounds more comfortable than others
C: background music sounds a bit noisy 
D: sounds like it has better audio quality
E: can't hear the vocal too much
",-1.8990066727669184,1.9187185345499165,0.5415536857115313,-0.721703057329889,optional_qc_sensitivity_predictor,True,,True,,True,96,"[""D""]",D,True,1,False,4.0
P020,group_02,group_02,P020__trial_01,1,1,FM-1,FM-1,1,FM-1 - Maintaining Engagement During an Activity,FM-1,"You are engaged in an activity that requires sustained mental or physical effort. As you continue, it becomes more difficult to stay engaged. You want to maintain your focus and motivation so that you can continue making steady progress toward completing the activity. You decide to listen to music while carrying on with the activity.",Focus-Motivation,in_the_meantime,group_02_song_a_in_the_meantime,1,Song A,In The Meantime,D,4,in_the_meantime_qut_pro,mix_cdaef40f2b94,assets/audio/study-stimuli/main-study/group_02/song_a_in_the_meantime/qut_pro.wav,96,True,True,"A: easy to listen, sounds comfortable
B: sounds more comfortable than others
C: background music sounds a bit noisy 
D: sounds like it has better audio quality
E: can't hear the vocal too much
",-0.6756280657690176,-1.4346341192827423,1.8511013279434223,-0.7325346788768815,optional_qc_sensitivity_predictor,True,,True,,True,96,"[""D""]",D,True,1,True,1.0
P020,group_02,group_02,P020__trial_01,1,1,FM-1,FM-1,1,FM-1 - Maintaining Engagement During an Activity,FM-1,"You are engaged in an activity that requires sustained mental or physical effort. As you continue, it becomes more difficult to stay engaged. You want to maintain your focus and motivation so that you can continue making steady progress toward completing the activity. You decide to listen to music while carrying on with the activity.",Focus-Motivation,in_the_meantime,group_02_song_a_in_the_meantime,1,Song A,In The Meantime,E,5,in_the_meantime_du_k,mix_56e65a3ce054,assets/audio/study-stimuli/main-study/group_02/song_a_in_the_meantime/du_k.wav,41,True,True,"A: easy to listen, sounds comfortable
B: sounds more comfortable than others
C: background music sounds a bit noisy 
D: sounds like it has better audio quality
E: can't hear the vocal too much
",-1.1193186569455127,1.7918041562064675,0.9713104079970216,0.4372547184671072,optional_qc_sensitivity_predictor,True,,True,,True,96,"[""D""]",D,True,1,False,5.0
P020,group_02,group_02,P020__trial_02,2,2,FM-1,FM-1,1,FM-1 - Maintaining Engagement During an Activity,FM-1,"You are engaged in an activity that requires sustained mental or physical effort. As you continue, it becomes more difficult to stay engaged. You want to maintain your focus and motivation so that you can continue making steady progress toward completing the activity. You decide to listen to music while carrying on with the activity.",Focus-Motivation,pouring_room,group_02_song_b_pouring_room,2,Song B,Pouring Room,A,1,pouring_room_mcg_v,mix_e08faaf8bbb3,assets/audio/study-stimuli/main-study/group_02/song_b_pouring_room/mcg_v.wav,63,True,True,"music was too calm overall, I would listen to other songs
A,B: sounds calm and comfortable compare to others",0.2009523983216312,1.112208706920678,-0.2814967551013548,-0.938440679331238,optional_qc_sensitivity_predictor,True,,True,,True,63,"[""A""]",A,True,1,True,1.0
P020,group_02,group_02,P020__trial_02,2,2,FM-1,FM-1,1,FM-1 - Maintaining Engagement During an Activity,FM-1,"You are engaged in an activity that requires sustained mental or physical effort. As you continue, it becomes more difficult to stay engaged. You want to maintain your focus and motivation so that you can continue making steady progress toward completing the activity. You decide to listen to music while carrying on with the activity.",Focus-Motivation,pouring_room,group_02_song_b_pouring_room,2,Song B,Pouring Room,B,2,pouring_room_mcg_r,mix_0ba76f420c1d,assets/audio/study-stimuli/main-study/group_02/song_b_pouring_room/mcg_r.wav,53,True,True,"music was too calm overall, I would listen to other songs
A,B: sounds calm and comfortable compare to others",0.2249858589620197,-0.521538265731174,0.8057256670690561,-1.2630720295337683,optional_qc_sensitivity_predictor,True,,True,,True,63,"[""A""]",A,True,1,False,2.0
P020,group_02,group_02,P020__trial_02,2,2,FM-1,FM-1,1,FM-1 - Maintaining Engagement During an Activity,FM-1,"You are engaged in an activity that requires sustained mental or physical effort. As you continue, it becomes more difficult to stay engaged. You want to maintain your focus and motivation so that you can continue making steady progress toward completing the activity. You decide to listen to music while carrying on with the activity.",Focus-Motivation,pouring_room,group_02_song_b_pouring_room,2,Song B,Pouring Room,C,3,pouring_room_mcg_pro1,mix_132e75f34470,assets/audio/study-stimuli/main-study/group_02/song_b_pouring_room/mcg_pro1.wav,44,True,True,"music was too calm overall, I would listen to other songs
A,B: sounds calm and comfortable compare to others",1.177821012274786,0.1366958746221527,-0.3534041622732912,-0.9473754159948484,optional_qc_sensitivity_predictor,True,,True,,True,63,"[""A""]",A,True,1,False,3.0
P020,group_02,group_02,P020__trial_02,2,2,FM-1,FM-1,1,FM-1 - Maintaining Engagement During an Activity,FM-1,"You are engaged in an activity that requires sustained mental or physical effort. As you continue, it becomes more difficult to stay engaged. You want to maintain your focus and motivation so that you can continue making steady progress toward completing the activity. You decide to listen to music while carrying on with the activity.",Focus-Motivation,pouring_room,group_02_song_b_pouring_room,2,Song B,Pouring Room,D,4,pouring_room_mcg_x,mix_cbf8555ee2b2,assets/audio/study-stimuli/main-study/group_02/song_b_pouring_room/mcg_x.wav,40,True,True,"music was too calm overall, I would listen to other songs
A,B: sounds calm and comfortable compare to others",0.4494273963527286,0.780552768870155,0.8086566197405122,-0.4801297779726206,optional_qc_sensitivity_predictor,True,,True,,True,63,"[""A""]",A,True,1,False,4.0
P020,group_02,group_02,P020__trial_02,2,2,FM-1,FM-1,1,FM-1 - Maintaining Engagement During an Activity,FM-1,"You are engaged in an activity that requires sustained mental or physical effort. As you continue, it becomes more difficult to stay engaged. You want to maintain your focus and motivation so that you can continue making steady progress toward completing the activity. You decide to listen to music while carrying on with the activity.",Focus-Motivation,pouring_room,group_02_song_b_pouring_room,2,Song B,Pouring Room,E,5,pouring_room_mcg_t,mix_be2ccd4c43ff,assets/audio/study-stimuli/main-study/group_02/song_b_pouring_room/mcg_t.wav,29,True,True,"music was too calm overall, I would listen to other songs
A,B: sounds calm and comfortable compare to others",-0.0814371595061495,1.1238301932737935,1.926895983278192,-0.8792578396079359,optional_qc_sensitivity_predictor,True,,True,,True,63,"[""A""]",A,True,1,False,5.0
P020,group_02,group_02,P020__trial_03,3,3,EDR-2,EDR-2,2,EDR-2 - Unwinding After a Demanding Period,EDR-2,"You have some time for yourself after a demanding period. Although a few everyday concerns are still on your mind, there is nothing that requires your attention right now. You would like to feel calmer and take your mind off these concerns for a while, so you decide to listen to music to help you unwind.",Relaxation-Distraction,in_the_meantime,group_02_song_a_in_the_meantime,1,Song A,In The Meantime,A,1,in_the_meantime_du_i,mix_9baa86357fd4,assets/audio/study-stimuli/main-study/group_02/song_a_in_the_meantime/du_i.wav,29,True,True,"The music is too fast-paced, so I don’t think it would help create a calm atmosphere.
C is relatively less noisy compared to the others",-1.8990066727669184,1.9187185345499165,0.5415536857115313,-0.721703057329889,optional_qc_sensitivity_predictor,True,,True,,True,70,"[""C""]",C,True,1,False,5.0
P020,group_02,group_02,P020__trial_03,3,3,EDR-2,EDR-2,2,EDR-2 - Unwinding After a Demanding Period,EDR-2,"You have some time for yourself after a demanding period. Although a few everyday concerns are still on your mind, there is nothing that requires your attention right now. You would like to feel calmer and take your mind off these concerns for a while, so you decide to listen to music to help you unwind.",Relaxation-Distraction,in_the_meantime,group_02_song_a_in_the_meantime,1,Song A,In The Meantime,B,2,in_the_meantime_qut_b,mix_c7bdcba64775,assets/audio/study-stimuli/main-study/group_02/song_a_in_the_meantime/qut_b.wav,49,True,True,"The music is too fast-paced, so I don’t think it would help create a calm atmosphere.
C is relatively less noisy compared to the others",-0.6698107538710293,-0.1978340618743536,-1.5468197375217057,0.0908009789400507,optional_qc_sensitivity_predictor,True,,True,,True,70,"[""C""]",C,True,1,False,2.0
P020,group_02,group_02,P020__trial_03,3,3,EDR-2,EDR-2,2,EDR-2 - Unwinding After a Demanding Period,EDR-2,"You have some time for yourself after a demanding period. Although a few everyday concerns are still on your mind, there is nothing that requires your attention right now. You would like to feel calmer and take your mind off these concerns for a while, so you decide to listen to music to help you unwind.",Relaxation-Distraction,in_the_meantime,group_02_song_a_in_the_meantime,1,Song A,In The Meantime,C,3,in_the_meantime_du_k,mix_56e65a3ce054,assets/audio/study-stimuli/main-study/group_02/song_a_in_the_meantime/du_k.wav,70,True,True,"The music is too fast-paced, so I don’t think it would help create a calm atmosphere.
C is relatively less noisy compared to the others",-1.1193186569455127,1.7918041562064675,0.9713104079970216,0.4372547184671072,optional_qc_sensitivity_predictor,True,,True,,True,70,"[""C""]",C,True,1,True,1.0
P020,group_02,group_02,P020__trial_03,3,3,EDR-2,EDR-2,2,EDR-2 - Unwinding After a Demanding Period,EDR-2,"You have some time for yourself after a demanding period. Although a few everyday concerns are still on your mind, there is nothing that requires your attention right now. You would like to feel calmer and take your mind off these concerns for a while, so you decide to listen to music to help you unwind.",Relaxation-Distraction,in_the_meantime,group_02_song_a_in_the_meantime,1,Song A,In The Meantime,D,4,in_the_meantime_du_h,mix_302f0efe8a80,assets/audio/study-stimuli/main-study/group_02/song_a_in_the_meantime/du_h.wav,36,True,True,"The music is too fast-paced, so I don’t think it would help create a calm atmosphere.
C is relatively less noisy compared to the others",0.6887214233465396,0.2719152524959843,-0.8693704120952901,0.8234428342152216,optional_qc_sensitivity_predictor,True,,True,,True,70,"[""C""]",C,True,1,False,3.0
P020,group_02,group_02,P020__trial_03,3,3,EDR-2,EDR-2,2,EDR-2 - Unwinding After a Demanding Period,EDR-2,"You have some time for yourself after a demanding period. Although a few everyday concerns are still on your mind, there is nothing that requires your attention right now. You would like to feel calmer and take your mind off these concerns for a while, so you decide to listen to music to help you unwind.",Relaxation-Distraction,in_the_meantime,group_02_song_a_in_the_meantime,1,Song A,In The Meantime,E,5,in_the_meantime_qut_pro,mix_cdaef40f2b94,assets/audio/study-stimuli/main-study/group_02/song_a_in_the_meantime/qut_pro.wav,32,True,True,"The music is too fast-paced, so I don’t think it would help create a calm atmosphere.
C is relatively less noisy compared to the others",-0.6756280657690176,-1.4346341192827423,1.8511013279434223,-0.7325346788768815,optional_qc_sensitivity_predictor,True,,True,,True,70,"[""C""]",C,True,1,False,4.0
P020,group_02,group_02,P020__trial_04,4,4,EDR-2,EDR-2,2,EDR-2 - Unwinding After a Demanding Period,EDR-2,"You have some time for yourself after a demanding period. Although a few everyday concerns are still on your mind, there is nothing that requires your attention right now. You would like to feel calmer and take your mind off these concerns for a while, so you decide to listen to music to help you unwind.",Relaxation-Distraction,pouring_room,group_02_song_b_pouring_room,2,Song B,Pouring Room,A,1,pouring_room_mcg_v,mix_e08faaf8bbb3,assets/audio/study-stimuli/main-study/group_02/song_b_pouring_room/mcg_v.wav,91,True,True,"I liked the music because it was soft and calming. 
I especially liked D because it had a warm and cosy feeling.",0.2009523983216312,1.112208706920678,-0.2814967551013548,-0.938440679331238,optional_qc_sensitivity_predictor,True,,True,,True,100,"[""D""]",D,True,1,False,4.0
P020,group_02,group_02,P020__trial_04,4,4,EDR-2,EDR-2,2,EDR-2 - Unwinding After a Demanding Period,EDR-2,"You have some time for yourself after a demanding period. Although a few everyday concerns are still on your mind, there is nothing that requires your attention right now. You would like to feel calmer and take your mind off these concerns for a while, so you decide to listen to music to help you unwind.",Relaxation-Distraction,pouring_room,group_02_song_b_pouring_room,2,Song B,Pouring Room,B,2,pouring_room_mcg_pro1,mix_132e75f34470,assets/audio/study-stimuli/main-study/group_02/song_b_pouring_room/mcg_pro1.wav,93,True,True,"I liked the music because it was soft and calming. 
I especially liked D because it had a warm and cosy feeling.",1.177821012274786,0.1366958746221527,-0.3534041622732912,-0.9473754159948484,optional_qc_sensitivity_predictor,True,,True,,True,100,"[""D""]",D,True,1,False,3.0
P020,group_02,group_02,P020__trial_04,4,4,EDR-2,EDR-2,2,EDR-2 - Unwinding After a Demanding Period,EDR-2,"You have some time for yourself after a demanding period. Although a few everyday concerns are still on your mind, there is nothing that requires your attention right now. You would like to feel calmer and take your mind off these concerns for a while, so you decide to listen to music to help you unwind.",Relaxation-Distraction,pouring_room,group_02_song_b_pouring_room,2,Song B,Pouring Room,C,3,pouring_room_mcg_x,mix_cbf8555ee2b2,assets/audio/study-stimuli/main-study/group_02/song_b_pouring_room/mcg_x.wav,95,True,True,"I liked the music because it was soft and calming. 
I especially liked D because it had a warm and cosy feeling.",0.4494273963527286,0.780552768870155,0.8086566197405122,-0.4801297779726206,optional_qc_sensitivity_predictor,True,,True,,True,100,"[""D""]",D,True,1,False,2.0
P020,group_02,group_02,P020__trial_04,4,4,EDR-2,EDR-2,2,EDR-2 - Unwinding After a Demanding Period,EDR-2,"You have some time for yourself after a demanding period. Although a few everyday concerns are still on your mind, there is nothing that requires your attention right now. You would like to feel calmer and take your mind off these concerns for a while, so you decide to listen to music to help you unwind.",Relaxation-Distraction,pouring_room,group_02_song_b_pouring_room,2,Song B,Pouring Room,D,4,pouring_room_mcg_r,mix_0ba76f420c1d,assets/audio/study-stimuli/main-study/group_02/song_b_pouring_room/mcg_r.wav,100,True,True,"I liked the music because it was soft and calming. 
I especially liked D because it had a warm and cosy feeling.",0.2249858589620197,-0.521538265731174,0.8057256670690561,-1.2630720295337683,optional_qc_sensitivity_predictor,True,,True,,True,100,"[""D""]",D,True,1,True,1.0
P020,group_02,group_02,P020__trial_04,4,4,EDR-2,EDR-2,2,EDR-2 - Unwinding After a Demanding Period,EDR-2,"You have some time for yourself after a demanding period. Although a few everyday concerns are still on your mind, there is nothing that requires your attention right now. You would like to feel calmer and take your mind off these concerns for a while, so you decide to listen to music to help you unwind.",Relaxation-Distraction,pouring_room,group_02_song_b_pouring_room,2,Song B,Pouring Room,E,5,pouring_room_mcg_t,mix_be2ccd4c43ff,assets/audio/study-stimuli/main-study/group_02/song_b_pouring_room/mcg_t.wav,80,True,True,"I liked the music because it was soft and calming. 
I especially liked D because it had a warm and cosy feeling.",-0.0814371595061495,1.1238301932737935,1.926895983278192,-0.8792578396079359,optional_qc_sensitivity_predictor,True,,True,,True,100,"[""D""]",D,True,1,False,5.0
P020,group_02,group_02,P020__trial_05,5,5,EDR-1,EDR-1,3,EDR-1 - Enjoying Free Time,EDR-1,"You have some free time and no immediate responsibilities that require your attention. You are not feeling tired or worried, but you would like to enjoy your time rather than let it pass uneventfully. You decide to listen to music for entertainment, making your free time more enjoyable.",Enjoyment,in_the_meantime,group_02_song_a_in_the_meantime,1,Song A,In The Meantime,A,1,in_the_meantime_du_k,mix_56e65a3ce054,assets/audio/study-stimuli/main-study/group_02/song_a_in_the_meantime/du_k.wav,75,True,True,"I liked the song because it was energetic
A: felt a bit boring because there was barely any background music
D: I liked it because it felt like I was listening to live music",-1.1193186569455127,1.7918041562064675,0.9713104079970216,0.4372547184671072,optional_qc_sensitivity_predictor,True,,True,,True,94,"[""D""]",D,True,1,False,5.0
P020,group_02,group_02,P020__trial_05,5,5,EDR-1,EDR-1,3,EDR-1 - Enjoying Free Time,EDR-1,"You have some free time and no immediate responsibilities that require your attention. You are not feeling tired or worried, but you would like to enjoy your time rather than let it pass uneventfully. You decide to listen to music for entertainment, making your free time more enjoyable.",Enjoyment,in_the_meantime,group_02_song_a_in_the_meantime,1,Song A,In The Meantime,B,2,in_the_meantime_du_i,mix_9baa86357fd4,assets/audio/study-stimuli/main-study/group_02/song_a_in_the_meantime/du_i.wav,90,True,True,"I liked the song because it was energetic
A: felt a bit boring because there was barely any background music
D: I liked it because it felt like I was listening to live music",-1.8990066727669184,1.9187185345499165,0.5415536857115313,-0.721703057329889,optional_qc_sensitivity_predictor,True,,True,,True,94,"[""D""]",D,True,1,False,2.5
P020,group_02,group_02,P020__trial_05,5,5,EDR-1,EDR-1,3,EDR-1 - Enjoying Free Time,EDR-1,"You have some free time and no immediate responsibilities that require your attention. You are not feeling tired or worried, but you would like to enjoy your time rather than let it pass uneventfully. You decide to listen to music for entertainment, making your free time more enjoyable.",Enjoyment,in_the_meantime,group_02_song_a_in_the_meantime,1,Song A,In The Meantime,C,3,in_the_meantime_du_h,mix_302f0efe8a80,assets/audio/study-stimuli/main-study/group_02/song_a_in_the_meantime/du_h.wav,88,True,True,"I liked the song because it was energetic
A: felt a bit boring because there was barely any background music
D: I liked it because it felt like I was listening to live music",0.6887214233465396,0.2719152524959843,-0.8693704120952901,0.8234428342152216,optional_qc_sensitivity_predictor,True,,True,,True,94,"[""D""]",D,True,1,False,4.0
P020,group_02,group_02,P020__trial_05,5,5,EDR-1,EDR-1,3,EDR-1 - Enjoying Free Time,EDR-1,"You have some free time and no immediate responsibilities that require your attention. You are not feeling tired or worried, but you would like to enjoy your time rather than let it pass uneventfully. You decide to listen to music for entertainment, making your free time more enjoyable.",Enjoyment,in_the_meantime,group_02_song_a_in_the_meantime,1,Song A,In The Meantime,D,4,in_the_meantime_qut_pro,mix_cdaef40f2b94,assets/audio/study-stimuli/main-study/group_02/song_a_in_the_meantime/qut_pro.wav,94,True,True,"I liked the song because it was energetic
A: felt a bit boring because there was barely any background music
D: I liked it because it felt like I was listening to live music",-0.6756280657690176,-1.4346341192827423,1.8511013279434223,-0.7325346788768815,optional_qc_sensitivity_predictor,True,,True,,True,94,"[""D""]",D,True,1,True,1.0
P020,group_02,group_02,P020__trial_05,5,5,EDR-1,EDR-1,3,EDR-1 - Enjoying Free Time,EDR-1,"You have some free time and no immediate responsibilities that require your attention. You are not feeling tired or worried, but you would like to enjoy your time rather than let it pass uneventfully. You decide to listen to music for entertainment, making your free time more enjoyable.",Enjoyment,in_the_meantime,group_02_song_a_in_the_meantime,1,Song A,In The Meantime,E,5,in_the_meantime_qut_b,mix_c7bdcba64775,assets/audio/study-stimuli/main-study/group_02/song_a_in_the_meantime/qut_b.wav,90,True,True,"I liked the song because it was energetic
A: felt a bit boring because there was barely any background music
D: I liked it because it felt like I was listening to live music",-0.6698107538710293,-0.1978340618743536,-1.5468197375217057,0.0908009789400507,optional_qc_sensitivity_predictor,True,,True,,True,94,"[""D""]",D,True,1,False,2.5
P020,group_02,group_02,P020__trial_06,6,6,EDR-1,EDR-1,3,EDR-1 - Enjoying Free Time,EDR-1,"You have some free time and no immediate responsibilities that require your attention. You are not feeling tired or worried, but you would like to enjoy your time rather than let it pass uneventfully. You decide to listen to music for entertainment, making your free time more enjoyable.",Enjoyment,pouring_room,group_02_song_b_pouring_room,2,Song B,Pouring Room,A,1,pouring_room_mcg_r,mix_0ba76f420c1d,assets/audio/study-stimuli/main-study/group_02/song_b_pouring_room/mcg_r.wav,97,True,True,"I like calm music when I’m relaxing, so I liked this song. It was also very easy and comfortable to listen to.
C: little bit too quiet at the start
D: It felt like the background music and the vocals didn’t really blend well together
",0.2249858589620197,-0.521538265731174,0.8057256670690561,-1.2630720295337683,optional_qc_sensitivity_predictor,True,,True,,True,97,"[""A""]",A,True,1,True,1.0
P020,group_02,group_02,P020__trial_06,6,6,EDR-1,EDR-1,3,EDR-1 - Enjoying Free Time,EDR-1,"You have some free time and no immediate responsibilities that require your attention. You are not feeling tired or worried, but you would like to enjoy your time rather than let it pass uneventfully. You decide to listen to music for entertainment, making your free time more enjoyable.",Enjoyment,pouring_room,group_02_song_b_pouring_room,2,Song B,Pouring Room,B,2,pouring_room_mcg_x,mix_cbf8555ee2b2,assets/audio/study-stimuli/main-study/group_02/song_b_pouring_room/mcg_x.wav,84,True,True,"I like calm music when I’m relaxing, so I liked this song. It was also very easy and comfortable to listen to.
C: little bit too quiet at the start
D: It felt like the background music and the vocals didn’t really blend well together
",0.4494273963527286,0.780552768870155,0.8086566197405122,-0.4801297779726206,optional_qc_sensitivity_predictor,True,,True,,True,97,"[""A""]",A,True,1,False,3.0
P020,group_02,group_02,P020__trial_06,6,6,EDR-1,EDR-1,3,EDR-1 - Enjoying Free Time,EDR-1,"You have some free time and no immediate responsibilities that require your attention. You are not feeling tired or worried, but you would like to enjoy your time rather than let it pass uneventfully. You decide to listen to music for entertainment, making your free time more enjoyable.",Enjoyment,pouring_room,group_02_song_b_pouring_room,2,Song B,Pouring Room,C,3,pouring_room_mcg_pro1,mix_132e75f34470,assets/audio/study-stimuli/main-study/group_02/song_b_pouring_room/mcg_pro1.wav,78,True,True,"I like calm music when I’m relaxing, so I liked this song. It was also very easy and comfortable to listen to.
C: little bit too quiet at the start
D: It felt like the background music and the vocals didn’t really blend well together
",1.177821012274786,0.1366958746221527,-0.3534041622732912,-0.9473754159948484,optional_qc_sensitivity_predictor,True,,True,,True,97,"[""A""]",A,True,1,False,4.0
P020,group_02,group_02,P020__trial_06,6,6,EDR-1,EDR-1,3,EDR-1 - Enjoying Free Time,EDR-1,"You have some free time and no immediate responsibilities that require your attention. You are not feeling tired or worried, but you would like to enjoy your time rather than let it pass uneventfully. You decide to listen to music for entertainment, making your free time more enjoyable.",Enjoyment,pouring_room,group_02_song_b_pouring_room,2,Song B,Pouring Room,D,4,pouring_room_mcg_t,mix_be2ccd4c43ff,assets/audio/study-stimuli/main-study/group_02/song_b_pouring_room/mcg_t.wav,69,True,True,"I like calm music when I’m relaxing, so I liked this song. It was also very easy and comfortable to listen to.
C: little bit too quiet at the start
D: It felt like the background music and the vocals didn’t really blend well together
",-0.0814371595061495,1.1238301932737935,1.926895983278192,-0.8792578396079359,optional_qc_sensitivity_predictor,True,,True,,True,97,"[""A""]",A,True,1,False,5.0
P020,group_02,group_02,P020__trial_06,6,6,EDR-1,EDR-1,3,EDR-1 - Enjoying Free Time,EDR-1,"You have some free time and no immediate responsibilities that require your attention. You are not feeling tired or worried, but you would like to enjoy your time rather than let it pass uneventfully. You decide to listen to music for entertainment, making your free time more enjoyable.",Enjoyment,pouring_room,group_02_song_b_pouring_room,2,Song B,Pouring Room,E,5,pouring_room_mcg_v,mix_e08faaf8bbb3,assets/audio/study-stimuli/main-study/group_02/song_b_pouring_room/mcg_v.wav,88,True,True,"I like calm music when I’m relaxing, so I liked this song. It was also very easy and comfortable to listen to.
C: little bit too quiet at the start
D: It felt like the background music and the vocals didn’t really blend well together
",0.2009523983216312,1.112208706920678,-0.2814967551013548,-0.938440679331238,optional_qc_sensitivity_predictor,True,,True,,True,97,"[""A""]",A,True,1,False,2.0
P021,group_01,group_01,P021__trial_01,1,1,EDR-1,EDR-1,1,EDR-1 - Enjoying Free Time,EDR-1,"You have some free time and no immediate responsibilities that require your attention. You are not feeling tired or worried, but you would like to enjoy your time rather than let it pass uneventfully. You decide to listen to music for entertainment, making your free time more enjoyable.",Enjoyment,lead_me,group_01_song_a_lead_me,1,Song A,Lead Me,A,1,lead_me_du_e,mix_271852ba8676,assets/audio/study-stimuli/main-study/group_01/song_a_lead_me/du_e.wav,44,True,True,Dejo las versiones en fair no tengo mucho la habilidad del oído ya que las detecto igual por ese motivo las dejo ahí y no podría comentar mucho de la diferencia una de otra por ese mismo motivo al menos personalmente.,-1.0250576971995913,0.5199952869185839,-0.8666083508697964,0.9959336464039888,optional_qc_sensitivity_predictor,True,,True,,True,48,"[""C""]",C,True,1,False,5.0
P021,group_01,group_01,P021__trial_01,1,1,EDR-1,EDR-1,1,EDR-1 - Enjoying Free Time,EDR-1,"You have some free time and no immediate responsibilities that require your attention. You are not feeling tired or worried, but you would like to enjoy your time rather than let it pass uneventfully. You decide to listen to music for entertainment, making your free time more enjoyable.",Enjoyment,lead_me,group_01_song_a_lead_me,1,Song A,Lead Me,B,2,lead_me_pxl_l1,mix_d5b28dfc8a93,assets/audio/study-stimuli/main-study/group_01/song_a_lead_me/pxl_l1.wav,45,True,True,Dejo las versiones en fair no tengo mucho la habilidad del oído ya que las detecto igual por ese motivo las dejo ahí y no podría comentar mucho de la diferencia una de otra por ese mismo motivo al menos personalmente.,-0.0024436394808062,-0.3677713699084406,-1.2816942263900757,-0.1924460334762285,optional_qc_sensitivity_predictor,True,,True,,True,48,"[""C""]",C,True,1,False,3.5
P021,group_01,group_01,P021__trial_01,1,1,EDR-1,EDR-1,1,EDR-1 - Enjoying Free Time,EDR-1,"You have some free time and no immediate responsibilities that require your attention. You are not feeling tired or worried, but you would like to enjoy your time rather than let it pass uneventfully. You decide to listen to music for entertainment, making your free time more enjoyable.",Enjoyment,lead_me,group_01_song_a_lead_me,1,Song A,Lead Me,C,3,lead_me_pxl_l4,mix_c7d9a071ba25,assets/audio/study-stimuli/main-study/group_01/song_a_lead_me/pxl_l4.wav,48,True,True,Dejo las versiones en fair no tengo mucho la habilidad del oído ya que las detecto igual por ese motivo las dejo ahí y no podría comentar mucho de la diferencia una de otra por ese mismo motivo al menos personalmente.,-0.0552007785055364,-0.8412121981784734,0.8321106863211235,2.390299590706203,optional_qc_sensitivity_predictor,True,,True,,True,48,"[""C""]",C,True,1,True,1.0
P021,group_01,group_01,P021__trial_01,1,1,EDR-1,EDR-1,1,EDR-1 - Enjoying Free Time,EDR-1,"You have some free time and no immediate responsibilities that require your attention. You are not feeling tired or worried, but you would like to enjoy your time rather than let it pass uneventfully. You decide to listen to music for entertainment, making your free time more enjoyable.",Enjoyment,lead_me,group_01_song_a_lead_me,1,Song A,Lead Me,D,4,lead_me_mcg_pro2,mix_d3e3580b6e30,assets/audio/study-stimuli/main-study/group_01/song_a_lead_me/mcg_pro2.wav,45,True,True,Dejo las versiones en fair no tengo mucho la habilidad del oído ya que las detecto igual por ese motivo las dejo ahí y no podría comentar mucho de la diferencia una de otra por ese mismo motivo al menos personalmente.,2.9805308263561203,0.8594252384169624,-0.9263284806752846,0.048773555233824,optional_qc_sensitivity_predictor,True,,True,,True,48,"[""C""]",C,True,1,False,3.5
P021,group_01,group_01,P021__trial_01,1,1,EDR-1,EDR-1,1,EDR-1 - Enjoying Free Time,EDR-1,"You have some free time and no immediate responsibilities that require your attention. You are not feeling tired or worried, but you would like to enjoy your time rather than let it pass uneventfully. You decide to listen to music for entertainment, making your free time more enjoyable.",Enjoyment,lead_me,group_01_song_a_lead_me,1,Song A,Lead Me,E,5,lead_me_du_d,mix_f1f7973e5bac,assets/audio/study-stimuli/main-study/group_01/song_a_lead_me/du_d.wav,46,True,True,Dejo las versiones en fair no tengo mucho la habilidad del oído ya que las detecto igual por ese motivo las dejo ahí y no podría comentar mucho de la diferencia una de otra por ese mismo motivo al menos personalmente.,0.7402857811167308,-1.548717422055362,0.3280479404435016,-1.017146833506479,optional_qc_sensitivity_predictor,True,,True,,True,48,"[""C""]",C,True,1,False,2.0
P021,group_01,group_01,P021__trial_02,2,2,EDR-1,EDR-1,1,EDR-1 - Enjoying Free Time,EDR-1,"You have some free time and no immediate responsibilities that require your attention. You are not feeling tired or worried, but you would like to enjoy your time rather than let it pass uneventfully. You decide to listen to music for entertainment, making your free time more enjoyable.",Enjoyment,id_like_to_know,group_01_song_b_id_like_to_know,2,Song B,I'd Like To Know,A,1,id_like_to_know_pxl_s7,mix_b393d3919c78,assets/audio/study-stimuli/main-study/group_01/song_b_id_like_to_know/pxl_s7.wav,44,True,True,Mismo caso me cuesta detectar las diferencias pero alcanzo a percibir que tiene más sonido una que otra y como si tuviera un volumen distinto una de otra pero no influye eso en la categoría en que pondría cada versión y por eso las coloco ahi,-0.867056238017743,-0.6188407399054331,-0.3229009373128245,-1.0515106991885117,optional_qc_sensitivity_predictor,True,,True,,True,57,"[""C""]",C,True,1,False,5.0
P021,group_01,group_01,P021__trial_02,2,2,EDR-1,EDR-1,1,EDR-1 - Enjoying Free Time,EDR-1,"You have some free time and no immediate responsibilities that require your attention. You are not feeling tired or worried, but you would like to enjoy your time rather than let it pass uneventfully. You decide to listen to music for entertainment, making your free time more enjoyable.",Enjoyment,id_like_to_know,group_01_song_b_id_like_to_know,2,Song B,I'd Like To Know,B,2,id_like_to_know_pxl_s2,mix_6f8b655d7999,assets/audio/study-stimuli/main-study/group_01/song_b_id_like_to_know/pxl_s2.wav,46,True,True,Mismo caso me cuesta detectar las diferencias pero alcanzo a percibir que tiene más sonido una que otra y como si tuviera un volumen distinto una de otra pero no influye eso en la categoría en que pondría cada versión y por eso las coloco ahi,0.5329997864789321,-1.1874673519330532,-0.7637519766505488,0.5510366380169074,optional_qc_sensitivity_predictor,True,,True,,True,57,"[""C""]",C,True,1,False,4.0
P021,group_01,group_01,P021__trial_02,2,2,EDR-1,EDR-1,1,EDR-1 - Enjoying Free Time,EDR-1,"You have some free time and no immediate responsibilities that require your attention. You are not feeling tired or worried, but you would like to enjoy your time rather than let it pass uneventfully. You decide to listen to music for entertainment, making your free time more enjoyable.",Enjoyment,id_like_to_know,group_01_song_b_id_like_to_know,2,Song B,I'd Like To Know,C,3,id_like_to_know_pxl_s3,mix_65f41f41d3ab,assets/audio/study-stimuli/main-study/group_01/song_b_id_like_to_know/pxl_s3.wav,57,True,True,Mismo caso me cuesta detectar las diferencias pero alcanzo a percibir que tiene más sonido una que otra y como si tuviera un volumen distinto una de otra pero no influye eso en la categoría en que pondría cada versión y por eso las coloco ahi,0.3234844364321996,-1.065060189455143,-1.1651773700507613,-0.0982478955990668,optional_qc_sensitivity_predictor,True,,True,,True,57,"[""C""]",C,True,1,True,1.0
P021,group_01,group_01,P021__trial_02,2,2,EDR-1,EDR-1,1,EDR-1 - Enjoying Free Time,EDR-1,"You have some free time and no immediate responsibilities that require your attention. You are not feeling tired or worried, but you would like to enjoy your time rather than let it pass uneventfully. You decide to listen to music for entertainment, making your free time more enjoyable.",Enjoyment,id_like_to_know,group_01_song_b_id_like_to_know,2,Song B,I'd Like To Know,D,4,id_like_to_know_pxl_s5,mix_82d60d7c7fc5,assets/audio/study-stimuli/main-study/group_01/song_b_id_like_to_know/pxl_s5.wav,55,True,True,Mismo caso me cuesta detectar las diferencias pero alcanzo a percibir que tiene más sonido una que otra y como si tuviera un volumen distinto una de otra pero no influye eso en la categoría en que pondría cada versión y por eso las coloco ahi,-0.3583378408524605,-0.1527662554529231,0.7972705919658362,1.6270752922517937,optional_qc_sensitivity_predictor,True,,True,,True,57,"[""C""]",C,True,1,False,2.0
P021,group_01,group_01,P021__trial_02,2,2,EDR-1,EDR-1,1,EDR-1 - Enjoying Free Time,EDR-1,"You have some free time and no immediate responsibilities that require your attention. You are not feeling tired or worried, but you would like to enjoy your time rather than let it pass uneventfully. You decide to listen to music for entertainment, making your free time more enjoyable.",Enjoyment,id_like_to_know,group_01_song_b_id_like_to_know,2,Song B,I'd Like To Know,E,5,id_like_to_know_pxl_s1,mix_9ffcd672af17,assets/audio/study-stimuli/main-study/group_01/song_b_id_like_to_know/pxl_s1.wav,51,True,True,Mismo caso me cuesta detectar las diferencias pero alcanzo a percibir que tiene más sonido una que otra y como si tuviera un volumen distinto una de otra pero no influye eso en la categoría en que pondría cada versión y por eso las coloco ahi,-0.5659114167269081,-0.579304038497624,-0.4851205015292653,1.357247686182373,optional_qc_sensitivity_predictor,True,,True,,True,57,"[""C""]",C,True,1,False,3.0
P021,group_01,group_01,P021__trial_03,3,3,FM-1,FM-1,2,FM-1 - Maintaining Engagement During an Activity,FM-1,"You are engaged in an activity that requires sustained mental or physical effort. As you continue, it becomes more difficult to stay engaged. You want to maintain your focus and motivation so that you can continue making steady progress toward completing the activity. You decide to listen to music while carrying on with the activity.",Focus-Motivation,id_like_to_know,group_01_song_b_id_like_to_know,1,Song B,I'd Like To Know,A,1,id_like_to_know_pxl_s5,mix_82d60d7c7fc5,assets/audio/study-stimuli/main-study/group_01/song_b_id_like_to_know/pxl_s5.wav,46,True,True,Tendría la misma respuesta no tengo mucha habilidad auditiva por lo que me parecen casi igual y por eso mi decisión ,-0.3583378408524605,-0.1527662554529231,0.7972705919658362,1.6270752922517937,optional_qc_sensitivity_predictor,True,,True,,True,55,"[""C"",""E""]",,False,2,False,5.0
P021,group_01,group_01,P021__trial_03,3,3,FM-1,FM-1,2,FM-1 - Maintaining Engagement During an Activity,FM-1,"You are engaged in an activity that requires sustained mental or physical effort. As you continue, it becomes more difficult to stay engaged. You want to maintain your focus and motivation so that you can continue making steady progress toward completing the activity. You decide to listen to music while carrying on with the activity.",Focus-Motivation,id_like_to_know,group_01_song_b_id_like_to_know,1,Song B,I'd Like To Know,B,2,id_like_to_know_pxl_s3,mix_65f41f41d3ab,assets/audio/study-stimuli/main-study/group_01/song_b_id_like_to_know/pxl_s3.wav,53,True,True,Tendría la misma respuesta no tengo mucha habilidad auditiva por lo que me parecen casi igual y por eso mi decisión ,0.3234844364321996,-1.065060189455143,-1.1651773700507613,-0.0982478955990668,optional_qc_sensitivity_predictor,True,,True,,True,55,"[""C"",""E""]",,False,2,False,3.0
P021,group_01,group_01,P021__trial_03,3,3,FM-1,FM-1,2,FM-1 - Maintaining Engagement During an Activity,FM-1,"You are engaged in an activity that requires sustained mental or physical effort. As you continue, it becomes more difficult to stay engaged. You want to maintain your focus and motivation so that you can continue making steady progress toward completing the activity. You decide to listen to music while carrying on with the activity.",Focus-Motivation,id_like_to_know,group_01_song_b_id_like_to_know,1,Song B,I'd Like To Know,C,3,id_like_to_know_pxl_s2,mix_6f8b655d7999,assets/audio/study-stimuli/main-study/group_01/song_b_id_like_to_know/pxl_s2.wav,55,True,True,Tendría la misma respuesta no tengo mucha habilidad auditiva por lo que me parecen casi igual y por eso mi decisión ,0.5329997864789321,-1.1874673519330532,-0.7637519766505488,0.5510366380169074,optional_qc_sensitivity_predictor,True,,True,,True,55,"[""C"",""E""]",,False,2,True,1.5
P021,group_01,group_01,P021__trial_03,3,3,FM-1,FM-1,2,FM-1 - Maintaining Engagement During an Activity,FM-1,"You are engaged in an activity that requires sustained mental or physical effort. As you continue, it becomes more difficult to stay engaged. You want to maintain your focus and motivation so that you can continue making steady progress toward completing the activity. You decide to listen to music while carrying on with the activity.",Focus-Motivation,id_like_to_know,group_01_song_b_id_like_to_know,1,Song B,I'd Like To Know,D,4,id_like_to_know_pxl_s7,mix_b393d3919c78,assets/audio/study-stimuli/main-study/group_01/song_b_id_like_to_know/pxl_s7.wav,51,True,True,Tendría la misma respuesta no tengo mucha habilidad auditiva por lo que me parecen casi igual y por eso mi decisión ,-0.867056238017743,-0.6188407399054331,-0.3229009373128245,-1.0515106991885117,optional_qc_sensitivity_predictor,True,,True,,True,55,"[""C"",""E""]",,False,2,False,4.0
P021,group_01,group_01,P021__trial_03,3,3,FM-1,FM-1,2,FM-1 - Maintaining Engagement During an Activity,FM-1,"You are engaged in an activity that requires sustained mental or physical effort. As you continue, it becomes more difficult to stay engaged. You want to maintain your focus and motivation so that you can continue making steady progress toward completing the activity. You decide to listen to music while carrying on with the activity.",Focus-Motivation,id_like_to_know,group_01_song_b_id_like_to_know,1,Song B,I'd Like To Know,E,5,id_like_to_know_pxl_s1,mix_9ffcd672af17,assets/audio/study-stimuli/main-study/group_01/song_b_id_like_to_know/pxl_s1.wav,55,True,True,Tendría la misma respuesta no tengo mucha habilidad auditiva por lo que me parecen casi igual y por eso mi decisión ,-0.5659114167269081,-0.579304038497624,-0.4851205015292653,1.357247686182373,optional_qc_sensitivity_predictor,True,,True,,True,55,"[""C"",""E""]",,False,2,True,1.5
P021,group_01,group_01,P021__trial_04,4,4,FM-1,FM-1,2,FM-1 - Maintaining Engagement During an Activity,FM-1,"You are engaged in an activity that requires sustained mental or physical effort. As you continue, it becomes more difficult to stay engaged. You want to maintain your focus and motivation so that you can continue making steady progress toward completing the activity. You decide to listen to music while carrying on with the activity.",Focus-Motivation,lead_me,group_01_song_a_lead_me,2,Song A,Lead Me,A,1,lead_me_du_d,mix_f1f7973e5bac,assets/audio/study-stimuli/main-study/group_01/song_a_lead_me/du_d.wav,50,True,True,Mismo caso que los anteriores igual y si tuviera más mezcla de sonido o que cambiara la cuestión del instrumental para mí tendría más influencia en cambiar de categoría una de otra pero las detecto muy similar las dejo ahí ,0.7402857811167308,-1.548717422055362,0.3280479404435016,-1.017146833506479,optional_qc_sensitivity_predictor,True,,True,,True,50,"[""A""]",A,True,1,True,1.0
P021,group_01,group_01,P021__trial_04,4,4,FM-1,FM-1,2,FM-1 - Maintaining Engagement During an Activity,FM-1,"You are engaged in an activity that requires sustained mental or physical effort. As you continue, it becomes more difficult to stay engaged. You want to maintain your focus and motivation so that you can continue making steady progress toward completing the activity. You decide to listen to music while carrying on with the activity.",Focus-Motivation,lead_me,group_01_song_a_lead_me,2,Song A,Lead Me,B,2,lead_me_du_e,mix_271852ba8676,assets/audio/study-stimuli/main-study/group_01/song_a_lead_me/du_e.wav,49,True,True,Mismo caso que los anteriores igual y si tuviera más mezcla de sonido o que cambiara la cuestión del instrumental para mí tendría más influencia en cambiar de categoría una de otra pero las detecto muy similar las dejo ahí ,-1.0250576971995913,0.5199952869185839,-0.8666083508697964,0.9959336464039888,optional_qc_sensitivity_predictor,True,,True,,True,50,"[""A""]",A,True,1,False,2.5
P021,group_01,group_01,P021__trial_04,4,4,FM-1,FM-1,2,FM-1 - Maintaining Engagement During an Activity,FM-1,"You are engaged in an activity that requires sustained mental or physical effort. As you continue, it becomes more difficult to stay engaged. You want to maintain your focus and motivation so that you can continue making steady progress toward completing the activity. You decide to listen to music while carrying on with the activity.",Focus-Motivation,lead_me,group_01_song_a_lead_me,2,Song A,Lead Me,C,3,lead_me_pxl_l1,mix_d5b28dfc8a93,assets/audio/study-stimuli/main-study/group_01/song_a_lead_me/pxl_l1.wav,47,True,True,Mismo caso que los anteriores igual y si tuviera más mezcla de sonido o que cambiara la cuestión del instrumental para mí tendría más influencia en cambiar de categoría una de otra pero las detecto muy similar las dejo ahí ,-0.0024436394808062,-0.3677713699084406,-1.2816942263900757,-0.1924460334762285,optional_qc_sensitivity_predictor,True,,True,,True,50,"[""A""]",A,True,1,False,4.5
P021,group_01,group_01,P021__trial_04,4,4,FM-1,FM-1,2,FM-1 - Maintaining Engagement During an Activity,FM-1,"You are engaged in an activity that requires sustained mental or physical effort. As you continue, it becomes more difficult to stay engaged. You want to maintain your focus and motivation so that you can continue making steady progress toward completing the activity. You decide to listen to music while carrying on with the activity.",Focus-Motivation,lead_me,group_01_song_a_lead_me,2,Song A,Lead Me,D,4,lead_me_mcg_pro2,mix_d3e3580b6e30,assets/audio/study-stimuli/main-study/group_01/song_a_lead_me/mcg_pro2.wav,47,True,True,Mismo caso que los anteriores igual y si tuviera más mezcla de sonido o que cambiara la cuestión del instrumental para mí tendría más influencia en cambiar de categoría una de otra pero las detecto muy similar las dejo ahí ,2.9805308263561203,0.8594252384169624,-0.9263284806752846,0.048773555233824,optional_qc_sensitivity_predictor,True,,True,,True,50,"[""A""]",A,True,1,False,4.5
P021,group_01,group_01,P021__trial_04,4,4,FM-1,FM-1,2,FM-1 - Maintaining Engagement During an Activity,FM-1,"You are engaged in an activity that requires sustained mental or physical effort. As you continue, it becomes more difficult to stay engaged. You want to maintain your focus and motivation so that you can continue making steady progress toward completing the activity. You decide to listen to music while carrying on with the activity.",Focus-Motivation,lead_me,group_01_song_a_lead_me,2,Song A,Lead Me,E,5,lead_me_pxl_l4,mix_c7d9a071ba25,assets/audio/study-stimuli/main-study/group_01/song_a_lead_me/pxl_l4.wav,49,True,True,Mismo caso que los anteriores igual y si tuviera más mezcla de sonido o que cambiara la cuestión del instrumental para mí tendría más influencia en cambiar de categoría una de otra pero las detecto muy similar las dejo ahí ,-0.0552007785055364,-0.8412121981784734,0.8321106863211235,2.390299590706203,optional_qc_sensitivity_predictor,True,,True,,True,50,"[""A""]",A,True,1,False,2.5
P021,group_01,group_01,P021__trial_05,5,5,EDR-2,EDR-2,3,EDR-2 - Unwinding After a Demanding Period,EDR-2,"You have some time for yourself after a demanding period. Although a few everyday concerns are still on your mind, there is nothing that requires your attention right now. You would like to feel calmer and take your mind off these concerns for a while, so you decide to listen to music to help you unwind.",Relaxation-Distraction,lead_me,group_01_song_a_lead_me,1,Song A,Lead Me,A,1,lead_me_du_e,mix_271852ba8676,assets/audio/study-stimuli/main-study/group_01/song_a_lead_me/du_e.wav,47,True,True,Mismo caso no noto ninguna diferencia importante para que influya en mi decisión por lo que al sentirlas muy similares las dejo ahí ,-1.0250576971995913,0.5199952869185839,-0.8666083508697964,0.9959336464039888,optional_qc_sensitivity_predictor,True,,True,,True,47,"[""A"",""B"",""E""]",,False,3,True,2.0
P021,group_01,group_01,P021__trial_05,5,5,EDR-2,EDR-2,3,EDR-2 - Unwinding After a Demanding Period,EDR-2,"You have some time for yourself after a demanding period. Although a few everyday concerns are still on your mind, there is nothing that requires your attention right now. You would like to feel calmer and take your mind off these concerns for a while, so you decide to listen to music to help you unwind.",Relaxation-Distraction,lead_me,group_01_song_a_lead_me,1,Song A,Lead Me,B,2,lead_me_pxl_l1,mix_d5b28dfc8a93,assets/audio/study-stimuli/main-study/group_01/song_a_lead_me/pxl_l1.wav,47,True,True,Mismo caso no noto ninguna diferencia importante para que influya en mi decisión por lo que al sentirlas muy similares las dejo ahí ,-0.0024436394808062,-0.3677713699084406,-1.2816942263900757,-0.1924460334762285,optional_qc_sensitivity_predictor,True,,True,,True,47,"[""A"",""B"",""E""]",,False,3,True,2.0
P021,group_01,group_01,P021__trial_05,5,5,EDR-2,EDR-2,3,EDR-2 - Unwinding After a Demanding Period,EDR-2,"You have some time for yourself after a demanding period. Although a few everyday concerns are still on your mind, there is nothing that requires your attention right now. You would like to feel calmer and take your mind off these concerns for a while, so you decide to listen to music to help you unwind.",Relaxation-Distraction,lead_me,group_01_song_a_lead_me,1,Song A,Lead Me,C,3,lead_me_pxl_l4,mix_c7d9a071ba25,assets/audio/study-stimuli/main-study/group_01/song_a_lead_me/pxl_l4.wav,46,True,True,Mismo caso no noto ninguna diferencia importante para que influya en mi decisión por lo que al sentirlas muy similares las dejo ahí ,-0.0552007785055364,-0.8412121981784734,0.8321106863211235,2.390299590706203,optional_qc_sensitivity_predictor,True,,True,,True,47,"[""A"",""B"",""E""]",,False,3,False,4.0
P021,group_01,group_01,P021__trial_05,5,5,EDR-2,EDR-2,3,EDR-2 - Unwinding After a Demanding Period,EDR-2,"You have some time for yourself after a demanding period. Although a few everyday concerns are still on your mind, there is nothing that requires your attention right now. You would like to feel calmer and take your mind off these concerns for a while, so you decide to listen to music to help you unwind.",Relaxation-Distraction,lead_me,group_01_song_a_lead_me,1,Song A,Lead Me,D,4,lead_me_du_d,mix_f1f7973e5bac,assets/audio/study-stimuli/main-study/group_01/song_a_lead_me/du_d.wav,45,True,True,Mismo caso no noto ninguna diferencia importante para que influya en mi decisión por lo que al sentirlas muy similares las dejo ahí ,0.7402857811167308,-1.548717422055362,0.3280479404435016,-1.017146833506479,optional_qc_sensitivity_predictor,True,,True,,True,47,"[""A"",""B"",""E""]",,False,3,False,5.0
P021,group_01,group_01,P021__trial_05,5,5,EDR-2,EDR-2,3,EDR-2 - Unwinding After a Demanding Period,EDR-2,"You have some time for yourself after a demanding period. Although a few everyday concerns are still on your mind, there is nothing that requires your attention right now. You would like to feel calmer and take your mind off these concerns for a while, so you decide to listen to music to help you unwind.",Relaxation-Distraction,lead_me,group_01_song_a_lead_me,1,Song A,Lead Me,E,5,lead_me_mcg_pro2,mix_d3e3580b6e30,assets/audio/study-stimuli/main-study/group_01/song_a_lead_me/mcg_pro2.wav,47,True,True,Mismo caso no noto ninguna diferencia importante para que influya en mi decisión por lo que al sentirlas muy similares las dejo ahí ,2.9805308263561203,0.8594252384169624,-0.9263284806752846,0.048773555233824,optional_qc_sensitivity_predictor,True,,True,,True,47,"[""A"",""B"",""E""]",,False,3,True,2.0
P021,group_01,group_01,P021__trial_06,6,6,EDR-2,EDR-2,3,EDR-2 - Unwinding After a Demanding Period,EDR-2,"You have some time for yourself after a demanding period. Although a few everyday concerns are still on your mind, there is nothing that requires your attention right now. You would like to feel calmer and take your mind off these concerns for a while, so you decide to listen to music to help you unwind.",Relaxation-Distraction,id_like_to_know,group_01_song_b_id_like_to_know,2,Song B,I'd Like To Know,A,1,id_like_to_know_pxl_s5,mix_82d60d7c7fc5,assets/audio/study-stimuli/main-study/group_01/song_b_id_like_to_know/pxl_s5.wav,50,True,True,Sería lo mismo con estas versiones necesitaría una versión más distinta para poder catalogar una de otra así que por lo mismo las coloco a todas ahí ,-0.3583378408524605,-0.1527662554529231,0.7972705919658362,1.6270752922517937,optional_qc_sensitivity_predictor,True,,True,,True,51,"[""B"",""C""]",,False,2,False,3.5
P021,group_01,group_01,P021__trial_06,6,6,EDR-2,EDR-2,3,EDR-2 - Unwinding After a Demanding Period,EDR-2,"You have some time for yourself after a demanding period. Although a few everyday concerns are still on your mind, there is nothing that requires your attention right now. You would like to feel calmer and take your mind off these concerns for a while, so you decide to listen to music to help you unwind.",Relaxation-Distraction,id_like_to_know,group_01_song_b_id_like_to_know,2,Song B,I'd Like To Know,B,2,id_like_to_know_pxl_s1,mix_9ffcd672af17,assets/audio/study-stimuli/main-study/group_01/song_b_id_like_to_know/pxl_s1.wav,51,True,True,Sería lo mismo con estas versiones necesitaría una versión más distinta para poder catalogar una de otra así que por lo mismo las coloco a todas ahí ,-0.5659114167269081,-0.579304038497624,-0.4851205015292653,1.357247686182373,optional_qc_sensitivity_predictor,True,,True,,True,51,"[""B"",""C""]",,False,2,True,1.5
P021,group_01,group_01,P021__trial_06,6,6,EDR-2,EDR-2,3,EDR-2 - Unwinding After a Demanding Period,EDR-2,"You have some time for yourself after a demanding period. Although a few everyday concerns are still on your mind, there is nothing that requires your attention right now. You would like to feel calmer and take your mind off these concerns for a while, so you decide to listen to music to help you unwind.",Relaxation-Distraction,id_like_to_know,group_01_song_b_id_like_to_know,2,Song B,I'd Like To Know,C,3,id_like_to_know_pxl_s3,mix_65f41f41d3ab,assets/audio/study-stimuli/main-study/group_01/song_b_id_like_to_know/pxl_s3.wav,51,True,True,Sería lo mismo con estas versiones necesitaría una versión más distinta para poder catalogar una de otra así que por lo mismo las coloco a todas ahí ,0.3234844364321996,-1.065060189455143,-1.1651773700507613,-0.0982478955990668,optional_qc_sensitivity_predictor,True,,True,,True,51,"[""B"",""C""]",,False,2,True,1.5
P021,group_01,group_01,P021__trial_06,6,6,EDR-2,EDR-2,3,EDR-2 - Unwinding After a Demanding Period,EDR-2,"You have some time for yourself after a demanding period. Although a few everyday concerns are still on your mind, there is nothing that requires your attention right now. You would like to feel calmer and take your mind off these concerns for a while, so you decide to listen to music to help you unwind.",Relaxation-Distraction,id_like_to_know,group_01_song_b_id_like_to_know,2,Song B,I'd Like To Know,D,4,id_like_to_know_pxl_s2,mix_6f8b655d7999,assets/audio/study-stimuli/main-study/group_01/song_b_id_like_to_know/pxl_s2.wav,48,True,True,Sería lo mismo con estas versiones necesitaría una versión más distinta para poder catalogar una de otra así que por lo mismo las coloco a todas ahí ,0.5329997864789321,-1.1874673519330532,-0.7637519766505488,0.5510366380169074,optional_qc_sensitivity_predictor,True,,True,,True,51,"[""B"",""C""]",,False,2,False,5.0
P021,group_01,group_01,P021__trial_06,6,6,EDR-2,EDR-2,3,EDR-2 - Unwinding After a Demanding Period,EDR-2,"You have some time for yourself after a demanding period. Although a few everyday concerns are still on your mind, there is nothing that requires your attention right now. You would like to feel calmer and take your mind off these concerns for a while, so you decide to listen to music to help you unwind.",Relaxation-Distraction,id_like_to_know,group_01_song_b_id_like_to_know,2,Song B,I'd Like To Know,E,5,id_like_to_know_pxl_s7,mix_b393d3919c78,assets/audio/study-stimuli/main-study/group_01/song_b_id_like_to_know/pxl_s7.wav,50,True,True,Sería lo mismo con estas versiones necesitaría una versión más distinta para poder catalogar una de otra así que por lo mismo las coloco a todas ahí ,-0.867056238017743,-0.6188407399054331,-0.3229009373128245,-1.0515106991885117,optional_qc_sensitivity_predictor,True,,True,,True,51,"[""B"",""C""]",,False,2,False,3.5
P022,group_01,group_01,P022__trial_01,1,1,EDR-2,EDR-2,1,EDR-2 - Unwinding After a Demanding Period,EDR-2,"You have some time for yourself after a demanding period. Although a few everyday concerns are still on your mind, there is nothing that requires your attention right now. You would like to feel calmer and take your mind off these concerns for a while, so you decide to listen to music to help you unwind.",Relaxation-Distraction,id_like_to_know,group_01_song_b_id_like_to_know,1,Song B,I'd Like To Know,A,1,id_like_to_know_pxl_s7,mix_b393d3919c78,assets/audio/study-stimuli/main-study/group_01/song_b_id_like_to_know/pxl_s7.wav,26,True,True,"Mix A sounds balanced but I prefer a greater bass; Mix E has nice bass sound; Mix D I dont like the instruments I cant relax; Mix C sounds balanced but Is better than A; Mix B guitar sound is good, vocals low i like it, drums sound is good, Mix C is like Mix A, I prefer more calm or more bass",-0.867056238017743,-0.6188407399054331,-0.3229009373128245,-1.0515106991885117,optional_qc_sensitivity_predictor,True,,True,,True,100,"[""E""]",E,True,1,False,4.0
P022,group_01,group_01,P022__trial_01,1,1,EDR-2,EDR-2,1,EDR-2 - Unwinding After a Demanding Period,EDR-2,"You have some time for yourself after a demanding period. Although a few everyday concerns are still on your mind, there is nothing that requires your attention right now. You would like to feel calmer and take your mind off these concerns for a while, so you decide to listen to music to help you unwind.",Relaxation-Distraction,id_like_to_know,group_01_song_b_id_like_to_know,1,Song B,I'd Like To Know,B,2,id_like_to_know_pxl_s5,mix_82d60d7c7fc5,assets/audio/study-stimuli/main-study/group_01/song_b_id_like_to_know/pxl_s5.wav,73,True,True,"Mix A sounds balanced but I prefer a greater bass; Mix E has nice bass sound; Mix D I dont like the instruments I cant relax; Mix C sounds balanced but Is better than A; Mix B guitar sound is good, vocals low i like it, drums sound is good, Mix C is like Mix A, I prefer more calm or more bass",-0.3583378408524605,-0.1527662554529231,0.7972705919658362,1.6270752922517937,optional_qc_sensitivity_predictor,True,,True,,True,100,"[""E""]",E,True,1,False,2.0
P022,group_01,group_01,P022__trial_01,1,1,EDR-2,EDR-2,1,EDR-2 - Unwinding After a Demanding Period,EDR-2,"You have some time for yourself after a demanding period. Although a few everyday concerns are still on your mind, there is nothing that requires your attention right now. You would like to feel calmer and take your mind off these concerns for a while, so you decide to listen to music to help you unwind.",Relaxation-Distraction,id_like_to_know,group_01_song_b_id_like_to_know,1,Song B,I'd Like To Know,C,3,id_like_to_know_pxl_s2,mix_6f8b655d7999,assets/audio/study-stimuli/main-study/group_01/song_b_id_like_to_know/pxl_s2.wav,40,True,True,"Mix A sounds balanced but I prefer a greater bass; Mix E has nice bass sound; Mix D I dont like the instruments I cant relax; Mix C sounds balanced but Is better than A; Mix B guitar sound is good, vocals low i like it, drums sound is good, Mix C is like Mix A, I prefer more calm or more bass",0.5329997864789321,-1.1874673519330532,-0.7637519766505488,0.5510366380169074,optional_qc_sensitivity_predictor,True,,True,,True,100,"[""E""]",E,True,1,False,3.0
P022,group_01,group_01,P022__trial_01,1,1,EDR-2,EDR-2,1,EDR-2 - Unwinding After a Demanding Period,EDR-2,"You have some time for yourself after a demanding period. Although a few everyday concerns are still on your mind, there is nothing that requires your attention right now. You would like to feel calmer and take your mind off these concerns for a while, so you decide to listen to music to help you unwind.",Relaxation-Distraction,id_like_to_know,group_01_song_b_id_like_to_know,1,Song B,I'd Like To Know,D,4,id_like_to_know_pxl_s1,mix_9ffcd672af17,assets/audio/study-stimuli/main-study/group_01/song_b_id_like_to_know/pxl_s1.wav,0,True,True,"Mix A sounds balanced but I prefer a greater bass; Mix E has nice bass sound; Mix D I dont like the instruments I cant relax; Mix C sounds balanced but Is better than A; Mix B guitar sound is good, vocals low i like it, drums sound is good, Mix C is like Mix A, I prefer more calm or more bass",-0.5659114167269081,-0.579304038497624,-0.4851205015292653,1.357247686182373,optional_qc_sensitivity_predictor,True,,True,,True,100,"[""E""]",E,True,1,False,5.0
P022,group_01,group_01,P022__trial_01,1,1,EDR-2,EDR-2,1,EDR-2 - Unwinding After a Demanding Period,EDR-2,"You have some time for yourself after a demanding period. Although a few everyday concerns are still on your mind, there is nothing that requires your attention right now. You would like to feel calmer and take your mind off these concerns for a while, so you decide to listen to music to help you unwind.",Relaxation-Distraction,id_like_to_know,group_01_song_b_id_like_to_know,1,Song B,I'd Like To Know,E,5,id_like_to_know_pxl_s3,mix_65f41f41d3ab,assets/audio/study-stimuli/main-study/group_01/song_b_id_like_to_know/pxl_s3.wav,100,True,True,"Mix A sounds balanced but I prefer a greater bass; Mix E has nice bass sound; Mix D I dont like the instruments I cant relax; Mix C sounds balanced but Is better than A; Mix B guitar sound is good, vocals low i like it, drums sound is good, Mix C is like Mix A, I prefer more calm or more bass",0.3234844364321996,-1.065060189455143,-1.1651773700507613,-0.0982478955990668,optional_qc_sensitivity_predictor,True,,True,,True,100,"[""E""]",E,True,1,True,1.0
P022,group_01,group_01,P022__trial_02,2,2,EDR-2,EDR-2,1,EDR-2 - Unwinding After a Demanding Period,EDR-2,"You have some time for yourself after a demanding period. Although a few everyday concerns are still on your mind, there is nothing that requires your attention right now. You would like to feel calmer and take your mind off these concerns for a while, so you decide to listen to music to help you unwind.",Relaxation-Distraction,lead_me,group_01_song_a_lead_me,2,Song A,Lead Me,A,1,lead_me_pxl_l1,mix_d5b28dfc8a93,assets/audio/study-stimuli/main-study/group_01/song_a_lead_me/pxl_l1.wav,75,True,True,"Mix A vocals i like the echo; Mix B instruments too agressive for me to unwind; Mix C sounds more calmed, I like it; Mix D vocals are too loud, I dont like it is not relaxing; Mix E vocals are warm I like them",-0.0024436394808062,-0.3677713699084406,-1.2816942263900757,-0.1924460334762285,optional_qc_sensitivity_predictor,True,,True,,True,100,"[""C""]",C,True,1,False,3.0
P022,group_01,group_01,P022__trial_02,2,2,EDR-2,EDR-2,1,EDR-2 - Unwinding After a Demanding Period,EDR-2,"You have some time for yourself after a demanding period. Although a few everyday concerns are still on your mind, there is nothing that requires your attention right now. You would like to feel calmer and take your mind off these concerns for a while, so you decide to listen to music to help you unwind.",Relaxation-Distraction,lead_me,group_01_song_a_lead_me,2,Song A,Lead Me,B,2,lead_me_mcg_pro2,mix_d3e3580b6e30,assets/audio/study-stimuli/main-study/group_01/song_a_lead_me/mcg_pro2.wav,26,True,True,"Mix A vocals i like the echo; Mix B instruments too agressive for me to unwind; Mix C sounds more calmed, I like it; Mix D vocals are too loud, I dont like it is not relaxing; Mix E vocals are warm I like them",2.9805308263561203,0.8594252384169624,-0.9263284806752846,0.048773555233824,optional_qc_sensitivity_predictor,True,,True,,True,100,"[""C""]",C,True,1,False,4.0
P022,group_01,group_01,P022__trial_02,2,2,EDR-2,EDR-2,1,EDR-2 - Unwinding After a Demanding Period,EDR-2,"You have some time for yourself after a demanding period. Although a few everyday concerns are still on your mind, there is nothing that requires your attention right now. You would like to feel calmer and take your mind off these concerns for a while, so you decide to listen to music to help you unwind.",Relaxation-Distraction,lead_me,group_01_song_a_lead_me,2,Song A,Lead Me,C,3,lead_me_du_d,mix_f1f7973e5bac,assets/audio/study-stimuli/main-study/group_01/song_a_lead_me/du_d.wav,100,True,True,"Mix A vocals i like the echo; Mix B instruments too agressive for me to unwind; Mix C sounds more calmed, I like it; Mix D vocals are too loud, I dont like it is not relaxing; Mix E vocals are warm I like them",0.7402857811167308,-1.548717422055362,0.3280479404435016,-1.017146833506479,optional_qc_sensitivity_predictor,True,,True,,True,100,"[""C""]",C,True,1,True,1.0
P022,group_01,group_01,P022__trial_02,2,2,EDR-2,EDR-2,1,EDR-2 - Unwinding After a Demanding Period,EDR-2,"You have some time for yourself after a demanding period. Although a few everyday concerns are still on your mind, there is nothing that requires your attention right now. You would like to feel calmer and take your mind off these concerns for a while, so you decide to listen to music to help you unwind.",Relaxation-Distraction,lead_me,group_01_song_a_lead_me,2,Song A,Lead Me,D,4,lead_me_du_e,mix_271852ba8676,assets/audio/study-stimuli/main-study/group_01/song_a_lead_me/du_e.wav,0,True,True,"Mix A vocals i like the echo; Mix B instruments too agressive for me to unwind; Mix C sounds more calmed, I like it; Mix D vocals are too loud, I dont like it is not relaxing; Mix E vocals are warm I like them",-1.0250576971995913,0.5199952869185839,-0.8666083508697964,0.9959336464039888,optional_qc_sensitivity_predictor,True,,True,,True,100,"[""C""]",C,True,1,False,5.0
P022,group_01,group_01,P022__trial_02,2,2,EDR-2,EDR-2,1,EDR-2 - Unwinding After a Demanding Period,EDR-2,"You have some time for yourself after a demanding period. Although a few everyday concerns are still on your mind, there is nothing that requires your attention right now. You would like to feel calmer and take your mind off these concerns for a while, so you decide to listen to music to help you unwind.",Relaxation-Distraction,lead_me,group_01_song_a_lead_me,2,Song A,Lead Me,E,5,lead_me_pxl_l4,mix_c7d9a071ba25,assets/audio/study-stimuli/main-study/group_01/song_a_lead_me/pxl_l4.wav,87,True,True,"Mix A vocals i like the echo; Mix B instruments too agressive for me to unwind; Mix C sounds more calmed, I like it; Mix D vocals are too loud, I dont like it is not relaxing; Mix E vocals are warm I like them",-0.0552007785055364,-0.8412121981784734,0.8321106863211235,2.390299590706203,optional_qc_sensitivity_predictor,True,,True,,True,100,"[""C""]",C,True,1,False,2.0
P022,group_01,group_01,P022__trial_03,3,3,FM-1,FM-1,2,FM-1 - Maintaining Engagement During an Activity,FM-1,"You are engaged in an activity that requires sustained mental or physical effort. As you continue, it becomes more difficult to stay engaged. You want to maintain your focus and motivation so that you can continue making steady progress toward completing the activity. You decide to listen to music while carrying on with the activity.",Focus-Motivation,lead_me,group_01_song_a_lead_me,1,Song A,Lead Me,A,1,lead_me_pxl_l4,mix_c7d9a071ba25,assets/audio/study-stimuli/main-study/group_01/song_a_lead_me/pxl_l4.wav,31,True,True,"Mix A music doesn't let me focus; Mix B is good, i can hear instruments clear and strong, vocals low i like them; Mix C vocals are louder than instruments, i dont like it for concentration; Mix D vocals too loud, is annoying; Mix E echo or reverb is too much... I don't like it",-0.0552007785055364,-0.8412121981784734,0.8321106863211235,2.390299590706203,optional_qc_sensitivity_predictor,True,,True,,True,100,"[""B""]",B,True,1,False,2.0
P022,group_01,group_01,P022__trial_03,3,3,FM-1,FM-1,2,FM-1 - Maintaining Engagement During an Activity,FM-1,"You are engaged in an activity that requires sustained mental or physical effort. As you continue, it becomes more difficult to stay engaged. You want to maintain your focus and motivation so that you can continue making steady progress toward completing the activity. You decide to listen to music while carrying on with the activity.",Focus-Motivation,lead_me,group_01_song_a_lead_me,1,Song A,Lead Me,B,2,lead_me_mcg_pro2,mix_d3e3580b6e30,assets/audio/study-stimuli/main-study/group_01/song_a_lead_me/mcg_pro2.wav,100,True,True,"Mix A music doesn't let me focus; Mix B is good, i can hear instruments clear and strong, vocals low i like them; Mix C vocals are louder than instruments, i dont like it for concentration; Mix D vocals too loud, is annoying; Mix E echo or reverb is too much... I don't like it",2.9805308263561203,0.8594252384169624,-0.9263284806752846,0.048773555233824,optional_qc_sensitivity_predictor,True,,True,,True,100,"[""B""]",B,True,1,True,1.0
P022,group_01,group_01,P022__trial_03,3,3,FM-1,FM-1,2,FM-1 - Maintaining Engagement During an Activity,FM-1,"You are engaged in an activity that requires sustained mental or physical effort. As you continue, it becomes more difficult to stay engaged. You want to maintain your focus and motivation so that you can continue making steady progress toward completing the activity. You decide to listen to music while carrying on with the activity.",Focus-Motivation,lead_me,group_01_song_a_lead_me,1,Song A,Lead Me,C,3,lead_me_pxl_l1,mix_d5b28dfc8a93,assets/audio/study-stimuli/main-study/group_01/song_a_lead_me/pxl_l1.wav,13,True,True,"Mix A music doesn't let me focus; Mix B is good, i can hear instruments clear and strong, vocals low i like them; Mix C vocals are louder than instruments, i dont like it for concentration; Mix D vocals too loud, is annoying; Mix E echo or reverb is too much... I don't like it",-0.0024436394808062,-0.3677713699084406,-1.2816942263900757,-0.1924460334762285,optional_qc_sensitivity_predictor,True,,True,,True,100,"[""B""]",B,True,1,False,4.0
P022,group_01,group_01,P022__trial_03,3,3,FM-1,FM-1,2,FM-1 - Maintaining Engagement During an Activity,FM-1,"You are engaged in an activity that requires sustained mental or physical effort. As you continue, it becomes more difficult to stay engaged. You want to maintain your focus and motivation so that you can continue making steady progress toward completing the activity. You decide to listen to music while carrying on with the activity.",Focus-Motivation,lead_me,group_01_song_a_lead_me,1,Song A,Lead Me,D,4,lead_me_du_e,mix_271852ba8676,assets/audio/study-stimuli/main-study/group_01/song_a_lead_me/du_e.wav,0,True,True,"Mix A music doesn't let me focus; Mix B is good, i can hear instruments clear and strong, vocals low i like them; Mix C vocals are louder than instruments, i dont like it for concentration; Mix D vocals too loud, is annoying; Mix E echo or reverb is too much... I don't like it",-1.0250576971995913,0.5199952869185839,-0.8666083508697964,0.9959336464039888,optional_qc_sensitivity_predictor,True,,True,,True,100,"[""B""]",B,True,1,False,5.0
P022,group_01,group_01,P022__trial_03,3,3,FM-1,FM-1,2,FM-1 - Maintaining Engagement During an Activity,FM-1,"You are engaged in an activity that requires sustained mental or physical effort. As you continue, it becomes more difficult to stay engaged. You want to maintain your focus and motivation so that you can continue making steady progress toward completing the activity. You decide to listen to music while carrying on with the activity.",Focus-Motivation,lead_me,group_01_song_a_lead_me,1,Song A,Lead Me,E,5,lead_me_du_d,mix_f1f7973e5bac,assets/audio/study-stimuli/main-study/group_01/song_a_lead_me/du_d.wav,22,True,True,"Mix A music doesn't let me focus; Mix B is good, i can hear instruments clear and strong, vocals low i like them; Mix C vocals are louder than instruments, i dont like it for concentration; Mix D vocals too loud, is annoying; Mix E echo or reverb is too much... I don't like it",0.7402857811167308,-1.548717422055362,0.3280479404435016,-1.017146833506479,optional_qc_sensitivity_predictor,True,,True,,True,100,"[""B""]",B,True,1,False,3.0
P022,group_01,group_01,P022__trial_04,4,4,FM-1,FM-1,2,FM-1 - Maintaining Engagement During an Activity,FM-1,"You are engaged in an activity that requires sustained mental or physical effort. As you continue, it becomes more difficult to stay engaged. You want to maintain your focus and motivation so that you can continue making steady progress toward completing the activity. You decide to listen to music while carrying on with the activity.",Focus-Motivation,id_like_to_know,group_01_song_b_id_like_to_know,2,Song B,I'd Like To Know,A,1,id_like_to_know_pxl_s5,mix_82d60d7c7fc5,assets/audio/study-stimuli/main-study/group_01/song_b_id_like_to_know/pxl_s5.wav,47,True,True,"Mix A well-balanced, is good; Mix B sounds more pleasant than Mix A; Mix C instruments are better for me; Mix D instruments really good, I can focus; Mix E sounds good, vocals and instruments balance is nice.",-0.3583378408524605,-0.1527662554529231,0.7972705919658362,1.6270752922517937,optional_qc_sensitivity_predictor,True,,True,,True,99,"[""D""]",D,True,1,False,5.0
P022,group_01,group_01,P022__trial_04,4,4,FM-1,FM-1,2,FM-1 - Maintaining Engagement During an Activity,FM-1,"You are engaged in an activity that requires sustained mental or physical effort. As you continue, it becomes more difficult to stay engaged. You want to maintain your focus and motivation so that you can continue making steady progress toward completing the activity. You decide to listen to music while carrying on with the activity.",Focus-Motivation,id_like_to_know,group_01_song_b_id_like_to_know,2,Song B,I'd Like To Know,B,2,id_like_to_know_pxl_s7,mix_b393d3919c78,assets/audio/study-stimuli/main-study/group_01/song_b_id_like_to_know/pxl_s7.wav,55,True,True,"Mix A well-balanced, is good; Mix B sounds more pleasant than Mix A; Mix C instruments are better for me; Mix D instruments really good, I can focus; Mix E sounds good, vocals and instruments balance is nice.",-0.867056238017743,-0.6188407399054331,-0.3229009373128245,-1.0515106991885117,optional_qc_sensitivity_predictor,True,,True,,True,99,"[""D""]",D,True,1,False,4.0
P022,group_01,group_01,P022__trial_04,4,4,FM-1,FM-1,2,FM-1 - Maintaining Engagement During an Activity,FM-1,"You are engaged in an activity that requires sustained mental or physical effort. As you continue, it becomes more difficult to stay engaged. You want to maintain your focus and motivation so that you can continue making steady progress toward completing the activity. You decide to listen to music while carrying on with the activity.",Focus-Motivation,id_like_to_know,group_01_song_b_id_like_to_know,2,Song B,I'd Like To Know,C,3,id_like_to_know_pxl_s1,mix_9ffcd672af17,assets/audio/study-stimuli/main-study/group_01/song_b_id_like_to_know/pxl_s1.wav,66,True,True,"Mix A well-balanced, is good; Mix B sounds more pleasant than Mix A; Mix C instruments are better for me; Mix D instruments really good, I can focus; Mix E sounds good, vocals and instruments balance is nice.",-0.5659114167269081,-0.579304038497624,-0.4851205015292653,1.357247686182373,optional_qc_sensitivity_predictor,True,,True,,True,99,"[""D""]",D,True,1,False,3.0
P022,group_01,group_01,P022__trial_04,4,4,FM-1,FM-1,2,FM-1 - Maintaining Engagement During an Activity,FM-1,"You are engaged in an activity that requires sustained mental or physical effort. As you continue, it becomes more difficult to stay engaged. You want to maintain your focus and motivation so that you can continue making steady progress toward completing the activity. You decide to listen to music while carrying on with the activity.",Focus-Motivation,id_like_to_know,group_01_song_b_id_like_to_know,2,Song B,I'd Like To Know,D,4,id_like_to_know_pxl_s3,mix_65f41f41d3ab,assets/audio/study-stimuli/main-study/group_01/song_b_id_like_to_know/pxl_s3.wav,99,True,True,"Mix A well-balanced, is good; Mix B sounds more pleasant than Mix A; Mix C instruments are better for me; Mix D instruments really good, I can focus; Mix E sounds good, vocals and instruments balance is nice.",0.3234844364321996,-1.065060189455143,-1.1651773700507613,-0.0982478955990668,optional_qc_sensitivity_predictor,True,,True,,True,99,"[""D""]",D,True,1,True,1.0
P022,group_01,group_01,P022__trial_04,4,4,FM-1,FM-1,2,FM-1 - Maintaining Engagement During an Activity,FM-1,"You are engaged in an activity that requires sustained mental or physical effort. As you continue, it becomes more difficult to stay engaged. You want to maintain your focus and motivation so that you can continue making steady progress toward completing the activity. You decide to listen to music while carrying on with the activity.",Focus-Motivation,id_like_to_know,group_01_song_b_id_like_to_know,2,Song B,I'd Like To Know,E,5,id_like_to_know_pxl_s2,mix_6f8b655d7999,assets/audio/study-stimuli/main-study/group_01/song_b_id_like_to_know/pxl_s2.wav,75,True,True,"Mix A well-balanced, is good; Mix B sounds more pleasant than Mix A; Mix C instruments are better for me; Mix D instruments really good, I can focus; Mix E sounds good, vocals and instruments balance is nice.",0.5329997864789321,-1.1874673519330532,-0.7637519766505488,0.5510366380169074,optional_qc_sensitivity_predictor,True,,True,,True,99,"[""D""]",D,True,1,False,2.0
P022,group_01,group_01,P022__trial_05,5,5,EDR-1,EDR-1,3,EDR-1 - Enjoying Free Time,EDR-1,"You have some free time and no immediate responsibilities that require your attention. You are not feeling tired or worried, but you would like to enjoy your time rather than let it pass uneventfully. You decide to listen to music for entertainment, making your free time more enjoyable.",Enjoyment,lead_me,group_01_song_a_lead_me,1,Song A,Lead Me,A,1,lead_me_pxl_l1,mix_d5b28dfc8a93,assets/audio/study-stimuli/main-study/group_01/song_a_lead_me/pxl_l1.wav,15,True,True,"Mix A vocals I dont like echo, is too calm, I prefer something stronger; Mix B instruments sound is good; Mix C vocals louder than instruments, I don't like that; Mix D instruments are way too loud compared to vocals; Mix E vocals is too loud compared to instruments but I like it for entertainment",-0.0024436394808062,-0.3677713699084406,-1.2816942263900757,-0.1924460334762285,optional_qc_sensitivity_predictor,True,,True,,True,93,"[""B""]",B,True,1,False,5.0
P022,group_01,group_01,P022__trial_05,5,5,EDR-1,EDR-1,3,EDR-1 - Enjoying Free Time,EDR-1,"You have some free time and no immediate responsibilities that require your attention. You are not feeling tired or worried, but you would like to enjoy your time rather than let it pass uneventfully. You decide to listen to music for entertainment, making your free time more enjoyable.",Enjoyment,lead_me,group_01_song_a_lead_me,1,Song A,Lead Me,B,2,lead_me_mcg_pro2,mix_d3e3580b6e30,assets/audio/study-stimuli/main-study/group_01/song_a_lead_me/mcg_pro2.wav,93,True,True,"Mix A vocals I dont like echo, is too calm, I prefer something stronger; Mix B instruments sound is good; Mix C vocals louder than instruments, I don't like that; Mix D instruments are way too loud compared to vocals; Mix E vocals is too loud compared to instruments but I like it for entertainment",2.9805308263561203,0.8594252384169624,-0.9263284806752846,0.048773555233824,optional_qc_sensitivity_predictor,True,,True,,True,93,"[""B""]",B,True,1,True,1.0
P022,group_01,group_01,P022__trial_05,5,5,EDR-1,EDR-1,3,EDR-1 - Enjoying Free Time,EDR-1,"You have some free time and no immediate responsibilities that require your attention. You are not feeling tired or worried, but you would like to enjoy your time rather than let it pass uneventfully. You decide to listen to music for entertainment, making your free time more enjoyable.",Enjoyment,lead_me,group_01_song_a_lead_me,1,Song A,Lead Me,C,3,lead_me_pxl_l4,mix_c7d9a071ba25,assets/audio/study-stimuli/main-study/group_01/song_a_lead_me/pxl_l4.wav,39,True,True,"Mix A vocals I dont like echo, is too calm, I prefer something stronger; Mix B instruments sound is good; Mix C vocals louder than instruments, I don't like that; Mix D instruments are way too loud compared to vocals; Mix E vocals is too loud compared to instruments but I like it for entertainment",-0.0552007785055364,-0.8412121981784734,0.8321106863211235,2.390299590706203,optional_qc_sensitivity_predictor,True,,True,,True,93,"[""B""]",B,True,1,False,3.0
P022,group_01,group_01,P022__trial_05,5,5,EDR-1,EDR-1,3,EDR-1 - Enjoying Free Time,EDR-1,"You have some free time and no immediate responsibilities that require your attention. You are not feeling tired or worried, but you would like to enjoy your time rather than let it pass uneventfully. You decide to listen to music for entertainment, making your free time more enjoyable.",Enjoyment,lead_me,group_01_song_a_lead_me,1,Song A,Lead Me,D,4,lead_me_du_d,mix_f1f7973e5bac,assets/audio/study-stimuli/main-study/group_01/song_a_lead_me/du_d.wav,27,True,True,"Mix A vocals I dont like echo, is too calm, I prefer something stronger; Mix B instruments sound is good; Mix C vocals louder than instruments, I don't like that; Mix D instruments are way too loud compared to vocals; Mix E vocals is too loud compared to instruments but I like it for entertainment",0.7402857811167308,-1.548717422055362,0.3280479404435016,-1.017146833506479,optional_qc_sensitivity_predictor,True,,True,,True,93,"[""B""]",B,True,1,False,4.0
P022,group_01,group_01,P022__trial_05,5,5,EDR-1,EDR-1,3,EDR-1 - Enjoying Free Time,EDR-1,"You have some free time and no immediate responsibilities that require your attention. You are not feeling tired or worried, but you would like to enjoy your time rather than let it pass uneventfully. You decide to listen to music for entertainment, making your free time more enjoyable.",Enjoyment,lead_me,group_01_song_a_lead_me,1,Song A,Lead Me,E,5,lead_me_du_e,mix_271852ba8676,assets/audio/study-stimuli/main-study/group_01/song_a_lead_me/du_e.wav,58,True,True,"Mix A vocals I dont like echo, is too calm, I prefer something stronger; Mix B instruments sound is good; Mix C vocals louder than instruments, I don't like that; Mix D instruments are way too loud compared to vocals; Mix E vocals is too loud compared to instruments but I like it for entertainment",-1.0250576971995913,0.5199952869185839,-0.8666083508697964,0.9959336464039888,optional_qc_sensitivity_predictor,True,,True,,True,93,"[""B""]",B,True,1,False,2.0
P022,group_01,group_01,P022__trial_06,6,6,EDR-1,EDR-1,3,EDR-1 - Enjoying Free Time,EDR-1,"You have some free time and no immediate responsibilities that require your attention. You are not feeling tired or worried, but you would like to enjoy your time rather than let it pass uneventfully. You decide to listen to music for entertainment, making your free time more enjoyable.",Enjoyment,id_like_to_know,group_01_song_b_id_like_to_know,2,Song B,I'd Like To Know,A,1,id_like_to_know_pxl_s3,mix_65f41f41d3ab,assets/audio/study-stimuli/main-study/group_01/song_b_id_like_to_know/pxl_s3.wav,38,True,True,Mix A is good but I prefer something with more power; Mix B drums are good; Mix C guitar too loud; Mix D music and vocals good; Mix E is well balanced but I prefer D and B,0.3234844364321996,-1.065060189455143,-1.1651773700507613,-0.0982478955990668,optional_qc_sensitivity_predictor,True,,True,,True,93,"[""B""]",B,True,1,False,4.0
P022,group_01,group_01,P022__trial_06,6,6,EDR-1,EDR-1,3,EDR-1 - Enjoying Free Time,EDR-1,"You have some free time and no immediate responsibilities that require your attention. You are not feeling tired or worried, but you would like to enjoy your time rather than let it pass uneventfully. You decide to listen to music for entertainment, making your free time more enjoyable.",Enjoyment,id_like_to_know,group_01_song_b_id_like_to_know,2,Song B,I'd Like To Know,B,2,id_like_to_know_pxl_s2,mix_6f8b655d7999,assets/audio/study-stimuli/main-study/group_01/song_b_id_like_to_know/pxl_s2.wav,93,True,True,Mix A is good but I prefer something with more power; Mix B drums are good; Mix C guitar too loud; Mix D music and vocals good; Mix E is well balanced but I prefer D and B,0.5329997864789321,-1.1874673519330532,-0.7637519766505488,0.5510366380169074,optional_qc_sensitivity_predictor,True,,True,,True,93,"[""B""]",B,True,1,True,1.0
P022,group_01,group_01,P022__trial_06,6,6,EDR-1,EDR-1,3,EDR-1 - Enjoying Free Time,EDR-1,"You have some free time and no immediate responsibilities that require your attention. You are not feeling tired or worried, but you would like to enjoy your time rather than let it pass uneventfully. You decide to listen to music for entertainment, making your free time more enjoyable.",Enjoyment,id_like_to_know,group_01_song_b_id_like_to_know,2,Song B,I'd Like To Know,C,3,id_like_to_know_pxl_s5,mix_82d60d7c7fc5,assets/audio/study-stimuli/main-study/group_01/song_b_id_like_to_know/pxl_s5.wav,28,True,True,Mix A is good but I prefer something with more power; Mix B drums are good; Mix C guitar too loud; Mix D music and vocals good; Mix E is well balanced but I prefer D and B,-0.3583378408524605,-0.1527662554529231,0.7972705919658362,1.6270752922517937,optional_qc_sensitivity_predictor,True,,True,,True,93,"[""B""]",B,True,1,False,5.0
P022,group_01,group_01,P022__trial_06,6,6,EDR-1,EDR-1,3,EDR-1 - Enjoying Free Time,EDR-1,"You have some free time and no immediate responsibilities that require your attention. You are not feeling tired or worried, but you would like to enjoy your time rather than let it pass uneventfully. You decide to listen to music for entertainment, making your free time more enjoyable.",Enjoyment,id_like_to_know,group_01_song_b_id_like_to_know,2,Song B,I'd Like To Know,D,4,id_like_to_know_pxl_s1,mix_9ffcd672af17,assets/audio/study-stimuli/main-study/group_01/song_b_id_like_to_know/pxl_s1.wav,80,True,True,Mix A is good but I prefer something with more power; Mix B drums are good; Mix C guitar too loud; Mix D music and vocals good; Mix E is well balanced but I prefer D and B,-0.5659114167269081,-0.579304038497624,-0.4851205015292653,1.357247686182373,optional_qc_sensitivity_predictor,True,,True,,True,93,"[""B""]",B,True,1,False,2.0
P022,group_01,group_01,P022__trial_06,6,6,EDR-1,EDR-1,3,EDR-1 - Enjoying Free Time,EDR-1,"You have some free time and no immediate responsibilities that require your attention. You are not feeling tired or worried, but you would like to enjoy your time rather than let it pass uneventfully. You decide to listen to music for entertainment, making your free time more enjoyable.",Enjoyment,id_like_to_know,group_01_song_b_id_like_to_know,2,Song B,I'd Like To Know,E,5,id_like_to_know_pxl_s7,mix_b393d3919c78,assets/audio/study-stimuli/main-study/group_01/song_b_id_like_to_know/pxl_s7.wav,50,True,True,Mix A is good but I prefer something with more power; Mix B drums are good; Mix C guitar too loud; Mix D music and vocals good; Mix E is well balanced but I prefer D and B,-0.867056238017743,-0.6188407399054331,-0.3229009373128245,-1.0515106991885117,optional_qc_sensitivity_predictor,True,,True,,True,93,"[""B""]",B,True,1,False,3.0
P023,group_02,group_02,P023__trial_01,1,1,FM-1,FM-1,1,FM-1 - Maintaining Engagement During an Activity,FM-1,"You are engaged in an activity that requires sustained mental or physical effort. As you continue, it becomes more difficult to stay engaged. You want to maintain your focus and motivation so that you can continue making steady progress toward completing the activity. You decide to listen to music while carrying on with the activity.",Focus-Motivation,pouring_room,group_02_song_b_pouring_room,1,Song B,Pouring Room,A,1,pouring_room_mcg_t,mix_be2ccd4c43ff,assets/audio/study-stimuli/main-study/group_02/song_b_pouring_room/mcg_t.wav,39,True,True,"Mix A instruments makes less focus than B, Mix C is my style. I don't find pleasant Mix D and Mix E is also good, sound is pleasant",-0.0814371595061495,1.1238301932737935,1.926895983278192,-0.8792578396079359,optional_qc_sensitivity_predictor,True,,True,,True,100,"[""C""]",C,True,1,False,4.0
P023,group_02,group_02,P023__trial_01,1,1,FM-1,FM-1,1,FM-1 - Maintaining Engagement During an Activity,FM-1,"You are engaged in an activity that requires sustained mental or physical effort. As you continue, it becomes more difficult to stay engaged. You want to maintain your focus and motivation so that you can continue making steady progress toward completing the activity. You decide to listen to music while carrying on with the activity.",Focus-Motivation,pouring_room,group_02_song_b_pouring_room,1,Song B,Pouring Room,B,2,pouring_room_mcg_r,mix_0ba76f420c1d,assets/audio/study-stimuli/main-study/group_02/song_b_pouring_room/mcg_r.wav,83,True,True,"Mix A instruments makes less focus than B, Mix C is my style. I don't find pleasant Mix D and Mix E is also good, sound is pleasant",0.2249858589620197,-0.521538265731174,0.8057256670690561,-1.2630720295337683,optional_qc_sensitivity_predictor,True,,True,,True,100,"[""C""]",C,True,1,False,2.0
P023,group_02,group_02,P023__trial_01,1,1,FM-1,FM-1,1,FM-1 - Maintaining Engagement During an Activity,FM-1,"You are engaged in an activity that requires sustained mental or physical effort. As you continue, it becomes more difficult to stay engaged. You want to maintain your focus and motivation so that you can continue making steady progress toward completing the activity. You decide to listen to music while carrying on with the activity.",Focus-Motivation,pouring_room,group_02_song_b_pouring_room,1,Song B,Pouring Room,C,3,pouring_room_mcg_x,mix_cbf8555ee2b2,assets/audio/study-stimuli/main-study/group_02/song_b_pouring_room/mcg_x.wav,100,True,True,"Mix A instruments makes less focus than B, Mix C is my style. I don't find pleasant Mix D and Mix E is also good, sound is pleasant",0.4494273963527286,0.780552768870155,0.8086566197405122,-0.4801297779726206,optional_qc_sensitivity_predictor,True,,True,,True,100,"[""C""]",C,True,1,True,1.0
P023,group_02,group_02,P023__trial_01,1,1,FM-1,FM-1,1,FM-1 - Maintaining Engagement During an Activity,FM-1,"You are engaged in an activity that requires sustained mental or physical effort. As you continue, it becomes more difficult to stay engaged. You want to maintain your focus and motivation so that you can continue making steady progress toward completing the activity. You decide to listen to music while carrying on with the activity.",Focus-Motivation,pouring_room,group_02_song_b_pouring_room,1,Song B,Pouring Room,D,4,pouring_room_mcg_v,mix_e08faaf8bbb3,assets/audio/study-stimuli/main-study/group_02/song_b_pouring_room/mcg_v.wav,13,True,True,"Mix A instruments makes less focus than B, Mix C is my style. I don't find pleasant Mix D and Mix E is also good, sound is pleasant",0.2009523983216312,1.112208706920678,-0.2814967551013548,-0.938440679331238,optional_qc_sensitivity_predictor,True,,True,,True,100,"[""C""]",C,True,1,False,5.0
P023,group_02,group_02,P023__trial_01,1,1,FM-1,FM-1,1,FM-1 - Maintaining Engagement During an Activity,FM-1,"You are engaged in an activity that requires sustained mental or physical effort. As you continue, it becomes more difficult to stay engaged. You want to maintain your focus and motivation so that you can continue making steady progress toward completing the activity. You decide to listen to music while carrying on with the activity.",Focus-Motivation,pouring_room,group_02_song_b_pouring_room,1,Song B,Pouring Room,E,5,pouring_room_mcg_pro1,mix_132e75f34470,assets/audio/study-stimuli/main-study/group_02/song_b_pouring_room/mcg_pro1.wav,74,True,True,"Mix A instruments makes less focus than B, Mix C is my style. I don't find pleasant Mix D and Mix E is also good, sound is pleasant",1.177821012274786,0.1366958746221527,-0.3534041622732912,-0.9473754159948484,optional_qc_sensitivity_predictor,True,,True,,True,100,"[""C""]",C,True,1,False,3.0
P023,group_02,group_02,P023__trial_02,2,2,FM-1,FM-1,1,FM-1 - Maintaining Engagement During an Activity,FM-1,"You are engaged in an activity that requires sustained mental or physical effort. As you continue, it becomes more difficult to stay engaged. You want to maintain your focus and motivation so that you can continue making steady progress toward completing the activity. You decide to listen to music while carrying on with the activity.",Focus-Motivation,in_the_meantime,group_02_song_a_in_the_meantime,2,Song A,In The Meantime,A,1,in_the_meantime_du_k,mix_56e65a3ce054,assets/audio/study-stimuli/main-study/group_02/song_a_in_the_meantime/du_k.wav,7,True,True,"Mix A music is weird and Mix E is too loud I cannot focus. Mix B sounds weird to me and Mix C drums are loud but i can focus, and Mix D is okay, sounds normal compared to the others, my favorite",-1.1193186569455127,1.7918041562064675,0.9713104079970216,0.4372547184671072,optional_qc_sensitivity_predictor,True,,True,,True,95,"[""D""]",D,True,1,False,5.0
P023,group_02,group_02,P023__trial_02,2,2,FM-1,FM-1,1,FM-1 - Maintaining Engagement During an Activity,FM-1,"You are engaged in an activity that requires sustained mental or physical effort. As you continue, it becomes more difficult to stay engaged. You want to maintain your focus and motivation so that you can continue making steady progress toward completing the activity. You decide to listen to music while carrying on with the activity.",Focus-Motivation,in_the_meantime,group_02_song_a_in_the_meantime,2,Song A,In The Meantime,B,2,in_the_meantime_qut_b,mix_c7bdcba64775,assets/audio/study-stimuli/main-study/group_02/song_a_in_the_meantime/qut_b.wav,17,True,True,"Mix A music is weird and Mix E is too loud I cannot focus. Mix B sounds weird to me and Mix C drums are loud but i can focus, and Mix D is okay, sounds normal compared to the others, my favorite",-0.6698107538710293,-0.1978340618743536,-1.5468197375217057,0.0908009789400507,optional_qc_sensitivity_predictor,True,,True,,True,95,"[""D""]",D,True,1,False,4.0
P023,group_02,group_02,P023__trial_02,2,2,FM-1,FM-1,1,FM-1 - Maintaining Engagement During an Activity,FM-1,"You are engaged in an activity that requires sustained mental or physical effort. As you continue, it becomes more difficult to stay engaged. You want to maintain your focus and motivation so that you can continue making steady progress toward completing the activity. You decide to listen to music while carrying on with the activity.",Focus-Motivation,in_the_meantime,group_02_song_a_in_the_meantime,2,Song A,In The Meantime,C,3,in_the_meantime_du_i,mix_9baa86357fd4,assets/audio/study-stimuli/main-study/group_02/song_a_in_the_meantime/du_i.wav,75,True,True,"Mix A music is weird and Mix E is too loud I cannot focus. Mix B sounds weird to me and Mix C drums are loud but i can focus, and Mix D is okay, sounds normal compared to the others, my favorite",-1.8990066727669184,1.9187185345499165,0.5415536857115313,-0.721703057329889,optional_qc_sensitivity_predictor,True,,True,,True,95,"[""D""]",D,True,1,False,2.0
P023,group_02,group_02,P023__trial_02,2,2,FM-1,FM-1,1,FM-1 - Maintaining Engagement During an Activity,FM-1,"You are engaged in an activity that requires sustained mental or physical effort. As you continue, it becomes more difficult to stay engaged. You want to maintain your focus and motivation so that you can continue making steady progress toward completing the activity. You decide to listen to music while carrying on with the activity.",Focus-Motivation,in_the_meantime,group_02_song_a_in_the_meantime,2,Song A,In The Meantime,D,4,in_the_meantime_du_h,mix_302f0efe8a80,assets/audio/study-stimuli/main-study/group_02/song_a_in_the_meantime/du_h.wav,95,True,True,"Mix A music is weird and Mix E is too loud I cannot focus. Mix B sounds weird to me and Mix C drums are loud but i can focus, and Mix D is okay, sounds normal compared to the others, my favorite",0.6887214233465396,0.2719152524959843,-0.8693704120952901,0.8234428342152216,optional_qc_sensitivity_predictor,True,,True,,True,95,"[""D""]",D,True,1,True,1.0
P023,group_02,group_02,P023__trial_02,2,2,FM-1,FM-1,1,FM-1 - Maintaining Engagement During an Activity,FM-1,"You are engaged in an activity that requires sustained mental or physical effort. As you continue, it becomes more difficult to stay engaged. You want to maintain your focus and motivation so that you can continue making steady progress toward completing the activity. You decide to listen to music while carrying on with the activity.",Focus-Motivation,in_the_meantime,group_02_song_a_in_the_meantime,2,Song A,In The Meantime,E,5,in_the_meantime_qut_pro,mix_cdaef40f2b94,assets/audio/study-stimuli/main-study/group_02/song_a_in_the_meantime/qut_pro.wav,25,True,True,"Mix A music is weird and Mix E is too loud I cannot focus. Mix B sounds weird to me and Mix C drums are loud but i can focus, and Mix D is okay, sounds normal compared to the others, my favorite",-0.6756280657690176,-1.4346341192827423,1.8511013279434223,-0.7325346788768815,optional_qc_sensitivity_predictor,True,,True,,True,95,"[""D""]",D,True,1,False,3.0
P023,group_02,group_02,P023__trial_03,3,3,EDR-1,EDR-1,2,EDR-1 - Enjoying Free Time,EDR-1,"You have some free time and no immediate responsibilities that require your attention. You are not feeling tired or worried, but you would like to enjoy your time rather than let it pass uneventfully. You decide to listen to music for entertainment, making your free time more enjoyable.",Enjoyment,in_the_meantime,group_02_song_a_in_the_meantime,1,Song A,In The Meantime,A,1,in_the_meantime_qut_b,mix_c7bdcba64775,assets/audio/study-stimuli/main-study/group_02/song_a_in_the_meantime/qut_b.wav,87,True,True,"I like Mix A and Mix B styles. Mix C is not my type, the same as Mix D. Mix E sounds like live music, I like it",-0.6698107538710293,-0.1978340618743536,-1.5468197375217057,0.0908009789400507,optional_qc_sensitivity_predictor,True,,True,,True,87,"[""A""]",A,True,1,True,1.0
P023,group_02,group_02,P023__trial_03,3,3,EDR-1,EDR-1,2,EDR-1 - Enjoying Free Time,EDR-1,"You have some free time and no immediate responsibilities that require your attention. You are not feeling tired or worried, but you would like to enjoy your time rather than let it pass uneventfully. You decide to listen to music for entertainment, making your free time more enjoyable.",Enjoyment,in_the_meantime,group_02_song_a_in_the_meantime,1,Song A,In The Meantime,B,2,in_the_meantime_du_h,mix_302f0efe8a80,assets/audio/study-stimuli/main-study/group_02/song_a_in_the_meantime/du_h.wav,79,True,True,"I like Mix A and Mix B styles. Mix C is not my type, the same as Mix D. Mix E sounds like live music, I like it",0.6887214233465396,0.2719152524959843,-0.8693704120952901,0.8234428342152216,optional_qc_sensitivity_predictor,True,,True,,True,87,"[""A""]",A,True,1,False,2.0
P023,group_02,group_02,P023__trial_03,3,3,EDR-1,EDR-1,2,EDR-1 - Enjoying Free Time,EDR-1,"You have some free time and no immediate responsibilities that require your attention. You are not feeling tired or worried, but you would like to enjoy your time rather than let it pass uneventfully. You decide to listen to music for entertainment, making your free time more enjoyable.",Enjoyment,in_the_meantime,group_02_song_a_in_the_meantime,1,Song A,In The Meantime,C,3,in_the_meantime_du_k,mix_56e65a3ce054,assets/audio/study-stimuli/main-study/group_02/song_a_in_the_meantime/du_k.wav,5,True,True,"I like Mix A and Mix B styles. Mix C is not my type, the same as Mix D. Mix E sounds like live music, I like it",-1.1193186569455127,1.7918041562064675,0.9713104079970216,0.4372547184671072,optional_qc_sensitivity_predictor,True,,True,,True,87,"[""A""]",A,True,1,False,5.0
P023,group_02,group_02,P023__trial_03,3,3,EDR-1,EDR-1,2,EDR-1 - Enjoying Free Time,EDR-1,"You have some free time and no immediate responsibilities that require your attention. You are not feeling tired or worried, but you would like to enjoy your time rather than let it pass uneventfully. You decide to listen to music for entertainment, making your free time more enjoyable.",Enjoyment,in_the_meantime,group_02_song_a_in_the_meantime,1,Song A,In The Meantime,D,4,in_the_meantime_qut_pro,mix_cdaef40f2b94,assets/audio/study-stimuli/main-study/group_02/song_a_in_the_meantime/qut_pro.wav,17,True,True,"I like Mix A and Mix B styles. Mix C is not my type, the same as Mix D. Mix E sounds like live music, I like it",-0.6756280657690176,-1.4346341192827423,1.8511013279434223,-0.7325346788768815,optional_qc_sensitivity_predictor,True,,True,,True,87,"[""A""]",A,True,1,False,4.0
P023,group_02,group_02,P023__trial_03,3,3,EDR-1,EDR-1,2,EDR-1 - Enjoying Free Time,EDR-1,"You have some free time and no immediate responsibilities that require your attention. You are not feeling tired or worried, but you would like to enjoy your time rather than let it pass uneventfully. You decide to listen to music for entertainment, making your free time more enjoyable.",Enjoyment,in_the_meantime,group_02_song_a_in_the_meantime,1,Song A,In The Meantime,E,5,in_the_meantime_du_i,mix_9baa86357fd4,assets/audio/study-stimuli/main-study/group_02/song_a_in_the_meantime/du_i.wav,61,True,True,"I like Mix A and Mix B styles. Mix C is not my type, the same as Mix D. Mix E sounds like live music, I like it",-1.8990066727669184,1.9187185345499165,0.5415536857115313,-0.721703057329889,optional_qc_sensitivity_predictor,True,,True,,True,87,"[""A""]",A,True,1,False,3.0
P023,group_02,group_02,P023__trial_04,4,4,EDR-1,EDR-1,2,EDR-1 - Enjoying Free Time,EDR-1,"You have some free time and no immediate responsibilities that require your attention. You are not feeling tired or worried, but you would like to enjoy your time rather than let it pass uneventfully. You decide to listen to music for entertainment, making your free time more enjoyable.",Enjoyment,pouring_room,group_02_song_b_pouring_room,2,Song B,Pouring Room,A,1,pouring_room_mcg_r,mix_0ba76f420c1d,assets/audio/study-stimuli/main-study/group_02/song_b_pouring_room/mcg_r.wav,75,True,True,"I don't like songs with too much echo for relaxing (Mix E and D). I prefer to hear the voice, like Mix A-C",0.2249858589620197,-0.521538265731174,0.8057256670690561,-1.2630720295337683,optional_qc_sensitivity_predictor,True,,True,,True,100,"[""C""]",C,True,1,False,3.0
P023,group_02,group_02,P023__trial_04,4,4,EDR-1,EDR-1,2,EDR-1 - Enjoying Free Time,EDR-1,"You have some free time and no immediate responsibilities that require your attention. You are not feeling tired or worried, but you would like to enjoy your time rather than let it pass uneventfully. You decide to listen to music for entertainment, making your free time more enjoyable.",Enjoyment,pouring_room,group_02_song_b_pouring_room,2,Song B,Pouring Room,B,2,pouring_room_mcg_pro1,mix_132e75f34470,assets/audio/study-stimuli/main-study/group_02/song_b_pouring_room/mcg_pro1.wav,91,True,True,"I don't like songs with too much echo for relaxing (Mix E and D). I prefer to hear the voice, like Mix A-C",1.177821012274786,0.1366958746221527,-0.3534041622732912,-0.9473754159948484,optional_qc_sensitivity_predictor,True,,True,,True,100,"[""C""]",C,True,1,False,2.0
P023,group_02,group_02,P023__trial_04,4,4,EDR-1,EDR-1,2,EDR-1 - Enjoying Free Time,EDR-1,"You have some free time and no immediate responsibilities that require your attention. You are not feeling tired or worried, but you would like to enjoy your time rather than let it pass uneventfully. You decide to listen to music for entertainment, making your free time more enjoyable.",Enjoyment,pouring_room,group_02_song_b_pouring_room,2,Song B,Pouring Room,C,3,pouring_room_mcg_v,mix_e08faaf8bbb3,assets/audio/study-stimuli/main-study/group_02/song_b_pouring_room/mcg_v.wav,100,True,True,"I don't like songs with too much echo for relaxing (Mix E and D). I prefer to hear the voice, like Mix A-C",0.2009523983216312,1.112208706920678,-0.2814967551013548,-0.938440679331238,optional_qc_sensitivity_predictor,True,,True,,True,100,"[""C""]",C,True,1,True,1.0
P023,group_02,group_02,P023__trial_04,4,4,EDR-1,EDR-1,2,EDR-1 - Enjoying Free Time,EDR-1,"You have some free time and no immediate responsibilities that require your attention. You are not feeling tired or worried, but you would like to enjoy your time rather than let it pass uneventfully. You decide to listen to music for entertainment, making your free time more enjoyable.",Enjoyment,pouring_room,group_02_song_b_pouring_room,2,Song B,Pouring Room,D,4,pouring_room_mcg_t,mix_be2ccd4c43ff,assets/audio/study-stimuli/main-study/group_02/song_b_pouring_room/mcg_t.wav,25,True,True,"I don't like songs with too much echo for relaxing (Mix E and D). I prefer to hear the voice, like Mix A-C",-0.0814371595061495,1.1238301932737935,1.926895983278192,-0.8792578396079359,optional_qc_sensitivity_predictor,True,,True,,True,100,"[""C""]",C,True,1,False,4.0
P023,group_02,group_02,P023__trial_04,4,4,EDR-1,EDR-1,2,EDR-1 - Enjoying Free Time,EDR-1,"You have some free time and no immediate responsibilities that require your attention. You are not feeling tired or worried, but you would like to enjoy your time rather than let it pass uneventfully. You decide to listen to music for entertainment, making your free time more enjoyable.",Enjoyment,pouring_room,group_02_song_b_pouring_room,2,Song B,Pouring Room,E,5,pouring_room_mcg_x,mix_cbf8555ee2b2,assets/audio/study-stimuli/main-study/group_02/song_b_pouring_room/mcg_x.wav,12,True,True,"I don't like songs with too much echo for relaxing (Mix E and D). I prefer to hear the voice, like Mix A-C",0.4494273963527286,0.780552768870155,0.8086566197405122,-0.4801297779726206,optional_qc_sensitivity_predictor,True,,True,,True,100,"[""C""]",C,True,1,False,5.0
P023,group_02,group_02,P023__trial_05,5,5,EDR-2,EDR-2,3,EDR-2 - Unwinding After a Demanding Period,EDR-2,"You have some time for yourself after a demanding period. Although a few everyday concerns are still on your mind, there is nothing that requires your attention right now. You would like to feel calmer and take your mind off these concerns for a while, so you decide to listen to music to help you unwind.",Relaxation-Distraction,pouring_room,group_02_song_b_pouring_room,1,Song B,Pouring Room,A,1,pouring_room_mcg_t,mix_be2ccd4c43ff,assets/audio/study-stimuli/main-study/group_02/song_b_pouring_room/mcg_t.wav,27,True,True,"Mix B, C, D vocals are clear and I like them. Mix E and Mix A vocals not that clear, I prefer the other ones.",-0.0814371595061495,1.1238301932737935,1.926895983278192,-0.8792578396079359,optional_qc_sensitivity_predictor,True,,True,,True,96,"[""D""]",D,True,1,False,4.0
P023,group_02,group_02,P023__trial_05,5,5,EDR-2,EDR-2,3,EDR-2 - Unwinding After a Demanding Period,EDR-2,"You have some time for yourself after a demanding period. Although a few everyday concerns are still on your mind, there is nothing that requires your attention right now. You would like to feel calmer and take your mind off these concerns for a while, so you decide to listen to music to help you unwind.",Relaxation-Distraction,pouring_room,group_02_song_b_pouring_room,1,Song B,Pouring Room,B,2,pouring_room_mcg_r,mix_0ba76f420c1d,assets/audio/study-stimuli/main-study/group_02/song_b_pouring_room/mcg_r.wav,77,True,True,"Mix B, C, D vocals are clear and I like them. Mix E and Mix A vocals not that clear, I prefer the other ones.",0.2249858589620197,-0.521538265731174,0.8057256670690561,-1.2630720295337683,optional_qc_sensitivity_predictor,True,,True,,True,96,"[""D""]",D,True,1,False,3.0
P023,group_02,group_02,P023__trial_05,5,5,EDR-2,EDR-2,3,EDR-2 - Unwinding After a Demanding Period,EDR-2,"You have some time for yourself after a demanding period. Although a few everyday concerns are still on your mind, there is nothing that requires your attention right now. You would like to feel calmer and take your mind off these concerns for a while, so you decide to listen to music to help you unwind.",Relaxation-Distraction,pouring_room,group_02_song_b_pouring_room,1,Song B,Pouring Room,C,3,pouring_room_mcg_v,mix_e08faaf8bbb3,assets/audio/study-stimuli/main-study/group_02/song_b_pouring_room/mcg_v.wav,89,True,True,"Mix B, C, D vocals are clear and I like them. Mix E and Mix A vocals not that clear, I prefer the other ones.",0.2009523983216312,1.112208706920678,-0.2814967551013548,-0.938440679331238,optional_qc_sensitivity_predictor,True,,True,,True,96,"[""D""]",D,True,1,False,2.0
P023,group_02,group_02,P023__trial_05,5,5,EDR-2,EDR-2,3,EDR-2 - Unwinding After a Demanding Period,EDR-2,"You have some time for yourself after a demanding period. Although a few everyday concerns are still on your mind, there is nothing that requires your attention right now. You would like to feel calmer and take your mind off these concerns for a while, so you decide to listen to music to help you unwind.",Relaxation-Distraction,pouring_room,group_02_song_b_pouring_room,1,Song B,Pouring Room,D,4,pouring_room_mcg_pro1,mix_132e75f34470,assets/audio/study-stimuli/main-study/group_02/song_b_pouring_room/mcg_pro1.wav,96,True,True,"Mix B, C, D vocals are clear and I like them. Mix E and Mix A vocals not that clear, I prefer the other ones.",1.177821012274786,0.1366958746221527,-0.3534041622732912,-0.9473754159948484,optional_qc_sensitivity_predictor,True,,True,,True,96,"[""D""]",D,True,1,True,1.0
P023,group_02,group_02,P023__trial_05,5,5,EDR-2,EDR-2,3,EDR-2 - Unwinding After a Demanding Period,EDR-2,"You have some time for yourself after a demanding period. Although a few everyday concerns are still on your mind, there is nothing that requires your attention right now. You would like to feel calmer and take your mind off these concerns for a while, so you decide to listen to music to help you unwind.",Relaxation-Distraction,pouring_room,group_02_song_b_pouring_room,1,Song B,Pouring Room,E,5,pouring_room_mcg_x,mix_cbf8555ee2b2,assets/audio/study-stimuli/main-study/group_02/song_b_pouring_room/mcg_x.wav,19,True,True,"Mix B, C, D vocals are clear and I like them. Mix E and Mix A vocals not that clear, I prefer the other ones.",0.4494273963527286,0.780552768870155,0.8086566197405122,-0.4801297779726206,optional_qc_sensitivity_predictor,True,,True,,True,96,"[""D""]",D,True,1,False,5.0
P023,group_02,group_02,P023__trial_06,6,6,EDR-2,EDR-2,3,EDR-2 - Unwinding After a Demanding Period,EDR-2,"You have some time for yourself after a demanding period. Although a few everyday concerns are still on your mind, there is nothing that requires your attention right now. You would like to feel calmer and take your mind off these concerns for a while, so you decide to listen to music to help you unwind.",Relaxation-Distraction,in_the_meantime,group_02_song_a_in_the_meantime,2,Song A,In The Meantime,A,1,in_the_meantime_qut_b,mix_c7bdcba64775,assets/audio/study-stimuli/main-study/group_02/song_a_in_the_meantime/qut_b.wav,94,True,True,"Mix C and A sound calm and I prefer those. Mix B,E,D too loud for me",-0.6698107538710293,-0.1978340618743536,-1.5468197375217057,0.0908009789400507,optional_qc_sensitivity_predictor,True,,True,,True,94,"[""A""]",A,True,1,True,1.0
P023,group_02,group_02,P023__trial_06,6,6,EDR-2,EDR-2,3,EDR-2 - Unwinding After a Demanding Period,EDR-2,"You have some time for yourself after a demanding period. Although a few everyday concerns are still on your mind, there is nothing that requires your attention right now. You would like to feel calmer and take your mind off these concerns for a while, so you decide to listen to music to help you unwind.",Relaxation-Distraction,in_the_meantime,group_02_song_a_in_the_meantime,2,Song A,In The Meantime,B,2,in_the_meantime_du_k,mix_56e65a3ce054,assets/audio/study-stimuli/main-study/group_02/song_a_in_the_meantime/du_k.wav,10,True,True,"Mix C and A sound calm and I prefer those. Mix B,E,D too loud for me",-1.1193186569455127,1.7918041562064675,0.9713104079970216,0.4372547184671072,optional_qc_sensitivity_predictor,True,,True,,True,94,"[""A""]",A,True,1,False,5.0
P023,group_02,group_02,P023__trial_06,6,6,EDR-2,EDR-2,3,EDR-2 - Unwinding After a Demanding Period,EDR-2,"You have some time for yourself after a demanding period. Although a few everyday concerns are still on your mind, there is nothing that requires your attention right now. You would like to feel calmer and take your mind off these concerns for a while, so you decide to listen to music to help you unwind.",Relaxation-Distraction,in_the_meantime,group_02_song_a_in_the_meantime,2,Song A,In The Meantime,C,3,in_the_meantime_du_h,mix_302f0efe8a80,assets/audio/study-stimuli/main-study/group_02/song_a_in_the_meantime/du_h.wav,80,True,True,"Mix C and A sound calm and I prefer those. Mix B,E,D too loud for me",0.6887214233465396,0.2719152524959843,-0.8693704120952901,0.8234428342152216,optional_qc_sensitivity_predictor,True,,True,,True,94,"[""A""]",A,True,1,False,2.0
P023,group_02,group_02,P023__trial_06,6,6,EDR-2,EDR-2,3,EDR-2 - Unwinding After a Demanding Period,EDR-2,"You have some time for yourself after a demanding period. Although a few everyday concerns are still on your mind, there is nothing that requires your attention right now. You would like to feel calmer and take your mind off these concerns for a while, so you decide to listen to music to help you unwind.",Relaxation-Distraction,in_the_meantime,group_02_song_a_in_the_meantime,2,Song A,In The Meantime,D,4,in_the_meantime_du_i,mix_9baa86357fd4,assets/audio/study-stimuli/main-study/group_02/song_a_in_the_meantime/du_i.wav,33,True,True,"Mix C and A sound calm and I prefer those. Mix B,E,D too loud for me",-1.8990066727669184,1.9187185345499165,0.5415536857115313,-0.721703057329889,optional_qc_sensitivity_predictor,True,,True,,True,94,"[""A""]",A,True,1,False,3.0
P023,group_02,group_02,P023__trial_06,6,6,EDR-2,EDR-2,3,EDR-2 - Unwinding After a Demanding Period,EDR-2,"You have some time for yourself after a demanding period. Although a few everyday concerns are still on your mind, there is nothing that requires your attention right now. You would like to feel calmer and take your mind off these concerns for a while, so you decide to listen to music to help you unwind.",Relaxation-Distraction,in_the_meantime,group_02_song_a_in_the_meantime,2,Song A,In The Meantime,E,5,in_the_meantime_qut_pro,mix_cdaef40f2b94,assets/audio/study-stimuli/main-study/group_02/song_a_in_the_meantime/qut_pro.wav,22,True,True,"Mix C and A sound calm and I prefer those. Mix B,E,D too loud for me",-0.6756280657690176,-1.4346341192827423,1.8511013279434223,-0.7325346788768815,optional_qc_sensitivity_predictor,True,,True,,True,94,"[""A""]",A,True,1,False,4.0
P024,group_01,group_01,P024__trial_01,1,1,FM-1,FM-1,1,FM-1 - Maintaining Engagement During an Activity,FM-1,"You are engaged in an activity that requires sustained mental or physical effort. As you continue, it becomes more difficult to stay engaged. You want to maintain your focus and motivation so that you can continue making steady progress toward completing the activity. You decide to listen to music while carrying on with the activity.",Focus-Motivation,id_like_to_know,group_01_song_b_id_like_to_know,1,Song B,I'd Like To Know,A,1,id_like_to_know_pxl_s7,mix_b393d3919c78,assets/audio/study-stimuli/main-study/group_01/song_b_id_like_to_know/pxl_s7.wav,30,True,True,"Mix D guitar is too loud. Mix A and C sounds similar to me, the instruments too loud. Mix B and E my favorites since i prefer focusing with relaxing songs",-0.867056238017743,-0.6188407399054331,-0.3229009373128245,-1.0515106991885117,optional_qc_sensitivity_predictor,True,,True,,True,86,"[""E""]",E,True,1,False,4.0
P024,group_01,group_01,P024__trial_01,1,1,FM-1,FM-1,1,FM-1 - Maintaining Engagement During an Activity,FM-1,"You are engaged in an activity that requires sustained mental or physical effort. As you continue, it becomes more difficult to stay engaged. You want to maintain your focus and motivation so that you can continue making steady progress toward completing the activity. You decide to listen to music while carrying on with the activity.",Focus-Motivation,id_like_to_know,group_01_song_b_id_like_to_know,1,Song B,I'd Like To Know,B,2,id_like_to_know_pxl_s3,mix_65f41f41d3ab,assets/audio/study-stimuli/main-study/group_01/song_b_id_like_to_know/pxl_s3.wav,77,True,True,"Mix D guitar is too loud. Mix A and C sounds similar to me, the instruments too loud. Mix B and E my favorites since i prefer focusing with relaxing songs",0.3234844364321996,-1.065060189455143,-1.1651773700507613,-0.0982478955990668,optional_qc_sensitivity_predictor,True,,True,,True,86,"[""E""]",E,True,1,False,2.0
P024,group_01,group_01,P024__trial_01,1,1,FM-1,FM-1,1,FM-1 - Maintaining Engagement During an Activity,FM-1,"You are engaged in an activity that requires sustained mental or physical effort. As you continue, it becomes more difficult to stay engaged. You want to maintain your focus and motivation so that you can continue making steady progress toward completing the activity. You decide to listen to music while carrying on with the activity.",Focus-Motivation,id_like_to_know,group_01_song_b_id_like_to_know,1,Song B,I'd Like To Know,C,3,id_like_to_know_pxl_s1,mix_9ffcd672af17,assets/audio/study-stimuli/main-study/group_01/song_b_id_like_to_know/pxl_s1.wav,43,True,True,"Mix D guitar is too loud. Mix A and C sounds similar to me, the instruments too loud. Mix B and E my favorites since i prefer focusing with relaxing songs",-0.5659114167269081,-0.579304038497624,-0.4851205015292653,1.357247686182373,optional_qc_sensitivity_predictor,True,,True,,True,86,"[""E""]",E,True,1,False,3.0
P024,group_01,group_01,P024__trial_01,1,1,FM-1,FM-1,1,FM-1 - Maintaining Engagement During an Activity,FM-1,"You are engaged in an activity that requires sustained mental or physical effort. As you continue, it becomes more difficult to stay engaged. You want to maintain your focus and motivation so that you can continue making steady progress toward completing the activity. You decide to listen to music while carrying on with the activity.",Focus-Motivation,id_like_to_know,group_01_song_b_id_like_to_know,1,Song B,I'd Like To Know,D,4,id_like_to_know_pxl_s5,mix_82d60d7c7fc5,assets/audio/study-stimuli/main-study/group_01/song_b_id_like_to_know/pxl_s5.wav,15,True,True,"Mix D guitar is too loud. Mix A and C sounds similar to me, the instruments too loud. Mix B and E my favorites since i prefer focusing with relaxing songs",-0.3583378408524605,-0.1527662554529231,0.7972705919658362,1.6270752922517937,optional_qc_sensitivity_predictor,True,,True,,True,86,"[""E""]",E,True,1,False,5.0
P024,group_01,group_01,P024__trial_01,1,1,FM-1,FM-1,1,FM-1 - Maintaining Engagement During an Activity,FM-1,"You are engaged in an activity that requires sustained mental or physical effort. As you continue, it becomes more difficult to stay engaged. You want to maintain your focus and motivation so that you can continue making steady progress toward completing the activity. You decide to listen to music while carrying on with the activity.",Focus-Motivation,id_like_to_know,group_01_song_b_id_like_to_know,1,Song B,I'd Like To Know,E,5,id_like_to_know_pxl_s2,mix_6f8b655d7999,assets/audio/study-stimuli/main-study/group_01/song_b_id_like_to_know/pxl_s2.wav,86,True,True,"Mix D guitar is too loud. Mix A and C sounds similar to me, the instruments too loud. Mix B and E my favorites since i prefer focusing with relaxing songs",0.5329997864789321,-1.1874673519330532,-0.7637519766505488,0.5510366380169074,optional_qc_sensitivity_predictor,True,,True,,True,86,"[""E""]",E,True,1,True,1.0
P024,group_01,group_01,P024__trial_02,2,2,FM-1,FM-1,1,FM-1 - Maintaining Engagement During an Activity,FM-1,"You are engaged in an activity that requires sustained mental or physical effort. As you continue, it becomes more difficult to stay engaged. You want to maintain your focus and motivation so that you can continue making steady progress toward completing the activity. You decide to listen to music while carrying on with the activity.",Focus-Motivation,lead_me,group_01_song_a_lead_me,2,Song A,Lead Me,A,1,lead_me_du_d,mix_f1f7973e5bac,assets/audio/study-stimuli/main-study/group_01/song_a_lead_me/du_d.wav,8,True,True,Mix B and A are not my type. Mix E echo is okay but i prefer other type. Mix D sounds interesting and mix C is my favorite. My ear likes the volumes,0.7402857811167308,-1.548717422055362,0.3280479404435016,-1.017146833506479,optional_qc_sensitivity_predictor,True,,True,,True,94,"[""C""]",C,True,1,False,4.0
P024,group_01,group_01,P024__trial_02,2,2,FM-1,FM-1,1,FM-1 - Maintaining Engagement During an Activity,FM-1,"You are engaged in an activity that requires sustained mental or physical effort. As you continue, it becomes more difficult to stay engaged. You want to maintain your focus and motivation so that you can continue making steady progress toward completing the activity. You decide to listen to music while carrying on with the activity.",Focus-Motivation,lead_me,group_01_song_a_lead_me,2,Song A,Lead Me,B,2,lead_me_du_e,mix_271852ba8676,assets/audio/study-stimuli/main-study/group_01/song_a_lead_me/du_e.wav,3,True,True,Mix B and A are not my type. Mix E echo is okay but i prefer other type. Mix D sounds interesting and mix C is my favorite. My ear likes the volumes,-1.0250576971995913,0.5199952869185839,-0.8666083508697964,0.9959336464039888,optional_qc_sensitivity_predictor,True,,True,,True,94,"[""C""]",C,True,1,False,5.0
P024,group_01,group_01,P024__trial_02,2,2,FM-1,FM-1,1,FM-1 - Maintaining Engagement During an Activity,FM-1,"You are engaged in an activity that requires sustained mental or physical effort. As you continue, it becomes more difficult to stay engaged. You want to maintain your focus and motivation so that you can continue making steady progress toward completing the activity. You decide to listen to music while carrying on with the activity.",Focus-Motivation,lead_me,group_01_song_a_lead_me,2,Song A,Lead Me,C,3,lead_me_mcg_pro2,mix_d3e3580b6e30,assets/audio/study-stimuli/main-study/group_01/song_a_lead_me/mcg_pro2.wav,94,True,True,Mix B and A are not my type. Mix E echo is okay but i prefer other type. Mix D sounds interesting and mix C is my favorite. My ear likes the volumes,2.9805308263561203,0.8594252384169624,-0.9263284806752846,0.048773555233824,optional_qc_sensitivity_predictor,True,,True,,True,94,"[""C""]",C,True,1,True,1.0
P024,group_01,group_01,P024__trial_02,2,2,FM-1,FM-1,1,FM-1 - Maintaining Engagement During an Activity,FM-1,"You are engaged in an activity that requires sustained mental or physical effort. As you continue, it becomes more difficult to stay engaged. You want to maintain your focus and motivation so that you can continue making steady progress toward completing the activity. You decide to listen to music while carrying on with the activity.",Focus-Motivation,lead_me,group_01_song_a_lead_me,2,Song A,Lead Me,D,4,lead_me_pxl_l4,mix_c7d9a071ba25,assets/audio/study-stimuli/main-study/group_01/song_a_lead_me/pxl_l4.wav,75,True,True,Mix B and A are not my type. Mix E echo is okay but i prefer other type. Mix D sounds interesting and mix C is my favorite. My ear likes the volumes,-0.0552007785055364,-0.8412121981784734,0.8321106863211235,2.390299590706203,optional_qc_sensitivity_predictor,True,,True,,True,94,"[""C""]",C,True,1,False,2.0
P024,group_01,group_01,P024__trial_02,2,2,FM-1,FM-1,1,FM-1 - Maintaining Engagement During an Activity,FM-1,"You are engaged in an activity that requires sustained mental or physical effort. As you continue, it becomes more difficult to stay engaged. You want to maintain your focus and motivation so that you can continue making steady progress toward completing the activity. You decide to listen to music while carrying on with the activity.",Focus-Motivation,lead_me,group_01_song_a_lead_me,2,Song A,Lead Me,E,5,lead_me_pxl_l1,mix_d5b28dfc8a93,assets/audio/study-stimuli/main-study/group_01/song_a_lead_me/pxl_l1.wav,50,True,True,Mix B and A are not my type. Mix E echo is okay but i prefer other type. Mix D sounds interesting and mix C is my favorite. My ear likes the volumes,-0.0024436394808062,-0.3677713699084406,-1.2816942263900757,-0.1924460334762285,optional_qc_sensitivity_predictor,True,,True,,True,94,"[""C""]",C,True,1,False,3.0
P024,group_01,group_01,P024__trial_03,3,3,EDR-1,EDR-1,2,EDR-1 - Enjoying Free Time,EDR-1,"You have some free time and no immediate responsibilities that require your attention. You are not feeling tired or worried, but you would like to enjoy your time rather than let it pass uneventfully. You decide to listen to music for entertainment, making your free time more enjoyable.",Enjoyment,id_like_to_know,group_01_song_b_id_like_to_know,1,Song B,I'd Like To Know,A,1,id_like_to_know_pxl_s3,mix_65f41f41d3ab,assets/audio/study-stimuli/main-study/group_01/song_b_id_like_to_know/pxl_s3.wav,94,True,True,"mix C and E instruments are noisier than vocals which i dont like, si I prefer mix A and mix D since they sound more balanced. Mix B instruments are still louder but not that much like mix C and E",0.3234844364321996,-1.065060189455143,-1.1651773700507613,-0.0982478955990668,optional_qc_sensitivity_predictor,True,,True,,True,94,"[""A""]",A,True,1,True,1.0
P024,group_01,group_01,P024__trial_03,3,3,EDR-1,EDR-1,2,EDR-1 - Enjoying Free Time,EDR-1,"You have some free time and no immediate responsibilities that require your attention. You are not feeling tired or worried, but you would like to enjoy your time rather than let it pass uneventfully. You decide to listen to music for entertainment, making your free time more enjoyable.",Enjoyment,id_like_to_know,group_01_song_b_id_like_to_know,1,Song B,I'd Like To Know,B,2,id_like_to_know_pxl_s2,mix_6f8b655d7999,assets/audio/study-stimuli/main-study/group_01/song_b_id_like_to_know/pxl_s2.wav,60,True,True,"mix C and E instruments are noisier than vocals which i dont like, si I prefer mix A and mix D since they sound more balanced. Mix B instruments are still louder but not that much like mix C and E",0.5329997864789321,-1.1874673519330532,-0.7637519766505488,0.5510366380169074,optional_qc_sensitivity_predictor,True,,True,,True,94,"[""A""]",A,True,1,False,3.0
P024,group_01,group_01,P024__trial_03,3,3,EDR-1,EDR-1,2,EDR-1 - Enjoying Free Time,EDR-1,"You have some free time and no immediate responsibilities that require your attention. You are not feeling tired or worried, but you would like to enjoy your time rather than let it pass uneventfully. You decide to listen to music for entertainment, making your free time more enjoyable.",Enjoyment,id_like_to_know,group_01_song_b_id_like_to_know,1,Song B,I'd Like To Know,C,3,id_like_to_know_pxl_s5,mix_82d60d7c7fc5,assets/audio/study-stimuli/main-study/group_01/song_b_id_like_to_know/pxl_s5.wav,6,True,True,"mix C and E instruments are noisier than vocals which i dont like, si I prefer mix A and mix D since they sound more balanced. Mix B instruments are still louder but not that much like mix C and E",-0.3583378408524605,-0.1527662554529231,0.7972705919658362,1.6270752922517937,optional_qc_sensitivity_predictor,True,,True,,True,94,"[""A""]",A,True,1,False,5.0
P024,group_01,group_01,P024__trial_03,3,3,EDR-1,EDR-1,2,EDR-1 - Enjoying Free Time,EDR-1,"You have some free time and no immediate responsibilities that require your attention. You are not feeling tired or worried, but you would like to enjoy your time rather than let it pass uneventfully. You decide to listen to music for entertainment, making your free time more enjoyable.",Enjoyment,id_like_to_know,group_01_song_b_id_like_to_know,1,Song B,I'd Like To Know,D,4,id_like_to_know_pxl_s7,mix_b393d3919c78,assets/audio/study-stimuli/main-study/group_01/song_b_id_like_to_know/pxl_s7.wav,78,True,True,"mix C and E instruments are noisier than vocals which i dont like, si I prefer mix A and mix D since they sound more balanced. Mix B instruments are still louder but not that much like mix C and E",-0.867056238017743,-0.6188407399054331,-0.3229009373128245,-1.0515106991885117,optional_qc_sensitivity_predictor,True,,True,,True,94,"[""A""]",A,True,1,False,2.0
P024,group_01,group_01,P024__trial_03,3,3,EDR-1,EDR-1,2,EDR-1 - Enjoying Free Time,EDR-1,"You have some free time and no immediate responsibilities that require your attention. You are not feeling tired or worried, but you would like to enjoy your time rather than let it pass uneventfully. You decide to listen to music for entertainment, making your free time more enjoyable.",Enjoyment,id_like_to_know,group_01_song_b_id_like_to_know,1,Song B,I'd Like To Know,E,5,id_like_to_know_pxl_s1,mix_9ffcd672af17,assets/audio/study-stimuli/main-study/group_01/song_b_id_like_to_know/pxl_s1.wav,13,True,True,"mix C and E instruments are noisier than vocals which i dont like, si I prefer mix A and mix D since they sound more balanced. Mix B instruments are still louder but not that much like mix C and E",-0.5659114167269081,-0.579304038497624,-0.4851205015292653,1.357247686182373,optional_qc_sensitivity_predictor,True,,True,,True,94,"[""A""]",A,True,1,False,4.0
P024,group_01,group_01,P024__trial_04,4,4,EDR-1,EDR-1,2,EDR-1 - Enjoying Free Time,EDR-1,"You have some free time and no immediate responsibilities that require your attention. You are not feeling tired or worried, but you would like to enjoy your time rather than let it pass uneventfully. You decide to listen to music for entertainment, making your free time more enjoyable.",Enjoyment,lead_me,group_01_song_a_lead_me,2,Song A,Lead Me,A,1,lead_me_mcg_pro2,mix_d3e3580b6e30,assets/audio/study-stimuli/main-study/group_01/song_a_lead_me/mcg_pro2.wav,92,True,True,Mix D voice is way too loud. Mix B echo is not my favorite. Mix E is just okay. Mix C is good but too bright for me. Mix A sounds better for me,2.9805308263561203,0.8594252384169624,-0.9263284806752846,0.048773555233824,optional_qc_sensitivity_predictor,True,,True,,True,92,"[""A""]",A,True,1,True,1.0
P024,group_01,group_01,P024__trial_04,4,4,EDR-1,EDR-1,2,EDR-1 - Enjoying Free Time,EDR-1,"You have some free time and no immediate responsibilities that require your attention. You are not feeling tired or worried, but you would like to enjoy your time rather than let it pass uneventfully. You decide to listen to music for entertainment, making your free time more enjoyable.",Enjoyment,lead_me,group_01_song_a_lead_me,2,Song A,Lead Me,B,2,lead_me_du_d,mix_f1f7973e5bac,assets/audio/study-stimuli/main-study/group_01/song_a_lead_me/du_d.wav,7,True,True,Mix D voice is way too loud. Mix B echo is not my favorite. Mix E is just okay. Mix C is good but too bright for me. Mix A sounds better for me,0.7402857811167308,-1.548717422055362,0.3280479404435016,-1.017146833506479,optional_qc_sensitivity_predictor,True,,True,,True,92,"[""A""]",A,True,1,False,4.0
P024,group_01,group_01,P024__trial_04,4,4,EDR-1,EDR-1,2,EDR-1 - Enjoying Free Time,EDR-1,"You have some free time and no immediate responsibilities that require your attention. You are not feeling tired or worried, but you would like to enjoy your time rather than let it pass uneventfully. You decide to listen to music for entertainment, making your free time more enjoyable.",Enjoyment,lead_me,group_01_song_a_lead_me,2,Song A,Lead Me,C,3,lead_me_pxl_l1,mix_d5b28dfc8a93,assets/audio/study-stimuli/main-study/group_01/song_a_lead_me/pxl_l1.wav,72,True,True,Mix D voice is way too loud. Mix B echo is not my favorite. Mix E is just okay. Mix C is good but too bright for me. Mix A sounds better for me,-0.0024436394808062,-0.3677713699084406,-1.2816942263900757,-0.1924460334762285,optional_qc_sensitivity_predictor,True,,True,,True,92,"[""A""]",A,True,1,False,2.0
P024,group_01,group_01,P024__trial_04,4,4,EDR-1,EDR-1,2,EDR-1 - Enjoying Free Time,EDR-1,"You have some free time and no immediate responsibilities that require your attention. You are not feeling tired or worried, but you would like to enjoy your time rather than let it pass uneventfully. You decide to listen to music for entertainment, making your free time more enjoyable.",Enjoyment,lead_me,group_01_song_a_lead_me,2,Song A,Lead Me,D,4,lead_me_du_e,mix_271852ba8676,assets/audio/study-stimuli/main-study/group_01/song_a_lead_me/du_e.wav,0,True,True,Mix D voice is way too loud. Mix B echo is not my favorite. Mix E is just okay. Mix C is good but too bright for me. Mix A sounds better for me,-1.0250576971995913,0.5199952869185839,-0.8666083508697964,0.9959336464039888,optional_qc_sensitivity_predictor,True,,True,,True,92,"[""A""]",A,True,1,False,5.0
P024,group_01,group_01,P024__trial_04,4,4,EDR-1,EDR-1,2,EDR-1 - Enjoying Free Time,EDR-1,"You have some free time and no immediate responsibilities that require your attention. You are not feeling tired or worried, but you would like to enjoy your time rather than let it pass uneventfully. You decide to listen to music for entertainment, making your free time more enjoyable.",Enjoyment,lead_me,group_01_song_a_lead_me,2,Song A,Lead Me,E,5,lead_me_pxl_l4,mix_c7d9a071ba25,assets/audio/study-stimuli/main-study/group_01/song_a_lead_me/pxl_l4.wav,35,True,True,Mix D voice is way too loud. Mix B echo is not my favorite. Mix E is just okay. Mix C is good but too bright for me. Mix A sounds better for me,-0.0552007785055364,-0.8412121981784734,0.8321106863211235,2.390299590706203,optional_qc_sensitivity_predictor,True,,True,,True,92,"[""A""]",A,True,1,False,3.0
P024,group_01,group_01,P024__trial_05,5,5,EDR-2,EDR-2,3,EDR-2 - Unwinding After a Demanding Period,EDR-2,"You have some time for yourself after a demanding period. Although a few everyday concerns are still on your mind, there is nothing that requires your attention right now. You would like to feel calmer and take your mind off these concerns for a while, so you decide to listen to music to help you unwind.",Relaxation-Distraction,id_like_to_know,group_01_song_b_id_like_to_know,1,Song B,I'd Like To Know,A,1,id_like_to_know_pxl_s3,mix_65f41f41d3ab,assets/audio/study-stimuli/main-study/group_01/song_b_id_like_to_know/pxl_s3.wav,100,True,True,"Mix E is okay but instruments doesnt relax me. Mix D instruments are relaxing. Mix A much better, I like the music. Mix B balance also good but Mix A is better. Mix C doesn't relax me at all",0.3234844364321996,-1.065060189455143,-1.1651773700507613,-0.0982478955990668,optional_qc_sensitivity_predictor,True,,True,,True,100,"[""A""]",A,True,1,True,1.0
P024,group_01,group_01,P024__trial_05,5,5,EDR-2,EDR-2,3,EDR-2 - Unwinding After a Demanding Period,EDR-2,"You have some time for yourself after a demanding period. Although a few everyday concerns are still on your mind, there is nothing that requires your attention right now. You would like to feel calmer and take your mind off these concerns for a while, so you decide to listen to music to help you unwind.",Relaxation-Distraction,id_like_to_know,group_01_song_b_id_like_to_know,1,Song B,I'd Like To Know,B,2,id_like_to_know_pxl_s2,mix_6f8b655d7999,assets/audio/study-stimuli/main-study/group_01/song_b_id_like_to_know/pxl_s2.wav,87,True,True,"Mix E is okay but instruments doesnt relax me. Mix D instruments are relaxing. Mix A much better, I like the music. Mix B balance also good but Mix A is better. Mix C doesn't relax me at all",0.5329997864789321,-1.1874673519330532,-0.7637519766505488,0.5510366380169074,optional_qc_sensitivity_predictor,True,,True,,True,100,"[""A""]",A,True,1,False,2.0
P024,group_01,group_01,P024__trial_05,5,5,EDR-2,EDR-2,3,EDR-2 - Unwinding After a Demanding Period,EDR-2,"You have some time for yourself after a demanding period. Although a few everyday concerns are still on your mind, there is nothing that requires your attention right now. You would like to feel calmer and take your mind off these concerns for a while, so you decide to listen to music to help you unwind.",Relaxation-Distraction,id_like_to_know,group_01_song_b_id_like_to_know,1,Song B,I'd Like To Know,C,3,id_like_to_know_pxl_s1,mix_9ffcd672af17,assets/audio/study-stimuli/main-study/group_01/song_b_id_like_to_know/pxl_s1.wav,0,True,True,"Mix E is okay but instruments doesnt relax me. Mix D instruments are relaxing. Mix A much better, I like the music. Mix B balance also good but Mix A is better. Mix C doesn't relax me at all",-0.5659114167269081,-0.579304038497624,-0.4851205015292653,1.357247686182373,optional_qc_sensitivity_predictor,True,,True,,True,100,"[""A""]",A,True,1,False,5.0
P024,group_01,group_01,P024__trial_05,5,5,EDR-2,EDR-2,3,EDR-2 - Unwinding After a Demanding Period,EDR-2,"You have some time for yourself after a demanding period. Although a few everyday concerns are still on your mind, there is nothing that requires your attention right now. You would like to feel calmer and take your mind off these concerns for a while, so you decide to listen to music to help you unwind.",Relaxation-Distraction,id_like_to_know,group_01_song_b_id_like_to_know,1,Song B,I'd Like To Know,D,4,id_like_to_know_pxl_s5,mix_82d60d7c7fc5,assets/audio/study-stimuli/main-study/group_01/song_b_id_like_to_know/pxl_s5.wav,63,True,True,"Mix E is okay but instruments doesnt relax me. Mix D instruments are relaxing. Mix A much better, I like the music. Mix B balance also good but Mix A is better. Mix C doesn't relax me at all",-0.3583378408524605,-0.1527662554529231,0.7972705919658362,1.6270752922517937,optional_qc_sensitivity_predictor,True,,True,,True,100,"[""A""]",A,True,1,False,3.0
P024,group_01,group_01,P024__trial_05,5,5,EDR-2,EDR-2,3,EDR-2 - Unwinding After a Demanding Period,EDR-2,"You have some time for yourself after a demanding period. Although a few everyday concerns are still on your mind, there is nothing that requires your attention right now. You would like to feel calmer and take your mind off these concerns for a while, so you decide to listen to music to help you unwind.",Relaxation-Distraction,id_like_to_know,group_01_song_b_id_like_to_know,1,Song B,I'd Like To Know,E,5,id_like_to_know_pxl_s7,mix_b393d3919c78,assets/audio/study-stimuli/main-study/group_01/song_b_id_like_to_know/pxl_s7.wav,15,True,True,"Mix E is okay but instruments doesnt relax me. Mix D instruments are relaxing. Mix A much better, I like the music. Mix B balance also good but Mix A is better. Mix C doesn't relax me at all",-0.867056238017743,-0.6188407399054331,-0.3229009373128245,-1.0515106991885117,optional_qc_sensitivity_predictor,True,,True,,True,100,"[""A""]",A,True,1,False,4.0
P024,group_01,group_01,P024__trial_06,6,6,EDR-2,EDR-2,3,EDR-2 - Unwinding After a Demanding Period,EDR-2,"You have some time for yourself after a demanding period. Although a few everyday concerns are still on your mind, there is nothing that requires your attention right now. You would like to feel calmer and take your mind off these concerns for a while, so you decide to listen to music to help you unwind.",Relaxation-Distraction,lead_me,group_01_song_a_lead_me,2,Song A,Lead Me,A,1,lead_me_mcg_pro2,mix_d3e3580b6e30,assets/audio/study-stimuli/main-study/group_01/song_a_lead_me/mcg_pro2.wav,100,True,True,"Mix A makes me more calm than others. MIx B,D,E very similar...Mix C voice is very loud",2.9805308263561203,0.8594252384169624,-0.9263284806752846,0.048773555233824,optional_qc_sensitivity_predictor,True,,True,,True,100,"[""A""]",A,True,1,True,1.0
P024,group_01,group_01,P024__trial_06,6,6,EDR-2,EDR-2,3,EDR-2 - Unwinding After a Demanding Period,EDR-2,"You have some time for yourself after a demanding period. Although a few everyday concerns are still on your mind, there is nothing that requires your attention right now. You would like to feel calmer and take your mind off these concerns for a while, so you decide to listen to music to help you unwind.",Relaxation-Distraction,lead_me,group_01_song_a_lead_me,2,Song A,Lead Me,B,2,lead_me_pxl_l4,mix_c7d9a071ba25,assets/audio/study-stimuli/main-study/group_01/song_a_lead_me/pxl_l4.wav,66,True,True,"Mix A makes me more calm than others. MIx B,D,E very similar...Mix C voice is very loud",-0.0552007785055364,-0.8412121981784734,0.8321106863211235,2.390299590706203,optional_qc_sensitivity_predictor,True,,True,,True,100,"[""A""]",A,True,1,False,4.0
P024,group_01,group_01,P024__trial_06,6,6,EDR-2,EDR-2,3,EDR-2 - Unwinding After a Demanding Period,EDR-2,"You have some time for yourself after a demanding period. Although a few everyday concerns are still on your mind, there is nothing that requires your attention right now. You would like to feel calmer and take your mind off these concerns for a while, so you decide to listen to music to help you unwind.",Relaxation-Distraction,lead_me,group_01_song_a_lead_me,2,Song A,Lead Me,C,3,lead_me_du_e,mix_271852ba8676,assets/audio/study-stimuli/main-study/group_01/song_a_lead_me/du_e.wav,0,True,True,"Mix A makes me more calm than others. MIx B,D,E very similar...Mix C voice is very loud",-1.0250576971995913,0.5199952869185839,-0.8666083508697964,0.9959336464039888,optional_qc_sensitivity_predictor,True,,True,,True,100,"[""A""]",A,True,1,False,5.0
P024,group_01,group_01,P024__trial_06,6,6,EDR-2,EDR-2,3,EDR-2 - Unwinding After a Demanding Period,EDR-2,"You have some time for yourself after a demanding period. Although a few everyday concerns are still on your mind, there is nothing that requires your attention right now. You would like to feel calmer and take your mind off these concerns for a while, so you decide to listen to music to help you unwind.",Relaxation-Distraction,lead_me,group_01_song_a_lead_me,2,Song A,Lead Me,D,4,lead_me_du_d,mix_f1f7973e5bac,assets/audio/study-stimuli/main-study/group_01/song_a_lead_me/du_d.wav,86,True,True,"Mix A makes me more calm than others. MIx B,D,E very similar...Mix C voice is very loud",0.7402857811167308,-1.548717422055362,0.3280479404435016,-1.017146833506479,optional_qc_sensitivity_predictor,True,,True,,True,100,"[""A""]",A,True,1,False,2.0
P024,group_01,group_01,P024__trial_06,6,6,EDR-2,EDR-2,3,EDR-2 - Unwinding After a Demanding Period,EDR-2,"You have some time for yourself after a demanding period. Although a few everyday concerns are still on your mind, there is nothing that requires your attention right now. You would like to feel calmer and take your mind off these concerns for a while, so you decide to listen to music to help you unwind.",Relaxation-Distraction,lead_me,group_01_song_a_lead_me,2,Song A,Lead Me,E,5,lead_me_pxl_l1,mix_d5b28dfc8a93,assets/audio/study-stimuli/main-study/group_01/song_a_lead_me/pxl_l1.wav,75,True,True,"Mix A makes me more calm than others. MIx B,D,E very similar...Mix C voice is very loud",-0.0024436394808062,-0.3677713699084406,-1.2816942263900757,-0.1924460334762285,optional_qc_sensitivity_predictor,True,,True,,True,100,"[""A""]",A,True,1,False,3.0
P025,group_01,group_01,P025__trial_01,1,1,EDR-1,EDR-1,1,EDR-1 - Enjoying Free Time,EDR-1,"You have some free time and no immediate responsibilities that require your attention. You are not feeling tired or worried, but you would like to enjoy your time rather than let it pass uneventfully. You decide to listen to music for entertainment, making your free time more enjoyable.",Enjoyment,id_like_to_know,group_01_song_b_id_like_to_know,1,Song B,I'd Like To Know,A,1,id_like_to_know_pxl_s7,mix_b393d3919c78,assets/audio/study-stimuli/main-study/group_01/song_b_id_like_to_know/pxl_s7.wav,27,True,True,"Mix D guitar i dont like it, Mix A is just okay, Mix B balance i like it and Mix C and E sounds better for me, I like the warmer sounds",-0.867056238017743,-0.6188407399054331,-0.3229009373128245,-1.0515106991885117,optional_qc_sensitivity_predictor,True,,True,,True,96,"[""E""]",E,True,1,False,4.0
P025,group_01,group_01,P025__trial_01,1,1,EDR-1,EDR-1,1,EDR-1 - Enjoying Free Time,EDR-1,"You have some free time and no immediate responsibilities that require your attention. You are not feeling tired or worried, but you would like to enjoy your time rather than let it pass uneventfully. You decide to listen to music for entertainment, making your free time more enjoyable.",Enjoyment,id_like_to_know,group_01_song_b_id_like_to_know,1,Song B,I'd Like To Know,B,2,id_like_to_know_pxl_s2,mix_6f8b655d7999,assets/audio/study-stimuli/main-study/group_01/song_b_id_like_to_know/pxl_s2.wav,73,True,True,"Mix D guitar i dont like it, Mix A is just okay, Mix B balance i like it and Mix C and E sounds better for me, I like the warmer sounds",0.5329997864789321,-1.1874673519330532,-0.7637519766505488,0.5510366380169074,optional_qc_sensitivity_predictor,True,,True,,True,96,"[""E""]",E,True,1,False,3.0
P025,group_01,group_01,P025__trial_01,1,1,EDR-1,EDR-1,1,EDR-1 - Enjoying Free Time,EDR-1,"You have some free time and no immediate responsibilities that require your attention. You are not feeling tired or worried, but you would like to enjoy your time rather than let it pass uneventfully. You decide to listen to music for entertainment, making your free time more enjoyable.",Enjoyment,id_like_to_know,group_01_song_b_id_like_to_know,1,Song B,I'd Like To Know,C,3,id_like_to_know_pxl_s5,mix_82d60d7c7fc5,assets/audio/study-stimuli/main-study/group_01/song_b_id_like_to_know/pxl_s5.wav,86,True,True,"Mix D guitar i dont like it, Mix A is just okay, Mix B balance i like it and Mix C and E sounds better for me, I like the warmer sounds",-0.3583378408524605,-0.1527662554529231,0.7972705919658362,1.6270752922517937,optional_qc_sensitivity_predictor,True,,True,,True,96,"[""E""]",E,True,1,False,2.0
P025,group_01,group_01,P025__trial_01,1,1,EDR-1,EDR-1,1,EDR-1 - Enjoying Free Time,EDR-1,"You have some free time and no immediate responsibilities that require your attention. You are not feeling tired or worried, but you would like to enjoy your time rather than let it pass uneventfully. You decide to listen to music for entertainment, making your free time more enjoyable.",Enjoyment,id_like_to_know,group_01_song_b_id_like_to_know,1,Song B,I'd Like To Know,D,4,id_like_to_know_pxl_s1,mix_9ffcd672af17,assets/audio/study-stimuli/main-study/group_01/song_b_id_like_to_know/pxl_s1.wav,13,True,True,"Mix D guitar i dont like it, Mix A is just okay, Mix B balance i like it and Mix C and E sounds better for me, I like the warmer sounds",-0.5659114167269081,-0.579304038497624,-0.4851205015292653,1.357247686182373,optional_qc_sensitivity_predictor,True,,True,,True,96,"[""E""]",E,True,1,False,5.0
P025,group_01,group_01,P025__trial_01,1,1,EDR-1,EDR-1,1,EDR-1 - Enjoying Free Time,EDR-1,"You have some free time and no immediate responsibilities that require your attention. You are not feeling tired or worried, but you would like to enjoy your time rather than let it pass uneventfully. You decide to listen to music for entertainment, making your free time more enjoyable.",Enjoyment,id_like_to_know,group_01_song_b_id_like_to_know,1,Song B,I'd Like To Know,E,5,id_like_to_know_pxl_s3,mix_65f41f41d3ab,assets/audio/study-stimuli/main-study/group_01/song_b_id_like_to_know/pxl_s3.wav,96,True,True,"Mix D guitar i dont like it, Mix A is just okay, Mix B balance i like it and Mix C and E sounds better for me, I like the warmer sounds",0.3234844364321996,-1.065060189455143,-1.1651773700507613,-0.0982478955990668,optional_qc_sensitivity_predictor,True,,True,,True,96,"[""E""]",E,True,1,True,1.0
P025,group_01,group_01,P025__trial_02,2,2,EDR-1,EDR-1,1,EDR-1 - Enjoying Free Time,EDR-1,"You have some free time and no immediate responsibilities that require your attention. You are not feeling tired or worried, but you would like to enjoy your time rather than let it pass uneventfully. You decide to listen to music for entertainment, making your free time more enjoyable.",Enjoyment,lead_me,group_01_song_a_lead_me,2,Song A,Lead Me,A,1,lead_me_pxl_l4,mix_c7d9a071ba25,assets/audio/study-stimuli/main-study/group_01/song_a_lead_me/pxl_l4.wav,6,True,True,"Mix A i don't like the echo of vocals, Mix B instruments volume is my taste, Mix C vocals are very loud i cant hear instruments; Mix D sounds weird for me, very deep; Mix E also sounds weird, low volume and far",-0.0552007785055364,-0.8412121981784734,0.8321106863211235,2.390299590706203,optional_qc_sensitivity_predictor,True,,True,,True,89,"[""B""]",B,True,1,False,4.0
P025,group_01,group_01,P025__trial_02,2,2,EDR-1,EDR-1,1,EDR-1 - Enjoying Free Time,EDR-1,"You have some free time and no immediate responsibilities that require your attention. You are not feeling tired or worried, but you would like to enjoy your time rather than let it pass uneventfully. You decide to listen to music for entertainment, making your free time more enjoyable.",Enjoyment,lead_me,group_01_song_a_lead_me,2,Song A,Lead Me,B,2,lead_me_mcg_pro2,mix_d3e3580b6e30,assets/audio/study-stimuli/main-study/group_01/song_a_lead_me/mcg_pro2.wav,89,True,True,"Mix A i don't like the echo of vocals, Mix B instruments volume is my taste, Mix C vocals are very loud i cant hear instruments; Mix D sounds weird for me, very deep; Mix E also sounds weird, low volume and far",2.9805308263561203,0.8594252384169624,-0.9263284806752846,0.048773555233824,optional_qc_sensitivity_predictor,True,,True,,True,89,"[""B""]",B,True,1,True,1.0
P025,group_01,group_01,P025__trial_02,2,2,EDR-1,EDR-1,1,EDR-1 - Enjoying Free Time,EDR-1,"You have some free time and no immediate responsibilities that require your attention. You are not feeling tired or worried, but you would like to enjoy your time rather than let it pass uneventfully. You decide to listen to music for entertainment, making your free time more enjoyable.",Enjoyment,lead_me,group_01_song_a_lead_me,2,Song A,Lead Me,C,3,lead_me_du_e,mix_271852ba8676,assets/audio/study-stimuli/main-study/group_01/song_a_lead_me/du_e.wav,0,True,True,"Mix A i don't like the echo of vocals, Mix B instruments volume is my taste, Mix C vocals are very loud i cant hear instruments; Mix D sounds weird for me, very deep; Mix E also sounds weird, low volume and far",-1.0250576971995913,0.5199952869185839,-0.8666083508697964,0.9959336464039888,optional_qc_sensitivity_predictor,True,,True,,True,89,"[""B""]",B,True,1,False,5.0
P025,group_01,group_01,P025__trial_02,2,2,EDR-1,EDR-1,1,EDR-1 - Enjoying Free Time,EDR-1,"You have some free time and no immediate responsibilities that require your attention. You are not feeling tired or worried, but you would like to enjoy your time rather than let it pass uneventfully. You decide to listen to music for entertainment, making your free time more enjoyable.",Enjoyment,lead_me,group_01_song_a_lead_me,2,Song A,Lead Me,D,4,lead_me_du_d,mix_f1f7973e5bac,assets/audio/study-stimuli/main-study/group_01/song_a_lead_me/du_d.wav,30,True,True,"Mix A i don't like the echo of vocals, Mix B instruments volume is my taste, Mix C vocals are very loud i cant hear instruments; Mix D sounds weird for me, very deep; Mix E also sounds weird, low volume and far",0.7402857811167308,-1.548717422055362,0.3280479404435016,-1.017146833506479,optional_qc_sensitivity_predictor,True,,True,,True,89,"[""B""]",B,True,1,False,2.0
P025,group_01,group_01,P025__trial_02,2,2,EDR-1,EDR-1,1,EDR-1 - Enjoying Free Time,EDR-1,"You have some free time and no immediate responsibilities that require your attention. You are not feeling tired or worried, but you would like to enjoy your time rather than let it pass uneventfully. You decide to listen to music for entertainment, making your free time more enjoyable.",Enjoyment,lead_me,group_01_song_a_lead_me,2,Song A,Lead Me,E,5,lead_me_pxl_l1,mix_d5b28dfc8a93,assets/audio/study-stimuli/main-study/group_01/song_a_lead_me/pxl_l1.wav,21,True,True,"Mix A i don't like the echo of vocals, Mix B instruments volume is my taste, Mix C vocals are very loud i cant hear instruments; Mix D sounds weird for me, very deep; Mix E also sounds weird, low volume and far",-0.0024436394808062,-0.3677713699084406,-1.2816942263900757,-0.1924460334762285,optional_qc_sensitivity_predictor,True,,True,,True,89,"[""B""]",B,True,1,False,3.0
P025,group_01,group_01,P025__trial_03,3,3,FM-1,FM-1,2,FM-1 - Maintaining Engagement During an Activity,FM-1,"You are engaged in an activity that requires sustained mental or physical effort. As you continue, it becomes more difficult to stay engaged. You want to maintain your focus and motivation so that you can continue making steady progress toward completing the activity. You decide to listen to music while carrying on with the activity.",Focus-Motivation,id_like_to_know,group_01_song_b_id_like_to_know,1,Song B,I'd Like To Know,A,1,id_like_to_know_pxl_s3,mix_65f41f41d3ab,assets/audio/study-stimuli/main-study/group_01/song_b_id_like_to_know/pxl_s3.wav,94,True,True,"Mix A,D.E sound more balanced and I prefer that, while Mix B and C sound less balanced between vocals and instruments in my opinion",0.3234844364321996,-1.065060189455143,-1.1651773700507613,-0.0982478955990668,optional_qc_sensitivity_predictor,True,,True,,True,94,"[""A""]",A,True,1,True,1.0
P025,group_01,group_01,P025__trial_03,3,3,FM-1,FM-1,2,FM-1 - Maintaining Engagement During an Activity,FM-1,"You are engaged in an activity that requires sustained mental or physical effort. As you continue, it becomes more difficult to stay engaged. You want to maintain your focus and motivation so that you can continue making steady progress toward completing the activity. You decide to listen to music while carrying on with the activity.",Focus-Motivation,id_like_to_know,group_01_song_b_id_like_to_know,1,Song B,I'd Like To Know,B,2,id_like_to_know_pxl_s1,mix_9ffcd672af17,assets/audio/study-stimuli/main-study/group_01/song_b_id_like_to_know/pxl_s1.wav,7,True,True,"Mix A,D.E sound more balanced and I prefer that, while Mix B and C sound less balanced between vocals and instruments in my opinion",-0.5659114167269081,-0.579304038497624,-0.4851205015292653,1.357247686182373,optional_qc_sensitivity_predictor,True,,True,,True,94,"[""A""]",A,True,1,False,5.0
P025,group_01,group_01,P025__trial_03,3,3,FM-1,FM-1,2,FM-1 - Maintaining Engagement During an Activity,FM-1,"You are engaged in an activity that requires sustained mental or physical effort. As you continue, it becomes more difficult to stay engaged. You want to maintain your focus and motivation so that you can continue making steady progress toward completing the activity. You decide to listen to music while carrying on with the activity.",Focus-Motivation,id_like_to_know,group_01_song_b_id_like_to_know,1,Song B,I'd Like To Know,C,3,id_like_to_know_pxl_s5,mix_82d60d7c7fc5,assets/audio/study-stimuli/main-study/group_01/song_b_id_like_to_know/pxl_s5.wav,19,True,True,"Mix A,D.E sound more balanced and I prefer that, while Mix B and C sound less balanced between vocals and instruments in my opinion",-0.3583378408524605,-0.1527662554529231,0.7972705919658362,1.6270752922517937,optional_qc_sensitivity_predictor,True,,True,,True,94,"[""A""]",A,True,1,False,4.0
P025,group_01,group_01,P025__trial_03,3,3,FM-1,FM-1,2,FM-1 - Maintaining Engagement During an Activity,FM-1,"You are engaged in an activity that requires sustained mental or physical effort. As you continue, it becomes more difficult to stay engaged. You want to maintain your focus and motivation so that you can continue making steady progress toward completing the activity. You decide to listen to music while carrying on with the activity.",Focus-Motivation,id_like_to_know,group_01_song_b_id_like_to_know,1,Song B,I'd Like To Know,D,4,id_like_to_know_pxl_s2,mix_6f8b655d7999,assets/audio/study-stimuli/main-study/group_01/song_b_id_like_to_know/pxl_s2.wav,76,True,True,"Mix A,D.E sound more balanced and I prefer that, while Mix B and C sound less balanced between vocals and instruments in my opinion",0.5329997864789321,-1.1874673519330532,-0.7637519766505488,0.5510366380169074,optional_qc_sensitivity_predictor,True,,True,,True,94,"[""A""]",A,True,1,False,2.0
P025,group_01,group_01,P025__trial_03,3,3,FM-1,FM-1,2,FM-1 - Maintaining Engagement During an Activity,FM-1,"You are engaged in an activity that requires sustained mental or physical effort. As you continue, it becomes more difficult to stay engaged. You want to maintain your focus and motivation so that you can continue making steady progress toward completing the activity. You decide to listen to music while carrying on with the activity.",Focus-Motivation,id_like_to_know,group_01_song_b_id_like_to_know,1,Song B,I'd Like To Know,E,5,id_like_to_know_pxl_s7,mix_b393d3919c78,assets/audio/study-stimuli/main-study/group_01/song_b_id_like_to_know/pxl_s7.wav,64,True,True,"Mix A,D.E sound more balanced and I prefer that, while Mix B and C sound less balanced between vocals and instruments in my opinion",-0.867056238017743,-0.6188407399054331,-0.3229009373128245,-1.0515106991885117,optional_qc_sensitivity_predictor,True,,True,,True,94,"[""A""]",A,True,1,False,3.0
P025,group_01,group_01,P025__trial_04,4,4,FM-1,FM-1,2,FM-1 - Maintaining Engagement During an Activity,FM-1,"You are engaged in an activity that requires sustained mental or physical effort. As you continue, it becomes more difficult to stay engaged. You want to maintain your focus and motivation so that you can continue making steady progress toward completing the activity. You decide to listen to music while carrying on with the activity.",Focus-Motivation,lead_me,group_01_song_a_lead_me,2,Song A,Lead Me,A,1,lead_me_du_e,mix_271852ba8676,assets/audio/study-stimuli/main-study/group_01/song_a_lead_me/du_e.wav,13,True,True,"Mix A voice is very loud i cant hear instruments well, Mix B is very calmed I can't focus, Mix C is better more balanced, Mix D also okay but i prefer without echo, Mix E too deep for me",-1.0250576971995913,0.5199952869185839,-0.8666083508697964,0.9959336464039888,optional_qc_sensitivity_predictor,True,,True,,True,85,"[""C""]",C,True,1,False,5.0
P025,group_01,group_01,P025__trial_04,4,4,FM-1,FM-1,2,FM-1 - Maintaining Engagement During an Activity,FM-1,"You are engaged in an activity that requires sustained mental or physical effort. As you continue, it becomes more difficult to stay engaged. You want to maintain your focus and motivation so that you can continue making steady progress toward completing the activity. You decide to listen to music while carrying on with the activity.",Focus-Motivation,lead_me,group_01_song_a_lead_me,2,Song A,Lead Me,B,2,lead_me_pxl_l1,mix_d5b28dfc8a93,assets/audio/study-stimuli/main-study/group_01/song_a_lead_me/pxl_l1.wav,29,True,True,"Mix A voice is very loud i cant hear instruments well, Mix B is very calmed I can't focus, Mix C is better more balanced, Mix D also okay but i prefer without echo, Mix E too deep for me",-0.0024436394808062,-0.3677713699084406,-1.2816942263900757,-0.1924460334762285,optional_qc_sensitivity_predictor,True,,True,,True,85,"[""C""]",C,True,1,False,4.0
P025,group_01,group_01,P025__trial_04,4,4,FM-1,FM-1,2,FM-1 - Maintaining Engagement During an Activity,FM-1,"You are engaged in an activity that requires sustained mental or physical effort. As you continue, it becomes more difficult to stay engaged. You want to maintain your focus and motivation so that you can continue making steady progress toward completing the activity. You decide to listen to music while carrying on with the activity.",Focus-Motivation,lead_me,group_01_song_a_lead_me,2,Song A,Lead Me,C,3,lead_me_mcg_pro2,mix_d3e3580b6e30,assets/audio/study-stimuli/main-study/group_01/song_a_lead_me/mcg_pro2.wav,85,True,True,"Mix A voice is very loud i cant hear instruments well, Mix B is very calmed I can't focus, Mix C is better more balanced, Mix D also okay but i prefer without echo, Mix E too deep for me",2.9805308263561203,0.8594252384169624,-0.9263284806752846,0.048773555233824,optional_qc_sensitivity_predictor,True,,True,,True,85,"[""C""]",C,True,1,True,1.0
P025,group_01,group_01,P025__trial_04,4,4,FM-1,FM-1,2,FM-1 - Maintaining Engagement During an Activity,FM-1,"You are engaged in an activity that requires sustained mental or physical effort. As you continue, it becomes more difficult to stay engaged. You want to maintain your focus and motivation so that you can continue making steady progress toward completing the activity. You decide to listen to music while carrying on with the activity.",Focus-Motivation,lead_me,group_01_song_a_lead_me,2,Song A,Lead Me,D,4,lead_me_pxl_l4,mix_c7d9a071ba25,assets/audio/study-stimuli/main-study/group_01/song_a_lead_me/pxl_l4.wav,55,True,True,"Mix A voice is very loud i cant hear instruments well, Mix B is very calmed I can't focus, Mix C is better more balanced, Mix D also okay but i prefer without echo, Mix E too deep for me",-0.0552007785055364,-0.8412121981784734,0.8321106863211235,2.390299590706203,optional_qc_sensitivity_predictor,True,,True,,True,85,"[""C""]",C,True,1,False,2.0
P025,group_01,group_01,P025__trial_04,4,4,FM-1,FM-1,2,FM-1 - Maintaining Engagement During an Activity,FM-1,"You are engaged in an activity that requires sustained mental or physical effort. As you continue, it becomes more difficult to stay engaged. You want to maintain your focus and motivation so that you can continue making steady progress toward completing the activity. You decide to listen to music while carrying on with the activity.",Focus-Motivation,lead_me,group_01_song_a_lead_me,2,Song A,Lead Me,E,5,lead_me_du_d,mix_f1f7973e5bac,assets/audio/study-stimuli/main-study/group_01/song_a_lead_me/du_d.wav,46,True,True,"Mix A voice is very loud i cant hear instruments well, Mix B is very calmed I can't focus, Mix C is better more balanced, Mix D also okay but i prefer without echo, Mix E too deep for me",0.7402857811167308,-1.548717422055362,0.3280479404435016,-1.017146833506479,optional_qc_sensitivity_predictor,True,,True,,True,85,"[""C""]",C,True,1,False,3.0
P025,group_01,group_01,P025__trial_05,5,5,EDR-2,EDR-2,3,EDR-2 - Unwinding After a Demanding Period,EDR-2,"You have some time for yourself after a demanding period. Although a few everyday concerns are still on your mind, there is nothing that requires your attention right now. You would like to feel calmer and take your mind off these concerns for a while, so you decide to listen to music to help you unwind.",Relaxation-Distraction,lead_me,group_01_song_a_lead_me,1,Song A,Lead Me,A,1,lead_me_du_e,mix_271852ba8676,assets/audio/study-stimuli/main-study/group_01/song_a_lead_me/du_e.wav,16,True,True,"Mix A vocals too loud, Mix B and C, D very calm I like them, Mix E is good but i sounds far ",-1.0250576971995913,0.5199952869185839,-0.8666083508697964,0.9959336464039888,optional_qc_sensitivity_predictor,True,,True,,True,98,"[""C""]",C,True,1,False,5.0
P025,group_01,group_01,P025__trial_05,5,5,EDR-2,EDR-2,3,EDR-2 - Unwinding After a Demanding Period,EDR-2,"You have some time for yourself after a demanding period. Although a few everyday concerns are still on your mind, there is nothing that requires your attention right now. You would like to feel calmer and take your mind off these concerns for a while, so you decide to listen to music to help you unwind.",Relaxation-Distraction,lead_me,group_01_song_a_lead_me,1,Song A,Lead Me,B,2,lead_me_pxl_l4,mix_c7d9a071ba25,assets/audio/study-stimuli/main-study/group_01/song_a_lead_me/pxl_l4.wav,75,True,True,"Mix A vocals too loud, Mix B and C, D very calm I like them, Mix E is good but i sounds far ",-0.0552007785055364,-0.8412121981784734,0.8321106863211235,2.390299590706203,optional_qc_sensitivity_predictor,True,,True,,True,98,"[""C""]",C,True,1,False,3.0
P025,group_01,group_01,P025__trial_05,5,5,EDR-2,EDR-2,3,EDR-2 - Unwinding After a Demanding Period,EDR-2,"You have some time for yourself after a demanding period. Although a few everyday concerns are still on your mind, there is nothing that requires your attention right now. You would like to feel calmer and take your mind off these concerns for a while, so you decide to listen to music to help you unwind.",Relaxation-Distraction,lead_me,group_01_song_a_lead_me,1,Song A,Lead Me,C,3,lead_me_du_d,mix_f1f7973e5bac,assets/audio/study-stimuli/main-study/group_01/song_a_lead_me/du_d.wav,98,True,True,"Mix A vocals too loud, Mix B and C, D very calm I like them, Mix E is good but i sounds far ",0.7402857811167308,-1.548717422055362,0.3280479404435016,-1.017146833506479,optional_qc_sensitivity_predictor,True,,True,,True,98,"[""C""]",C,True,1,True,1.0
P025,group_01,group_01,P025__trial_05,5,5,EDR-2,EDR-2,3,EDR-2 - Unwinding After a Demanding Period,EDR-2,"You have some time for yourself after a demanding period. Although a few everyday concerns are still on your mind, there is nothing that requires your attention right now. You would like to feel calmer and take your mind off these concerns for a while, so you decide to listen to music to help you unwind.",Relaxation-Distraction,lead_me,group_01_song_a_lead_me,1,Song A,Lead Me,D,4,lead_me_mcg_pro2,mix_d3e3580b6e30,assets/audio/study-stimuli/main-study/group_01/song_a_lead_me/mcg_pro2.wav,88,True,True,"Mix A vocals too loud, Mix B and C, D very calm I like them, Mix E is good but i sounds far ",2.9805308263561203,0.8594252384169624,-0.9263284806752846,0.048773555233824,optional_qc_sensitivity_predictor,True,,True,,True,98,"[""C""]",C,True,1,False,2.0
P025,group_01,group_01,P025__trial_05,5,5,EDR-2,EDR-2,3,EDR-2 - Unwinding After a Demanding Period,EDR-2,"You have some time for yourself after a demanding period. Although a few everyday concerns are still on your mind, there is nothing that requires your attention right now. You would like to feel calmer and take your mind off these concerns for a while, so you decide to listen to music to help you unwind.",Relaxation-Distraction,lead_me,group_01_song_a_lead_me,1,Song A,Lead Me,E,5,lead_me_pxl_l1,mix_d5b28dfc8a93,assets/audio/study-stimuli/main-study/group_01/song_a_lead_me/pxl_l1.wav,49,True,True,"Mix A vocals too loud, Mix B and C, D very calm I like them, Mix E is good but i sounds far ",-0.0024436394808062,-0.3677713699084406,-1.2816942263900757,-0.1924460334762285,optional_qc_sensitivity_predictor,True,,True,,True,98,"[""C""]",C,True,1,False,4.0
P025,group_01,group_01,P025__trial_06,6,6,EDR-2,EDR-2,3,EDR-2 - Unwinding After a Demanding Period,EDR-2,"You have some time for yourself after a demanding period. Although a few everyday concerns are still on your mind, there is nothing that requires your attention right now. You would like to feel calmer and take your mind off these concerns for a while, so you decide to listen to music to help you unwind.",Relaxation-Distraction,id_like_to_know,group_01_song_b_id_like_to_know,2,Song B,I'd Like To Know,A,1,id_like_to_know_pxl_s3,mix_65f41f41d3ab,assets/audio/study-stimuli/main-study/group_01/song_b_id_like_to_know/pxl_s3.wav,90,True,True,"Mix C,D,E are too bright for me, I prefer Mix A and B since they sound warmer for me",0.3234844364321996,-1.065060189455143,-1.1651773700507613,-0.0982478955990668,optional_qc_sensitivity_predictor,True,,True,,True,100,"[""B""]",B,True,1,False,2.0
P025,group_01,group_01,P025__trial_06,6,6,EDR-2,EDR-2,3,EDR-2 - Unwinding After a Demanding Period,EDR-2,"You have some time for yourself after a demanding period. Although a few everyday concerns are still on your mind, there is nothing that requires your attention right now. You would like to feel calmer and take your mind off these concerns for a while, so you decide to listen to music to help you unwind.",Relaxation-Distraction,id_like_to_know,group_01_song_b_id_like_to_know,2,Song B,I'd Like To Know,B,2,id_like_to_know_pxl_s2,mix_6f8b655d7999,assets/audio/study-stimuli/main-study/group_01/song_b_id_like_to_know/pxl_s2.wav,100,True,True,"Mix C,D,E are too bright for me, I prefer Mix A and B since they sound warmer for me",0.5329997864789321,-1.1874673519330532,-0.7637519766505488,0.5510366380169074,optional_qc_sensitivity_predictor,True,,True,,True,100,"[""B""]",B,True,1,True,1.0
P025,group_01,group_01,P025__trial_06,6,6,EDR-2,EDR-2,3,EDR-2 - Unwinding After a Demanding Period,EDR-2,"You have some time for yourself after a demanding period. Although a few everyday concerns are still on your mind, there is nothing that requires your attention right now. You would like to feel calmer and take your mind off these concerns for a while, so you decide to listen to music to help you unwind.",Relaxation-Distraction,id_like_to_know,group_01_song_b_id_like_to_know,2,Song B,I'd Like To Know,C,3,id_like_to_know_pxl_s1,mix_9ffcd672af17,assets/audio/study-stimuli/main-study/group_01/song_b_id_like_to_know/pxl_s1.wav,10,True,True,"Mix C,D,E are too bright for me, I prefer Mix A and B since they sound warmer for me",-0.5659114167269081,-0.579304038497624,-0.4851205015292653,1.357247686182373,optional_qc_sensitivity_predictor,True,,True,,True,100,"[""B""]",B,True,1,False,5.0
P025,group_01,group_01,P025__trial_06,6,6,EDR-2,EDR-2,3,EDR-2 - Unwinding After a Demanding Period,EDR-2,"You have some time for yourself after a demanding period. Although a few everyday concerns are still on your mind, there is nothing that requires your attention right now. You would like to feel calmer and take your mind off these concerns for a while, so you decide to listen to music to help you unwind.",Relaxation-Distraction,id_like_to_know,group_01_song_b_id_like_to_know,2,Song B,I'd Like To Know,D,4,id_like_to_know_pxl_s5,mix_82d60d7c7fc5,assets/audio/study-stimuli/main-study/group_01/song_b_id_like_to_know/pxl_s5.wav,24,True,True,"Mix C,D,E are too bright for me, I prefer Mix A and B since they sound warmer for me",-0.3583378408524605,-0.1527662554529231,0.7972705919658362,1.6270752922517937,optional_qc_sensitivity_predictor,True,,True,,True,100,"[""B""]",B,True,1,False,4.0
P025,group_01,group_01,P025__trial_06,6,6,EDR-2,EDR-2,3,EDR-2 - Unwinding After a Demanding Period,EDR-2,"You have some time for yourself after a demanding period. Although a few everyday concerns are still on your mind, there is nothing that requires your attention right now. You would like to feel calmer and take your mind off these concerns for a while, so you decide to listen to music to help you unwind.",Relaxation-Distraction,id_like_to_know,group_01_song_b_id_like_to_know,2,Song B,I'd Like To Know,E,5,id_like_to_know_pxl_s7,mix_b393d3919c78,assets/audio/study-stimuli/main-study/group_01/song_b_id_like_to_know/pxl_s7.wav,37,True,True,"Mix C,D,E are too bright for me, I prefer Mix A and B since they sound warmer for me",-0.867056238017743,-0.6188407399054331,-0.3229009373128245,-1.0515106991885117,optional_qc_sensitivity_predictor,True,,True,,True,100,"[""B""]",B,True,1,False,3.0
P026,group_02,group_02,P026__trial_01,1,1,EDR-2,EDR-2,1,EDR-2 - Unwinding After a Demanding Period,EDR-2,"You have some time for yourself after a demanding period. Although a few everyday concerns are still on your mind, there is nothing that requires your attention right now. You would like to feel calmer and take your mind off these concerns for a while, so you decide to listen to music to help you unwind.",Relaxation-Distraction,in_the_meantime,group_02_song_a_in_the_meantime,1,Song A,In The Meantime,A,1,in_the_meantime_du_i,mix_9baa86357fd4,assets/audio/study-stimuli/main-study/group_02/song_a_in_the_meantime/du_i.wav,20,True,True,I prefer avoiding explosive sounds and prioritize harmony,-1.8990066727669184,1.9187185345499165,0.5415536857115313,-0.721703057329889,optional_qc_sensitivity_predictor,True,,True,,True,85,"[""C""]",C,True,1,False,5.0
P026,group_02,group_02,P026__trial_01,1,1,EDR-2,EDR-2,1,EDR-2 - Unwinding After a Demanding Period,EDR-2,"You have some time for yourself after a demanding period. Although a few everyday concerns are still on your mind, there is nothing that requires your attention right now. You would like to feel calmer and take your mind off these concerns for a while, so you decide to listen to music to help you unwind.",Relaxation-Distraction,in_the_meantime,group_02_song_a_in_the_meantime,1,Song A,In The Meantime,B,2,in_the_meantime_du_k,mix_56e65a3ce054,assets/audio/study-stimuli/main-study/group_02/song_a_in_the_meantime/du_k.wav,35,True,True,I prefer avoiding explosive sounds and prioritize harmony,-1.1193186569455127,1.7918041562064675,0.9713104079970216,0.4372547184671072,optional_qc_sensitivity_predictor,True,,True,,True,85,"[""C""]",C,True,1,False,3.0
P026,group_02,group_02,P026__trial_01,1,1,EDR-2,EDR-2,1,EDR-2 - Unwinding After a Demanding Period,EDR-2,"You have some time for yourself after a demanding period. Although a few everyday concerns are still on your mind, there is nothing that requires your attention right now. You would like to feel calmer and take your mind off these concerns for a while, so you decide to listen to music to help you unwind.",Relaxation-Distraction,in_the_meantime,group_02_song_a_in_the_meantime,1,Song A,In The Meantime,C,3,in_the_meantime_du_h,mix_302f0efe8a80,assets/audio/study-stimuli/main-study/group_02/song_a_in_the_meantime/du_h.wav,85,True,True,I prefer avoiding explosive sounds and prioritize harmony,0.6887214233465396,0.2719152524959843,-0.8693704120952901,0.8234428342152216,optional_qc_sensitivity_predictor,True,,True,,True,85,"[""C""]",C,True,1,True,1.0
P026,group_02,group_02,P026__trial_01,1,1,EDR-2,EDR-2,1,EDR-2 - Unwinding After a Demanding Period,EDR-2,"You have some time for yourself after a demanding period. Although a few everyday concerns are still on your mind, there is nothing that requires your attention right now. You would like to feel calmer and take your mind off these concerns for a while, so you decide to listen to music to help you unwind.",Relaxation-Distraction,in_the_meantime,group_02_song_a_in_the_meantime,1,Song A,In The Meantime,D,4,in_the_meantime_qut_pro,mix_cdaef40f2b94,assets/audio/study-stimuli/main-study/group_02/song_a_in_the_meantime/qut_pro.wav,28,True,True,I prefer avoiding explosive sounds and prioritize harmony,-0.6756280657690176,-1.4346341192827423,1.8511013279434223,-0.7325346788768815,optional_qc_sensitivity_predictor,True,,True,,True,85,"[""C""]",C,True,1,False,4.0
P026,group_02,group_02,P026__trial_01,1,1,EDR-2,EDR-2,1,EDR-2 - Unwinding After a Demanding Period,EDR-2,"You have some time for yourself after a demanding period. Although a few everyday concerns are still on your mind, there is nothing that requires your attention right now. You would like to feel calmer and take your mind off these concerns for a while, so you decide to listen to music to help you unwind.",Relaxation-Distraction,in_the_meantime,group_02_song_a_in_the_meantime,1,Song A,In The Meantime,E,5,in_the_meantime_qut_b,mix_c7bdcba64775,assets/audio/study-stimuli/main-study/group_02/song_a_in_the_meantime/qut_b.wav,74,True,True,I prefer avoiding explosive sounds and prioritize harmony,-0.6698107538710293,-0.1978340618743536,-1.5468197375217057,0.0908009789400507,optional_qc_sensitivity_predictor,True,,True,,True,85,"[""C""]",C,True,1,False,2.0
P026,group_02,group_02,P026__trial_02,2,2,EDR-2,EDR-2,1,EDR-2 - Unwinding After a Demanding Period,EDR-2,"You have some time for yourself after a demanding period. Although a few everyday concerns are still on your mind, there is nothing that requires your attention right now. You would like to feel calmer and take your mind off these concerns for a while, so you decide to listen to music to help you unwind.",Relaxation-Distraction,pouring_room,group_02_song_b_pouring_room,2,Song B,Pouring Room,A,1,pouring_room_mcg_r,mix_0ba76f420c1d,assets/audio/study-stimuli/main-study/group_02/song_b_pouring_room/mcg_r.wav,84,True,True,The guitar sounds pretty clear and calming in the top options ,0.2249858589620197,-0.521538265731174,0.8057256670690561,-1.2630720295337683,optional_qc_sensitivity_predictor,True,,True,,True,91,"[""B""]",B,True,1,False,2.0
P026,group_02,group_02,P026__trial_02,2,2,EDR-2,EDR-2,1,EDR-2 - Unwinding After a Demanding Period,EDR-2,"You have some time for yourself after a demanding period. Although a few everyday concerns are still on your mind, there is nothing that requires your attention right now. You would like to feel calmer and take your mind off these concerns for a while, so you decide to listen to music to help you unwind.",Relaxation-Distraction,pouring_room,group_02_song_b_pouring_room,2,Song B,Pouring Room,B,2,pouring_room_mcg_x,mix_cbf8555ee2b2,assets/audio/study-stimuli/main-study/group_02/song_b_pouring_room/mcg_x.wav,91,True,True,The guitar sounds pretty clear and calming in the top options ,0.4494273963527286,0.780552768870155,0.8086566197405122,-0.4801297779726206,optional_qc_sensitivity_predictor,True,,True,,True,91,"[""B""]",B,True,1,True,1.0
P026,group_02,group_02,P026__trial_02,2,2,EDR-2,EDR-2,1,EDR-2 - Unwinding After a Demanding Period,EDR-2,"You have some time for yourself after a demanding period. Although a few everyday concerns are still on your mind, there is nothing that requires your attention right now. You would like to feel calmer and take your mind off these concerns for a while, so you decide to listen to music to help you unwind.",Relaxation-Distraction,pouring_room,group_02_song_b_pouring_room,2,Song B,Pouring Room,C,3,pouring_room_mcg_t,mix_be2ccd4c43ff,assets/audio/study-stimuli/main-study/group_02/song_b_pouring_room/mcg_t.wav,67,True,True,The guitar sounds pretty clear and calming in the top options ,-0.0814371595061495,1.1238301932737935,1.926895983278192,-0.8792578396079359,optional_qc_sensitivity_predictor,True,,True,,True,91,"[""B""]",B,True,1,False,3.0
P026,group_02,group_02,P026__trial_02,2,2,EDR-2,EDR-2,1,EDR-2 - Unwinding After a Demanding Period,EDR-2,"You have some time for yourself after a demanding period. Although a few everyday concerns are still on your mind, there is nothing that requires your attention right now. You would like to feel calmer and take your mind off these concerns for a while, so you decide to listen to music to help you unwind.",Relaxation-Distraction,pouring_room,group_02_song_b_pouring_room,2,Song B,Pouring Room,D,4,pouring_room_mcg_v,mix_e08faaf8bbb3,assets/audio/study-stimuli/main-study/group_02/song_b_pouring_room/mcg_v.wav,10,True,True,The guitar sounds pretty clear and calming in the top options ,0.2009523983216312,1.112208706920678,-0.2814967551013548,-0.938440679331238,optional_qc_sensitivity_predictor,True,,True,,True,91,"[""B""]",B,True,1,False,5.0
P026,group_02,group_02,P026__trial_02,2,2,EDR-2,EDR-2,1,EDR-2 - Unwinding After a Demanding Period,EDR-2,"You have some time for yourself after a demanding period. Although a few everyday concerns are still on your mind, there is nothing that requires your attention right now. You would like to feel calmer and take your mind off these concerns for a while, so you decide to listen to music to help you unwind.",Relaxation-Distraction,pouring_room,group_02_song_b_pouring_room,2,Song B,Pouring Room,E,5,pouring_room_mcg_pro1,mix_132e75f34470,assets/audio/study-stimuli/main-study/group_02/song_b_pouring_room/mcg_pro1.wav,58,True,True,The guitar sounds pretty clear and calming in the top options ,1.177821012274786,0.1366958746221527,-0.3534041622732912,-0.9473754159948484,optional_qc_sensitivity_predictor,True,,True,,True,91,"[""B""]",B,True,1,False,4.0
P026,group_02,group_02,P026__trial_03,3,3,EDR-1,EDR-1,2,EDR-1 - Enjoying Free Time,EDR-1,"You have some free time and no immediate responsibilities that require your attention. You are not feeling tired or worried, but you would like to enjoy your time rather than let it pass uneventfully. You decide to listen to music for entertainment, making your free time more enjoyable.",Enjoyment,pouring_room,group_02_song_b_pouring_room,1,Song B,Pouring Room,A,1,pouring_room_mcg_t,mix_be2ccd4c43ff,assets/audio/study-stimuli/main-study/group_02/song_b_pouring_room/mcg_t.wav,11,True,True,I prefer harmony and instruments calm on the background ,-0.0814371595061495,1.1238301932737935,1.926895983278192,-0.8792578396079359,optional_qc_sensitivity_predictor,True,,True,,True,88,"[""D""]",D,True,1,False,5.0
P026,group_02,group_02,P026__trial_03,3,3,EDR-1,EDR-1,2,EDR-1 - Enjoying Free Time,EDR-1,"You have some free time and no immediate responsibilities that require your attention. You are not feeling tired or worried, but you would like to enjoy your time rather than let it pass uneventfully. You decide to listen to music for entertainment, making your free time more enjoyable.",Enjoyment,pouring_room,group_02_song_b_pouring_room,1,Song B,Pouring Room,B,2,pouring_room_mcg_v,mix_e08faaf8bbb3,assets/audio/study-stimuli/main-study/group_02/song_b_pouring_room/mcg_v.wav,21,True,True,I prefer harmony and instruments calm on the background ,0.2009523983216312,1.112208706920678,-0.2814967551013548,-0.938440679331238,optional_qc_sensitivity_predictor,True,,True,,True,88,"[""D""]",D,True,1,False,4.0
P026,group_02,group_02,P026__trial_03,3,3,EDR-1,EDR-1,2,EDR-1 - Enjoying Free Time,EDR-1,"You have some free time and no immediate responsibilities that require your attention. You are not feeling tired or worried, but you would like to enjoy your time rather than let it pass uneventfully. You decide to listen to music for entertainment, making your free time more enjoyable.",Enjoyment,pouring_room,group_02_song_b_pouring_room,1,Song B,Pouring Room,C,3,pouring_room_mcg_pro1,mix_132e75f34470,assets/audio/study-stimuli/main-study/group_02/song_b_pouring_room/mcg_pro1.wav,68,True,True,I prefer harmony and instruments calm on the background ,1.177821012274786,0.1366958746221527,-0.3534041622732912,-0.9473754159948484,optional_qc_sensitivity_predictor,True,,True,,True,88,"[""D""]",D,True,1,False,3.0
P026,group_02,group_02,P026__trial_03,3,3,EDR-1,EDR-1,2,EDR-1 - Enjoying Free Time,EDR-1,"You have some free time and no immediate responsibilities that require your attention. You are not feeling tired or worried, but you would like to enjoy your time rather than let it pass uneventfully. You decide to listen to music for entertainment, making your free time more enjoyable.",Enjoyment,pouring_room,group_02_song_b_pouring_room,1,Song B,Pouring Room,D,4,pouring_room_mcg_r,mix_0ba76f420c1d,assets/audio/study-stimuli/main-study/group_02/song_b_pouring_room/mcg_r.wav,88,True,True,I prefer harmony and instruments calm on the background ,0.2249858589620197,-0.521538265731174,0.8057256670690561,-1.2630720295337683,optional_qc_sensitivity_predictor,True,,True,,True,88,"[""D""]",D,True,1,True,1.0
P026,group_02,group_02,P026__trial_03,3,3,EDR-1,EDR-1,2,EDR-1 - Enjoying Free Time,EDR-1,"You have some free time and no immediate responsibilities that require your attention. You are not feeling tired or worried, but you would like to enjoy your time rather than let it pass uneventfully. You decide to listen to music for entertainment, making your free time more enjoyable.",Enjoyment,pouring_room,group_02_song_b_pouring_room,1,Song B,Pouring Room,E,5,pouring_room_mcg_x,mix_cbf8555ee2b2,assets/audio/study-stimuli/main-study/group_02/song_b_pouring_room/mcg_x.wav,77,True,True,I prefer harmony and instruments calm on the background ,0.4494273963527286,0.780552768870155,0.8086566197405122,-0.4801297779726206,optional_qc_sensitivity_predictor,True,,True,,True,88,"[""D""]",D,True,1,False,2.0
P026,group_02,group_02,P026__trial_04,4,4,EDR-1,EDR-1,2,EDR-1 - Enjoying Free Time,EDR-1,"You have some free time and no immediate responsibilities that require your attention. You are not feeling tired or worried, but you would like to enjoy your time rather than let it pass uneventfully. You decide to listen to music for entertainment, making your free time more enjoyable.",Enjoyment,in_the_meantime,group_02_song_a_in_the_meantime,2,Song A,In The Meantime,A,1,in_the_meantime_qut_b,mix_c7bdcba64775,assets/audio/study-stimuli/main-study/group_02/song_a_in_the_meantime/qut_b.wav,14,True,True,A was left behind because instruments sound barely compared to the voice,-0.6698107538710293,-0.1978340618743536,-1.5468197375217057,0.0908009789400507,optional_qc_sensitivity_predictor,True,,True,,True,99,"[""B""]",B,True,1,False,5.0
P026,group_02,group_02,P026__trial_04,4,4,EDR-1,EDR-1,2,EDR-1 - Enjoying Free Time,EDR-1,"You have some free time and no immediate responsibilities that require your attention. You are not feeling tired or worried, but you would like to enjoy your time rather than let it pass uneventfully. You decide to listen to music for entertainment, making your free time more enjoyable.",Enjoyment,in_the_meantime,group_02_song_a_in_the_meantime,2,Song A,In The Meantime,B,2,in_the_meantime_du_k,mix_56e65a3ce054,assets/audio/study-stimuli/main-study/group_02/song_a_in_the_meantime/du_k.wav,99,True,True,A was left behind because instruments sound barely compared to the voice,-1.1193186569455127,1.7918041562064675,0.9713104079970216,0.4372547184671072,optional_qc_sensitivity_predictor,True,,True,,True,99,"[""B""]",B,True,1,True,1.0
P026,group_02,group_02,P026__trial_04,4,4,EDR-1,EDR-1,2,EDR-1 - Enjoying Free Time,EDR-1,"You have some free time and no immediate responsibilities that require your attention. You are not feeling tired or worried, but you would like to enjoy your time rather than let it pass uneventfully. You decide to listen to music for entertainment, making your free time more enjoyable.",Enjoyment,in_the_meantime,group_02_song_a_in_the_meantime,2,Song A,In The Meantime,C,3,in_the_meantime_du_h,mix_302f0efe8a80,assets/audio/study-stimuli/main-study/group_02/song_a_in_the_meantime/du_h.wav,67,True,True,A was left behind because instruments sound barely compared to the voice,0.6887214233465396,0.2719152524959843,-0.8693704120952901,0.8234428342152216,optional_qc_sensitivity_predictor,True,,True,,True,99,"[""B""]",B,True,1,False,4.0
P026,group_02,group_02,P026__trial_04,4,4,EDR-1,EDR-1,2,EDR-1 - Enjoying Free Time,EDR-1,"You have some free time and no immediate responsibilities that require your attention. You are not feeling tired or worried, but you would like to enjoy your time rather than let it pass uneventfully. You decide to listen to music for entertainment, making your free time more enjoyable.",Enjoyment,in_the_meantime,group_02_song_a_in_the_meantime,2,Song A,In The Meantime,D,4,in_the_meantime_qut_pro,mix_cdaef40f2b94,assets/audio/study-stimuli/main-study/group_02/song_a_in_the_meantime/qut_pro.wav,89,True,True,A was left behind because instruments sound barely compared to the voice,-0.6756280657690176,-1.4346341192827423,1.8511013279434223,-0.7325346788768815,optional_qc_sensitivity_predictor,True,,True,,True,99,"[""B""]",B,True,1,False,2.0
P026,group_02,group_02,P026__trial_04,4,4,EDR-1,EDR-1,2,EDR-1 - Enjoying Free Time,EDR-1,"You have some free time and no immediate responsibilities that require your attention. You are not feeling tired or worried, but you would like to enjoy your time rather than let it pass uneventfully. You decide to listen to music for entertainment, making your free time more enjoyable.",Enjoyment,in_the_meantime,group_02_song_a_in_the_meantime,2,Song A,In The Meantime,E,5,in_the_meantime_du_i,mix_9baa86357fd4,assets/audio/study-stimuli/main-study/group_02/song_a_in_the_meantime/du_i.wav,78,True,True,A was left behind because instruments sound barely compared to the voice,-1.8990066727669184,1.9187185345499165,0.5415536857115313,-0.721703057329889,optional_qc_sensitivity_predictor,True,,True,,True,99,"[""B""]",B,True,1,False,3.0
P026,group_02,group_02,P026__trial_05,5,5,FM-1,FM-1,3,FM-1 - Maintaining Engagement During an Activity,FM-1,"You are engaged in an activity that requires sustained mental or physical effort. As you continue, it becomes more difficult to stay engaged. You want to maintain your focus and motivation so that you can continue making steady progress toward completing the activity. You decide to listen to music while carrying on with the activity.",Focus-Motivation,pouring_room,group_02_song_b_pouring_room,1,Song B,Pouring Room,A,1,pouring_room_mcg_t,mix_be2ccd4c43ff,assets/audio/study-stimuli/main-study/group_02/song_b_pouring_room/mcg_t.wav,32,True,True,I like for playing in the background music that sound calm and have no percussion instruments being protagonist ,-0.0814371595061495,1.1238301932737935,1.926895983278192,-0.8792578396079359,optional_qc_sensitivity_predictor,True,,True,,True,92,"[""D""]",D,True,1,False,5.0
P026,group_02,group_02,P026__trial_05,5,5,FM-1,FM-1,3,FM-1 - Maintaining Engagement During an Activity,FM-1,"You are engaged in an activity that requires sustained mental or physical effort. As you continue, it becomes more difficult to stay engaged. You want to maintain your focus and motivation so that you can continue making steady progress toward completing the activity. You decide to listen to music while carrying on with the activity.",Focus-Motivation,pouring_room,group_02_song_b_pouring_room,1,Song B,Pouring Room,B,2,pouring_room_mcg_pro1,mix_132e75f34470,assets/audio/study-stimuli/main-study/group_02/song_b_pouring_room/mcg_pro1.wav,71,True,True,I like for playing in the background music that sound calm and have no percussion instruments being protagonist ,1.177821012274786,0.1366958746221527,-0.3534041622732912,-0.9473754159948484,optional_qc_sensitivity_predictor,True,,True,,True,92,"[""D""]",D,True,1,False,3.0
P026,group_02,group_02,P026__trial_05,5,5,FM-1,FM-1,3,FM-1 - Maintaining Engagement During an Activity,FM-1,"You are engaged in an activity that requires sustained mental or physical effort. As you continue, it becomes more difficult to stay engaged. You want to maintain your focus and motivation so that you can continue making steady progress toward completing the activity. You decide to listen to music while carrying on with the activity.",Focus-Motivation,pouring_room,group_02_song_b_pouring_room,1,Song B,Pouring Room,C,3,pouring_room_mcg_v,mix_e08faaf8bbb3,assets/audio/study-stimuli/main-study/group_02/song_b_pouring_room/mcg_v.wav,57,True,True,I like for playing in the background music that sound calm and have no percussion instruments being protagonist ,0.2009523983216312,1.112208706920678,-0.2814967551013548,-0.938440679331238,optional_qc_sensitivity_predictor,True,,True,,True,92,"[""D""]",D,True,1,False,4.0
P026,group_02,group_02,P026__trial_05,5,5,FM-1,FM-1,3,FM-1 - Maintaining Engagement During an Activity,FM-1,"You are engaged in an activity that requires sustained mental or physical effort. As you continue, it becomes more difficult to stay engaged. You want to maintain your focus and motivation so that you can continue making steady progress toward completing the activity. You decide to listen to music while carrying on with the activity.",Focus-Motivation,pouring_room,group_02_song_b_pouring_room,1,Song B,Pouring Room,D,4,pouring_room_mcg_r,mix_0ba76f420c1d,assets/audio/study-stimuli/main-study/group_02/song_b_pouring_room/mcg_r.wav,92,True,True,I like for playing in the background music that sound calm and have no percussion instruments being protagonist ,0.2249858589620197,-0.521538265731174,0.8057256670690561,-1.2630720295337683,optional_qc_sensitivity_predictor,True,,True,,True,92,"[""D""]",D,True,1,True,1.0
P026,group_02,group_02,P026__trial_05,5,5,FM-1,FM-1,3,FM-1 - Maintaining Engagement During an Activity,FM-1,"You are engaged in an activity that requires sustained mental or physical effort. As you continue, it becomes more difficult to stay engaged. You want to maintain your focus and motivation so that you can continue making steady progress toward completing the activity. You decide to listen to music while carrying on with the activity.",Focus-Motivation,pouring_room,group_02_song_b_pouring_room,1,Song B,Pouring Room,E,5,pouring_room_mcg_x,mix_cbf8555ee2b2,assets/audio/study-stimuli/main-study/group_02/song_b_pouring_room/mcg_x.wav,83,True,True,I like for playing in the background music that sound calm and have no percussion instruments being protagonist ,0.4494273963527286,0.780552768870155,0.8086566197405122,-0.4801297779726206,optional_qc_sensitivity_predictor,True,,True,,True,92,"[""D""]",D,True,1,False,2.0
P026,group_02,group_02,P026__trial_06,6,6,FM-1,FM-1,3,FM-1 - Maintaining Engagement During an Activity,FM-1,"You are engaged in an activity that requires sustained mental or physical effort. As you continue, it becomes more difficult to stay engaged. You want to maintain your focus and motivation so that you can continue making steady progress toward completing the activity. You decide to listen to music while carrying on with the activity.",Focus-Motivation,in_the_meantime,group_02_song_a_in_the_meantime,2,Song A,In The Meantime,A,1,in_the_meantime_du_i,mix_9baa86357fd4,assets/audio/study-stimuli/main-study/group_02/song_a_in_the_meantime/du_i.wav,34,True,True,I placed poor the once that have beats that would make me dance ,-1.8990066727669184,1.9187185345499165,0.5415536857115313,-0.721703057329889,optional_qc_sensitivity_predictor,True,,True,,True,95,"[""B""]",B,True,1,False,4.0
P026,group_02,group_02,P026__trial_06,6,6,FM-1,FM-1,3,FM-1 - Maintaining Engagement During an Activity,FM-1,"You are engaged in an activity that requires sustained mental or physical effort. As you continue, it becomes more difficult to stay engaged. You want to maintain your focus and motivation so that you can continue making steady progress toward completing the activity. You decide to listen to music while carrying on with the activity.",Focus-Motivation,in_the_meantime,group_02_song_a_in_the_meantime,2,Song A,In The Meantime,B,2,in_the_meantime_du_k,mix_56e65a3ce054,assets/audio/study-stimuli/main-study/group_02/song_a_in_the_meantime/du_k.wav,95,True,True,I placed poor the once that have beats that would make me dance ,-1.1193186569455127,1.7918041562064675,0.9713104079970216,0.4372547184671072,optional_qc_sensitivity_predictor,True,,True,,True,95,"[""B""]",B,True,1,True,1.0
P026,group_02,group_02,P026__trial_06,6,6,FM-1,FM-1,3,FM-1 - Maintaining Engagement During an Activity,FM-1,"You are engaged in an activity that requires sustained mental or physical effort. As you continue, it becomes more difficult to stay engaged. You want to maintain your focus and motivation so that you can continue making steady progress toward completing the activity. You decide to listen to music while carrying on with the activity.",Focus-Motivation,in_the_meantime,group_02_song_a_in_the_meantime,2,Song A,In The Meantime,C,3,in_the_meantime_du_h,mix_302f0efe8a80,assets/audio/study-stimuli/main-study/group_02/song_a_in_the_meantime/du_h.wav,60,True,True,I placed poor the once that have beats that would make me dance ,0.6887214233465396,0.2719152524959843,-0.8693704120952901,0.8234428342152216,optional_qc_sensitivity_predictor,True,,True,,True,95,"[""B""]",B,True,1,False,3.0
P026,group_02,group_02,P026__trial_06,6,6,FM-1,FM-1,3,FM-1 - Maintaining Engagement During an Activity,FM-1,"You are engaged in an activity that requires sustained mental or physical effort. As you continue, it becomes more difficult to stay engaged. You want to maintain your focus and motivation so that you can continue making steady progress toward completing the activity. You decide to listen to music while carrying on with the activity.",Focus-Motivation,in_the_meantime,group_02_song_a_in_the_meantime,2,Song A,In The Meantime,D,4,in_the_meantime_qut_pro,mix_cdaef40f2b94,assets/audio/study-stimuli/main-study/group_02/song_a_in_the_meantime/qut_pro.wav,24,True,True,I placed poor the once that have beats that would make me dance ,-0.6756280657690176,-1.4346341192827423,1.8511013279434223,-0.7325346788768815,optional_qc_sensitivity_predictor,True,,True,,True,95,"[""B""]",B,True,1,False,5.0
P026,group_02,group_02,P026__trial_06,6,6,FM-1,FM-1,3,FM-1 - Maintaining Engagement During an Activity,FM-1,"You are engaged in an activity that requires sustained mental or physical effort. As you continue, it becomes more difficult to stay engaged. You want to maintain your focus and motivation so that you can continue making steady progress toward completing the activity. You decide to listen to music while carrying on with the activity.",Focus-Motivation,in_the_meantime,group_02_song_a_in_the_meantime,2,Song A,In The Meantime,E,5,in_the_meantime_qut_b,mix_c7bdcba64775,assets/audio/study-stimuli/main-study/group_02/song_a_in_the_meantime/qut_b.wav,76,True,True,I placed poor the once that have beats that would make me dance ,-0.6698107538710293,-0.1978340618743536,-1.5468197375217057,0.0908009789400507,optional_qc_sensitivity_predictor,True,,True,,True,95,"[""B""]",B,True,1,False,2.0
P027,group_02,group_02,P027__trial_01,1,1,FM-1,FM-1,1,FM-1 - Maintaining Engagement During an Activity,FM-1,"You are engaged in an activity that requires sustained mental or physical effort. As you continue, it becomes more difficult to stay engaged. You want to maintain your focus and motivation so that you can continue making steady progress toward completing the activity. You decide to listen to music while carrying on with the activity.",Focus-Motivation,pouring_room,group_02_song_b_pouring_room,1,Song B,Pouring Room,A,1,pouring_room_mcg_pro1,mix_132e75f34470,assets/audio/study-stimuli/main-study/group_02/song_b_pouring_room/mcg_pro1.wav,85,True,True,"Mix B sound is not my favorite, Mix A is okay is balanced, Mix C is too calmed I cannot focus, Mix E echo is too much",1.177821012274786,0.1366958746221527,-0.3534041622732912,-0.9473754159948484,optional_qc_sensitivity_predictor,True,,True,,True,85,"[""A""]",A,True,1,True,1.0
P027,group_02,group_02,P027__trial_01,1,1,FM-1,FM-1,1,FM-1 - Maintaining Engagement During an Activity,FM-1,"You are engaged in an activity that requires sustained mental or physical effort. As you continue, it becomes more difficult to stay engaged. You want to maintain your focus and motivation so that you can continue making steady progress toward completing the activity. You decide to listen to music while carrying on with the activity.",Focus-Motivation,pouring_room,group_02_song_b_pouring_room,1,Song B,Pouring Room,B,2,pouring_room_mcg_t,mix_be2ccd4c43ff,assets/audio/study-stimuli/main-study/group_02/song_b_pouring_room/mcg_t.wav,20,True,True,"Mix B sound is not my favorite, Mix A is okay is balanced, Mix C is too calmed I cannot focus, Mix E echo is too much",-0.0814371595061495,1.1238301932737935,1.926895983278192,-0.8792578396079359,optional_qc_sensitivity_predictor,True,,True,,True,85,"[""A""]",A,True,1,False,3.0
P027,group_02,group_02,P027__trial_01,1,1,FM-1,FM-1,1,FM-1 - Maintaining Engagement During an Activity,FM-1,"You are engaged in an activity that requires sustained mental or physical effort. As you continue, it becomes more difficult to stay engaged. You want to maintain your focus and motivation so that you can continue making steady progress toward completing the activity. You decide to listen to music while carrying on with the activity.",Focus-Motivation,pouring_room,group_02_song_b_pouring_room,1,Song B,Pouring Room,C,3,pouring_room_mcg_r,mix_0ba76f420c1d,assets/audio/study-stimuli/main-study/group_02/song_b_pouring_room/mcg_r.wav,10,True,True,"Mix B sound is not my favorite, Mix A is okay is balanced, Mix C is too calmed I cannot focus, Mix E echo is too much",0.2249858589620197,-0.521538265731174,0.8057256670690561,-1.2630720295337683,optional_qc_sensitivity_predictor,True,,True,,True,85,"[""A""]",A,True,1,False,4.0
P027,group_02,group_02,P027__trial_01,1,1,FM-1,FM-1,1,FM-1 - Maintaining Engagement During an Activity,FM-1,"You are engaged in an activity that requires sustained mental or physical effort. As you continue, it becomes more difficult to stay engaged. You want to maintain your focus and motivation so that you can continue making steady progress toward completing the activity. You decide to listen to music while carrying on with the activity.",Focus-Motivation,pouring_room,group_02_song_b_pouring_room,1,Song B,Pouring Room,D,4,pouring_room_mcg_v,mix_e08faaf8bbb3,assets/audio/study-stimuli/main-study/group_02/song_b_pouring_room/mcg_v.wav,0,True,True,"Mix B sound is not my favorite, Mix A is okay is balanced, Mix C is too calmed I cannot focus, Mix E echo is too much",0.2009523983216312,1.112208706920678,-0.2814967551013548,-0.938440679331238,optional_qc_sensitivity_predictor,True,,True,,True,85,"[""A""]",A,True,1,False,5.0
P027,group_02,group_02,P027__trial_01,1,1,FM-1,FM-1,1,FM-1 - Maintaining Engagement During an Activity,FM-1,"You are engaged in an activity that requires sustained mental or physical effort. As you continue, it becomes more difficult to stay engaged. You want to maintain your focus and motivation so that you can continue making steady progress toward completing the activity. You decide to listen to music while carrying on with the activity.",Focus-Motivation,pouring_room,group_02_song_b_pouring_room,1,Song B,Pouring Room,E,5,pouring_room_mcg_x,mix_cbf8555ee2b2,assets/audio/study-stimuli/main-study/group_02/song_b_pouring_room/mcg_x.wav,35,True,True,"Mix B sound is not my favorite, Mix A is okay is balanced, Mix C is too calmed I cannot focus, Mix E echo is too much",0.4494273963527286,0.780552768870155,0.8086566197405122,-0.4801297779726206,optional_qc_sensitivity_predictor,True,,True,,True,85,"[""A""]",A,True,1,False,2.0
P027,group_02,group_02,P027__trial_02,2,2,FM-1,FM-1,1,FM-1 - Maintaining Engagement During an Activity,FM-1,"You are engaged in an activity that requires sustained mental or physical effort. As you continue, it becomes more difficult to stay engaged. You want to maintain your focus and motivation so that you can continue making steady progress toward completing the activity. You decide to listen to music while carrying on with the activity.",Focus-Motivation,in_the_meantime,group_02_song_a_in_the_meantime,2,Song A,In The Meantime,A,1,in_the_meantime_du_k,mix_56e65a3ce054,assets/audio/study-stimuli/main-study/group_02/song_a_in_the_meantime/du_k.wav,0,True,True," Mix A bass, drums and everything sounds weird, Mix B is so-so, I like it. Mix C drums very pleasant for me, everything sounds clean; Mix D I don't like it, sounds very compressed? Mix E is good for because is strong drums and gives me motivation specially for physical activities.",-1.1193186569455127,1.7918041562064675,0.9713104079970216,0.4372547184671072,optional_qc_sensitivity_predictor,True,,True,,True,86,"[""C""]",C,True,1,False,5.0
P027,group_02,group_02,P027__trial_02,2,2,FM-1,FM-1,1,FM-1 - Maintaining Engagement During an Activity,FM-1,"You are engaged in an activity that requires sustained mental or physical effort. As you continue, it becomes more difficult to stay engaged. You want to maintain your focus and motivation so that you can continue making steady progress toward completing the activity. You decide to listen to music while carrying on with the activity.",Focus-Motivation,in_the_meantime,group_02_song_a_in_the_meantime,2,Song A,In The Meantime,B,2,in_the_meantime_qut_pro,mix_cdaef40f2b94,assets/audio/study-stimuli/main-study/group_02/song_a_in_the_meantime/qut_pro.wav,42,True,True," Mix A bass, drums and everything sounds weird, Mix B is so-so, I like it. Mix C drums very pleasant for me, everything sounds clean; Mix D I don't like it, sounds very compressed? Mix E is good for because is strong drums and gives me motivation specially for physical activities.",-0.6756280657690176,-1.4346341192827423,1.8511013279434223,-0.7325346788768815,optional_qc_sensitivity_predictor,True,,True,,True,86,"[""C""]",C,True,1,False,3.0
P027,group_02,group_02,P027__trial_02,2,2,FM-1,FM-1,1,FM-1 - Maintaining Engagement During an Activity,FM-1,"You are engaged in an activity that requires sustained mental or physical effort. As you continue, it becomes more difficult to stay engaged. You want to maintain your focus and motivation so that you can continue making steady progress toward completing the activity. You decide to listen to music while carrying on with the activity.",Focus-Motivation,in_the_meantime,group_02_song_a_in_the_meantime,2,Song A,In The Meantime,C,3,in_the_meantime_du_h,mix_302f0efe8a80,assets/audio/study-stimuli/main-study/group_02/song_a_in_the_meantime/du_h.wav,86,True,True," Mix A bass, drums and everything sounds weird, Mix B is so-so, I like it. Mix C drums very pleasant for me, everything sounds clean; Mix D I don't like it, sounds very compressed? Mix E is good for because is strong drums and gives me motivation specially for physical activities.",0.6887214233465396,0.2719152524959843,-0.8693704120952901,0.8234428342152216,optional_qc_sensitivity_predictor,True,,True,,True,86,"[""C""]",C,True,1,True,1.0
P027,group_02,group_02,P027__trial_02,2,2,FM-1,FM-1,1,FM-1 - Maintaining Engagement During an Activity,FM-1,"You are engaged in an activity that requires sustained mental or physical effort. As you continue, it becomes more difficult to stay engaged. You want to maintain your focus and motivation so that you can continue making steady progress toward completing the activity. You decide to listen to music while carrying on with the activity.",Focus-Motivation,in_the_meantime,group_02_song_a_in_the_meantime,2,Song A,In The Meantime,D,4,in_the_meantime_qut_b,mix_c7bdcba64775,assets/audio/study-stimuli/main-study/group_02/song_a_in_the_meantime/qut_b.wav,17,True,True," Mix A bass, drums and everything sounds weird, Mix B is so-so, I like it. Mix C drums very pleasant for me, everything sounds clean; Mix D I don't like it, sounds very compressed? Mix E is good for because is strong drums and gives me motivation specially for physical activities.",-0.6698107538710293,-0.1978340618743536,-1.5468197375217057,0.0908009789400507,optional_qc_sensitivity_predictor,True,,True,,True,86,"[""C""]",C,True,1,False,4.0
P027,group_02,group_02,P027__trial_02,2,2,FM-1,FM-1,1,FM-1 - Maintaining Engagement During an Activity,FM-1,"You are engaged in an activity that requires sustained mental or physical effort. As you continue, it becomes more difficult to stay engaged. You want to maintain your focus and motivation so that you can continue making steady progress toward completing the activity. You decide to listen to music while carrying on with the activity.",Focus-Motivation,in_the_meantime,group_02_song_a_in_the_meantime,2,Song A,In The Meantime,E,5,in_the_meantime_du_i,mix_9baa86357fd4,assets/audio/study-stimuli/main-study/group_02/song_a_in_the_meantime/du_i.wav,76,True,True," Mix A bass, drums and everything sounds weird, Mix B is so-so, I like it. Mix C drums very pleasant for me, everything sounds clean; Mix D I don't like it, sounds very compressed? Mix E is good for because is strong drums and gives me motivation specially for physical activities.",-1.8990066727669184,1.9187185345499165,0.5415536857115313,-0.721703057329889,optional_qc_sensitivity_predictor,True,,True,,True,86,"[""C""]",C,True,1,False,2.0
P027,group_02,group_02,P027__trial_03,3,3,EDR-1,EDR-1,2,EDR-1 - Enjoying Free Time,EDR-1,"You have some free time and no immediate responsibilities that require your attention. You are not feeling tired or worried, but you would like to enjoy your time rather than let it pass uneventfully. You decide to listen to music for entertainment, making your free time more enjoyable.",Enjoyment,pouring_room,group_02_song_b_pouring_room,1,Song B,Pouring Room,A,1,pouring_room_mcg_pro1,mix_132e75f34470,assets/audio/study-stimuli/main-study/group_02/song_b_pouring_room/mcg_pro1.wav,92,True,True,"Mix E guitar I dont like it, Mix A sounds calm, Mix B vocals echo is good, Mix C and D are good as well",1.177821012274786,0.1366958746221527,-0.3534041622732912,-0.9473754159948484,optional_qc_sensitivity_predictor,True,,True,,True,92,"[""A""]",A,True,1,True,1.0
P027,group_02,group_02,P027__trial_03,3,3,EDR-1,EDR-1,2,EDR-1 - Enjoying Free Time,EDR-1,"You have some free time and no immediate responsibilities that require your attention. You are not feeling tired or worried, but you would like to enjoy your time rather than let it pass uneventfully. You decide to listen to music for entertainment, making your free time more enjoyable.",Enjoyment,pouring_room,group_02_song_b_pouring_room,1,Song B,Pouring Room,B,2,pouring_room_mcg_x,mix_cbf8555ee2b2,assets/audio/study-stimuli/main-study/group_02/song_b_pouring_room/mcg_x.wav,51,True,True,"Mix E guitar I dont like it, Mix A sounds calm, Mix B vocals echo is good, Mix C and D are good as well",0.4494273963527286,0.780552768870155,0.8086566197405122,-0.4801297779726206,optional_qc_sensitivity_predictor,True,,True,,True,92,"[""A""]",A,True,1,False,3.0
P027,group_02,group_02,P027__trial_03,3,3,EDR-1,EDR-1,2,EDR-1 - Enjoying Free Time,EDR-1,"You have some free time and no immediate responsibilities that require your attention. You are not feeling tired or worried, but you would like to enjoy your time rather than let it pass uneventfully. You decide to listen to music for entertainment, making your free time more enjoyable.",Enjoyment,pouring_room,group_02_song_b_pouring_room,1,Song B,Pouring Room,C,3,pouring_room_mcg_t,mix_be2ccd4c43ff,assets/audio/study-stimuli/main-study/group_02/song_b_pouring_room/mcg_t.wav,40,True,True,"Mix E guitar I dont like it, Mix A sounds calm, Mix B vocals echo is good, Mix C and D are good as well",-0.0814371595061495,1.1238301932737935,1.926895983278192,-0.8792578396079359,optional_qc_sensitivity_predictor,True,,True,,True,92,"[""A""]",A,True,1,False,4.0
P027,group_02,group_02,P027__trial_03,3,3,EDR-1,EDR-1,2,EDR-1 - Enjoying Free Time,EDR-1,"You have some free time and no immediate responsibilities that require your attention. You are not feeling tired or worried, but you would like to enjoy your time rather than let it pass uneventfully. You decide to listen to music for entertainment, making your free time more enjoyable.",Enjoyment,pouring_room,group_02_song_b_pouring_room,1,Song B,Pouring Room,D,4,pouring_room_mcg_r,mix_0ba76f420c1d,assets/audio/study-stimuli/main-study/group_02/song_b_pouring_room/mcg_r.wav,78,True,True,"Mix E guitar I dont like it, Mix A sounds calm, Mix B vocals echo is good, Mix C and D are good as well",0.2249858589620197,-0.521538265731174,0.8057256670690561,-1.2630720295337683,optional_qc_sensitivity_predictor,True,,True,,True,92,"[""A""]",A,True,1,False,2.0
P027,group_02,group_02,P027__trial_03,3,3,EDR-1,EDR-1,2,EDR-1 - Enjoying Free Time,EDR-1,"You have some free time and no immediate responsibilities that require your attention. You are not feeling tired or worried, but you would like to enjoy your time rather than let it pass uneventfully. You decide to listen to music for entertainment, making your free time more enjoyable.",Enjoyment,pouring_room,group_02_song_b_pouring_room,1,Song B,Pouring Room,E,5,pouring_room_mcg_v,mix_e08faaf8bbb3,assets/audio/study-stimuli/main-study/group_02/song_b_pouring_room/mcg_v.wav,23,True,True,"Mix E guitar I dont like it, Mix A sounds calm, Mix B vocals echo is good, Mix C and D are good as well",0.2009523983216312,1.112208706920678,-0.2814967551013548,-0.938440679331238,optional_qc_sensitivity_predictor,True,,True,,True,92,"[""A""]",A,True,1,False,5.0
P027,group_02,group_02,P027__trial_04,4,4,EDR-1,EDR-1,2,EDR-1 - Enjoying Free Time,EDR-1,"You have some free time and no immediate responsibilities that require your attention. You are not feeling tired or worried, but you would like to enjoy your time rather than let it pass uneventfully. You decide to listen to music for entertainment, making your free time more enjoyable.",Enjoyment,in_the_meantime,group_02_song_a_in_the_meantime,2,Song A,In The Meantime,A,1,in_the_meantime_qut_pro,mix_cdaef40f2b94,assets/audio/study-stimuli/main-study/group_02/song_a_in_the_meantime/qut_pro.wav,88,True,True,For this situation I prefer songs with a strong music or instruments sounds. I don;t prefer songs that sound to calm... I like loud or strong songs for entertainment,-0.6756280657690176,-1.4346341192827423,1.8511013279434223,-0.7325346788768815,optional_qc_sensitivity_predictor,True,,True,,True,100,"[""B""]",B,True,1,False,2.0
P027,group_02,group_02,P027__trial_04,4,4,EDR-1,EDR-1,2,EDR-1 - Enjoying Free Time,EDR-1,"You have some free time and no immediate responsibilities that require your attention. You are not feeling tired or worried, but you would like to enjoy your time rather than let it pass uneventfully. You decide to listen to music for entertainment, making your free time more enjoyable.",Enjoyment,in_the_meantime,group_02_song_a_in_the_meantime,2,Song A,In The Meantime,B,2,in_the_meantime_du_i,mix_9baa86357fd4,assets/audio/study-stimuli/main-study/group_02/song_a_in_the_meantime/du_i.wav,100,True,True,For this situation I prefer songs with a strong music or instruments sounds. I don;t prefer songs that sound to calm... I like loud or strong songs for entertainment,-1.8990066727669184,1.9187185345499165,0.5415536857115313,-0.721703057329889,optional_qc_sensitivity_predictor,True,,True,,True,100,"[""B""]",B,True,1,True,1.0
P027,group_02,group_02,P027__trial_04,4,4,EDR-1,EDR-1,2,EDR-1 - Enjoying Free Time,EDR-1,"You have some free time and no immediate responsibilities that require your attention. You are not feeling tired or worried, but you would like to enjoy your time rather than let it pass uneventfully. You decide to listen to music for entertainment, making your free time more enjoyable.",Enjoyment,in_the_meantime,group_02_song_a_in_the_meantime,2,Song A,In The Meantime,C,3,in_the_meantime_du_h,mix_302f0efe8a80,assets/audio/study-stimuli/main-study/group_02/song_a_in_the_meantime/du_h.wav,51,True,True,For this situation I prefer songs with a strong music or instruments sounds. I don;t prefer songs that sound to calm... I like loud or strong songs for entertainment,0.6887214233465396,0.2719152524959843,-0.8693704120952901,0.8234428342152216,optional_qc_sensitivity_predictor,True,,True,,True,100,"[""B""]",B,True,1,False,3.0
P027,group_02,group_02,P027__trial_04,4,4,EDR-1,EDR-1,2,EDR-1 - Enjoying Free Time,EDR-1,"You have some free time and no immediate responsibilities that require your attention. You are not feeling tired or worried, but you would like to enjoy your time rather than let it pass uneventfully. You decide to listen to music for entertainment, making your free time more enjoyable.",Enjoyment,in_the_meantime,group_02_song_a_in_the_meantime,2,Song A,In The Meantime,D,4,in_the_meantime_du_k,mix_56e65a3ce054,assets/audio/study-stimuli/main-study/group_02/song_a_in_the_meantime/du_k.wav,0,True,True,For this situation I prefer songs with a strong music or instruments sounds. I don;t prefer songs that sound to calm... I like loud or strong songs for entertainment,-1.1193186569455127,1.7918041562064675,0.9713104079970216,0.4372547184671072,optional_qc_sensitivity_predictor,True,,True,,True,100,"[""B""]",B,True,1,False,5.0
P027,group_02,group_02,P027__trial_04,4,4,EDR-1,EDR-1,2,EDR-1 - Enjoying Free Time,EDR-1,"You have some free time and no immediate responsibilities that require your attention. You are not feeling tired or worried, but you would like to enjoy your time rather than let it pass uneventfully. You decide to listen to music for entertainment, making your free time more enjoyable.",Enjoyment,in_the_meantime,group_02_song_a_in_the_meantime,2,Song A,In The Meantime,E,5,in_the_meantime_qut_b,mix_c7bdcba64775,assets/audio/study-stimuli/main-study/group_02/song_a_in_the_meantime/qut_b.wav,13,True,True,For this situation I prefer songs with a strong music or instruments sounds. I don;t prefer songs that sound to calm... I like loud or strong songs for entertainment,-0.6698107538710293,-0.1978340618743536,-1.5468197375217057,0.0908009789400507,optional_qc_sensitivity_predictor,True,,True,,True,100,"[""B""]",B,True,1,False,4.0
P027,group_02,group_02,P027__trial_05,5,5,EDR-2,EDR-2,3,EDR-2 - Unwinding After a Demanding Period,EDR-2,"You have some time for yourself after a demanding period. Although a few everyday concerns are still on your mind, there is nothing that requires your attention right now. You would like to feel calmer and take your mind off these concerns for a while, so you decide to listen to music to help you unwind.",Relaxation-Distraction,in_the_meantime,group_02_song_a_in_the_meantime,1,Song A,In The Meantime,A,1,in_the_meantime_du_i,mix_9baa86357fd4,assets/audio/study-stimuli/main-study/group_02/song_a_in_the_meantime/du_i.wav,8,True,True,Mix E sounds not good. I like in general less noisy or strong songs for unwinding.. Therefore I chose Mix C and D as my favorites,-1.8990066727669184,1.9187185345499165,0.5415536857115313,-0.721703057329889,optional_qc_sensitivity_predictor,True,,True,,True,94,"[""D""]",D,True,1,False,4.0
P027,group_02,group_02,P027__trial_05,5,5,EDR-2,EDR-2,3,EDR-2 - Unwinding After a Demanding Period,EDR-2,"You have some time for yourself after a demanding period. Although a few everyday concerns are still on your mind, there is nothing that requires your attention right now. You would like to feel calmer and take your mind off these concerns for a while, so you decide to listen to music to help you unwind.",Relaxation-Distraction,in_the_meantime,group_02_song_a_in_the_meantime,1,Song A,In The Meantime,B,2,in_the_meantime_qut_pro,mix_cdaef40f2b94,assets/audio/study-stimuli/main-study/group_02/song_a_in_the_meantime/qut_pro.wav,23,True,True,Mix E sounds not good. I like in general less noisy or strong songs for unwinding.. Therefore I chose Mix C and D as my favorites,-0.6756280657690176,-1.4346341192827423,1.8511013279434223,-0.7325346788768815,optional_qc_sensitivity_predictor,True,,True,,True,94,"[""D""]",D,True,1,False,3.0
P027,group_02,group_02,P027__trial_05,5,5,EDR-2,EDR-2,3,EDR-2 - Unwinding After a Demanding Period,EDR-2,"You have some time for yourself after a demanding period. Although a few everyday concerns are still on your mind, there is nothing that requires your attention right now. You would like to feel calmer and take your mind off these concerns for a while, so you decide to listen to music to help you unwind.",Relaxation-Distraction,in_the_meantime,group_02_song_a_in_the_meantime,1,Song A,In The Meantime,C,3,in_the_meantime_qut_b,mix_c7bdcba64775,assets/audio/study-stimuli/main-study/group_02/song_a_in_the_meantime/qut_b.wav,86,True,True,Mix E sounds not good. I like in general less noisy or strong songs for unwinding.. Therefore I chose Mix C and D as my favorites,-0.6698107538710293,-0.1978340618743536,-1.5468197375217057,0.0908009789400507,optional_qc_sensitivity_predictor,True,,True,,True,94,"[""D""]",D,True,1,False,2.0
P027,group_02,group_02,P027__trial_05,5,5,EDR-2,EDR-2,3,EDR-2 - Unwinding After a Demanding Period,EDR-2,"You have some time for yourself after a demanding period. Although a few everyday concerns are still on your mind, there is nothing that requires your attention right now. You would like to feel calmer and take your mind off these concerns for a while, so you decide to listen to music to help you unwind.",Relaxation-Distraction,in_the_meantime,group_02_song_a_in_the_meantime,1,Song A,In The Meantime,D,4,in_the_meantime_du_h,mix_302f0efe8a80,assets/audio/study-stimuli/main-study/group_02/song_a_in_the_meantime/du_h.wav,94,True,True,Mix E sounds not good. I like in general less noisy or strong songs for unwinding.. Therefore I chose Mix C and D as my favorites,0.6887214233465396,0.2719152524959843,-0.8693704120952901,0.8234428342152216,optional_qc_sensitivity_predictor,True,,True,,True,94,"[""D""]",D,True,1,True,1.0
P027,group_02,group_02,P027__trial_05,5,5,EDR-2,EDR-2,3,EDR-2 - Unwinding After a Demanding Period,EDR-2,"You have some time for yourself after a demanding period. Although a few everyday concerns are still on your mind, there is nothing that requires your attention right now. You would like to feel calmer and take your mind off these concerns for a while, so you decide to listen to music to help you unwind.",Relaxation-Distraction,in_the_meantime,group_02_song_a_in_the_meantime,1,Song A,In The Meantime,E,5,in_the_meantime_du_k,mix_56e65a3ce054,assets/audio/study-stimuli/main-study/group_02/song_a_in_the_meantime/du_k.wav,0,True,True,Mix E sounds not good. I like in general less noisy or strong songs for unwinding.. Therefore I chose Mix C and D as my favorites,-1.1193186569455127,1.7918041562064675,0.9713104079970216,0.4372547184671072,optional_qc_sensitivity_predictor,True,,True,,True,94,"[""D""]",D,True,1,False,5.0
P027,group_02,group_02,P027__trial_06,6,6,EDR-2,EDR-2,3,EDR-2 - Unwinding After a Demanding Period,EDR-2,"You have some time for yourself after a demanding period. Although a few everyday concerns are still on your mind, there is nothing that requires your attention right now. You would like to feel calmer and take your mind off these concerns for a while, so you decide to listen to music to help you unwind.",Relaxation-Distraction,pouring_room,group_02_song_b_pouring_room,2,Song B,Pouring Room,A,1,pouring_room_mcg_t,mix_be2ccd4c43ff,assets/audio/study-stimuli/main-study/group_02/song_b_pouring_room/mcg_t.wav,24,True,True,I prefer songs that are les bright.. Mix A and D are more bright for me. I prefer songs with more echo or ambience,-0.0814371595061495,1.1238301932737935,1.926895983278192,-0.8792578396079359,optional_qc_sensitivity_predictor,True,,True,,True,91,"[""B""]",B,True,1,False,5.0
P027,group_02,group_02,P027__trial_06,6,6,EDR-2,EDR-2,3,EDR-2 - Unwinding After a Demanding Period,EDR-2,"You have some time for yourself after a demanding period. Although a few everyday concerns are still on your mind, there is nothing that requires your attention right now. You would like to feel calmer and take your mind off these concerns for a while, so you decide to listen to music to help you unwind.",Relaxation-Distraction,pouring_room,group_02_song_b_pouring_room,2,Song B,Pouring Room,B,2,pouring_room_mcg_pro1,mix_132e75f34470,assets/audio/study-stimuli/main-study/group_02/song_b_pouring_room/mcg_pro1.wav,91,True,True,I prefer songs that are les bright.. Mix A and D are more bright for me. I prefer songs with more echo or ambience,1.177821012274786,0.1366958746221527,-0.3534041622732912,-0.9473754159948484,optional_qc_sensitivity_predictor,True,,True,,True,91,"[""B""]",B,True,1,True,1.0
P027,group_02,group_02,P027__trial_06,6,6,EDR-2,EDR-2,3,EDR-2 - Unwinding After a Demanding Period,EDR-2,"You have some time for yourself after a demanding period. Although a few everyday concerns are still on your mind, there is nothing that requires your attention right now. You would like to feel calmer and take your mind off these concerns for a while, so you decide to listen to music to help you unwind.",Relaxation-Distraction,pouring_room,group_02_song_b_pouring_room,2,Song B,Pouring Room,C,3,pouring_room_mcg_v,mix_e08faaf8bbb3,assets/audio/study-stimuli/main-study/group_02/song_b_pouring_room/mcg_v.wav,74,True,True,I prefer songs that are les bright.. Mix A and D are more bright for me. I prefer songs with more echo or ambience,0.2009523983216312,1.112208706920678,-0.2814967551013548,-0.938440679331238,optional_qc_sensitivity_predictor,True,,True,,True,91,"[""B""]",B,True,1,False,3.0
P027,group_02,group_02,P027__trial_06,6,6,EDR-2,EDR-2,3,EDR-2 - Unwinding After a Demanding Period,EDR-2,"You have some time for yourself after a demanding period. Although a few everyday concerns are still on your mind, there is nothing that requires your attention right now. You would like to feel calmer and take your mind off these concerns for a while, so you decide to listen to music to help you unwind.",Relaxation-Distraction,pouring_room,group_02_song_b_pouring_room,2,Song B,Pouring Room,D,4,pouring_room_mcg_x,mix_cbf8555ee2b2,assets/audio/study-stimuli/main-study/group_02/song_b_pouring_room/mcg_x.wav,36,True,True,I prefer songs that are les bright.. Mix A and D are more bright for me. I prefer songs with more echo or ambience,0.4494273963527286,0.780552768870155,0.8086566197405122,-0.4801297779726206,optional_qc_sensitivity_predictor,True,,True,,True,91,"[""B""]",B,True,1,False,4.0
P027,group_02,group_02,P027__trial_06,6,6,EDR-2,EDR-2,3,EDR-2 - Unwinding After a Demanding Period,EDR-2,"You have some time for yourself after a demanding period. Although a few everyday concerns are still on your mind, there is nothing that requires your attention right now. You would like to feel calmer and take your mind off these concerns for a while, so you decide to listen to music to help you unwind.",Relaxation-Distraction,pouring_room,group_02_song_b_pouring_room,2,Song B,Pouring Room,E,5,pouring_room_mcg_r,mix_0ba76f420c1d,assets/audio/study-stimuli/main-study/group_02/song_b_pouring_room/mcg_r.wav,82,True,True,I prefer songs that are les bright.. Mix A and D are more bright for me. I prefer songs with more echo or ambience,0.2249858589620197,-0.521538265731174,0.8057256670690561,-1.2630720295337683,optional_qc_sensitivity_predictor,True,,True,,True,91,"[""B""]",B,True,1,False,2.0
P028,group_01,group_01,P028__trial_01,1,1,EDR-2,EDR-2,1,EDR-2 - Unwinding After a Demanding Period,EDR-2,"You have some time for yourself after a demanding period. Although a few everyday concerns are still on your mind, there is nothing that requires your attention right now. You would like to feel calmer and take your mind off these concerns for a while, so you decide to listen to music to help you unwind.",Relaxation-Distraction,id_like_to_know,group_01_song_b_id_like_to_know,1,Song B,I'd Like To Know,A,1,id_like_to_know_pxl_s2,mix_6f8b655d7999,assets/audio/study-stimuli/main-study/group_01/song_b_id_like_to_know/pxl_s2.wav,75,True,True,Mix E sounds weird and B I dont like it. Mix A and D sound is calm and I prefer those for this situation. Mix C doesn't make me relax,0.5329997864789321,-1.1874673519330532,-0.7637519766505488,0.5510366380169074,optional_qc_sensitivity_predictor,True,,True,,True,91,"[""D""]",D,True,1,False,2.0
P028,group_01,group_01,P028__trial_01,1,1,EDR-2,EDR-2,1,EDR-2 - Unwinding After a Demanding Period,EDR-2,"You have some time for yourself after a demanding period. Although a few everyday concerns are still on your mind, there is nothing that requires your attention right now. You would like to feel calmer and take your mind off these concerns for a while, so you decide to listen to music to help you unwind.",Relaxation-Distraction,id_like_to_know,group_01_song_b_id_like_to_know,1,Song B,I'd Like To Know,B,2,id_like_to_know_pxl_s7,mix_b393d3919c78,assets/audio/study-stimuli/main-study/group_01/song_b_id_like_to_know/pxl_s7.wav,19,True,True,Mix E sounds weird and B I dont like it. Mix A and D sound is calm and I prefer those for this situation. Mix C doesn't make me relax,-0.867056238017743,-0.6188407399054331,-0.3229009373128245,-1.0515106991885117,optional_qc_sensitivity_predictor,True,,True,,True,91,"[""D""]",D,True,1,False,3.0
P028,group_01,group_01,P028__trial_01,1,1,EDR-2,EDR-2,1,EDR-2 - Unwinding After a Demanding Period,EDR-2,"You have some time for yourself after a demanding period. Although a few everyday concerns are still on your mind, there is nothing that requires your attention right now. You would like to feel calmer and take your mind off these concerns for a while, so you decide to listen to music to help you unwind.",Relaxation-Distraction,id_like_to_know,group_01_song_b_id_like_to_know,1,Song B,I'd Like To Know,C,3,id_like_to_know_pxl_s5,mix_82d60d7c7fc5,assets/audio/study-stimuli/main-study/group_01/song_b_id_like_to_know/pxl_s5.wav,9,True,True,Mix E sounds weird and B I dont like it. Mix A and D sound is calm and I prefer those for this situation. Mix C doesn't make me relax,-0.3583378408524605,-0.1527662554529231,0.7972705919658362,1.6270752922517937,optional_qc_sensitivity_predictor,True,,True,,True,91,"[""D""]",D,True,1,False,4.0
P028,group_01,group_01,P028__trial_01,1,1,EDR-2,EDR-2,1,EDR-2 - Unwinding After a Demanding Period,EDR-2,"You have some time for yourself after a demanding period. Although a few everyday concerns are still on your mind, there is nothing that requires your attention right now. You would like to feel calmer and take your mind off these concerns for a while, so you decide to listen to music to help you unwind.",Relaxation-Distraction,id_like_to_know,group_01_song_b_id_like_to_know,1,Song B,I'd Like To Know,D,4,id_like_to_know_pxl_s3,mix_65f41f41d3ab,assets/audio/study-stimuli/main-study/group_01/song_b_id_like_to_know/pxl_s3.wav,91,True,True,Mix E sounds weird and B I dont like it. Mix A and D sound is calm and I prefer those for this situation. Mix C doesn't make me relax,0.3234844364321996,-1.065060189455143,-1.1651773700507613,-0.0982478955990668,optional_qc_sensitivity_predictor,True,,True,,True,91,"[""D""]",D,True,1,True,1.0
P028,group_01,group_01,P028__trial_01,1,1,EDR-2,EDR-2,1,EDR-2 - Unwinding After a Demanding Period,EDR-2,"You have some time for yourself after a demanding period. Although a few everyday concerns are still on your mind, there is nothing that requires your attention right now. You would like to feel calmer and take your mind off these concerns for a while, so you decide to listen to music to help you unwind.",Relaxation-Distraction,id_like_to_know,group_01_song_b_id_like_to_know,1,Song B,I'd Like To Know,E,5,id_like_to_know_pxl_s1,mix_9ffcd672af17,assets/audio/study-stimuli/main-study/group_01/song_b_id_like_to_know/pxl_s1.wav,0,True,True,Mix E sounds weird and B I dont like it. Mix A and D sound is calm and I prefer those for this situation. Mix C doesn't make me relax,-0.5659114167269081,-0.579304038497624,-0.4851205015292653,1.357247686182373,optional_qc_sensitivity_predictor,True,,True,,True,91,"[""D""]",D,True,1,False,5.0
P028,group_01,group_01,P028__trial_02,2,2,EDR-2,EDR-2,1,EDR-2 - Unwinding After a Demanding Period,EDR-2,"You have some time for yourself after a demanding period. Although a few everyday concerns are still on your mind, there is nothing that requires your attention right now. You would like to feel calmer and take your mind off these concerns for a while, so you decide to listen to music to help you unwind.",Relaxation-Distraction,lead_me,group_01_song_a_lead_me,2,Song A,Lead Me,A,1,lead_me_pxl_l1,mix_d5b28dfc8a93,assets/audio/study-stimuli/main-study/group_01/song_a_lead_me/pxl_l1.wav,94,True,True,"I prefer low vocals for this situation. Mix B is too loud the vocals and Mix C I can barely hear vocals. Mix D,E,A are better for unwinding",-0.0024436394808062,-0.3677713699084406,-1.2816942263900757,-0.1924460334762285,optional_qc_sensitivity_predictor,True,,True,,True,94,"[""A""]",A,True,1,True,1.0
P028,group_01,group_01,P028__trial_02,2,2,EDR-2,EDR-2,1,EDR-2 - Unwinding After a Demanding Period,EDR-2,"You have some time for yourself after a demanding period. Although a few everyday concerns are still on your mind, there is nothing that requires your attention right now. You would like to feel calmer and take your mind off these concerns for a while, so you decide to listen to music to help you unwind.",Relaxation-Distraction,lead_me,group_01_song_a_lead_me,2,Song A,Lead Me,B,2,lead_me_du_e,mix_271852ba8676,assets/audio/study-stimuli/main-study/group_01/song_a_lead_me/du_e.wav,8,True,True,"I prefer low vocals for this situation. Mix B is too loud the vocals and Mix C I can barely hear vocals. Mix D,E,A are better for unwinding",-1.0250576971995913,0.5199952869185839,-0.8666083508697964,0.9959336464039888,optional_qc_sensitivity_predictor,True,,True,,True,94,"[""A""]",A,True,1,False,5.0
P028,group_01,group_01,P028__trial_02,2,2,EDR-2,EDR-2,1,EDR-2 - Unwinding After a Demanding Period,EDR-2,"You have some time for yourself after a demanding period. Although a few everyday concerns are still on your mind, there is nothing that requires your attention right now. You would like to feel calmer and take your mind off these concerns for a while, so you decide to listen to music to help you unwind.",Relaxation-Distraction,lead_me,group_01_song_a_lead_me,2,Song A,Lead Me,C,3,lead_me_du_d,mix_f1f7973e5bac,assets/audio/study-stimuli/main-study/group_01/song_a_lead_me/du_d.wav,20,True,True,"I prefer low vocals for this situation. Mix B is too loud the vocals and Mix C I can barely hear vocals. Mix D,E,A are better for unwinding",0.7402857811167308,-1.548717422055362,0.3280479404435016,-1.017146833506479,optional_qc_sensitivity_predictor,True,,True,,True,94,"[""A""]",A,True,1,False,4.0
P028,group_01,group_01,P028__trial_02,2,2,EDR-2,EDR-2,1,EDR-2 - Unwinding After a Demanding Period,EDR-2,"You have some time for yourself after a demanding period. Although a few everyday concerns are still on your mind, there is nothing that requires your attention right now. You would like to feel calmer and take your mind off these concerns for a while, so you decide to listen to music to help you unwind.",Relaxation-Distraction,lead_me,group_01_song_a_lead_me,2,Song A,Lead Me,D,4,lead_me_pxl_l4,mix_c7d9a071ba25,assets/audio/study-stimuli/main-study/group_01/song_a_lead_me/pxl_l4.wav,69,True,True,"I prefer low vocals for this situation. Mix B is too loud the vocals and Mix C I can barely hear vocals. Mix D,E,A are better for unwinding",-0.0552007785055364,-0.8412121981784734,0.8321106863211235,2.390299590706203,optional_qc_sensitivity_predictor,True,,True,,True,94,"[""A""]",A,True,1,False,3.0
P028,group_01,group_01,P028__trial_02,2,2,EDR-2,EDR-2,1,EDR-2 - Unwinding After a Demanding Period,EDR-2,"You have some time for yourself after a demanding period. Although a few everyday concerns are still on your mind, there is nothing that requires your attention right now. You would like to feel calmer and take your mind off these concerns for a while, so you decide to listen to music to help you unwind.",Relaxation-Distraction,lead_me,group_01_song_a_lead_me,2,Song A,Lead Me,E,5,lead_me_mcg_pro2,mix_d3e3580b6e30,assets/audio/study-stimuli/main-study/group_01/song_a_lead_me/mcg_pro2.wav,81,True,True,"I prefer low vocals for this situation. Mix B is too loud the vocals and Mix C I can barely hear vocals. Mix D,E,A are better for unwinding",2.9805308263561203,0.8594252384169624,-0.9263284806752846,0.048773555233824,optional_qc_sensitivity_predictor,True,,True,,True,94,"[""A""]",A,True,1,False,2.0
P028,group_01,group_01,P028__trial_03,3,3,FM-1,FM-1,2,FM-1 - Maintaining Engagement During an Activity,FM-1,"You are engaged in an activity that requires sustained mental or physical effort. As you continue, it becomes more difficult to stay engaged. You want to maintain your focus and motivation so that you can continue making steady progress toward completing the activity. You decide to listen to music while carrying on with the activity.",Focus-Motivation,lead_me,group_01_song_a_lead_me,1,Song A,Lead Me,A,1,lead_me_mcg_pro2,mix_d3e3580b6e30,assets/audio/study-stimuli/main-study/group_01/song_a_lead_me/mcg_pro2.wav,10,True,True,"Mix A misses energy, the same as Mix B. Mix C voice is very loud and is distracting so I don't like it. The same for E and D, I don't like any. ",2.9805308263561203,0.8594252384169624,-0.9263284806752846,0.048773555233824,optional_qc_sensitivity_predictor,True,,True,,True,20,"[""D""]",D,True,1,False,3.0
P028,group_01,group_01,P028__trial_03,3,3,FM-1,FM-1,2,FM-1 - Maintaining Engagement During an Activity,FM-1,"You are engaged in an activity that requires sustained mental or physical effort. As you continue, it becomes more difficult to stay engaged. You want to maintain your focus and motivation so that you can continue making steady progress toward completing the activity. You decide to listen to music while carrying on with the activity.",Focus-Motivation,lead_me,group_01_song_a_lead_me,1,Song A,Lead Me,B,2,lead_me_pxl_l4,mix_c7d9a071ba25,assets/audio/study-stimuli/main-study/group_01/song_a_lead_me/pxl_l4.wav,0,True,True,"Mix A misses energy, the same as Mix B. Mix C voice is very loud and is distracting so I don't like it. The same for E and D, I don't like any. ",-0.0552007785055364,-0.8412121981784734,0.8321106863211235,2.390299590706203,optional_qc_sensitivity_predictor,True,,True,,True,20,"[""D""]",D,True,1,False,5.0
P028,group_01,group_01,P028__trial_03,3,3,FM-1,FM-1,2,FM-1 - Maintaining Engagement During an Activity,FM-1,"You are engaged in an activity that requires sustained mental or physical effort. As you continue, it becomes more difficult to stay engaged. You want to maintain your focus and motivation so that you can continue making steady progress toward completing the activity. You decide to listen to music while carrying on with the activity.",Focus-Motivation,lead_me,group_01_song_a_lead_me,1,Song A,Lead Me,C,3,lead_me_du_e,mix_271852ba8676,assets/audio/study-stimuli/main-study/group_01/song_a_lead_me/du_e.wav,5,True,True,"Mix A misses energy, the same as Mix B. Mix C voice is very loud and is distracting so I don't like it. The same for E and D, I don't like any. ",-1.0250576971995913,0.5199952869185839,-0.8666083508697964,0.9959336464039888,optional_qc_sensitivity_predictor,True,,True,,True,20,"[""D""]",D,True,1,False,4.0
P028,group_01,group_01,P028__trial_03,3,3,FM-1,FM-1,2,FM-1 - Maintaining Engagement During an Activity,FM-1,"You are engaged in an activity that requires sustained mental or physical effort. As you continue, it becomes more difficult to stay engaged. You want to maintain your focus and motivation so that you can continue making steady progress toward completing the activity. You decide to listen to music while carrying on with the activity.",Focus-Motivation,lead_me,group_01_song_a_lead_me,1,Song A,Lead Me,D,4,lead_me_du_d,mix_f1f7973e5bac,assets/audio/study-stimuli/main-study/group_01/song_a_lead_me/du_d.wav,20,True,True,"Mix A misses energy, the same as Mix B. Mix C voice is very loud and is distracting so I don't like it. The same for E and D, I don't like any. ",0.7402857811167308,-1.548717422055362,0.3280479404435016,-1.017146833506479,optional_qc_sensitivity_predictor,True,,True,,True,20,"[""D""]",D,True,1,True,1.0
P028,group_01,group_01,P028__trial_03,3,3,FM-1,FM-1,2,FM-1 - Maintaining Engagement During an Activity,FM-1,"You are engaged in an activity that requires sustained mental or physical effort. As you continue, it becomes more difficult to stay engaged. You want to maintain your focus and motivation so that you can continue making steady progress toward completing the activity. You decide to listen to music while carrying on with the activity.",Focus-Motivation,lead_me,group_01_song_a_lead_me,1,Song A,Lead Me,E,5,lead_me_pxl_l1,mix_d5b28dfc8a93,assets/audio/study-stimuli/main-study/group_01/song_a_lead_me/pxl_l1.wav,15,True,True,"Mix A misses energy, the same as Mix B. Mix C voice is very loud and is distracting so I don't like it. The same for E and D, I don't like any. ",-0.0024436394808062,-0.3677713699084406,-1.2816942263900757,-0.1924460334762285,optional_qc_sensitivity_predictor,True,,True,,True,20,"[""D""]",D,True,1,False,2.0
P028,group_01,group_01,P028__trial_04,4,4,FM-1,FM-1,2,FM-1 - Maintaining Engagement During an Activity,FM-1,"You are engaged in an activity that requires sustained mental or physical effort. As you continue, it becomes more difficult to stay engaged. You want to maintain your focus and motivation so that you can continue making steady progress toward completing the activity. You decide to listen to music while carrying on with the activity.",Focus-Motivation,id_like_to_know,group_01_song_b_id_like_to_know,2,Song B,I'd Like To Know,A,1,id_like_to_know_pxl_s5,mix_82d60d7c7fc5,assets/audio/study-stimuli/main-study/group_01/song_b_id_like_to_know/pxl_s5.wav,23,True,True,"Mix A is just okay, nothing special, Mix B and C sounds with more energy. Mix D is good for mental focus",-0.3583378408524605,-0.1527662554529231,0.7972705919658362,1.6270752922517937,optional_qc_sensitivity_predictor,True,,True,,True,96,"[""D""]",D,True,1,False,4.0
P028,group_01,group_01,P028__trial_04,4,4,FM-1,FM-1,2,FM-1 - Maintaining Engagement During an Activity,FM-1,"You are engaged in an activity that requires sustained mental or physical effort. As you continue, it becomes more difficult to stay engaged. You want to maintain your focus and motivation so that you can continue making steady progress toward completing the activity. You decide to listen to music while carrying on with the activity.",Focus-Motivation,id_like_to_know,group_01_song_b_id_like_to_know,2,Song B,I'd Like To Know,B,2,id_like_to_know_pxl_s1,mix_9ffcd672af17,assets/audio/study-stimuli/main-study/group_01/song_b_id_like_to_know/pxl_s1.wav,87,True,True,"Mix A is just okay, nothing special, Mix B and C sounds with more energy. Mix D is good for mental focus",-0.5659114167269081,-0.579304038497624,-0.4851205015292653,1.357247686182373,optional_qc_sensitivity_predictor,True,,True,,True,96,"[""D""]",D,True,1,False,2.0
P028,group_01,group_01,P028__trial_04,4,4,FM-1,FM-1,2,FM-1 - Maintaining Engagement During an Activity,FM-1,"You are engaged in an activity that requires sustained mental or physical effort. As you continue, it becomes more difficult to stay engaged. You want to maintain your focus and motivation so that you can continue making steady progress toward completing the activity. You decide to listen to music while carrying on with the activity.",Focus-Motivation,id_like_to_know,group_01_song_b_id_like_to_know,2,Song B,I'd Like To Know,C,3,id_like_to_know_pxl_s2,mix_6f8b655d7999,assets/audio/study-stimuli/main-study/group_01/song_b_id_like_to_know/pxl_s2.wav,75,True,True,"Mix A is just okay, nothing special, Mix B and C sounds with more energy. Mix D is good for mental focus",0.5329997864789321,-1.1874673519330532,-0.7637519766505488,0.5510366380169074,optional_qc_sensitivity_predictor,True,,True,,True,96,"[""D""]",D,True,1,False,3.0
P028,group_01,group_01,P028__trial_04,4,4,FM-1,FM-1,2,FM-1 - Maintaining Engagement During an Activity,FM-1,"You are engaged in an activity that requires sustained mental or physical effort. As you continue, it becomes more difficult to stay engaged. You want to maintain your focus and motivation so that you can continue making steady progress toward completing the activity. You decide to listen to music while carrying on with the activity.",Focus-Motivation,id_like_to_know,group_01_song_b_id_like_to_know,2,Song B,I'd Like To Know,D,4,id_like_to_know_pxl_s3,mix_65f41f41d3ab,assets/audio/study-stimuli/main-study/group_01/song_b_id_like_to_know/pxl_s3.wav,96,True,True,"Mix A is just okay, nothing special, Mix B and C sounds with more energy. Mix D is good for mental focus",0.3234844364321996,-1.065060189455143,-1.1651773700507613,-0.0982478955990668,optional_qc_sensitivity_predictor,True,,True,,True,96,"[""D""]",D,True,1,True,1.0
P028,group_01,group_01,P028__trial_04,4,4,FM-1,FM-1,2,FM-1 - Maintaining Engagement During an Activity,FM-1,"You are engaged in an activity that requires sustained mental or physical effort. As you continue, it becomes more difficult to stay engaged. You want to maintain your focus and motivation so that you can continue making steady progress toward completing the activity. You decide to listen to music while carrying on with the activity.",Focus-Motivation,id_like_to_know,group_01_song_b_id_like_to_know,2,Song B,I'd Like To Know,E,5,id_like_to_know_pxl_s7,mix_b393d3919c78,assets/audio/study-stimuli/main-study/group_01/song_b_id_like_to_know/pxl_s7.wav,10,True,True,"Mix A is just okay, nothing special, Mix B and C sounds with more energy. Mix D is good for mental focus",-0.867056238017743,-0.6188407399054331,-0.3229009373128245,-1.0515106991885117,optional_qc_sensitivity_predictor,True,,True,,True,96,"[""D""]",D,True,1,False,5.0
P028,group_01,group_01,P028__trial_05,5,5,EDR-1,EDR-1,3,EDR-1 - Enjoying Free Time,EDR-1,"You have some free time and no immediate responsibilities that require your attention. You are not feeling tired or worried, but you would like to enjoy your time rather than let it pass uneventfully. You decide to listen to music for entertainment, making your free time more enjoyable.",Enjoyment,id_like_to_know,group_01_song_b_id_like_to_know,1,Song B,I'd Like To Know,A,1,id_like_to_know_pxl_s3,mix_65f41f41d3ab,assets/audio/study-stimuli/main-study/group_01/song_b_id_like_to_know/pxl_s3.wav,92,True,True,"I dont like the weird mixes (B,E). I prefer C,D,A since they would help me for entertainment, I like songs that are well balanced, warm and clear vocals",0.3234844364321996,-1.065060189455143,-1.1651773700507613,-0.0982478955990668,optional_qc_sensitivity_predictor,True,,True,,True,92,"[""A""]",A,True,1,True,1.0
P028,group_01,group_01,P028__trial_05,5,5,EDR-1,EDR-1,3,EDR-1 - Enjoying Free Time,EDR-1,"You have some free time and no immediate responsibilities that require your attention. You are not feeling tired or worried, but you would like to enjoy your time rather than let it pass uneventfully. You decide to listen to music for entertainment, making your free time more enjoyable.",Enjoyment,id_like_to_know,group_01_song_b_id_like_to_know,1,Song B,I'd Like To Know,B,2,id_like_to_know_pxl_s5,mix_82d60d7c7fc5,assets/audio/study-stimuli/main-study/group_01/song_b_id_like_to_know/pxl_s5.wav,11,True,True,"I dont like the weird mixes (B,E). I prefer C,D,A since they would help me for entertainment, I like songs that are well balanced, warm and clear vocals",-0.3583378408524605,-0.1527662554529231,0.7972705919658362,1.6270752922517937,optional_qc_sensitivity_predictor,True,,True,,True,92,"[""A""]",A,True,1,False,5.0
P028,group_01,group_01,P028__trial_05,5,5,EDR-1,EDR-1,3,EDR-1 - Enjoying Free Time,EDR-1,"You have some free time and no immediate responsibilities that require your attention. You are not feeling tired or worried, but you would like to enjoy your time rather than let it pass uneventfully. You decide to listen to music for entertainment, making your free time more enjoyable.",Enjoyment,id_like_to_know,group_01_song_b_id_like_to_know,1,Song B,I'd Like To Know,C,3,id_like_to_know_pxl_s1,mix_9ffcd672af17,assets/audio/study-stimuli/main-study/group_01/song_b_id_like_to_know/pxl_s1.wav,76,True,True,"I dont like the weird mixes (B,E). I prefer C,D,A since they would help me for entertainment, I like songs that are well balanced, warm and clear vocals",-0.5659114167269081,-0.579304038497624,-0.4851205015292653,1.357247686182373,optional_qc_sensitivity_predictor,True,,True,,True,92,"[""A""]",A,True,1,False,3.0
P028,group_01,group_01,P028__trial_05,5,5,EDR-1,EDR-1,3,EDR-1 - Enjoying Free Time,EDR-1,"You have some free time and no immediate responsibilities that require your attention. You are not feeling tired or worried, but you would like to enjoy your time rather than let it pass uneventfully. You decide to listen to music for entertainment, making your free time more enjoyable.",Enjoyment,id_like_to_know,group_01_song_b_id_like_to_know,1,Song B,I'd Like To Know,D,4,id_like_to_know_pxl_s2,mix_6f8b655d7999,assets/audio/study-stimuli/main-study/group_01/song_b_id_like_to_know/pxl_s2.wav,83,True,True,"I dont like the weird mixes (B,E). I prefer C,D,A since they would help me for entertainment, I like songs that are well balanced, warm and clear vocals",0.5329997864789321,-1.1874673519330532,-0.7637519766505488,0.5510366380169074,optional_qc_sensitivity_predictor,True,,True,,True,92,"[""A""]",A,True,1,False,2.0
P028,group_01,group_01,P028__trial_05,5,5,EDR-1,EDR-1,3,EDR-1 - Enjoying Free Time,EDR-1,"You have some free time and no immediate responsibilities that require your attention. You are not feeling tired or worried, but you would like to enjoy your time rather than let it pass uneventfully. You decide to listen to music for entertainment, making your free time more enjoyable.",Enjoyment,id_like_to_know,group_01_song_b_id_like_to_know,1,Song B,I'd Like To Know,E,5,id_like_to_know_pxl_s7,mix_b393d3919c78,assets/audio/study-stimuli/main-study/group_01/song_b_id_like_to_know/pxl_s7.wav,21,True,True,"I dont like the weird mixes (B,E). I prefer C,D,A since they would help me for entertainment, I like songs that are well balanced, warm and clear vocals",-0.867056238017743,-0.6188407399054331,-0.3229009373128245,-1.0515106991885117,optional_qc_sensitivity_predictor,True,,True,,True,92,"[""A""]",A,True,1,False,4.0
P028,group_01,group_01,P028__trial_06,6,6,EDR-1,EDR-1,3,EDR-1 - Enjoying Free Time,EDR-1,"You have some free time and no immediate responsibilities that require your attention. You are not feeling tired or worried, but you would like to enjoy your time rather than let it pass uneventfully. You decide to listen to music for entertainment, making your free time more enjoyable.",Enjoyment,lead_me,group_01_song_a_lead_me,2,Song A,Lead Me,A,1,lead_me_du_d,mix_f1f7973e5bac,assets/audio/study-stimuli/main-study/group_01/song_a_lead_me/du_d.wav,91,True,True,"I like warm songs, Mix C and E doesn't sound warm. Mix B.A,D sound better and more warm. Mix D voice is too low",0.7402857811167308,-1.548717422055362,0.3280479404435016,-1.017146833506479,optional_qc_sensitivity_predictor,True,,True,,True,91,"[""A""]",A,True,1,True,1.0
P028,group_01,group_01,P028__trial_06,6,6,EDR-1,EDR-1,3,EDR-1 - Enjoying Free Time,EDR-1,"You have some free time and no immediate responsibilities that require your attention. You are not feeling tired or worried, but you would like to enjoy your time rather than let it pass uneventfully. You decide to listen to music for entertainment, making your free time more enjoyable.",Enjoyment,lead_me,group_01_song_a_lead_me,2,Song A,Lead Me,B,2,lead_me_pxl_l4,mix_c7d9a071ba25,assets/audio/study-stimuli/main-study/group_01/song_a_lead_me/pxl_l4.wav,80,True,True,"I like warm songs, Mix C and E doesn't sound warm. Mix B.A,D sound better and more warm. Mix D voice is too low",-0.0552007785055364,-0.8412121981784734,0.8321106863211235,2.390299590706203,optional_qc_sensitivity_predictor,True,,True,,True,91,"[""A""]",A,True,1,False,2.0
P028,group_01,group_01,P028__trial_06,6,6,EDR-1,EDR-1,3,EDR-1 - Enjoying Free Time,EDR-1,"You have some free time and no immediate responsibilities that require your attention. You are not feeling tired or worried, but you would like to enjoy your time rather than let it pass uneventfully. You decide to listen to music for entertainment, making your free time more enjoyable.",Enjoyment,lead_me,group_01_song_a_lead_me,2,Song A,Lead Me,C,3,lead_me_du_e,mix_271852ba8676,assets/audio/study-stimuli/main-study/group_01/song_a_lead_me/du_e.wav,0,True,True,"I like warm songs, Mix C and E doesn't sound warm. Mix B.A,D sound better and more warm. Mix D voice is too low",-1.0250576971995913,0.5199952869185839,-0.8666083508697964,0.9959336464039888,optional_qc_sensitivity_predictor,True,,True,,True,91,"[""A""]",A,True,1,False,5.0
P028,group_01,group_01,P028__trial_06,6,6,EDR-1,EDR-1,3,EDR-1 - Enjoying Free Time,EDR-1,"You have some free time and no immediate responsibilities that require your attention. You are not feeling tired or worried, but you would like to enjoy your time rather than let it pass uneventfully. You decide to listen to music for entertainment, making your free time more enjoyable.",Enjoyment,lead_me,group_01_song_a_lead_me,2,Song A,Lead Me,D,4,lead_me_mcg_pro2,mix_d3e3580b6e30,assets/audio/study-stimuli/main-study/group_01/song_a_lead_me/mcg_pro2.wav,50,True,True,"I like warm songs, Mix C and E doesn't sound warm. Mix B.A,D sound better and more warm. Mix D voice is too low",2.9805308263561203,0.8594252384169624,-0.9263284806752846,0.048773555233824,optional_qc_sensitivity_predictor,True,,True,,True,91,"[""A""]",A,True,1,False,3.0
P028,group_01,group_01,P028__trial_06,6,6,EDR-1,EDR-1,3,EDR-1 - Enjoying Free Time,EDR-1,"You have some free time and no immediate responsibilities that require your attention. You are not feeling tired or worried, but you would like to enjoy your time rather than let it pass uneventfully. You decide to listen to music for entertainment, making your free time more enjoyable.",Enjoyment,lead_me,group_01_song_a_lead_me,2,Song A,Lead Me,E,5,lead_me_pxl_l1,mix_d5b28dfc8a93,assets/audio/study-stimuli/main-study/group_01/song_a_lead_me/pxl_l1.wav,14,True,True,"I like warm songs, Mix C and E doesn't sound warm. Mix B.A,D sound better and more warm. Mix D voice is too low",-0.0024436394808062,-0.3677713699084406,-1.2816942263900757,-0.1924460334762285,optional_qc_sensitivity_predictor,True,,True,,True,91,"[""A""]",A,True,1,False,4.0
P029,group_02,group_02,P029__trial_01,1,1,EDR-1,EDR-1,1,EDR-1 - Enjoying Free Time,EDR-1,"You have some free time and no immediate responsibilities that require your attention. You are not feeling tired or worried, but you would like to enjoy your time rather than let it pass uneventfully. You decide to listen to music for entertainment, making your free time more enjoyable.",Enjoyment,pouring_room,group_02_song_b_pouring_room,1,Song B,Pouring Room,A,1,pouring_room_mcg_x,mix_cbf8555ee2b2,assets/audio/study-stimuli/main-study/group_02/song_b_pouring_room/mcg_x.wav,15,True,True,"Mix B sounds like radio i dont like it, Mix A instruments are louder than vocals for me. I like to hear the vocals clearly so i think Mix C,D, and E are more like that",0.4494273963527286,0.780552768870155,0.8086566197405122,-0.4801297779726206,optional_qc_sensitivity_predictor,True,,True,,True,89,"[""C""]",C,True,1,False,4.0
P029,group_02,group_02,P029__trial_01,1,1,EDR-1,EDR-1,1,EDR-1 - Enjoying Free Time,EDR-1,"You have some free time and no immediate responsibilities that require your attention. You are not feeling tired or worried, but you would like to enjoy your time rather than let it pass uneventfully. You decide to listen to music for entertainment, making your free time more enjoyable.",Enjoyment,pouring_room,group_02_song_b_pouring_room,1,Song B,Pouring Room,B,2,pouring_room_mcg_t,mix_be2ccd4c43ff,assets/audio/study-stimuli/main-study/group_02/song_b_pouring_room/mcg_t.wav,7,True,True,"Mix B sounds like radio i dont like it, Mix A instruments are louder than vocals for me. I like to hear the vocals clearly so i think Mix C,D, and E are more like that",-0.0814371595061495,1.1238301932737935,1.926895983278192,-0.8792578396079359,optional_qc_sensitivity_predictor,True,,True,,True,89,"[""C""]",C,True,1,False,5.0
P029,group_02,group_02,P029__trial_01,1,1,EDR-1,EDR-1,1,EDR-1 - Enjoying Free Time,EDR-1,"You have some free time and no immediate responsibilities that require your attention. You are not feeling tired or worried, but you would like to enjoy your time rather than let it pass uneventfully. You decide to listen to music for entertainment, making your free time more enjoyable.",Enjoyment,pouring_room,group_02_song_b_pouring_room,1,Song B,Pouring Room,C,3,pouring_room_mcg_r,mix_0ba76f420c1d,assets/audio/study-stimuli/main-study/group_02/song_b_pouring_room/mcg_r.wav,89,True,True,"Mix B sounds like radio i dont like it, Mix A instruments are louder than vocals for me. I like to hear the vocals clearly so i think Mix C,D, and E are more like that",0.2249858589620197,-0.521538265731174,0.8057256670690561,-1.2630720295337683,optional_qc_sensitivity_predictor,True,,True,,True,89,"[""C""]",C,True,1,True,1.0
P029,group_02,group_02,P029__trial_01,1,1,EDR-1,EDR-1,1,EDR-1 - Enjoying Free Time,EDR-1,"You have some free time and no immediate responsibilities that require your attention. You are not feeling tired or worried, but you would like to enjoy your time rather than let it pass uneventfully. You decide to listen to music for entertainment, making your free time more enjoyable.",Enjoyment,pouring_room,group_02_song_b_pouring_room,1,Song B,Pouring Room,D,4,pouring_room_mcg_pro1,mix_132e75f34470,assets/audio/study-stimuli/main-study/group_02/song_b_pouring_room/mcg_pro1.wav,73,True,True,"Mix B sounds like radio i dont like it, Mix A instruments are louder than vocals for me. I like to hear the vocals clearly so i think Mix C,D, and E are more like that",1.177821012274786,0.1366958746221527,-0.3534041622732912,-0.9473754159948484,optional_qc_sensitivity_predictor,True,,True,,True,89,"[""C""]",C,True,1,False,2.0
P029,group_02,group_02,P029__trial_01,1,1,EDR-1,EDR-1,1,EDR-1 - Enjoying Free Time,EDR-1,"You have some free time and no immediate responsibilities that require your attention. You are not feeling tired or worried, but you would like to enjoy your time rather than let it pass uneventfully. You decide to listen to music for entertainment, making your free time more enjoyable.",Enjoyment,pouring_room,group_02_song_b_pouring_room,1,Song B,Pouring Room,E,5,pouring_room_mcg_v,mix_e08faaf8bbb3,assets/audio/study-stimuli/main-study/group_02/song_b_pouring_room/mcg_v.wav,50,True,True,"Mix B sounds like radio i dont like it, Mix A instruments are louder than vocals for me. I like to hear the vocals clearly so i think Mix C,D, and E are more like that",0.2009523983216312,1.112208706920678,-0.2814967551013548,-0.938440679331238,optional_qc_sensitivity_predictor,True,,True,,True,89,"[""C""]",C,True,1,False,3.0
P029,group_02,group_02,P029__trial_02,2,2,EDR-1,EDR-1,1,EDR-1 - Enjoying Free Time,EDR-1,"You have some free time and no immediate responsibilities that require your attention. You are not feeling tired or worried, but you would like to enjoy your time rather than let it pass uneventfully. You decide to listen to music for entertainment, making your free time more enjoyable.",Enjoyment,in_the_meantime,group_02_song_a_in_the_meantime,2,Song A,In The Meantime,A,1,in_the_meantime_qut_pro,mix_cdaef40f2b94,assets/audio/study-stimuli/main-study/group_02/song_a_in_the_meantime/qut_pro.wav,93,True,True,"I like well balanced songs, I don't like strong instruments volume like Mix C. Mix D sounds bad. Mix E sounds very low. I like mix B and A",-0.6756280657690176,-1.4346341192827423,1.8511013279434223,-0.7325346788768815,optional_qc_sensitivity_predictor,True,,True,,True,93,"[""A""]",A,True,1,True,1.0
P029,group_02,group_02,P029__trial_02,2,2,EDR-1,EDR-1,1,EDR-1 - Enjoying Free Time,EDR-1,"You have some free time and no immediate responsibilities that require your attention. You are not feeling tired or worried, but you would like to enjoy your time rather than let it pass uneventfully. You decide to listen to music for entertainment, making your free time more enjoyable.",Enjoyment,in_the_meantime,group_02_song_a_in_the_meantime,2,Song A,In The Meantime,B,2,in_the_meantime_du_h,mix_302f0efe8a80,assets/audio/study-stimuli/main-study/group_02/song_a_in_the_meantime/du_h.wav,75,True,True,"I like well balanced songs, I don't like strong instruments volume like Mix C. Mix D sounds bad. Mix E sounds very low. I like mix B and A",0.6887214233465396,0.2719152524959843,-0.8693704120952901,0.8234428342152216,optional_qc_sensitivity_predictor,True,,True,,True,93,"[""A""]",A,True,1,False,2.0
P029,group_02,group_02,P029__trial_02,2,2,EDR-1,EDR-1,1,EDR-1 - Enjoying Free Time,EDR-1,"You have some free time and no immediate responsibilities that require your attention. You are not feeling tired or worried, but you would like to enjoy your time rather than let it pass uneventfully. You decide to listen to music for entertainment, making your free time more enjoyable.",Enjoyment,in_the_meantime,group_02_song_a_in_the_meantime,2,Song A,In The Meantime,C,3,in_the_meantime_du_i,mix_9baa86357fd4,assets/audio/study-stimuli/main-study/group_02/song_a_in_the_meantime/du_i.wav,11,True,True,"I like well balanced songs, I don't like strong instruments volume like Mix C. Mix D sounds bad. Mix E sounds very low. I like mix B and A",-1.8990066727669184,1.9187185345499165,0.5415536857115313,-0.721703057329889,optional_qc_sensitivity_predictor,True,,True,,True,93,"[""A""]",A,True,1,False,4.0
P029,group_02,group_02,P029__trial_02,2,2,EDR-1,EDR-1,1,EDR-1 - Enjoying Free Time,EDR-1,"You have some free time and no immediate responsibilities that require your attention. You are not feeling tired or worried, but you would like to enjoy your time rather than let it pass uneventfully. You decide to listen to music for entertainment, making your free time more enjoyable.",Enjoyment,in_the_meantime,group_02_song_a_in_the_meantime,2,Song A,In The Meantime,D,4,in_the_meantime_du_k,mix_56e65a3ce054,assets/audio/study-stimuli/main-study/group_02/song_a_in_the_meantime/du_k.wav,0,True,True,"I like well balanced songs, I don't like strong instruments volume like Mix C. Mix D sounds bad. Mix E sounds very low. I like mix B and A",-1.1193186569455127,1.7918041562064675,0.9713104079970216,0.4372547184671072,optional_qc_sensitivity_predictor,True,,True,,True,93,"[""A""]",A,True,1,False,5.0
P029,group_02,group_02,P029__trial_02,2,2,EDR-1,EDR-1,1,EDR-1 - Enjoying Free Time,EDR-1,"You have some free time and no immediate responsibilities that require your attention. You are not feeling tired or worried, but you would like to enjoy your time rather than let it pass uneventfully. You decide to listen to music for entertainment, making your free time more enjoyable.",Enjoyment,in_the_meantime,group_02_song_a_in_the_meantime,2,Song A,In The Meantime,E,5,in_the_meantime_qut_b,mix_c7bdcba64775,assets/audio/study-stimuli/main-study/group_02/song_a_in_the_meantime/qut_b.wav,28,True,True,"I like well balanced songs, I don't like strong instruments volume like Mix C. Mix D sounds bad. Mix E sounds very low. I like mix B and A",-0.6698107538710293,-0.1978340618743536,-1.5468197375217057,0.0908009789400507,optional_qc_sensitivity_predictor,True,,True,,True,93,"[""A""]",A,True,1,False,3.0
P029,group_02,group_02,P029__trial_03,3,3,EDR-2,EDR-2,2,EDR-2 - Unwinding After a Demanding Period,EDR-2,"You have some time for yourself after a demanding period. Although a few everyday concerns are still on your mind, there is nothing that requires your attention right now. You would like to feel calmer and take your mind off these concerns for a while, so you decide to listen to music to help you unwind.",Relaxation-Distraction,pouring_room,group_02_song_b_pouring_room,1,Song B,Pouring Room,A,1,pouring_room_mcg_pro1,mix_132e75f34470,assets/audio/study-stimuli/main-study/group_02/song_b_pouring_room/mcg_pro1.wav,13,True,True,"Overall the music is really calm. I like songs that sound more slow or calmed, with not noisy sounds.",1.177821012274786,0.1366958746221527,-0.3534041622732912,-0.9473754159948484,optional_qc_sensitivity_predictor,True,,True,,True,100,"[""B""]",B,True,1,False,5.0
P029,group_02,group_02,P029__trial_03,3,3,EDR-2,EDR-2,2,EDR-2 - Unwinding After a Demanding Period,EDR-2,"You have some time for yourself after a demanding period. Although a few everyday concerns are still on your mind, there is nothing that requires your attention right now. You would like to feel calmer and take your mind off these concerns for a while, so you decide to listen to music to help you unwind.",Relaxation-Distraction,pouring_room,group_02_song_b_pouring_room,1,Song B,Pouring Room,B,2,pouring_room_mcg_r,mix_0ba76f420c1d,assets/audio/study-stimuli/main-study/group_02/song_b_pouring_room/mcg_r.wav,100,True,True,"Overall the music is really calm. I like songs that sound more slow or calmed, with not noisy sounds.",0.2249858589620197,-0.521538265731174,0.8057256670690561,-1.2630720295337683,optional_qc_sensitivity_predictor,True,,True,,True,100,"[""B""]",B,True,1,True,1.0
P029,group_02,group_02,P029__trial_03,3,3,EDR-2,EDR-2,2,EDR-2 - Unwinding After a Demanding Period,EDR-2,"You have some time for yourself after a demanding period. Although a few everyday concerns are still on your mind, there is nothing that requires your attention right now. You would like to feel calmer and take your mind off these concerns for a while, so you decide to listen to music to help you unwind.",Relaxation-Distraction,pouring_room,group_02_song_b_pouring_room,1,Song B,Pouring Room,C,3,pouring_room_mcg_v,mix_e08faaf8bbb3,assets/audio/study-stimuli/main-study/group_02/song_b_pouring_room/mcg_v.wav,56,True,True,"Overall the music is really calm. I like songs that sound more slow or calmed, with not noisy sounds.",0.2009523983216312,1.112208706920678,-0.2814967551013548,-0.938440679331238,optional_qc_sensitivity_predictor,True,,True,,True,100,"[""B""]",B,True,1,False,3.0
P029,group_02,group_02,P029__trial_03,3,3,EDR-2,EDR-2,2,EDR-2 - Unwinding After a Demanding Period,EDR-2,"You have some time for yourself after a demanding period. Although a few everyday concerns are still on your mind, there is nothing that requires your attention right now. You would like to feel calmer and take your mind off these concerns for a while, so you decide to listen to music to help you unwind.",Relaxation-Distraction,pouring_room,group_02_song_b_pouring_room,1,Song B,Pouring Room,D,4,pouring_room_mcg_t,mix_be2ccd4c43ff,assets/audio/study-stimuli/main-study/group_02/song_b_pouring_room/mcg_t.wav,22,True,True,"Overall the music is really calm. I like songs that sound more slow or calmed, with not noisy sounds.",-0.0814371595061495,1.1238301932737935,1.926895983278192,-0.8792578396079359,optional_qc_sensitivity_predictor,True,,True,,True,100,"[""B""]",B,True,1,False,4.0
P029,group_02,group_02,P029__trial_03,3,3,EDR-2,EDR-2,2,EDR-2 - Unwinding After a Demanding Period,EDR-2,"You have some time for yourself after a demanding period. Although a few everyday concerns are still on your mind, there is nothing that requires your attention right now. You would like to feel calmer and take your mind off these concerns for a while, so you decide to listen to music to help you unwind.",Relaxation-Distraction,pouring_room,group_02_song_b_pouring_room,1,Song B,Pouring Room,E,5,pouring_room_mcg_x,mix_cbf8555ee2b2,assets/audio/study-stimuli/main-study/group_02/song_b_pouring_room/mcg_x.wav,85,True,True,"Overall the music is really calm. I like songs that sound more slow or calmed, with not noisy sounds.",0.4494273963527286,0.780552768870155,0.8086566197405122,-0.4801297779726206,optional_qc_sensitivity_predictor,True,,True,,True,100,"[""B""]",B,True,1,False,2.0
P029,group_02,group_02,P029__trial_04,4,4,EDR-2,EDR-2,2,EDR-2 - Unwinding After a Demanding Period,EDR-2,"You have some time for yourself after a demanding period. Although a few everyday concerns are still on your mind, there is nothing that requires your attention right now. You would like to feel calmer and take your mind off these concerns for a while, so you decide to listen to music to help you unwind.",Relaxation-Distraction,in_the_meantime,group_02_song_a_in_the_meantime,2,Song A,In The Meantime,A,1,in_the_meantime_qut_pro,mix_cdaef40f2b94,assets/audio/study-stimuli/main-study/group_02/song_a_in_the_meantime/qut_pro.wav,32,True,True,"I like calm songs.. Mix B and E are too aggresive, Mix A is just neutral and D,C are my favorite",-0.6756280657690176,-1.4346341192827423,1.8511013279434223,-0.7325346788768815,optional_qc_sensitivity_predictor,True,,True,,True,100,"[""C""]",C,True,1,False,3.0
P029,group_02,group_02,P029__trial_04,4,4,EDR-2,EDR-2,2,EDR-2 - Unwinding After a Demanding Period,EDR-2,"You have some time for yourself after a demanding period. Although a few everyday concerns are still on your mind, there is nothing that requires your attention right now. You would like to feel calmer and take your mind off these concerns for a while, so you decide to listen to music to help you unwind.",Relaxation-Distraction,in_the_meantime,group_02_song_a_in_the_meantime,2,Song A,In The Meantime,B,2,in_the_meantime_du_k,mix_56e65a3ce054,assets/audio/study-stimuli/main-study/group_02/song_a_in_the_meantime/du_k.wav,0,True,True,"I like calm songs.. Mix B and E are too aggresive, Mix A is just neutral and D,C are my favorite",-1.1193186569455127,1.7918041562064675,0.9713104079970216,0.4372547184671072,optional_qc_sensitivity_predictor,True,,True,,True,100,"[""C""]",C,True,1,False,5.0
P029,group_02,group_02,P029__trial_04,4,4,EDR-2,EDR-2,2,EDR-2 - Unwinding After a Demanding Period,EDR-2,"You have some time for yourself after a demanding period. Although a few everyday concerns are still on your mind, there is nothing that requires your attention right now. You would like to feel calmer and take your mind off these concerns for a while, so you decide to listen to music to help you unwind.",Relaxation-Distraction,in_the_meantime,group_02_song_a_in_the_meantime,2,Song A,In The Meantime,C,3,in_the_meantime_du_h,mix_302f0efe8a80,assets/audio/study-stimuli/main-study/group_02/song_a_in_the_meantime/du_h.wav,100,True,True,"I like calm songs.. Mix B and E are too aggresive, Mix A is just neutral and D,C are my favorite",0.6887214233465396,0.2719152524959843,-0.8693704120952901,0.8234428342152216,optional_qc_sensitivity_predictor,True,,True,,True,100,"[""C""]",C,True,1,True,1.0
P029,group_02,group_02,P029__trial_04,4,4,EDR-2,EDR-2,2,EDR-2 - Unwinding After a Demanding Period,EDR-2,"You have some time for yourself after a demanding period. Although a few everyday concerns are still on your mind, there is nothing that requires your attention right now. You would like to feel calmer and take your mind off these concerns for a while, so you decide to listen to music to help you unwind.",Relaxation-Distraction,in_the_meantime,group_02_song_a_in_the_meantime,2,Song A,In The Meantime,D,4,in_the_meantime_qut_b,mix_c7bdcba64775,assets/audio/study-stimuli/main-study/group_02/song_a_in_the_meantime/qut_b.wav,93,True,True,"I like calm songs.. Mix B and E are too aggresive, Mix A is just neutral and D,C are my favorite",-0.6698107538710293,-0.1978340618743536,-1.5468197375217057,0.0908009789400507,optional_qc_sensitivity_predictor,True,,True,,True,100,"[""C""]",C,True,1,False,2.0
P029,group_02,group_02,P029__trial_04,4,4,EDR-2,EDR-2,2,EDR-2 - Unwinding After a Demanding Period,EDR-2,"You have some time for yourself after a demanding period. Although a few everyday concerns are still on your mind, there is nothing that requires your attention right now. You would like to feel calmer and take your mind off these concerns for a while, so you decide to listen to music to help you unwind.",Relaxation-Distraction,in_the_meantime,group_02_song_a_in_the_meantime,2,Song A,In The Meantime,E,5,in_the_meantime_du_i,mix_9baa86357fd4,assets/audio/study-stimuli/main-study/group_02/song_a_in_the_meantime/du_i.wav,7,True,True,"I like calm songs.. Mix B and E are too aggresive, Mix A is just neutral and D,C are my favorite",-1.8990066727669184,1.9187185345499165,0.5415536857115313,-0.721703057329889,optional_qc_sensitivity_predictor,True,,True,,True,100,"[""C""]",C,True,1,False,4.0
P029,group_02,group_02,P029__trial_05,5,5,FM-1,FM-1,3,FM-1 - Maintaining Engagement During an Activity,FM-1,"You are engaged in an activity that requires sustained mental or physical effort. As you continue, it becomes more difficult to stay engaged. You want to maintain your focus and motivation so that you can continue making steady progress toward completing the activity. You decide to listen to music while carrying on with the activity.",Focus-Motivation,pouring_room,group_02_song_b_pouring_room,1,Song B,Pouring Room,A,1,pouring_room_mcg_x,mix_cbf8555ee2b2,assets/audio/study-stimuli/main-study/group_02/song_b_pouring_room/mcg_x.wav,17,True,True,"I don't like instruments loud like in Mix E,A,D. I prefer Mix C and B since the voice sounds clearer",0.4494273963527286,0.780552768870155,0.8086566197405122,-0.4801297779726206,optional_qc_sensitivity_predictor,True,,True,,True,99,"[""B""]",B,True,1,False,4.0
P029,group_02,group_02,P029__trial_05,5,5,FM-1,FM-1,3,FM-1 - Maintaining Engagement During an Activity,FM-1,"You are engaged in an activity that requires sustained mental or physical effort. As you continue, it becomes more difficult to stay engaged. You want to maintain your focus and motivation so that you can continue making steady progress toward completing the activity. You decide to listen to music while carrying on with the activity.",Focus-Motivation,pouring_room,group_02_song_b_pouring_room,1,Song B,Pouring Room,B,2,pouring_room_mcg_r,mix_0ba76f420c1d,assets/audio/study-stimuli/main-study/group_02/song_b_pouring_room/mcg_r.wav,99,True,True,"I don't like instruments loud like in Mix E,A,D. I prefer Mix C and B since the voice sounds clearer",0.2249858589620197,-0.521538265731174,0.8057256670690561,-1.2630720295337683,optional_qc_sensitivity_predictor,True,,True,,True,99,"[""B""]",B,True,1,True,1.0
P029,group_02,group_02,P029__trial_05,5,5,FM-1,FM-1,3,FM-1 - Maintaining Engagement During an Activity,FM-1,"You are engaged in an activity that requires sustained mental or physical effort. As you continue, it becomes more difficult to stay engaged. You want to maintain your focus and motivation so that you can continue making steady progress toward completing the activity. You decide to listen to music while carrying on with the activity.",Focus-Motivation,pouring_room,group_02_song_b_pouring_room,1,Song B,Pouring Room,C,3,pouring_room_mcg_pro1,mix_132e75f34470,assets/audio/study-stimuli/main-study/group_02/song_b_pouring_room/mcg_pro1.wav,72,True,True,"I don't like instruments loud like in Mix E,A,D. I prefer Mix C and B since the voice sounds clearer",1.177821012274786,0.1366958746221527,-0.3534041622732912,-0.9473754159948484,optional_qc_sensitivity_predictor,True,,True,,True,99,"[""B""]",B,True,1,False,2.0
P029,group_02,group_02,P029__trial_05,5,5,FM-1,FM-1,3,FM-1 - Maintaining Engagement During an Activity,FM-1,"You are engaged in an activity that requires sustained mental or physical effort. As you continue, it becomes more difficult to stay engaged. You want to maintain your focus and motivation so that you can continue making steady progress toward completing the activity. You decide to listen to music while carrying on with the activity.",Focus-Motivation,pouring_room,group_02_song_b_pouring_room,1,Song B,Pouring Room,D,4,pouring_room_mcg_v,mix_e08faaf8bbb3,assets/audio/study-stimuli/main-study/group_02/song_b_pouring_room/mcg_v.wav,28,True,True,"I don't like instruments loud like in Mix E,A,D. I prefer Mix C and B since the voice sounds clearer",0.2009523983216312,1.112208706920678,-0.2814967551013548,-0.938440679331238,optional_qc_sensitivity_predictor,True,,True,,True,99,"[""B""]",B,True,1,False,3.0
P029,group_02,group_02,P029__trial_05,5,5,FM-1,FM-1,3,FM-1 - Maintaining Engagement During an Activity,FM-1,"You are engaged in an activity that requires sustained mental or physical effort. As you continue, it becomes more difficult to stay engaged. You want to maintain your focus and motivation so that you can continue making steady progress toward completing the activity. You decide to listen to music while carrying on with the activity.",Focus-Motivation,pouring_room,group_02_song_b_pouring_room,1,Song B,Pouring Room,E,5,pouring_room_mcg_t,mix_be2ccd4c43ff,assets/audio/study-stimuli/main-study/group_02/song_b_pouring_room/mcg_t.wav,0,True,True,"I don't like instruments loud like in Mix E,A,D. I prefer Mix C and B since the voice sounds clearer",-0.0814371595061495,1.1238301932737935,1.926895983278192,-0.8792578396079359,optional_qc_sensitivity_predictor,True,,True,,True,99,"[""B""]",B,True,1,False,5.0
P029,group_02,group_02,P029__trial_06,6,6,FM-1,FM-1,3,FM-1 - Maintaining Engagement During an Activity,FM-1,"You are engaged in an activity that requires sustained mental or physical effort. As you continue, it becomes more difficult to stay engaged. You want to maintain your focus and motivation so that you can continue making steady progress toward completing the activity. You decide to listen to music while carrying on with the activity.",Focus-Motivation,in_the_meantime,group_02_song_a_in_the_meantime,2,Song A,In The Meantime,A,1,in_the_meantime_qut_b,mix_c7bdcba64775,assets/audio/study-stimuli/main-study/group_02/song_a_in_the_meantime/qut_b.wav,25,True,True,"I like more energetic songs for concentrating.. Mix E,D,B are very good.. the balance and volume is good, while Mix C is always weird and Mix A is very compressed",-0.6698107538710293,-0.1978340618743536,-1.5468197375217057,0.0908009789400507,optional_qc_sensitivity_predictor,True,,True,,True,92,"[""E""]",E,True,1,False,4.0
P029,group_02,group_02,P029__trial_06,6,6,FM-1,FM-1,3,FM-1 - Maintaining Engagement During an Activity,FM-1,"You are engaged in an activity that requires sustained mental or physical effort. As you continue, it becomes more difficult to stay engaged. You want to maintain your focus and motivation so that you can continue making steady progress toward completing the activity. You decide to listen to music while carrying on with the activity.",Focus-Motivation,in_the_meantime,group_02_song_a_in_the_meantime,2,Song A,In The Meantime,B,2,in_the_meantime_du_i,mix_9baa86357fd4,assets/audio/study-stimuli/main-study/group_02/song_a_in_the_meantime/du_i.wav,47,True,True,"I like more energetic songs for concentrating.. Mix E,D,B are very good.. the balance and volume is good, while Mix C is always weird and Mix A is very compressed",-1.8990066727669184,1.9187185345499165,0.5415536857115313,-0.721703057329889,optional_qc_sensitivity_predictor,True,,True,,True,92,"[""E""]",E,True,1,False,3.0
P029,group_02,group_02,P029__trial_06,6,6,FM-1,FM-1,3,FM-1 - Maintaining Engagement During an Activity,FM-1,"You are engaged in an activity that requires sustained mental or physical effort. As you continue, it becomes more difficult to stay engaged. You want to maintain your focus and motivation so that you can continue making steady progress toward completing the activity. You decide to listen to music while carrying on with the activity.",Focus-Motivation,in_the_meantime,group_02_song_a_in_the_meantime,2,Song A,In The Meantime,C,3,in_the_meantime_du_k,mix_56e65a3ce054,assets/audio/study-stimuli/main-study/group_02/song_a_in_the_meantime/du_k.wav,0,True,True,"I like more energetic songs for concentrating.. Mix E,D,B are very good.. the balance and volume is good, while Mix C is always weird and Mix A is very compressed",-1.1193186569455127,1.7918041562064675,0.9713104079970216,0.4372547184671072,optional_qc_sensitivity_predictor,True,,True,,True,92,"[""E""]",E,True,1,False,5.0
P029,group_02,group_02,P029__trial_06,6,6,FM-1,FM-1,3,FM-1 - Maintaining Engagement During an Activity,FM-1,"You are engaged in an activity that requires sustained mental or physical effort. As you continue, it becomes more difficult to stay engaged. You want to maintain your focus and motivation so that you can continue making steady progress toward completing the activity. You decide to listen to music while carrying on with the activity.",Focus-Motivation,in_the_meantime,group_02_song_a_in_the_meantime,2,Song A,In The Meantime,D,4,in_the_meantime_qut_pro,mix_cdaef40f2b94,assets/audio/study-stimuli/main-study/group_02/song_a_in_the_meantime/qut_pro.wav,66,True,True,"I like more energetic songs for concentrating.. Mix E,D,B are very good.. the balance and volume is good, while Mix C is always weird and Mix A is very compressed",-0.6756280657690176,-1.4346341192827423,1.8511013279434223,-0.7325346788768815,optional_qc_sensitivity_predictor,True,,True,,True,92,"[""E""]",E,True,1,False,2.0
P029,group_02,group_02,P029__trial_06,6,6,FM-1,FM-1,3,FM-1 - Maintaining Engagement During an Activity,FM-1,"You are engaged in an activity that requires sustained mental or physical effort. As you continue, it becomes more difficult to stay engaged. You want to maintain your focus and motivation so that you can continue making steady progress toward completing the activity. You decide to listen to music while carrying on with the activity.",Focus-Motivation,in_the_meantime,group_02_song_a_in_the_meantime,2,Song A,In The Meantime,E,5,in_the_meantime_du_h,mix_302f0efe8a80,assets/audio/study-stimuli/main-study/group_02/song_a_in_the_meantime/du_h.wav,92,True,True,"I like more energetic songs for concentrating.. Mix E,D,B are very good.. the balance and volume is good, while Mix C is always weird and Mix A is very compressed",0.6887214233465396,0.2719152524959843,-0.8693704120952901,0.8234428342152216,optional_qc_sensitivity_predictor,True,,True,,True,92,"[""E""]",E,True,1,True,1.0
P030,group_02,group_02,P030__trial_01,1,1,FM-1,FM-1,1,FM-1 - Maintaining Engagement During an Activity,FM-1,"You are engaged in an activity that requires sustained mental or physical effort. As you continue, it becomes more difficult to stay engaged. You want to maintain your focus and motivation so that you can continue making steady progress toward completing the activity. You decide to listen to music while carrying on with the activity.",Focus-Motivation,in_the_meantime,group_02_song_a_in_the_meantime,1,Song A,In The Meantime,A,1,in_the_meantime_qut_pro,mix_cdaef40f2b94,assets/audio/study-stimuli/main-study/group_02/song_a_in_the_meantime/qut_pro.wav,71,True,True,"Mix E music I wouldn't choose it, the same as Mix B since sounds like it has a filter. Mix D is balanced but I don't find it special. Mix A and C I like them because I feel they are more energetic",-0.6756280657690176,-1.4346341192827423,1.8511013279434223,-0.7325346788768815,optional_qc_sensitivity_predictor,True,,True,,True,92,"[""C""]",C,True,1,False,2.0
P030,group_02,group_02,P030__trial_01,1,1,FM-1,FM-1,1,FM-1 - Maintaining Engagement During an Activity,FM-1,"You are engaged in an activity that requires sustained mental or physical effort. As you continue, it becomes more difficult to stay engaged. You want to maintain your focus and motivation so that you can continue making steady progress toward completing the activity. You decide to listen to music while carrying on with the activity.",Focus-Motivation,in_the_meantime,group_02_song_a_in_the_meantime,1,Song A,In The Meantime,B,2,in_the_meantime_qut_b,mix_c7bdcba64775,assets/audio/study-stimuli/main-study/group_02/song_a_in_the_meantime/qut_b.wav,24,True,True,"Mix E music I wouldn't choose it, the same as Mix B since sounds like it has a filter. Mix D is balanced but I don't find it special. Mix A and C I like them because I feel they are more energetic",-0.6698107538710293,-0.1978340618743536,-1.5468197375217057,0.0908009789400507,optional_qc_sensitivity_predictor,True,,True,,True,92,"[""C""]",C,True,1,False,4.0
P030,group_02,group_02,P030__trial_01,1,1,FM-1,FM-1,1,FM-1 - Maintaining Engagement During an Activity,FM-1,"You are engaged in an activity that requires sustained mental or physical effort. As you continue, it becomes more difficult to stay engaged. You want to maintain your focus and motivation so that you can continue making steady progress toward completing the activity. You decide to listen to music while carrying on with the activity.",Focus-Motivation,in_the_meantime,group_02_song_a_in_the_meantime,1,Song A,In The Meantime,C,3,in_the_meantime_du_i,mix_9baa86357fd4,assets/audio/study-stimuli/main-study/group_02/song_a_in_the_meantime/du_i.wav,92,True,True,"Mix E music I wouldn't choose it, the same as Mix B since sounds like it has a filter. Mix D is balanced but I don't find it special. Mix A and C I like them because I feel they are more energetic",-1.8990066727669184,1.9187185345499165,0.5415536857115313,-0.721703057329889,optional_qc_sensitivity_predictor,True,,True,,True,92,"[""C""]",C,True,1,True,1.0
P030,group_02,group_02,P030__trial_01,1,1,FM-1,FM-1,1,FM-1 - Maintaining Engagement During an Activity,FM-1,"You are engaged in an activity that requires sustained mental or physical effort. As you continue, it becomes more difficult to stay engaged. You want to maintain your focus and motivation so that you can continue making steady progress toward completing the activity. You decide to listen to music while carrying on with the activity.",Focus-Motivation,in_the_meantime,group_02_song_a_in_the_meantime,1,Song A,In The Meantime,D,4,in_the_meantime_du_h,mix_302f0efe8a80,assets/audio/study-stimuli/main-study/group_02/song_a_in_the_meantime/du_h.wav,47,True,True,"Mix E music I wouldn't choose it, the same as Mix B since sounds like it has a filter. Mix D is balanced but I don't find it special. Mix A and C I like them because I feel they are more energetic",0.6887214233465396,0.2719152524959843,-0.8693704120952901,0.8234428342152216,optional_qc_sensitivity_predictor,True,,True,,True,92,"[""C""]",C,True,1,False,3.0
P030,group_02,group_02,P030__trial_01,1,1,FM-1,FM-1,1,FM-1 - Maintaining Engagement During an Activity,FM-1,"You are engaged in an activity that requires sustained mental or physical effort. As you continue, it becomes more difficult to stay engaged. You want to maintain your focus and motivation so that you can continue making steady progress toward completing the activity. You decide to listen to music while carrying on with the activity.",Focus-Motivation,in_the_meantime,group_02_song_a_in_the_meantime,1,Song A,In The Meantime,E,5,in_the_meantime_du_k,mix_56e65a3ce054,assets/audio/study-stimuli/main-study/group_02/song_a_in_the_meantime/du_k.wav,6,True,True,"Mix E music I wouldn't choose it, the same as Mix B since sounds like it has a filter. Mix D is balanced but I don't find it special. Mix A and C I like them because I feel they are more energetic",-1.1193186569455127,1.7918041562064675,0.9713104079970216,0.4372547184671072,optional_qc_sensitivity_predictor,True,,True,,True,92,"[""C""]",C,True,1,False,5.0
P030,group_02,group_02,P030__trial_02,2,2,FM-1,FM-1,1,FM-1 - Maintaining Engagement During an Activity,FM-1,"You are engaged in an activity that requires sustained mental or physical effort. As you continue, it becomes more difficult to stay engaged. You want to maintain your focus and motivation so that you can continue making steady progress toward completing the activity. You decide to listen to music while carrying on with the activity.",Focus-Motivation,pouring_room,group_02_song_b_pouring_room,2,Song B,Pouring Room,A,1,pouring_room_mcg_x,mix_cbf8555ee2b2,assets/audio/study-stimuli/main-study/group_02/song_b_pouring_room/mcg_x.wav,69,True,True,Mix E and B are to bright compared to others. I like Mix C and D since sound more for focusing.. Mix A is not bad but is not like Mix D  and C,0.4494273963527286,0.780552768870155,0.8086566197405122,-0.4801297779726206,optional_qc_sensitivity_predictor,True,,True,,True,100,"[""C""]",C,True,1,False,3.0
P030,group_02,group_02,P030__trial_02,2,2,FM-1,FM-1,1,FM-1 - Maintaining Engagement During an Activity,FM-1,"You are engaged in an activity that requires sustained mental or physical effort. As you continue, it becomes more difficult to stay engaged. You want to maintain your focus and motivation so that you can continue making steady progress toward completing the activity. You decide to listen to music while carrying on with the activity.",Focus-Motivation,pouring_room,group_02_song_b_pouring_room,2,Song B,Pouring Room,B,2,pouring_room_mcg_t,mix_be2ccd4c43ff,assets/audio/study-stimuli/main-study/group_02/song_b_pouring_room/mcg_t.wav,9,True,True,Mix E and B are to bright compared to others. I like Mix C and D since sound more for focusing.. Mix A is not bad but is not like Mix D  and C,-0.0814371595061495,1.1238301932737935,1.926895983278192,-0.8792578396079359,optional_qc_sensitivity_predictor,True,,True,,True,100,"[""C""]",C,True,1,False,4.0
P030,group_02,group_02,P030__trial_02,2,2,FM-1,FM-1,1,FM-1 - Maintaining Engagement During an Activity,FM-1,"You are engaged in an activity that requires sustained mental or physical effort. As you continue, it becomes more difficult to stay engaged. You want to maintain your focus and motivation so that you can continue making steady progress toward completing the activity. You decide to listen to music while carrying on with the activity.",Focus-Motivation,pouring_room,group_02_song_b_pouring_room,2,Song B,Pouring Room,C,3,pouring_room_mcg_r,mix_0ba76f420c1d,assets/audio/study-stimuli/main-study/group_02/song_b_pouring_room/mcg_r.wav,100,True,True,Mix E and B are to bright compared to others. I like Mix C and D since sound more for focusing.. Mix A is not bad but is not like Mix D  and C,0.2249858589620197,-0.521538265731174,0.8057256670690561,-1.2630720295337683,optional_qc_sensitivity_predictor,True,,True,,True,100,"[""C""]",C,True,1,True,1.0
P030,group_02,group_02,P030__trial_02,2,2,FM-1,FM-1,1,FM-1 - Maintaining Engagement During an Activity,FM-1,"You are engaged in an activity that requires sustained mental or physical effort. As you continue, it becomes more difficult to stay engaged. You want to maintain your focus and motivation so that you can continue making steady progress toward completing the activity. You decide to listen to music while carrying on with the activity.",Focus-Motivation,pouring_room,group_02_song_b_pouring_room,2,Song B,Pouring Room,D,4,pouring_room_mcg_pro1,mix_132e75f34470,assets/audio/study-stimuli/main-study/group_02/song_b_pouring_room/mcg_pro1.wav,93,True,True,Mix E and B are to bright compared to others. I like Mix C and D since sound more for focusing.. Mix A is not bad but is not like Mix D  and C,1.177821012274786,0.1366958746221527,-0.3534041622732912,-0.9473754159948484,optional_qc_sensitivity_predictor,True,,True,,True,100,"[""C""]",C,True,1,False,2.0
P030,group_02,group_02,P030__trial_02,2,2,FM-1,FM-1,1,FM-1 - Maintaining Engagement During an Activity,FM-1,"You are engaged in an activity that requires sustained mental or physical effort. As you continue, it becomes more difficult to stay engaged. You want to maintain your focus and motivation so that you can continue making steady progress toward completing the activity. You decide to listen to music while carrying on with the activity.",Focus-Motivation,pouring_room,group_02_song_b_pouring_room,2,Song B,Pouring Room,E,5,pouring_room_mcg_v,mix_e08faaf8bbb3,assets/audio/study-stimuli/main-study/group_02/song_b_pouring_room/mcg_v.wav,0,True,True,Mix E and B are to bright compared to others. I like Mix C and D since sound more for focusing.. Mix A is not bad but is not like Mix D  and C,0.2009523983216312,1.112208706920678,-0.2814967551013548,-0.938440679331238,optional_qc_sensitivity_predictor,True,,True,,True,100,"[""C""]",C,True,1,False,5.0
P030,group_02,group_02,P030__trial_03,3,3,EDR-2,EDR-2,2,EDR-2 - Unwinding After a Demanding Period,EDR-2,"You have some time for yourself after a demanding period. Although a few everyday concerns are still on your mind, there is nothing that requires your attention right now. You would like to feel calmer and take your mind off these concerns for a while, so you decide to listen to music to help you unwind.",Relaxation-Distraction,in_the_meantime,group_02_song_a_in_the_meantime,1,Song A,In The Meantime,A,1,in_the_meantime_qut_b,mix_c7bdcba64775,assets/audio/study-stimuli/main-study/group_02/song_a_in_the_meantime/qut_b.wav,86,True,True,"I prefer calmed songs. I like Mix C and A more because of that. Mix B not very pleasant and Mix D and E just normal for me, I wouldn't choose them",-0.6698107538710293,-0.1978340618743536,-1.5468197375217057,0.0908009789400507,optional_qc_sensitivity_predictor,True,,True,,True,86,"[""A""]",A,True,1,True,1.0
P030,group_02,group_02,P030__trial_03,3,3,EDR-2,EDR-2,2,EDR-2 - Unwinding After a Demanding Period,EDR-2,"You have some time for yourself after a demanding period. Although a few everyday concerns are still on your mind, there is nothing that requires your attention right now. You would like to feel calmer and take your mind off these concerns for a while, so you decide to listen to music to help you unwind.",Relaxation-Distraction,in_the_meantime,group_02_song_a_in_the_meantime,1,Song A,In The Meantime,B,2,in_the_meantime_du_k,mix_56e65a3ce054,assets/audio/study-stimuli/main-study/group_02/song_a_in_the_meantime/du_k.wav,3,True,True,"I prefer calmed songs. I like Mix C and A more because of that. Mix B not very pleasant and Mix D and E just normal for me, I wouldn't choose them",-1.1193186569455127,1.7918041562064675,0.9713104079970216,0.4372547184671072,optional_qc_sensitivity_predictor,True,,True,,True,86,"[""A""]",A,True,1,False,5.0
P030,group_02,group_02,P030__trial_03,3,3,EDR-2,EDR-2,2,EDR-2 - Unwinding After a Demanding Period,EDR-2,"You have some time for yourself after a demanding period. Although a few everyday concerns are still on your mind, there is nothing that requires your attention right now. You would like to feel calmer and take your mind off these concerns for a while, so you decide to listen to music to help you unwind.",Relaxation-Distraction,in_the_meantime,group_02_song_a_in_the_meantime,1,Song A,In The Meantime,C,3,in_the_meantime_du_h,mix_302f0efe8a80,assets/audio/study-stimuli/main-study/group_02/song_a_in_the_meantime/du_h.wav,67,True,True,"I prefer calmed songs. I like Mix C and A more because of that. Mix B not very pleasant and Mix D and E just normal for me, I wouldn't choose them",0.6887214233465396,0.2719152524959843,-0.8693704120952901,0.8234428342152216,optional_qc_sensitivity_predictor,True,,True,,True,86,"[""A""]",A,True,1,False,2.0
P030,group_02,group_02,P030__trial_03,3,3,EDR-2,EDR-2,2,EDR-2 - Unwinding After a Demanding Period,EDR-2,"You have some time for yourself after a demanding period. Although a few everyday concerns are still on your mind, there is nothing that requires your attention right now. You would like to feel calmer and take your mind off these concerns for a while, so you decide to listen to music to help you unwind.",Relaxation-Distraction,in_the_meantime,group_02_song_a_in_the_meantime,1,Song A,In The Meantime,D,4,in_the_meantime_du_i,mix_9baa86357fd4,assets/audio/study-stimuli/main-study/group_02/song_a_in_the_meantime/du_i.wav,18,True,True,"I prefer calmed songs. I like Mix C and A more because of that. Mix B not very pleasant and Mix D and E just normal for me, I wouldn't choose them",-1.8990066727669184,1.9187185345499165,0.5415536857115313,-0.721703057329889,optional_qc_sensitivity_predictor,True,,True,,True,86,"[""A""]",A,True,1,False,4.0
P030,group_02,group_02,P030__trial_03,3,3,EDR-2,EDR-2,2,EDR-2 - Unwinding After a Demanding Period,EDR-2,"You have some time for yourself after a demanding period. Although a few everyday concerns are still on your mind, there is nothing that requires your attention right now. You would like to feel calmer and take your mind off these concerns for a while, so you decide to listen to music to help you unwind.",Relaxation-Distraction,in_the_meantime,group_02_song_a_in_the_meantime,1,Song A,In The Meantime,E,5,in_the_meantime_qut_pro,mix_cdaef40f2b94,assets/audio/study-stimuli/main-study/group_02/song_a_in_the_meantime/qut_pro.wav,35,True,True,"I prefer calmed songs. I like Mix C and A more because of that. Mix B not very pleasant and Mix D and E just normal for me, I wouldn't choose them",-0.6756280657690176,-1.4346341192827423,1.8511013279434223,-0.7325346788768815,optional_qc_sensitivity_predictor,True,,True,,True,86,"[""A""]",A,True,1,False,3.0
P030,group_02,group_02,P030__trial_04,4,4,EDR-2,EDR-2,2,EDR-2 - Unwinding After a Demanding Period,EDR-2,"You have some time for yourself after a demanding period. Although a few everyday concerns are still on your mind, there is nothing that requires your attention right now. You would like to feel calmer and take your mind off these concerns for a while, so you decide to listen to music to help you unwind.",Relaxation-Distraction,pouring_room,group_02_song_b_pouring_room,2,Song B,Pouring Room,A,1,pouring_room_mcg_t,mix_be2ccd4c43ff,assets/audio/study-stimuli/main-study/group_02/song_b_pouring_room/mcg_t.wav,63,True,True,I like them all for this but I like more the ones with a more calm music and vocals.,-0.0814371595061495,1.1238301932737935,1.926895983278192,-0.8792578396079359,optional_qc_sensitivity_predictor,True,,True,,True,100,"[""E""]",E,True,1,False,4.0
P030,group_02,group_02,P030__trial_04,4,4,EDR-2,EDR-2,2,EDR-2 - Unwinding After a Demanding Period,EDR-2,"You have some time for yourself after a demanding period. Although a few everyday concerns are still on your mind, there is nothing that requires your attention right now. You would like to feel calmer and take your mind off these concerns for a while, so you decide to listen to music to help you unwind.",Relaxation-Distraction,pouring_room,group_02_song_b_pouring_room,2,Song B,Pouring Room,B,2,pouring_room_mcg_v,mix_e08faaf8bbb3,assets/audio/study-stimuli/main-study/group_02/song_b_pouring_room/mcg_v.wav,93,True,True,I like them all for this but I like more the ones with a more calm music and vocals.,0.2009523983216312,1.112208706920678,-0.2814967551013548,-0.938440679331238,optional_qc_sensitivity_predictor,True,,True,,True,100,"[""E""]",E,True,1,False,2.0
P030,group_02,group_02,P030__trial_04,4,4,EDR-2,EDR-2,2,EDR-2 - Unwinding After a Demanding Period,EDR-2,"You have some time for yourself after a demanding period. Although a few everyday concerns are still on your mind, there is nothing that requires your attention right now. You would like to feel calmer and take your mind off these concerns for a while, so you decide to listen to music to help you unwind.",Relaxation-Distraction,pouring_room,group_02_song_b_pouring_room,2,Song B,Pouring Room,C,3,pouring_room_mcg_x,mix_cbf8555ee2b2,assets/audio/study-stimuli/main-study/group_02/song_b_pouring_room/mcg_x.wav,48,True,True,I like them all for this but I like more the ones with a more calm music and vocals.,0.4494273963527286,0.780552768870155,0.8086566197405122,-0.4801297779726206,optional_qc_sensitivity_predictor,True,,True,,True,100,"[""E""]",E,True,1,False,5.0
P030,group_02,group_02,P030__trial_04,4,4,EDR-2,EDR-2,2,EDR-2 - Unwinding After a Demanding Period,EDR-2,"You have some time for yourself after a demanding period. Although a few everyday concerns are still on your mind, there is nothing that requires your attention right now. You would like to feel calmer and take your mind off these concerns for a while, so you decide to listen to music to help you unwind.",Relaxation-Distraction,pouring_room,group_02_song_b_pouring_room,2,Song B,Pouring Room,D,4,pouring_room_mcg_pro1,mix_132e75f34470,assets/audio/study-stimuli/main-study/group_02/song_b_pouring_room/mcg_pro1.wav,76,True,True,I like them all for this but I like more the ones with a more calm music and vocals.,1.177821012274786,0.1366958746221527,-0.3534041622732912,-0.9473754159948484,optional_qc_sensitivity_predictor,True,,True,,True,100,"[""E""]",E,True,1,False,3.0
P030,group_02,group_02,P030__trial_04,4,4,EDR-2,EDR-2,2,EDR-2 - Unwinding After a Demanding Period,EDR-2,"You have some time for yourself after a demanding period. Although a few everyday concerns are still on your mind, there is nothing that requires your attention right now. You would like to feel calmer and take your mind off these concerns for a while, so you decide to listen to music to help you unwind.",Relaxation-Distraction,pouring_room,group_02_song_b_pouring_room,2,Song B,Pouring Room,E,5,pouring_room_mcg_r,mix_0ba76f420c1d,assets/audio/study-stimuli/main-study/group_02/song_b_pouring_room/mcg_r.wav,100,True,True,I like them all for this but I like more the ones with a more calm music and vocals.,0.2249858589620197,-0.521538265731174,0.8057256670690561,-1.2630720295337683,optional_qc_sensitivity_predictor,True,,True,,True,100,"[""E""]",E,True,1,True,1.0
P030,group_02,group_02,P030__trial_05,5,5,EDR-1,EDR-1,3,EDR-1 - Enjoying Free Time,EDR-1,"You have some free time and no immediate responsibilities that require your attention. You are not feeling tired or worried, but you would like to enjoy your time rather than let it pass uneventfully. You decide to listen to music for entertainment, making your free time more enjoyable.",Enjoyment,pouring_room,group_02_song_b_pouring_room,1,Song B,Pouring Room,A,1,pouring_room_mcg_v,mix_e08faaf8bbb3,assets/audio/study-stimuli/main-study/group_02/song_b_pouring_room/mcg_v.wav,22,True,True,For entertainment I prefer songs with clearer voices... therefore I would choose first C and then B. I like D and E and A I wouldn't choose them ,0.2009523983216312,1.112208706920678,-0.2814967551013548,-0.938440679331238,optional_qc_sensitivity_predictor,True,,True,,True,100,"[""C""]",C,True,1,False,4.0
P030,group_02,group_02,P030__trial_05,5,5,EDR-1,EDR-1,3,EDR-1 - Enjoying Free Time,EDR-1,"You have some free time and no immediate responsibilities that require your attention. You are not feeling tired or worried, but you would like to enjoy your time rather than let it pass uneventfully. You decide to listen to music for entertainment, making your free time more enjoyable.",Enjoyment,pouring_room,group_02_song_b_pouring_room,1,Song B,Pouring Room,B,2,pouring_room_mcg_pro1,mix_132e75f34470,assets/audio/study-stimuli/main-study/group_02/song_b_pouring_room/mcg_pro1.wav,76,True,True,For entertainment I prefer songs with clearer voices... therefore I would choose first C and then B. I like D and E and A I wouldn't choose them ,1.177821012274786,0.1366958746221527,-0.3534041622732912,-0.9473754159948484,optional_qc_sensitivity_predictor,True,,True,,True,100,"[""C""]",C,True,1,False,2.0
P030,group_02,group_02,P030__trial_05,5,5,EDR-1,EDR-1,3,EDR-1 - Enjoying Free Time,EDR-1,"You have some free time and no immediate responsibilities that require your attention. You are not feeling tired or worried, but you would like to enjoy your time rather than let it pass uneventfully. You decide to listen to music for entertainment, making your free time more enjoyable.",Enjoyment,pouring_room,group_02_song_b_pouring_room,1,Song B,Pouring Room,C,3,pouring_room_mcg_r,mix_0ba76f420c1d,assets/audio/study-stimuli/main-study/group_02/song_b_pouring_room/mcg_r.wav,100,True,True,For entertainment I prefer songs with clearer voices... therefore I would choose first C and then B. I like D and E and A I wouldn't choose them ,0.2249858589620197,-0.521538265731174,0.8057256670690561,-1.2630720295337683,optional_qc_sensitivity_predictor,True,,True,,True,100,"[""C""]",C,True,1,True,1.0
P030,group_02,group_02,P030__trial_05,5,5,EDR-1,EDR-1,3,EDR-1 - Enjoying Free Time,EDR-1,"You have some free time and no immediate responsibilities that require your attention. You are not feeling tired or worried, but you would like to enjoy your time rather than let it pass uneventfully. You decide to listen to music for entertainment, making your free time more enjoyable.",Enjoyment,pouring_room,group_02_song_b_pouring_room,1,Song B,Pouring Room,D,4,pouring_room_mcg_t,mix_be2ccd4c43ff,assets/audio/study-stimuli/main-study/group_02/song_b_pouring_room/mcg_t.wav,55,True,True,For entertainment I prefer songs with clearer voices... therefore I would choose first C and then B. I like D and E and A I wouldn't choose them ,-0.0814371595061495,1.1238301932737935,1.926895983278192,-0.8792578396079359,optional_qc_sensitivity_predictor,True,,True,,True,100,"[""C""]",C,True,1,False,3.0
P030,group_02,group_02,P030__trial_05,5,5,EDR-1,EDR-1,3,EDR-1 - Enjoying Free Time,EDR-1,"You have some free time and no immediate responsibilities that require your attention. You are not feeling tired or worried, but you would like to enjoy your time rather than let it pass uneventfully. You decide to listen to music for entertainment, making your free time more enjoyable.",Enjoyment,pouring_room,group_02_song_b_pouring_room,1,Song B,Pouring Room,E,5,pouring_room_mcg_x,mix_cbf8555ee2b2,assets/audio/study-stimuli/main-study/group_02/song_b_pouring_room/mcg_x.wav,8,True,True,For entertainment I prefer songs with clearer voices... therefore I would choose first C and then B. I like D and E and A I wouldn't choose them ,0.4494273963527286,0.780552768870155,0.8086566197405122,-0.4801297779726206,optional_qc_sensitivity_predictor,True,,True,,True,100,"[""C""]",C,True,1,False,5.0
P030,group_02,group_02,P030__trial_06,6,6,EDR-1,EDR-1,3,EDR-1 - Enjoying Free Time,EDR-1,"You have some free time and no immediate responsibilities that require your attention. You are not feeling tired or worried, but you would like to enjoy your time rather than let it pass uneventfully. You decide to listen to music for entertainment, making your free time more enjoyable.",Enjoyment,in_the_meantime,group_02_song_a_in_the_meantime,2,Song A,In The Meantime,A,1,in_the_meantime_du_k,mix_56e65a3ce054,assets/audio/study-stimuli/main-study/group_02/song_a_in_the_meantime/du_k.wav,0,True,True,"I dont like A since it hurts my ear, Mix D and C my favorite since I like to hear songs that keep me alive or awake like those.  Mix E just average",-1.1193186569455127,1.7918041562064675,0.9713104079970216,0.4372547184671072,optional_qc_sensitivity_predictor,True,,True,,True,98,"[""C""]",C,True,1,False,5.0
P030,group_02,group_02,P030__trial_06,6,6,EDR-1,EDR-1,3,EDR-1 - Enjoying Free Time,EDR-1,"You have some free time and no immediate responsibilities that require your attention. You are not feeling tired or worried, but you would like to enjoy your time rather than let it pass uneventfully. You decide to listen to music for entertainment, making your free time more enjoyable.",Enjoyment,in_the_meantime,group_02_song_a_in_the_meantime,2,Song A,In The Meantime,B,2,in_the_meantime_qut_b,mix_c7bdcba64775,assets/audio/study-stimuli/main-study/group_02/song_a_in_the_meantime/qut_b.wav,38,True,True,"I dont like A since it hurts my ear, Mix D and C my favorite since I like to hear songs that keep me alive or awake like those.  Mix E just average",-0.6698107538710293,-0.1978340618743536,-1.5468197375217057,0.0908009789400507,optional_qc_sensitivity_predictor,True,,True,,True,98,"[""C""]",C,True,1,False,4.0
P030,group_02,group_02,P030__trial_06,6,6,EDR-1,EDR-1,3,EDR-1 - Enjoying Free Time,EDR-1,"You have some free time and no immediate responsibilities that require your attention. You are not feeling tired or worried, but you would like to enjoy your time rather than let it pass uneventfully. You decide to listen to music for entertainment, making your free time more enjoyable.",Enjoyment,in_the_meantime,group_02_song_a_in_the_meantime,2,Song A,In The Meantime,C,3,in_the_meantime_qut_pro,mix_cdaef40f2b94,assets/audio/study-stimuli/main-study/group_02/song_a_in_the_meantime/qut_pro.wav,98,True,True,"I dont like A since it hurts my ear, Mix D and C my favorite since I like to hear songs that keep me alive or awake like those.  Mix E just average",-0.6756280657690176,-1.4346341192827423,1.8511013279434223,-0.7325346788768815,optional_qc_sensitivity_predictor,True,,True,,True,98,"[""C""]",C,True,1,True,1.0
P030,group_02,group_02,P030__trial_06,6,6,EDR-1,EDR-1,3,EDR-1 - Enjoying Free Time,EDR-1,"You have some free time and no immediate responsibilities that require your attention. You are not feeling tired or worried, but you would like to enjoy your time rather than let it pass uneventfully. You decide to listen to music for entertainment, making your free time more enjoyable.",Enjoyment,in_the_meantime,group_02_song_a_in_the_meantime,2,Song A,In The Meantime,D,4,in_the_meantime_du_i,mix_9baa86357fd4,assets/audio/study-stimuli/main-study/group_02/song_a_in_the_meantime/du_i.wav,81,True,True,"I dont like A since it hurts my ear, Mix D and C my favorite since I like to hear songs that keep me alive or awake like those.  Mix E just average",-1.8990066727669184,1.9187185345499165,0.5415536857115313,-0.721703057329889,optional_qc_sensitivity_predictor,True,,True,,True,98,"[""C""]",C,True,1,False,2.0
P030,group_02,group_02,P030__trial_06,6,6,EDR-1,EDR-1,3,EDR-1 - Enjoying Free Time,EDR-1,"You have some free time and no immediate responsibilities that require your attention. You are not feeling tired or worried, but you would like to enjoy your time rather than let it pass uneventfully. You decide to listen to music for entertainment, making your free time more enjoyable.",Enjoyment,in_the_meantime,group_02_song_a_in_the_meantime,2,Song A,In The Meantime,E,5,in_the_meantime_du_h,mix_302f0efe8a80,assets/audio/study-stimuli/main-study/group_02/song_a_in_the_meantime/du_h.wav,59,True,True,"I dont like A since it hurts my ear, Mix D and C my favorite since I like to hear songs that keep me alive or awake like those.  Mix E just average",0.6887214233465396,0.2719152524959843,-0.8693704120952901,0.8234428342152216,optional_qc_sensitivity_predictor,True,,True,,True,98,"[""C""]",C,True,1,False,3.0
P031,group_01,group_01,P031__trial_01,1,1,FM-1,FM-1,1,FM-1 - Maintaining Engagement During an Activity,FM-1,"You are engaged in an activity that requires sustained mental or physical effort. As you continue, it becomes more difficult to stay engaged. You want to maintain your focus and motivation so that you can continue making steady progress toward completing the activity. You decide to listen to music while carrying on with the activity.",Focus-Motivation,id_like_to_know,group_01_song_b_id_like_to_know,1,Song B,I'd Like To Know,A,1,id_like_to_know_pxl_s2,mix_6f8b655d7999,assets/audio/study-stimuli/main-study/group_01/song_b_id_like_to_know/pxl_s2.wav,8,True,True,"E: The sound had a good sense of spaciousness and worked well as background music.
D: There was little that bothered me, but it lacked spaciousness and felt somewhat lacking.
B: The harshness and crispness in the high frequencies were noticeable and bothersome.
A: The low frequencies were overly boosted.
C: The midrange was too prominent.",0.5329997864789321,-1.1874673519330532,-0.7637519766505488,0.5510366380169074,optional_qc_sensitivity_predictor,True,,True,,True,86,"[""E""]",E,True,1,False,4.0
P031,group_01,group_01,P031__trial_01,1,1,FM-1,FM-1,1,FM-1 - Maintaining Engagement During an Activity,FM-1,"You are engaged in an activity that requires sustained mental or physical effort. As you continue, it becomes more difficult to stay engaged. You want to maintain your focus and motivation so that you can continue making steady progress toward completing the activity. You decide to listen to music while carrying on with the activity.",Focus-Motivation,id_like_to_know,group_01_song_b_id_like_to_know,1,Song B,I'd Like To Know,B,2,id_like_to_know_pxl_s1,mix_9ffcd672af17,assets/audio/study-stimuli/main-study/group_01/song_b_id_like_to_know/pxl_s1.wav,16,True,True,"E: The sound had a good sense of spaciousness and worked well as background music.
D: There was little that bothered me, but it lacked spaciousness and felt somewhat lacking.
B: The harshness and crispness in the high frequencies were noticeable and bothersome.
A: The low frequencies were overly boosted.
C: The midrange was too prominent.",-0.5659114167269081,-0.579304038497624,-0.4851205015292653,1.357247686182373,optional_qc_sensitivity_predictor,True,,True,,True,86,"[""E""]",E,True,1,False,3.0
P031,group_01,group_01,P031__trial_01,1,1,FM-1,FM-1,1,FM-1 - Maintaining Engagement During an Activity,FM-1,"You are engaged in an activity that requires sustained mental or physical effort. As you continue, it becomes more difficult to stay engaged. You want to maintain your focus and motivation so that you can continue making steady progress toward completing the activity. You decide to listen to music while carrying on with the activity.",Focus-Motivation,id_like_to_know,group_01_song_b_id_like_to_know,1,Song B,I'd Like To Know,C,3,id_like_to_know_pxl_s5,mix_82d60d7c7fc5,assets/audio/study-stimuli/main-study/group_01/song_b_id_like_to_know/pxl_s5.wav,3,True,True,"E: The sound had a good sense of spaciousness and worked well as background music.
D: There was little that bothered me, but it lacked spaciousness and felt somewhat lacking.
B: The harshness and crispness in the high frequencies were noticeable and bothersome.
A: The low frequencies were overly boosted.
C: The midrange was too prominent.",-0.3583378408524605,-0.1527662554529231,0.7972705919658362,1.6270752922517937,optional_qc_sensitivity_predictor,True,,True,,True,86,"[""E""]",E,True,1,False,5.0
P031,group_01,group_01,P031__trial_01,1,1,FM-1,FM-1,1,FM-1 - Maintaining Engagement During an Activity,FM-1,"You are engaged in an activity that requires sustained mental or physical effort. As you continue, it becomes more difficult to stay engaged. You want to maintain your focus and motivation so that you can continue making steady progress toward completing the activity. You decide to listen to music while carrying on with the activity.",Focus-Motivation,id_like_to_know,group_01_song_b_id_like_to_know,1,Song B,I'd Like To Know,D,4,id_like_to_know_pxl_s3,mix_65f41f41d3ab,assets/audio/study-stimuli/main-study/group_01/song_b_id_like_to_know/pxl_s3.wav,42,True,True,"E: The sound had a good sense of spaciousness and worked well as background music.
D: There was little that bothered me, but it lacked spaciousness and felt somewhat lacking.
B: The harshness and crispness in the high frequencies were noticeable and bothersome.
A: The low frequencies were overly boosted.
C: The midrange was too prominent.",0.3234844364321996,-1.065060189455143,-1.1651773700507613,-0.0982478955990668,optional_qc_sensitivity_predictor,True,,True,,True,86,"[""E""]",E,True,1,False,2.0
P031,group_01,group_01,P031__trial_01,1,1,FM-1,FM-1,1,FM-1 - Maintaining Engagement During an Activity,FM-1,"You are engaged in an activity that requires sustained mental or physical effort. As you continue, it becomes more difficult to stay engaged. You want to maintain your focus and motivation so that you can continue making steady progress toward completing the activity. You decide to listen to music while carrying on with the activity.",Focus-Motivation,id_like_to_know,group_01_song_b_id_like_to_know,1,Song B,I'd Like To Know,E,5,id_like_to_know_pxl_s7,mix_b393d3919c78,assets/audio/study-stimuli/main-study/group_01/song_b_id_like_to_know/pxl_s7.wav,86,True,True,"E: The sound had a good sense of spaciousness and worked well as background music.
D: There was little that bothered me, but it lacked spaciousness and felt somewhat lacking.
B: The harshness and crispness in the high frequencies were noticeable and bothersome.
A: The low frequencies were overly boosted.
C: The midrange was too prominent.",-0.867056238017743,-0.6188407399054331,-0.3229009373128245,-1.0515106991885117,optional_qc_sensitivity_predictor,True,,True,,True,86,"[""E""]",E,True,1,True,1.0
P031,group_01,group_01,P031__trial_02,2,2,FM-1,FM-1,1,FM-1 - Maintaining Engagement During an Activity,FM-1,"You are engaged in an activity that requires sustained mental or physical effort. As you continue, it becomes more difficult to stay engaged. You want to maintain your focus and motivation so that you can continue making steady progress toward completing the activity. You decide to listen to music while carrying on with the activity.",Focus-Motivation,lead_me,group_01_song_a_lead_me,2,Song A,Lead Me,A,1,lead_me_pxl_l4,mix_c7d9a071ba25,assets/audio/study-stimuli/main-study/group_01/song_a_lead_me/pxl_l4.wav,10,True,True,"D: The reverb was too strong.
C: The balance between the vocals, guitar, and drums was poor.
B: The balance between the vocals, guitar, and drums was poor.
A: The reverb sounded unnatural.
E: The sound felt too close, making it unsuitable as background music while working.",-0.0552007785055364,-0.8412121981784734,0.8321106863211235,2.390299590706203,optional_qc_sensitivity_predictor,True,,True,,True,15,"[""E""]",E,True,1,False,2.0
P031,group_01,group_01,P031__trial_02,2,2,FM-1,FM-1,1,FM-1 - Maintaining Engagement During an Activity,FM-1,"You are engaged in an activity that requires sustained mental or physical effort. As you continue, it becomes more difficult to stay engaged. You want to maintain your focus and motivation so that you can continue making steady progress toward completing the activity. You decide to listen to music while carrying on with the activity.",Focus-Motivation,lead_me,group_01_song_a_lead_me,2,Song A,Lead Me,B,2,lead_me_pxl_l1,mix_d5b28dfc8a93,assets/audio/study-stimuli/main-study/group_01/song_a_lead_me/pxl_l1.wav,0,True,True,"D: The reverb was too strong.
C: The balance between the vocals, guitar, and drums was poor.
B: The balance between the vocals, guitar, and drums was poor.
A: The reverb sounded unnatural.
E: The sound felt too close, making it unsuitable as background music while working.",-0.0024436394808062,-0.3677713699084406,-1.2816942263900757,-0.1924460334762285,optional_qc_sensitivity_predictor,True,,True,,True,15,"[""E""]",E,True,1,False,5.0
P031,group_01,group_01,P031__trial_02,2,2,FM-1,FM-1,1,FM-1 - Maintaining Engagement During an Activity,FM-1,"You are engaged in an activity that requires sustained mental or physical effort. As you continue, it becomes more difficult to stay engaged. You want to maintain your focus and motivation so that you can continue making steady progress toward completing the activity. You decide to listen to music while carrying on with the activity.",Focus-Motivation,lead_me,group_01_song_a_lead_me,2,Song A,Lead Me,C,3,lead_me_mcg_pro2,mix_d3e3580b6e30,assets/audio/study-stimuli/main-study/group_01/song_a_lead_me/mcg_pro2.wav,7,True,True,"D: The reverb was too strong.
C: The balance between the vocals, guitar, and drums was poor.
B: The balance between the vocals, guitar, and drums was poor.
A: The reverb sounded unnatural.
E: The sound felt too close, making it unsuitable as background music while working.",2.9805308263561203,0.8594252384169624,-0.9263284806752846,0.048773555233824,optional_qc_sensitivity_predictor,True,,True,,True,15,"[""E""]",E,True,1,False,3.0
P031,group_01,group_01,P031__trial_02,2,2,FM-1,FM-1,1,FM-1 - Maintaining Engagement During an Activity,FM-1,"You are engaged in an activity that requires sustained mental or physical effort. As you continue, it becomes more difficult to stay engaged. You want to maintain your focus and motivation so that you can continue making steady progress toward completing the activity. You decide to listen to music while carrying on with the activity.",Focus-Motivation,lead_me,group_01_song_a_lead_me,2,Song A,Lead Me,D,4,lead_me_du_d,mix_f1f7973e5bac,assets/audio/study-stimuli/main-study/group_01/song_a_lead_me/du_d.wav,1,True,True,"D: The reverb was too strong.
C: The balance between the vocals, guitar, and drums was poor.
B: The balance between the vocals, guitar, and drums was poor.
A: The reverb sounded unnatural.
E: The sound felt too close, making it unsuitable as background music while working.",0.7402857811167308,-1.548717422055362,0.3280479404435016,-1.017146833506479,optional_qc_sensitivity_predictor,True,,True,,True,15,"[""E""]",E,True,1,False,4.0
P031,group_01,group_01,P031__trial_02,2,2,FM-1,FM-1,1,FM-1 - Maintaining Engagement During an Activity,FM-1,"You are engaged in an activity that requires sustained mental or physical effort. As you continue, it becomes more difficult to stay engaged. You want to maintain your focus and motivation so that you can continue making steady progress toward completing the activity. You decide to listen to music while carrying on with the activity.",Focus-Motivation,lead_me,group_01_song_a_lead_me,2,Song A,Lead Me,E,5,lead_me_du_e,mix_271852ba8676,assets/audio/study-stimuli/main-study/group_01/song_a_lead_me/du_e.wav,15,True,True,"D: The reverb was too strong.
C: The balance between the vocals, guitar, and drums was poor.
B: The balance between the vocals, guitar, and drums was poor.
A: The reverb sounded unnatural.
E: The sound felt too close, making it unsuitable as background music while working.",-1.0250576971995913,0.5199952869185839,-0.8666083508697964,0.9959336464039888,optional_qc_sensitivity_predictor,True,,True,,True,15,"[""E""]",E,True,1,True,1.0
P031,group_01,group_01,P031__trial_03,3,3,EDR-2,EDR-2,2,EDR-2 - Unwinding After a Demanding Period,EDR-2,"You have some time for yourself after a demanding period. Although a few everyday concerns are still on your mind, there is nothing that requires your attention right now. You would like to feel calmer and take your mind off these concerns for a while, so you decide to listen to music to help you unwind.",Relaxation-Distraction,id_like_to_know,group_01_song_b_id_like_to_know,1,Song B,I'd Like To Know,A,1,id_like_to_know_pxl_s7,mix_b393d3919c78,assets/audio/study-stimuli/main-study/group_01/song_b_id_like_to_know/pxl_s7.wav,76,True,True,"A: The sound was well balanced.
B: The vocals were too weak.
C: The guitar was too prominent, while the vocals were too weak. There was not enough sense of reverb, and the lack of high-frequency extension made the sound feel less spacious.
D: The sound was simple, with little sense of reverb. The high-frequency extension was limited, but the overall tonal balance was not bad.
E: The sound had an exaggerated V-shaped balance, with sharp highs and overly boomy bass.",-0.867056238017743,-0.6188407399054331,-0.3229009373128245,-1.0515106991885117,optional_qc_sensitivity_predictor,True,,True,,True,76,"[""A""]",A,True,1,True,1.0
P031,group_01,group_01,P031__trial_03,3,3,EDR-2,EDR-2,2,EDR-2 - Unwinding After a Demanding Period,EDR-2,"You have some time for yourself after a demanding period. Although a few everyday concerns are still on your mind, there is nothing that requires your attention right now. You would like to feel calmer and take your mind off these concerns for a while, so you decide to listen to music to help you unwind.",Relaxation-Distraction,id_like_to_know,group_01_song_b_id_like_to_know,1,Song B,I'd Like To Know,B,2,id_like_to_know_pxl_s1,mix_9ffcd672af17,assets/audio/study-stimuli/main-study/group_01/song_b_id_like_to_know/pxl_s1.wav,25,True,True,"A: The sound was well balanced.
B: The vocals were too weak.
C: The guitar was too prominent, while the vocals were too weak. There was not enough sense of reverb, and the lack of high-frequency extension made the sound feel less spacious.
D: The sound was simple, with little sense of reverb. The high-frequency extension was limited, but the overall tonal balance was not bad.
E: The sound had an exaggerated V-shaped balance, with sharp highs and overly boomy bass.",-0.5659114167269081,-0.579304038497624,-0.4851205015292653,1.357247686182373,optional_qc_sensitivity_predictor,True,,True,,True,76,"[""A""]",A,True,1,False,4.0
P031,group_01,group_01,P031__trial_03,3,3,EDR-2,EDR-2,2,EDR-2 - Unwinding After a Demanding Period,EDR-2,"You have some time for yourself after a demanding period. Although a few everyday concerns are still on your mind, there is nothing that requires your attention right now. You would like to feel calmer and take your mind off these concerns for a while, so you decide to listen to music to help you unwind.",Relaxation-Distraction,id_like_to_know,group_01_song_b_id_like_to_know,1,Song B,I'd Like To Know,C,3,id_like_to_know_pxl_s5,mix_82d60d7c7fc5,assets/audio/study-stimuli/main-study/group_01/song_b_id_like_to_know/pxl_s5.wav,12,True,True,"A: The sound was well balanced.
B: The vocals were too weak.
C: The guitar was too prominent, while the vocals were too weak. There was not enough sense of reverb, and the lack of high-frequency extension made the sound feel less spacious.
D: The sound was simple, with little sense of reverb. The high-frequency extension was limited, but the overall tonal balance was not bad.
E: The sound had an exaggerated V-shaped balance, with sharp highs and overly boomy bass.",-0.3583378408524605,-0.1527662554529231,0.7972705919658362,1.6270752922517937,optional_qc_sensitivity_predictor,True,,True,,True,76,"[""A""]",A,True,1,False,5.0
P031,group_01,group_01,P031__trial_03,3,3,EDR-2,EDR-2,2,EDR-2 - Unwinding After a Demanding Period,EDR-2,"You have some time for yourself after a demanding period. Although a few everyday concerns are still on your mind, there is nothing that requires your attention right now. You would like to feel calmer and take your mind off these concerns for a while, so you decide to listen to music to help you unwind.",Relaxation-Distraction,id_like_to_know,group_01_song_b_id_like_to_know,1,Song B,I'd Like To Know,D,4,id_like_to_know_pxl_s3,mix_65f41f41d3ab,assets/audio/study-stimuli/main-study/group_01/song_b_id_like_to_know/pxl_s3.wav,50,True,True,"A: The sound was well balanced.
B: The vocals were too weak.
C: The guitar was too prominent, while the vocals were too weak. There was not enough sense of reverb, and the lack of high-frequency extension made the sound feel less spacious.
D: The sound was simple, with little sense of reverb. The high-frequency extension was limited, but the overall tonal balance was not bad.
E: The sound had an exaggerated V-shaped balance, with sharp highs and overly boomy bass.",0.3234844364321996,-1.065060189455143,-1.1651773700507613,-0.0982478955990668,optional_qc_sensitivity_predictor,True,,True,,True,76,"[""A""]",A,True,1,False,2.0
P031,group_01,group_01,P031__trial_03,3,3,EDR-2,EDR-2,2,EDR-2 - Unwinding After a Demanding Period,EDR-2,"You have some time for yourself after a demanding period. Although a few everyday concerns are still on your mind, there is nothing that requires your attention right now. You would like to feel calmer and take your mind off these concerns for a while, so you decide to listen to music to help you unwind.",Relaxation-Distraction,id_like_to_know,group_01_song_b_id_like_to_know,1,Song B,I'd Like To Know,E,5,id_like_to_know_pxl_s2,mix_6f8b655d7999,assets/audio/study-stimuli/main-study/group_01/song_b_id_like_to_know/pxl_s2.wav,41,True,True,"A: The sound was well balanced.
B: The vocals were too weak.
C: The guitar was too prominent, while the vocals were too weak. There was not enough sense of reverb, and the lack of high-frequency extension made the sound feel less spacious.
D: The sound was simple, with little sense of reverb. The high-frequency extension was limited, but the overall tonal balance was not bad.
E: The sound had an exaggerated V-shaped balance, with sharp highs and overly boomy bass.",0.5329997864789321,-1.1874673519330532,-0.7637519766505488,0.5510366380169074,optional_qc_sensitivity_predictor,True,,True,,True,76,"[""A""]",A,True,1,False,3.0
P031,group_01,group_01,P031__trial_04,4,4,EDR-2,EDR-2,2,EDR-2 - Unwinding After a Demanding Period,EDR-2,"You have some time for yourself after a demanding period. Although a few everyday concerns are still on your mind, there is nothing that requires your attention right now. You would like to feel calmer and take your mind off these concerns for a while, so you decide to listen to music to help you unwind.",Relaxation-Distraction,lead_me,group_01_song_a_lead_me,2,Song A,Lead Me,A,1,lead_me_du_d,mix_f1f7973e5bac,assets/audio/study-stimuli/main-study/group_01/song_a_lead_me/du_d.wav,89,True,True,"A: The sound had an SR-system-like character, as if I were at a live venue, creating a strong sense of being away from everyday life.
B: The sound felt too close and was fatiguing to listen to.
C: It gave the impression of a rehearsal in an empty live venue. It lacked a sense of realism or presence, with only the reverb standing out. There was virtually no low end.
D: There was little sense of reverb, and the low frequencies were too strong.
E: The overall sound balance was very poor.
",0.7402857811167308,-1.548717422055362,0.3280479404435016,-1.017146833506479,optional_qc_sensitivity_predictor,True,,True,,True,89,"[""A""]",A,True,1,True,1.0
P031,group_01,group_01,P031__trial_04,4,4,EDR-2,EDR-2,2,EDR-2 - Unwinding After a Demanding Period,EDR-2,"You have some time for yourself after a demanding period. Although a few everyday concerns are still on your mind, there is nothing that requires your attention right now. You would like to feel calmer and take your mind off these concerns for a while, so you decide to listen to music to help you unwind.",Relaxation-Distraction,lead_me,group_01_song_a_lead_me,2,Song A,Lead Me,B,2,lead_me_du_e,mix_271852ba8676,assets/audio/study-stimuli/main-study/group_01/song_a_lead_me/du_e.wav,13,True,True,"A: The sound had an SR-system-like character, as if I were at a live venue, creating a strong sense of being away from everyday life.
B: The sound felt too close and was fatiguing to listen to.
C: It gave the impression of a rehearsal in an empty live venue. It lacked a sense of realism or presence, with only the reverb standing out. There was virtually no low end.
D: There was little sense of reverb, and the low frequencies were too strong.
E: The overall sound balance was very poor.
",-1.0250576971995913,0.5199952869185839,-0.8666083508697964,0.9959336464039888,optional_qc_sensitivity_predictor,True,,True,,True,89,"[""A""]",A,True,1,False,4.0
P031,group_01,group_01,P031__trial_04,4,4,EDR-2,EDR-2,2,EDR-2 - Unwinding After a Demanding Period,EDR-2,"You have some time for yourself after a demanding period. Although a few everyday concerns are still on your mind, there is nothing that requires your attention right now. You would like to feel calmer and take your mind off these concerns for a while, so you decide to listen to music to help you unwind.",Relaxation-Distraction,lead_me,group_01_song_a_lead_me,2,Song A,Lead Me,C,3,lead_me_pxl_l4,mix_c7d9a071ba25,assets/audio/study-stimuli/main-study/group_01/song_a_lead_me/pxl_l4.wav,24,True,True,"A: The sound had an SR-system-like character, as if I were at a live venue, creating a strong sense of being away from everyday life.
B: The sound felt too close and was fatiguing to listen to.
C: It gave the impression of a rehearsal in an empty live venue. It lacked a sense of realism or presence, with only the reverb standing out. There was virtually no low end.
D: There was little sense of reverb, and the low frequencies were too strong.
E: The overall sound balance was very poor.
",-0.0552007785055364,-0.8412121981784734,0.8321106863211235,2.390299590706203,optional_qc_sensitivity_predictor,True,,True,,True,89,"[""A""]",A,True,1,False,3.0
P031,group_01,group_01,P031__trial_04,4,4,EDR-2,EDR-2,2,EDR-2 - Unwinding After a Demanding Period,EDR-2,"You have some time for yourself after a demanding period. Although a few everyday concerns are still on your mind, there is nothing that requires your attention right now. You would like to feel calmer and take your mind off these concerns for a while, so you decide to listen to music to help you unwind.",Relaxation-Distraction,lead_me,group_01_song_a_lead_me,2,Song A,Lead Me,D,4,lead_me_mcg_pro2,mix_d3e3580b6e30,assets/audio/study-stimuli/main-study/group_01/song_a_lead_me/mcg_pro2.wav,35,True,True,"A: The sound had an SR-system-like character, as if I were at a live venue, creating a strong sense of being away from everyday life.
B: The sound felt too close and was fatiguing to listen to.
C: It gave the impression of a rehearsal in an empty live venue. It lacked a sense of realism or presence, with only the reverb standing out. There was virtually no low end.
D: There was little sense of reverb, and the low frequencies were too strong.
E: The overall sound balance was very poor.
",2.9805308263561203,0.8594252384169624,-0.9263284806752846,0.048773555233824,optional_qc_sensitivity_predictor,True,,True,,True,89,"[""A""]",A,True,1,False,2.0
P031,group_01,group_01,P031__trial_04,4,4,EDR-2,EDR-2,2,EDR-2 - Unwinding After a Demanding Period,EDR-2,"You have some time for yourself after a demanding period. Although a few everyday concerns are still on your mind, there is nothing that requires your attention right now. You would like to feel calmer and take your mind off these concerns for a while, so you decide to listen to music to help you unwind.",Relaxation-Distraction,lead_me,group_01_song_a_lead_me,2,Song A,Lead Me,E,5,lead_me_pxl_l1,mix_d5b28dfc8a93,assets/audio/study-stimuli/main-study/group_01/song_a_lead_me/pxl_l1.wav,6,True,True,"A: The sound had an SR-system-like character, as if I were at a live venue, creating a strong sense of being away from everyday life.
B: The sound felt too close and was fatiguing to listen to.
C: It gave the impression of a rehearsal in an empty live venue. It lacked a sense of realism or presence, with only the reverb standing out. There was virtually no low end.
D: There was little sense of reverb, and the low frequencies were too strong.
E: The overall sound balance was very poor.
",-0.0024436394808062,-0.3677713699084406,-1.2816942263900757,-0.1924460334762285,optional_qc_sensitivity_predictor,True,,True,,True,89,"[""A""]",A,True,1,False,5.0
P031,group_01,group_01,P031__trial_05,5,5,EDR-1,EDR-1,3,EDR-1 - Enjoying Free Time,EDR-1,"You have some free time and no immediate responsibilities that require your attention. You are not feeling tired or worried, but you would like to enjoy your time rather than let it pass uneventfully. You decide to listen to music for entertainment, making your free time more enjoyable.",Enjoyment,id_like_to_know,group_01_song_b_id_like_to_know,1,Song B,I'd Like To Know,A,1,id_like_to_know_pxl_s7,mix_b393d3919c78,assets/audio/study-stimuli/main-study/group_01/song_b_id_like_to_know/pxl_s7.wav,50,True,True,"A: Nothing in particular bothered me.
B: The high frequencies were lacking.
C: The sound had a pronounced V-shaped balance, with emphasized highs and lows.
D: The sound felt somewhat lacking overall.
E: The sound was slightly V-shaped, with somewhat emphasized highs and lows.",-0.867056238017743,-0.6188407399054331,-0.3229009373128245,-1.0515106991885117,optional_qc_sensitivity_predictor,True,,True,,True,50,"[""A""]",A,True,1,True,1.0
P031,group_01,group_01,P031__trial_05,5,5,EDR-1,EDR-1,3,EDR-1 - Enjoying Free Time,EDR-1,"You have some free time and no immediate responsibilities that require your attention. You are not feeling tired or worried, but you would like to enjoy your time rather than let it pass uneventfully. You decide to listen to music for entertainment, making your free time more enjoyable.",Enjoyment,id_like_to_know,group_01_song_b_id_like_to_know,1,Song B,I'd Like To Know,B,2,id_like_to_know_pxl_s5,mix_82d60d7c7fc5,assets/audio/study-stimuli/main-study/group_01/song_b_id_like_to_know/pxl_s5.wav,24,True,True,"A: Nothing in particular bothered me.
B: The high frequencies were lacking.
C: The sound had a pronounced V-shaped balance, with emphasized highs and lows.
D: The sound felt somewhat lacking overall.
E: The sound was slightly V-shaped, with somewhat emphasized highs and lows.",-0.3583378408524605,-0.1527662554529231,0.7972705919658362,1.6270752922517937,optional_qc_sensitivity_predictor,True,,True,,True,50,"[""A""]",A,True,1,False,3.0
P031,group_01,group_01,P031__trial_05,5,5,EDR-1,EDR-1,3,EDR-1 - Enjoying Free Time,EDR-1,"You have some free time and no immediate responsibilities that require your attention. You are not feeling tired or worried, but you would like to enjoy your time rather than let it pass uneventfully. You decide to listen to music for entertainment, making your free time more enjoyable.",Enjoyment,id_like_to_know,group_01_song_b_id_like_to_know,1,Song B,I'd Like To Know,C,3,id_like_to_know_pxl_s1,mix_9ffcd672af17,assets/audio/study-stimuli/main-study/group_01/song_b_id_like_to_know/pxl_s1.wav,20,True,True,"A: Nothing in particular bothered me.
B: The high frequencies were lacking.
C: The sound had a pronounced V-shaped balance, with emphasized highs and lows.
D: The sound felt somewhat lacking overall.
E: The sound was slightly V-shaped, with somewhat emphasized highs and lows.",-0.5659114167269081,-0.579304038497624,-0.4851205015292653,1.357247686182373,optional_qc_sensitivity_predictor,True,,True,,True,50,"[""A""]",A,True,1,False,4.0
P031,group_01,group_01,P031__trial_05,5,5,EDR-1,EDR-1,3,EDR-1 - Enjoying Free Time,EDR-1,"You have some free time and no immediate responsibilities that require your attention. You are not feeling tired or worried, but you would like to enjoy your time rather than let it pass uneventfully. You decide to listen to music for entertainment, making your free time more enjoyable.",Enjoyment,id_like_to_know,group_01_song_b_id_like_to_know,1,Song B,I'd Like To Know,D,4,id_like_to_know_pxl_s3,mix_65f41f41d3ab,assets/audio/study-stimuli/main-study/group_01/song_b_id_like_to_know/pxl_s3.wav,17,True,True,"A: Nothing in particular bothered me.
B: The high frequencies were lacking.
C: The sound had a pronounced V-shaped balance, with emphasized highs and lows.
D: The sound felt somewhat lacking overall.
E: The sound was slightly V-shaped, with somewhat emphasized highs and lows.",0.3234844364321996,-1.065060189455143,-1.1651773700507613,-0.0982478955990668,optional_qc_sensitivity_predictor,True,,True,,True,50,"[""A""]",A,True,1,False,5.0
P031,group_01,group_01,P031__trial_05,5,5,EDR-1,EDR-1,3,EDR-1 - Enjoying Free Time,EDR-1,"You have some free time and no immediate responsibilities that require your attention. You are not feeling tired or worried, but you would like to enjoy your time rather than let it pass uneventfully. You decide to listen to music for entertainment, making your free time more enjoyable.",Enjoyment,id_like_to_know,group_01_song_b_id_like_to_know,1,Song B,I'd Like To Know,E,5,id_like_to_know_pxl_s2,mix_6f8b655d7999,assets/audio/study-stimuli/main-study/group_01/song_b_id_like_to_know/pxl_s2.wav,38,True,True,"A: Nothing in particular bothered me.
B: The high frequencies were lacking.
C: The sound had a pronounced V-shaped balance, with emphasized highs and lows.
D: The sound felt somewhat lacking overall.
E: The sound was slightly V-shaped, with somewhat emphasized highs and lows.",0.5329997864789321,-1.1874673519330532,-0.7637519766505488,0.5510366380169074,optional_qc_sensitivity_predictor,True,,True,,True,50,"[""A""]",A,True,1,False,2.0
P031,group_01,group_01,P031__trial_06,6,6,EDR-1,EDR-1,3,EDR-1 - Enjoying Free Time,EDR-1,"You have some free time and no immediate responsibilities that require your attention. You are not feeling tired or worried, but you would like to enjoy your time rather than let it pass uneventfully. You decide to listen to music for entertainment, making your free time more enjoyable.",Enjoyment,lead_me,group_01_song_a_lead_me,2,Song A,Lead Me,A,1,lead_me_du_e,mix_271852ba8676,assets/audio/study-stimuli/main-study/group_01/song_a_lead_me/du_e.wav,25,True,True,"C: The drums were too prominent.
E: The drums were barely audible.
A: There was little sense of reverb, and the sound source felt too close. It was fatiguing to listen to.
D: The reverb was too strong. It felt as if I were listening in an unusual acoustic environment, which sounded unnatural.
B: The overall sound quality was poor.",-1.0250576971995913,0.5199952869185839,-0.8666083508697964,0.9959336464039888,optional_qc_sensitivity_predictor,True,,True,,True,37,"[""C""]",C,True,1,False,3.0
P031,group_01,group_01,P031__trial_06,6,6,EDR-1,EDR-1,3,EDR-1 - Enjoying Free Time,EDR-1,"You have some free time and no immediate responsibilities that require your attention. You are not feeling tired or worried, but you would like to enjoy your time rather than let it pass uneventfully. You decide to listen to music for entertainment, making your free time more enjoyable.",Enjoyment,lead_me,group_01_song_a_lead_me,2,Song A,Lead Me,B,2,lead_me_pxl_l1,mix_d5b28dfc8a93,assets/audio/study-stimuli/main-study/group_01/song_a_lead_me/pxl_l1.wav,4,True,True,"C: The drums were too prominent.
E: The drums were barely audible.
A: There was little sense of reverb, and the sound source felt too close. It was fatiguing to listen to.
D: The reverb was too strong. It felt as if I were listening in an unusual acoustic environment, which sounded unnatural.
B: The overall sound quality was poor.",-0.0024436394808062,-0.3677713699084406,-1.2816942263900757,-0.1924460334762285,optional_qc_sensitivity_predictor,True,,True,,True,37,"[""C""]",C,True,1,False,5.0
P031,group_01,group_01,P031__trial_06,6,6,EDR-1,EDR-1,3,EDR-1 - Enjoying Free Time,EDR-1,"You have some free time and no immediate responsibilities that require your attention. You are not feeling tired or worried, but you would like to enjoy your time rather than let it pass uneventfully. You decide to listen to music for entertainment, making your free time more enjoyable.",Enjoyment,lead_me,group_01_song_a_lead_me,2,Song A,Lead Me,C,3,lead_me_mcg_pro2,mix_d3e3580b6e30,assets/audio/study-stimuli/main-study/group_01/song_a_lead_me/mcg_pro2.wav,37,True,True,"C: The drums were too prominent.
E: The drums were barely audible.
A: There was little sense of reverb, and the sound source felt too close. It was fatiguing to listen to.
D: The reverb was too strong. It felt as if I were listening in an unusual acoustic environment, which sounded unnatural.
B: The overall sound quality was poor.",2.9805308263561203,0.8594252384169624,-0.9263284806752846,0.048773555233824,optional_qc_sensitivity_predictor,True,,True,,True,37,"[""C""]",C,True,1,True,1.0
P031,group_01,group_01,P031__trial_06,6,6,EDR-1,EDR-1,3,EDR-1 - Enjoying Free Time,EDR-1,"You have some free time and no immediate responsibilities that require your attention. You are not feeling tired or worried, but you would like to enjoy your time rather than let it pass uneventfully. You decide to listen to music for entertainment, making your free time more enjoyable.",Enjoyment,lead_me,group_01_song_a_lead_me,2,Song A,Lead Me,D,4,lead_me_du_d,mix_f1f7973e5bac,assets/audio/study-stimuli/main-study/group_01/song_a_lead_me/du_d.wav,14,True,True,"C: The drums were too prominent.
E: The drums were barely audible.
A: There was little sense of reverb, and the sound source felt too close. It was fatiguing to listen to.
D: The reverb was too strong. It felt as if I were listening in an unusual acoustic environment, which sounded unnatural.
B: The overall sound quality was poor.",0.7402857811167308,-1.548717422055362,0.3280479404435016,-1.017146833506479,optional_qc_sensitivity_predictor,True,,True,,True,37,"[""C""]",C,True,1,False,4.0
P031,group_01,group_01,P031__trial_06,6,6,EDR-1,EDR-1,3,EDR-1 - Enjoying Free Time,EDR-1,"You have some free time and no immediate responsibilities that require your attention. You are not feeling tired or worried, but you would like to enjoy your time rather than let it pass uneventfully. You decide to listen to music for entertainment, making your free time more enjoyable.",Enjoyment,lead_me,group_01_song_a_lead_me,2,Song A,Lead Me,E,5,lead_me_pxl_l4,mix_c7d9a071ba25,assets/audio/study-stimuli/main-study/group_01/song_a_lead_me/pxl_l4.wav,31,True,True,"C: The drums were too prominent.
E: The drums were barely audible.
A: There was little sense of reverb, and the sound source felt too close. It was fatiguing to listen to.
D: The reverb was too strong. It felt as if I were listening in an unusual acoustic environment, which sounded unnatural.
B: The overall sound quality was poor.",-0.0552007785055364,-0.8412121981784734,0.8321106863211235,2.390299590706203,optional_qc_sensitivity_predictor,True,,True,,True,37,"[""C""]",C,True,1,False,2.0
P032,group_02,group_02,P032__trial_01,1,1,EDR-2,EDR-2,1,EDR-2 - Unwinding After a Demanding Period,EDR-2,"You have some time for yourself after a demanding period. Although a few everyday concerns are still on your mind, there is nothing that requires your attention right now. You would like to feel calmer and take your mind off these concerns for a while, so you decide to listen to music to help you unwind.",Relaxation-Distraction,pouring_room,group_02_song_b_pouring_room,1,Song B,Pouring Room,A,1,pouring_room_mcg_v,mix_e08faaf8bbb3,assets/audio/study-stimuli/main-study/group_02/song_b_pouring_room/mcg_v.wav,55,True,True,"I evaluated them based on the differences in the depth of the delay and reverb on the lead vocals. When listening for relaxation, I prefer a drier vocal sound.",0.2009523983216312,1.112208706920678,-0.2814967551013548,-0.938440679331238,optional_qc_sensitivity_predictor,True,,True,,True,79,"[""D""]",D,True,1,False,2.0
P032,group_02,group_02,P032__trial_01,1,1,EDR-2,EDR-2,1,EDR-2 - Unwinding After a Demanding Period,EDR-2,"You have some time for yourself after a demanding period. Although a few everyday concerns are still on your mind, there is nothing that requires your attention right now. You would like to feel calmer and take your mind off these concerns for a while, so you decide to listen to music to help you unwind.",Relaxation-Distraction,pouring_room,group_02_song_b_pouring_room,1,Song B,Pouring Room,B,2,pouring_room_mcg_t,mix_be2ccd4c43ff,assets/audio/study-stimuli/main-study/group_02/song_b_pouring_room/mcg_t.wav,31,True,True,"I evaluated them based on the differences in the depth of the delay and reverb on the lead vocals. When listening for relaxation, I prefer a drier vocal sound.",-0.0814371595061495,1.1238301932737935,1.926895983278192,-0.8792578396079359,optional_qc_sensitivity_predictor,True,,True,,True,79,"[""D""]",D,True,1,False,4.0
P032,group_02,group_02,P032__trial_01,1,1,EDR-2,EDR-2,1,EDR-2 - Unwinding After a Demanding Period,EDR-2,"You have some time for yourself after a demanding period. Although a few everyday concerns are still on your mind, there is nothing that requires your attention right now. You would like to feel calmer and take your mind off these concerns for a while, so you decide to listen to music to help you unwind.",Relaxation-Distraction,pouring_room,group_02_song_b_pouring_room,1,Song B,Pouring Room,C,3,pouring_room_mcg_r,mix_0ba76f420c1d,assets/audio/study-stimuli/main-study/group_02/song_b_pouring_room/mcg_r.wav,43,True,True,"I evaluated them based on the differences in the depth of the delay and reverb on the lead vocals. When listening for relaxation, I prefer a drier vocal sound.",0.2249858589620197,-0.521538265731174,0.8057256670690561,-1.2630720295337683,optional_qc_sensitivity_predictor,True,,True,,True,79,"[""D""]",D,True,1,False,3.0
P032,group_02,group_02,P032__trial_01,1,1,EDR-2,EDR-2,1,EDR-2 - Unwinding After a Demanding Period,EDR-2,"You have some time for yourself after a demanding period. Although a few everyday concerns are still on your mind, there is nothing that requires your attention right now. You would like to feel calmer and take your mind off these concerns for a while, so you decide to listen to music to help you unwind.",Relaxation-Distraction,pouring_room,group_02_song_b_pouring_room,1,Song B,Pouring Room,D,4,pouring_room_mcg_pro1,mix_132e75f34470,assets/audio/study-stimuli/main-study/group_02/song_b_pouring_room/mcg_pro1.wav,79,True,True,"I evaluated them based on the differences in the depth of the delay and reverb on the lead vocals. When listening for relaxation, I prefer a drier vocal sound.",1.177821012274786,0.1366958746221527,-0.3534041622732912,-0.9473754159948484,optional_qc_sensitivity_predictor,True,,True,,True,79,"[""D""]",D,True,1,True,1.0
P032,group_02,group_02,P032__trial_01,1,1,EDR-2,EDR-2,1,EDR-2 - Unwinding After a Demanding Period,EDR-2,"You have some time for yourself after a demanding period. Although a few everyday concerns are still on your mind, there is nothing that requires your attention right now. You would like to feel calmer and take your mind off these concerns for a while, so you decide to listen to music to help you unwind.",Relaxation-Distraction,pouring_room,group_02_song_b_pouring_room,1,Song B,Pouring Room,E,5,pouring_room_mcg_x,mix_cbf8555ee2b2,assets/audio/study-stimuli/main-study/group_02/song_b_pouring_room/mcg_x.wav,17,True,True,"I evaluated them based on the differences in the depth of the delay and reverb on the lead vocals. When listening for relaxation, I prefer a drier vocal sound.",0.4494273963527286,0.780552768870155,0.8086566197405122,-0.4801297779726206,optional_qc_sensitivity_predictor,True,,True,,True,79,"[""D""]",D,True,1,False,5.0
P032,group_02,group_02,P032__trial_02,2,2,EDR-2,EDR-2,1,EDR-2 - Unwinding After a Demanding Period,EDR-2,"You have some time for yourself after a demanding period. Although a few everyday concerns are still on your mind, there is nothing that requires your attention right now. You would like to feel calmer and take your mind off these concerns for a while, so you decide to listen to music to help you unwind.",Relaxation-Distraction,in_the_meantime,group_02_song_a_in_the_meantime,2,Song A,In The Meantime,A,1,in_the_meantime_du_h,mix_302f0efe8a80,assets/audio/study-stimuli/main-study/group_02/song_a_in_the_meantime/du_h.wav,79,True,True,"I made my decision primarily based on the drum and percussion sounds.
I dislike the bass drum sound of B; it’s poor.
I like the snare sound of C—it’s tight—but it has a bit too much punch for relaxed listening. A felt the most balanced to me.",0.6887214233465396,0.2719152524959843,-0.8693704120952901,0.8234428342152216,optional_qc_sensitivity_predictor,True,,True,,True,79,"[""A""]",A,True,1,True,1.0
P032,group_02,group_02,P032__trial_02,2,2,EDR-2,EDR-2,1,EDR-2 - Unwinding After a Demanding Period,EDR-2,"You have some time for yourself after a demanding period. Although a few everyday concerns are still on your mind, there is nothing that requires your attention right now. You would like to feel calmer and take your mind off these concerns for a while, so you decide to listen to music to help you unwind.",Relaxation-Distraction,in_the_meantime,group_02_song_a_in_the_meantime,2,Song A,In The Meantime,B,2,in_the_meantime_du_k,mix_56e65a3ce054,assets/audio/study-stimuli/main-study/group_02/song_a_in_the_meantime/du_k.wav,15,True,True,"I made my decision primarily based on the drum and percussion sounds.
I dislike the bass drum sound of B; it’s poor.
I like the snare sound of C—it’s tight—but it has a bit too much punch for relaxed listening. A felt the most balanced to me.",-1.1193186569455127,1.7918041562064675,0.9713104079970216,0.4372547184671072,optional_qc_sensitivity_predictor,True,,True,,True,79,"[""A""]",A,True,1,False,5.0
P032,group_02,group_02,P032__trial_02,2,2,EDR-2,EDR-2,1,EDR-2 - Unwinding After a Demanding Period,EDR-2,"You have some time for yourself after a demanding period. Although a few everyday concerns are still on your mind, there is nothing that requires your attention right now. You would like to feel calmer and take your mind off these concerns for a while, so you decide to listen to music to help you unwind.",Relaxation-Distraction,in_the_meantime,group_02_song_a_in_the_meantime,2,Song A,In The Meantime,C,3,in_the_meantime_du_i,mix_9baa86357fd4,assets/audio/study-stimuli/main-study/group_02/song_a_in_the_meantime/du_i.wav,58,True,True,"I made my decision primarily based on the drum and percussion sounds.
I dislike the bass drum sound of B; it’s poor.
I like the snare sound of C—it’s tight—but it has a bit too much punch for relaxed listening. A felt the most balanced to me.",-1.8990066727669184,1.9187185345499165,0.5415536857115313,-0.721703057329889,optional_qc_sensitivity_predictor,True,,True,,True,79,"[""A""]",A,True,1,False,2.0
P032,group_02,group_02,P032__trial_02,2,2,EDR-2,EDR-2,1,EDR-2 - Unwinding After a Demanding Period,EDR-2,"You have some time for yourself after a demanding period. Although a few everyday concerns are still on your mind, there is nothing that requires your attention right now. You would like to feel calmer and take your mind off these concerns for a while, so you decide to listen to music to help you unwind.",Relaxation-Distraction,in_the_meantime,group_02_song_a_in_the_meantime,2,Song A,In The Meantime,D,4,in_the_meantime_qut_pro,mix_cdaef40f2b94,assets/audio/study-stimuli/main-study/group_02/song_a_in_the_meantime/qut_pro.wav,43,True,True,"I made my decision primarily based on the drum and percussion sounds.
I dislike the bass drum sound of B; it’s poor.
I like the snare sound of C—it’s tight—but it has a bit too much punch for relaxed listening. A felt the most balanced to me.",-0.6756280657690176,-1.4346341192827423,1.8511013279434223,-0.7325346788768815,optional_qc_sensitivity_predictor,True,,True,,True,79,"[""A""]",A,True,1,False,3.0
P032,group_02,group_02,P032__trial_02,2,2,EDR-2,EDR-2,1,EDR-2 - Unwinding After a Demanding Period,EDR-2,"You have some time for yourself after a demanding period. Although a few everyday concerns are still on your mind, there is nothing that requires your attention right now. You would like to feel calmer and take your mind off these concerns for a while, so you decide to listen to music to help you unwind.",Relaxation-Distraction,in_the_meantime,group_02_song_a_in_the_meantime,2,Song A,In The Meantime,E,5,in_the_meantime_qut_b,mix_c7bdcba64775,assets/audio/study-stimuli/main-study/group_02/song_a_in_the_meantime/qut_b.wav,26,True,True,"I made my decision primarily based on the drum and percussion sounds.
I dislike the bass drum sound of B; it’s poor.
I like the snare sound of C—it’s tight—but it has a bit too much punch for relaxed listening. A felt the most balanced to me.",-0.6698107538710293,-0.1978340618743536,-1.5468197375217057,0.0908009789400507,optional_qc_sensitivity_predictor,True,,True,,True,79,"[""A""]",A,True,1,False,4.0
P032,group_02,group_02,P032__trial_03,3,3,EDR-1,EDR-1,2,EDR-1 - Enjoying Free Time,EDR-1,"You have some free time and no immediate responsibilities that require your attention. You are not feeling tired or worried, but you would like to enjoy your time rather than let it pass uneventfully. You decide to listen to music for entertainment, making your free time more enjoyable.",Enjoyment,pouring_room,group_02_song_b_pouring_room,1,Song B,Pouring Room,A,1,pouring_room_mcg_t,mix_be2ccd4c43ff,assets/audio/study-stimuli/main-study/group_02/song_b_pouring_room/mcg_t.wav,14,True,True,"In this case, too, I based my judgment on how easy the vocals were to listen to. Excessive reverb on the vocals makes me feel a bit uneasy. The dry vocals in ""C"" feel composed, allowing me to listen to it as background music.",-0.0814371595061495,1.1238301932737935,1.926895983278192,-0.8792578396079359,optional_qc_sensitivity_predictor,True,,True,,True,76,"[""C""]",C,True,1,False,5.0
P032,group_02,group_02,P032__trial_03,3,3,EDR-1,EDR-1,2,EDR-1 - Enjoying Free Time,EDR-1,"You have some free time and no immediate responsibilities that require your attention. You are not feeling tired or worried, but you would like to enjoy your time rather than let it pass uneventfully. You decide to listen to music for entertainment, making your free time more enjoyable.",Enjoyment,pouring_room,group_02_song_b_pouring_room,1,Song B,Pouring Room,B,2,pouring_room_mcg_r,mix_0ba76f420c1d,assets/audio/study-stimuli/main-study/group_02/song_b_pouring_room/mcg_r.wav,41,True,True,"In this case, too, I based my judgment on how easy the vocals were to listen to. Excessive reverb on the vocals makes me feel a bit uneasy. The dry vocals in ""C"" feel composed, allowing me to listen to it as background music.",0.2249858589620197,-0.521538265731174,0.8057256670690561,-1.2630720295337683,optional_qc_sensitivity_predictor,True,,True,,True,76,"[""C""]",C,True,1,False,3.0
P032,group_02,group_02,P032__trial_03,3,3,EDR-1,EDR-1,2,EDR-1 - Enjoying Free Time,EDR-1,"You have some free time and no immediate responsibilities that require your attention. You are not feeling tired or worried, but you would like to enjoy your time rather than let it pass uneventfully. You decide to listen to music for entertainment, making your free time more enjoyable.",Enjoyment,pouring_room,group_02_song_b_pouring_room,1,Song B,Pouring Room,C,3,pouring_room_mcg_pro1,mix_132e75f34470,assets/audio/study-stimuli/main-study/group_02/song_b_pouring_room/mcg_pro1.wav,76,True,True,"In this case, too, I based my judgment on how easy the vocals were to listen to. Excessive reverb on the vocals makes me feel a bit uneasy. The dry vocals in ""C"" feel composed, allowing me to listen to it as background music.",1.177821012274786,0.1366958746221527,-0.3534041622732912,-0.9473754159948484,optional_qc_sensitivity_predictor,True,,True,,True,76,"[""C""]",C,True,1,True,1.0
P032,group_02,group_02,P032__trial_03,3,3,EDR-1,EDR-1,2,EDR-1 - Enjoying Free Time,EDR-1,"You have some free time and no immediate responsibilities that require your attention. You are not feeling tired or worried, but you would like to enjoy your time rather than let it pass uneventfully. You decide to listen to music for entertainment, making your free time more enjoyable.",Enjoyment,pouring_room,group_02_song_b_pouring_room,1,Song B,Pouring Room,D,4,pouring_room_mcg_x,mix_cbf8555ee2b2,assets/audio/study-stimuli/main-study/group_02/song_b_pouring_room/mcg_x.wav,26,True,True,"In this case, too, I based my judgment on how easy the vocals were to listen to. Excessive reverb on the vocals makes me feel a bit uneasy. The dry vocals in ""C"" feel composed, allowing me to listen to it as background music.",0.4494273963527286,0.780552768870155,0.8086566197405122,-0.4801297779726206,optional_qc_sensitivity_predictor,True,,True,,True,76,"[""C""]",C,True,1,False,4.0
P032,group_02,group_02,P032__trial_03,3,3,EDR-1,EDR-1,2,EDR-1 - Enjoying Free Time,EDR-1,"You have some free time and no immediate responsibilities that require your attention. You are not feeling tired or worried, but you would like to enjoy your time rather than let it pass uneventfully. You decide to listen to music for entertainment, making your free time more enjoyable.",Enjoyment,pouring_room,group_02_song_b_pouring_room,1,Song B,Pouring Room,E,5,pouring_room_mcg_v,mix_e08faaf8bbb3,assets/audio/study-stimuli/main-study/group_02/song_b_pouring_room/mcg_v.wav,59,True,True,"In this case, too, I based my judgment on how easy the vocals were to listen to. Excessive reverb on the vocals makes me feel a bit uneasy. The dry vocals in ""C"" feel composed, allowing me to listen to it as background music.",0.2009523983216312,1.112208706920678,-0.2814967551013548,-0.938440679331238,optional_qc_sensitivity_predictor,True,,True,,True,76,"[""C""]",C,True,1,False,2.0
P032,group_02,group_02,P032__trial_04,4,4,EDR-1,EDR-1,2,EDR-1 - Enjoying Free Time,EDR-1,"You have some free time and no immediate responsibilities that require your attention. You are not feeling tired or worried, but you would like to enjoy your time rather than let it pass uneventfully. You decide to listen to music for entertainment, making your free time more enjoyable.",Enjoyment,in_the_meantime,group_02_song_a_in_the_meantime,2,Song A,In The Meantime,A,1,in_the_meantime_qut_b,mix_c7bdcba64775,assets/audio/study-stimuli/main-study/group_02/song_a_in_the_meantime/qut_b.wav,26,True,True,"Since Mix C offers a sense of overall spatial expansiveness, I felt that a dazzling sound profile like this was appropriate for listening.
In Mix E, the snare drum sounds pleasing. I do not care for the bass drum sound in Mix D.",-0.6698107538710293,-0.1978340618743536,-1.5468197375217057,0.0908009789400507,optional_qc_sensitivity_predictor,True,,True,,True,78,"[""C""]",C,True,1,False,4.0
P032,group_02,group_02,P032__trial_04,4,4,EDR-1,EDR-1,2,EDR-1 - Enjoying Free Time,EDR-1,"You have some free time and no immediate responsibilities that require your attention. You are not feeling tired or worried, but you would like to enjoy your time rather than let it pass uneventfully. You decide to listen to music for entertainment, making your free time more enjoyable.",Enjoyment,in_the_meantime,group_02_song_a_in_the_meantime,2,Song A,In The Meantime,B,2,in_the_meantime_du_h,mix_302f0efe8a80,assets/audio/study-stimuli/main-study/group_02/song_a_in_the_meantime/du_h.wav,46,True,True,"Since Mix C offers a sense of overall spatial expansiveness, I felt that a dazzling sound profile like this was appropriate for listening.
In Mix E, the snare drum sounds pleasing. I do not care for the bass drum sound in Mix D.",0.6887214233465396,0.2719152524959843,-0.8693704120952901,0.8234428342152216,optional_qc_sensitivity_predictor,True,,True,,True,78,"[""C""]",C,True,1,False,3.0
P032,group_02,group_02,P032__trial_04,4,4,EDR-1,EDR-1,2,EDR-1 - Enjoying Free Time,EDR-1,"You have some free time and no immediate responsibilities that require your attention. You are not feeling tired or worried, but you would like to enjoy your time rather than let it pass uneventfully. You decide to listen to music for entertainment, making your free time more enjoyable.",Enjoyment,in_the_meantime,group_02_song_a_in_the_meantime,2,Song A,In The Meantime,C,3,in_the_meantime_qut_pro,mix_cdaef40f2b94,assets/audio/study-stimuli/main-study/group_02/song_a_in_the_meantime/qut_pro.wav,78,True,True,"Since Mix C offers a sense of overall spatial expansiveness, I felt that a dazzling sound profile like this was appropriate for listening.
In Mix E, the snare drum sounds pleasing. I do not care for the bass drum sound in Mix D.",-0.6756280657690176,-1.4346341192827423,1.8511013279434223,-0.7325346788768815,optional_qc_sensitivity_predictor,True,,True,,True,78,"[""C""]",C,True,1,True,1.0
P032,group_02,group_02,P032__trial_04,4,4,EDR-1,EDR-1,2,EDR-1 - Enjoying Free Time,EDR-1,"You have some free time and no immediate responsibilities that require your attention. You are not feeling tired or worried, but you would like to enjoy your time rather than let it pass uneventfully. You decide to listen to music for entertainment, making your free time more enjoyable.",Enjoyment,in_the_meantime,group_02_song_a_in_the_meantime,2,Song A,In The Meantime,D,4,in_the_meantime_du_k,mix_56e65a3ce054,assets/audio/study-stimuli/main-study/group_02/song_a_in_the_meantime/du_k.wav,10,True,True,"Since Mix C offers a sense of overall spatial expansiveness, I felt that a dazzling sound profile like this was appropriate for listening.
In Mix E, the snare drum sounds pleasing. I do not care for the bass drum sound in Mix D.",-1.1193186569455127,1.7918041562064675,0.9713104079970216,0.4372547184671072,optional_qc_sensitivity_predictor,True,,True,,True,78,"[""C""]",C,True,1,False,5.0
P032,group_02,group_02,P032__trial_04,4,4,EDR-1,EDR-1,2,EDR-1 - Enjoying Free Time,EDR-1,"You have some free time and no immediate responsibilities that require your attention. You are not feeling tired or worried, but you would like to enjoy your time rather than let it pass uneventfully. You decide to listen to music for entertainment, making your free time more enjoyable.",Enjoyment,in_the_meantime,group_02_song_a_in_the_meantime,2,Song A,In The Meantime,E,5,in_the_meantime_du_i,mix_9baa86357fd4,assets/audio/study-stimuli/main-study/group_02/song_a_in_the_meantime/du_i.wav,68,True,True,"Since Mix C offers a sense of overall spatial expansiveness, I felt that a dazzling sound profile like this was appropriate for listening.
In Mix E, the snare drum sounds pleasing. I do not care for the bass drum sound in Mix D.",-1.8990066727669184,1.9187185345499165,0.5415536857115313,-0.721703057329889,optional_qc_sensitivity_predictor,True,,True,,True,78,"[""C""]",C,True,1,False,2.0
P032,group_02,group_02,P032__trial_05,5,5,FM-1,FM-1,3,FM-1 - Maintaining Engagement During an Activity,FM-1,"You are engaged in an activity that requires sustained mental or physical effort. As you continue, it becomes more difficult to stay engaged. You want to maintain your focus and motivation so that you can continue making steady progress toward completing the activity. You decide to listen to music while carrying on with the activity.",Focus-Motivation,in_the_meantime,group_02_song_a_in_the_meantime,1,Song A,In The Meantime,A,1,in_the_meantime_du_h,mix_302f0efe8a80,assets/audio/study-stimuli/main-study/group_02/song_a_in_the_meantime/du_h.wav,83,True,True,"I find mixes with prominent vocals distracting and can't focus. In terms of balance, I prefer A.",0.6887214233465396,0.2719152524959843,-0.8693704120952901,0.8234428342152216,optional_qc_sensitivity_predictor,True,,True,,True,83,"[""A""]",A,True,1,True,1.0
P032,group_02,group_02,P032__trial_05,5,5,FM-1,FM-1,3,FM-1 - Maintaining Engagement During an Activity,FM-1,"You are engaged in an activity that requires sustained mental or physical effort. As you continue, it becomes more difficult to stay engaged. You want to maintain your focus and motivation so that you can continue making steady progress toward completing the activity. You decide to listen to music while carrying on with the activity.",Focus-Motivation,in_the_meantime,group_02_song_a_in_the_meantime,1,Song A,In The Meantime,B,2,in_the_meantime_qut_pro,mix_cdaef40f2b94,assets/audio/study-stimuli/main-study/group_02/song_a_in_the_meantime/qut_pro.wav,72,True,True,"I find mixes with prominent vocals distracting and can't focus. In terms of balance, I prefer A.",-0.6756280657690176,-1.4346341192827423,1.8511013279434223,-0.7325346788768815,optional_qc_sensitivity_predictor,True,,True,,True,83,"[""A""]",A,True,1,False,2.0
P032,group_02,group_02,P032__trial_05,5,5,FM-1,FM-1,3,FM-1 - Maintaining Engagement During an Activity,FM-1,"You are engaged in an activity that requires sustained mental or physical effort. As you continue, it becomes more difficult to stay engaged. You want to maintain your focus and motivation so that you can continue making steady progress toward completing the activity. You decide to listen to music while carrying on with the activity.",Focus-Motivation,in_the_meantime,group_02_song_a_in_the_meantime,1,Song A,In The Meantime,C,3,in_the_meantime_du_k,mix_56e65a3ce054,assets/audio/study-stimuli/main-study/group_02/song_a_in_the_meantime/du_k.wav,11,True,True,"I find mixes with prominent vocals distracting and can't focus. In terms of balance, I prefer A.",-1.1193186569455127,1.7918041562064675,0.9713104079970216,0.4372547184671072,optional_qc_sensitivity_predictor,True,,True,,True,83,"[""A""]",A,True,1,False,5.0
P032,group_02,group_02,P032__trial_05,5,5,FM-1,FM-1,3,FM-1 - Maintaining Engagement During an Activity,FM-1,"You are engaged in an activity that requires sustained mental or physical effort. As you continue, it becomes more difficult to stay engaged. You want to maintain your focus and motivation so that you can continue making steady progress toward completing the activity. You decide to listen to music while carrying on with the activity.",Focus-Motivation,in_the_meantime,group_02_song_a_in_the_meantime,1,Song A,In The Meantime,D,4,in_the_meantime_du_i,mix_9baa86357fd4,assets/audio/study-stimuli/main-study/group_02/song_a_in_the_meantime/du_i.wav,46,True,True,"I find mixes with prominent vocals distracting and can't focus. In terms of balance, I prefer A.",-1.8990066727669184,1.9187185345499165,0.5415536857115313,-0.721703057329889,optional_qc_sensitivity_predictor,True,,True,,True,83,"[""A""]",A,True,1,False,3.0
P032,group_02,group_02,P032__trial_05,5,5,FM-1,FM-1,3,FM-1 - Maintaining Engagement During an Activity,FM-1,"You are engaged in an activity that requires sustained mental or physical effort. As you continue, it becomes more difficult to stay engaged. You want to maintain your focus and motivation so that you can continue making steady progress toward completing the activity. You decide to listen to music while carrying on with the activity.",Focus-Motivation,in_the_meantime,group_02_song_a_in_the_meantime,1,Song A,In The Meantime,E,5,in_the_meantime_qut_b,mix_c7bdcba64775,assets/audio/study-stimuli/main-study/group_02/song_a_in_the_meantime/qut_b.wav,30,True,True,"I find mixes with prominent vocals distracting and can't focus. In terms of balance, I prefer A.",-0.6698107538710293,-0.1978340618743536,-1.5468197375217057,0.0908009789400507,optional_qc_sensitivity_predictor,True,,True,,True,83,"[""A""]",A,True,1,False,4.0
P032,group_02,group_02,P032__trial_06,6,6,FM-1,FM-1,3,FM-1 - Maintaining Engagement During an Activity,FM-1,"You are engaged in an activity that requires sustained mental or physical effort. As you continue, it becomes more difficult to stay engaged. You want to maintain your focus and motivation so that you can continue making steady progress toward completing the activity. You decide to listen to music while carrying on with the activity.",Focus-Motivation,pouring_room,group_02_song_b_pouring_room,2,Song B,Pouring Room,A,1,pouring_room_mcg_x,mix_cbf8555ee2b2,assets/audio/study-stimuli/main-study/group_02/song_b_pouring_room/mcg_x.wav,25,True,True,"I made my decision based on the depth of the vocal reverb and the balance with the other instruments. I find it distracting when a specific instrument stands out too much in the mix, making it hard to focus. I felt that Option D was the best choice due to its balance and the settled quality of the tone.",0.4494273963527286,0.780552768870155,0.8086566197405122,-0.4801297779726206,optional_qc_sensitivity_predictor,True,,True,,True,64,"[""D""]",D,True,1,False,4.0
P032,group_02,group_02,P032__trial_06,6,6,FM-1,FM-1,3,FM-1 - Maintaining Engagement During an Activity,FM-1,"You are engaged in an activity that requires sustained mental or physical effort. As you continue, it becomes more difficult to stay engaged. You want to maintain your focus and motivation so that you can continue making steady progress toward completing the activity. You decide to listen to music while carrying on with the activity.",Focus-Motivation,pouring_room,group_02_song_b_pouring_room,2,Song B,Pouring Room,B,2,pouring_room_mcg_r,mix_0ba76f420c1d,assets/audio/study-stimuli/main-study/group_02/song_b_pouring_room/mcg_r.wav,41,True,True,"I made my decision based on the depth of the vocal reverb and the balance with the other instruments. I find it distracting when a specific instrument stands out too much in the mix, making it hard to focus. I felt that Option D was the best choice due to its balance and the settled quality of the tone.",0.2249858589620197,-0.521538265731174,0.8057256670690561,-1.2630720295337683,optional_qc_sensitivity_predictor,True,,True,,True,64,"[""D""]",D,True,1,False,3.0
P032,group_02,group_02,P032__trial_06,6,6,FM-1,FM-1,3,FM-1 - Maintaining Engagement During an Activity,FM-1,"You are engaged in an activity that requires sustained mental or physical effort. As you continue, it becomes more difficult to stay engaged. You want to maintain your focus and motivation so that you can continue making steady progress toward completing the activity. You decide to listen to music while carrying on with the activity.",Focus-Motivation,pouring_room,group_02_song_b_pouring_room,2,Song B,Pouring Room,C,3,pouring_room_mcg_t,mix_be2ccd4c43ff,assets/audio/study-stimuli/main-study/group_02/song_b_pouring_room/mcg_t.wav,14,True,True,"I made my decision based on the depth of the vocal reverb and the balance with the other instruments. I find it distracting when a specific instrument stands out too much in the mix, making it hard to focus. I felt that Option D was the best choice due to its balance and the settled quality of the tone.",-0.0814371595061495,1.1238301932737935,1.926895983278192,-0.8792578396079359,optional_qc_sensitivity_predictor,True,,True,,True,64,"[""D""]",D,True,1,False,5.0
P032,group_02,group_02,P032__trial_06,6,6,FM-1,FM-1,3,FM-1 - Maintaining Engagement During an Activity,FM-1,"You are engaged in an activity that requires sustained mental or physical effort. As you continue, it becomes more difficult to stay engaged. You want to maintain your focus and motivation so that you can continue making steady progress toward completing the activity. You decide to listen to music while carrying on with the activity.",Focus-Motivation,pouring_room,group_02_song_b_pouring_room,2,Song B,Pouring Room,D,4,pouring_room_mcg_pro1,mix_132e75f34470,assets/audio/study-stimuli/main-study/group_02/song_b_pouring_room/mcg_pro1.wav,64,True,True,"I made my decision based on the depth of the vocal reverb and the balance with the other instruments. I find it distracting when a specific instrument stands out too much in the mix, making it hard to focus. I felt that Option D was the best choice due to its balance and the settled quality of the tone.",1.177821012274786,0.1366958746221527,-0.3534041622732912,-0.9473754159948484,optional_qc_sensitivity_predictor,True,,True,,True,64,"[""D""]",D,True,1,True,1.0
P032,group_02,group_02,P032__trial_06,6,6,FM-1,FM-1,3,FM-1 - Maintaining Engagement During an Activity,FM-1,"You are engaged in an activity that requires sustained mental or physical effort. As you continue, it becomes more difficult to stay engaged. You want to maintain your focus and motivation so that you can continue making steady progress toward completing the activity. You decide to listen to music while carrying on with the activity.",Focus-Motivation,pouring_room,group_02_song_b_pouring_room,2,Song B,Pouring Room,E,5,pouring_room_mcg_v,mix_e08faaf8bbb3,assets/audio/study-stimuli/main-study/group_02/song_b_pouring_room/mcg_v.wav,53,True,True,"I made my decision based on the depth of the vocal reverb and the balance with the other instruments. I find it distracting when a specific instrument stands out too much in the mix, making it hard to focus. I felt that Option D was the best choice due to its balance and the settled quality of the tone.",0.2009523983216312,1.112208706920678,-0.2814967551013548,-0.938440679331238,optional_qc_sensitivity_predictor,True,,True,,True,64,"[""D""]",D,True,1,False,2.0
P033,group_02,group_02,P033__trial_01,1,1,FM-1,FM-1,1,FM-1 - Maintaining Engagement During an Activity,FM-1,"You are engaged in an activity that requires sustained mental or physical effort. As you continue, it becomes more difficult to stay engaged. You want to maintain your focus and motivation so that you can continue making steady progress toward completing the activity. You decide to listen to music while carrying on with the activity.",Focus-Motivation,pouring_room,group_02_song_b_pouring_room,1,Song B,Pouring Room,A,1,pouring_room_mcg_t,mix_be2ccd4c43ff,assets/audio/study-stimuli/main-study/group_02/song_b_pouring_room/mcg_t.wav,17,True,True,"While it was difficult to rate my preferences relative to the five stimuli while visualizing the scenario described, C and D had visuals that were too prominent and disrupted my concentration; A had the guitar standing out too much, which was jarring; and B and E didn’t feel particularly distracting.",-0.0814371595061495,1.1238301932737935,1.926895983278192,-0.8792578396079359,optional_qc_sensitivity_predictor,True,,True,,True,40,"[""E""]",E,True,1,False,3.0
P033,group_02,group_02,P033__trial_01,1,1,FM-1,FM-1,1,FM-1 - Maintaining Engagement During an Activity,FM-1,"You are engaged in an activity that requires sustained mental or physical effort. As you continue, it becomes more difficult to stay engaged. You want to maintain your focus and motivation so that you can continue making steady progress toward completing the activity. You decide to listen to music while carrying on with the activity.",Focus-Motivation,pouring_room,group_02_song_b_pouring_room,1,Song B,Pouring Room,B,2,pouring_room_mcg_pro1,mix_132e75f34470,assets/audio/study-stimuli/main-study/group_02/song_b_pouring_room/mcg_pro1.wav,31,True,True,"While it was difficult to rate my preferences relative to the five stimuli while visualizing the scenario described, C and D had visuals that were too prominent and disrupted my concentration; A had the guitar standing out too much, which was jarring; and B and E didn’t feel particularly distracting.",1.177821012274786,0.1366958746221527,-0.3534041622732912,-0.9473754159948484,optional_qc_sensitivity_predictor,True,,True,,True,40,"[""E""]",E,True,1,False,2.0
P033,group_02,group_02,P033__trial_01,1,1,FM-1,FM-1,1,FM-1 - Maintaining Engagement During an Activity,FM-1,"You are engaged in an activity that requires sustained mental or physical effort. As you continue, it becomes more difficult to stay engaged. You want to maintain your focus and motivation so that you can continue making steady progress toward completing the activity. You decide to listen to music while carrying on with the activity.",Focus-Motivation,pouring_room,group_02_song_b_pouring_room,1,Song B,Pouring Room,C,3,pouring_room_mcg_r,mix_0ba76f420c1d,assets/audio/study-stimuli/main-study/group_02/song_b_pouring_room/mcg_r.wav,1,True,True,"While it was difficult to rate my preferences relative to the five stimuli while visualizing the scenario described, C and D had visuals that were too prominent and disrupted my concentration; A had the guitar standing out too much, which was jarring; and B and E didn’t feel particularly distracting.",0.2249858589620197,-0.521538265731174,0.8057256670690561,-1.2630720295337683,optional_qc_sensitivity_predictor,True,,True,,True,40,"[""E""]",E,True,1,False,5.0
P033,group_02,group_02,P033__trial_01,1,1,FM-1,FM-1,1,FM-1 - Maintaining Engagement During an Activity,FM-1,"You are engaged in an activity that requires sustained mental or physical effort. As you continue, it becomes more difficult to stay engaged. You want to maintain your focus and motivation so that you can continue making steady progress toward completing the activity. You decide to listen to music while carrying on with the activity.",Focus-Motivation,pouring_room,group_02_song_b_pouring_room,1,Song B,Pouring Room,D,4,pouring_room_mcg_v,mix_e08faaf8bbb3,assets/audio/study-stimuli/main-study/group_02/song_b_pouring_room/mcg_v.wav,2,True,True,"While it was difficult to rate my preferences relative to the five stimuli while visualizing the scenario described, C and D had visuals that were too prominent and disrupted my concentration; A had the guitar standing out too much, which was jarring; and B and E didn’t feel particularly distracting.",0.2009523983216312,1.112208706920678,-0.2814967551013548,-0.938440679331238,optional_qc_sensitivity_predictor,True,,True,,True,40,"[""E""]",E,True,1,False,4.0
P033,group_02,group_02,P033__trial_01,1,1,FM-1,FM-1,1,FM-1 - Maintaining Engagement During an Activity,FM-1,"You are engaged in an activity that requires sustained mental or physical effort. As you continue, it becomes more difficult to stay engaged. You want to maintain your focus and motivation so that you can continue making steady progress toward completing the activity. You decide to listen to music while carrying on with the activity.",Focus-Motivation,pouring_room,group_02_song_b_pouring_room,1,Song B,Pouring Room,E,5,pouring_room_mcg_x,mix_cbf8555ee2b2,assets/audio/study-stimuli/main-study/group_02/song_b_pouring_room/mcg_x.wav,40,True,True,"While it was difficult to rate my preferences relative to the five stimuli while visualizing the scenario described, C and D had visuals that were too prominent and disrupted my concentration; A had the guitar standing out too much, which was jarring; and B and E didn’t feel particularly distracting.",0.4494273963527286,0.780552768870155,0.8086566197405122,-0.4801297779726206,optional_qc_sensitivity_predictor,True,,True,,True,40,"[""E""]",E,True,1,True,1.0
P033,group_02,group_02,P033__trial_02,2,2,FM-1,FM-1,1,FM-1 - Maintaining Engagement During an Activity,FM-1,"You are engaged in an activity that requires sustained mental or physical effort. As you continue, it becomes more difficult to stay engaged. You want to maintain your focus and motivation so that you can continue making steady progress toward completing the activity. You decide to listen to music while carrying on with the activity.",Focus-Motivation,in_the_meantime,group_02_song_a_in_the_meantime,2,Song A,In The Meantime,A,1,in_the_meantime_du_i,mix_9baa86357fd4,assets/audio/study-stimuli/main-study/group_02/song_a_in_the_meantime/du_i.wav,22,True,True,"It was difficult to evaluate my preferences through relative comparisons of the five stimuli while visualizing the scenario described in the instructions. E sounded abnormal; C was good in that the percussion was subdued, but the lyrics were too clear and disrupted my concentration. D felt relatively less distracting.",-1.8990066727669184,1.9187185345499165,0.5415536857115313,-0.721703057329889,optional_qc_sensitivity_predictor,True,,True,,True,39,"[""D""]",D,True,1,False,3.0
P033,group_02,group_02,P033__trial_02,2,2,FM-1,FM-1,1,FM-1 - Maintaining Engagement During an Activity,FM-1,"You are engaged in an activity that requires sustained mental or physical effort. As you continue, it becomes more difficult to stay engaged. You want to maintain your focus and motivation so that you can continue making steady progress toward completing the activity. You decide to listen to music while carrying on with the activity.",Focus-Motivation,in_the_meantime,group_02_song_a_in_the_meantime,2,Song A,In The Meantime,B,2,in_the_meantime_du_h,mix_302f0efe8a80,assets/audio/study-stimuli/main-study/group_02/song_a_in_the_meantime/du_h.wav,32,True,True,"It was difficult to evaluate my preferences through relative comparisons of the five stimuli while visualizing the scenario described in the instructions. E sounded abnormal; C was good in that the percussion was subdued, but the lyrics were too clear and disrupted my concentration. D felt relatively less distracting.",0.6887214233465396,0.2719152524959843,-0.8693704120952901,0.8234428342152216,optional_qc_sensitivity_predictor,True,,True,,True,39,"[""D""]",D,True,1,False,2.0
P033,group_02,group_02,P033__trial_02,2,2,FM-1,FM-1,1,FM-1 - Maintaining Engagement During an Activity,FM-1,"You are engaged in an activity that requires sustained mental or physical effort. As you continue, it becomes more difficult to stay engaged. You want to maintain your focus and motivation so that you can continue making steady progress toward completing the activity. You decide to listen to music while carrying on with the activity.",Focus-Motivation,in_the_meantime,group_02_song_a_in_the_meantime,2,Song A,In The Meantime,C,3,in_the_meantime_qut_b,mix_c7bdcba64775,assets/audio/study-stimuli/main-study/group_02/song_a_in_the_meantime/qut_b.wav,16,True,True,"It was difficult to evaluate my preferences through relative comparisons of the five stimuli while visualizing the scenario described in the instructions. E sounded abnormal; C was good in that the percussion was subdued, but the lyrics were too clear and disrupted my concentration. D felt relatively less distracting.",-0.6698107538710293,-0.1978340618743536,-1.5468197375217057,0.0908009789400507,optional_qc_sensitivity_predictor,True,,True,,True,39,"[""D""]",D,True,1,False,4.0
P033,group_02,group_02,P033__trial_02,2,2,FM-1,FM-1,1,FM-1 - Maintaining Engagement During an Activity,FM-1,"You are engaged in an activity that requires sustained mental or physical effort. As you continue, it becomes more difficult to stay engaged. You want to maintain your focus and motivation so that you can continue making steady progress toward completing the activity. You decide to listen to music while carrying on with the activity.",Focus-Motivation,in_the_meantime,group_02_song_a_in_the_meantime,2,Song A,In The Meantime,D,4,in_the_meantime_qut_pro,mix_cdaef40f2b94,assets/audio/study-stimuli/main-study/group_02/song_a_in_the_meantime/qut_pro.wav,39,True,True,"It was difficult to evaluate my preferences through relative comparisons of the five stimuli while visualizing the scenario described in the instructions. E sounded abnormal; C was good in that the percussion was subdued, but the lyrics were too clear and disrupted my concentration. D felt relatively less distracting.",-0.6756280657690176,-1.4346341192827423,1.8511013279434223,-0.7325346788768815,optional_qc_sensitivity_predictor,True,,True,,True,39,"[""D""]",D,True,1,True,1.0
P033,group_02,group_02,P033__trial_02,2,2,FM-1,FM-1,1,FM-1 - Maintaining Engagement During an Activity,FM-1,"You are engaged in an activity that requires sustained mental or physical effort. As you continue, it becomes more difficult to stay engaged. You want to maintain your focus and motivation so that you can continue making steady progress toward completing the activity. You decide to listen to music while carrying on with the activity.",Focus-Motivation,in_the_meantime,group_02_song_a_in_the_meantime,2,Song A,In The Meantime,E,5,in_the_meantime_du_k,mix_56e65a3ce054,assets/audio/study-stimuli/main-study/group_02/song_a_in_the_meantime/du_k.wav,5,True,True,"It was difficult to evaluate my preferences through relative comparisons of the five stimuli while visualizing the scenario described in the instructions. E sounded abnormal; C was good in that the percussion was subdued, but the lyrics were too clear and disrupted my concentration. D felt relatively less distracting.",-1.1193186569455127,1.7918041562064675,0.9713104079970216,0.4372547184671072,optional_qc_sensitivity_predictor,True,,True,,True,39,"[""D""]",D,True,1,False,5.0
P033,group_02,group_02,P033__trial_03,3,3,EDR-2,EDR-2,2,EDR-2 - Unwinding After a Demanding Period,EDR-2,"You have some time for yourself after a demanding period. Although a few everyday concerns are still on your mind, there is nothing that requires your attention right now. You would like to feel calmer and take your mind off these concerns for a while, so you decide to listen to music to help you unwind.",Relaxation-Distraction,pouring_room,group_02_song_b_pouring_room,1,Song B,Pouring Room,A,1,pouring_room_mcg_x,mix_cbf8555ee2b2,assets/audio/study-stimuli/main-study/group_02/song_b_pouring_room/mcg_x.wav,29,True,True,"It was difficult to evaluate my preferences through relative comparisons of the five stimuli while imagining the scenario I was instructed to follow, but as expected, a biased mix makes it hard to relax. Track B has soft, subdued percussion and is orthodox and soothing.",0.4494273963527286,0.780552768870155,0.8086566197405122,-0.4801297779726206,optional_qc_sensitivity_predictor,True,,True,,True,83,"[""B""]",B,True,1,False,4.0
P033,group_02,group_02,P033__trial_03,3,3,EDR-2,EDR-2,2,EDR-2 - Unwinding After a Demanding Period,EDR-2,"You have some time for yourself after a demanding period. Although a few everyday concerns are still on your mind, there is nothing that requires your attention right now. You would like to feel calmer and take your mind off these concerns for a while, so you decide to listen to music to help you unwind.",Relaxation-Distraction,pouring_room,group_02_song_b_pouring_room,1,Song B,Pouring Room,B,2,pouring_room_mcg_pro1,mix_132e75f34470,assets/audio/study-stimuli/main-study/group_02/song_b_pouring_room/mcg_pro1.wav,83,True,True,"It was difficult to evaluate my preferences through relative comparisons of the five stimuli while imagining the scenario I was instructed to follow, but as expected, a biased mix makes it hard to relax. Track B has soft, subdued percussion and is orthodox and soothing.",1.177821012274786,0.1366958746221527,-0.3534041622732912,-0.9473754159948484,optional_qc_sensitivity_predictor,True,,True,,True,83,"[""B""]",B,True,1,True,1.0
P033,group_02,group_02,P033__trial_03,3,3,EDR-2,EDR-2,2,EDR-2 - Unwinding After a Demanding Period,EDR-2,"You have some time for yourself after a demanding period. Although a few everyday concerns are still on your mind, there is nothing that requires your attention right now. You would like to feel calmer and take your mind off these concerns for a while, so you decide to listen to music to help you unwind.",Relaxation-Distraction,pouring_room,group_02_song_b_pouring_room,1,Song B,Pouring Room,C,3,pouring_room_mcg_r,mix_0ba76f420c1d,assets/audio/study-stimuli/main-study/group_02/song_b_pouring_room/mcg_r.wav,55,True,True,"It was difficult to evaluate my preferences through relative comparisons of the five stimuli while imagining the scenario I was instructed to follow, but as expected, a biased mix makes it hard to relax. Track B has soft, subdued percussion and is orthodox and soothing.",0.2249858589620197,-0.521538265731174,0.8057256670690561,-1.2630720295337683,optional_qc_sensitivity_predictor,True,,True,,True,83,"[""B""]",B,True,1,False,2.0
P033,group_02,group_02,P033__trial_03,3,3,EDR-2,EDR-2,2,EDR-2 - Unwinding After a Demanding Period,EDR-2,"You have some time for yourself after a demanding period. Although a few everyday concerns are still on your mind, there is nothing that requires your attention right now. You would like to feel calmer and take your mind off these concerns for a while, so you decide to listen to music to help you unwind.",Relaxation-Distraction,pouring_room,group_02_song_b_pouring_room,1,Song B,Pouring Room,D,4,pouring_room_mcg_v,mix_e08faaf8bbb3,assets/audio/study-stimuli/main-study/group_02/song_b_pouring_room/mcg_v.wav,47,True,True,"It was difficult to evaluate my preferences through relative comparisons of the five stimuli while imagining the scenario I was instructed to follow, but as expected, a biased mix makes it hard to relax. Track B has soft, subdued percussion and is orthodox and soothing.",0.2009523983216312,1.112208706920678,-0.2814967551013548,-0.938440679331238,optional_qc_sensitivity_predictor,True,,True,,True,83,"[""B""]",B,True,1,False,3.0
P033,group_02,group_02,P033__trial_03,3,3,EDR-2,EDR-2,2,EDR-2 - Unwinding After a Demanding Period,EDR-2,"You have some time for yourself after a demanding period. Although a few everyday concerns are still on your mind, there is nothing that requires your attention right now. You would like to feel calmer and take your mind off these concerns for a while, so you decide to listen to music to help you unwind.",Relaxation-Distraction,pouring_room,group_02_song_b_pouring_room,1,Song B,Pouring Room,E,5,pouring_room_mcg_t,mix_be2ccd4c43ff,assets/audio/study-stimuli/main-study/group_02/song_b_pouring_room/mcg_t.wav,22,True,True,"It was difficult to evaluate my preferences through relative comparisons of the five stimuli while imagining the scenario I was instructed to follow, but as expected, a biased mix makes it hard to relax. Track B has soft, subdued percussion and is orthodox and soothing.",-0.0814371595061495,1.1238301932737935,1.926895983278192,-0.8792578396079359,optional_qc_sensitivity_predictor,True,,True,,True,83,"[""B""]",B,True,1,False,5.0
P033,group_02,group_02,P033__trial_04,4,4,EDR-2,EDR-2,2,EDR-2 - Unwinding After a Demanding Period,EDR-2,"You have some time for yourself after a demanding period. Although a few everyday concerns are still on your mind, there is nothing that requires your attention right now. You would like to feel calmer and take your mind off these concerns for a while, so you decide to listen to music to help you unwind.",Relaxation-Distraction,in_the_meantime,group_02_song_a_in_the_meantime,2,Song A,In The Meantime,A,1,in_the_meantime_du_h,mix_302f0efe8a80,assets/audio/study-stimuli/main-study/group_02/song_a_in_the_meantime/du_h.wav,36,True,True,"While it was difficult to rate my preferences using relative evaluations across the five stimuli while imagining the scenario I was instructed to follow, I still found it hard to relax with a biased mix.",0.6887214233465396,0.2719152524959843,-0.8693704120952901,0.8234428342152216,optional_qc_sensitivity_predictor,True,,True,,True,74,"[""C""]",C,True,1,False,3.0
P033,group_02,group_02,P033__trial_04,4,4,EDR-2,EDR-2,2,EDR-2 - Unwinding After a Demanding Period,EDR-2,"You have some time for yourself after a demanding period. Although a few everyday concerns are still on your mind, there is nothing that requires your attention right now. You would like to feel calmer and take your mind off these concerns for a while, so you decide to listen to music to help you unwind.",Relaxation-Distraction,in_the_meantime,group_02_song_a_in_the_meantime,2,Song A,In The Meantime,B,2,in_the_meantime_qut_pro,mix_cdaef40f2b94,assets/audio/study-stimuli/main-study/group_02/song_a_in_the_meantime/qut_pro.wav,64,True,True,"While it was difficult to rate my preferences using relative evaluations across the five stimuli while imagining the scenario I was instructed to follow, I still found it hard to relax with a biased mix.",-0.6756280657690176,-1.4346341192827423,1.8511013279434223,-0.7325346788768815,optional_qc_sensitivity_predictor,True,,True,,True,74,"[""C""]",C,True,1,False,2.0
P033,group_02,group_02,P033__trial_04,4,4,EDR-2,EDR-2,2,EDR-2 - Unwinding After a Demanding Period,EDR-2,"You have some time for yourself after a demanding period. Although a few everyday concerns are still on your mind, there is nothing that requires your attention right now. You would like to feel calmer and take your mind off these concerns for a while, so you decide to listen to music to help you unwind.",Relaxation-Distraction,in_the_meantime,group_02_song_a_in_the_meantime,2,Song A,In The Meantime,C,3,in_the_meantime_du_i,mix_9baa86357fd4,assets/audio/study-stimuli/main-study/group_02/song_a_in_the_meantime/du_i.wav,74,True,True,"While it was difficult to rate my preferences using relative evaluations across the five stimuli while imagining the scenario I was instructed to follow, I still found it hard to relax with a biased mix.",-1.8990066727669184,1.9187185345499165,0.5415536857115313,-0.721703057329889,optional_qc_sensitivity_predictor,True,,True,,True,74,"[""C""]",C,True,1,True,1.0
P033,group_02,group_02,P033__trial_04,4,4,EDR-2,EDR-2,2,EDR-2 - Unwinding After a Demanding Period,EDR-2,"You have some time for yourself after a demanding period. Although a few everyday concerns are still on your mind, there is nothing that requires your attention right now. You would like to feel calmer and take your mind off these concerns for a while, so you decide to listen to music to help you unwind.",Relaxation-Distraction,in_the_meantime,group_02_song_a_in_the_meantime,2,Song A,In The Meantime,D,4,in_the_meantime_du_k,mix_56e65a3ce054,assets/audio/study-stimuli/main-study/group_02/song_a_in_the_meantime/du_k.wav,3,True,True,"While it was difficult to rate my preferences using relative evaluations across the five stimuli while imagining the scenario I was instructed to follow, I still found it hard to relax with a biased mix.",-1.1193186569455127,1.7918041562064675,0.9713104079970216,0.4372547184671072,optional_qc_sensitivity_predictor,True,,True,,True,74,"[""C""]",C,True,1,False,5.0
P033,group_02,group_02,P033__trial_04,4,4,EDR-2,EDR-2,2,EDR-2 - Unwinding After a Demanding Period,EDR-2,"You have some time for yourself after a demanding period. Although a few everyday concerns are still on your mind, there is nothing that requires your attention right now. You would like to feel calmer and take your mind off these concerns for a while, so you decide to listen to music to help you unwind.",Relaxation-Distraction,in_the_meantime,group_02_song_a_in_the_meantime,2,Song A,In The Meantime,E,5,in_the_meantime_qut_b,mix_c7bdcba64775,assets/audio/study-stimuli/main-study/group_02/song_a_in_the_meantime/qut_b.wav,11,True,True,"While it was difficult to rate my preferences using relative evaluations across the five stimuli while imagining the scenario I was instructed to follow, I still found it hard to relax with a biased mix.",-0.6698107538710293,-0.1978340618743536,-1.5468197375217057,0.0908009789400507,optional_qc_sensitivity_predictor,True,,True,,True,74,"[""C""]",C,True,1,False,4.0
P033,group_02,group_02,P033__trial_05,5,5,EDR-1,EDR-1,3,EDR-1 - Enjoying Free Time,EDR-1,"You have some free time and no immediate responsibilities that require your attention. You are not feeling tired or worried, but you would like to enjoy your time rather than let it pass uneventfully. You decide to listen to music for entertainment, making your free time more enjoyable.",Enjoyment,in_the_meantime,group_02_song_a_in_the_meantime,1,Song A,In The Meantime,A,1,in_the_meantime_qut_b,mix_c7bdcba64775,assets/audio/study-stimuli/main-study/group_02/song_a_in_the_meantime/qut_b.wav,13,True,True,"It was difficult to evaluate my preferences through relative comparisons of the five stimuli while imagining the scenario I was instructed to follow, but as expected, a biased mix made it hard to relax. Track B had a clear beat and felt good.",-0.6698107538710293,-0.1978340618743536,-1.5468197375217057,0.0908009789400507,optional_qc_sensitivity_predictor,True,,True,,True,78,"[""B""]",B,True,1,False,4.0
P033,group_02,group_02,P033__trial_05,5,5,EDR-1,EDR-1,3,EDR-1 - Enjoying Free Time,EDR-1,"You have some free time and no immediate responsibilities that require your attention. You are not feeling tired or worried, but you would like to enjoy your time rather than let it pass uneventfully. You decide to listen to music for entertainment, making your free time more enjoyable.",Enjoyment,in_the_meantime,group_02_song_a_in_the_meantime,1,Song A,In The Meantime,B,2,in_the_meantime_du_i,mix_9baa86357fd4,assets/audio/study-stimuli/main-study/group_02/song_a_in_the_meantime/du_i.wav,78,True,True,"It was difficult to evaluate my preferences through relative comparisons of the five stimuli while imagining the scenario I was instructed to follow, but as expected, a biased mix made it hard to relax. Track B had a clear beat and felt good.",-1.8990066727669184,1.9187185345499165,0.5415536857115313,-0.721703057329889,optional_qc_sensitivity_predictor,True,,True,,True,78,"[""B""]",B,True,1,True,1.0
P033,group_02,group_02,P033__trial_05,5,5,EDR-1,EDR-1,3,EDR-1 - Enjoying Free Time,EDR-1,"You have some free time and no immediate responsibilities that require your attention. You are not feeling tired or worried, but you would like to enjoy your time rather than let it pass uneventfully. You decide to listen to music for entertainment, making your free time more enjoyable.",Enjoyment,in_the_meantime,group_02_song_a_in_the_meantime,1,Song A,In The Meantime,C,3,in_the_meantime_du_h,mix_302f0efe8a80,assets/audio/study-stimuli/main-study/group_02/song_a_in_the_meantime/du_h.wav,39,True,True,"It was difficult to evaluate my preferences through relative comparisons of the five stimuli while imagining the scenario I was instructed to follow, but as expected, a biased mix made it hard to relax. Track B had a clear beat and felt good.",0.6887214233465396,0.2719152524959843,-0.8693704120952901,0.8234428342152216,optional_qc_sensitivity_predictor,True,,True,,True,78,"[""B""]",B,True,1,False,3.0
P033,group_02,group_02,P033__trial_05,5,5,EDR-1,EDR-1,3,EDR-1 - Enjoying Free Time,EDR-1,"You have some free time and no immediate responsibilities that require your attention. You are not feeling tired or worried, but you would like to enjoy your time rather than let it pass uneventfully. You decide to listen to music for entertainment, making your free time more enjoyable.",Enjoyment,in_the_meantime,group_02_song_a_in_the_meantime,1,Song A,In The Meantime,D,4,in_the_meantime_du_k,mix_56e65a3ce054,assets/audio/study-stimuli/main-study/group_02/song_a_in_the_meantime/du_k.wav,0,True,True,"It was difficult to evaluate my preferences through relative comparisons of the five stimuli while imagining the scenario I was instructed to follow, but as expected, a biased mix made it hard to relax. Track B had a clear beat and felt good.",-1.1193186569455127,1.7918041562064675,0.9713104079970216,0.4372547184671072,optional_qc_sensitivity_predictor,True,,True,,True,78,"[""B""]",B,True,1,False,5.0
P033,group_02,group_02,P033__trial_05,5,5,EDR-1,EDR-1,3,EDR-1 - Enjoying Free Time,EDR-1,"You have some free time and no immediate responsibilities that require your attention. You are not feeling tired or worried, but you would like to enjoy your time rather than let it pass uneventfully. You decide to listen to music for entertainment, making your free time more enjoyable.",Enjoyment,in_the_meantime,group_02_song_a_in_the_meantime,1,Song A,In The Meantime,E,5,in_the_meantime_qut_pro,mix_cdaef40f2b94,assets/audio/study-stimuli/main-study/group_02/song_a_in_the_meantime/qut_pro.wav,55,True,True,"It was difficult to evaluate my preferences through relative comparisons of the five stimuli while imagining the scenario I was instructed to follow, but as expected, a biased mix made it hard to relax. Track B had a clear beat and felt good.",-0.6756280657690176,-1.4346341192827423,1.8511013279434223,-0.7325346788768815,optional_qc_sensitivity_predictor,True,,True,,True,78,"[""B""]",B,True,1,False,2.0
P033,group_02,group_02,P033__trial_06,6,6,EDR-1,EDR-1,3,EDR-1 - Enjoying Free Time,EDR-1,"You have some free time and no immediate responsibilities that require your attention. You are not feeling tired or worried, but you would like to enjoy your time rather than let it pass uneventfully. You decide to listen to music for entertainment, making your free time more enjoyable.",Enjoyment,pouring_room,group_02_song_b_pouring_room,2,Song B,Pouring Room,A,1,pouring_room_mcg_x,mix_cbf8555ee2b2,assets/audio/study-stimuli/main-study/group_02/song_b_pouring_room/mcg_x.wav,78,True,True,"It was difficult to rate my preferences relative to the five stimuli while imagining the scenario I was instructed to follow, but as expected, a lopsided mix made it hard to relax. The difference in my ratings of E and A stems from my personal preferences.",0.4494273963527286,0.780552768870155,0.8086566197405122,-0.4801297779726206,optional_qc_sensitivity_predictor,True,,True,,True,88,"[""E""]",E,True,1,False,2.0
P033,group_02,group_02,P033__trial_06,6,6,EDR-1,EDR-1,3,EDR-1 - Enjoying Free Time,EDR-1,"You have some free time and no immediate responsibilities that require your attention. You are not feeling tired or worried, but you would like to enjoy your time rather than let it pass uneventfully. You decide to listen to music for entertainment, making your free time more enjoyable.",Enjoyment,pouring_room,group_02_song_b_pouring_room,2,Song B,Pouring Room,B,2,pouring_room_mcg_t,mix_be2ccd4c43ff,assets/audio/study-stimuli/main-study/group_02/song_b_pouring_room/mcg_t.wav,50,True,True,"It was difficult to rate my preferences relative to the five stimuli while imagining the scenario I was instructed to follow, but as expected, a lopsided mix made it hard to relax. The difference in my ratings of E and A stems from my personal preferences.",-0.0814371595061495,1.1238301932737935,1.926895983278192,-0.8792578396079359,optional_qc_sensitivity_predictor,True,,True,,True,88,"[""E""]",E,True,1,False,3.0
P033,group_02,group_02,P033__trial_06,6,6,EDR-1,EDR-1,3,EDR-1 - Enjoying Free Time,EDR-1,"You have some free time and no immediate responsibilities that require your attention. You are not feeling tired or worried, but you would like to enjoy your time rather than let it pass uneventfully. You decide to listen to music for entertainment, making your free time more enjoyable.",Enjoyment,pouring_room,group_02_song_b_pouring_room,2,Song B,Pouring Room,C,3,pouring_room_mcg_v,mix_e08faaf8bbb3,assets/audio/study-stimuli/main-study/group_02/song_b_pouring_room/mcg_v.wav,36,True,True,"It was difficult to rate my preferences relative to the five stimuli while imagining the scenario I was instructed to follow, but as expected, a lopsided mix made it hard to relax. The difference in my ratings of E and A stems from my personal preferences.",0.2009523983216312,1.112208706920678,-0.2814967551013548,-0.938440679331238,optional_qc_sensitivity_predictor,True,,True,,True,88,"[""E""]",E,True,1,False,4.0
P033,group_02,group_02,P033__trial_06,6,6,EDR-1,EDR-1,3,EDR-1 - Enjoying Free Time,EDR-1,"You have some free time and no immediate responsibilities that require your attention. You are not feeling tired or worried, but you would like to enjoy your time rather than let it pass uneventfully. You decide to listen to music for entertainment, making your free time more enjoyable.",Enjoyment,pouring_room,group_02_song_b_pouring_room,2,Song B,Pouring Room,D,4,pouring_room_mcg_r,mix_0ba76f420c1d,assets/audio/study-stimuli/main-study/group_02/song_b_pouring_room/mcg_r.wav,24,True,True,"It was difficult to rate my preferences relative to the five stimuli while imagining the scenario I was instructed to follow, but as expected, a lopsided mix made it hard to relax. The difference in my ratings of E and A stems from my personal preferences.",0.2249858589620197,-0.521538265731174,0.8057256670690561,-1.2630720295337683,optional_qc_sensitivity_predictor,True,,True,,True,88,"[""E""]",E,True,1,False,5.0
P033,group_02,group_02,P033__trial_06,6,6,EDR-1,EDR-1,3,EDR-1 - Enjoying Free Time,EDR-1,"You have some free time and no immediate responsibilities that require your attention. You are not feeling tired or worried, but you would like to enjoy your time rather than let it pass uneventfully. You decide to listen to music for entertainment, making your free time more enjoyable.",Enjoyment,pouring_room,group_02_song_b_pouring_room,2,Song B,Pouring Room,E,5,pouring_room_mcg_pro1,mix_132e75f34470,assets/audio/study-stimuli/main-study/group_02/song_b_pouring_room/mcg_pro1.wav,88,True,True,"It was difficult to rate my preferences relative to the five stimuli while imagining the scenario I was instructed to follow, but as expected, a lopsided mix made it hard to relax. The difference in my ratings of E and A stems from my personal preferences.",1.177821012274786,0.1366958746221527,-0.3534041622732912,-0.9473754159948484,optional_qc_sensitivity_predictor,True,,True,,True,88,"[""E""]",E,True,1,True,1.0
