participant_id,group_id,study_group,trial_id,trial_order,trial_index,episode_id,scenario_id,context_title,context_label,context_text,context_dominant_function,song_id,excerpt_id,participant_song_label,song_title,target_eligible,target_ineligibility_reasons,history_eligible,history_ineligibility_reasons,history_comment_available,observed_max_rating,observed_preferred_set,observed_preferred_mix,is_single_winner,n_preferred_tied,human_rating_A,human_rating_B,human_rating_C,human_rating_D,human_rating_E,observed_rank_A,observed_rank_B,observed_rank_C,observed_rank_D,observed_rank_E
P001,group_01,group_01,P001__trial_01,1,1,FM-1,FM-1,FM-1 - Maintaining Engagement During an Activity,FM-1,"You are engaged in an activity that requires sustained mental or physical effort. As you continue, it becomes more difficult to stay engaged. You want to maintain your focus and motivation so that you can continue making steady progress toward completing the activity. You decide to listen to music while carrying on with the activity.",Focus-Motivation,lead_me,group_01_song_a_lead_me,Song A,Lead Me,True,,True,,True,53,"[""E""]",E,True,1,19,30,36,42,53,5.0,4.0,3.0,2.0,1.0
P001,group_01,group_01,P001__trial_02,2,2,FM-1,FM-1,FM-1 - Maintaining Engagement During an Activity,FM-1,"You are engaged in an activity that requires sustained mental or physical effort. As you continue, it becomes more difficult to stay engaged. You want to maintain your focus and motivation so that you can continue making steady progress toward completing the activity. You decide to listen to music while carrying on with the activity.",Focus-Motivation,id_like_to_know,group_01_song_b_id_like_to_know,Song B,I'd Like To Know,True,,True,,True,80,"[""E""]",E,True,1,29,66,46,50,80,5.0,2.0,4.0,3.0,1.0
P001,group_01,group_01,P001__trial_03,3,3,EDR-2,EDR-2,EDR-2 - Unwinding After a Demanding Period,EDR-2,"You have some time for yourself after a demanding period. Although a few everyday concerns are still on your mind, there is nothing that requires your attention right now. You would like to feel calmer and take your mind off these concerns for a while, so you decide to listen to music to help you unwind.",Relaxation-Distraction,id_like_to_know,group_01_song_b_id_like_to_know,Song B,I'd Like To Know,True,,True,,True,82,"[""B""]",B,True,1,22,82,52,75,59,5.0,1.0,4.0,2.0,3.0
P001,group_01,group_01,P001__trial_04,4,4,EDR-2,EDR-2,EDR-2 - Unwinding After a Demanding Period,EDR-2,"You have some time for yourself after a demanding period. Although a few everyday concerns are still on your mind, there is nothing that requires your attention right now. You would like to feel calmer and take your mind off these concerns for a while, so you decide to listen to music to help you unwind.",Relaxation-Distraction,lead_me,group_01_song_a_lead_me,Song A,Lead Me,True,,True,,True,77,"[""E""]",E,True,1,17,34,51,25,77,5.0,3.0,2.0,4.0,1.0
P001,group_01,group_01,P001__trial_05,5,5,EDR-1,EDR-1,EDR-1 - Enjoying Free Time,EDR-1,"You have some free time and no immediate responsibilities that require your attention. You are not feeling tired or worried, but you would like to enjoy your time rather than let it pass uneventfully. You decide to listen to music for entertainment, making your free time more enjoyable.",Enjoyment,lead_me,group_01_song_a_lead_me,Song A,Lead Me,True,,True,,True,72,"[""C""]",C,True,1,39,24,72,29,50,3.0,5.0,1.0,4.0,2.0
P001,group_01,group_01,P001__trial_06,6,6,EDR-1,EDR-1,EDR-1 - Enjoying Free Time,EDR-1,"You have some free time and no immediate responsibilities that require your attention. You are not feeling tired or worried, but you would like to enjoy your time rather than let it pass uneventfully. You decide to listen to music for entertainment, making your free time more enjoyable.",Enjoyment,id_like_to_know,group_01_song_b_id_like_to_know,Song B,I'd Like To Know,True,,True,,True,75,"[""D""]",D,True,1,22,50,39,75,67,5.0,3.0,4.0,1.0,2.0
P002,group_01,group_01,P002__trial_01,1,1,EDR-2,EDR-2,EDR-2 - Unwinding After a Demanding Period,EDR-2,"You have some time for yourself after a demanding period. Although a few everyday concerns are still on your mind, there is nothing that requires your attention right now. You would like to feel calmer and take your mind off these concerns for a while, so you decide to listen to music to help you unwind.",Relaxation-Distraction,id_like_to_know,group_01_song_b_id_like_to_know,Song B,I'd Like To Know,True,,True,,True,75,"[""B""]",B,True,1,27,75,58,53,38,5.0,1.0,2.0,3.0,4.0
P002,group_01,group_01,P002__trial_02,2,2,EDR-2,EDR-2,EDR-2 - Unwinding After a Demanding Period,EDR-2,"You have some time for yourself after a demanding period. Although a few everyday concerns are still on your mind, there is nothing that requires your attention right now. You would like to feel calmer and take your mind off these concerns for a while, so you decide to listen to music to help you unwind.",Relaxation-Distraction,lead_me,group_01_song_a_lead_me,Song A,Lead Me,True,,True,,True,82,"[""B""]",B,True,1,61,82,50,8,25,2.0,1.0,3.0,5.0,4.0
P002,group_01,group_01,P002__trial_03,3,3,EDR-1,EDR-1,EDR-1 - Enjoying Free Time,EDR-1,"You have some free time and no immediate responsibilities that require your attention. You are not feeling tired or worried, but you would like to enjoy your time rather than let it pass uneventfully. You decide to listen to music for entertainment, making your free time more enjoyable.",Enjoyment,id_like_to_know,group_01_song_b_id_like_to_know,Song B,I'd Like To Know,True,,True,,True,76,"[""A""]",A,True,1,76,41,63,12,36,1.0,3.0,2.0,5.0,4.0
P002,group_01,group_01,P002__trial_04,4,4,EDR-1,EDR-1,EDR-1 - Enjoying Free Time,EDR-1,"You have some free time and no immediate responsibilities that require your attention. You are not feeling tired or worried, but you would like to enjoy your time rather than let it pass uneventfully. You decide to listen to music for entertainment, making your free time more enjoyable.",Enjoyment,lead_me,group_01_song_a_lead_me,Song A,Lead Me,True,,True,,True,77,"[""C""]",C,True,1,59,49,77,15,7,2.0,3.0,1.0,4.0,5.0
P002,group_01,group_01,P002__trial_05,5,5,FM-1,FM-1,FM-1 - Maintaining Engagement During an Activity,FM-1,"You are engaged in an activity that requires sustained mental or physical effort. As you continue, it becomes more difficult to stay engaged. You want to maintain your focus and motivation so that you can continue making steady progress toward completing the activity. You decide to listen to music while carrying on with the activity.",Focus-Motivation,lead_me,group_01_song_a_lead_me,Song A,Lead Me,True,,True,,True,76,"[""C""]",C,True,1,31,50,76,12,6,3.0,2.0,1.0,4.0,5.0
P002,group_01,group_01,P002__trial_06,6,6,FM-1,FM-1,FM-1 - Maintaining Engagement During an Activity,FM-1,"You are engaged in an activity that requires sustained mental or physical effort. As you continue, it becomes more difficult to stay engaged. You want to maintain your focus and motivation so that you can continue making steady progress toward completing the activity. You decide to listen to music while carrying on with the activity.",Focus-Motivation,id_like_to_know,group_01_song_b_id_like_to_know,Song B,I'd Like To Know,True,,True,,True,74,"[""C""]",C,True,1,10,26,74,51,57,5.0,4.0,1.0,3.0,2.0
P003,group_01,group_01,P003__trial_01,1,1,EDR-1,EDR-1,EDR-1 - Enjoying Free Time,EDR-1,"You have some free time and no immediate responsibilities that require your attention. You are not feeling tired or worried, but you would like to enjoy your time rather than let it pass uneventfully. You decide to listen to music for entertainment, making your free time more enjoyable.",Enjoyment,lead_me,group_01_song_a_lead_me,Song A,Lead Me,True,,True,,True,86,"[""E""]",E,True,1,15,68,26,47,86,5.0,2.0,4.0,3.0,1.0
P003,group_01,group_01,P003__trial_02,2,2,EDR-1,EDR-1,EDR-1 - Enjoying Free Time,EDR-1,"You have some free time and no immediate responsibilities that require your attention. You are not feeling tired or worried, but you would like to enjoy your time rather than let it pass uneventfully. You decide to listen to music for entertainment, making your free time more enjoyable.",Enjoyment,id_like_to_know,group_01_song_b_id_like_to_know,Song B,I'd Like To Know,True,,True,,True,86,"[""C""]",C,True,1,51,33,86,68,11,3.0,4.0,1.0,2.0,5.0
P003,group_01,group_01,P003__trial_03,3,3,EDR-2,EDR-2,EDR-2 - Unwinding After a Demanding Period,EDR-2,"You have some time for yourself after a demanding period. Although a few everyday concerns are still on your mind, there is nothing that requires your attention right now. You would like to feel calmer and take your mind off these concerns for a while, so you decide to listen to music to help you unwind.",Relaxation-Distraction,lead_me,group_01_song_a_lead_me,Song A,Lead Me,True,,True,,True,86,"[""D""]",D,True,1,12,31,25,86,73,5.0,3.0,4.0,1.0,2.0
P003,group_01,group_01,P003__trial_04,4,4,EDR-2,EDR-2,EDR-2 - Unwinding After a Demanding Period,EDR-2,"You have some time for yourself after a demanding period. Although a few everyday concerns are still on your mind, there is nothing that requires your attention right now. You would like to feel calmer and take your mind off these concerns for a while, so you decide to listen to music to help you unwind.",Relaxation-Distraction,id_like_to_know,group_01_song_b_id_like_to_know,Song B,I'd Like To Know,True,,True,,True,91,"[""D""]",D,True,1,72,34,76,91,24,3.0,4.0,2.0,1.0,5.0
P003,group_01,group_01,P003__trial_05,5,5,FM-1,FM-1,FM-1 - Maintaining Engagement During an Activity,FM-1,"You are engaged in an activity that requires sustained mental or physical effort. As you continue, it becomes more difficult to stay engaged. You want to maintain your focus and motivation so that you can continue making steady progress toward completing the activity. You decide to listen to music while carrying on with the activity.",Focus-Motivation,id_like_to_know,group_01_song_b_id_like_to_know,Song B,I'd Like To Know,True,,True,,True,87,"[""D""]",D,True,1,14,46,61,87,78,5.0,4.0,3.0,1.0,2.0
P003,group_01,group_01,P003__trial_06,6,6,FM-1,FM-1,FM-1 - Maintaining Engagement During an Activity,FM-1,"You are engaged in an activity that requires sustained mental or physical effort. As you continue, it becomes more difficult to stay engaged. You want to maintain your focus and motivation so that you can continue making steady progress toward completing the activity. You decide to listen to music while carrying on with the activity.",Focus-Motivation,lead_me,group_01_song_a_lead_me,Song A,Lead Me,True,,True,,True,86,"[""B""]",B,True,1,16,86,31,41,55,5.0,1.0,4.0,3.0,2.0
P004,group_01,group_01,P004__trial_01,1,1,FM-1,FM-1,FM-1 - Maintaining Engagement During an Activity,FM-1,"You are engaged in an activity that requires sustained mental or physical effort. As you continue, it becomes more difficult to stay engaged. You want to maintain your focus and motivation so that you can continue making steady progress toward completing the activity. You decide to listen to music while carrying on with the activity.",Focus-Motivation,lead_me,group_01_song_a_lead_me,Song A,Lead Me,True,,True,,True,88,"[""A""]",A,True,1,88,9,15,0,60,1.0,4.0,3.0,5.0,2.0
P004,group_01,group_01,P004__trial_02,2,2,FM-1,FM-1,FM-1 - Maintaining Engagement During an Activity,FM-1,"You are engaged in an activity that requires sustained mental or physical effort. As you continue, it becomes more difficult to stay engaged. You want to maintain your focus and motivation so that you can continue making steady progress toward completing the activity. You decide to listen to music while carrying on with the activity.",Focus-Motivation,id_like_to_know,group_01_song_b_id_like_to_know,Song B,I'd Like To Know,True,,True,,True,75,"[""E""]",E,True,1,49,0,0,0,75,2.0,4.0,4.0,4.0,1.0
P004,group_01,group_01,P004__trial_03,3,3,EDR-1,EDR-1,EDR-1 - Enjoying Free Time,EDR-1,"You have some free time and no immediate responsibilities that require your attention. You are not feeling tired or worried, but you would like to enjoy your time rather than let it pass uneventfully. You decide to listen to music for entertainment, making your free time more enjoyable.",Enjoyment,id_like_to_know,group_01_song_b_id_like_to_know,Song B,I'd Like To Know,True,,True,,True,82,"[""C""]",C,True,1,64,6,82,47,13,2.0,5.0,1.0,3.0,4.0
P004,group_01,group_01,P004__trial_04,4,4,EDR-1,EDR-1,EDR-1 - Enjoying Free Time,EDR-1,"You have some free time and no immediate responsibilities that require your attention. You are not feeling tired or worried, but you would like to enjoy your time rather than let it pass uneventfully. You decide to listen to music for entertainment, making your free time more enjoyable.",Enjoyment,lead_me,group_01_song_a_lead_me,Song A,Lead Me,True,,True,,True,82,"[""D""]",D,True,1,19,0,0,82,44,3.0,4.5,4.5,1.0,2.0
P004,group_01,group_01,P004__trial_05,5,5,EDR-2,EDR-2,EDR-2 - Unwinding After a Demanding Period,EDR-2,"You have some time for yourself after a demanding period. Although a few everyday concerns are still on your mind, there is nothing that requires your attention right now. You would like to feel calmer and take your mind off these concerns for a while, so you decide to listen to music to help you unwind.",Relaxation-Distraction,id_like_to_know,group_01_song_b_id_like_to_know,Song B,I'd Like To Know,True,,True,,True,90,"[""D""]",D,True,1,59,0,15,90,27,2.0,5.0,4.0,1.0,3.0
P004,group_01,group_01,P004__trial_06,6,6,EDR-2,EDR-2,EDR-2 - Unwinding After a Demanding Period,EDR-2,"You have some time for yourself after a demanding period. Although a few everyday concerns are still on your mind, there is nothing that requires your attention right now. You would like to feel calmer and take your mind off these concerns for a while, so you decide to listen to music to help you unwind.",Relaxation-Distraction,lead_me,group_01_song_a_lead_me,Song A,Lead Me,True,,True,,True,92,"[""E""]",E,True,1,4,64,3,35,92,4.0,2.0,5.0,3.0,1.0
P005,group_02,group_02,P005__trial_01,1,1,FM-1,FM-1,FM-1 - Maintaining Engagement During an Activity,FM-1,"You are engaged in an activity that requires sustained mental or physical effort. As you continue, it becomes more difficult to stay engaged. You want to maintain your focus and motivation so that you can continue making steady progress toward completing the activity. You decide to listen to music while carrying on with the activity.",Focus-Motivation,in_the_meantime,group_02_song_a_in_the_meantime,Song A,In The Meantime,True,,True,,True,83,"[""A""]",A,True,1,83,52,80,55,62,1.0,5.0,2.0,4.0,3.0
P005,group_02,group_02,P005__trial_02,2,2,FM-1,FM-1,FM-1 - Maintaining Engagement During an Activity,FM-1,"You are engaged in an activity that requires sustained mental or physical effort. As you continue, it becomes more difficult to stay engaged. You want to maintain your focus and motivation so that you can continue making steady progress toward completing the activity. You decide to listen to music while carrying on with the activity.",Focus-Motivation,pouring_room,group_02_song_b_pouring_room,Song B,Pouring Room,True,,True,,True,53,"[""E""]",E,True,1,46,41,52,31,53,3.0,4.0,2.0,5.0,1.0
P005,group_02,group_02,P005__trial_03,3,3,EDR-2,EDR-2,EDR-2 - Unwinding After a Demanding Period,EDR-2,"You have some time for yourself after a demanding period. Although a few everyday concerns are still on your mind, there is nothing that requires your attention right now. You would like to feel calmer and take your mind off these concerns for a while, so you decide to listen to music to help you unwind.",Relaxation-Distraction,pouring_room,group_02_song_b_pouring_room,Song B,Pouring Room,True,,True,,True,83,"[""D""]",D,True,1,32,41,48,83,78,5.0,4.0,3.0,1.0,2.0
P005,group_02,group_02,P005__trial_04,4,4,EDR-2,EDR-2,EDR-2 - Unwinding After a Demanding Period,EDR-2,"You have some time for yourself after a demanding period. Although a few everyday concerns are still on your mind, there is nothing that requires your attention right now. You would like to feel calmer and take your mind off these concerns for a while, so you decide to listen to music to help you unwind.",Relaxation-Distraction,in_the_meantime,group_02_song_a_in_the_meantime,Song A,In The Meantime,True,,True,,True,85,"[""E""]",E,True,1,82,76,62,35,85,2.0,3.0,4.0,5.0,1.0
P005,group_02,group_02,P005__trial_05,5,5,EDR-1,EDR-1,EDR-1 - Enjoying Free Time,EDR-1,"You have some free time and no immediate responsibilities that require your attention. You are not feeling tired or worried, but you would like to enjoy your time rather than let it pass uneventfully. You decide to listen to music for entertainment, making your free time more enjoyable.",Enjoyment,in_the_meantime,group_02_song_a_in_the_meantime,Song A,In The Meantime,True,,True,,True,84,"[""E""]",E,True,1,56,49,42,37,84,2.0,3.0,4.0,5.0,1.0
P005,group_02,group_02,P005__trial_06,6,6,EDR-1,EDR-1,EDR-1 - Enjoying Free Time,EDR-1,"You have some free time and no immediate responsibilities that require your attention. You are not feeling tired or worried, but you would like to enjoy your time rather than let it pass uneventfully. You decide to listen to music for entertainment, making your free time more enjoyable.",Enjoyment,pouring_room,group_02_song_b_pouring_room,Song B,Pouring Room,True,,True,,True,83,"[""E""]",E,True,1,36,47,71,59,83,5.0,4.0,2.0,3.0,1.0
P006,group_01,group_01,P006__trial_01,1,1,EDR-1,EDR-1,EDR-1 - Enjoying Free Time,EDR-1,"You have some free time and no immediate responsibilities that require your attention. You are not feeling tired or worried, but you would like to enjoy your time rather than let it pass uneventfully. You decide to listen to music for entertainment, making your free time more enjoyable.",Enjoyment,lead_me,group_01_song_a_lead_me,Song A,Lead Me,True,,True,,True,99,"[""A""]",A,True,1,99,51,75,25,40,1.0,3.0,2.0,5.0,4.0
P006,group_01,group_01,P006__trial_02,2,2,EDR-1,EDR-1,EDR-1 - Enjoying Free Time,EDR-1,"You have some free time and no immediate responsibilities that require your attention. You are not feeling tired or worried, but you would like to enjoy your time rather than let it pass uneventfully. You decide to listen to music for entertainment, making your free time more enjoyable.",Enjoyment,id_like_to_know,group_01_song_b_id_like_to_know,Song B,I'd Like To Know,True,,True,,True,96,"[""C""]",C,True,1,86,60,96,51,75,2.0,4.0,1.0,5.0,3.0
P006,group_01,group_01,P006__trial_03,3,3,EDR-2,EDR-2,EDR-2 - Unwinding After a Demanding Period,EDR-2,"You have some time for yourself after a demanding period. Although a few everyday concerns are still on your mind, there is nothing that requires your attention right now. You would like to feel calmer and take your mind off these concerns for a while, so you decide to listen to music to help you unwind.",Relaxation-Distraction,id_like_to_know,group_01_song_b_id_like_to_know,Song B,I'd Like To Know,True,,True,,True,100,"[""B""]",B,True,1,39,100,88,32,76,4.0,1.0,2.0,5.0,3.0
P006,group_01,group_01,P006__trial_04,4,4,EDR-2,EDR-2,EDR-2 - Unwinding After a Demanding Period,EDR-2,"You have some time for yourself after a demanding period. Although a few everyday concerns are still on your mind, there is nothing that requires your attention right now. You would like to feel calmer and take your mind off these concerns for a while, so you decide to listen to music to help you unwind.",Relaxation-Distraction,lead_me,group_01_song_a_lead_me,Song A,Lead Me,True,,True,,True,93,"[""A""]",A,True,1,93,48,38,80,62,1.0,4.0,5.0,2.0,3.0
P006,group_01,group_01,P006__trial_05,5,5,FM-1,FM-1,FM-1 - Maintaining Engagement During an Activity,FM-1,"You are engaged in an activity that requires sustained mental or physical effort. As you continue, it becomes more difficult to stay engaged. You want to maintain your focus and motivation so that you can continue making steady progress toward completing the activity. You decide to listen to music while carrying on with the activity.",Focus-Motivation,id_like_to_know,group_01_song_b_id_like_to_know,Song B,I'd Like To Know,True,,True,,True,86,"[""C""]",C,True,1,26,19,86,33,41,4.0,5.0,1.0,3.0,2.0
P006,group_01,group_01,P006__trial_06,6,6,FM-1,FM-1,FM-1 - Maintaining Engagement During an Activity,FM-1,"You are engaged in an activity that requires sustained mental or physical effort. As you continue, it becomes more difficult to stay engaged. You want to maintain your focus and motivation so that you can continue making steady progress toward completing the activity. You decide to listen to music while carrying on with the activity.",Focus-Motivation,lead_me,group_01_song_a_lead_me,Song A,Lead Me,True,,True,,True,60,"[""B""]",B,True,1,33,60,26,16,54,3.0,1.0,4.0,5.0,2.0
P007,group_02,group_02,P007__trial_01,1,1,EDR-1,EDR-1,EDR-1 - Enjoying Free Time,EDR-1,"You have some free time and no immediate responsibilities that require your attention. You are not feeling tired or worried, but you would like to enjoy your time rather than let it pass uneventfully. You decide to listen to music for entertainment, making your free time more enjoyable.",Enjoyment,in_the_meantime,group_02_song_a_in_the_meantime,Song A,In The Meantime,True,,True,,True,100,"[""C""]",C,True,1,77,0,100,48,10,2.0,5.0,1.0,3.0,4.0
P007,group_02,group_02,P007__trial_02,2,2,EDR-1,EDR-1,EDR-1 - Enjoying Free Time,EDR-1,"You have some free time and no immediate responsibilities that require your attention. You are not feeling tired or worried, but you would like to enjoy your time rather than let it pass uneventfully. You decide to listen to music for entertainment, making your free time more enjoyable.",Enjoyment,pouring_room,group_02_song_b_pouring_room,Song B,Pouring Room,True,,True,,True,100,"[""A""]",A,True,1,100,58,0,73,19,1.0,3.0,5.0,2.0,4.0
P007,group_02,group_02,P007__trial_03,3,3,FM-1,FM-1,FM-1 - Maintaining Engagement During an Activity,FM-1,"You are engaged in an activity that requires sustained mental or physical effort. As you continue, it becomes more difficult to stay engaged. You want to maintain your focus and motivation so that you can continue making steady progress toward completing the activity. You decide to listen to music while carrying on with the activity.",Focus-Motivation,pouring_room,group_02_song_b_pouring_room,Song B,Pouring Room,True,,True,,True,100,"[""C""]",C,True,1,81,58,100,2,22,2.0,3.0,1.0,5.0,4.0
P007,group_02,group_02,P007__trial_04,4,4,FM-1,FM-1,FM-1 - Maintaining Engagement During an Activity,FM-1,"You are engaged in an activity that requires sustained mental or physical effort. As you continue, it becomes more difficult to stay engaged. You want to maintain your focus and motivation so that you can continue making steady progress toward completing the activity. You decide to listen to music while carrying on with the activity.",Focus-Motivation,in_the_meantime,group_02_song_a_in_the_meantime,Song A,In The Meantime,True,,True,,True,100,"[""E""]",E,True,1,0,53,0,79,100,4.5,3.0,4.5,2.0,1.0
P007,group_02,group_02,P007__trial_05,5,5,EDR-2,EDR-2,EDR-2 - Unwinding After a Demanding Period,EDR-2,"You have some time for yourself after a demanding period. Although a few everyday concerns are still on your mind, there is nothing that requires your attention right now. You would like to feel calmer and take your mind off these concerns for a while, so you decide to listen to music to help you unwind.",Relaxation-Distraction,in_the_meantime,group_02_song_a_in_the_meantime,Song A,In The Meantime,True,,True,,True,100,"[""C""]",C,True,1,0,72,100,15,50,5.0,2.0,1.0,4.0,3.0
P007,group_02,group_02,P007__trial_06,6,6,EDR-2,EDR-2,EDR-2 - Unwinding After a Demanding Period,EDR-2,"You have some time for yourself after a demanding period. Although a few everyday concerns are still on your mind, there is nothing that requires your attention right now. You would like to feel calmer and take your mind off these concerns for a while, so you decide to listen to music to help you unwind.",Relaxation-Distraction,pouring_room,group_02_song_b_pouring_room,Song B,Pouring Room,True,,True,,True,100,"[""A""]",A,True,1,100,72,62,80,0,1.0,3.0,4.0,2.0,5.0
P008,group_01,group_01,P008__trial_01,1,1,FM-1,FM-1,FM-1 - Maintaining Engagement During an Activity,FM-1,"You are engaged in an activity that requires sustained mental or physical effort. As you continue, it becomes more difficult to stay engaged. You want to maintain your focus and motivation so that you can continue making steady progress toward completing the activity. You decide to listen to music while carrying on with the activity.",Focus-Motivation,lead_me,group_01_song_a_lead_me,Song A,Lead Me,True,,True,,True,63,"[""D""]",D,True,1,9,27,56,63,18,5.0,3.0,2.0,1.0,4.0
P008,group_01,group_01,P008__trial_02,2,2,FM-1,FM-1,FM-1 - Maintaining Engagement During an Activity,FM-1,"You are engaged in an activity that requires sustained mental or physical effort. As you continue, it becomes more difficult to stay engaged. You want to maintain your focus and motivation so that you can continue making steady progress toward completing the activity. You decide to listen to music while carrying on with the activity.",Focus-Motivation,id_like_to_know,group_01_song_b_id_like_to_know,Song B,I'd Like To Know,True,,True,,True,66,"[""A""]",A,True,1,66,26,35,51,4,1.0,4.0,3.0,2.0,5.0
P008,group_01,group_01,P008__trial_03,3,3,EDR-2,EDR-2,EDR-2 - Unwinding After a Demanding Period,EDR-2,"You have some time for yourself after a demanding period. Although a few everyday concerns are still on your mind, there is nothing that requires your attention right now. You would like to feel calmer and take your mind off these concerns for a while, so you decide to listen to music to help you unwind.",Relaxation-Distraction,lead_me,group_01_song_a_lead_me,Song A,Lead Me,True,,True,,True,71,"[""A""]",A,True,1,71,31,8,48,17,1.0,3.0,5.0,2.0,4.0
P008,group_01,group_01,P008__trial_04,4,4,EDR-2,EDR-2,EDR-2 - Unwinding After a Demanding Period,EDR-2,"You have some time for yourself after a demanding period. Although a few everyday concerns are still on your mind, there is nothing that requires your attention right now. You would like to feel calmer and take your mind off these concerns for a while, so you decide to listen to music to help you unwind.",Relaxation-Distraction,id_like_to_know,group_01_song_b_id_like_to_know,Song B,I'd Like To Know,True,,True,,True,77,"[""D""]",D,True,1,48,16,63,77,25,3.0,5.0,2.0,1.0,4.0
P008,group_01,group_01,P008__trial_05,5,5,EDR-1,EDR-1,EDR-1 - Enjoying Free Time,EDR-1,"You have some free time and no immediate responsibilities that require your attention. You are not feeling tired or worried, but you would like to enjoy your time rather than let it pass uneventfully. You decide to listen to music for entertainment, making your free time more enjoyable.",Enjoyment,id_like_to_know,group_01_song_b_id_like_to_know,Song B,I'd Like To Know,True,,True,,True,90,"[""A""]",A,True,1,90,33,45,66,22,1.0,4.0,3.0,2.0,5.0
P008,group_01,group_01,P008__trial_06,6,6,EDR-1,EDR-1,EDR-1 - Enjoying Free Time,EDR-1,"You have some free time and no immediate responsibilities that require your attention. You are not feeling tired or worried, but you would like to enjoy your time rather than let it pass uneventfully. You decide to listen to music for entertainment, making your free time more enjoyable.",Enjoyment,lead_me,group_01_song_a_lead_me,Song A,Lead Me,True,,True,,True,93,"[""A""]",A,True,1,93,26,38,49,73,1.0,5.0,4.0,3.0,2.0
P009,group_02,group_02,P009__trial_01,1,1,FM-1,FM-1,FM-1 - Maintaining Engagement During an Activity,FM-1,"You are engaged in an activity that requires sustained mental or physical effort. As you continue, it becomes more difficult to stay engaged. You want to maintain your focus and motivation so that you can continue making steady progress toward completing the activity. You decide to listen to music while carrying on with the activity.",Focus-Motivation,pouring_room,group_02_song_b_pouring_room,Song B,Pouring Room,True,,True,,True,100,"[""A""]",A,True,1,100,0,26,76,52,1.0,5.0,4.0,2.0,3.0
P009,group_02,group_02,P009__trial_02,2,2,FM-1,FM-1,FM-1 - Maintaining Engagement During an Activity,FM-1,"You are engaged in an activity that requires sustained mental or physical effort. As you continue, it becomes more difficult to stay engaged. You want to maintain your focus and motivation so that you can continue making steady progress toward completing the activity. You decide to listen to music while carrying on with the activity.",Focus-Motivation,in_the_meantime,group_02_song_a_in_the_meantime,Song A,In The Meantime,True,,True,,True,98,"[""D""]",D,True,1,18,45,72,98,0,4.0,3.0,2.0,1.0,5.0
P009,group_02,group_02,P009__trial_03,3,3,EDR-1,EDR-1,EDR-1 - Enjoying Free Time,EDR-1,"You have some free time and no immediate responsibilities that require your attention. You are not feeling tired or worried, but you would like to enjoy your time rather than let it pass uneventfully. You decide to listen to music for entertainment, making your free time more enjoyable.",Enjoyment,in_the_meantime,group_02_song_a_in_the_meantime,Song A,In The Meantime,True,,True,,True,88,"[""D""]",D,True,1,27,45,68,88,8,4.0,3.0,2.0,1.0,5.0
P009,group_02,group_02,P009__trial_04,4,4,EDR-1,EDR-1,EDR-1 - Enjoying Free Time,EDR-1,"You have some free time and no immediate responsibilities that require your attention. You are not feeling tired or worried, but you would like to enjoy your time rather than let it pass uneventfully. You decide to listen to music for entertainment, making your free time more enjoyable.",Enjoyment,pouring_room,group_02_song_b_pouring_room,Song B,Pouring Room,True,,True,,True,91,"[""A""]",A,True,1,91,70,25,4,47,1.0,2.0,4.0,5.0,3.0
P009,group_02,group_02,P009__trial_05,5,5,EDR-2,EDR-2,EDR-2 - Unwinding After a Demanding Period,EDR-2,"You have some time for yourself after a demanding period. Although a few everyday concerns are still on your mind, there is nothing that requires your attention right now. You would like to feel calmer and take your mind off these concerns for a while, so you decide to listen to music to help you unwind.",Relaxation-Distraction,pouring_room,group_02_song_b_pouring_room,Song B,Pouring Room,True,,True,,True,98,"[""E""]",E,True,1,51,24,96,76,98,4.0,5.0,2.0,3.0,1.0
P009,group_02,group_02,P009__trial_06,6,6,EDR-2,EDR-2,EDR-2 - Unwinding After a Demanding Period,EDR-2,"You have some time for yourself after a demanding period. Although a few everyday concerns are still on your mind, there is nothing that requires your attention right now. You would like to feel calmer and take your mind off these concerns for a while, so you decide to listen to music to help you unwind.",Relaxation-Distraction,in_the_meantime,group_02_song_a_in_the_meantime,Song A,In The Meantime,True,,True,,True,97,"[""B""]",B,True,1,52,97,62,73,89,5.0,1.0,4.0,3.0,2.0
P010,group_01,group_01,P010__trial_01,1,1,FM-1,FM-1,FM-1 - Maintaining Engagement During an Activity,FM-1,"You are engaged in an activity that requires sustained mental or physical effort. As you continue, it becomes more difficult to stay engaged. You want to maintain your focus and motivation so that you can continue making steady progress toward completing the activity. You decide to listen to music while carrying on with the activity.",Focus-Motivation,lead_me,group_01_song_a_lead_me,Song A,Lead Me,True,,True,,True,100,"[""D""]",D,True,1,87,93,77,100,68,3.0,2.0,4.0,1.0,5.0
P010,group_01,group_01,P010__trial_02,2,2,FM-1,FM-1,FM-1 - Maintaining Engagement During an Activity,FM-1,"You are engaged in an activity that requires sustained mental or physical effort. As you continue, it becomes more difficult to stay engaged. You want to maintain your focus and motivation so that you can continue making steady progress toward completing the activity. You decide to listen to music while carrying on with the activity.",Focus-Motivation,id_like_to_know,group_01_song_b_id_like_to_know,Song B,I'd Like To Know,True,,True,,True,100,"[""C""]",C,True,1,89,76,100,63,51,2.0,3.0,1.0,4.0,5.0
P010,group_01,group_01,P010__trial_03,3,3,EDR-1,EDR-1,EDR-1 - Enjoying Free Time,EDR-1,"You have some free time and no immediate responsibilities that require your attention. You are not feeling tired or worried, but you would like to enjoy your time rather than let it pass uneventfully. You decide to listen to music for entertainment, making your free time more enjoyable.",Enjoyment,id_like_to_know,group_01_song_b_id_like_to_know,Song B,I'd Like To Know,True,,True,,True,100,"[""C""]",C,True,1,90,82,100,74,67,2.0,3.0,1.0,4.0,5.0
P010,group_01,group_01,P010__trial_04,4,4,EDR-1,EDR-1,EDR-1 - Enjoying Free Time,EDR-1,"You have some free time and no immediate responsibilities that require your attention. You are not feeling tired or worried, but you would like to enjoy your time rather than let it pass uneventfully. You decide to listen to music for entertainment, making your free time more enjoyable.",Enjoyment,lead_me,group_01_song_a_lead_me,Song A,Lead Me,True,,True,,True,100,"[""D""]",D,True,1,91,64,44,100,72,2.0,4.0,5.0,1.0,3.0
P010,group_01,group_01,P010__trial_05,5,5,EDR-2,EDR-2,EDR-2 - Unwinding After a Demanding Period,EDR-2,"You have some time for yourself after a demanding period. Although a few everyday concerns are still on your mind, there is nothing that requires your attention right now. You would like to feel calmer and take your mind off these concerns for a while, so you decide to listen to music to help you unwind.",Relaxation-Distraction,lead_me,group_01_song_a_lead_me,Song A,Lead Me,True,,True,,True,100,"[""A"",""C""]",,False,2,100,62,100,82,89,1.5,5.0,1.5,4.0,3.0
P010,group_01,group_01,P010__trial_06,6,6,EDR-2,EDR-2,EDR-2 - Unwinding After a Demanding Period,EDR-2,"You have some time for yourself after a demanding period. Although a few everyday concerns are still on your mind, there is nothing that requires your attention right now. You would like to feel calmer and take your mind off these concerns for a while, so you decide to listen to music to help you unwind.",Relaxation-Distraction,id_like_to_know,group_01_song_b_id_like_to_know,Song B,I'd Like To Know,True,,True,,True,100,"[""A"",""B"",""C"",""D"",""E""]",,False,5,100,100,100,100,100,3.0,3.0,3.0,3.0,3.0
P011,group_02,group_02,P011__trial_01,1,1,EDR-2,EDR-2,EDR-2 - Unwinding After a Demanding Period,EDR-2,"You have some time for yourself after a demanding period. Although a few everyday concerns are still on your mind, there is nothing that requires your attention right now. You would like to feel calmer and take your mind off these concerns for a while, so you decide to listen to music to help you unwind.",Relaxation-Distraction,in_the_meantime,group_02_song_a_in_the_meantime,Song A,In The Meantime,True,,True,,True,97,"[""B""]",B,True,1,0,97,90,72,21,5.0,1.0,2.0,3.0,4.0
P011,group_02,group_02,P011__trial_02,2,2,EDR-2,EDR-2,EDR-2 - Unwinding After a Demanding Period,EDR-2,"You have some time for yourself after a demanding period. Although a few everyday concerns are still on your mind, there is nothing that requires your attention right now. You would like to feel calmer and take your mind off these concerns for a while, so you decide to listen to music to help you unwind.",Relaxation-Distraction,pouring_room,group_02_song_b_pouring_room,Song B,Pouring Room,True,,True,,True,100,"[""C""]",C,True,1,69,80,100,0,18,3.0,2.0,1.0,5.0,4.0
P011,group_02,group_02,P011__trial_03,3,3,FM-1,FM-1,FM-1 - Maintaining Engagement During an Activity,FM-1,"You are engaged in an activity that requires sustained mental or physical effort. As you continue, it becomes more difficult to stay engaged. You want to maintain your focus and motivation so that you can continue making steady progress toward completing the activity. You decide to listen to music while carrying on with the activity.",Focus-Motivation,pouring_room,group_02_song_b_pouring_room,Song B,Pouring Room,True,,True,,True,100,"[""A""]",A,True,1,100,71,79,63,6,1.0,3.0,2.0,4.0,5.0
P011,group_02,group_02,P011__trial_04,4,4,FM-1,FM-1,FM-1 - Maintaining Engagement During an Activity,FM-1,"You are engaged in an activity that requires sustained mental or physical effort. As you continue, it becomes more difficult to stay engaged. You want to maintain your focus and motivation so that you can continue making steady progress toward completing the activity. You decide to listen to music while carrying on with the activity.",Focus-Motivation,in_the_meantime,group_02_song_a_in_the_meantime,Song A,In The Meantime,True,,True,,True,100,"[""D""]",D,True,1,79,0,19,100,61,2.0,5.0,4.0,1.0,3.0
P011,group_02,group_02,P011__trial_05,5,5,EDR-1,EDR-1,EDR-1 - Enjoying Free Time,EDR-1,"You have some free time and no immediate responsibilities that require your attention. You are not feeling tired or worried, but you would like to enjoy your time rather than let it pass uneventfully. You decide to listen to music for entertainment, making your free time more enjoyable.",Enjoyment,in_the_meantime,group_02_song_a_in_the_meantime,Song A,In The Meantime,True,,True,,True,100,"[""E""]",E,True,1,0,16,76,55,100,5.0,4.0,2.0,3.0,1.0
P011,group_02,group_02,P011__trial_06,6,6,EDR-1,EDR-1,EDR-1 - Enjoying Free Time,EDR-1,"You have some free time and no immediate responsibilities that require your attention. You are not feeling tired or worried, but you would like to enjoy your time rather than let it pass uneventfully. You decide to listen to music for entertainment, making your free time more enjoyable.",Enjoyment,pouring_room,group_02_song_b_pouring_room,Song B,Pouring Room,True,,True,,True,100,"[""D""]",D,True,1,83,34,0,100,64,2.0,4.0,5.0,1.0,3.0
P012,group_01,group_01,P012__trial_01,1,1,EDR-1,EDR-1,EDR-1 - Enjoying Free Time,EDR-1,"You have some free time and no immediate responsibilities that require your attention. You are not feeling tired or worried, but you would like to enjoy your time rather than let it pass uneventfully. You decide to listen to music for entertainment, making your free time more enjoyable.",Enjoyment,lead_me,group_01_song_a_lead_me,Song A,Lead Me,True,,True,,True,100,"[""D""]",D,True,1,72,63,0,100,12,2.0,3.0,5.0,1.0,4.0
P012,group_01,group_01,P012__trial_02,2,2,EDR-1,EDR-1,EDR-1 - Enjoying Free Time,EDR-1,"You have some free time and no immediate responsibilities that require your attention. You are not feeling tired or worried, but you would like to enjoy your time rather than let it pass uneventfully. You decide to listen to music for entertainment, making your free time more enjoyable.",Enjoyment,id_like_to_know,group_01_song_b_id_like_to_know,Song B,I'd Like To Know,True,,True,,True,6,"[""D""]",D,True,1,0,1,2,6,0,4.5,3.0,2.0,1.0,4.5
P012,group_01,group_01,P012__trial_03,3,3,EDR-2,EDR-2,EDR-2 - Unwinding After a Demanding Period,EDR-2,"You have some time for yourself after a demanding period. Although a few everyday concerns are still on your mind, there is nothing that requires your attention right now. You would like to feel calmer and take your mind off these concerns for a while, so you decide to listen to music to help you unwind.",Relaxation-Distraction,lead_me,group_01_song_a_lead_me,Song A,Lead Me,True,,True,,True,4,"[""B""]",B,True,1,0,4,3,0,0,4.0,1.0,2.0,4.0,4.0
P012,group_01,group_01,P012__trial_04,4,4,EDR-2,EDR-2,EDR-2 - Unwinding After a Demanding Period,EDR-2,"You have some time for yourself after a demanding period. Although a few everyday concerns are still on your mind, there is nothing that requires your attention right now. You would like to feel calmer and take your mind off these concerns for a while, so you decide to listen to music to help you unwind.",Relaxation-Distraction,id_like_to_know,group_01_song_b_id_like_to_know,Song B,I'd Like To Know,True,,True,,True,9,"[""C"",""E""]",,False,2,5,8,9,8,9,5.0,3.5,1.5,3.5,1.5
P012,group_01,group_01,P012__trial_05,5,5,FM-1,FM-1,FM-1 - Maintaining Engagement During an Activity,FM-1,"You are engaged in an activity that requires sustained mental or physical effort. As you continue, it becomes more difficult to stay engaged. You want to maintain your focus and motivation so that you can continue making steady progress toward completing the activity. You decide to listen to music while carrying on with the activity.",Focus-Motivation,id_like_to_know,group_01_song_b_id_like_to_know,Song B,I'd Like To Know,True,,True,,True,0,"[""A"",""B"",""C"",""D"",""E""]",,False,5,0,0,0,0,0,3.0,3.0,3.0,3.0,3.0
P012,group_01,group_01,P012__trial_06,6,6,FM-1,FM-1,FM-1 - Maintaining Engagement During an Activity,FM-1,"You are engaged in an activity that requires sustained mental or physical effort. As you continue, it becomes more difficult to stay engaged. You want to maintain your focus and motivation so that you can continue making steady progress toward completing the activity. You decide to listen to music while carrying on with the activity.",Focus-Motivation,lead_me,group_01_song_a_lead_me,Song A,Lead Me,True,,True,,True,82,"[""D""]",D,True,1,0,0,74,82,2,4.5,4.5,2.0,1.0,3.0
P013,group_02,group_02,P013__trial_01,1,1,EDR-1,EDR-1,EDR-1 - Enjoying Free Time,EDR-1,"You have some free time and no immediate responsibilities that require your attention. You are not feeling tired or worried, but you would like to enjoy your time rather than let it pass uneventfully. You decide to listen to music for entertainment, making your free time more enjoyable.",Enjoyment,in_the_meantime,group_02_song_a_in_the_meantime,Song A,In The Meantime,True,,True,,True,100,"[""C""]",C,True,1,91,25,100,76,82,2.0,5.0,1.0,4.0,3.0
P013,group_02,group_02,P013__trial_02,2,2,EDR-1,EDR-1,EDR-1 - Enjoying Free Time,EDR-1,"You have some free time and no immediate responsibilities that require your attention. You are not feeling tired or worried, but you would like to enjoy your time rather than let it pass uneventfully. You decide to listen to music for entertainment, making your free time more enjoyable.",Enjoyment,pouring_room,group_02_song_b_pouring_room,Song B,Pouring Room,True,,True,,True,75,"[""A"",""B"",""C"",""D"",""E""]",,False,5,75,75,75,75,75,3.0,3.0,3.0,3.0,3.0
P013,group_02,group_02,P013__trial_03,3,3,FM-1,FM-1,FM-1 - Maintaining Engagement During an Activity,FM-1,"You are engaged in an activity that requires sustained mental or physical effort. As you continue, it becomes more difficult to stay engaged. You want to maintain your focus and motivation so that you can continue making steady progress toward completing the activity. You decide to listen to music while carrying on with the activity.",Focus-Motivation,pouring_room,group_02_song_b_pouring_room,Song B,Pouring Room,True,,True,,True,76,"[""A"",""B"",""C"",""D"",""E""]",,False,5,76,76,76,76,76,3.0,3.0,3.0,3.0,3.0
P013,group_02,group_02,P013__trial_04,4,4,FM-1,FM-1,FM-1 - Maintaining Engagement During an Activity,FM-1,"You are engaged in an activity that requires sustained mental or physical effort. As you continue, it becomes more difficult to stay engaged. You want to maintain your focus and motivation so that you can continue making steady progress toward completing the activity. You decide to listen to music while carrying on with the activity.",Focus-Motivation,in_the_meantime,group_02_song_a_in_the_meantime,Song A,In The Meantime,True,,True,,True,76,"[""B"",""C"",""D"",""E""]",,False,4,37,76,76,76,76,5.0,2.5,2.5,2.5,2.5
P013,group_02,group_02,P013__trial_05,5,5,EDR-2,EDR-2,EDR-2 - Unwinding After a Demanding Period,EDR-2,"You have some time for yourself after a demanding period. Although a few everyday concerns are still on your mind, there is nothing that requires your attention right now. You would like to feel calmer and take your mind off these concerns for a while, so you decide to listen to music to help you unwind.",Relaxation-Distraction,pouring_room,group_02_song_b_pouring_room,Song B,Pouring Room,True,,True,,True,76,"[""A"",""B"",""C"",""D"",""E""]",,False,5,76,76,76,76,76,3.0,3.0,3.0,3.0,3.0
P013,group_02,group_02,P013__trial_06,6,6,EDR-2,EDR-2,EDR-2 - Unwinding After a Demanding Period,EDR-2,"You have some time for yourself after a demanding period. Although a few everyday concerns are still on your mind, there is nothing that requires your attention right now. You would like to feel calmer and take your mind off these concerns for a while, so you decide to listen to music to help you unwind.",Relaxation-Distraction,in_the_meantime,group_02_song_a_in_the_meantime,Song A,In The Meantime,True,,True,,True,100,"[""D""]",D,True,1,95,73,37,100,79,2.0,4.0,5.0,1.0,3.0
P014,group_01,group_01,P014__trial_01,1,1,EDR-2,EDR-2,EDR-2 - Unwinding After a Demanding Period,EDR-2,"You have some time for yourself after a demanding period. Although a few everyday concerns are still on your mind, there is nothing that requires your attention right now. You would like to feel calmer and take your mind off these concerns for a while, so you decide to listen to music to help you unwind.",Relaxation-Distraction,lead_me,group_01_song_a_lead_me,Song A,Lead Me,True,,True,,True,100,"[""E""]",E,True,1,23,0,80,44,100,4.0,5.0,2.0,3.0,1.0
P014,group_01,group_01,P014__trial_02,2,2,EDR-2,EDR-2,EDR-2 - Unwinding After a Demanding Period,EDR-2,"You have some time for yourself after a demanding period. Although a few everyday concerns are still on your mind, there is nothing that requires your attention right now. You would like to feel calmer and take your mind off these concerns for a while, so you decide to listen to music to help you unwind.",Relaxation-Distraction,id_like_to_know,group_01_song_b_id_like_to_know,Song B,I'd Like To Know,True,,True,,True,100,"[""E""]",E,True,1,21,7,55,83,100,4.0,5.0,3.0,2.0,1.0
P014,group_01,group_01,P014__trial_03,3,3,FM-1,FM-1,FM-1 - Maintaining Engagement During an Activity,FM-1,"You are engaged in an activity that requires sustained mental or physical effort. As you continue, it becomes more difficult to stay engaged. You want to maintain your focus and motivation so that you can continue making steady progress toward completing the activity. You decide to listen to music while carrying on with the activity.",Focus-Motivation,lead_me,group_01_song_a_lead_me,Song A,Lead Me,True,,True,,True,100,"[""E""]",E,True,1,44,60,11,76,100,4.0,3.0,5.0,2.0,1.0
P014,group_01,group_01,P014__trial_04,4,4,FM-1,FM-1,FM-1 - Maintaining Engagement During an Activity,FM-1,"You are engaged in an activity that requires sustained mental or physical effort. As you continue, it becomes more difficult to stay engaged. You want to maintain your focus and motivation so that you can continue making steady progress toward completing the activity. You decide to listen to music while carrying on with the activity.",Focus-Motivation,id_like_to_know,group_01_song_b_id_like_to_know,Song B,I'd Like To Know,True,,True,,True,100,"[""E""]",E,True,1,53,27,61,77,100,4.0,5.0,3.0,2.0,1.0
P014,group_01,group_01,P014__trial_05,5,5,EDR-1,EDR-1,EDR-1 - Enjoying Free Time,EDR-1,"You have some free time and no immediate responsibilities that require your attention. You are not feeling tired or worried, but you would like to enjoy your time rather than let it pass uneventfully. You decide to listen to music for entertainment, making your free time more enjoyable.",Enjoyment,id_like_to_know,group_01_song_b_id_like_to_know,Song B,I'd Like To Know,True,,True,,True,88,"[""E""]",E,True,1,31,50,64,15,88,4.0,3.0,2.0,5.0,1.0
P014,group_01,group_01,P014__trial_06,6,6,EDR-1,EDR-1,EDR-1 - Enjoying Free Time,EDR-1,"You have some free time and no immediate responsibilities that require your attention. You are not feeling tired or worried, but you would like to enjoy your time rather than let it pass uneventfully. You decide to listen to music for entertainment, making your free time more enjoyable.",Enjoyment,lead_me,group_01_song_a_lead_me,Song A,Lead Me,True,,True,,True,100,"[""E""]",E,True,1,4,76,61,17,100,5.0,2.0,3.0,4.0,1.0
P015,group_01,group_01,P015__trial_01,1,1,EDR-1,EDR-1,EDR-1 - Enjoying Free Time,EDR-1,"You have some free time and no immediate responsibilities that require your attention. You are not feeling tired or worried, but you would like to enjoy your time rather than let it pass uneventfully. You decide to listen to music for entertainment, making your free time more enjoyable.",Enjoyment,lead_me,group_01_song_a_lead_me,Song A,Lead Me,True,,True,,True,100,"[""A""]",A,True,1,100,50,79,43,89,1.0,4.0,3.0,5.0,2.0
P015,group_01,group_01,P015__trial_02,2,2,EDR-1,EDR-1,EDR-1 - Enjoying Free Time,EDR-1,"You have some free time and no immediate responsibilities that require your attention. You are not feeling tired or worried, but you would like to enjoy your time rather than let it pass uneventfully. You decide to listen to music for entertainment, making your free time more enjoyable.",Enjoyment,id_like_to_know,group_01_song_b_id_like_to_know,Song B,I'd Like To Know,True,,True,,True,99,"[""D""]",D,True,1,54,76,86,99,65,5.0,3.0,2.0,1.0,4.0
P015,group_01,group_01,P015__trial_03,3,3,EDR-2,EDR-2,EDR-2 - Unwinding After a Demanding Period,EDR-2,"You have some time for yourself after a demanding period. Although a few everyday concerns are still on your mind, there is nothing that requires your attention right now. You would like to feel calmer and take your mind off these concerns for a while, so you decide to listen to music to help you unwind.",Relaxation-Distraction,id_like_to_know,group_01_song_b_id_like_to_know,Song B,I'd Like To Know,True,,True,,True,97,"[""D""]",D,True,1,53,63,86,97,76,5.0,4.0,2.0,1.0,3.0
P015,group_01,group_01,P015__trial_04,4,4,EDR-2,EDR-2,EDR-2 - Unwinding After a Demanding Period,EDR-2,"You have some time for yourself after a demanding period. Although a few everyday concerns are still on your mind, there is nothing that requires your attention right now. You would like to feel calmer and take your mind off these concerns for a while, so you decide to listen to music to help you unwind.",Relaxation-Distraction,lead_me,group_01_song_a_lead_me,Song A,Lead Me,True,,True,,True,100,"[""A""]",A,True,1,100,64,51,75,85,1.0,4.0,5.0,3.0,2.0
P015,group_01,group_01,P015__trial_05,5,5,FM-1,FM-1,FM-1 - Maintaining Engagement During an Activity,FM-1,"You are engaged in an activity that requires sustained mental or physical effort. As you continue, it becomes more difficult to stay engaged. You want to maintain your focus and motivation so that you can continue making steady progress toward completing the activity. You decide to listen to music while carrying on with the activity.",Focus-Motivation,lead_me,group_01_song_a_lead_me,Song A,Lead Me,True,,True,,True,100,"[""E""]",E,True,1,77,91,55,66,100,3.0,2.0,5.0,4.0,1.0
P015,group_01,group_01,P015__trial_06,6,6,FM-1,FM-1,FM-1 - Maintaining Engagement During an Activity,FM-1,"You are engaged in an activity that requires sustained mental or physical effort. As you continue, it becomes more difficult to stay engaged. You want to maintain your focus and motivation so that you can continue making steady progress toward completing the activity. You decide to listen to music while carrying on with the activity.",Focus-Motivation,id_like_to_know,group_01_song_b_id_like_to_know,Song B,I'd Like To Know,True,,True,,True,100,"[""B""]",B,True,1,66,100,25,92,74,4.0,1.0,5.0,2.0,3.0
P016,group_01,group_01,P016__trial_01,1,1,FM-1,FM-1,FM-1 - Maintaining Engagement During an Activity,FM-1,"You are engaged in an activity that requires sustained mental or physical effort. As you continue, it becomes more difficult to stay engaged. You want to maintain your focus and motivation so that you can continue making steady progress toward completing the activity. You decide to listen to music while carrying on with the activity.",Focus-Motivation,lead_me,group_01_song_a_lead_me,Song A,Lead Me,True,,True,,True,75,"[""D""]",D,True,1,61,48,24,75,48,2.0,3.5,5.0,1.0,3.5
P016,group_01,group_01,P016__trial_02,2,2,FM-1,FM-1,FM-1 - Maintaining Engagement During an Activity,FM-1,"You are engaged in an activity that requires sustained mental or physical effort. As you continue, it becomes more difficult to stay engaged. You want to maintain your focus and motivation so that you can continue making steady progress toward completing the activity. You decide to listen to music while carrying on with the activity.",Focus-Motivation,id_like_to_know,group_01_song_b_id_like_to_know,Song B,I'd Like To Know,True,,True,,True,69,"[""C""]",C,True,1,47,59,69,23,34,3.0,2.0,1.0,5.0,4.0
P016,group_01,group_01,P016__trial_03,3,3,EDR-2,EDR-2,EDR-2 - Unwinding After a Demanding Period,EDR-2,"You have some time for yourself after a demanding period. Although a few everyday concerns are still on your mind, there is nothing that requires your attention right now. You would like to feel calmer and take your mind off these concerns for a while, so you decide to listen to music to help you unwind.",Relaxation-Distraction,id_like_to_know,group_01_song_b_id_like_to_know,Song B,I'd Like To Know,True,,True,,True,72,"[""C""]",C,True,1,51,27,72,37,60,3.0,5.0,1.0,4.0,2.0
P016,group_01,group_01,P016__trial_04,4,4,EDR-2,EDR-2,EDR-2 - Unwinding After a Demanding Period,EDR-2,"You have some time for yourself after a demanding period. Although a few everyday concerns are still on your mind, there is nothing that requires your attention right now. You would like to feel calmer and take your mind off these concerns for a while, so you decide to listen to music to help you unwind.",Relaxation-Distraction,lead_me,group_01_song_a_lead_me,Song A,Lead Me,True,,True,,True,79,"[""E""]",E,True,1,71,22,20,26,79,2.0,4.0,5.0,3.0,1.0
P016,group_01,group_01,P016__trial_05,5,5,EDR-1,EDR-1,EDR-1 - Enjoying Free Time,EDR-1,"You have some free time and no immediate responsibilities that require your attention. You are not feeling tired or worried, but you would like to enjoy your time rather than let it pass uneventfully. You decide to listen to music for entertainment, making your free time more enjoyable.",Enjoyment,lead_me,group_01_song_a_lead_me,Song A,Lead Me,True,,True,,True,59,"[""C""]",C,True,1,49,40,59,30,22,2.0,3.0,1.0,4.0,5.0
P016,group_01,group_01,P016__trial_06,6,6,EDR-1,EDR-1,EDR-1 - Enjoying Free Time,EDR-1,"You have some free time and no immediate responsibilities that require your attention. You are not feeling tired or worried, but you would like to enjoy your time rather than let it pass uneventfully. You decide to listen to music for entertainment, making your free time more enjoyable.",Enjoyment,id_like_to_know,group_01_song_b_id_like_to_know,Song B,I'd Like To Know,True,,True,,True,73,"[""B""]",B,True,1,61,73,45,55,55,2.0,1.0,5.0,3.5,3.5
P017,group_02,group_02,P017__trial_01,1,1,EDR-2,EDR-2,EDR-2 - Unwinding After a Demanding Period,EDR-2,"You have some time for yourself after a demanding period. Although a few everyday concerns are still on your mind, there is nothing that requires your attention right now. You would like to feel calmer and take your mind off these concerns for a while, so you decide to listen to music to help you unwind.",Relaxation-Distraction,in_the_meantime,group_02_song_a_in_the_meantime,Song A,In The Meantime,True,,True,,True,100,"[""A""]",A,True,1,100,71,21,49,0,1.0,2.0,4.0,3.0,5.0
P017,group_02,group_02,P017__trial_02,2,2,EDR-2,EDR-2,EDR-2 - Unwinding After a Demanding Period,EDR-2,"You have some time for yourself after a demanding period. Although a few everyday concerns are still on your mind, there is nothing that requires your attention right now. You would like to feel calmer and take your mind off these concerns for a while, so you decide to listen to music to help you unwind.",Relaxation-Distraction,pouring_room,group_02_song_b_pouring_room,Song B,Pouring Room,True,,True,,True,100,"[""A"",""B"",""D""]",,False,3,100,100,73,100,73,2.0,2.0,4.5,2.0,4.5
P017,group_02,group_02,P017__trial_03,3,3,EDR-1,EDR-1,EDR-1 - Enjoying Free Time,EDR-1,"You have some free time and no immediate responsibilities that require your attention. You are not feeling tired or worried, but you would like to enjoy your time rather than let it pass uneventfully. You decide to listen to music for entertainment, making your free time more enjoyable.",Enjoyment,pouring_room,group_02_song_b_pouring_room,Song B,Pouring Room,True,,True,,True,100,"[""C""]",C,True,1,49,88,100,75,0,4.0,2.0,1.0,3.0,5.0
P017,group_02,group_02,P017__trial_04,4,4,EDR-1,EDR-1,EDR-1 - Enjoying Free Time,EDR-1,"You have some free time and no immediate responsibilities that require your attention. You are not feeling tired or worried, but you would like to enjoy your time rather than let it pass uneventfully. You decide to listen to music for entertainment, making your free time more enjoyable.",Enjoyment,in_the_meantime,group_02_song_a_in_the_meantime,Song A,In The Meantime,True,,True,,True,100,"[""D""]",D,True,1,11,0,72,100,24,4.0,5.0,2.0,1.0,3.0
P017,group_02,group_02,P017__trial_05,5,5,FM-1,FM-1,FM-1 - Maintaining Engagement During an Activity,FM-1,"You are engaged in an activity that requires sustained mental or physical effort. As you continue, it becomes more difficult to stay engaged. You want to maintain your focus and motivation so that you can continue making steady progress toward completing the activity. You decide to listen to music while carrying on with the activity.",Focus-Motivation,pouring_room,group_02_song_b_pouring_room,Song B,Pouring Room,True,,True,,True,100,"[""C""]",C,True,1,71,86,100,50,0,3.0,2.0,1.0,4.0,5.0
P017,group_02,group_02,P017__trial_06,6,6,FM-1,FM-1,FM-1 - Maintaining Engagement During an Activity,FM-1,"You are engaged in an activity that requires sustained mental or physical effort. As you continue, it becomes more difficult to stay engaged. You want to maintain your focus and motivation so that you can continue making steady progress toward completing the activity. You decide to listen to music while carrying on with the activity.",Focus-Motivation,in_the_meantime,group_02_song_a_in_the_meantime,Song A,In The Meantime,True,,True,,True,100,"[""B""]",B,True,1,73,100,26,0,13,2.0,1.0,3.0,5.0,4.0
P018,group_02,group_02,P018__trial_01,1,1,EDR-2,EDR-2,EDR-2 - Unwinding After a Demanding Period,EDR-2,"You have some time for yourself after a demanding period. Although a few everyday concerns are still on your mind, there is nothing that requires your attention right now. You would like to feel calmer and take your mind off these concerns for a while, so you decide to listen to music to help you unwind.",Relaxation-Distraction,pouring_room,group_02_song_b_pouring_room,Song B,Pouring Room,True,,True,,True,100,"[""A"",""B"",""C"",""D"",""E""]",,False,5,100,100,100,100,100,3.0,3.0,3.0,3.0,3.0
P018,group_02,group_02,P018__trial_02,2,2,EDR-2,EDR-2,EDR-2 - Unwinding After a Demanding Period,EDR-2,"You have some time for yourself after a demanding period. Although a few everyday concerns are still on your mind, there is nothing that requires your attention right now. You would like to feel calmer and take your mind off these concerns for a while, so you decide to listen to music to help you unwind.",Relaxation-Distraction,in_the_meantime,group_02_song_a_in_the_meantime,Song A,In The Meantime,True,,True,,True,77,"[""D""]",D,True,1,76,70,62,77,62,2.0,3.0,4.5,1.0,4.5
P018,group_02,group_02,P018__trial_03,3,3,FM-1,FM-1,FM-1 - Maintaining Engagement During an Activity,FM-1,"You are engaged in an activity that requires sustained mental or physical effort. As you continue, it becomes more difficult to stay engaged. You want to maintain your focus and motivation so that you can continue making steady progress toward completing the activity. You decide to listen to music while carrying on with the activity.",Focus-Motivation,pouring_room,group_02_song_b_pouring_room,Song B,Pouring Room,True,,True,,True,0,"[""A"",""B"",""C"",""D"",""E""]",,False,5,0,0,0,0,0,3.0,3.0,3.0,3.0,3.0
P018,group_02,group_02,P018__trial_04,4,4,FM-1,FM-1,FM-1 - Maintaining Engagement During an Activity,FM-1,"You are engaged in an activity that requires sustained mental or physical effort. As you continue, it becomes more difficult to stay engaged. You want to maintain your focus and motivation so that you can continue making steady progress toward completing the activity. You decide to listen to music while carrying on with the activity.",Focus-Motivation,in_the_meantime,group_02_song_a_in_the_meantime,Song A,In The Meantime,True,,True,,True,0,"[""A"",""B"",""C"",""D"",""E""]",,False,5,0,0,0,0,0,3.0,3.0,3.0,3.0,3.0
P018,group_02,group_02,P018__trial_05,5,5,EDR-1,EDR-1,EDR-1 - Enjoying Free Time,EDR-1,"You have some free time and no immediate responsibilities that require your attention. You are not feeling tired or worried, but you would like to enjoy your time rather than let it pass uneventfully. You decide to listen to music for entertainment, making your free time more enjoyable.",Enjoyment,pouring_room,group_02_song_b_pouring_room,Song B,Pouring Room,True,,True,,True,100,"[""A"",""B"",""C"",""D"",""E""]",,False,5,100,100,100,100,100,3.0,3.0,3.0,3.0,3.0
P018,group_02,group_02,P018__trial_06,6,6,EDR-1,EDR-1,EDR-1 - Enjoying Free Time,EDR-1,"You have some free time and no immediate responsibilities that require your attention. You are not feeling tired or worried, but you would like to enjoy your time rather than let it pass uneventfully. You decide to listen to music for entertainment, making your free time more enjoyable.",Enjoyment,in_the_meantime,group_02_song_a_in_the_meantime,Song A,In The Meantime,True,,True,,True,74,"[""B""]",B,True,1,73,74,47,61,60,2.0,1.0,5.0,3.0,4.0
P019,group_02,group_02,P019__trial_01,1,1,EDR-2,EDR-2,EDR-2 - Unwinding After a Demanding Period,EDR-2,"You have some time for yourself after a demanding period. Although a few everyday concerns are still on your mind, there is nothing that requires your attention right now. You would like to feel calmer and take your mind off these concerns for a while, so you decide to listen to music to help you unwind.",Relaxation-Distraction,in_the_meantime,group_02_song_a_in_the_meantime,Song A,In The Meantime,True,,True,,True,100,"[""D""]",D,True,1,0,80,21,100,61,5.0,2.0,4.0,1.0,3.0
P019,group_02,group_02,P019__trial_02,2,2,EDR-2,EDR-2,EDR-2 - Unwinding After a Demanding Period,EDR-2,"You have some time for yourself after a demanding period. Although a few everyday concerns are still on your mind, there is nothing that requires your attention right now. You would like to feel calmer and take your mind off these concerns for a while, so you decide to listen to music to help you unwind.",Relaxation-Distraction,pouring_room,group_02_song_b_pouring_room,Song B,Pouring Room,True,,True,,True,93,"[""A""]",A,True,1,93,13,65,86,80,1.0,5.0,4.0,2.0,3.0
P019,group_02,group_02,P019__trial_03,3,3,EDR-1,EDR-1,EDR-1 - Enjoying Free Time,EDR-1,"You have some free time and no immediate responsibilities that require your attention. You are not feeling tired or worried, but you would like to enjoy your time rather than let it pass uneventfully. You decide to listen to music for entertainment, making your free time more enjoyable.",Enjoyment,in_the_meantime,group_02_song_a_in_the_meantime,Song A,In The Meantime,True,,True,,True,91,"[""A""]",A,True,1,91,6,43,22,83,1.0,5.0,3.0,4.0,2.0
P019,group_02,group_02,P019__trial_04,4,4,EDR-1,EDR-1,EDR-1 - Enjoying Free Time,EDR-1,"You have some free time and no immediate responsibilities that require your attention. You are not feeling tired or worried, but you would like to enjoy your time rather than let it pass uneventfully. You decide to listen to music for entertainment, making your free time more enjoyable.",Enjoyment,pouring_room,group_02_song_b_pouring_room,Song B,Pouring Room,True,,True,,True,94,"[""B""]",B,True,1,30,94,80,86,38,5.0,1.0,3.0,2.0,4.0
P019,group_02,group_02,P019__trial_05,5,5,FM-1,FM-1,FM-1 - Maintaining Engagement During an Activity,FM-1,"You are engaged in an activity that requires sustained mental or physical effort. As you continue, it becomes more difficult to stay engaged. You want to maintain your focus and motivation so that you can continue making steady progress toward completing the activity. You decide to listen to music while carrying on with the activity.",Focus-Motivation,in_the_meantime,group_02_song_a_in_the_meantime,Song A,In The Meantime,True,,True,,True,100,"[""A""]",A,True,1,100,0,94,11,76,1.0,5.0,2.0,4.0,3.0
P019,group_02,group_02,P019__trial_06,6,6,FM-1,FM-1,FM-1 - Maintaining Engagement During an Activity,FM-1,"You are engaged in an activity that requires sustained mental or physical effort. As you continue, it becomes more difficult to stay engaged. You want to maintain your focus and motivation so that you can continue making steady progress toward completing the activity. You decide to listen to music while carrying on with the activity.",Focus-Motivation,pouring_room,group_02_song_b_pouring_room,Song B,Pouring Room,True,,True,,True,93,"[""E""]",E,True,1,11,77,50,26,93,5.0,2.0,3.0,4.0,1.0
P020,group_02,group_02,P020__trial_01,1,1,FM-1,FM-1,FM-1 - Maintaining Engagement During an Activity,FM-1,"You are engaged in an activity that requires sustained mental or physical effort. As you continue, it becomes more difficult to stay engaged. You want to maintain your focus and motivation so that you can continue making steady progress toward completing the activity. You decide to listen to music while carrying on with the activity.",Focus-Motivation,in_the_meantime,group_02_song_a_in_the_meantime,Song A,In The Meantime,True,,True,,True,96,"[""D""]",D,True,1,84,93,48,96,41,3.0,2.0,4.0,1.0,5.0
P020,group_02,group_02,P020__trial_02,2,2,FM-1,FM-1,FM-1 - Maintaining Engagement During an Activity,FM-1,"You are engaged in an activity that requires sustained mental or physical effort. As you continue, it becomes more difficult to stay engaged. You want to maintain your focus and motivation so that you can continue making steady progress toward completing the activity. You decide to listen to music while carrying on with the activity.",Focus-Motivation,pouring_room,group_02_song_b_pouring_room,Song B,Pouring Room,True,,True,,True,63,"[""A""]",A,True,1,63,53,44,40,29,1.0,2.0,3.0,4.0,5.0
P020,group_02,group_02,P020__trial_03,3,3,EDR-2,EDR-2,EDR-2 - Unwinding After a Demanding Period,EDR-2,"You have some time for yourself after a demanding period. Although a few everyday concerns are still on your mind, there is nothing that requires your attention right now. You would like to feel calmer and take your mind off these concerns for a while, so you decide to listen to music to help you unwind.",Relaxation-Distraction,in_the_meantime,group_02_song_a_in_the_meantime,Song A,In The Meantime,True,,True,,True,70,"[""C""]",C,True,1,29,49,70,36,32,5.0,2.0,1.0,3.0,4.0
P020,group_02,group_02,P020__trial_04,4,4,EDR-2,EDR-2,EDR-2 - Unwinding After a Demanding Period,EDR-2,"You have some time for yourself after a demanding period. Although a few everyday concerns are still on your mind, there is nothing that requires your attention right now. You would like to feel calmer and take your mind off these concerns for a while, so you decide to listen to music to help you unwind.",Relaxation-Distraction,pouring_room,group_02_song_b_pouring_room,Song B,Pouring Room,True,,True,,True,100,"[""D""]",D,True,1,91,93,95,100,80,4.0,3.0,2.0,1.0,5.0
P020,group_02,group_02,P020__trial_05,5,5,EDR-1,EDR-1,EDR-1 - Enjoying Free Time,EDR-1,"You have some free time and no immediate responsibilities that require your attention. You are not feeling tired or worried, but you would like to enjoy your time rather than let it pass uneventfully. You decide to listen to music for entertainment, making your free time more enjoyable.",Enjoyment,in_the_meantime,group_02_song_a_in_the_meantime,Song A,In The Meantime,True,,True,,True,94,"[""D""]",D,True,1,75,90,88,94,90,5.0,2.5,4.0,1.0,2.5
P020,group_02,group_02,P020__trial_06,6,6,EDR-1,EDR-1,EDR-1 - Enjoying Free Time,EDR-1,"You have some free time and no immediate responsibilities that require your attention. You are not feeling tired or worried, but you would like to enjoy your time rather than let it pass uneventfully. You decide to listen to music for entertainment, making your free time more enjoyable.",Enjoyment,pouring_room,group_02_song_b_pouring_room,Song B,Pouring Room,True,,True,,True,97,"[""A""]",A,True,1,97,84,78,69,88,1.0,3.0,4.0,5.0,2.0
P021,group_01,group_01,P021__trial_01,1,1,EDR-1,EDR-1,EDR-1 - Enjoying Free Time,EDR-1,"You have some free time and no immediate responsibilities that require your attention. You are not feeling tired or worried, but you would like to enjoy your time rather than let it pass uneventfully. You decide to listen to music for entertainment, making your free time more enjoyable.",Enjoyment,lead_me,group_01_song_a_lead_me,Song A,Lead Me,True,,True,,True,48,"[""C""]",C,True,1,44,45,48,45,46,5.0,3.5,1.0,3.5,2.0
P021,group_01,group_01,P021__trial_02,2,2,EDR-1,EDR-1,EDR-1 - Enjoying Free Time,EDR-1,"You have some free time and no immediate responsibilities that require your attention. You are not feeling tired or worried, but you would like to enjoy your time rather than let it pass uneventfully. You decide to listen to music for entertainment, making your free time more enjoyable.",Enjoyment,id_like_to_know,group_01_song_b_id_like_to_know,Song B,I'd Like To Know,True,,True,,True,57,"[""C""]",C,True,1,44,46,57,55,51,5.0,4.0,1.0,2.0,3.0
P021,group_01,group_01,P021__trial_03,3,3,FM-1,FM-1,FM-1 - Maintaining Engagement During an Activity,FM-1,"You are engaged in an activity that requires sustained mental or physical effort. As you continue, it becomes more difficult to stay engaged. You want to maintain your focus and motivation so that you can continue making steady progress toward completing the activity. You decide to listen to music while carrying on with the activity.",Focus-Motivation,id_like_to_know,group_01_song_b_id_like_to_know,Song B,I'd Like To Know,True,,True,,True,55,"[""C"",""E""]",,False,2,46,53,55,51,55,5.0,3.0,1.5,4.0,1.5
P021,group_01,group_01,P021__trial_04,4,4,FM-1,FM-1,FM-1 - Maintaining Engagement During an Activity,FM-1,"You are engaged in an activity that requires sustained mental or physical effort. As you continue, it becomes more difficult to stay engaged. You want to maintain your focus and motivation so that you can continue making steady progress toward completing the activity. You decide to listen to music while carrying on with the activity.",Focus-Motivation,lead_me,group_01_song_a_lead_me,Song A,Lead Me,True,,True,,True,50,"[""A""]",A,True,1,50,49,47,47,49,1.0,2.5,4.5,4.5,2.5
P021,group_01,group_01,P021__trial_05,5,5,EDR-2,EDR-2,EDR-2 - Unwinding After a Demanding Period,EDR-2,"You have some time for yourself after a demanding period. Although a few everyday concerns are still on your mind, there is nothing that requires your attention right now. You would like to feel calmer and take your mind off these concerns for a while, so you decide to listen to music to help you unwind.",Relaxation-Distraction,lead_me,group_01_song_a_lead_me,Song A,Lead Me,True,,True,,True,47,"[""A"",""B"",""E""]",,False,3,47,47,46,45,47,2.0,2.0,4.0,5.0,2.0
P021,group_01,group_01,P021__trial_06,6,6,EDR-2,EDR-2,EDR-2 - Unwinding After a Demanding Period,EDR-2,"You have some time for yourself after a demanding period. Although a few everyday concerns are still on your mind, there is nothing that requires your attention right now. You would like to feel calmer and take your mind off these concerns for a while, so you decide to listen to music to help you unwind.",Relaxation-Distraction,id_like_to_know,group_01_song_b_id_like_to_know,Song B,I'd Like To Know,True,,True,,True,51,"[""B"",""C""]",,False,2,50,51,51,48,50,3.5,1.5,1.5,5.0,3.5
P022,group_01,group_01,P022__trial_01,1,1,EDR-2,EDR-2,EDR-2 - Unwinding After a Demanding Period,EDR-2,"You have some time for yourself after a demanding period. Although a few everyday concerns are still on your mind, there is nothing that requires your attention right now. You would like to feel calmer and take your mind off these concerns for a while, so you decide to listen to music to help you unwind.",Relaxation-Distraction,id_like_to_know,group_01_song_b_id_like_to_know,Song B,I'd Like To Know,True,,True,,True,100,"[""E""]",E,True,1,26,73,40,0,100,4.0,2.0,3.0,5.0,1.0
P022,group_01,group_01,P022__trial_02,2,2,EDR-2,EDR-2,EDR-2 - Unwinding After a Demanding Period,EDR-2,"You have some time for yourself after a demanding period. Although a few everyday concerns are still on your mind, there is nothing that requires your attention right now. You would like to feel calmer and take your mind off these concerns for a while, so you decide to listen to music to help you unwind.",Relaxation-Distraction,lead_me,group_01_song_a_lead_me,Song A,Lead Me,True,,True,,True,100,"[""C""]",C,True,1,75,26,100,0,87,3.0,4.0,1.0,5.0,2.0
P022,group_01,group_01,P022__trial_03,3,3,FM-1,FM-1,FM-1 - Maintaining Engagement During an Activity,FM-1,"You are engaged in an activity that requires sustained mental or physical effort. As you continue, it becomes more difficult to stay engaged. You want to maintain your focus and motivation so that you can continue making steady progress toward completing the activity. You decide to listen to music while carrying on with the activity.",Focus-Motivation,lead_me,group_01_song_a_lead_me,Song A,Lead Me,True,,True,,True,100,"[""B""]",B,True,1,31,100,13,0,22,2.0,1.0,4.0,5.0,3.0
P022,group_01,group_01,P022__trial_04,4,4,FM-1,FM-1,FM-1 - Maintaining Engagement During an Activity,FM-1,"You are engaged in an activity that requires sustained mental or physical effort. As you continue, it becomes more difficult to stay engaged. You want to maintain your focus and motivation so that you can continue making steady progress toward completing the activity. You decide to listen to music while carrying on with the activity.",Focus-Motivation,id_like_to_know,group_01_song_b_id_like_to_know,Song B,I'd Like To Know,True,,True,,True,99,"[""D""]",D,True,1,47,55,66,99,75,5.0,4.0,3.0,1.0,2.0
P022,group_01,group_01,P022__trial_05,5,5,EDR-1,EDR-1,EDR-1 - Enjoying Free Time,EDR-1,"You have some free time and no immediate responsibilities that require your attention. You are not feeling tired or worried, but you would like to enjoy your time rather than let it pass uneventfully. You decide to listen to music for entertainment, making your free time more enjoyable.",Enjoyment,lead_me,group_01_song_a_lead_me,Song A,Lead Me,True,,True,,True,93,"[""B""]",B,True,1,15,93,39,27,58,5.0,1.0,3.0,4.0,2.0
P022,group_01,group_01,P022__trial_06,6,6,EDR-1,EDR-1,EDR-1 - Enjoying Free Time,EDR-1,"You have some free time and no immediate responsibilities that require your attention. You are not feeling tired or worried, but you would like to enjoy your time rather than let it pass uneventfully. You decide to listen to music for entertainment, making your free time more enjoyable.",Enjoyment,id_like_to_know,group_01_song_b_id_like_to_know,Song B,I'd Like To Know,True,,True,,True,93,"[""B""]",B,True,1,38,93,28,80,50,4.0,1.0,5.0,2.0,3.0
P023,group_02,group_02,P023__trial_01,1,1,FM-1,FM-1,FM-1 - Maintaining Engagement During an Activity,FM-1,"You are engaged in an activity that requires sustained mental or physical effort. As you continue, it becomes more difficult to stay engaged. You want to maintain your focus and motivation so that you can continue making steady progress toward completing the activity. You decide to listen to music while carrying on with the activity.",Focus-Motivation,pouring_room,group_02_song_b_pouring_room,Song B,Pouring Room,True,,True,,True,100,"[""C""]",C,True,1,39,83,100,13,74,4.0,2.0,1.0,5.0,3.0
P023,group_02,group_02,P023__trial_02,2,2,FM-1,FM-1,FM-1 - Maintaining Engagement During an Activity,FM-1,"You are engaged in an activity that requires sustained mental or physical effort. As you continue, it becomes more difficult to stay engaged. You want to maintain your focus and motivation so that you can continue making steady progress toward completing the activity. You decide to listen to music while carrying on with the activity.",Focus-Motivation,in_the_meantime,group_02_song_a_in_the_meantime,Song A,In The Meantime,True,,True,,True,95,"[""D""]",D,True,1,7,17,75,95,25,5.0,4.0,2.0,1.0,3.0
P023,group_02,group_02,P023__trial_03,3,3,EDR-1,EDR-1,EDR-1 - Enjoying Free Time,EDR-1,"You have some free time and no immediate responsibilities that require your attention. You are not feeling tired or worried, but you would like to enjoy your time rather than let it pass uneventfully. You decide to listen to music for entertainment, making your free time more enjoyable.",Enjoyment,in_the_meantime,group_02_song_a_in_the_meantime,Song A,In The Meantime,True,,True,,True,87,"[""A""]",A,True,1,87,79,5,17,61,1.0,2.0,5.0,4.0,3.0
P023,group_02,group_02,P023__trial_04,4,4,EDR-1,EDR-1,EDR-1 - Enjoying Free Time,EDR-1,"You have some free time and no immediate responsibilities that require your attention. You are not feeling tired or worried, but you would like to enjoy your time rather than let it pass uneventfully. You decide to listen to music for entertainment, making your free time more enjoyable.",Enjoyment,pouring_room,group_02_song_b_pouring_room,Song B,Pouring Room,True,,True,,True,100,"[""C""]",C,True,1,75,91,100,25,12,3.0,2.0,1.0,4.0,5.0
P023,group_02,group_02,P023__trial_05,5,5,EDR-2,EDR-2,EDR-2 - Unwinding After a Demanding Period,EDR-2,"You have some time for yourself after a demanding period. Although a few everyday concerns are still on your mind, there is nothing that requires your attention right now. You would like to feel calmer and take your mind off these concerns for a while, so you decide to listen to music to help you unwind.",Relaxation-Distraction,pouring_room,group_02_song_b_pouring_room,Song B,Pouring Room,True,,True,,True,96,"[""D""]",D,True,1,27,77,89,96,19,4.0,3.0,2.0,1.0,5.0
P023,group_02,group_02,P023__trial_06,6,6,EDR-2,EDR-2,EDR-2 - Unwinding After a Demanding Period,EDR-2,"You have some time for yourself after a demanding period. Although a few everyday concerns are still on your mind, there is nothing that requires your attention right now. You would like to feel calmer and take your mind off these concerns for a while, so you decide to listen to music to help you unwind.",Relaxation-Distraction,in_the_meantime,group_02_song_a_in_the_meantime,Song A,In The Meantime,True,,True,,True,94,"[""A""]",A,True,1,94,10,80,33,22,1.0,5.0,2.0,3.0,4.0
P024,group_01,group_01,P024__trial_01,1,1,FM-1,FM-1,FM-1 - Maintaining Engagement During an Activity,FM-1,"You are engaged in an activity that requires sustained mental or physical effort. As you continue, it becomes more difficult to stay engaged. You want to maintain your focus and motivation so that you can continue making steady progress toward completing the activity. You decide to listen to music while carrying on with the activity.",Focus-Motivation,id_like_to_know,group_01_song_b_id_like_to_know,Song B,I'd Like To Know,True,,True,,True,86,"[""E""]",E,True,1,30,77,43,15,86,4.0,2.0,3.0,5.0,1.0
P024,group_01,group_01,P024__trial_02,2,2,FM-1,FM-1,FM-1 - Maintaining Engagement During an Activity,FM-1,"You are engaged in an activity that requires sustained mental or physical effort. As you continue, it becomes more difficult to stay engaged. You want to maintain your focus and motivation so that you can continue making steady progress toward completing the activity. You decide to listen to music while carrying on with the activity.",Focus-Motivation,lead_me,group_01_song_a_lead_me,Song A,Lead Me,True,,True,,True,94,"[""C""]",C,True,1,8,3,94,75,50,4.0,5.0,1.0,2.0,3.0
P024,group_01,group_01,P024__trial_03,3,3,EDR-1,EDR-1,EDR-1 - Enjoying Free Time,EDR-1,"You have some free time and no immediate responsibilities that require your attention. You are not feeling tired or worried, but you would like to enjoy your time rather than let it pass uneventfully. You decide to listen to music for entertainment, making your free time more enjoyable.",Enjoyment,id_like_to_know,group_01_song_b_id_like_to_know,Song B,I'd Like To Know,True,,True,,True,94,"[""A""]",A,True,1,94,60,6,78,13,1.0,3.0,5.0,2.0,4.0
P024,group_01,group_01,P024__trial_04,4,4,EDR-1,EDR-1,EDR-1 - Enjoying Free Time,EDR-1,"You have some free time and no immediate responsibilities that require your attention. You are not feeling tired or worried, but you would like to enjoy your time rather than let it pass uneventfully. You decide to listen to music for entertainment, making your free time more enjoyable.",Enjoyment,lead_me,group_01_song_a_lead_me,Song A,Lead Me,True,,True,,True,92,"[""A""]",A,True,1,92,7,72,0,35,1.0,4.0,2.0,5.0,3.0
P024,group_01,group_01,P024__trial_05,5,5,EDR-2,EDR-2,EDR-2 - Unwinding After a Demanding Period,EDR-2,"You have some time for yourself after a demanding period. Although a few everyday concerns are still on your mind, there is nothing that requires your attention right now. You would like to feel calmer and take your mind off these concerns for a while, so you decide to listen to music to help you unwind.",Relaxation-Distraction,id_like_to_know,group_01_song_b_id_like_to_know,Song B,I'd Like To Know,True,,True,,True,100,"[""A""]",A,True,1,100,87,0,63,15,1.0,2.0,5.0,3.0,4.0
P024,group_01,group_01,P024__trial_06,6,6,EDR-2,EDR-2,EDR-2 - Unwinding After a Demanding Period,EDR-2,"You have some time for yourself after a demanding period. Although a few everyday concerns are still on your mind, there is nothing that requires your attention right now. You would like to feel calmer and take your mind off these concerns for a while, so you decide to listen to music to help you unwind.",Relaxation-Distraction,lead_me,group_01_song_a_lead_me,Song A,Lead Me,True,,True,,True,100,"[""A""]",A,True,1,100,66,0,86,75,1.0,4.0,5.0,2.0,3.0
P025,group_01,group_01,P025__trial_01,1,1,EDR-1,EDR-1,EDR-1 - Enjoying Free Time,EDR-1,"You have some free time and no immediate responsibilities that require your attention. You are not feeling tired or worried, but you would like to enjoy your time rather than let it pass uneventfully. You decide to listen to music for entertainment, making your free time more enjoyable.",Enjoyment,id_like_to_know,group_01_song_b_id_like_to_know,Song B,I'd Like To Know,True,,True,,True,96,"[""E""]",E,True,1,27,73,86,13,96,4.0,3.0,2.0,5.0,1.0
P025,group_01,group_01,P025__trial_02,2,2,EDR-1,EDR-1,EDR-1 - Enjoying Free Time,EDR-1,"You have some free time and no immediate responsibilities that require your attention. You are not feeling tired or worried, but you would like to enjoy your time rather than let it pass uneventfully. You decide to listen to music for entertainment, making your free time more enjoyable.",Enjoyment,lead_me,group_01_song_a_lead_me,Song A,Lead Me,True,,True,,True,89,"[""B""]",B,True,1,6,89,0,30,21,4.0,1.0,5.0,2.0,3.0
P025,group_01,group_01,P025__trial_03,3,3,FM-1,FM-1,FM-1 - Maintaining Engagement During an Activity,FM-1,"You are engaged in an activity that requires sustained mental or physical effort. As you continue, it becomes more difficult to stay engaged. You want to maintain your focus and motivation so that you can continue making steady progress toward completing the activity. You decide to listen to music while carrying on with the activity.",Focus-Motivation,id_like_to_know,group_01_song_b_id_like_to_know,Song B,I'd Like To Know,True,,True,,True,94,"[""A""]",A,True,1,94,7,19,76,64,1.0,5.0,4.0,2.0,3.0
P025,group_01,group_01,P025__trial_04,4,4,FM-1,FM-1,FM-1 - Maintaining Engagement During an Activity,FM-1,"You are engaged in an activity that requires sustained mental or physical effort. As you continue, it becomes more difficult to stay engaged. You want to maintain your focus and motivation so that you can continue making steady progress toward completing the activity. You decide to listen to music while carrying on with the activity.",Focus-Motivation,lead_me,group_01_song_a_lead_me,Song A,Lead Me,True,,True,,True,85,"[""C""]",C,True,1,13,29,85,55,46,5.0,4.0,1.0,2.0,3.0
P025,group_01,group_01,P025__trial_05,5,5,EDR-2,EDR-2,EDR-2 - Unwinding After a Demanding Period,EDR-2,"You have some time for yourself after a demanding period. Although a few everyday concerns are still on your mind, there is nothing that requires your attention right now. You would like to feel calmer and take your mind off these concerns for a while, so you decide to listen to music to help you unwind.",Relaxation-Distraction,lead_me,group_01_song_a_lead_me,Song A,Lead Me,True,,True,,True,98,"[""C""]",C,True,1,16,75,98,88,49,5.0,3.0,1.0,2.0,4.0
P025,group_01,group_01,P025__trial_06,6,6,EDR-2,EDR-2,EDR-2 - Unwinding After a Demanding Period,EDR-2,"You have some time for yourself after a demanding period. Although a few everyday concerns are still on your mind, there is nothing that requires your attention right now. You would like to feel calmer and take your mind off these concerns for a while, so you decide to listen to music to help you unwind.",Relaxation-Distraction,id_like_to_know,group_01_song_b_id_like_to_know,Song B,I'd Like To Know,True,,True,,True,100,"[""B""]",B,True,1,90,100,10,24,37,2.0,1.0,5.0,4.0,3.0
P026,group_02,group_02,P026__trial_01,1,1,EDR-2,EDR-2,EDR-2 - Unwinding After a Demanding Period,EDR-2,"You have some time for yourself after a demanding period. Although a few everyday concerns are still on your mind, there is nothing that requires your attention right now. You would like to feel calmer and take your mind off these concerns for a while, so you decide to listen to music to help you unwind.",Relaxation-Distraction,in_the_meantime,group_02_song_a_in_the_meantime,Song A,In The Meantime,True,,True,,True,85,"[""C""]",C,True,1,20,35,85,28,74,5.0,3.0,1.0,4.0,2.0
P026,group_02,group_02,P026__trial_02,2,2,EDR-2,EDR-2,EDR-2 - Unwinding After a Demanding Period,EDR-2,"You have some time for yourself after a demanding period. Although a few everyday concerns are still on your mind, there is nothing that requires your attention right now. You would like to feel calmer and take your mind off these concerns for a while, so you decide to listen to music to help you unwind.",Relaxation-Distraction,pouring_room,group_02_song_b_pouring_room,Song B,Pouring Room,True,,True,,True,91,"[""B""]",B,True,1,84,91,67,10,58,2.0,1.0,3.0,5.0,4.0
P026,group_02,group_02,P026__trial_03,3,3,EDR-1,EDR-1,EDR-1 - Enjoying Free Time,EDR-1,"You have some free time and no immediate responsibilities that require your attention. You are not feeling tired or worried, but you would like to enjoy your time rather than let it pass uneventfully. You decide to listen to music for entertainment, making your free time more enjoyable.",Enjoyment,pouring_room,group_02_song_b_pouring_room,Song B,Pouring Room,True,,True,,True,88,"[""D""]",D,True,1,11,21,68,88,77,5.0,4.0,3.0,1.0,2.0
P026,group_02,group_02,P026__trial_04,4,4,EDR-1,EDR-1,EDR-1 - Enjoying Free Time,EDR-1,"You have some free time and no immediate responsibilities that require your attention. You are not feeling tired or worried, but you would like to enjoy your time rather than let it pass uneventfully. You decide to listen to music for entertainment, making your free time more enjoyable.",Enjoyment,in_the_meantime,group_02_song_a_in_the_meantime,Song A,In The Meantime,True,,True,,True,99,"[""B""]",B,True,1,14,99,67,89,78,5.0,1.0,4.0,2.0,3.0
P026,group_02,group_02,P026__trial_05,5,5,FM-1,FM-1,FM-1 - Maintaining Engagement During an Activity,FM-1,"You are engaged in an activity that requires sustained mental or physical effort. As you continue, it becomes more difficult to stay engaged. You want to maintain your focus and motivation so that you can continue making steady progress toward completing the activity. You decide to listen to music while carrying on with the activity.",Focus-Motivation,pouring_room,group_02_song_b_pouring_room,Song B,Pouring Room,True,,True,,True,92,"[""D""]",D,True,1,32,71,57,92,83,5.0,3.0,4.0,1.0,2.0
P026,group_02,group_02,P026__trial_06,6,6,FM-1,FM-1,FM-1 - Maintaining Engagement During an Activity,FM-1,"You are engaged in an activity that requires sustained mental or physical effort. As you continue, it becomes more difficult to stay engaged. You want to maintain your focus and motivation so that you can continue making steady progress toward completing the activity. You decide to listen to music while carrying on with the activity.",Focus-Motivation,in_the_meantime,group_02_song_a_in_the_meantime,Song A,In The Meantime,True,,True,,True,95,"[""B""]",B,True,1,34,95,60,24,76,4.0,1.0,3.0,5.0,2.0
P027,group_02,group_02,P027__trial_01,1,1,FM-1,FM-1,FM-1 - Maintaining Engagement During an Activity,FM-1,"You are engaged in an activity that requires sustained mental or physical effort. As you continue, it becomes more difficult to stay engaged. You want to maintain your focus and motivation so that you can continue making steady progress toward completing the activity. You decide to listen to music while carrying on with the activity.",Focus-Motivation,pouring_room,group_02_song_b_pouring_room,Song B,Pouring Room,True,,True,,True,85,"[""A""]",A,True,1,85,20,10,0,35,1.0,3.0,4.0,5.0,2.0
P027,group_02,group_02,P027__trial_02,2,2,FM-1,FM-1,FM-1 - Maintaining Engagement During an Activity,FM-1,"You are engaged in an activity that requires sustained mental or physical effort. As you continue, it becomes more difficult to stay engaged. You want to maintain your focus and motivation so that you can continue making steady progress toward completing the activity. You decide to listen to music while carrying on with the activity.",Focus-Motivation,in_the_meantime,group_02_song_a_in_the_meantime,Song A,In The Meantime,True,,True,,True,86,"[""C""]",C,True,1,0,42,86,17,76,5.0,3.0,1.0,4.0,2.0
P027,group_02,group_02,P027__trial_03,3,3,EDR-1,EDR-1,EDR-1 - Enjoying Free Time,EDR-1,"You have some free time and no immediate responsibilities that require your attention. You are not feeling tired or worried, but you would like to enjoy your time rather than let it pass uneventfully. You decide to listen to music for entertainment, making your free time more enjoyable.",Enjoyment,pouring_room,group_02_song_b_pouring_room,Song B,Pouring Room,True,,True,,True,92,"[""A""]",A,True,1,92,51,40,78,23,1.0,3.0,4.0,2.0,5.0
P027,group_02,group_02,P027__trial_04,4,4,EDR-1,EDR-1,EDR-1 - Enjoying Free Time,EDR-1,"You have some free time and no immediate responsibilities that require your attention. You are not feeling tired or worried, but you would like to enjoy your time rather than let it pass uneventfully. You decide to listen to music for entertainment, making your free time more enjoyable.",Enjoyment,in_the_meantime,group_02_song_a_in_the_meantime,Song A,In The Meantime,True,,True,,True,100,"[""B""]",B,True,1,88,100,51,0,13,2.0,1.0,3.0,5.0,4.0
P027,group_02,group_02,P027__trial_05,5,5,EDR-2,EDR-2,EDR-2 - Unwinding After a Demanding Period,EDR-2,"You have some time for yourself after a demanding period. Although a few everyday concerns are still on your mind, there is nothing that requires your attention right now. You would like to feel calmer and take your mind off these concerns for a while, so you decide to listen to music to help you unwind.",Relaxation-Distraction,in_the_meantime,group_02_song_a_in_the_meantime,Song A,In The Meantime,True,,True,,True,94,"[""D""]",D,True,1,8,23,86,94,0,4.0,3.0,2.0,1.0,5.0
P027,group_02,group_02,P027__trial_06,6,6,EDR-2,EDR-2,EDR-2 - Unwinding After a Demanding Period,EDR-2,"You have some time for yourself after a demanding period. Although a few everyday concerns are still on your mind, there is nothing that requires your attention right now. You would like to feel calmer and take your mind off these concerns for a while, so you decide to listen to music to help you unwind.",Relaxation-Distraction,pouring_room,group_02_song_b_pouring_room,Song B,Pouring Room,True,,True,,True,91,"[""B""]",B,True,1,24,91,74,36,82,5.0,1.0,3.0,4.0,2.0
P028,group_01,group_01,P028__trial_01,1,1,EDR-2,EDR-2,EDR-2 - Unwinding After a Demanding Period,EDR-2,"You have some time for yourself after a demanding period. Although a few everyday concerns are still on your mind, there is nothing that requires your attention right now. You would like to feel calmer and take your mind off these concerns for a while, so you decide to listen to music to help you unwind.",Relaxation-Distraction,id_like_to_know,group_01_song_b_id_like_to_know,Song B,I'd Like To Know,True,,True,,True,91,"[""D""]",D,True,1,75,19,9,91,0,2.0,3.0,4.0,1.0,5.0
P028,group_01,group_01,P028__trial_02,2,2,EDR-2,EDR-2,EDR-2 - Unwinding After a Demanding Period,EDR-2,"You have some time for yourself after a demanding period. Although a few everyday concerns are still on your mind, there is nothing that requires your attention right now. You would like to feel calmer and take your mind off these concerns for a while, so you decide to listen to music to help you unwind.",Relaxation-Distraction,lead_me,group_01_song_a_lead_me,Song A,Lead Me,True,,True,,True,94,"[""A""]",A,True,1,94,8,20,69,81,1.0,5.0,4.0,3.0,2.0
P028,group_01,group_01,P028__trial_03,3,3,FM-1,FM-1,FM-1 - Maintaining Engagement During an Activity,FM-1,"You are engaged in an activity that requires sustained mental or physical effort. As you continue, it becomes more difficult to stay engaged. You want to maintain your focus and motivation so that you can continue making steady progress toward completing the activity. You decide to listen to music while carrying on with the activity.",Focus-Motivation,lead_me,group_01_song_a_lead_me,Song A,Lead Me,True,,True,,True,20,"[""D""]",D,True,1,10,0,5,20,15,3.0,5.0,4.0,1.0,2.0
P028,group_01,group_01,P028__trial_04,4,4,FM-1,FM-1,FM-1 - Maintaining Engagement During an Activity,FM-1,"You are engaged in an activity that requires sustained mental or physical effort. As you continue, it becomes more difficult to stay engaged. You want to maintain your focus and motivation so that you can continue making steady progress toward completing the activity. You decide to listen to music while carrying on with the activity.",Focus-Motivation,id_like_to_know,group_01_song_b_id_like_to_know,Song B,I'd Like To Know,True,,True,,True,96,"[""D""]",D,True,1,23,87,75,96,10,4.0,2.0,3.0,1.0,5.0
P028,group_01,group_01,P028__trial_05,5,5,EDR-1,EDR-1,EDR-1 - Enjoying Free Time,EDR-1,"You have some free time and no immediate responsibilities that require your attention. You are not feeling tired or worried, but you would like to enjoy your time rather than let it pass uneventfully. You decide to listen to music for entertainment, making your free time more enjoyable.",Enjoyment,id_like_to_know,group_01_song_b_id_like_to_know,Song B,I'd Like To Know,True,,True,,True,92,"[""A""]",A,True,1,92,11,76,83,21,1.0,5.0,3.0,2.0,4.0
P028,group_01,group_01,P028__trial_06,6,6,EDR-1,EDR-1,EDR-1 - Enjoying Free Time,EDR-1,"You have some free time and no immediate responsibilities that require your attention. You are not feeling tired or worried, but you would like to enjoy your time rather than let it pass uneventfully. You decide to listen to music for entertainment, making your free time more enjoyable.",Enjoyment,lead_me,group_01_song_a_lead_me,Song A,Lead Me,True,,True,,True,91,"[""A""]",A,True,1,91,80,0,50,14,1.0,2.0,5.0,3.0,4.0
P029,group_02,group_02,P029__trial_01,1,1,EDR-1,EDR-1,EDR-1 - Enjoying Free Time,EDR-1,"You have some free time and no immediate responsibilities that require your attention. You are not feeling tired or worried, but you would like to enjoy your time rather than let it pass uneventfully. You decide to listen to music for entertainment, making your free time more enjoyable.",Enjoyment,pouring_room,group_02_song_b_pouring_room,Song B,Pouring Room,True,,True,,True,89,"[""C""]",C,True,1,15,7,89,73,50,4.0,5.0,1.0,2.0,3.0
P029,group_02,group_02,P029__trial_02,2,2,EDR-1,EDR-1,EDR-1 - Enjoying Free Time,EDR-1,"You have some free time and no immediate responsibilities that require your attention. You are not feeling tired or worried, but you would like to enjoy your time rather than let it pass uneventfully. You decide to listen to music for entertainment, making your free time more enjoyable.",Enjoyment,in_the_meantime,group_02_song_a_in_the_meantime,Song A,In The Meantime,True,,True,,True,93,"[""A""]",A,True,1,93,75,11,0,28,1.0,2.0,4.0,5.0,3.0
P029,group_02,group_02,P029__trial_03,3,3,EDR-2,EDR-2,EDR-2 - Unwinding After a Demanding Period,EDR-2,"You have some time for yourself after a demanding period. Although a few everyday concerns are still on your mind, there is nothing that requires your attention right now. You would like to feel calmer and take your mind off these concerns for a while, so you decide to listen to music to help you unwind.",Relaxation-Distraction,pouring_room,group_02_song_b_pouring_room,Song B,Pouring Room,True,,True,,True,100,"[""B""]",B,True,1,13,100,56,22,85,5.0,1.0,3.0,4.0,2.0
P029,group_02,group_02,P029__trial_04,4,4,EDR-2,EDR-2,EDR-2 - Unwinding After a Demanding Period,EDR-2,"You have some time for yourself after a demanding period. Although a few everyday concerns are still on your mind, there is nothing that requires your attention right now. You would like to feel calmer and take your mind off these concerns for a while, so you decide to listen to music to help you unwind.",Relaxation-Distraction,in_the_meantime,group_02_song_a_in_the_meantime,Song A,In The Meantime,True,,True,,True,100,"[""C""]",C,True,1,32,0,100,93,7,3.0,5.0,1.0,2.0,4.0
P029,group_02,group_02,P029__trial_05,5,5,FM-1,FM-1,FM-1 - Maintaining Engagement During an Activity,FM-1,"You are engaged in an activity that requires sustained mental or physical effort. As you continue, it becomes more difficult to stay engaged. You want to maintain your focus and motivation so that you can continue making steady progress toward completing the activity. You decide to listen to music while carrying on with the activity.",Focus-Motivation,pouring_room,group_02_song_b_pouring_room,Song B,Pouring Room,True,,True,,True,99,"[""B""]",B,True,1,17,99,72,28,0,4.0,1.0,2.0,3.0,5.0
P029,group_02,group_02,P029__trial_06,6,6,FM-1,FM-1,FM-1 - Maintaining Engagement During an Activity,FM-1,"You are engaged in an activity that requires sustained mental or physical effort. As you continue, it becomes more difficult to stay engaged. You want to maintain your focus and motivation so that you can continue making steady progress toward completing the activity. You decide to listen to music while carrying on with the activity.",Focus-Motivation,in_the_meantime,group_02_song_a_in_the_meantime,Song A,In The Meantime,True,,True,,True,92,"[""E""]",E,True,1,25,47,0,66,92,4.0,3.0,5.0,2.0,1.0
P030,group_02,group_02,P030__trial_01,1,1,FM-1,FM-1,FM-1 - Maintaining Engagement During an Activity,FM-1,"You are engaged in an activity that requires sustained mental or physical effort. As you continue, it becomes more difficult to stay engaged. You want to maintain your focus and motivation so that you can continue making steady progress toward completing the activity. You decide to listen to music while carrying on with the activity.",Focus-Motivation,in_the_meantime,group_02_song_a_in_the_meantime,Song A,In The Meantime,True,,True,,True,92,"[""C""]",C,True,1,71,24,92,47,6,2.0,4.0,1.0,3.0,5.0
P030,group_02,group_02,P030__trial_02,2,2,FM-1,FM-1,FM-1 - Maintaining Engagement During an Activity,FM-1,"You are engaged in an activity that requires sustained mental or physical effort. As you continue, it becomes more difficult to stay engaged. You want to maintain your focus and motivation so that you can continue making steady progress toward completing the activity. You decide to listen to music while carrying on with the activity.",Focus-Motivation,pouring_room,group_02_song_b_pouring_room,Song B,Pouring Room,True,,True,,True,100,"[""C""]",C,True,1,69,9,100,93,0,3.0,4.0,1.0,2.0,5.0
P030,group_02,group_02,P030__trial_03,3,3,EDR-2,EDR-2,EDR-2 - Unwinding After a Demanding Period,EDR-2,"You have some time for yourself after a demanding period. Although a few everyday concerns are still on your mind, there is nothing that requires your attention right now. You would like to feel calmer and take your mind off these concerns for a while, so you decide to listen to music to help you unwind.",Relaxation-Distraction,in_the_meantime,group_02_song_a_in_the_meantime,Song A,In The Meantime,True,,True,,True,86,"[""A""]",A,True,1,86,3,67,18,35,1.0,5.0,2.0,4.0,3.0
P030,group_02,group_02,P030__trial_04,4,4,EDR-2,EDR-2,EDR-2 - Unwinding After a Demanding Period,EDR-2,"You have some time for yourself after a demanding period. Although a few everyday concerns are still on your mind, there is nothing that requires your attention right now. You would like to feel calmer and take your mind off these concerns for a while, so you decide to listen to music to help you unwind.",Relaxation-Distraction,pouring_room,group_02_song_b_pouring_room,Song B,Pouring Room,True,,True,,True,100,"[""E""]",E,True,1,63,93,48,76,100,4.0,2.0,5.0,3.0,1.0
P030,group_02,group_02,P030__trial_05,5,5,EDR-1,EDR-1,EDR-1 - Enjoying Free Time,EDR-1,"You have some free time and no immediate responsibilities that require your attention. You are not feeling tired or worried, but you would like to enjoy your time rather than let it pass uneventfully. You decide to listen to music for entertainment, making your free time more enjoyable.",Enjoyment,pouring_room,group_02_song_b_pouring_room,Song B,Pouring Room,True,,True,,True,100,"[""C""]",C,True,1,22,76,100,55,8,4.0,2.0,1.0,3.0,5.0
P030,group_02,group_02,P030__trial_06,6,6,EDR-1,EDR-1,EDR-1 - Enjoying Free Time,EDR-1,"You have some free time and no immediate responsibilities that require your attention. You are not feeling tired or worried, but you would like to enjoy your time rather than let it pass uneventfully. You decide to listen to music for entertainment, making your free time more enjoyable.",Enjoyment,in_the_meantime,group_02_song_a_in_the_meantime,Song A,In The Meantime,True,,True,,True,98,"[""C""]",C,True,1,0,38,98,81,59,5.0,4.0,1.0,2.0,3.0
P031,group_01,group_01,P031__trial_01,1,1,FM-1,FM-1,FM-1 - Maintaining Engagement During an Activity,FM-1,"You are engaged in an activity that requires sustained mental or physical effort. As you continue, it becomes more difficult to stay engaged. You want to maintain your focus and motivation so that you can continue making steady progress toward completing the activity. You decide to listen to music while carrying on with the activity.",Focus-Motivation,id_like_to_know,group_01_song_b_id_like_to_know,Song B,I'd Like To Know,True,,True,,True,86,"[""E""]",E,True,1,8,16,3,42,86,4.0,3.0,5.0,2.0,1.0
P031,group_01,group_01,P031__trial_02,2,2,FM-1,FM-1,FM-1 - Maintaining Engagement During an Activity,FM-1,"You are engaged in an activity that requires sustained mental or physical effort. As you continue, it becomes more difficult to stay engaged. You want to maintain your focus and motivation so that you can continue making steady progress toward completing the activity. You decide to listen to music while carrying on with the activity.",Focus-Motivation,lead_me,group_01_song_a_lead_me,Song A,Lead Me,True,,True,,True,15,"[""E""]",E,True,1,10,0,7,1,15,2.0,5.0,3.0,4.0,1.0
P031,group_01,group_01,P031__trial_03,3,3,EDR-2,EDR-2,EDR-2 - Unwinding After a Demanding Period,EDR-2,"You have some time for yourself after a demanding period. Although a few everyday concerns are still on your mind, there is nothing that requires your attention right now. You would like to feel calmer and take your mind off these concerns for a while, so you decide to listen to music to help you unwind.",Relaxation-Distraction,id_like_to_know,group_01_song_b_id_like_to_know,Song B,I'd Like To Know,True,,True,,True,76,"[""A""]",A,True,1,76,25,12,50,41,1.0,4.0,5.0,2.0,3.0
P031,group_01,group_01,P031__trial_04,4,4,EDR-2,EDR-2,EDR-2 - Unwinding After a Demanding Period,EDR-2,"You have some time for yourself after a demanding period. Although a few everyday concerns are still on your mind, there is nothing that requires your attention right now. You would like to feel calmer and take your mind off these concerns for a while, so you decide to listen to music to help you unwind.",Relaxation-Distraction,lead_me,group_01_song_a_lead_me,Song A,Lead Me,True,,True,,True,89,"[""A""]",A,True,1,89,13,24,35,6,1.0,4.0,3.0,2.0,5.0
P031,group_01,group_01,P031__trial_05,5,5,EDR-1,EDR-1,EDR-1 - Enjoying Free Time,EDR-1,"You have some free time and no immediate responsibilities that require your attention. You are not feeling tired or worried, but you would like to enjoy your time rather than let it pass uneventfully. You decide to listen to music for entertainment, making your free time more enjoyable.",Enjoyment,id_like_to_know,group_01_song_b_id_like_to_know,Song B,I'd Like To Know,True,,True,,True,50,"[""A""]",A,True,1,50,24,20,17,38,1.0,3.0,4.0,5.0,2.0
P031,group_01,group_01,P031__trial_06,6,6,EDR-1,EDR-1,EDR-1 - Enjoying Free Time,EDR-1,"You have some free time and no immediate responsibilities that require your attention. You are not feeling tired or worried, but you would like to enjoy your time rather than let it pass uneventfully. You decide to listen to music for entertainment, making your free time more enjoyable.",Enjoyment,lead_me,group_01_song_a_lead_me,Song A,Lead Me,True,,True,,True,37,"[""C""]",C,True,1,25,4,37,14,31,3.0,5.0,1.0,4.0,2.0
P032,group_02,group_02,P032__trial_01,1,1,EDR-2,EDR-2,EDR-2 - Unwinding After a Demanding Period,EDR-2,"You have some time for yourself after a demanding period. Although a few everyday concerns are still on your mind, there is nothing that requires your attention right now. You would like to feel calmer and take your mind off these concerns for a while, so you decide to listen to music to help you unwind.",Relaxation-Distraction,pouring_room,group_02_song_b_pouring_room,Song B,Pouring Room,True,,True,,True,79,"[""D""]",D,True,1,55,31,43,79,17,2.0,4.0,3.0,1.0,5.0
P032,group_02,group_02,P032__trial_02,2,2,EDR-2,EDR-2,EDR-2 - Unwinding After a Demanding Period,EDR-2,"You have some time for yourself after a demanding period. Although a few everyday concerns are still on your mind, there is nothing that requires your attention right now. You would like to feel calmer and take your mind off these concerns for a while, so you decide to listen to music to help you unwind.",Relaxation-Distraction,in_the_meantime,group_02_song_a_in_the_meantime,Song A,In The Meantime,True,,True,,True,79,"[""A""]",A,True,1,79,15,58,43,26,1.0,5.0,2.0,3.0,4.0
P032,group_02,group_02,P032__trial_03,3,3,EDR-1,EDR-1,EDR-1 - Enjoying Free Time,EDR-1,"You have some free time and no immediate responsibilities that require your attention. You are not feeling tired or worried, but you would like to enjoy your time rather than let it pass uneventfully. You decide to listen to music for entertainment, making your free time more enjoyable.",Enjoyment,pouring_room,group_02_song_b_pouring_room,Song B,Pouring Room,True,,True,,True,76,"[""C""]",C,True,1,14,41,76,26,59,5.0,3.0,1.0,4.0,2.0
P032,group_02,group_02,P032__trial_04,4,4,EDR-1,EDR-1,EDR-1 - Enjoying Free Time,EDR-1,"You have some free time and no immediate responsibilities that require your attention. You are not feeling tired or worried, but you would like to enjoy your time rather than let it pass uneventfully. You decide to listen to music for entertainment, making your free time more enjoyable.",Enjoyment,in_the_meantime,group_02_song_a_in_the_meantime,Song A,In The Meantime,True,,True,,True,78,"[""C""]",C,True,1,26,46,78,10,68,4.0,3.0,1.0,5.0,2.0
P032,group_02,group_02,P032__trial_05,5,5,FM-1,FM-1,FM-1 - Maintaining Engagement During an Activity,FM-1,"You are engaged in an activity that requires sustained mental or physical effort. As you continue, it becomes more difficult to stay engaged. You want to maintain your focus and motivation so that you can continue making steady progress toward completing the activity. You decide to listen to music while carrying on with the activity.",Focus-Motivation,in_the_meantime,group_02_song_a_in_the_meantime,Song A,In The Meantime,True,,True,,True,83,"[""A""]",A,True,1,83,72,11,46,30,1.0,2.0,5.0,3.0,4.0
P032,group_02,group_02,P032__trial_06,6,6,FM-1,FM-1,FM-1 - Maintaining Engagement During an Activity,FM-1,"You are engaged in an activity that requires sustained mental or physical effort. As you continue, it becomes more difficult to stay engaged. You want to maintain your focus and motivation so that you can continue making steady progress toward completing the activity. You decide to listen to music while carrying on with the activity.",Focus-Motivation,pouring_room,group_02_song_b_pouring_room,Song B,Pouring Room,True,,True,,True,64,"[""D""]",D,True,1,25,41,14,64,53,4.0,3.0,5.0,1.0,2.0
P033,group_02,group_02,P033__trial_01,1,1,FM-1,FM-1,FM-1 - Maintaining Engagement During an Activity,FM-1,"You are engaged in an activity that requires sustained mental or physical effort. As you continue, it becomes more difficult to stay engaged. You want to maintain your focus and motivation so that you can continue making steady progress toward completing the activity. You decide to listen to music while carrying on with the activity.",Focus-Motivation,pouring_room,group_02_song_b_pouring_room,Song B,Pouring Room,True,,True,,True,40,"[""E""]",E,True,1,17,31,1,2,40,3.0,2.0,5.0,4.0,1.0
P033,group_02,group_02,P033__trial_02,2,2,FM-1,FM-1,FM-1 - Maintaining Engagement During an Activity,FM-1,"You are engaged in an activity that requires sustained mental or physical effort. As you continue, it becomes more difficult to stay engaged. You want to maintain your focus and motivation so that you can continue making steady progress toward completing the activity. You decide to listen to music while carrying on with the activity.",Focus-Motivation,in_the_meantime,group_02_song_a_in_the_meantime,Song A,In The Meantime,True,,True,,True,39,"[""D""]",D,True,1,22,32,16,39,5,3.0,2.0,4.0,1.0,5.0
P033,group_02,group_02,P033__trial_03,3,3,EDR-2,EDR-2,EDR-2 - Unwinding After a Demanding Period,EDR-2,"You have some time for yourself after a demanding period. Although a few everyday concerns are still on your mind, there is nothing that requires your attention right now. You would like to feel calmer and take your mind off these concerns for a while, so you decide to listen to music to help you unwind.",Relaxation-Distraction,pouring_room,group_02_song_b_pouring_room,Song B,Pouring Room,True,,True,,True,83,"[""B""]",B,True,1,29,83,55,47,22,4.0,1.0,2.0,3.0,5.0
P033,group_02,group_02,P033__trial_04,4,4,EDR-2,EDR-2,EDR-2 - Unwinding After a Demanding Period,EDR-2,"You have some time for yourself after a demanding period. Although a few everyday concerns are still on your mind, there is nothing that requires your attention right now. You would like to feel calmer and take your mind off these concerns for a while, so you decide to listen to music to help you unwind.",Relaxation-Distraction,in_the_meantime,group_02_song_a_in_the_meantime,Song A,In The Meantime,True,,True,,True,74,"[""C""]",C,True,1,36,64,74,3,11,3.0,2.0,1.0,5.0,4.0
P033,group_02,group_02,P033__trial_05,5,5,EDR-1,EDR-1,EDR-1 - Enjoying Free Time,EDR-1,"You have some free time and no immediate responsibilities that require your attention. You are not feeling tired or worried, but you would like to enjoy your time rather than let it pass uneventfully. You decide to listen to music for entertainment, making your free time more enjoyable.",Enjoyment,in_the_meantime,group_02_song_a_in_the_meantime,Song A,In The Meantime,True,,True,,True,78,"[""B""]",B,True,1,13,78,39,0,55,4.0,1.0,3.0,5.0,2.0
P033,group_02,group_02,P033__trial_06,6,6,EDR-1,EDR-1,EDR-1 - Enjoying Free Time,EDR-1,"You have some free time and no immediate responsibilities that require your attention. You are not feeling tired or worried, but you would like to enjoy your time rather than let it pass uneventfully. You decide to listen to music for entertainment, making your free time more enjoyable.",Enjoyment,pouring_room,group_02_song_b_pouring_room,Song B,Pouring Room,True,,True,,True,88,"[""E""]",E,True,1,78,50,36,24,88,2.0,3.0,4.0,5.0,1.0
