source_row,participant_id,source_study_id,study_version,schema_version,stimulus_configuration_version,submission_status,group,study_group,started_at,completed_at,created_at,duration_seconds,trial_count_raw,version_count_raw,rating_count_raw,comment_count_raw,consent_confirmed,response_index,trial_id,trial_index,episode,scenario_id,episode_position,song_id,excerpt_id,song_position,participant_song_label,presentation_label,presentation_order,mix_id,stimulus_id,expected_mix_id_from_trial_order,expected_stimulus_id_from_trial_order,mapping_reconstructed,rating,rating_set,audio_played,first_play_timestamp,comment,comment_trimmed,response_time_ms,audio_path,rms_mean,crest_factor_mean,stereo_width,stereo_imbalance,z_RMS,z_CF,z_SW,z_SI
1,P033,77845318-46d4-47c6-8e4b-0bc5b4bb5d14,five_mix_frontend_v1_2026-08-06,five_mix_netlify_forms_v1,five_mix_frontend_v1_2026-08-06,completed,group_02,group_02,2026-08-17 07:51:47.973,2026-08-17 08:16:26.806,2026-08-17 08:16:19.698,1479.0,6,5,30,6,True,1,P033__trial_01,1,FM-1,FM-1,1,pouring_room,group_02_song_b_pouring_room,1,Song B,A,1,mix_be2ccd4c43ff,pouring_room_mcg_t,mix_be2ccd4c43ff,pouring_room_mcg_t,True,17,True,True,2026-08-17T07:01:09.382Z,"While it was difficult to rate my preferences relative to the five stimuli while visualizing the scenario described, C and D had visuals that were too prominent and disrupted my concentration; A had the guitar standing out too much, which was jarring; and B and E didn’t feel particularly distracting.","While it was difficult to rate my preferences relative to the five stimuli while visualizing the scenario described, C and D had visuals that were too prominent and disrupted my concentration; A had the guitar standing out too much, which was jarring; and B and E didn’t feel particularly distracting.",199951,assets/audio/study-stimuli/main-study/group_02/song_b_pouring_room/mcg_t.wav,0.0587656274438,20.841550827,0.217380493879,-0.0455747283995,-0.0814371595061495,1.1238301932737935,1.926895983278192,-0.8792578396079359
1,P033,77845318-46d4-47c6-8e4b-0bc5b4bb5d14,five_mix_frontend_v1_2026-08-06,five_mix_netlify_forms_v1,five_mix_frontend_v1_2026-08-06,completed,group_02,group_02,2026-08-17 07:51:47.973,2026-08-17 08:16:26.806,2026-08-17 08:16:19.698,1479.0,6,5,30,6,True,2,P033__trial_01,1,FM-1,FM-1,1,pouring_room,group_02_song_b_pouring_room,1,Song B,B,2,mix_132e75f34470,pouring_room_mcg_pro1,mix_132e75f34470,pouring_room_mcg_pro1,True,31,True,True,2026-08-17T07:01:46.126Z,"While it was difficult to rate my preferences relative to the five stimuli while visualizing the scenario described, C and D had visuals that were too prominent and disrupted my concentration; A had the guitar standing out too much, which was jarring; and B and E didn’t feel particularly distracting.","While it was difficult to rate my preferences relative to the five stimuli while visualizing the scenario described, C and D had visuals that were too prominent and disrupted my concentration; A had the guitar standing out too much, which was jarring; and B and E didn’t feel particularly distracting.",199951,assets/audio/study-stimuli/main-study/group_02/song_b_pouring_room/mcg_pro1.wav,0.0646217316389,18.2459716797,0.0750391855836,-0.0488145165145,1.177821012274786,0.1366958746221527,-0.3534041622732912,-0.9473754159948484
1,P033,77845318-46d4-47c6-8e4b-0bc5b4bb5d14,five_mix_frontend_v1_2026-08-06,five_mix_netlify_forms_v1,five_mix_frontend_v1_2026-08-06,completed,group_02,group_02,2026-08-17 07:51:47.973,2026-08-17 08:16:26.806,2026-08-17 08:16:19.698,1479.0,6,5,30,6,True,3,P033__trial_01,1,FM-1,FM-1,1,pouring_room,group_02_song_b_pouring_room,1,Song B,C,3,mix_0ba76f420c1d,pouring_room_mcg_r,mix_0ba76f420c1d,pouring_room_mcg_r,True,1,True,True,2026-08-17T07:01:31.480Z,"While it was difficult to rate my preferences relative to the five stimuli while visualizing the scenario described, C and D had visuals that were too prominent and disrupted my concentration; A had the guitar standing out too much, which was jarring; and B and E didn’t feel particularly distracting.","While it was difficult to rate my preferences relative to the five stimuli while visualizing the scenario described, C and D had visuals that were too prominent and disrupted my concentration; A had the guitar standing out too much, which was jarring; and B and E didn’t feel particularly distracting.",199951,assets/audio/study-stimuli/main-study/group_02/song_b_pouring_room/mcg_r.wav,0.060190629214,16.5152053833,0.14739459753,-0.0638295859098,0.2249858589620197,-0.521538265731174,0.8057256670690561,-1.2630720295337683
1,P033,77845318-46d4-47c6-8e4b-0bc5b4bb5d14,five_mix_frontend_v1_2026-08-06,five_mix_netlify_forms_v1,five_mix_frontend_v1_2026-08-06,completed,group_02,group_02,2026-08-17 07:51:47.973,2026-08-17 08:16:26.806,2026-08-17 08:16:19.698,1479.0,6,5,30,6,True,4,P033__trial_01,1,FM-1,FM-1,1,pouring_room,group_02_song_b_pouring_room,1,Song B,D,4,mix_e08faaf8bbb3,pouring_room_mcg_v,mix_e08faaf8bbb3,pouring_room_mcg_v,True,2,True,True,2026-08-17T07:01:20.647Z,"While it was difficult to rate my preferences relative to the five stimuli while visualizing the scenario described, C and D had visuals that were too prominent and disrupted my concentration; A had the guitar standing out too much, which was jarring; and B and E didn’t feel particularly distracting.","While it was difficult to rate my preferences relative to the five stimuli while visualizing the scenario described, C and D had visuals that were too prominent and disrupted my concentration; A had the guitar standing out too much, which was jarring; and B and E didn’t feel particularly distracting.",199951,assets/audio/study-stimuli/main-study/group_02/song_b_pouring_room/mcg_v.wav,0.0600788630545,20.8109931946,0.0795278027654,-0.0483895651996,0.2009523983216312,1.112208706920678,-0.2814967551013548,-0.938440679331238
1,P033,77845318-46d4-47c6-8e4b-0bc5b4bb5d14,five_mix_frontend_v1_2026-08-06,five_mix_netlify_forms_v1,five_mix_frontend_v1_2026-08-06,completed,group_02,group_02,2026-08-17 07:51:47.973,2026-08-17 08:16:26.806,2026-08-17 08:16:19.698,1479.0,6,5,30,6,True,5,P033__trial_01,1,FM-1,FM-1,1,pouring_room,group_02_song_b_pouring_room,1,Song B,E,5,mix_cbf8555ee2b2,pouring_room_mcg_x,mix_cbf8555ee2b2,pouring_room_mcg_x,True,40,True,True,2026-08-17T07:01:16.512Z,"While it was difficult to rate my preferences relative to the five stimuli while visualizing the scenario described, C and D had visuals that were too prominent and disrupted my concentration; A had the guitar standing out too much, which was jarring; and B and E didn’t feel particularly distracting.","While it was difficult to rate my preferences relative to the five stimuli while visualizing the scenario described, C and D had visuals that were too prominent and disrupted my concentration; A had the guitar standing out too much, which was jarring; and B and E didn’t feel particularly distracting.",199951,assets/audio/study-stimuli/main-study/group_02/song_b_pouring_room/mcg_x.wav,0.0612343810499,19.9389343262,0.147577553988,-0.0265915170312,0.4494273963527286,0.780552768870155,0.8086566197405122,-0.4801297779726206
1,P033,77845318-46d4-47c6-8e4b-0bc5b4bb5d14,five_mix_frontend_v1_2026-08-06,five_mix_netlify_forms_v1,five_mix_frontend_v1_2026-08-06,completed,group_02,group_02,2026-08-17 07:51:47.973,2026-08-17 08:16:26.806,2026-08-17 08:16:19.698,1479.0,6,5,30,6,True,6,P033__trial_02,2,FM-1,FM-1,1,in_the_meantime,group_02_song_a_in_the_meantime,2,Song A,A,1,mix_9baa86357fd4,in_the_meantime_du_i,mix_9baa86357fd4,in_the_meantime_du_i,True,22,True,True,2026-08-17T07:04:30.566Z,"It was difficult to evaluate my preferences through relative comparisons of the five stimuli while visualizing the scenario described in the instructions. E sounded abnormal; C was good in that the percussion was subdued, but the lyrics were too clear and disrupted my concentration. D felt relatively less distracting.","It was difficult to evaluate my preferences through relative comparisons of the five stimuli while visualizing the scenario described in the instructions. E sounded abnormal; C was good in that the percussion was subdued, but the lyrics were too clear and disrupted my concentration. D felt relatively less distracting.",190498,assets/audio/study-stimuli/main-study/group_02/song_a_in_the_meantime/du_i.wav,0.0503131300211,22.9316368103,0.130904406309,-0.0380811542273,-1.8990066727669184,1.9187185345499165,0.5415536857115313,-0.721703057329889
1,P033,77845318-46d4-47c6-8e4b-0bc5b4bb5d14,five_mix_frontend_v1_2026-08-06,five_mix_netlify_forms_v1,five_mix_frontend_v1_2026-08-06,completed,group_02,group_02,2026-08-17 07:51:47.973,2026-08-17 08:16:26.806,2026-08-17 08:16:19.698,1479.0,6,5,30,6,True,7,P033__trial_02,2,FM-1,FM-1,1,in_the_meantime,group_02_song_a_in_the_meantime,2,Song A,B,2,mix_302f0efe8a80,in_the_meantime_du_h,mix_302f0efe8a80,in_the_meantime_du_h,True,32,True,True,2026-08-17T07:04:37.579Z,"It was difficult to evaluate my preferences through relative comparisons of the five stimuli while visualizing the scenario described in the instructions. E sounded abnormal; C was good in that the percussion was subdued, but the lyrics were too clear and disrupted my concentration. D felt relatively less distracting.","It was difficult to evaluate my preferences through relative comparisons of the five stimuli while visualizing the scenario described in the instructions. E sounded abnormal; C was good in that the percussion was subdued, but the lyrics were too clear and disrupted my concentration. D felt relatively less distracting.",190498,assets/audio/study-stimuli/main-study/group_02/song_a_in_the_meantime/du_h.wav,0.0623472034931,18.601518631,0.0428314469755,0.0354086197913,0.6887214233465396,0.2719152524959843,-0.8693704120952901,0.8234428342152216
1,P033,77845318-46d4-47c6-8e4b-0bc5b4bb5d14,five_mix_frontend_v1_2026-08-06,five_mix_netlify_forms_v1,five_mix_frontend_v1_2026-08-06,completed,group_02,group_02,2026-08-17 07:51:47.973,2026-08-17 08:16:26.806,2026-08-17 08:16:19.698,1479.0,6,5,30,6,True,8,P033__trial_02,2,FM-1,FM-1,1,in_the_meantime,group_02_song_a_in_the_meantime,2,Song A,C,3,mix_c7bdcba64775,in_the_meantime_qut_b,mix_c7bdcba64775,in_the_meantime_qut_b,True,16,True,True,2026-08-17T07:04:43.119Z,"It was difficult to evaluate my preferences through relative comparisons of the five stimuli while visualizing the scenario described in the instructions. E sounded abnormal; C was good in that the percussion was subdued, but the lyrics were too clear and disrupted my concentration. D felt relatively less distracting.","It was difficult to evaluate my preferences through relative comparisons of the five stimuli while visualizing the scenario described in the instructions. E sounded abnormal; C was good in that the percussion was subdued, but the lyrics were too clear and disrupted my concentration. D felt relatively less distracting.",190498,assets/audio/study-stimuli/main-study/group_02/song_a_in_the_meantime/qut_b.wav,0.0560294315219,17.366355896,0.000543582602404,0.000562923552934,-0.6698107538710293,-0.1978340618743536,-1.5468197375217057,0.0908009789400507
1,P033,77845318-46d4-47c6-8e4b-0bc5b4bb5d14,five_mix_frontend_v1_2026-08-06,five_mix_netlify_forms_v1,five_mix_frontend_v1_2026-08-06,completed,group_02,group_02,2026-08-17 07:51:47.973,2026-08-17 08:16:26.806,2026-08-17 08:16:19.698,1479.0,6,5,30,6,True,9,P033__trial_02,2,FM-1,FM-1,1,in_the_meantime,group_02_song_a_in_the_meantime,2,Song A,D,4,mix_cdaef40f2b94,in_the_meantime_qut_pro,mix_cdaef40f2b94,in_the_meantime_qut_pro,True,39,True,True,2026-08-17T07:04:50.210Z,"It was difficult to evaluate my preferences through relative comparisons of the five stimuli while visualizing the scenario described in the instructions. E sounded abnormal; C was good in that the percussion was subdued, but the lyrics were too clear and disrupted my concentration. D felt relatively less distracting.","It was difficult to evaluate my preferences through relative comparisons of the five stimuli while visualizing the scenario described in the instructions. E sounded abnormal; C was good in that the percussion was subdued, but the lyrics were too clear and disrupted my concentration. D felt relatively less distracting.",190498,assets/audio/study-stimuli/main-study/group_02/song_a_in_the_meantime/qut_pro.wav,0.0560023784637,14.1143035889,0.212649226189,-0.0385963246226,-0.6756280657690176,-1.4346341192827423,1.8511013279434223,-0.7325346788768815
1,P033,77845318-46d4-47c6-8e4b-0bc5b4bb5d14,five_mix_frontend_v1_2026-08-06,five_mix_netlify_forms_v1,five_mix_frontend_v1_2026-08-06,completed,group_02,group_02,2026-08-17 07:51:47.973,2026-08-17 08:16:26.806,2026-08-17 08:16:19.698,1479.0,6,5,30,6,True,10,P033__trial_02,2,FM-1,FM-1,1,in_the_meantime,group_02_song_a_in_the_meantime,2,Song A,E,5,mix_56e65a3ce054,in_the_meantime_du_k,mix_56e65a3ce054,in_the_meantime_du_k,True,5,True,True,2026-08-17T07:05:01.049Z,"It was difficult to evaluate my preferences through relative comparisons of the five stimuli while visualizing the scenario described in the instructions. E sounded abnormal; C was good in that the percussion was subdued, but the lyrics were too clear and disrupted my concentration. D felt relatively less distracting.","It was difficult to evaluate my preferences through relative comparisons of the five stimuli while visualizing the scenario described in the instructions. E sounded abnormal; C was good in that the percussion was subdued, but the lyrics were too clear and disrupted my concentration. D felt relatively less distracting.",190498,assets/audio/study-stimuli/main-study/group_02/song_a_in_the_meantime/du_k.wav,0.0539390221238,22.5979270935,0.15773075819,0.0170408543199,-1.1193186569455127,1.7918041562064675,0.9713104079970216,0.4372547184671072
1,P033,77845318-46d4-47c6-8e4b-0bc5b4bb5d14,five_mix_frontend_v1_2026-08-06,five_mix_netlify_forms_v1,five_mix_frontend_v1_2026-08-06,completed,group_02,group_02,2026-08-17 07:51:47.973,2026-08-17 08:16:26.806,2026-08-17 08:16:19.698,1479.0,6,5,30,6,True,11,P033__trial_03,3,EDR-2,EDR-2,2,pouring_room,group_02_song_b_pouring_room,1,Song B,A,1,mix_cbf8555ee2b2,pouring_room_mcg_x,mix_cbf8555ee2b2,pouring_room_mcg_x,True,29,True,True,2026-08-17T07:07:35.283Z,"It was difficult to evaluate my preferences through relative comparisons of the five stimuli while imagining the scenario I was instructed to follow, but as expected, a biased mix makes it hard to relax. Track B has soft, subdued percussion and is orthodox and soothing.","It was difficult to evaluate my preferences through relative comparisons of the five stimuli while imagining the scenario I was instructed to follow, but as expected, a biased mix makes it hard to relax. Track B has soft, subdued percussion and is orthodox and soothing.",177206,assets/audio/study-stimuli/main-study/group_02/song_b_pouring_room/mcg_x.wav,0.0612343810499,19.9389343262,0.147577553988,-0.0265915170312,0.4494273963527286,0.780552768870155,0.8086566197405122,-0.4801297779726206
1,P033,77845318-46d4-47c6-8e4b-0bc5b4bb5d14,five_mix_frontend_v1_2026-08-06,five_mix_netlify_forms_v1,five_mix_frontend_v1_2026-08-06,completed,group_02,group_02,2026-08-17 07:51:47.973,2026-08-17 08:16:26.806,2026-08-17 08:16:19.698,1479.0,6,5,30,6,True,12,P033__trial_03,3,EDR-2,EDR-2,2,pouring_room,group_02_song_b_pouring_room,1,Song B,B,2,mix_132e75f34470,pouring_room_mcg_pro1,mix_132e75f34470,pouring_room_mcg_pro1,True,83,True,True,2026-08-17T07:07:39.450Z,"It was difficult to evaluate my preferences through relative comparisons of the five stimuli while imagining the scenario I was instructed to follow, but as expected, a biased mix makes it hard to relax. Track B has soft, subdued percussion and is orthodox and soothing.","It was difficult to evaluate my preferences through relative comparisons of the five stimuli while imagining the scenario I was instructed to follow, but as expected, a biased mix makes it hard to relax. Track B has soft, subdued percussion and is orthodox and soothing.",177206,assets/audio/study-stimuli/main-study/group_02/song_b_pouring_room/mcg_pro1.wav,0.0646217316389,18.2459716797,0.0750391855836,-0.0488145165145,1.177821012274786,0.1366958746221527,-0.3534041622732912,-0.9473754159948484
1,P033,77845318-46d4-47c6-8e4b-0bc5b4bb5d14,five_mix_frontend_v1_2026-08-06,five_mix_netlify_forms_v1,five_mix_frontend_v1_2026-08-06,completed,group_02,group_02,2026-08-17 07:51:47.973,2026-08-17 08:16:26.806,2026-08-17 08:16:19.698,1479.0,6,5,30,6,True,13,P033__trial_03,3,EDR-2,EDR-2,2,pouring_room,group_02_song_b_pouring_room,1,Song B,C,3,mix_0ba76f420c1d,pouring_room_mcg_r,mix_0ba76f420c1d,pouring_room_mcg_r,True,55,True,True,2026-08-17T07:07:57.717Z,"It was difficult to evaluate my preferences through relative comparisons of the five stimuli while imagining the scenario I was instructed to follow, but as expected, a biased mix makes it hard to relax. Track B has soft, subdued percussion and is orthodox and soothing.","It was difficult to evaluate my preferences through relative comparisons of the five stimuli while imagining the scenario I was instructed to follow, but as expected, a biased mix makes it hard to relax. Track B has soft, subdued percussion and is orthodox and soothing.",177206,assets/audio/study-stimuli/main-study/group_02/song_b_pouring_room/mcg_r.wav,0.060190629214,16.5152053833,0.14739459753,-0.0638295859098,0.2249858589620197,-0.521538265731174,0.8057256670690561,-1.2630720295337683
1,P033,77845318-46d4-47c6-8e4b-0bc5b4bb5d14,five_mix_frontend_v1_2026-08-06,five_mix_netlify_forms_v1,five_mix_frontend_v1_2026-08-06,completed,group_02,group_02,2026-08-17 07:51:47.973,2026-08-17 08:16:26.806,2026-08-17 08:16:19.698,1479.0,6,5,30,6,True,14,P033__trial_03,3,EDR-2,EDR-2,2,pouring_room,group_02_song_b_pouring_room,1,Song B,D,4,mix_e08faaf8bbb3,pouring_room_mcg_v,mix_e08faaf8bbb3,pouring_room_mcg_v,True,47,True,True,2026-08-17T07:07:49.599Z,"It was difficult to evaluate my preferences through relative comparisons of the five stimuli while imagining the scenario I was instructed to follow, but as expected, a biased mix makes it hard to relax. Track B has soft, subdued percussion and is orthodox and soothing.","It was difficult to evaluate my preferences through relative comparisons of the five stimuli while imagining the scenario I was instructed to follow, but as expected, a biased mix makes it hard to relax. Track B has soft, subdued percussion and is orthodox and soothing.",177206,assets/audio/study-stimuli/main-study/group_02/song_b_pouring_room/mcg_v.wav,0.0600788630545,20.8109931946,0.0795278027654,-0.0483895651996,0.2009523983216312,1.112208706920678,-0.2814967551013548,-0.938440679331238
1,P033,77845318-46d4-47c6-8e4b-0bc5b4bb5d14,five_mix_frontend_v1_2026-08-06,five_mix_netlify_forms_v1,five_mix_frontend_v1_2026-08-06,completed,group_02,group_02,2026-08-17 07:51:47.973,2026-08-17 08:16:26.806,2026-08-17 08:16:19.698,1479.0,6,5,30,6,True,15,P033__trial_03,3,EDR-2,EDR-2,2,pouring_room,group_02_song_b_pouring_room,1,Song B,E,5,mix_be2ccd4c43ff,pouring_room_mcg_t,mix_be2ccd4c43ff,pouring_room_mcg_t,True,22,True,True,2026-08-17T07:07:45.678Z,"It was difficult to evaluate my preferences through relative comparisons of the five stimuli while imagining the scenario I was instructed to follow, but as expected, a biased mix makes it hard to relax. Track B has soft, subdued percussion and is orthodox and soothing.","It was difficult to evaluate my preferences through relative comparisons of the five stimuli while imagining the scenario I was instructed to follow, but as expected, a biased mix makes it hard to relax. Track B has soft, subdued percussion and is orthodox and soothing.",177206,assets/audio/study-stimuli/main-study/group_02/song_b_pouring_room/mcg_t.wav,0.0587656274438,20.841550827,0.217380493879,-0.0455747283995,-0.0814371595061495,1.1238301932737935,1.926895983278192,-0.8792578396079359
1,P033,77845318-46d4-47c6-8e4b-0bc5b4bb5d14,five_mix_frontend_v1_2026-08-06,five_mix_netlify_forms_v1,five_mix_frontend_v1_2026-08-06,completed,group_02,group_02,2026-08-17 07:51:47.973,2026-08-17 08:16:26.806,2026-08-17 08:16:19.698,1479.0,6,5,30,6,True,16,P033__trial_04,4,EDR-2,EDR-2,2,in_the_meantime,group_02_song_a_in_the_meantime,2,Song A,A,1,mix_302f0efe8a80,in_the_meantime_du_h,mix_302f0efe8a80,in_the_meantime_du_h,True,36,True,True,2026-08-17T07:10:31.591Z,"While it was difficult to rate my preferences using relative evaluations across the five stimuli while imagining the scenario I was instructed to follow, I still found it hard to relax with a biased mix.","While it was difficult to rate my preferences using relative evaluations across the five stimuli while imagining the scenario I was instructed to follow, I still found it hard to relax with a biased mix.",80463,assets/audio/study-stimuli/main-study/group_02/song_a_in_the_meantime/du_h.wav,0.0623472034931,18.601518631,0.0428314469755,0.0354086197913,0.6887214233465396,0.2719152524959843,-0.8693704120952901,0.8234428342152216
1,P033,77845318-46d4-47c6-8e4b-0bc5b4bb5d14,five_mix_frontend_v1_2026-08-06,five_mix_netlify_forms_v1,five_mix_frontend_v1_2026-08-06,completed,group_02,group_02,2026-08-17 07:51:47.973,2026-08-17 08:16:26.806,2026-08-17 08:16:19.698,1479.0,6,5,30,6,True,17,P033__trial_04,4,EDR-2,EDR-2,2,in_the_meantime,group_02_song_a_in_the_meantime,2,Song A,B,2,mix_cdaef40f2b94,in_the_meantime_qut_pro,mix_cdaef40f2b94,in_the_meantime_qut_pro,True,64,True,True,2026-08-17T07:10:37.082Z,"While it was difficult to rate my preferences using relative evaluations across the five stimuli while imagining the scenario I was instructed to follow, I still found it hard to relax with a biased mix.","While it was difficult to rate my preferences using relative evaluations across the five stimuli while imagining the scenario I was instructed to follow, I still found it hard to relax with a biased mix.",80463,assets/audio/study-stimuli/main-study/group_02/song_a_in_the_meantime/qut_pro.wav,0.0560023784637,14.1143035889,0.212649226189,-0.0385963246226,-0.6756280657690176,-1.4346341192827423,1.8511013279434223,-0.7325346788768815
1,P033,77845318-46d4-47c6-8e4b-0bc5b4bb5d14,five_mix_frontend_v1_2026-08-06,five_mix_netlify_forms_v1,five_mix_frontend_v1_2026-08-06,completed,group_02,group_02,2026-08-17 07:51:47.973,2026-08-17 08:16:26.806,2026-08-17 08:16:19.698,1479.0,6,5,30,6,True,18,P033__trial_04,4,EDR-2,EDR-2,2,in_the_meantime,group_02_song_a_in_the_meantime,2,Song A,C,3,mix_9baa86357fd4,in_the_meantime_du_i,mix_9baa86357fd4,in_the_meantime_du_i,True,74,True,True,2026-08-17T07:10:39.440Z,"While it was difficult to rate my preferences using relative evaluations across the five stimuli while imagining the scenario I was instructed to follow, I still found it hard to relax with a biased mix.","While it was difficult to rate my preferences using relative evaluations across the five stimuli while imagining the scenario I was instructed to follow, I still found it hard to relax with a biased mix.",80463,assets/audio/study-stimuli/main-study/group_02/song_a_in_the_meantime/du_i.wav,0.0503131300211,22.9316368103,0.130904406309,-0.0380811542273,-1.8990066727669184,1.9187185345499165,0.5415536857115313,-0.721703057329889
1,P033,77845318-46d4-47c6-8e4b-0bc5b4bb5d14,five_mix_frontend_v1_2026-08-06,five_mix_netlify_forms_v1,five_mix_frontend_v1_2026-08-06,completed,group_02,group_02,2026-08-17 07:51:47.973,2026-08-17 08:16:26.806,2026-08-17 08:16:19.698,1479.0,6,5,30,6,True,19,P033__trial_04,4,EDR-2,EDR-2,2,in_the_meantime,group_02_song_a_in_the_meantime,2,Song A,D,4,mix_56e65a3ce054,in_the_meantime_du_k,mix_56e65a3ce054,in_the_meantime_du_k,True,3,True,True,2026-08-17T07:10:41.321Z,"While it was difficult to rate my preferences using relative evaluations across the five stimuli while imagining the scenario I was instructed to follow, I still found it hard to relax with a biased mix.","While it was difficult to rate my preferences using relative evaluations across the five stimuli while imagining the scenario I was instructed to follow, I still found it hard to relax with a biased mix.",80463,assets/audio/study-stimuli/main-study/group_02/song_a_in_the_meantime/du_k.wav,0.0539390221238,22.5979270935,0.15773075819,0.0170408543199,-1.1193186569455127,1.7918041562064675,0.9713104079970216,0.4372547184671072
1,P033,77845318-46d4-47c6-8e4b-0bc5b4bb5d14,five_mix_frontend_v1_2026-08-06,five_mix_netlify_forms_v1,five_mix_frontend_v1_2026-08-06,completed,group_02,group_02,2026-08-17 07:51:47.973,2026-08-17 08:16:26.806,2026-08-17 08:16:19.698,1479.0,6,5,30,6,True,20,P033__trial_04,4,EDR-2,EDR-2,2,in_the_meantime,group_02_song_a_in_the_meantime,2,Song A,E,5,mix_c7bdcba64775,in_the_meantime_qut_b,mix_c7bdcba64775,in_the_meantime_qut_b,True,11,True,True,2026-08-17T07:10:45.112Z,"While it was difficult to rate my preferences using relative evaluations across the five stimuli while imagining the scenario I was instructed to follow, I still found it hard to relax with a biased mix.","While it was difficult to rate my preferences using relative evaluations across the five stimuli while imagining the scenario I was instructed to follow, I still found it hard to relax with a biased mix.",80463,assets/audio/study-stimuli/main-study/group_02/song_a_in_the_meantime/qut_b.wav,0.0560294315219,17.366355896,0.000543582602404,0.000562923552934,-0.6698107538710293,-0.1978340618743536,-1.5468197375217057,0.0908009789400507
1,P033,77845318-46d4-47c6-8e4b-0bc5b4bb5d14,five_mix_frontend_v1_2026-08-06,five_mix_netlify_forms_v1,five_mix_frontend_v1_2026-08-06,completed,group_02,group_02,2026-08-17 07:51:47.973,2026-08-17 08:16:26.806,2026-08-17 08:16:19.698,1479.0,6,5,30,6,True,21,P033__trial_05,5,EDR-1,EDR-1,3,in_the_meantime,group_02_song_a_in_the_meantime,1,Song A,A,1,mix_c7bdcba64775,in_the_meantime_qut_b,mix_c7bdcba64775,in_the_meantime_qut_b,True,13,True,True,2026-08-17T07:11:52.993Z,"It was difficult to evaluate my preferences through relative comparisons of the five stimuli while imagining the scenario I was instructed to follow, but as expected, a biased mix made it hard to relax. Track B had a clear beat and felt good.","It was difficult to evaluate my preferences through relative comparisons of the five stimuli while imagining the scenario I was instructed to follow, but as expected, a biased mix made it hard to relax. Track B had a clear beat and felt good.",86949,assets/audio/study-stimuli/main-study/group_02/song_a_in_the_meantime/qut_b.wav,0.0560294315219,17.366355896,0.000543582602404,0.000562923552934,-0.6698107538710293,-0.1978340618743536,-1.5468197375217057,0.0908009789400507
1,P033,77845318-46d4-47c6-8e4b-0bc5b4bb5d14,five_mix_frontend_v1_2026-08-06,five_mix_netlify_forms_v1,five_mix_frontend_v1_2026-08-06,completed,group_02,group_02,2026-08-17 07:51:47.973,2026-08-17 08:16:26.806,2026-08-17 08:16:19.698,1479.0,6,5,30,6,True,22,P033__trial_05,5,EDR-1,EDR-1,3,in_the_meantime,group_02_song_a_in_the_meantime,1,Song A,B,2,mix_9baa86357fd4,in_the_meantime_du_i,mix_9baa86357fd4,in_the_meantime_du_i,True,78,True,True,2026-08-17T07:11:59.575Z,"It was difficult to evaluate my preferences through relative comparisons of the five stimuli while imagining the scenario I was instructed to follow, but as expected, a biased mix made it hard to relax. Track B had a clear beat and felt good.","It was difficult to evaluate my preferences through relative comparisons of the five stimuli while imagining the scenario I was instructed to follow, but as expected, a biased mix made it hard to relax. Track B had a clear beat and felt good.",86949,assets/audio/study-stimuli/main-study/group_02/song_a_in_the_meantime/du_i.wav,0.0503131300211,22.9316368103,0.130904406309,-0.0380811542273,-1.8990066727669184,1.9187185345499165,0.5415536857115313,-0.721703057329889
1,P033,77845318-46d4-47c6-8e4b-0bc5b4bb5d14,five_mix_frontend_v1_2026-08-06,five_mix_netlify_forms_v1,five_mix_frontend_v1_2026-08-06,completed,group_02,group_02,2026-08-17 07:51:47.973,2026-08-17 08:16:26.806,2026-08-17 08:16:19.698,1479.0,6,5,30,6,True,23,P033__trial_05,5,EDR-1,EDR-1,3,in_the_meantime,group_02_song_a_in_the_meantime,1,Song A,C,3,mix_302f0efe8a80,in_the_meantime_du_h,mix_302f0efe8a80,in_the_meantime_du_h,True,39,True,True,2026-08-17T07:12:06.280Z,"It was difficult to evaluate my preferences through relative comparisons of the five stimuli while imagining the scenario I was instructed to follow, but as expected, a biased mix made it hard to relax. Track B had a clear beat and felt good.","It was difficult to evaluate my preferences through relative comparisons of the five stimuli while imagining the scenario I was instructed to follow, but as expected, a biased mix made it hard to relax. Track B had a clear beat and felt good.",86949,assets/audio/study-stimuli/main-study/group_02/song_a_in_the_meantime/du_h.wav,0.0623472034931,18.601518631,0.0428314469755,0.0354086197913,0.6887214233465396,0.2719152524959843,-0.8693704120952901,0.8234428342152216
1,P033,77845318-46d4-47c6-8e4b-0bc5b4bb5d14,five_mix_frontend_v1_2026-08-06,five_mix_netlify_forms_v1,five_mix_frontend_v1_2026-08-06,completed,group_02,group_02,2026-08-17 07:51:47.973,2026-08-17 08:16:26.806,2026-08-17 08:16:19.698,1479.0,6,5,30,6,True,24,P033__trial_05,5,EDR-1,EDR-1,3,in_the_meantime,group_02_song_a_in_the_meantime,1,Song A,D,4,mix_56e65a3ce054,in_the_meantime_du_k,mix_56e65a3ce054,in_the_meantime_du_k,True,0,True,True,2026-08-17T07:12:13.493Z,"It was difficult to evaluate my preferences through relative comparisons of the five stimuli while imagining the scenario I was instructed to follow, but as expected, a biased mix made it hard to relax. Track B had a clear beat and felt good.","It was difficult to evaluate my preferences through relative comparisons of the five stimuli while imagining the scenario I was instructed to follow, but as expected, a biased mix made it hard to relax. Track B had a clear beat and felt good.",86949,assets/audio/study-stimuli/main-study/group_02/song_a_in_the_meantime/du_k.wav,0.0539390221238,22.5979270935,0.15773075819,0.0170408543199,-1.1193186569455127,1.7918041562064675,0.9713104079970216,0.4372547184671072
1,P033,77845318-46d4-47c6-8e4b-0bc5b4bb5d14,five_mix_frontend_v1_2026-08-06,five_mix_netlify_forms_v1,five_mix_frontend_v1_2026-08-06,completed,group_02,group_02,2026-08-17 07:51:47.973,2026-08-17 08:16:26.806,2026-08-17 08:16:19.698,1479.0,6,5,30,6,True,25,P033__trial_05,5,EDR-1,EDR-1,3,in_the_meantime,group_02_song_a_in_the_meantime,1,Song A,E,5,mix_cdaef40f2b94,in_the_meantime_qut_pro,mix_cdaef40f2b94,in_the_meantime_qut_pro,True,55,True,True,2026-08-17T07:12:17.341Z,"It was difficult to evaluate my preferences through relative comparisons of the five stimuli while imagining the scenario I was instructed to follow, but as expected, a biased mix made it hard to relax. Track B had a clear beat and felt good.","It was difficult to evaluate my preferences through relative comparisons of the five stimuli while imagining the scenario I was instructed to follow, but as expected, a biased mix made it hard to relax. Track B had a clear beat and felt good.",86949,assets/audio/study-stimuli/main-study/group_02/song_a_in_the_meantime/qut_pro.wav,0.0560023784637,14.1143035889,0.212649226189,-0.0385963246226,-0.6756280657690176,-1.4346341192827423,1.8511013279434223,-0.7325346788768815
1,P033,77845318-46d4-47c6-8e4b-0bc5b4bb5d14,five_mix_frontend_v1_2026-08-06,five_mix_netlify_forms_v1,five_mix_frontend_v1_2026-08-06,completed,group_02,group_02,2026-08-17 07:51:47.973,2026-08-17 08:16:26.806,2026-08-17 08:16:19.698,1479.0,6,5,30,6,True,26,P033__trial_06,6,EDR-1,EDR-1,3,pouring_room,group_02_song_b_pouring_room,2,Song B,A,1,mix_cbf8555ee2b2,pouring_room_mcg_x,mix_cbf8555ee2b2,pouring_room_mcg_x,True,78,True,True,2026-08-17T07:13:19.815Z,"It was difficult to rate my preferences relative to the five stimuli while imagining the scenario I was instructed to follow, but as expected, a lopsided mix made it hard to relax. The difference in my ratings of E and A stems from my personal preferences.","It was difficult to rate my preferences relative to the five stimuli while imagining the scenario I was instructed to follow, but as expected, a lopsided mix made it hard to relax. The difference in my ratings of E and A stems from my personal preferences.",68047,assets/audio/study-stimuli/main-study/group_02/song_b_pouring_room/mcg_x.wav,0.0612343810499,19.9389343262,0.147577553988,-0.0265915170312,0.4494273963527286,0.780552768870155,0.8086566197405122,-0.4801297779726206
1,P033,77845318-46d4-47c6-8e4b-0bc5b4bb5d14,five_mix_frontend_v1_2026-08-06,five_mix_netlify_forms_v1,five_mix_frontend_v1_2026-08-06,completed,group_02,group_02,2026-08-17 07:51:47.973,2026-08-17 08:16:26.806,2026-08-17 08:16:19.698,1479.0,6,5,30,6,True,27,P033__trial_06,6,EDR-1,EDR-1,3,pouring_room,group_02_song_b_pouring_room,2,Song B,B,2,mix_be2ccd4c43ff,pouring_room_mcg_t,mix_be2ccd4c43ff,pouring_room_mcg_t,True,50,True,True,2026-08-17T07:13:42.432Z,"It was difficult to rate my preferences relative to the five stimuli while imagining the scenario I was instructed to follow, but as expected, a lopsided mix made it hard to relax. The difference in my ratings of E and A stems from my personal preferences.","It was difficult to rate my preferences relative to the five stimuli while imagining the scenario I was instructed to follow, but as expected, a lopsided mix made it hard to relax. The difference in my ratings of E and A stems from my personal preferences.",68047,assets/audio/study-stimuli/main-study/group_02/song_b_pouring_room/mcg_t.wav,0.0587656274438,20.841550827,0.217380493879,-0.0455747283995,-0.0814371595061495,1.1238301932737935,1.926895983278192,-0.8792578396079359
1,P033,77845318-46d4-47c6-8e4b-0bc5b4bb5d14,five_mix_frontend_v1_2026-08-06,five_mix_netlify_forms_v1,five_mix_frontend_v1_2026-08-06,completed,group_02,group_02,2026-08-17 07:51:47.973,2026-08-17 08:16:26.806,2026-08-17 08:16:19.698,1479.0,6,5,30,6,True,28,P033__trial_06,6,EDR-1,EDR-1,3,pouring_room,group_02_song_b_pouring_room,2,Song B,C,3,mix_e08faaf8bbb3,pouring_room_mcg_v,mix_e08faaf8bbb3,pouring_room_mcg_v,True,36,True,True,2026-08-17T07:13:37.511Z,"It was difficult to rate my preferences relative to the five stimuli while imagining the scenario I was instructed to follow, but as expected, a lopsided mix made it hard to relax. The difference in my ratings of E and A stems from my personal preferences.","It was difficult to rate my preferences relative to the five stimuli while imagining the scenario I was instructed to follow, but as expected, a lopsided mix made it hard to relax. The difference in my ratings of E and A stems from my personal preferences.",68047,assets/audio/study-stimuli/main-study/group_02/song_b_pouring_room/mcg_v.wav,0.0600788630545,20.8109931946,0.0795278027654,-0.0483895651996,0.2009523983216312,1.112208706920678,-0.2814967551013548,-0.938440679331238
1,P033,77845318-46d4-47c6-8e4b-0bc5b4bb5d14,five_mix_frontend_v1_2026-08-06,five_mix_netlify_forms_v1,five_mix_frontend_v1_2026-08-06,completed,group_02,group_02,2026-08-17 07:51:47.973,2026-08-17 08:16:26.806,2026-08-17 08:16:19.698,1479.0,6,5,30,6,True,29,P033__trial_06,6,EDR-1,EDR-1,3,pouring_room,group_02_song_b_pouring_room,2,Song B,D,4,mix_0ba76f420c1d,pouring_room_mcg_r,mix_0ba76f420c1d,pouring_room_mcg_r,True,24,True,True,2026-08-17T07:13:33.315Z,"It was difficult to rate my preferences relative to the five stimuli while imagining the scenario I was instructed to follow, but as expected, a lopsided mix made it hard to relax. The difference in my ratings of E and A stems from my personal preferences.","It was difficult to rate my preferences relative to the five stimuli while imagining the scenario I was instructed to follow, but as expected, a lopsided mix made it hard to relax. The difference in my ratings of E and A stems from my personal preferences.",68047,assets/audio/study-stimuli/main-study/group_02/song_b_pouring_room/mcg_r.wav,0.060190629214,16.5152053833,0.14739459753,-0.0638295859098,0.2249858589620197,-0.521538265731174,0.8057256670690561,-1.2630720295337683
1,P033,77845318-46d4-47c6-8e4b-0bc5b4bb5d14,five_mix_frontend_v1_2026-08-06,five_mix_netlify_forms_v1,five_mix_frontend_v1_2026-08-06,completed,group_02,group_02,2026-08-17 07:51:47.973,2026-08-17 08:16:26.806,2026-08-17 08:16:19.698,1479.0,6,5,30,6,True,30,P033__trial_06,6,EDR-1,EDR-1,3,pouring_room,group_02_song_b_pouring_room,2,Song B,E,5,mix_132e75f34470,pouring_room_mcg_pro1,mix_132e75f34470,pouring_room_mcg_pro1,True,88,True,True,2026-08-17T07:13:27.549Z,"It was difficult to rate my preferences relative to the five stimuli while imagining the scenario I was instructed to follow, but as expected, a lopsided mix made it hard to relax. The difference in my ratings of E and A stems from my personal preferences.","It was difficult to rate my preferences relative to the five stimuli while imagining the scenario I was instructed to follow, but as expected, a lopsided mix made it hard to relax. The difference in my ratings of E and A stems from my personal preferences.",68047,assets/audio/study-stimuli/main-study/group_02/song_b_pouring_room/mcg_pro1.wav,0.0646217316389,18.2459716797,0.0750391855836,-0.0488145165145,1.177821012274786,0.1366958746221527,-0.3534041622732912,-0.9473754159948484
2,P032,d8ae4f0f-519c-4bc4-9922-0be00f14695c,five_mix_frontend_v1_2026-08-06,five_mix_netlify_forms_v1,five_mix_frontend_v1_2026-08-06,completed,group_02,group_02,2026-08-17 05:39:37.073,2026-08-17 06:32:54.011,2026-08-17 06:32:55.035,3197.0,6,5,30,6,True,1,P032__trial_01,1,EDR-2,EDR-2,1,pouring_room,group_02_song_b_pouring_room,1,Song B,A,1,mix_e08faaf8bbb3,pouring_room_mcg_v,mix_e08faaf8bbb3,pouring_room_mcg_v,True,55,True,True,2026-08-17T05:05:51.168Z,"I evaluated them based on the differences in the depth of the delay and reverb on the lead vocals. When listening for relaxation, I prefer a drier vocal sound.","I evaluated them based on the differences in the depth of the delay and reverb on the lead vocals. When listening for relaxation, I prefer a drier vocal sound.",245949,assets/audio/study-stimuli/main-study/group_02/song_b_pouring_room/mcg_v.wav,0.0600788630545,20.8109931946,0.0795278027654,-0.0483895651996,0.2009523983216312,1.112208706920678,-0.2814967551013548,-0.938440679331238
2,P032,d8ae4f0f-519c-4bc4-9922-0be00f14695c,five_mix_frontend_v1_2026-08-06,five_mix_netlify_forms_v1,five_mix_frontend_v1_2026-08-06,completed,group_02,group_02,2026-08-17 05:39:37.073,2026-08-17 06:32:54.011,2026-08-17 06:32:55.035,3197.0,6,5,30,6,True,2,P032__trial_01,1,EDR-2,EDR-2,1,pouring_room,group_02_song_b_pouring_room,1,Song B,B,2,mix_be2ccd4c43ff,pouring_room_mcg_t,mix_be2ccd4c43ff,pouring_room_mcg_t,True,31,True,True,2026-08-17T05:05:59.115Z,"I evaluated them based on the differences in the depth of the delay and reverb on the lead vocals. When listening for relaxation, I prefer a drier vocal sound.","I evaluated them based on the differences in the depth of the delay and reverb on the lead vocals. When listening for relaxation, I prefer a drier vocal sound.",245949,assets/audio/study-stimuli/main-study/group_02/song_b_pouring_room/mcg_t.wav,0.0587656274438,20.841550827,0.217380493879,-0.0455747283995,-0.0814371595061495,1.1238301932737935,1.926895983278192,-0.8792578396079359
2,P032,d8ae4f0f-519c-4bc4-9922-0be00f14695c,five_mix_frontend_v1_2026-08-06,five_mix_netlify_forms_v1,five_mix_frontend_v1_2026-08-06,completed,group_02,group_02,2026-08-17 05:39:37.073,2026-08-17 06:32:54.011,2026-08-17 06:32:55.035,3197.0,6,5,30,6,True,3,P032__trial_01,1,EDR-2,EDR-2,1,pouring_room,group_02_song_b_pouring_room,1,Song B,C,3,mix_0ba76f420c1d,pouring_room_mcg_r,mix_0ba76f420c1d,pouring_room_mcg_r,True,43,True,True,2026-08-17T05:06:06.964Z,"I evaluated them based on the differences in the depth of the delay and reverb on the lead vocals. When listening for relaxation, I prefer a drier vocal sound.","I evaluated them based on the differences in the depth of the delay and reverb on the lead vocals. When listening for relaxation, I prefer a drier vocal sound.",245949,assets/audio/study-stimuli/main-study/group_02/song_b_pouring_room/mcg_r.wav,0.060190629214,16.5152053833,0.14739459753,-0.0638295859098,0.2249858589620197,-0.521538265731174,0.8057256670690561,-1.2630720295337683
2,P032,d8ae4f0f-519c-4bc4-9922-0be00f14695c,five_mix_frontend_v1_2026-08-06,five_mix_netlify_forms_v1,five_mix_frontend_v1_2026-08-06,completed,group_02,group_02,2026-08-17 05:39:37.073,2026-08-17 06:32:54.011,2026-08-17 06:32:55.035,3197.0,6,5,30,6,True,4,P032__trial_01,1,EDR-2,EDR-2,1,pouring_room,group_02_song_b_pouring_room,1,Song B,D,4,mix_132e75f34470,pouring_room_mcg_pro1,mix_132e75f34470,pouring_room_mcg_pro1,True,79,True,True,2026-08-17T05:06:12.813Z,"I evaluated them based on the differences in the depth of the delay and reverb on the lead vocals. When listening for relaxation, I prefer a drier vocal sound.","I evaluated them based on the differences in the depth of the delay and reverb on the lead vocals. When listening for relaxation, I prefer a drier vocal sound.",245949,assets/audio/study-stimuli/main-study/group_02/song_b_pouring_room/mcg_pro1.wav,0.0646217316389,18.2459716797,0.0750391855836,-0.0488145165145,1.177821012274786,0.1366958746221527,-0.3534041622732912,-0.9473754159948484
2,P032,d8ae4f0f-519c-4bc4-9922-0be00f14695c,five_mix_frontend_v1_2026-08-06,five_mix_netlify_forms_v1,five_mix_frontend_v1_2026-08-06,completed,group_02,group_02,2026-08-17 05:39:37.073,2026-08-17 06:32:54.011,2026-08-17 06:32:55.035,3197.0,6,5,30,6,True,5,P032__trial_01,1,EDR-2,EDR-2,1,pouring_room,group_02_song_b_pouring_room,1,Song B,E,5,mix_cbf8555ee2b2,pouring_room_mcg_x,mix_cbf8555ee2b2,pouring_room_mcg_x,True,17,True,True,2026-08-17T05:06:20.264Z,"I evaluated them based on the differences in the depth of the delay and reverb on the lead vocals. When listening for relaxation, I prefer a drier vocal sound.","I evaluated them based on the differences in the depth of the delay and reverb on the lead vocals. When listening for relaxation, I prefer a drier vocal sound.",245949,assets/audio/study-stimuli/main-study/group_02/song_b_pouring_room/mcg_x.wav,0.0612343810499,19.9389343262,0.147577553988,-0.0265915170312,0.4494273963527286,0.780552768870155,0.8086566197405122,-0.4801297779726206
2,P032,d8ae4f0f-519c-4bc4-9922-0be00f14695c,five_mix_frontend_v1_2026-08-06,five_mix_netlify_forms_v1,five_mix_frontend_v1_2026-08-06,completed,group_02,group_02,2026-08-17 05:39:37.073,2026-08-17 06:32:54.011,2026-08-17 06:32:55.035,3197.0,6,5,30,6,True,6,P032__trial_02,2,EDR-2,EDR-2,1,in_the_meantime,group_02_song_a_in_the_meantime,2,Song A,A,1,mix_302f0efe8a80,in_the_meantime_du_h,mix_302f0efe8a80,in_the_meantime_du_h,True,79,True,True,2026-08-17T05:10:00.719Z,"I made my decision primarily based on the drum and percussion sounds.
I dislike the bass drum sound of B; it’s poor.
I like the snare sound of C—it’s tight—but it has a bit too much punch for relaxed listening. A felt the most balanced to me.","I made my decision primarily based on the drum and percussion sounds.
I dislike the bass drum sound of B; it’s poor.
I like the snare sound of C—it’s tight—but it has a bit too much punch for relaxed listening. A felt the most balanced to me.",372807,assets/audio/study-stimuli/main-study/group_02/song_a_in_the_meantime/du_h.wav,0.0623472034931,18.601518631,0.0428314469755,0.0354086197913,0.6887214233465396,0.2719152524959843,-0.8693704120952901,0.8234428342152216
2,P032,d8ae4f0f-519c-4bc4-9922-0be00f14695c,five_mix_frontend_v1_2026-08-06,five_mix_netlify_forms_v1,five_mix_frontend_v1_2026-08-06,completed,group_02,group_02,2026-08-17 05:39:37.073,2026-08-17 06:32:54.011,2026-08-17 06:32:55.035,3197.0,6,5,30,6,True,7,P032__trial_02,2,EDR-2,EDR-2,1,in_the_meantime,group_02_song_a_in_the_meantime,2,Song A,B,2,mix_56e65a3ce054,in_the_meantime_du_k,mix_56e65a3ce054,in_the_meantime_du_k,True,15,True,True,2026-08-17T05:10:10.030Z,"I made my decision primarily based on the drum and percussion sounds.
I dislike the bass drum sound of B; it’s poor.
I like the snare sound of C—it’s tight—but it has a bit too much punch for relaxed listening. A felt the most balanced to me.","I made my decision primarily based on the drum and percussion sounds.
I dislike the bass drum sound of B; it’s poor.
I like the snare sound of C—it’s tight—but it has a bit too much punch for relaxed listening. A felt the most balanced to me.",372807,assets/audio/study-stimuli/main-study/group_02/song_a_in_the_meantime/du_k.wav,0.0539390221238,22.5979270935,0.15773075819,0.0170408543199,-1.1193186569455127,1.7918041562064675,0.9713104079970216,0.4372547184671072
2,P032,d8ae4f0f-519c-4bc4-9922-0be00f14695c,five_mix_frontend_v1_2026-08-06,five_mix_netlify_forms_v1,five_mix_frontend_v1_2026-08-06,completed,group_02,group_02,2026-08-17 05:39:37.073,2026-08-17 06:32:54.011,2026-08-17 06:32:55.035,3197.0,6,5,30,6,True,8,P032__trial_02,2,EDR-2,EDR-2,1,in_the_meantime,group_02_song_a_in_the_meantime,2,Song A,C,3,mix_9baa86357fd4,in_the_meantime_du_i,mix_9baa86357fd4,in_the_meantime_du_i,True,58,True,True,2026-08-17T05:10:24.263Z,"I made my decision primarily based on the drum and percussion sounds.
I dislike the bass drum sound of B; it’s poor.
I like the snare sound of C—it’s tight—but it has a bit too much punch for relaxed listening. A felt the most balanced to me.","I made my decision primarily based on the drum and percussion sounds.
I dislike the bass drum sound of B; it’s poor.
I like the snare sound of C—it’s tight—but it has a bit too much punch for relaxed listening. A felt the most balanced to me.",372807,assets/audio/study-stimuli/main-study/group_02/song_a_in_the_meantime/du_i.wav,0.0503131300211,22.9316368103,0.130904406309,-0.0380811542273,-1.8990066727669184,1.9187185345499165,0.5415536857115313,-0.721703057329889
2,P032,d8ae4f0f-519c-4bc4-9922-0be00f14695c,five_mix_frontend_v1_2026-08-06,five_mix_netlify_forms_v1,five_mix_frontend_v1_2026-08-06,completed,group_02,group_02,2026-08-17 05:39:37.073,2026-08-17 06:32:54.011,2026-08-17 06:32:55.035,3197.0,6,5,30,6,True,9,P032__trial_02,2,EDR-2,EDR-2,1,in_the_meantime,group_02_song_a_in_the_meantime,2,Song A,D,4,mix_cdaef40f2b94,in_the_meantime_qut_pro,mix_cdaef40f2b94,in_the_meantime_qut_pro,True,43,True,True,2026-08-17T05:10:43.014Z,"I made my decision primarily based on the drum and percussion sounds.
I dislike the bass drum sound of B; it’s poor.
I like the snare sound of C—it’s tight—but it has a bit too much punch for relaxed listening. A felt the most balanced to me.","I made my decision primarily based on the drum and percussion sounds.
I dislike the bass drum sound of B; it’s poor.
I like the snare sound of C—it’s tight—but it has a bit too much punch for relaxed listening. A felt the most balanced to me.",372807,assets/audio/study-stimuli/main-study/group_02/song_a_in_the_meantime/qut_pro.wav,0.0560023784637,14.1143035889,0.212649226189,-0.0385963246226,-0.6756280657690176,-1.4346341192827423,1.8511013279434223,-0.7325346788768815
2,P032,d8ae4f0f-519c-4bc4-9922-0be00f14695c,five_mix_frontend_v1_2026-08-06,five_mix_netlify_forms_v1,five_mix_frontend_v1_2026-08-06,completed,group_02,group_02,2026-08-17 05:39:37.073,2026-08-17 06:32:54.011,2026-08-17 06:32:55.035,3197.0,6,5,30,6,True,10,P032__trial_02,2,EDR-2,EDR-2,1,in_the_meantime,group_02_song_a_in_the_meantime,2,Song A,E,5,mix_c7bdcba64775,in_the_meantime_qut_b,mix_c7bdcba64775,in_the_meantime_qut_b,True,26,True,True,2026-08-17T05:10:32.990Z,"I made my decision primarily based on the drum and percussion sounds.
I dislike the bass drum sound of B; it’s poor.
I like the snare sound of C—it’s tight—but it has a bit too much punch for relaxed listening. A felt the most balanced to me.","I made my decision primarily based on the drum and percussion sounds.
I dislike the bass drum sound of B; it’s poor.
I like the snare sound of C—it’s tight—but it has a bit too much punch for relaxed listening. A felt the most balanced to me.",372807,assets/audio/study-stimuli/main-study/group_02/song_a_in_the_meantime/qut_b.wav,0.0560294315219,17.366355896,0.000543582602404,0.000562923552934,-0.6698107538710293,-0.1978340618743536,-1.5468197375217057,0.0908009789400507
2,P032,d8ae4f0f-519c-4bc4-9922-0be00f14695c,five_mix_frontend_v1_2026-08-06,five_mix_netlify_forms_v1,five_mix_frontend_v1_2026-08-06,completed,group_02,group_02,2026-08-17 05:39:37.073,2026-08-17 06:32:54.011,2026-08-17 06:32:55.035,3197.0,6,5,30,6,True,11,P032__trial_03,3,EDR-1,EDR-1,2,pouring_room,group_02_song_b_pouring_room,1,Song B,A,1,mix_be2ccd4c43ff,pouring_room_mcg_t,mix_be2ccd4c43ff,pouring_room_mcg_t,True,14,True,True,2026-08-17T05:16:14.142Z,"In this case, too, I based my judgment on how easy the vocals were to listen to. Excessive reverb on the vocals makes me feel a bit uneasy. The dry vocals in ""C"" feel composed, allowing me to listen to it as background music.","In this case, too, I based my judgment on how easy the vocals were to listen to. Excessive reverb on the vocals makes me feel a bit uneasy. The dry vocals in ""C"" feel composed, allowing me to listen to it as background music.",227139,assets/audio/study-stimuli/main-study/group_02/song_b_pouring_room/mcg_t.wav,0.0587656274438,20.841550827,0.217380493879,-0.0455747283995,-0.0814371595061495,1.1238301932737935,1.926895983278192,-0.8792578396079359
2,P032,d8ae4f0f-519c-4bc4-9922-0be00f14695c,five_mix_frontend_v1_2026-08-06,five_mix_netlify_forms_v1,five_mix_frontend_v1_2026-08-06,completed,group_02,group_02,2026-08-17 05:39:37.073,2026-08-17 06:32:54.011,2026-08-17 06:32:55.035,3197.0,6,5,30,6,True,12,P032__trial_03,3,EDR-1,EDR-1,2,pouring_room,group_02_song_b_pouring_room,1,Song B,B,2,mix_0ba76f420c1d,pouring_room_mcg_r,mix_0ba76f420c1d,pouring_room_mcg_r,True,41,True,True,2026-08-17T05:16:19.802Z,"In this case, too, I based my judgment on how easy the vocals were to listen to. Excessive reverb on the vocals makes me feel a bit uneasy. The dry vocals in ""C"" feel composed, allowing me to listen to it as background music.","In this case, too, I based my judgment on how easy the vocals were to listen to. Excessive reverb on the vocals makes me feel a bit uneasy. The dry vocals in ""C"" feel composed, allowing me to listen to it as background music.",227139,assets/audio/study-stimuli/main-study/group_02/song_b_pouring_room/mcg_r.wav,0.060190629214,16.5152053833,0.14739459753,-0.0638295859098,0.2249858589620197,-0.521538265731174,0.8057256670690561,-1.2630720295337683
2,P032,d8ae4f0f-519c-4bc4-9922-0be00f14695c,five_mix_frontend_v1_2026-08-06,five_mix_netlify_forms_v1,five_mix_frontend_v1_2026-08-06,completed,group_02,group_02,2026-08-17 05:39:37.073,2026-08-17 06:32:54.011,2026-08-17 06:32:55.035,3197.0,6,5,30,6,True,13,P032__trial_03,3,EDR-1,EDR-1,2,pouring_room,group_02_song_b_pouring_room,1,Song B,C,3,mix_132e75f34470,pouring_room_mcg_pro1,mix_132e75f34470,pouring_room_mcg_pro1,True,76,True,True,2026-08-17T05:16:23.402Z,"In this case, too, I based my judgment on how easy the vocals were to listen to. Excessive reverb on the vocals makes me feel a bit uneasy. The dry vocals in ""C"" feel composed, allowing me to listen to it as background music.","In this case, too, I based my judgment on how easy the vocals were to listen to. Excessive reverb on the vocals makes me feel a bit uneasy. The dry vocals in ""C"" feel composed, allowing me to listen to it as background music.",227139,assets/audio/study-stimuli/main-study/group_02/song_b_pouring_room/mcg_pro1.wav,0.0646217316389,18.2459716797,0.0750391855836,-0.0488145165145,1.177821012274786,0.1366958746221527,-0.3534041622732912,-0.9473754159948484
2,P032,d8ae4f0f-519c-4bc4-9922-0be00f14695c,five_mix_frontend_v1_2026-08-06,five_mix_netlify_forms_v1,five_mix_frontend_v1_2026-08-06,completed,group_02,group_02,2026-08-17 05:39:37.073,2026-08-17 06:32:54.011,2026-08-17 06:32:55.035,3197.0,6,5,30,6,True,14,P032__trial_03,3,EDR-1,EDR-1,2,pouring_room,group_02_song_b_pouring_room,1,Song B,D,4,mix_cbf8555ee2b2,pouring_room_mcg_x,mix_cbf8555ee2b2,pouring_room_mcg_x,True,26,True,True,2026-08-17T05:16:27.687Z,"In this case, too, I based my judgment on how easy the vocals were to listen to. Excessive reverb on the vocals makes me feel a bit uneasy. The dry vocals in ""C"" feel composed, allowing me to listen to it as background music.","In this case, too, I based my judgment on how easy the vocals were to listen to. Excessive reverb on the vocals makes me feel a bit uneasy. The dry vocals in ""C"" feel composed, allowing me to listen to it as background music.",227139,assets/audio/study-stimuli/main-study/group_02/song_b_pouring_room/mcg_x.wav,0.0612343810499,19.9389343262,0.147577553988,-0.0265915170312,0.4494273963527286,0.780552768870155,0.8086566197405122,-0.4801297779726206
2,P032,d8ae4f0f-519c-4bc4-9922-0be00f14695c,five_mix_frontend_v1_2026-08-06,five_mix_netlify_forms_v1,five_mix_frontend_v1_2026-08-06,completed,group_02,group_02,2026-08-17 05:39:37.073,2026-08-17 06:32:54.011,2026-08-17 06:32:55.035,3197.0,6,5,30,6,True,15,P032__trial_03,3,EDR-1,EDR-1,2,pouring_room,group_02_song_b_pouring_room,1,Song B,E,5,mix_e08faaf8bbb3,pouring_room_mcg_v,mix_e08faaf8bbb3,pouring_room_mcg_v,True,59,True,True,2026-08-17T05:16:32.791Z,"In this case, too, I based my judgment on how easy the vocals were to listen to. Excessive reverb on the vocals makes me feel a bit uneasy. The dry vocals in ""C"" feel composed, allowing me to listen to it as background music.","In this case, too, I based my judgment on how easy the vocals were to listen to. Excessive reverb on the vocals makes me feel a bit uneasy. The dry vocals in ""C"" feel composed, allowing me to listen to it as background music.",227139,assets/audio/study-stimuli/main-study/group_02/song_b_pouring_room/mcg_v.wav,0.0600788630545,20.8109931946,0.0795278027654,-0.0483895651996,0.2009523983216312,1.112208706920678,-0.2814967551013548,-0.938440679331238
2,P032,d8ae4f0f-519c-4bc4-9922-0be00f14695c,five_mix_frontend_v1_2026-08-06,five_mix_netlify_forms_v1,five_mix_frontend_v1_2026-08-06,completed,group_02,group_02,2026-08-17 05:39:37.073,2026-08-17 06:32:54.011,2026-08-17 06:32:55.035,3197.0,6,5,30,6,True,16,P032__trial_04,4,EDR-1,EDR-1,2,in_the_meantime,group_02_song_a_in_the_meantime,2,Song A,A,1,mix_c7bdcba64775,in_the_meantime_qut_b,mix_c7bdcba64775,in_the_meantime_qut_b,True,26,True,True,2026-08-17T05:20:15.472Z,"Since Mix C offers a sense of overall spatial expansiveness, I felt that a dazzling sound profile like this was appropriate for listening.
In Mix E, the snare drum sounds pleasing. I do not care for the bass drum sound in Mix D.","Since Mix C offers a sense of overall spatial expansiveness, I felt that a dazzling sound profile like this was appropriate for listening.
In Mix E, the snare drum sounds pleasing. I do not care for the bass drum sound in Mix D.",193442,assets/audio/study-stimuli/main-study/group_02/song_a_in_the_meantime/qut_b.wav,0.0560294315219,17.366355896,0.000543582602404,0.000562923552934,-0.6698107538710293,-0.1978340618743536,-1.5468197375217057,0.0908009789400507
2,P032,d8ae4f0f-519c-4bc4-9922-0be00f14695c,five_mix_frontend_v1_2026-08-06,five_mix_netlify_forms_v1,five_mix_frontend_v1_2026-08-06,completed,group_02,group_02,2026-08-17 05:39:37.073,2026-08-17 06:32:54.011,2026-08-17 06:32:55.035,3197.0,6,5,30,6,True,17,P032__trial_04,4,EDR-1,EDR-1,2,in_the_meantime,group_02_song_a_in_the_meantime,2,Song A,B,2,mix_302f0efe8a80,in_the_meantime_du_h,mix_302f0efe8a80,in_the_meantime_du_h,True,46,True,True,2026-08-17T05:20:23.675Z,"Since Mix C offers a sense of overall spatial expansiveness, I felt that a dazzling sound profile like this was appropriate for listening.
In Mix E, the snare drum sounds pleasing. I do not care for the bass drum sound in Mix D.","Since Mix C offers a sense of overall spatial expansiveness, I felt that a dazzling sound profile like this was appropriate for listening.
In Mix E, the snare drum sounds pleasing. I do not care for the bass drum sound in Mix D.",193442,assets/audio/study-stimuli/main-study/group_02/song_a_in_the_meantime/du_h.wav,0.0623472034931,18.601518631,0.0428314469755,0.0354086197913,0.6887214233465396,0.2719152524959843,-0.8693704120952901,0.8234428342152216
2,P032,d8ae4f0f-519c-4bc4-9922-0be00f14695c,five_mix_frontend_v1_2026-08-06,five_mix_netlify_forms_v1,five_mix_frontend_v1_2026-08-06,completed,group_02,group_02,2026-08-17 05:39:37.073,2026-08-17 06:32:54.011,2026-08-17 06:32:55.035,3197.0,6,5,30,6,True,18,P032__trial_04,4,EDR-1,EDR-1,2,in_the_meantime,group_02_song_a_in_the_meantime,2,Song A,C,3,mix_cdaef40f2b94,in_the_meantime_qut_pro,mix_cdaef40f2b94,in_the_meantime_qut_pro,True,78,True,True,2026-08-17T05:20:28.801Z,"Since Mix C offers a sense of overall spatial expansiveness, I felt that a dazzling sound profile like this was appropriate for listening.
In Mix E, the snare drum sounds pleasing. I do not care for the bass drum sound in Mix D.","Since Mix C offers a sense of overall spatial expansiveness, I felt that a dazzling sound profile like this was appropriate for listening.
In Mix E, the snare drum sounds pleasing. I do not care for the bass drum sound in Mix D.",193442,assets/audio/study-stimuli/main-study/group_02/song_a_in_the_meantime/qut_pro.wav,0.0560023784637,14.1143035889,0.212649226189,-0.0385963246226,-0.6756280657690176,-1.4346341192827423,1.8511013279434223,-0.7325346788768815
2,P032,d8ae4f0f-519c-4bc4-9922-0be00f14695c,five_mix_frontend_v1_2026-08-06,five_mix_netlify_forms_v1,five_mix_frontend_v1_2026-08-06,completed,group_02,group_02,2026-08-17 05:39:37.073,2026-08-17 06:32:54.011,2026-08-17 06:32:55.035,3197.0,6,5,30,6,True,19,P032__trial_04,4,EDR-1,EDR-1,2,in_the_meantime,group_02_song_a_in_the_meantime,2,Song A,D,4,mix_56e65a3ce054,in_the_meantime_du_k,mix_56e65a3ce054,in_the_meantime_du_k,True,10,True,True,2026-08-17T05:20:07.396Z,"Since Mix C offers a sense of overall spatial expansiveness, I felt that a dazzling sound profile like this was appropriate for listening.
In Mix E, the snare drum sounds pleasing. I do not care for the bass drum sound in Mix D.","Since Mix C offers a sense of overall spatial expansiveness, I felt that a dazzling sound profile like this was appropriate for listening.
In Mix E, the snare drum sounds pleasing. I do not care for the bass drum sound in Mix D.",193442,assets/audio/study-stimuli/main-study/group_02/song_a_in_the_meantime/du_k.wav,0.0539390221238,22.5979270935,0.15773075819,0.0170408543199,-1.1193186569455127,1.7918041562064675,0.9713104079970216,0.4372547184671072
2,P032,d8ae4f0f-519c-4bc4-9922-0be00f14695c,five_mix_frontend_v1_2026-08-06,five_mix_netlify_forms_v1,five_mix_frontend_v1_2026-08-06,completed,group_02,group_02,2026-08-17 05:39:37.073,2026-08-17 06:32:54.011,2026-08-17 06:32:55.035,3197.0,6,5,30,6,True,20,P032__trial_04,4,EDR-1,EDR-1,2,in_the_meantime,group_02_song_a_in_the_meantime,2,Song A,E,5,mix_9baa86357fd4,in_the_meantime_du_i,mix_9baa86357fd4,in_the_meantime_du_i,True,68,True,True,2026-08-17T05:20:00.996Z,"Since Mix C offers a sense of overall spatial expansiveness, I felt that a dazzling sound profile like this was appropriate for listening.
In Mix E, the snare drum sounds pleasing. I do not care for the bass drum sound in Mix D.","Since Mix C offers a sense of overall spatial expansiveness, I felt that a dazzling sound profile like this was appropriate for listening.
In Mix E, the snare drum sounds pleasing. I do not care for the bass drum sound in Mix D.",193442,assets/audio/study-stimuli/main-study/group_02/song_a_in_the_meantime/du_i.wav,0.0503131300211,22.9316368103,0.130904406309,-0.0380811542273,-1.8990066727669184,1.9187185345499165,0.5415536857115313,-0.721703057329889
2,P032,d8ae4f0f-519c-4bc4-9922-0be00f14695c,five_mix_frontend_v1_2026-08-06,five_mix_netlify_forms_v1,five_mix_frontend_v1_2026-08-06,completed,group_02,group_02,2026-08-17 05:39:37.073,2026-08-17 06:32:54.011,2026-08-17 06:32:55.035,3197.0,6,5,30,6,True,21,P032__trial_05,5,FM-1,FM-1,3,in_the_meantime,group_02_song_a_in_the_meantime,1,Song A,A,1,mix_302f0efe8a80,in_the_meantime_du_h,mix_302f0efe8a80,in_the_meantime_du_h,True,83,True,True,2026-08-17T05:23:16.841Z,"I find mixes with prominent vocals distracting and can't focus. In terms of balance, I prefer A.","I find mixes with prominent vocals distracting and can't focus. In terms of balance, I prefer A.",199951,assets/audio/study-stimuli/main-study/group_02/song_a_in_the_meantime/du_h.wav,0.0623472034931,18.601518631,0.0428314469755,0.0354086197913,0.6887214233465396,0.2719152524959843,-0.8693704120952901,0.8234428342152216
2,P032,d8ae4f0f-519c-4bc4-9922-0be00f14695c,five_mix_frontend_v1_2026-08-06,five_mix_netlify_forms_v1,five_mix_frontend_v1_2026-08-06,completed,group_02,group_02,2026-08-17 05:39:37.073,2026-08-17 06:32:54.011,2026-08-17 06:32:55.035,3197.0,6,5,30,6,True,22,P032__trial_05,5,FM-1,FM-1,3,in_the_meantime,group_02_song_a_in_the_meantime,1,Song A,B,2,mix_cdaef40f2b94,in_the_meantime_qut_pro,mix_cdaef40f2b94,in_the_meantime_qut_pro,True,72,True,True,2026-08-17T05:23:22.130Z,"I find mixes with prominent vocals distracting and can't focus. In terms of balance, I prefer A.","I find mixes with prominent vocals distracting and can't focus. In terms of balance, I prefer A.",199951,assets/audio/study-stimuli/main-study/group_02/song_a_in_the_meantime/qut_pro.wav,0.0560023784637,14.1143035889,0.212649226189,-0.0385963246226,-0.6756280657690176,-1.4346341192827423,1.8511013279434223,-0.7325346788768815
2,P032,d8ae4f0f-519c-4bc4-9922-0be00f14695c,five_mix_frontend_v1_2026-08-06,five_mix_netlify_forms_v1,five_mix_frontend_v1_2026-08-06,completed,group_02,group_02,2026-08-17 05:39:37.073,2026-08-17 06:32:54.011,2026-08-17 06:32:55.035,3197.0,6,5,30,6,True,23,P032__trial_05,5,FM-1,FM-1,3,in_the_meantime,group_02_song_a_in_the_meantime,1,Song A,C,3,mix_56e65a3ce054,in_the_meantime_du_k,mix_56e65a3ce054,in_the_meantime_du_k,True,11,True,True,2026-08-17T05:23:27.217Z,"I find mixes with prominent vocals distracting and can't focus. In terms of balance, I prefer A.","I find mixes with prominent vocals distracting and can't focus. In terms of balance, I prefer A.",199951,assets/audio/study-stimuli/main-study/group_02/song_a_in_the_meantime/du_k.wav,0.0539390221238,22.5979270935,0.15773075819,0.0170408543199,-1.1193186569455127,1.7918041562064675,0.9713104079970216,0.4372547184671072
2,P032,d8ae4f0f-519c-4bc4-9922-0be00f14695c,five_mix_frontend_v1_2026-08-06,five_mix_netlify_forms_v1,five_mix_frontend_v1_2026-08-06,completed,group_02,group_02,2026-08-17 05:39:37.073,2026-08-17 06:32:54.011,2026-08-17 06:32:55.035,3197.0,6,5,30,6,True,24,P032__trial_05,5,FM-1,FM-1,3,in_the_meantime,group_02_song_a_in_the_meantime,1,Song A,D,4,mix_9baa86357fd4,in_the_meantime_du_i,mix_9baa86357fd4,in_the_meantime_du_i,True,46,True,True,2026-08-17T05:23:34.671Z,"I find mixes with prominent vocals distracting and can't focus. In terms of balance, I prefer A.","I find mixes with prominent vocals distracting and can't focus. In terms of balance, I prefer A.",199951,assets/audio/study-stimuli/main-study/group_02/song_a_in_the_meantime/du_i.wav,0.0503131300211,22.9316368103,0.130904406309,-0.0380811542273,-1.8990066727669184,1.9187185345499165,0.5415536857115313,-0.721703057329889
2,P032,d8ae4f0f-519c-4bc4-9922-0be00f14695c,five_mix_frontend_v1_2026-08-06,five_mix_netlify_forms_v1,five_mix_frontend_v1_2026-08-06,completed,group_02,group_02,2026-08-17 05:39:37.073,2026-08-17 06:32:54.011,2026-08-17 06:32:55.035,3197.0,6,5,30,6,True,25,P032__trial_05,5,FM-1,FM-1,3,in_the_meantime,group_02_song_a_in_the_meantime,1,Song A,E,5,mix_c7bdcba64775,in_the_meantime_qut_b,mix_c7bdcba64775,in_the_meantime_qut_b,True,30,True,True,2026-08-17T05:23:42.257Z,"I find mixes with prominent vocals distracting and can't focus. In terms of balance, I prefer A.","I find mixes with prominent vocals distracting and can't focus. In terms of balance, I prefer A.",199951,assets/audio/study-stimuli/main-study/group_02/song_a_in_the_meantime/qut_b.wav,0.0560294315219,17.366355896,0.000543582602404,0.000562923552934,-0.6698107538710293,-0.1978340618743536,-1.5468197375217057,0.0908009789400507
2,P032,d8ae4f0f-519c-4bc4-9922-0be00f14695c,five_mix_frontend_v1_2026-08-06,five_mix_netlify_forms_v1,five_mix_frontend_v1_2026-08-06,completed,group_02,group_02,2026-08-17 05:39:37.073,2026-08-17 06:32:54.011,2026-08-17 06:32:55.035,3197.0,6,5,30,6,True,26,P032__trial_06,6,FM-1,FM-1,3,pouring_room,group_02_song_b_pouring_room,2,Song B,A,1,mix_cbf8555ee2b2,pouring_room_mcg_x,mix_cbf8555ee2b2,pouring_room_mcg_x,True,25,True,True,2026-08-17T05:26:34.549Z,"I made my decision based on the depth of the vocal reverb and the balance with the other instruments. I find it distracting when a specific instrument stands out too much in the mix, making it hard to focus. I felt that Option D was the best choice due to its balance and the settled quality of the tone.","I made my decision based on the depth of the vocal reverb and the balance with the other instruments. I find it distracting when a specific instrument stands out too much in the mix, making it hard to focus. I felt that Option D was the best choice due to its balance and the settled quality of the tone.",261514,assets/audio/study-stimuli/main-study/group_02/song_b_pouring_room/mcg_x.wav,0.0612343810499,19.9389343262,0.147577553988,-0.0265915170312,0.4494273963527286,0.780552768870155,0.8086566197405122,-0.4801297779726206
2,P032,d8ae4f0f-519c-4bc4-9922-0be00f14695c,five_mix_frontend_v1_2026-08-06,five_mix_netlify_forms_v1,five_mix_frontend_v1_2026-08-06,completed,group_02,group_02,2026-08-17 05:39:37.073,2026-08-17 06:32:54.011,2026-08-17 06:32:55.035,3197.0,6,5,30,6,True,27,P032__trial_06,6,FM-1,FM-1,3,pouring_room,group_02_song_b_pouring_room,2,Song B,B,2,mix_0ba76f420c1d,pouring_room_mcg_r,mix_0ba76f420c1d,pouring_room_mcg_r,True,41,True,True,2026-08-17T05:26:41.329Z,"I made my decision based on the depth of the vocal reverb and the balance with the other instruments. I find it distracting when a specific instrument stands out too much in the mix, making it hard to focus. I felt that Option D was the best choice due to its balance and the settled quality of the tone.","I made my decision based on the depth of the vocal reverb and the balance with the other instruments. I find it distracting when a specific instrument stands out too much in the mix, making it hard to focus. I felt that Option D was the best choice due to its balance and the settled quality of the tone.",261514,assets/audio/study-stimuli/main-study/group_02/song_b_pouring_room/mcg_r.wav,0.060190629214,16.5152053833,0.14739459753,-0.0638295859098,0.2249858589620197,-0.521538265731174,0.8057256670690561,-1.2630720295337683
2,P032,d8ae4f0f-519c-4bc4-9922-0be00f14695c,five_mix_frontend_v1_2026-08-06,five_mix_netlify_forms_v1,five_mix_frontend_v1_2026-08-06,completed,group_02,group_02,2026-08-17 05:39:37.073,2026-08-17 06:32:54.011,2026-08-17 06:32:55.035,3197.0,6,5,30,6,True,28,P032__trial_06,6,FM-1,FM-1,3,pouring_room,group_02_song_b_pouring_room,2,Song B,C,3,mix_be2ccd4c43ff,pouring_room_mcg_t,mix_be2ccd4c43ff,pouring_room_mcg_t,True,14,True,True,2026-08-17T05:26:45.778Z,"I made my decision based on the depth of the vocal reverb and the balance with the other instruments. I find it distracting when a specific instrument stands out too much in the mix, making it hard to focus. I felt that Option D was the best choice due to its balance and the settled quality of the tone.","I made my decision based on the depth of the vocal reverb and the balance with the other instruments. I find it distracting when a specific instrument stands out too much in the mix, making it hard to focus. I felt that Option D was the best choice due to its balance and the settled quality of the tone.",261514,assets/audio/study-stimuli/main-study/group_02/song_b_pouring_room/mcg_t.wav,0.0587656274438,20.841550827,0.217380493879,-0.0455747283995,-0.0814371595061495,1.1238301932737935,1.926895983278192,-0.8792578396079359
2,P032,d8ae4f0f-519c-4bc4-9922-0be00f14695c,five_mix_frontend_v1_2026-08-06,five_mix_netlify_forms_v1,five_mix_frontend_v1_2026-08-06,completed,group_02,group_02,2026-08-17 05:39:37.073,2026-08-17 06:32:54.011,2026-08-17 06:32:55.035,3197.0,6,5,30,6,True,29,P032__trial_06,6,FM-1,FM-1,3,pouring_room,group_02_song_b_pouring_room,2,Song B,D,4,mix_132e75f34470,pouring_room_mcg_pro1,mix_132e75f34470,pouring_room_mcg_pro1,True,64,True,True,2026-08-17T05:26:52.318Z,"I made my decision based on the depth of the vocal reverb and the balance with the other instruments. I find it distracting when a specific instrument stands out too much in the mix, making it hard to focus. I felt that Option D was the best choice due to its balance and the settled quality of the tone.","I made my decision based on the depth of the vocal reverb and the balance with the other instruments. I find it distracting when a specific instrument stands out too much in the mix, making it hard to focus. I felt that Option D was the best choice due to its balance and the settled quality of the tone.",261514,assets/audio/study-stimuli/main-study/group_02/song_b_pouring_room/mcg_pro1.wav,0.0646217316389,18.2459716797,0.0750391855836,-0.0488145165145,1.177821012274786,0.1366958746221527,-0.3534041622732912,-0.9473754159948484
2,P032,d8ae4f0f-519c-4bc4-9922-0be00f14695c,five_mix_frontend_v1_2026-08-06,five_mix_netlify_forms_v1,five_mix_frontend_v1_2026-08-06,completed,group_02,group_02,2026-08-17 05:39:37.073,2026-08-17 06:32:54.011,2026-08-17 06:32:55.035,3197.0,6,5,30,6,True,30,P032__trial_06,6,FM-1,FM-1,3,pouring_room,group_02_song_b_pouring_room,2,Song B,E,5,mix_e08faaf8bbb3,pouring_room_mcg_v,mix_e08faaf8bbb3,pouring_room_mcg_v,True,53,True,True,2026-08-17T05:26:57.121Z,"I made my decision based on the depth of the vocal reverb and the balance with the other instruments. I find it distracting when a specific instrument stands out too much in the mix, making it hard to focus. I felt that Option D was the best choice due to its balance and the settled quality of the tone.","I made my decision based on the depth of the vocal reverb and the balance with the other instruments. I find it distracting when a specific instrument stands out too much in the mix, making it hard to focus. I felt that Option D was the best choice due to its balance and the settled quality of the tone.",261514,assets/audio/study-stimuli/main-study/group_02/song_b_pouring_room/mcg_v.wav,0.0600788630545,20.8109931946,0.0795278027654,-0.0483895651996,0.2009523983216312,1.112208706920678,-0.2814967551013548,-0.938440679331238
3,P031,fcb31938-2808-4afb-b049-94833dd61e65,five_mix_frontend_v1_2026-08-06,five_mix_netlify_forms_v1,five_mix_frontend_v1_2026-08-06,completed,group_01,group_01,2026-08-17 04:15:45.933,2026-08-17 04:58:37.906,2026-08-17 04:58:39.146,2572.0,6,5,30,6,True,1,P031__trial_01,1,FM-1,FM-1,1,id_like_to_know,group_01_song_b_id_like_to_know,1,Song B,A,1,mix_6f8b655d7999,id_like_to_know_pxl_s2,mix_6f8b655d7999,id_like_to_know_pxl_s2,True,8,True,True,2026-08-17T03:33:43.946Z,"E: The sound had a good sense of spaciousness and worked well as background music.
D: There was little that bothered me, but it lacked spaciousness and felt somewhat lacking.
B: The harshness and crispness in the high frequencies were noticeable and bothersome.
A: The low frequencies were overly boosted.
C: The midrange was too prominent.","E: The sound had a good sense of spaciousness and worked well as background music.
D: There was little that bothered me, but it lacked spaciousness and felt somewhat lacking.
B: The harshness and crispness in the high frequencies were noticeable and bothersome.
A: The low frequencies were overly boosted.
C: The midrange was too prominent.",367757,assets/audio/study-stimuli/main-study/group_01/song_b_id_like_to_know/pxl_s2.wav,0.0616230294108,14.7642059326,0.049424380064,0.0224525164813,0.5329997864789321,-1.1874673519330532,-0.7637519766505488,0.5510366380169074
3,P031,fcb31938-2808-4afb-b049-94833dd61e65,five_mix_frontend_v1_2026-08-06,five_mix_netlify_forms_v1,five_mix_frontend_v1_2026-08-06,completed,group_01,group_01,2026-08-17 04:15:45.933,2026-08-17 04:58:37.906,2026-08-17 04:58:39.146,2572.0,6,5,30,6,True,2,P031__trial_01,1,FM-1,FM-1,1,id_like_to_know,group_01_song_b_id_like_to_know,1,Song B,B,2,mix_9ffcd672af17,id_like_to_know_pxl_s1,mix_9ffcd672af17,id_like_to_know_pxl_s1,True,16,True,True,2026-08-17T03:34:14.093Z,"E: The sound had a good sense of spaciousness and worked well as background music.
D: There was little that bothered me, but it lacked spaciousness and felt somewhat lacking.
B: The harshness and crispness in the high frequencies were noticeable and bothersome.
A: The low frequencies were overly boosted.
C: The midrange was too prominent.","E: The sound had a good sense of spaciousness and worked well as background music.
D: There was little that bothered me, but it lacked spaciousness and felt somewhat lacking.
B: The harshness and crispness in the high frequencies were noticeable and bothersome.
A: The low frequencies were overly boosted.
C: The midrange was too prominent.",367757,assets/audio/study-stimuli/main-study/group_01/song_b_id_like_to_know/pxl_s1.wav,0.0565126091242,16.3633155823,0.0668171644211,0.0607972890139,-0.5659114167269081,-0.579304038497624,-0.4851205015292653,1.357247686182373
3,P031,fcb31938-2808-4afb-b049-94833dd61e65,five_mix_frontend_v1_2026-08-06,five_mix_netlify_forms_v1,five_mix_frontend_v1_2026-08-06,completed,group_01,group_01,2026-08-17 04:15:45.933,2026-08-17 04:58:37.906,2026-08-17 04:58:39.146,2572.0,6,5,30,6,True,3,P031__trial_01,1,FM-1,FM-1,1,id_like_to_know,group_01_song_b_id_like_to_know,1,Song B,C,3,mix_82d60d7c7fc5,id_like_to_know_pxl_s5,mix_82d60d7c7fc5,id_like_to_know_pxl_s5,True,3,True,True,2026-08-17T03:34:43.399Z,"E: The sound had a good sense of spaciousness and worked well as background music.
D: There was little that bothered me, but it lacked spaciousness and felt somewhat lacking.
B: The harshness and crispness in the high frequencies were noticeable and bothersome.
A: The low frequencies were overly boosted.
C: The midrange was too prominent.","E: The sound had a good sense of spaciousness and worked well as background music.
D: There was little that bothered me, but it lacked spaciousness and felt somewhat lacking.
B: The harshness and crispness in the high frequencies were noticeable and bothersome.
A: The low frequencies were overly boosted.
C: The midrange was too prominent.",367757,assets/audio/study-stimuli/main-study/group_01/song_b_id_like_to_know/pxl_s5.wav,0.0574779175222,17.4848575592,0.146866813302,0.0736307501793,-0.3583378408524605,-0.1527662554529231,0.7972705919658362,1.6270752922517937
3,P031,fcb31938-2808-4afb-b049-94833dd61e65,five_mix_frontend_v1_2026-08-06,five_mix_netlify_forms_v1,five_mix_frontend_v1_2026-08-06,completed,group_01,group_01,2026-08-17 04:15:45.933,2026-08-17 04:58:37.906,2026-08-17 04:58:39.146,2572.0,6,5,30,6,True,4,P031__trial_01,1,FM-1,FM-1,1,id_like_to_know,group_01_song_b_id_like_to_know,1,Song B,D,4,mix_65f41f41d3ab,id_like_to_know_pxl_s3,mix_65f41f41d3ab,id_like_to_know_pxl_s3,True,42,True,True,2026-08-17T03:35:13.191Z,"E: The sound had a good sense of spaciousness and worked well as background music.
D: There was little that bothered me, but it lacked spaciousness and felt somewhat lacking.
B: The harshness and crispness in the high frequencies were noticeable and bothersome.
A: The low frequencies were overly boosted.
C: The midrange was too prominent.","E: The sound had a good sense of spaciousness and worked well as background music.
D: There was little that bothered me, but it lacked spaciousness and felt somewhat lacking.
B: The harshness and crispness in the high frequencies were noticeable and bothersome.
A: The low frequencies were overly boosted.
C: The midrange was too prominent.",367757,assets/audio/study-stimuli/main-study/group_01/song_b_id_like_to_know/pxl_s3.wav,0.0606486909091,15.0860643387,0.0243665315211,-0.00842856336385,0.3234844364321996,-1.065060189455143,-1.1651773700507613,-0.0982478955990668
3,P031,fcb31938-2808-4afb-b049-94833dd61e65,five_mix_frontend_v1_2026-08-06,five_mix_netlify_forms_v1,five_mix_frontend_v1_2026-08-06,completed,group_01,group_01,2026-08-17 04:15:45.933,2026-08-17 04:58:37.906,2026-08-17 04:58:39.146,2572.0,6,5,30,6,True,5,P031__trial_01,1,FM-1,FM-1,1,id_like_to_know,group_01_song_b_id_like_to_know,1,Song B,E,5,mix_b393d3919c78,id_like_to_know_pxl_s7,mix_b393d3919c78,id_like_to_know_pxl_s7,True,86,True,True,2026-08-17T03:35:43.259Z,"E: The sound had a good sense of spaciousness and worked well as background music.
D: There was little that bothered me, but it lacked spaciousness and felt somewhat lacking.
B: The harshness and crispness in the high frequencies were noticeable and bothersome.
A: The low frequencies were overly boosted.
C: The midrange was too prominent.","E: The sound had a good sense of spaciousness and worked well as background music.
D: There was little that bothered me, but it lacked spaciousness and felt somewhat lacking.
B: The harshness and crispness in the high frequencies were noticeable and bothersome.
A: The low frequencies were overly boosted.
C: The midrange was too prominent.",367757,assets/audio/study-stimuli/main-study/group_01/song_b_id_like_to_know/pxl_s7.wav,0.0551121532917,16.2593574524,0.0769432634115,-0.0537673681974,-0.867056238017743,-0.6188407399054331,-0.3229009373128245,-1.0515106991885117
3,P031,fcb31938-2808-4afb-b049-94833dd61e65,five_mix_frontend_v1_2026-08-06,five_mix_netlify_forms_v1,five_mix_frontend_v1_2026-08-06,completed,group_01,group_01,2026-08-17 04:15:45.933,2026-08-17 04:58:37.906,2026-08-17 04:58:39.146,2572.0,6,5,30,6,True,6,P031__trial_02,2,FM-1,FM-1,1,lead_me,group_01_song_a_lead_me,2,Song A,A,1,mix_c7d9a071ba25,lead_me_pxl_l4,mix_c7d9a071ba25,lead_me_pxl_l4,True,10,True,True,2026-08-17T03:39:45.235Z,"D: The reverb was too strong.
C: The balance between the vocals, guitar, and drums was poor.
B: The balance between the vocals, guitar, and drums was poor.
A: The reverb sounded unnatural.
E: The sound felt too close, making it unsuitable as background music while working.","D: The reverb was too strong.
C: The balance between the vocals, guitar, and drums was poor.
B: The balance between the vocals, guitar, and drums was poor.
A: The reverb sounded unnatural.
E: The sound felt too close, making it unsuitable as background music while working.",255012,assets/audio/study-stimuli/main-study/group_01/song_a_lead_me/pxl_l4.wav,0.0588876381516,15.6746520996,0.149041607976,0.109930999577,-0.0552007785055364,-0.8412121981784734,0.8321106863211235,2.390299590706203
3,P031,fcb31938-2808-4afb-b049-94833dd61e65,five_mix_frontend_v1_2026-08-06,five_mix_netlify_forms_v1,five_mix_frontend_v1_2026-08-06,completed,group_01,group_01,2026-08-17 04:15:45.933,2026-08-17 04:58:37.906,2026-08-17 04:58:39.146,2572.0,6,5,30,6,True,7,P031__trial_02,2,FM-1,FM-1,1,lead_me,group_01_song_a_lead_me,2,Song A,B,2,mix_d5b28dfc8a93,lead_me_pxl_l1,mix_d5b28dfc8a93,lead_me_pxl_l1,True,0,True,True,2026-08-17T03:41:10.686Z,"D: The reverb was too strong.
C: The balance between the vocals, guitar, and drums was poor.
B: The balance between the vocals, guitar, and drums was poor.
A: The reverb sounded unnatural.
E: The sound felt too close, making it unsuitable as background music while working.","D: The reverb was too strong.
C: The balance between the vocals, guitar, and drums was poor.
B: The balance between the vocals, guitar, and drums was poor.
A: The reverb sounded unnatural.
E: The sound felt too close, making it unsuitable as background music while working.",255012,assets/audio/study-stimuli/main-study/group_01/song_a_lead_me/pxl_l1.wav,0.0591329820454,16.9195213318,0.0170932952315,-0.0129087874666,-0.0024436394808062,-0.3677713699084406,-1.2816942263900757,-0.1924460334762285
3,P031,fcb31938-2808-4afb-b049-94833dd61e65,five_mix_frontend_v1_2026-08-06,five_mix_netlify_forms_v1,five_mix_frontend_v1_2026-08-06,completed,group_01,group_01,2026-08-17 04:15:45.933,2026-08-17 04:58:37.906,2026-08-17 04:58:39.146,2572.0,6,5,30,6,True,8,P031__trial_02,2,FM-1,FM-1,1,lead_me,group_01_song_a_lead_me,2,Song A,C,3,mix_d3e3580b6e30,lead_me_mcg_pro2,mix_d3e3580b6e30,lead_me_mcg_pro2,True,7,True,True,2026-08-17T03:40:34.008Z,"D: The reverb was too strong.
C: The balance between the vocals, guitar, and drums was poor.
B: The balance between the vocals, guitar, and drums was poor.
A: The reverb sounded unnatural.
E: The sound felt too close, making it unsuitable as background music while working.","D: The reverb was too strong.
C: The balance between the vocals, guitar, and drums was poor.
B: The balance between the vocals, guitar, and drums was poor.
A: The reverb sounded unnatural.
E: The sound felt too close, making it unsuitable as background music while working.",255012,assets/audio/study-stimuli/main-study/group_01/song_a_lead_me/mcg_pro2.wav,0.0730051249266,20.1463222504,0.0392760001123,-0.00143597240094,2.9805308263561203,0.8594252384169624,-0.9263284806752846,0.048773555233824
3,P031,fcb31938-2808-4afb-b049-94833dd61e65,five_mix_frontend_v1_2026-08-06,five_mix_netlify_forms_v1,five_mix_frontend_v1_2026-08-06,completed,group_01,group_01,2026-08-17 04:15:45.933,2026-08-17 04:58:37.906,2026-08-17 04:58:39.146,2572.0,6,5,30,6,True,9,P031__trial_02,2,FM-1,FM-1,1,lead_me,group_01_song_a_lead_me,2,Song A,D,4,mix_f1f7973e5bac,lead_me_du_d,mix_f1f7973e5bac,lead_me_du_d,True,1,True,True,2026-08-17T03:39:58.686Z,"D: The reverb was too strong.
C: The balance between the vocals, guitar, and drums was poor.
B: The balance between the vocals, guitar, and drums was poor.
A: The reverb sounded unnatural.
E: The sound felt too close, making it unsuitable as background music while working.","D: The reverb was too strong.
C: The balance between the vocals, guitar, and drums was poor.
B: The balance between the vocals, guitar, and drums was poor.
A: The reverb sounded unnatural.
E: The sound felt too close, making it unsuitable as background music while working.",255012,assets/audio/study-stimuli/main-study/group_01/song_a_lead_me/du_d.wav,0.0625870004296,13.8143320084,0.117576912045,-0.0521329641342,0.7402857811167308,-1.548717422055362,0.3280479404435016,-1.017146833506479
3,P031,fcb31938-2808-4afb-b049-94833dd61e65,five_mix_frontend_v1_2026-08-06,five_mix_netlify_forms_v1,five_mix_frontend_v1_2026-08-06,completed,group_01,group_01,2026-08-17 04:15:45.933,2026-08-17 04:58:37.906,2026-08-17 04:58:39.146,2572.0,6,5,30,6,True,10,P031__trial_02,2,FM-1,FM-1,1,lead_me,group_01_song_a_lead_me,2,Song A,E,5,mix_271852ba8676,lead_me_du_e,mix_271852ba8676,lead_me_du_e,True,15,True,True,2026-08-17T03:39:52.065Z,"D: The reverb was too strong.
C: The balance between the vocals, guitar, and drums was poor.
B: The balance between the vocals, guitar, and drums was poor.
A: The reverb sounded unnatural.
E: The sound felt too close, making it unsuitable as background music while working.","D: The reverb was too strong.
C: The balance between the vocals, guitar, and drums was poor.
B: The balance between the vocals, guitar, and drums was poor.
A: The reverb sounded unnatural.
E: The sound felt too close, making it unsuitable as background music while working.",255012,assets/audio/study-stimuli/main-study/group_01/song_a_lead_me/du_e.wav,0.0543773770332,19.2538223267,0.0430038608611,0.0436125770211,-1.0250576971995913,0.5199952869185839,-0.8666083508697964,0.9959336464039888
3,P031,fcb31938-2808-4afb-b049-94833dd61e65,five_mix_frontend_v1_2026-08-06,five_mix_netlify_forms_v1,five_mix_frontend_v1_2026-08-06,completed,group_01,group_01,2026-08-17 04:15:45.933,2026-08-17 04:58:37.906,2026-08-17 04:58:39.146,2572.0,6,5,30,6,True,11,P031__trial_03,3,EDR-2,EDR-2,2,id_like_to_know,group_01_song_b_id_like_to_know,1,Song B,A,1,mix_b393d3919c78,id_like_to_know_pxl_s7,mix_b393d3919c78,id_like_to_know_pxl_s7,True,76,True,True,2026-08-17T03:43:47.205Z,"A: The sound was well balanced.
B: The vocals were too weak.
C: The guitar was too prominent, while the vocals were too weak. There was not enough sense of reverb, and the lack of high-frequency extension made the sound feel less spacious.
D: The sound was simple, with little sense of reverb. The high-frequency extension was limited, but the overall tonal balance was not bad.
E: The sound had an exaggerated V-shaped balance, with sharp highs and overly boomy bass.","A: The sound was well balanced.
B: The vocals were too weak.
C: The guitar was too prominent, while the vocals were too weak. There was not enough sense of reverb, and the lack of high-frequency extension made the sound feel less spacious.
D: The sound was simple, with little sense of reverb. The high-frequency extension was limited, but the overall tonal balance was not bad.
E: The sound had an exaggerated V-shaped balance, with sharp highs and overly boomy bass.",225910,assets/audio/study-stimuli/main-study/group_01/song_b_id_like_to_know/pxl_s7.wav,0.0551121532917,16.2593574524,0.0769432634115,-0.0537673681974,-0.867056238017743,-0.6188407399054331,-0.3229009373128245,-1.0515106991885117
3,P031,fcb31938-2808-4afb-b049-94833dd61e65,five_mix_frontend_v1_2026-08-06,five_mix_netlify_forms_v1,five_mix_frontend_v1_2026-08-06,completed,group_01,group_01,2026-08-17 04:15:45.933,2026-08-17 04:58:37.906,2026-08-17 04:58:39.146,2572.0,6,5,30,6,True,12,P031__trial_03,3,EDR-2,EDR-2,2,id_like_to_know,group_01_song_b_id_like_to_know,1,Song B,B,2,mix_9ffcd672af17,id_like_to_know_pxl_s1,mix_9ffcd672af17,id_like_to_know_pxl_s1,True,25,True,True,2026-08-17T03:44:28.053Z,"A: The sound was well balanced.
B: The vocals were too weak.
C: The guitar was too prominent, while the vocals were too weak. There was not enough sense of reverb, and the lack of high-frequency extension made the sound feel less spacious.
D: The sound was simple, with little sense of reverb. The high-frequency extension was limited, but the overall tonal balance was not bad.
E: The sound had an exaggerated V-shaped balance, with sharp highs and overly boomy bass.","A: The sound was well balanced.
B: The vocals were too weak.
C: The guitar was too prominent, while the vocals were too weak. There was not enough sense of reverb, and the lack of high-frequency extension made the sound feel less spacious.
D: The sound was simple, with little sense of reverb. The high-frequency extension was limited, but the overall tonal balance was not bad.
E: The sound had an exaggerated V-shaped balance, with sharp highs and overly boomy bass.",225910,assets/audio/study-stimuli/main-study/group_01/song_b_id_like_to_know/pxl_s1.wav,0.0565126091242,16.3633155823,0.0668171644211,0.0607972890139,-0.5659114167269081,-0.579304038497624,-0.4851205015292653,1.357247686182373
3,P031,fcb31938-2808-4afb-b049-94833dd61e65,five_mix_frontend_v1_2026-08-06,five_mix_netlify_forms_v1,five_mix_frontend_v1_2026-08-06,completed,group_01,group_01,2026-08-17 04:15:45.933,2026-08-17 04:58:37.906,2026-08-17 04:58:39.146,2572.0,6,5,30,6,True,13,P031__trial_03,3,EDR-2,EDR-2,2,id_like_to_know,group_01_song_b_id_like_to_know,1,Song B,C,3,mix_82d60d7c7fc5,id_like_to_know_pxl_s5,mix_82d60d7c7fc5,id_like_to_know_pxl_s5,True,12,True,True,2026-08-17T03:44:58.694Z,"A: The sound was well balanced.
B: The vocals were too weak.
C: The guitar was too prominent, while the vocals were too weak. There was not enough sense of reverb, and the lack of high-frequency extension made the sound feel less spacious.
D: The sound was simple, with little sense of reverb. The high-frequency extension was limited, but the overall tonal balance was not bad.
E: The sound had an exaggerated V-shaped balance, with sharp highs and overly boomy bass.","A: The sound was well balanced.
B: The vocals were too weak.
C: The guitar was too prominent, while the vocals were too weak. There was not enough sense of reverb, and the lack of high-frequency extension made the sound feel less spacious.
D: The sound was simple, with little sense of reverb. The high-frequency extension was limited, but the overall tonal balance was not bad.
E: The sound had an exaggerated V-shaped balance, with sharp highs and overly boomy bass.",225910,assets/audio/study-stimuli/main-study/group_01/song_b_id_like_to_know/pxl_s5.wav,0.0574779175222,17.4848575592,0.146866813302,0.0736307501793,-0.3583378408524605,-0.1527662554529231,0.7972705919658362,1.6270752922517937
3,P031,fcb31938-2808-4afb-b049-94833dd61e65,five_mix_frontend_v1_2026-08-06,five_mix_netlify_forms_v1,five_mix_frontend_v1_2026-08-06,completed,group_01,group_01,2026-08-17 04:15:45.933,2026-08-17 04:58:37.906,2026-08-17 04:58:39.146,2572.0,6,5,30,6,True,14,P031__trial_03,3,EDR-2,EDR-2,2,id_like_to_know,group_01_song_b_id_like_to_know,1,Song B,D,4,mix_65f41f41d3ab,id_like_to_know_pxl_s3,mix_65f41f41d3ab,id_like_to_know_pxl_s3,True,50,True,True,2026-08-17T03:45:36.101Z,"A: The sound was well balanced.
B: The vocals were too weak.
C: The guitar was too prominent, while the vocals were too weak. There was not enough sense of reverb, and the lack of high-frequency extension made the sound feel less spacious.
D: The sound was simple, with little sense of reverb. The high-frequency extension was limited, but the overall tonal balance was not bad.
E: The sound had an exaggerated V-shaped balance, with sharp highs and overly boomy bass.","A: The sound was well balanced.
B: The vocals were too weak.
C: The guitar was too prominent, while the vocals were too weak. There was not enough sense of reverb, and the lack of high-frequency extension made the sound feel less spacious.
D: The sound was simple, with little sense of reverb. The high-frequency extension was limited, but the overall tonal balance was not bad.
E: The sound had an exaggerated V-shaped balance, with sharp highs and overly boomy bass.",225910,assets/audio/study-stimuli/main-study/group_01/song_b_id_like_to_know/pxl_s3.wav,0.0606486909091,15.0860643387,0.0243665315211,-0.00842856336385,0.3234844364321996,-1.065060189455143,-1.1651773700507613,-0.0982478955990668
3,P031,fcb31938-2808-4afb-b049-94833dd61e65,five_mix_frontend_v1_2026-08-06,five_mix_netlify_forms_v1,five_mix_frontend_v1_2026-08-06,completed,group_01,group_01,2026-08-17 04:15:45.933,2026-08-17 04:58:37.906,2026-08-17 04:58:39.146,2572.0,6,5,30,6,True,15,P031__trial_03,3,EDR-2,EDR-2,2,id_like_to_know,group_01_song_b_id_like_to_know,1,Song B,E,5,mix_6f8b655d7999,id_like_to_know_pxl_s2,mix_6f8b655d7999,id_like_to_know_pxl_s2,True,41,True,True,2026-08-17T03:46:15.344Z,"A: The sound was well balanced.
B: The vocals were too weak.
C: The guitar was too prominent, while the vocals were too weak. There was not enough sense of reverb, and the lack of high-frequency extension made the sound feel less spacious.
D: The sound was simple, with little sense of reverb. The high-frequency extension was limited, but the overall tonal balance was not bad.
E: The sound had an exaggerated V-shaped balance, with sharp highs and overly boomy bass.","A: The sound was well balanced.
B: The vocals were too weak.
C: The guitar was too prominent, while the vocals were too weak. There was not enough sense of reverb, and the lack of high-frequency extension made the sound feel less spacious.
D: The sound was simple, with little sense of reverb. The high-frequency extension was limited, but the overall tonal balance was not bad.
E: The sound had an exaggerated V-shaped balance, with sharp highs and overly boomy bass.",225910,assets/audio/study-stimuli/main-study/group_01/song_b_id_like_to_know/pxl_s2.wav,0.0616230294108,14.7642059326,0.049424380064,0.0224525164813,0.5329997864789321,-1.1874673519330532,-0.7637519766505488,0.5510366380169074
3,P031,fcb31938-2808-4afb-b049-94833dd61e65,five_mix_frontend_v1_2026-08-06,five_mix_netlify_forms_v1,five_mix_frontend_v1_2026-08-06,completed,group_01,group_01,2026-08-17 04:15:45.933,2026-08-17 04:58:37.906,2026-08-17 04:58:39.146,2572.0,6,5,30,6,True,16,P031__trial_04,4,EDR-2,EDR-2,2,lead_me,group_01_song_a_lead_me,2,Song A,A,1,mix_f1f7973e5bac,lead_me_du_d,mix_f1f7973e5bac,lead_me_du_d,True,89,True,True,2026-08-17T03:47:38.274Z,"A: The sound had an SR-system-like character, as if I were at a live venue, creating a strong sense of being away from everyday life.
B: The sound felt too close and was fatiguing to listen to.
C: It gave the impression of a rehearsal in an empty live venue. It lacked a sense of realism or presence, with only the reverb standing out. There was virtually no low end.
D: There was little sense of reverb, and the low frequencies were too strong.
E: The overall sound balance was very poor.
","A: The sound had an SR-system-like character, as if I were at a live venue, creating a strong sense of being away from everyday life.
B: The sound felt too close and was fatiguing to listen to.
C: It gave the impression of a rehearsal in an empty live venue. It lacked a sense of realism or presence, with only the reverb standing out. There was virtually no low end.
D: There was little sense of reverb, and the low frequencies were too strong.
E: The overall sound balance was very poor.",218981,assets/audio/study-stimuli/main-study/group_01/song_a_lead_me/du_d.wav,0.0625870004296,13.8143320084,0.117576912045,-0.0521329641342,0.7402857811167308,-1.548717422055362,0.3280479404435016,-1.017146833506479
3,P031,fcb31938-2808-4afb-b049-94833dd61e65,five_mix_frontend_v1_2026-08-06,five_mix_netlify_forms_v1,five_mix_frontend_v1_2026-08-06,completed,group_01,group_01,2026-08-17 04:15:45.933,2026-08-17 04:58:37.906,2026-08-17 04:58:39.146,2572.0,6,5,30,6,True,17,P031__trial_04,4,EDR-2,EDR-2,2,lead_me,group_01_song_a_lead_me,2,Song A,B,2,mix_271852ba8676,lead_me_du_e,mix_271852ba8676,lead_me_du_e,True,13,True,True,2026-08-17T03:48:27.514Z,"A: The sound had an SR-system-like character, as if I were at a live venue, creating a strong sense of being away from everyday life.
B: The sound felt too close and was fatiguing to listen to.
C: It gave the impression of a rehearsal in an empty live venue. It lacked a sense of realism or presence, with only the reverb standing out. There was virtually no low end.
D: There was little sense of reverb, and the low frequencies were too strong.
E: The overall sound balance was very poor.
","A: The sound had an SR-system-like character, as if I were at a live venue, creating a strong sense of being away from everyday life.
B: The sound felt too close and was fatiguing to listen to.
C: It gave the impression of a rehearsal in an empty live venue. It lacked a sense of realism or presence, with only the reverb standing out. There was virtually no low end.
D: There was little sense of reverb, and the low frequencies were too strong.
E: The overall sound balance was very poor.",218981,assets/audio/study-stimuli/main-study/group_01/song_a_lead_me/du_e.wav,0.0543773770332,19.2538223267,0.0430038608611,0.0436125770211,-1.0250576971995913,0.5199952869185839,-0.8666083508697964,0.9959336464039888
3,P031,fcb31938-2808-4afb-b049-94833dd61e65,five_mix_frontend_v1_2026-08-06,five_mix_netlify_forms_v1,five_mix_frontend_v1_2026-08-06,completed,group_01,group_01,2026-08-17 04:15:45.933,2026-08-17 04:58:37.906,2026-08-17 04:58:39.146,2572.0,6,5,30,6,True,18,P031__trial_04,4,EDR-2,EDR-2,2,lead_me,group_01_song_a_lead_me,2,Song A,C,3,mix_c7d9a071ba25,lead_me_pxl_l4,mix_c7d9a071ba25,lead_me_pxl_l4,True,24,True,True,2026-08-17T03:48:47.308Z,"A: The sound had an SR-system-like character, as if I were at a live venue, creating a strong sense of being away from everyday life.
B: The sound felt too close and was fatiguing to listen to.
C: It gave the impression of a rehearsal in an empty live venue. It lacked a sense of realism or presence, with only the reverb standing out. There was virtually no low end.
D: There was little sense of reverb, and the low frequencies were too strong.
E: The overall sound balance was very poor.
","A: The sound had an SR-system-like character, as if I were at a live venue, creating a strong sense of being away from everyday life.
B: The sound felt too close and was fatiguing to listen to.
C: It gave the impression of a rehearsal in an empty live venue. It lacked a sense of realism or presence, with only the reverb standing out. There was virtually no low end.
D: There was little sense of reverb, and the low frequencies were too strong.
E: The overall sound balance was very poor.",218981,assets/audio/study-stimuli/main-study/group_01/song_a_lead_me/pxl_l4.wav,0.0588876381516,15.6746520996,0.149041607976,0.109930999577,-0.0552007785055364,-0.8412121981784734,0.8321106863211235,2.390299590706203
3,P031,fcb31938-2808-4afb-b049-94833dd61e65,five_mix_frontend_v1_2026-08-06,five_mix_netlify_forms_v1,five_mix_frontend_v1_2026-08-06,completed,group_01,group_01,2026-08-17 04:15:45.933,2026-08-17 04:58:37.906,2026-08-17 04:58:39.146,2572.0,6,5,30,6,True,19,P031__trial_04,4,EDR-2,EDR-2,2,lead_me,group_01_song_a_lead_me,2,Song A,D,4,mix_d3e3580b6e30,lead_me_mcg_pro2,mix_d3e3580b6e30,lead_me_mcg_pro2,True,35,True,True,2026-08-17T03:49:35.885Z,"A: The sound had an SR-system-like character, as if I were at a live venue, creating a strong sense of being away from everyday life.
B: The sound felt too close and was fatiguing to listen to.
C: It gave the impression of a rehearsal in an empty live venue. It lacked a sense of realism or presence, with only the reverb standing out. There was virtually no low end.
D: There was little sense of reverb, and the low frequencies were too strong.
E: The overall sound balance was very poor.
","A: The sound had an SR-system-like character, as if I were at a live venue, creating a strong sense of being away from everyday life.
B: The sound felt too close and was fatiguing to listen to.
C: It gave the impression of a rehearsal in an empty live venue. It lacked a sense of realism or presence, with only the reverb standing out. There was virtually no low end.
D: There was little sense of reverb, and the low frequencies were too strong.
E: The overall sound balance was very poor.",218981,assets/audio/study-stimuli/main-study/group_01/song_a_lead_me/mcg_pro2.wav,0.0730051249266,20.1463222504,0.0392760001123,-0.00143597240094,2.9805308263561203,0.8594252384169624,-0.9263284806752846,0.048773555233824
3,P031,fcb31938-2808-4afb-b049-94833dd61e65,five_mix_frontend_v1_2026-08-06,five_mix_netlify_forms_v1,five_mix_frontend_v1_2026-08-06,completed,group_01,group_01,2026-08-17 04:15:45.933,2026-08-17 04:58:37.906,2026-08-17 04:58:39.146,2572.0,6,5,30,6,True,20,P031__trial_04,4,EDR-2,EDR-2,2,lead_me,group_01_song_a_lead_me,2,Song A,E,5,mix_d5b28dfc8a93,lead_me_pxl_l1,mix_d5b28dfc8a93,lead_me_pxl_l1,True,6,True,True,2026-08-17T03:50:22.323Z,"A: The sound had an SR-system-like character, as if I were at a live venue, creating a strong sense of being away from everyday life.
B: The sound felt too close and was fatiguing to listen to.
C: It gave the impression of a rehearsal in an empty live venue. It lacked a sense of realism or presence, with only the reverb standing out. There was virtually no low end.
D: There was little sense of reverb, and the low frequencies were too strong.
E: The overall sound balance was very poor.
","A: The sound had an SR-system-like character, as if I were at a live venue, creating a strong sense of being away from everyday life.
B: The sound felt too close and was fatiguing to listen to.
C: It gave the impression of a rehearsal in an empty live venue. It lacked a sense of realism or presence, with only the reverb standing out. There was virtually no low end.
D: There was little sense of reverb, and the low frequencies were too strong.
E: The overall sound balance was very poor.",218981,assets/audio/study-stimuli/main-study/group_01/song_a_lead_me/pxl_l1.wav,0.0591329820454,16.9195213318,0.0170932952315,-0.0129087874666,-0.0024436394808062,-0.3677713699084406,-1.2816942263900757,-0.1924460334762285
3,P031,fcb31938-2808-4afb-b049-94833dd61e65,five_mix_frontend_v1_2026-08-06,five_mix_netlify_forms_v1,five_mix_frontend_v1_2026-08-06,completed,group_01,group_01,2026-08-17 04:15:45.933,2026-08-17 04:58:37.906,2026-08-17 04:58:39.146,2572.0,6,5,30,6,True,21,P031__trial_05,5,EDR-1,EDR-1,3,id_like_to_know,group_01_song_b_id_like_to_know,1,Song B,A,1,mix_b393d3919c78,id_like_to_know_pxl_s7,mix_b393d3919c78,id_like_to_know_pxl_s7,True,50,True,True,2026-08-17T03:51:31.032Z,"A: Nothing in particular bothered me.
B: The high frequencies were lacking.
C: The sound had a pronounced V-shaped balance, with emphasized highs and lows.
D: The sound felt somewhat lacking overall.
E: The sound was slightly V-shaped, with somewhat emphasized highs and lows.","A: Nothing in particular bothered me.
B: The high frequencies were lacking.
C: The sound had a pronounced V-shaped balance, with emphasized highs and lows.
D: The sound felt somewhat lacking overall.
E: The sound was slightly V-shaped, with somewhat emphasized highs and lows.",169139,assets/audio/study-stimuli/main-study/group_01/song_b_id_like_to_know/pxl_s7.wav,0.0551121532917,16.2593574524,0.0769432634115,-0.0537673681974,-0.867056238017743,-0.6188407399054331,-0.3229009373128245,-1.0515106991885117
3,P031,fcb31938-2808-4afb-b049-94833dd61e65,five_mix_frontend_v1_2026-08-06,five_mix_netlify_forms_v1,five_mix_frontend_v1_2026-08-06,completed,group_01,group_01,2026-08-17 04:15:45.933,2026-08-17 04:58:37.906,2026-08-17 04:58:39.146,2572.0,6,5,30,6,True,22,P031__trial_05,5,EDR-1,EDR-1,3,id_like_to_know,group_01_song_b_id_like_to_know,1,Song B,B,2,mix_82d60d7c7fc5,id_like_to_know_pxl_s5,mix_82d60d7c7fc5,id_like_to_know_pxl_s5,True,24,True,True,2026-08-17T03:51:58.936Z,"A: Nothing in particular bothered me.
B: The high frequencies were lacking.
C: The sound had a pronounced V-shaped balance, with emphasized highs and lows.
D: The sound felt somewhat lacking overall.
E: The sound was slightly V-shaped, with somewhat emphasized highs and lows.","A: Nothing in particular bothered me.
B: The high frequencies were lacking.
C: The sound had a pronounced V-shaped balance, with emphasized highs and lows.
D: The sound felt somewhat lacking overall.
E: The sound was slightly V-shaped, with somewhat emphasized highs and lows.",169139,assets/audio/study-stimuli/main-study/group_01/song_b_id_like_to_know/pxl_s5.wav,0.0574779175222,17.4848575592,0.146866813302,0.0736307501793,-0.3583378408524605,-0.1527662554529231,0.7972705919658362,1.6270752922517937
3,P031,fcb31938-2808-4afb-b049-94833dd61e65,five_mix_frontend_v1_2026-08-06,five_mix_netlify_forms_v1,five_mix_frontend_v1_2026-08-06,completed,group_01,group_01,2026-08-17 04:15:45.933,2026-08-17 04:58:37.906,2026-08-17 04:58:39.146,2572.0,6,5,30,6,True,23,P031__trial_05,5,EDR-1,EDR-1,3,id_like_to_know,group_01_song_b_id_like_to_know,1,Song B,C,3,mix_9ffcd672af17,id_like_to_know_pxl_s1,mix_9ffcd672af17,id_like_to_know_pxl_s1,True,20,True,True,2026-08-17T03:52:13.929Z,"A: Nothing in particular bothered me.
B: The high frequencies were lacking.
C: The sound had a pronounced V-shaped balance, with emphasized highs and lows.
D: The sound felt somewhat lacking overall.
E: The sound was slightly V-shaped, with somewhat emphasized highs and lows.","A: Nothing in particular bothered me.
B: The high frequencies were lacking.
C: The sound had a pronounced V-shaped balance, with emphasized highs and lows.
D: The sound felt somewhat lacking overall.
E: The sound was slightly V-shaped, with somewhat emphasized highs and lows.",169139,assets/audio/study-stimuli/main-study/group_01/song_b_id_like_to_know/pxl_s1.wav,0.0565126091242,16.3633155823,0.0668171644211,0.0607972890139,-0.5659114167269081,-0.579304038497624,-0.4851205015292653,1.357247686182373
3,P031,fcb31938-2808-4afb-b049-94833dd61e65,five_mix_frontend_v1_2026-08-06,five_mix_netlify_forms_v1,five_mix_frontend_v1_2026-08-06,completed,group_01,group_01,2026-08-17 04:15:45.933,2026-08-17 04:58:37.906,2026-08-17 04:58:39.146,2572.0,6,5,30,6,True,24,P031__trial_05,5,EDR-1,EDR-1,3,id_like_to_know,group_01_song_b_id_like_to_know,1,Song B,D,4,mix_65f41f41d3ab,id_like_to_know_pxl_s3,mix_65f41f41d3ab,id_like_to_know_pxl_s3,True,17,True,True,2026-08-17T03:52:34.567Z,"A: Nothing in particular bothered me.
B: The high frequencies were lacking.
C: The sound had a pronounced V-shaped balance, with emphasized highs and lows.
D: The sound felt somewhat lacking overall.
E: The sound was slightly V-shaped, with somewhat emphasized highs and lows.","A: Nothing in particular bothered me.
B: The high frequencies were lacking.
C: The sound had a pronounced V-shaped balance, with emphasized highs and lows.
D: The sound felt somewhat lacking overall.
E: The sound was slightly V-shaped, with somewhat emphasized highs and lows.",169139,assets/audio/study-stimuli/main-study/group_01/song_b_id_like_to_know/pxl_s3.wav,0.0606486909091,15.0860643387,0.0243665315211,-0.00842856336385,0.3234844364321996,-1.065060189455143,-1.1651773700507613,-0.0982478955990668
3,P031,fcb31938-2808-4afb-b049-94833dd61e65,five_mix_frontend_v1_2026-08-06,five_mix_netlify_forms_v1,five_mix_frontend_v1_2026-08-06,completed,group_01,group_01,2026-08-17 04:15:45.933,2026-08-17 04:58:37.906,2026-08-17 04:58:39.146,2572.0,6,5,30,6,True,25,P031__trial_05,5,EDR-1,EDR-1,3,id_like_to_know,group_01_song_b_id_like_to_know,1,Song B,E,5,mix_6f8b655d7999,id_like_to_know_pxl_s2,mix_6f8b655d7999,id_like_to_know_pxl_s2,True,38,True,True,2026-08-17T03:53:00.014Z,"A: Nothing in particular bothered me.
B: The high frequencies were lacking.
C: The sound had a pronounced V-shaped balance, with emphasized highs and lows.
D: The sound felt somewhat lacking overall.
E: The sound was slightly V-shaped, with somewhat emphasized highs and lows.","A: Nothing in particular bothered me.
B: The high frequencies were lacking.
C: The sound had a pronounced V-shaped balance, with emphasized highs and lows.
D: The sound felt somewhat lacking overall.
E: The sound was slightly V-shaped, with somewhat emphasized highs and lows.",169139,assets/audio/study-stimuli/main-study/group_01/song_b_id_like_to_know/pxl_s2.wav,0.0616230294108,14.7642059326,0.049424380064,0.0224525164813,0.5329997864789321,-1.1874673519330532,-0.7637519766505488,0.5510366380169074
3,P031,fcb31938-2808-4afb-b049-94833dd61e65,five_mix_frontend_v1_2026-08-06,five_mix_netlify_forms_v1,five_mix_frontend_v1_2026-08-06,completed,group_01,group_01,2026-08-17 04:15:45.933,2026-08-17 04:58:37.906,2026-08-17 04:58:39.146,2572.0,6,5,30,6,True,26,P031__trial_06,6,EDR-1,EDR-1,3,lead_me,group_01_song_a_lead_me,2,Song A,A,1,mix_271852ba8676,lead_me_du_e,mix_271852ba8676,lead_me_du_e,True,25,True,True,2026-08-17T03:54:06.974Z,"C: The drums were too prominent.
E: The drums were barely audible.
A: There was little sense of reverb, and the sound source felt too close. It was fatiguing to listen to.
D: The reverb was too strong. It felt as if I were listening in an unusual acoustic environment, which sounded unnatural.
B: The overall sound quality was poor.","C: The drums were too prominent.
E: The drums were barely audible.
A: There was little sense of reverb, and the sound source felt too close. It was fatiguing to listen to.
D: The reverb was too strong. It felt as if I were listening in an unusual acoustic environment, which sounded unnatural.
B: The overall sound quality was poor.",169182,assets/audio/study-stimuli/main-study/group_01/song_a_lead_me/du_e.wav,0.0543773770332,19.2538223267,0.0430038608611,0.0436125770211,-1.0250576971995913,0.5199952869185839,-0.8666083508697964,0.9959336464039888
3,P031,fcb31938-2808-4afb-b049-94833dd61e65,five_mix_frontend_v1_2026-08-06,five_mix_netlify_forms_v1,five_mix_frontend_v1_2026-08-06,completed,group_01,group_01,2026-08-17 04:15:45.933,2026-08-17 04:58:37.906,2026-08-17 04:58:39.146,2572.0,6,5,30,6,True,27,P031__trial_06,6,EDR-1,EDR-1,3,lead_me,group_01_song_a_lead_me,2,Song A,B,2,mix_d5b28dfc8a93,lead_me_pxl_l1,mix_d5b28dfc8a93,lead_me_pxl_l1,True,4,True,True,2026-08-17T03:54:12.266Z,"C: The drums were too prominent.
E: The drums were barely audible.
A: There was little sense of reverb, and the sound source felt too close. It was fatiguing to listen to.
D: The reverb was too strong. It felt as if I were listening in an unusual acoustic environment, which sounded unnatural.
B: The overall sound quality was poor.","C: The drums were too prominent.
E: The drums were barely audible.
A: There was little sense of reverb, and the sound source felt too close. It was fatiguing to listen to.
D: The reverb was too strong. It felt as if I were listening in an unusual acoustic environment, which sounded unnatural.
B: The overall sound quality was poor.",169182,assets/audio/study-stimuli/main-study/group_01/song_a_lead_me/pxl_l1.wav,0.0591329820454,16.9195213318,0.0170932952315,-0.0129087874666,-0.0024436394808062,-0.3677713699084406,-1.2816942263900757,-0.1924460334762285
3,P031,fcb31938-2808-4afb-b049-94833dd61e65,five_mix_frontend_v1_2026-08-06,five_mix_netlify_forms_v1,five_mix_frontend_v1_2026-08-06,completed,group_01,group_01,2026-08-17 04:15:45.933,2026-08-17 04:58:37.906,2026-08-17 04:58:39.146,2572.0,6,5,30,6,True,28,P031__trial_06,6,EDR-1,EDR-1,3,lead_me,group_01_song_a_lead_me,2,Song A,C,3,mix_d3e3580b6e30,lead_me_mcg_pro2,mix_d3e3580b6e30,lead_me_mcg_pro2,True,37,True,True,2026-08-17T03:54:16.147Z,"C: The drums were too prominent.
E: The drums were barely audible.
A: There was little sense of reverb, and the sound source felt too close. It was fatiguing to listen to.
D: The reverb was too strong. It felt as if I were listening in an unusual acoustic environment, which sounded unnatural.
B: The overall sound quality was poor.","C: The drums were too prominent.
E: The drums were barely audible.
A: There was little sense of reverb, and the sound source felt too close. It was fatiguing to listen to.
D: The reverb was too strong. It felt as if I were listening in an unusual acoustic environment, which sounded unnatural.
B: The overall sound quality was poor.",169182,assets/audio/study-stimuli/main-study/group_01/song_a_lead_me/mcg_pro2.wav,0.0730051249266,20.1463222504,0.0392760001123,-0.00143597240094,2.9805308263561203,0.8594252384169624,-0.9263284806752846,0.048773555233824
3,P031,fcb31938-2808-4afb-b049-94833dd61e65,five_mix_frontend_v1_2026-08-06,five_mix_netlify_forms_v1,five_mix_frontend_v1_2026-08-06,completed,group_01,group_01,2026-08-17 04:15:45.933,2026-08-17 04:58:37.906,2026-08-17 04:58:39.146,2572.0,6,5,30,6,True,29,P031__trial_06,6,EDR-1,EDR-1,3,lead_me,group_01_song_a_lead_me,2,Song A,D,4,mix_f1f7973e5bac,lead_me_du_d,mix_f1f7973e5bac,lead_me_du_d,True,14,True,True,2026-08-17T03:54:29.085Z,"C: The drums were too prominent.
E: The drums were barely audible.
A: There was little sense of reverb, and the sound source felt too close. It was fatiguing to listen to.
D: The reverb was too strong. It felt as if I were listening in an unusual acoustic environment, which sounded unnatural.
B: The overall sound quality was poor.","C: The drums were too prominent.
E: The drums were barely audible.
A: There was little sense of reverb, and the sound source felt too close. It was fatiguing to listen to.
D: The reverb was too strong. It felt as if I were listening in an unusual acoustic environment, which sounded unnatural.
B: The overall sound quality was poor.",169182,assets/audio/study-stimuli/main-study/group_01/song_a_lead_me/du_d.wav,0.0625870004296,13.8143320084,0.117576912045,-0.0521329641342,0.7402857811167308,-1.548717422055362,0.3280479404435016,-1.017146833506479
3,P031,fcb31938-2808-4afb-b049-94833dd61e65,five_mix_frontend_v1_2026-08-06,five_mix_netlify_forms_v1,five_mix_frontend_v1_2026-08-06,completed,group_01,group_01,2026-08-17 04:15:45.933,2026-08-17 04:58:37.906,2026-08-17 04:58:39.146,2572.0,6,5,30,6,True,30,P031__trial_06,6,EDR-1,EDR-1,3,lead_me,group_01_song_a_lead_me,2,Song A,E,5,mix_c7d9a071ba25,lead_me_pxl_l4,mix_c7d9a071ba25,lead_me_pxl_l4,True,31,True,True,2026-08-17T03:54:33.673Z,"C: The drums were too prominent.
E: The drums were barely audible.
A: There was little sense of reverb, and the sound source felt too close. It was fatiguing to listen to.
D: The reverb was too strong. It felt as if I were listening in an unusual acoustic environment, which sounded unnatural.
B: The overall sound quality was poor.","C: The drums were too prominent.
E: The drums were barely audible.
A: There was little sense of reverb, and the sound source felt too close. It was fatiguing to listen to.
D: The reverb was too strong. It felt as if I were listening in an unusual acoustic environment, which sounded unnatural.
B: The overall sound quality was poor.",169182,assets/audio/study-stimuli/main-study/group_01/song_a_lead_me/pxl_l4.wav,0.0588876381516,15.6746520996,0.149041607976,0.109930999577,-0.0552007785055364,-0.8412121981784734,0.8321106863211235,2.390299590706203
4,P030,831c9cc5-c7a7-4330-8e58-8a69c8c2c531,five_mix_frontend_v1_2026-08-06,five_mix_netlify_forms_v1,five_mix_frontend_v1_2026-08-06,completed,group_02,group_02,2026-08-17 03:16:27.144,2026-08-17 03:30:41.808,2026-08-17 03:30:42.564,855.0,6,5,30,6,True,1,P030__trial_01,1,FM-1,FM-1,1,in_the_meantime,group_02_song_a_in_the_meantime,1,Song A,A,1,mix_cdaef40f2b94,in_the_meantime_qut_pro,mix_cdaef40f2b94,in_the_meantime_qut_pro,True,71,True,True,2026-08-17T02:18:05.622Z,"Mix E music I wouldn't choose it, the same as Mix B since sounds like it has a filter. Mix D is balanced but I don't find it special. Mix A and C I like them because I feel they are more energetic","Mix E music I wouldn't choose it, the same as Mix B since sounds like it has a filter. Mix D is balanced but I don't find it special. Mix A and C I like them because I feel they are more energetic",128998,assets/audio/study-stimuli/main-study/group_02/song_a_in_the_meantime/qut_pro.wav,0.0560023784637,14.1143035889,0.212649226189,-0.0385963246226,-0.6756280657690176,-1.4346341192827423,1.8511013279434223,-0.7325346788768815
4,P030,831c9cc5-c7a7-4330-8e58-8a69c8c2c531,five_mix_frontend_v1_2026-08-06,five_mix_netlify_forms_v1,five_mix_frontend_v1_2026-08-06,completed,group_02,group_02,2026-08-17 03:16:27.144,2026-08-17 03:30:41.808,2026-08-17 03:30:42.564,855.0,6,5,30,6,True,2,P030__trial_01,1,FM-1,FM-1,1,in_the_meantime,group_02_song_a_in_the_meantime,1,Song A,B,2,mix_c7bdcba64775,in_the_meantime_qut_b,mix_c7bdcba64775,in_the_meantime_qut_b,True,24,True,True,2026-08-17T02:18:20.837Z,"Mix E music I wouldn't choose it, the same as Mix B since sounds like it has a filter. Mix D is balanced but I don't find it special. Mix A and C I like them because I feel they are more energetic","Mix E music I wouldn't choose it, the same as Mix B since sounds like it has a filter. Mix D is balanced but I don't find it special. Mix A and C I like them because I feel they are more energetic",128998,assets/audio/study-stimuli/main-study/group_02/song_a_in_the_meantime/qut_b.wav,0.0560294315219,17.366355896,0.000543582602404,0.000562923552934,-0.6698107538710293,-0.1978340618743536,-1.5468197375217057,0.0908009789400507
4,P030,831c9cc5-c7a7-4330-8e58-8a69c8c2c531,five_mix_frontend_v1_2026-08-06,five_mix_netlify_forms_v1,five_mix_frontend_v1_2026-08-06,completed,group_02,group_02,2026-08-17 03:16:27.144,2026-08-17 03:30:41.808,2026-08-17 03:30:42.564,855.0,6,5,30,6,True,3,P030__trial_01,1,FM-1,FM-1,1,in_the_meantime,group_02_song_a_in_the_meantime,1,Song A,C,3,mix_9baa86357fd4,in_the_meantime_du_i,mix_9baa86357fd4,in_the_meantime_du_i,True,92,True,True,2026-08-17T02:18:23.767Z,"Mix E music I wouldn't choose it, the same as Mix B since sounds like it has a filter. Mix D is balanced but I don't find it special. Mix A and C I like them because I feel they are more energetic","Mix E music I wouldn't choose it, the same as Mix B since sounds like it has a filter. Mix D is balanced but I don't find it special. Mix A and C I like them because I feel they are more energetic",128998,assets/audio/study-stimuli/main-study/group_02/song_a_in_the_meantime/du_i.wav,0.0503131300211,22.9316368103,0.130904406309,-0.0380811542273,-1.8990066727669184,1.9187185345499165,0.5415536857115313,-0.721703057329889
4,P030,831c9cc5-c7a7-4330-8e58-8a69c8c2c531,five_mix_frontend_v1_2026-08-06,five_mix_netlify_forms_v1,five_mix_frontend_v1_2026-08-06,completed,group_02,group_02,2026-08-17 03:16:27.144,2026-08-17 03:30:41.808,2026-08-17 03:30:42.564,855.0,6,5,30,6,True,4,P030__trial_01,1,FM-1,FM-1,1,in_the_meantime,group_02_song_a_in_the_meantime,1,Song A,D,4,mix_302f0efe8a80,in_the_meantime_du_h,mix_302f0efe8a80,in_the_meantime_du_h,True,47,True,True,2026-08-17T02:18:22.977Z,"Mix E music I wouldn't choose it, the same as Mix B since sounds like it has a filter. Mix D is balanced but I don't find it special. Mix A and C I like them because I feel they are more energetic","Mix E music I wouldn't choose it, the same as Mix B since sounds like it has a filter. Mix D is balanced but I don't find it special. Mix A and C I like them because I feel they are more energetic",128998,assets/audio/study-stimuli/main-study/group_02/song_a_in_the_meantime/du_h.wav,0.0623472034931,18.601518631,0.0428314469755,0.0354086197913,0.6887214233465396,0.2719152524959843,-0.8693704120952901,0.8234428342152216
4,P030,831c9cc5-c7a7-4330-8e58-8a69c8c2c531,five_mix_frontend_v1_2026-08-06,five_mix_netlify_forms_v1,five_mix_frontend_v1_2026-08-06,completed,group_02,group_02,2026-08-17 03:16:27.144,2026-08-17 03:30:41.808,2026-08-17 03:30:42.564,855.0,6,5,30,6,True,5,P030__trial_01,1,FM-1,FM-1,1,in_the_meantime,group_02_song_a_in_the_meantime,1,Song A,E,5,mix_56e65a3ce054,in_the_meantime_du_k,mix_56e65a3ce054,in_the_meantime_du_k,True,6,True,True,2026-08-17T02:18:22.152Z,"Mix E music I wouldn't choose it, the same as Mix B since sounds like it has a filter. Mix D is balanced but I don't find it special. Mix A and C I like them because I feel they are more energetic","Mix E music I wouldn't choose it, the same as Mix B since sounds like it has a filter. Mix D is balanced but I don't find it special. Mix A and C I like them because I feel they are more energetic",128998,assets/audio/study-stimuli/main-study/group_02/song_a_in_the_meantime/du_k.wav,0.0539390221238,22.5979270935,0.15773075819,0.0170408543199,-1.1193186569455127,1.7918041562064675,0.9713104079970216,0.4372547184671072
4,P030,831c9cc5-c7a7-4330-8e58-8a69c8c2c531,five_mix_frontend_v1_2026-08-06,five_mix_netlify_forms_v1,five_mix_frontend_v1_2026-08-06,completed,group_02,group_02,2026-08-17 03:16:27.144,2026-08-17 03:30:41.808,2026-08-17 03:30:42.564,855.0,6,5,30,6,True,6,P030__trial_02,2,FM-1,FM-1,1,pouring_room,group_02_song_b_pouring_room,2,Song B,A,1,mix_cbf8555ee2b2,pouring_room_mcg_x,mix_cbf8555ee2b2,pouring_room_mcg_x,True,69,True,True,2026-08-17T02:20:14.885Z,Mix E and B are to bright compared to others. I like Mix C and D since sound more for focusing.. Mix A is not bad but is not like Mix D  and C,Mix E and B are to bright compared to others. I like Mix C and D since sound more for focusing.. Mix A is not bad but is not like Mix D  and C,81726,assets/audio/study-stimuli/main-study/group_02/song_b_pouring_room/mcg_x.wav,0.0612343810499,19.9389343262,0.147577553988,-0.0265915170312,0.4494273963527286,0.780552768870155,0.8086566197405122,-0.4801297779726206
4,P030,831c9cc5-c7a7-4330-8e58-8a69c8c2c531,five_mix_frontend_v1_2026-08-06,five_mix_netlify_forms_v1,five_mix_frontend_v1_2026-08-06,completed,group_02,group_02,2026-08-17 03:16:27.144,2026-08-17 03:30:41.808,2026-08-17 03:30:42.564,855.0,6,5,30,6,True,7,P030__trial_02,2,FM-1,FM-1,1,pouring_room,group_02_song_b_pouring_room,2,Song B,B,2,mix_be2ccd4c43ff,pouring_room_mcg_t,mix_be2ccd4c43ff,pouring_room_mcg_t,True,9,True,True,2026-08-17T02:20:40.656Z,Mix E and B are to bright compared to others. I like Mix C and D since sound more for focusing.. Mix A is not bad but is not like Mix D  and C,Mix E and B are to bright compared to others. I like Mix C and D since sound more for focusing.. Mix A is not bad but is not like Mix D  and C,81726,assets/audio/study-stimuli/main-study/group_02/song_b_pouring_room/mcg_t.wav,0.0587656274438,20.841550827,0.217380493879,-0.0455747283995,-0.0814371595061495,1.1238301932737935,1.926895983278192,-0.8792578396079359
4,P030,831c9cc5-c7a7-4330-8e58-8a69c8c2c531,five_mix_frontend_v1_2026-08-06,five_mix_netlify_forms_v1,five_mix_frontend_v1_2026-08-06,completed,group_02,group_02,2026-08-17 03:16:27.144,2026-08-17 03:30:41.808,2026-08-17 03:30:42.564,855.0,6,5,30,6,True,8,P030__trial_02,2,FM-1,FM-1,1,pouring_room,group_02_song_b_pouring_room,2,Song B,C,3,mix_0ba76f420c1d,pouring_room_mcg_r,mix_0ba76f420c1d,pouring_room_mcg_r,True,100,True,True,2026-08-17T02:20:33.981Z,Mix E and B are to bright compared to others. I like Mix C and D since sound more for focusing.. Mix A is not bad but is not like Mix D  and C,Mix E and B are to bright compared to others. I like Mix C and D since sound more for focusing.. Mix A is not bad but is not like Mix D  and C,81726,assets/audio/study-stimuli/main-study/group_02/song_b_pouring_room/mcg_r.wav,0.060190629214,16.5152053833,0.14739459753,-0.0638295859098,0.2249858589620197,-0.521538265731174,0.8057256670690561,-1.2630720295337683
4,P030,831c9cc5-c7a7-4330-8e58-8a69c8c2c531,five_mix_frontend_v1_2026-08-06,five_mix_netlify_forms_v1,five_mix_frontend_v1_2026-08-06,completed,group_02,group_02,2026-08-17 03:16:27.144,2026-08-17 03:30:41.808,2026-08-17 03:30:42.564,855.0,6,5,30,6,True,9,P030__trial_02,2,FM-1,FM-1,1,pouring_room,group_02_song_b_pouring_room,2,Song B,D,4,mix_132e75f34470,pouring_room_mcg_pro1,mix_132e75f34470,pouring_room_mcg_pro1,True,93,True,True,2026-08-17T02:20:21.899Z,Mix E and B are to bright compared to others. I like Mix C and D since sound more for focusing.. Mix A is not bad but is not like Mix D  and C,Mix E and B are to bright compared to others. I like Mix C and D since sound more for focusing.. Mix A is not bad but is not like Mix D  and C,81726,assets/audio/study-stimuli/main-study/group_02/song_b_pouring_room/mcg_pro1.wav,0.0646217316389,18.2459716797,0.0750391855836,-0.0488145165145,1.177821012274786,0.1366958746221527,-0.3534041622732912,-0.9473754159948484
4,P030,831c9cc5-c7a7-4330-8e58-8a69c8c2c531,five_mix_frontend_v1_2026-08-06,five_mix_netlify_forms_v1,five_mix_frontend_v1_2026-08-06,completed,group_02,group_02,2026-08-17 03:16:27.144,2026-08-17 03:30:41.808,2026-08-17 03:30:42.564,855.0,6,5,30,6,True,10,P030__trial_02,2,FM-1,FM-1,1,pouring_room,group_02_song_b_pouring_room,2,Song B,E,5,mix_e08faaf8bbb3,pouring_room_mcg_v,mix_e08faaf8bbb3,pouring_room_mcg_v,True,0,True,True,2026-08-17T02:20:16.677Z,Mix E and B are to bright compared to others. I like Mix C and D since sound more for focusing.. Mix A is not bad but is not like Mix D  and C,Mix E and B are to bright compared to others. I like Mix C and D since sound more for focusing.. Mix A is not bad but is not like Mix D  and C,81726,assets/audio/study-stimuli/main-study/group_02/song_b_pouring_room/mcg_v.wav,0.0600788630545,20.8109931946,0.0795278027654,-0.0483895651996,0.2009523983216312,1.112208706920678,-0.2814967551013548,-0.938440679331238
4,P030,831c9cc5-c7a7-4330-8e58-8a69c8c2c531,five_mix_frontend_v1_2026-08-06,five_mix_netlify_forms_v1,five_mix_frontend_v1_2026-08-06,completed,group_02,group_02,2026-08-17 03:16:27.144,2026-08-17 03:30:41.808,2026-08-17 03:30:42.564,855.0,6,5,30,6,True,11,P030__trial_03,3,EDR-2,EDR-2,2,in_the_meantime,group_02_song_a_in_the_meantime,1,Song A,A,1,mix_c7bdcba64775,in_the_meantime_qut_b,mix_c7bdcba64775,in_the_meantime_qut_b,True,86,True,True,2026-08-17T02:21:36.973Z,"I prefer calmed songs. I like Mix C and A more because of that. Mix B not very pleasant and Mix D and E just normal for me, I wouldn't choose them","I prefer calmed songs. I like Mix C and A more because of that. Mix B not very pleasant and Mix D and E just normal for me, I wouldn't choose them",107849,assets/audio/study-stimuli/main-study/group_02/song_a_in_the_meantime/qut_b.wav,0.0560294315219,17.366355896,0.000543582602404,0.000562923552934,-0.6698107538710293,-0.1978340618743536,-1.5468197375217057,0.0908009789400507
4,P030,831c9cc5-c7a7-4330-8e58-8a69c8c2c531,five_mix_frontend_v1_2026-08-06,five_mix_netlify_forms_v1,five_mix_frontend_v1_2026-08-06,completed,group_02,group_02,2026-08-17 03:16:27.144,2026-08-17 03:30:41.808,2026-08-17 03:30:42.564,855.0,6,5,30,6,True,12,P030__trial_03,3,EDR-2,EDR-2,2,in_the_meantime,group_02_song_a_in_the_meantime,1,Song A,B,2,mix_56e65a3ce054,in_the_meantime_du_k,mix_56e65a3ce054,in_the_meantime_du_k,True,3,True,True,2026-08-17T02:22:12.141Z,"I prefer calmed songs. I like Mix C and A more because of that. Mix B not very pleasant and Mix D and E just normal for me, I wouldn't choose them","I prefer calmed songs. I like Mix C and A more because of that. Mix B not very pleasant and Mix D and E just normal for me, I wouldn't choose them",107849,assets/audio/study-stimuli/main-study/group_02/song_a_in_the_meantime/du_k.wav,0.0539390221238,22.5979270935,0.15773075819,0.0170408543199,-1.1193186569455127,1.7918041562064675,0.9713104079970216,0.4372547184671072
4,P030,831c9cc5-c7a7-4330-8e58-8a69c8c2c531,five_mix_frontend_v1_2026-08-06,five_mix_netlify_forms_v1,five_mix_frontend_v1_2026-08-06,completed,group_02,group_02,2026-08-17 03:16:27.144,2026-08-17 03:30:41.808,2026-08-17 03:30:42.564,855.0,6,5,30,6,True,13,P030__trial_03,3,EDR-2,EDR-2,2,in_the_meantime,group_02_song_a_in_the_meantime,1,Song A,C,3,mix_302f0efe8a80,in_the_meantime_du_h,mix_302f0efe8a80,in_the_meantime_du_h,True,67,True,True,2026-08-17T02:22:15.065Z,"I prefer calmed songs. I like Mix C and A more because of that. Mix B not very pleasant and Mix D and E just normal for me, I wouldn't choose them","I prefer calmed songs. I like Mix C and A more because of that. Mix B not very pleasant and Mix D and E just normal for me, I wouldn't choose them",107849,assets/audio/study-stimuli/main-study/group_02/song_a_in_the_meantime/du_h.wav,0.0623472034931,18.601518631,0.0428314469755,0.0354086197913,0.6887214233465396,0.2719152524959843,-0.8693704120952901,0.8234428342152216
4,P030,831c9cc5-c7a7-4330-8e58-8a69c8c2c531,five_mix_frontend_v1_2026-08-06,five_mix_netlify_forms_v1,five_mix_frontend_v1_2026-08-06,completed,group_02,group_02,2026-08-17 03:16:27.144,2026-08-17 03:30:41.808,2026-08-17 03:30:42.564,855.0,6,5,30,6,True,14,P030__trial_03,3,EDR-2,EDR-2,2,in_the_meantime,group_02_song_a_in_the_meantime,1,Song A,D,4,mix_9baa86357fd4,in_the_meantime_du_i,mix_9baa86357fd4,in_the_meantime_du_i,True,18,True,True,2026-08-17T02:22:22.572Z,"I prefer calmed songs. I like Mix C and A more because of that. Mix B not very pleasant and Mix D and E just normal for me, I wouldn't choose them","I prefer calmed songs. I like Mix C and A more because of that. Mix B not very pleasant and Mix D and E just normal for me, I wouldn't choose them",107849,assets/audio/study-stimuli/main-study/group_02/song_a_in_the_meantime/du_i.wav,0.0503131300211,22.9316368103,0.130904406309,-0.0380811542273,-1.8990066727669184,1.9187185345499165,0.5415536857115313,-0.721703057329889
4,P030,831c9cc5-c7a7-4330-8e58-8a69c8c2c531,five_mix_frontend_v1_2026-08-06,five_mix_netlify_forms_v1,five_mix_frontend_v1_2026-08-06,completed,group_02,group_02,2026-08-17 03:16:27.144,2026-08-17 03:30:41.808,2026-08-17 03:30:42.564,855.0,6,5,30,6,True,15,P030__trial_03,3,EDR-2,EDR-2,2,in_the_meantime,group_02_song_a_in_the_meantime,1,Song A,E,5,mix_cdaef40f2b94,in_the_meantime_qut_pro,mix_cdaef40f2b94,in_the_meantime_qut_pro,True,35,True,True,2026-08-17T02:22:05.259Z,"I prefer calmed songs. I like Mix C and A more because of that. Mix B not very pleasant and Mix D and E just normal for me, I wouldn't choose them","I prefer calmed songs. I like Mix C and A more because of that. Mix B not very pleasant and Mix D and E just normal for me, I wouldn't choose them",107849,assets/audio/study-stimuli/main-study/group_02/song_a_in_the_meantime/qut_pro.wav,0.0560023784637,14.1143035889,0.212649226189,-0.0385963246226,-0.6756280657690176,-1.4346341192827423,1.8511013279434223,-0.7325346788768815
4,P030,831c9cc5-c7a7-4330-8e58-8a69c8c2c531,five_mix_frontend_v1_2026-08-06,five_mix_netlify_forms_v1,five_mix_frontend_v1_2026-08-06,completed,group_02,group_02,2026-08-17 03:16:27.144,2026-08-17 03:30:41.808,2026-08-17 03:30:42.564,855.0,6,5,30,6,True,16,P030__trial_04,4,EDR-2,EDR-2,2,pouring_room,group_02_song_b_pouring_room,2,Song B,A,1,mix_be2ccd4c43ff,pouring_room_mcg_t,mix_be2ccd4c43ff,pouring_room_mcg_t,True,63,True,True,2026-08-17T02:23:24.279Z,I like them all for this but I like more the ones with a more calm music and vocals.,I like them all for this but I like more the ones with a more calm music and vocals.,59536,assets/audio/study-stimuli/main-study/group_02/song_b_pouring_room/mcg_t.wav,0.0587656274438,20.841550827,0.217380493879,-0.0455747283995,-0.0814371595061495,1.1238301932737935,1.926895983278192,-0.8792578396079359
4,P030,831c9cc5-c7a7-4330-8e58-8a69c8c2c531,five_mix_frontend_v1_2026-08-06,five_mix_netlify_forms_v1,five_mix_frontend_v1_2026-08-06,completed,group_02,group_02,2026-08-17 03:16:27.144,2026-08-17 03:30:41.808,2026-08-17 03:30:42.564,855.0,6,5,30,6,True,17,P030__trial_04,4,EDR-2,EDR-2,2,pouring_room,group_02_song_b_pouring_room,2,Song B,B,2,mix_e08faaf8bbb3,pouring_room_mcg_v,mix_e08faaf8bbb3,pouring_room_mcg_v,True,93,True,True,2026-08-17T02:23:36.151Z,I like them all for this but I like more the ones with a more calm music and vocals.,I like them all for this but I like more the ones with a more calm music and vocals.,59536,assets/audio/study-stimuli/main-study/group_02/song_b_pouring_room/mcg_v.wav,0.0600788630545,20.8109931946,0.0795278027654,-0.0483895651996,0.2009523983216312,1.112208706920678,-0.2814967551013548,-0.938440679331238
4,P030,831c9cc5-c7a7-4330-8e58-8a69c8c2c531,five_mix_frontend_v1_2026-08-06,five_mix_netlify_forms_v1,five_mix_frontend_v1_2026-08-06,completed,group_02,group_02,2026-08-17 03:16:27.144,2026-08-17 03:30:41.808,2026-08-17 03:30:42.564,855.0,6,5,30,6,True,18,P030__trial_04,4,EDR-2,EDR-2,2,pouring_room,group_02_song_b_pouring_room,2,Song B,C,3,mix_cbf8555ee2b2,pouring_room_mcg_x,mix_cbf8555ee2b2,pouring_room_mcg_x,True,48,True,True,2026-08-17T02:23:40.587Z,I like them all for this but I like more the ones with a more calm music and vocals.,I like them all for this but I like more the ones with a more calm music and vocals.,59536,assets/audio/study-stimuli/main-study/group_02/song_b_pouring_room/mcg_x.wav,0.0612343810499,19.9389343262,0.147577553988,-0.0265915170312,0.4494273963527286,0.780552768870155,0.8086566197405122,-0.4801297779726206
4,P030,831c9cc5-c7a7-4330-8e58-8a69c8c2c531,five_mix_frontend_v1_2026-08-06,five_mix_netlify_forms_v1,five_mix_frontend_v1_2026-08-06,completed,group_02,group_02,2026-08-17 03:16:27.144,2026-08-17 03:30:41.808,2026-08-17 03:30:42.564,855.0,6,5,30,6,True,19,P030__trial_04,4,EDR-2,EDR-2,2,pouring_room,group_02_song_b_pouring_room,2,Song B,D,4,mix_132e75f34470,pouring_room_mcg_pro1,mix_132e75f34470,pouring_room_mcg_pro1,True,76,True,True,2026-08-17T02:23:49.616Z,I like them all for this but I like more the ones with a more calm music and vocals.,I like them all for this but I like more the ones with a more calm music and vocals.,59536,assets/audio/study-stimuli/main-study/group_02/song_b_pouring_room/mcg_pro1.wav,0.0646217316389,18.2459716797,0.0750391855836,-0.0488145165145,1.177821012274786,0.1366958746221527,-0.3534041622732912,-0.9473754159948484
4,P030,831c9cc5-c7a7-4330-8e58-8a69c8c2c531,five_mix_frontend_v1_2026-08-06,five_mix_netlify_forms_v1,five_mix_frontend_v1_2026-08-06,completed,group_02,group_02,2026-08-17 03:16:27.144,2026-08-17 03:30:41.808,2026-08-17 03:30:42.564,855.0,6,5,30,6,True,20,P030__trial_04,4,EDR-2,EDR-2,2,pouring_room,group_02_song_b_pouring_room,2,Song B,E,5,mix_0ba76f420c1d,pouring_room_mcg_r,mix_0ba76f420c1d,pouring_room_mcg_r,True,100,True,True,2026-08-17T02:23:32.797Z,I like them all for this but I like more the ones with a more calm music and vocals.,I like them all for this but I like more the ones with a more calm music and vocals.,59536,assets/audio/study-stimuli/main-study/group_02/song_b_pouring_room/mcg_r.wav,0.060190629214,16.5152053833,0.14739459753,-0.0638295859098,0.2249858589620197,-0.521538265731174,0.8057256670690561,-1.2630720295337683
4,P030,831c9cc5-c7a7-4330-8e58-8a69c8c2c531,five_mix_frontend_v1_2026-08-06,five_mix_netlify_forms_v1,five_mix_frontend_v1_2026-08-06,completed,group_02,group_02,2026-08-17 03:16:27.144,2026-08-17 03:30:41.808,2026-08-17 03:30:42.564,855.0,6,5,30,6,True,21,P030__trial_05,5,EDR-1,EDR-1,3,pouring_room,group_02_song_b_pouring_room,1,Song B,A,1,mix_e08faaf8bbb3,pouring_room_mcg_v,mix_e08faaf8bbb3,pouring_room_mcg_v,True,22,True,True,2026-08-17T02:24:25.215Z,For entertainment I prefer songs with clearer voices... therefore I would choose first C and then B. I like D and E and A I wouldn't choose them ,For entertainment I prefer songs with clearer voices... therefore I would choose first C and then B. I like D and E and A I wouldn't choose them,151092,assets/audio/study-stimuli/main-study/group_02/song_b_pouring_room/mcg_v.wav,0.0600788630545,20.8109931946,0.0795278027654,-0.0483895651996,0.2009523983216312,1.112208706920678,-0.2814967551013548,-0.938440679331238
4,P030,831c9cc5-c7a7-4330-8e58-8a69c8c2c531,five_mix_frontend_v1_2026-08-06,five_mix_netlify_forms_v1,five_mix_frontend_v1_2026-08-06,completed,group_02,group_02,2026-08-17 03:16:27.144,2026-08-17 03:30:41.808,2026-08-17 03:30:42.564,855.0,6,5,30,6,True,22,P030__trial_05,5,EDR-1,EDR-1,3,pouring_room,group_02_song_b_pouring_room,1,Song B,B,2,mix_132e75f34470,pouring_room_mcg_pro1,mix_132e75f34470,pouring_room_mcg_pro1,True,76,True,True,2026-08-17T02:24:55.339Z,For entertainment I prefer songs with clearer voices... therefore I would choose first C and then B. I like D and E and A I wouldn't choose them ,For entertainment I prefer songs with clearer voices... therefore I would choose first C and then B. I like D and E and A I wouldn't choose them,151092,assets/audio/study-stimuli/main-study/group_02/song_b_pouring_room/mcg_pro1.wav,0.0646217316389,18.2459716797,0.0750391855836,-0.0488145165145,1.177821012274786,0.1366958746221527,-0.3534041622732912,-0.9473754159948484
4,P030,831c9cc5-c7a7-4330-8e58-8a69c8c2c531,five_mix_frontend_v1_2026-08-06,five_mix_netlify_forms_v1,five_mix_frontend_v1_2026-08-06,completed,group_02,group_02,2026-08-17 03:16:27.144,2026-08-17 03:30:41.808,2026-08-17 03:30:42.564,855.0,6,5,30,6,True,23,P030__trial_05,5,EDR-1,EDR-1,3,pouring_room,group_02_song_b_pouring_room,1,Song B,C,3,mix_0ba76f420c1d,pouring_room_mcg_r,mix_0ba76f420c1d,pouring_room_mcg_r,True,100,True,True,2026-08-17T02:25:06.686Z,For entertainment I prefer songs with clearer voices... therefore I would choose first C and then B. I like D and E and A I wouldn't choose them ,For entertainment I prefer songs with clearer voices... therefore I would choose first C and then B. I like D and E and A I wouldn't choose them,151092,assets/audio/study-stimuli/main-study/group_02/song_b_pouring_room/mcg_r.wav,0.060190629214,16.5152053833,0.14739459753,-0.0638295859098,0.2249858589620197,-0.521538265731174,0.8057256670690561,-1.2630720295337683
4,P030,831c9cc5-c7a7-4330-8e58-8a69c8c2c531,five_mix_frontend_v1_2026-08-06,five_mix_netlify_forms_v1,five_mix_frontend_v1_2026-08-06,completed,group_02,group_02,2026-08-17 03:16:27.144,2026-08-17 03:30:41.808,2026-08-17 03:30:42.564,855.0,6,5,30,6,True,24,P030__trial_05,5,EDR-1,EDR-1,3,pouring_room,group_02_song_b_pouring_room,1,Song B,D,4,mix_be2ccd4c43ff,pouring_room_mcg_t,mix_be2ccd4c43ff,pouring_room_mcg_t,True,55,True,True,2026-08-17T02:25:23.617Z,For entertainment I prefer songs with clearer voices... therefore I would choose first C and then B. I like D and E and A I wouldn't choose them ,For entertainment I prefer songs with clearer voices... therefore I would choose first C and then B. I like D and E and A I wouldn't choose them,151092,assets/audio/study-stimuli/main-study/group_02/song_b_pouring_room/mcg_t.wav,0.0587656274438,20.841550827,0.217380493879,-0.0455747283995,-0.0814371595061495,1.1238301932737935,1.926895983278192,-0.8792578396079359
4,P030,831c9cc5-c7a7-4330-8e58-8a69c8c2c531,five_mix_frontend_v1_2026-08-06,five_mix_netlify_forms_v1,five_mix_frontend_v1_2026-08-06,completed,group_02,group_02,2026-08-17 03:16:27.144,2026-08-17 03:30:41.808,2026-08-17 03:30:42.564,855.0,6,5,30,6,True,25,P030__trial_05,5,EDR-1,EDR-1,3,pouring_room,group_02_song_b_pouring_room,1,Song B,E,5,mix_cbf8555ee2b2,pouring_room_mcg_x,mix_cbf8555ee2b2,pouring_room_mcg_x,True,8,True,True,2026-08-17T02:25:08.485Z,For entertainment I prefer songs with clearer voices... therefore I would choose first C and then B. I like D and E and A I wouldn't choose them ,For entertainment I prefer songs with clearer voices... therefore I would choose first C and then B. I like D and E and A I wouldn't choose them,151092,assets/audio/study-stimuli/main-study/group_02/song_b_pouring_room/mcg_x.wav,0.0612343810499,19.9389343262,0.147577553988,-0.0265915170312,0.4494273963527286,0.780552768870155,0.8086566197405122,-0.4801297779726206
4,P030,831c9cc5-c7a7-4330-8e58-8a69c8c2c531,five_mix_frontend_v1_2026-08-06,five_mix_netlify_forms_v1,five_mix_frontend_v1_2026-08-06,completed,group_02,group_02,2026-08-17 03:16:27.144,2026-08-17 03:30:41.808,2026-08-17 03:30:42.564,855.0,6,5,30,6,True,26,P030__trial_06,6,EDR-1,EDR-1,3,in_the_meantime,group_02_song_a_in_the_meantime,2,Song A,A,1,mix_56e65a3ce054,in_the_meantime_du_k,mix_56e65a3ce054,in_the_meantime_du_k,True,0,True,True,2026-08-17T02:26:57.243Z,"I dont like A since it hurts my ear, Mix D and C my favorite since I like to hear songs that keep me alive or awake like those.  Mix E just average","I dont like A since it hurts my ear, Mix D and C my favorite since I like to hear songs that keep me alive or awake like those.  Mix E just average",117226,assets/audio/study-stimuli/main-study/group_02/song_a_in_the_meantime/du_k.wav,0.0539390221238,22.5979270935,0.15773075819,0.0170408543199,-1.1193186569455127,1.7918041562064675,0.9713104079970216,0.4372547184671072
4,P030,831c9cc5-c7a7-4330-8e58-8a69c8c2c531,five_mix_frontend_v1_2026-08-06,five_mix_netlify_forms_v1,five_mix_frontend_v1_2026-08-06,completed,group_02,group_02,2026-08-17 03:16:27.144,2026-08-17 03:30:41.808,2026-08-17 03:30:42.564,855.0,6,5,30,6,True,27,P030__trial_06,6,EDR-1,EDR-1,3,in_the_meantime,group_02_song_a_in_the_meantime,2,Song A,B,2,mix_c7bdcba64775,in_the_meantime_qut_b,mix_c7bdcba64775,in_the_meantime_qut_b,True,38,True,True,2026-08-17T02:27:28.829Z,"I dont like A since it hurts my ear, Mix D and C my favorite since I like to hear songs that keep me alive or awake like those.  Mix E just average","I dont like A since it hurts my ear, Mix D and C my favorite since I like to hear songs that keep me alive or awake like those.  Mix E just average",117226,assets/audio/study-stimuli/main-study/group_02/song_a_in_the_meantime/qut_b.wav,0.0560294315219,17.366355896,0.000543582602404,0.000562923552934,-0.6698107538710293,-0.1978340618743536,-1.5468197375217057,0.0908009789400507
4,P030,831c9cc5-c7a7-4330-8e58-8a69c8c2c531,five_mix_frontend_v1_2026-08-06,five_mix_netlify_forms_v1,five_mix_frontend_v1_2026-08-06,completed,group_02,group_02,2026-08-17 03:16:27.144,2026-08-17 03:30:41.808,2026-08-17 03:30:42.564,855.0,6,5,30,6,True,28,P030__trial_06,6,EDR-1,EDR-1,3,in_the_meantime,group_02_song_a_in_the_meantime,2,Song A,C,3,mix_cdaef40f2b94,in_the_meantime_qut_pro,mix_cdaef40f2b94,in_the_meantime_qut_pro,True,98,True,True,2026-08-17T02:27:34.351Z,"I dont like A since it hurts my ear, Mix D and C my favorite since I like to hear songs that keep me alive or awake like those.  Mix E just average","I dont like A since it hurts my ear, Mix D and C my favorite since I like to hear songs that keep me alive or awake like those.  Mix E just average",117226,assets/audio/study-stimuli/main-study/group_02/song_a_in_the_meantime/qut_pro.wav,0.0560023784637,14.1143035889,0.212649226189,-0.0385963246226,-0.6756280657690176,-1.4346341192827423,1.8511013279434223,-0.7325346788768815
4,P030,831c9cc5-c7a7-4330-8e58-8a69c8c2c531,five_mix_frontend_v1_2026-08-06,five_mix_netlify_forms_v1,five_mix_frontend_v1_2026-08-06,completed,group_02,group_02,2026-08-17 03:16:27.144,2026-08-17 03:30:41.808,2026-08-17 03:30:42.564,855.0,6,5,30,6,True,29,P030__trial_06,6,EDR-1,EDR-1,3,in_the_meantime,group_02_song_a_in_the_meantime,2,Song A,D,4,mix_9baa86357fd4,in_the_meantime_du_i,mix_9baa86357fd4,in_the_meantime_du_i,True,81,True,True,2026-08-17T02:27:36.978Z,"I dont like A since it hurts my ear, Mix D and C my favorite since I like to hear songs that keep me alive or awake like those.  Mix E just average","I dont like A since it hurts my ear, Mix D and C my favorite since I like to hear songs that keep me alive or awake like those.  Mix E just average",117226,assets/audio/study-stimuli/main-study/group_02/song_a_in_the_meantime/du_i.wav,0.0503131300211,22.9316368103,0.130904406309,-0.0380811542273,-1.8990066727669184,1.9187185345499165,0.5415536857115313,-0.721703057329889
4,P030,831c9cc5-c7a7-4330-8e58-8a69c8c2c531,five_mix_frontend_v1_2026-08-06,five_mix_netlify_forms_v1,five_mix_frontend_v1_2026-08-06,completed,group_02,group_02,2026-08-17 03:16:27.144,2026-08-17 03:30:41.808,2026-08-17 03:30:42.564,855.0,6,5,30,6,True,30,P030__trial_06,6,EDR-1,EDR-1,3,in_the_meantime,group_02_song_a_in_the_meantime,2,Song A,E,5,mix_302f0efe8a80,in_the_meantime_du_h,mix_302f0efe8a80,in_the_meantime_du_h,True,59,True,True,2026-08-17T02:27:39.284Z,"I dont like A since it hurts my ear, Mix D and C my favorite since I like to hear songs that keep me alive or awake like those.  Mix E just average","I dont like A since it hurts my ear, Mix D and C my favorite since I like to hear songs that keep me alive or awake like those.  Mix E just average",117226,assets/audio/study-stimuli/main-study/group_02/song_a_in_the_meantime/du_h.wav,0.0623472034931,18.601518631,0.0428314469755,0.0354086197913,0.6887214233465396,0.2719152524959843,-0.8693704120952901,0.8234428342152216
5,P029,6d8ef77f-2a61-4a69-bb17-ec3cb85f25ec,five_mix_frontend_v1_2026-08-06,five_mix_netlify_forms_v1,five_mix_frontend_v1_2026-08-06,completed,group_02,group_02,2026-08-17 03:05:30.479,2026-08-17 03:16:25.374,2026-08-17 03:16:26.033,655.0,6,5,30,6,True,1,P029__trial_01,1,EDR-1,EDR-1,1,pouring_room,group_02_song_b_pouring_room,1,Song B,A,1,mix_cbf8555ee2b2,pouring_room_mcg_x,mix_cbf8555ee2b2,pouring_room_mcg_x,True,15,True,True,2026-08-17T02:07:57.230Z,"Mix B sounds like radio i dont like it, Mix A instruments are louder than vocals for me. I like to hear the vocals clearly so i think Mix C,D, and E are more like that","Mix B sounds like radio i dont like it, Mix A instruments are louder than vocals for me. I like to hear the vocals clearly so i think Mix C,D, and E are more like that",83415,assets/audio/study-stimuli/main-study/group_02/song_b_pouring_room/mcg_x.wav,0.0612343810499,19.9389343262,0.147577553988,-0.0265915170312,0.4494273963527286,0.780552768870155,0.8086566197405122,-0.4801297779726206
5,P029,6d8ef77f-2a61-4a69-bb17-ec3cb85f25ec,five_mix_frontend_v1_2026-08-06,five_mix_netlify_forms_v1,five_mix_frontend_v1_2026-08-06,completed,group_02,group_02,2026-08-17 03:05:30.479,2026-08-17 03:16:25.374,2026-08-17 03:16:26.033,655.0,6,5,30,6,True,2,P029__trial_01,1,EDR-1,EDR-1,1,pouring_room,group_02_song_b_pouring_room,1,Song B,B,2,mix_be2ccd4c43ff,pouring_room_mcg_t,mix_be2ccd4c43ff,pouring_room_mcg_t,True,7,True,True,2026-08-17T02:08:05.152Z,"Mix B sounds like radio i dont like it, Mix A instruments are louder than vocals for me. I like to hear the vocals clearly so i think Mix C,D, and E are more like that","Mix B sounds like radio i dont like it, Mix A instruments are louder than vocals for me. I like to hear the vocals clearly so i think Mix C,D, and E are more like that",83415,assets/audio/study-stimuli/main-study/group_02/song_b_pouring_room/mcg_t.wav,0.0587656274438,20.841550827,0.217380493879,-0.0455747283995,-0.0814371595061495,1.1238301932737935,1.926895983278192,-0.8792578396079359
5,P029,6d8ef77f-2a61-4a69-bb17-ec3cb85f25ec,five_mix_frontend_v1_2026-08-06,five_mix_netlify_forms_v1,five_mix_frontend_v1_2026-08-06,completed,group_02,group_02,2026-08-17 03:05:30.479,2026-08-17 03:16:25.374,2026-08-17 03:16:26.033,655.0,6,5,30,6,True,3,P029__trial_01,1,EDR-1,EDR-1,1,pouring_room,group_02_song_b_pouring_room,1,Song B,C,3,mix_0ba76f420c1d,pouring_room_mcg_r,mix_0ba76f420c1d,pouring_room_mcg_r,True,89,True,True,2026-08-17T02:08:21.086Z,"Mix B sounds like radio i dont like it, Mix A instruments are louder than vocals for me. I like to hear the vocals clearly so i think Mix C,D, and E are more like that","Mix B sounds like radio i dont like it, Mix A instruments are louder than vocals for me. I like to hear the vocals clearly so i think Mix C,D, and E are more like that",83415,assets/audio/study-stimuli/main-study/group_02/song_b_pouring_room/mcg_r.wav,0.060190629214,16.5152053833,0.14739459753,-0.0638295859098,0.2249858589620197,-0.521538265731174,0.8057256670690561,-1.2630720295337683
5,P029,6d8ef77f-2a61-4a69-bb17-ec3cb85f25ec,five_mix_frontend_v1_2026-08-06,five_mix_netlify_forms_v1,five_mix_frontend_v1_2026-08-06,completed,group_02,group_02,2026-08-17 03:05:30.479,2026-08-17 03:16:25.374,2026-08-17 03:16:26.033,655.0,6,5,30,6,True,4,P029__trial_01,1,EDR-1,EDR-1,1,pouring_room,group_02_song_b_pouring_room,1,Song B,D,4,mix_132e75f34470,pouring_room_mcg_pro1,mix_132e75f34470,pouring_room_mcg_pro1,True,73,True,True,2026-08-17T02:08:24.931Z,"Mix B sounds like radio i dont like it, Mix A instruments are louder than vocals for me. I like to hear the vocals clearly so i think Mix C,D, and E are more like that","Mix B sounds like radio i dont like it, Mix A instruments are louder than vocals for me. I like to hear the vocals clearly so i think Mix C,D, and E are more like that",83415,assets/audio/study-stimuli/main-study/group_02/song_b_pouring_room/mcg_pro1.wav,0.0646217316389,18.2459716797,0.0750391855836,-0.0488145165145,1.177821012274786,0.1366958746221527,-0.3534041622732912,-0.9473754159948484
5,P029,6d8ef77f-2a61-4a69-bb17-ec3cb85f25ec,five_mix_frontend_v1_2026-08-06,five_mix_netlify_forms_v1,five_mix_frontend_v1_2026-08-06,completed,group_02,group_02,2026-08-17 03:05:30.479,2026-08-17 03:16:25.374,2026-08-17 03:16:26.033,655.0,6,5,30,6,True,5,P029__trial_01,1,EDR-1,EDR-1,1,pouring_room,group_02_song_b_pouring_room,1,Song B,E,5,mix_e08faaf8bbb3,pouring_room_mcg_v,mix_e08faaf8bbb3,pouring_room_mcg_v,True,50,True,True,2026-08-17T02:08:28.881Z,"Mix B sounds like radio i dont like it, Mix A instruments are louder than vocals for me. I like to hear the vocals clearly so i think Mix C,D, and E are more like that","Mix B sounds like radio i dont like it, Mix A instruments are louder than vocals for me. I like to hear the vocals clearly so i think Mix C,D, and E are more like that",83415,assets/audio/study-stimuli/main-study/group_02/song_b_pouring_room/mcg_v.wav,0.0600788630545,20.8109931946,0.0795278027654,-0.0483895651996,0.2009523983216312,1.112208706920678,-0.2814967551013548,-0.938440679331238
5,P029,6d8ef77f-2a61-4a69-bb17-ec3cb85f25ec,five_mix_frontend_v1_2026-08-06,five_mix_netlify_forms_v1,five_mix_frontend_v1_2026-08-06,completed,group_02,group_02,2026-08-17 03:05:30.479,2026-08-17 03:16:25.374,2026-08-17 03:16:26.033,655.0,6,5,30,6,True,6,P029__trial_02,2,EDR-1,EDR-1,1,in_the_meantime,group_02_song_a_in_the_meantime,2,Song A,A,1,mix_cdaef40f2b94,in_the_meantime_qut_pro,mix_cdaef40f2b94,in_the_meantime_qut_pro,True,93,True,True,2026-08-17T02:09:21.496Z,"I like well balanced songs, I don't like strong instruments volume like Mix C. Mix D sounds bad. Mix E sounds very low. I like mix B and A","I like well balanced songs, I don't like strong instruments volume like Mix C. Mix D sounds bad. Mix E sounds very low. I like mix B and A",79222,assets/audio/study-stimuli/main-study/group_02/song_a_in_the_meantime/qut_pro.wav,0.0560023784637,14.1143035889,0.212649226189,-0.0385963246226,-0.6756280657690176,-1.4346341192827423,1.8511013279434223,-0.7325346788768815
5,P029,6d8ef77f-2a61-4a69-bb17-ec3cb85f25ec,five_mix_frontend_v1_2026-08-06,five_mix_netlify_forms_v1,five_mix_frontend_v1_2026-08-06,completed,group_02,group_02,2026-08-17 03:05:30.479,2026-08-17 03:16:25.374,2026-08-17 03:16:26.033,655.0,6,5,30,6,True,7,P029__trial_02,2,EDR-1,EDR-1,1,in_the_meantime,group_02_song_a_in_the_meantime,2,Song A,B,2,mix_302f0efe8a80,in_the_meantime_du_h,mix_302f0efe8a80,in_the_meantime_du_h,True,75,True,True,2026-08-17T02:09:28.007Z,"I like well balanced songs, I don't like strong instruments volume like Mix C. Mix D sounds bad. Mix E sounds very low. I like mix B and A","I like well balanced songs, I don't like strong instruments volume like Mix C. Mix D sounds bad. Mix E sounds very low. I like mix B and A",79222,assets/audio/study-stimuli/main-study/group_02/song_a_in_the_meantime/du_h.wav,0.0623472034931,18.601518631,0.0428314469755,0.0354086197913,0.6887214233465396,0.2719152524959843,-0.8693704120952901,0.8234428342152216
5,P029,6d8ef77f-2a61-4a69-bb17-ec3cb85f25ec,five_mix_frontend_v1_2026-08-06,five_mix_netlify_forms_v1,five_mix_frontend_v1_2026-08-06,completed,group_02,group_02,2026-08-17 03:05:30.479,2026-08-17 03:16:25.374,2026-08-17 03:16:26.033,655.0,6,5,30,6,True,8,P029__trial_02,2,EDR-1,EDR-1,1,in_the_meantime,group_02_song_a_in_the_meantime,2,Song A,C,3,mix_9baa86357fd4,in_the_meantime_du_i,mix_9baa86357fd4,in_the_meantime_du_i,True,11,True,True,2026-08-17T02:09:31.131Z,"I like well balanced songs, I don't like strong instruments volume like Mix C. Mix D sounds bad. Mix E sounds very low. I like mix B and A","I like well balanced songs, I don't like strong instruments volume like Mix C. Mix D sounds bad. Mix E sounds very low. I like mix B and A",79222,assets/audio/study-stimuli/main-study/group_02/song_a_in_the_meantime/du_i.wav,0.0503131300211,22.9316368103,0.130904406309,-0.0380811542273,-1.8990066727669184,1.9187185345499165,0.5415536857115313,-0.721703057329889
5,P029,6d8ef77f-2a61-4a69-bb17-ec3cb85f25ec,five_mix_frontend_v1_2026-08-06,five_mix_netlify_forms_v1,five_mix_frontend_v1_2026-08-06,completed,group_02,group_02,2026-08-17 03:05:30.479,2026-08-17 03:16:25.374,2026-08-17 03:16:26.033,655.0,6,5,30,6,True,9,P029__trial_02,2,EDR-1,EDR-1,1,in_the_meantime,group_02_song_a_in_the_meantime,2,Song A,D,4,mix_56e65a3ce054,in_the_meantime_du_k,mix_56e65a3ce054,in_the_meantime_du_k,True,0,True,True,2026-08-17T02:09:56.675Z,"I like well balanced songs, I don't like strong instruments volume like Mix C. Mix D sounds bad. Mix E sounds very low. I like mix B and A","I like well balanced songs, I don't like strong instruments volume like Mix C. Mix D sounds bad. Mix E sounds very low. I like mix B and A",79222,assets/audio/study-stimuli/main-study/group_02/song_a_in_the_meantime/du_k.wav,0.0539390221238,22.5979270935,0.15773075819,0.0170408543199,-1.1193186569455127,1.7918041562064675,0.9713104079970216,0.4372547184671072
5,P029,6d8ef77f-2a61-4a69-bb17-ec3cb85f25ec,five_mix_frontend_v1_2026-08-06,five_mix_netlify_forms_v1,five_mix_frontend_v1_2026-08-06,completed,group_02,group_02,2026-08-17 03:05:30.479,2026-08-17 03:16:25.374,2026-08-17 03:16:26.033,655.0,6,5,30,6,True,10,P029__trial_02,2,EDR-1,EDR-1,1,in_the_meantime,group_02_song_a_in_the_meantime,2,Song A,E,5,mix_c7bdcba64775,in_the_meantime_qut_b,mix_c7bdcba64775,in_the_meantime_qut_b,True,28,True,True,2026-08-17T02:10:06.628Z,"I like well balanced songs, I don't like strong instruments volume like Mix C. Mix D sounds bad. Mix E sounds very low. I like mix B and A","I like well balanced songs, I don't like strong instruments volume like Mix C. Mix D sounds bad. Mix E sounds very low. I like mix B and A",79222,assets/audio/study-stimuli/main-study/group_02/song_a_in_the_meantime/qut_b.wav,0.0560294315219,17.366355896,0.000543582602404,0.000562923552934,-0.6698107538710293,-0.1978340618743536,-1.5468197375217057,0.0908009789400507
5,P029,6d8ef77f-2a61-4a69-bb17-ec3cb85f25ec,five_mix_frontend_v1_2026-08-06,five_mix_netlify_forms_v1,five_mix_frontend_v1_2026-08-06,completed,group_02,group_02,2026-08-17 03:05:30.479,2026-08-17 03:16:25.374,2026-08-17 03:16:26.033,655.0,6,5,30,6,True,11,P029__trial_03,3,EDR-2,EDR-2,2,pouring_room,group_02_song_b_pouring_room,1,Song B,A,1,mix_132e75f34470,pouring_room_mcg_pro1,mix_132e75f34470,pouring_room_mcg_pro1,True,13,True,True,2026-08-17T02:10:40.737Z,"Overall the music is really calm. I like songs that sound more slow or calmed, with not noisy sounds.","Overall the music is really calm. I like songs that sound more slow or calmed, with not noisy sounds.",58040,assets/audio/study-stimuli/main-study/group_02/song_b_pouring_room/mcg_pro1.wav,0.0646217316389,18.2459716797,0.0750391855836,-0.0488145165145,1.177821012274786,0.1366958746221527,-0.3534041622732912,-0.9473754159948484
5,P029,6d8ef77f-2a61-4a69-bb17-ec3cb85f25ec,five_mix_frontend_v1_2026-08-06,five_mix_netlify_forms_v1,five_mix_frontend_v1_2026-08-06,completed,group_02,group_02,2026-08-17 03:05:30.479,2026-08-17 03:16:25.374,2026-08-17 03:16:26.033,655.0,6,5,30,6,True,12,P029__trial_03,3,EDR-2,EDR-2,2,pouring_room,group_02_song_b_pouring_room,1,Song B,B,2,mix_0ba76f420c1d,pouring_room_mcg_r,mix_0ba76f420c1d,pouring_room_mcg_r,True,100,True,True,2026-08-17T02:10:45.319Z,"Overall the music is really calm. I like songs that sound more slow or calmed, with not noisy sounds.","Overall the music is really calm. I like songs that sound more slow or calmed, with not noisy sounds.",58040,assets/audio/study-stimuli/main-study/group_02/song_b_pouring_room/mcg_r.wav,0.060190629214,16.5152053833,0.14739459753,-0.0638295859098,0.2249858589620197,-0.521538265731174,0.8057256670690561,-1.2630720295337683
5,P029,6d8ef77f-2a61-4a69-bb17-ec3cb85f25ec,five_mix_frontend_v1_2026-08-06,five_mix_netlify_forms_v1,five_mix_frontend_v1_2026-08-06,completed,group_02,group_02,2026-08-17 03:05:30.479,2026-08-17 03:16:25.374,2026-08-17 03:16:26.033,655.0,6,5,30,6,True,13,P029__trial_03,3,EDR-2,EDR-2,2,pouring_room,group_02_song_b_pouring_room,1,Song B,C,3,mix_e08faaf8bbb3,pouring_room_mcg_v,mix_e08faaf8bbb3,pouring_room_mcg_v,True,56,True,True,2026-08-17T02:11:23.572Z,"Overall the music is really calm. I like songs that sound more slow or calmed, with not noisy sounds.","Overall the music is really calm. I like songs that sound more slow or calmed, with not noisy sounds.",58040,assets/audio/study-stimuli/main-study/group_02/song_b_pouring_room/mcg_v.wav,0.0600788630545,20.8109931946,0.0795278027654,-0.0483895651996,0.2009523983216312,1.112208706920678,-0.2814967551013548,-0.938440679331238
5,P029,6d8ef77f-2a61-4a69-bb17-ec3cb85f25ec,five_mix_frontend_v1_2026-08-06,five_mix_netlify_forms_v1,five_mix_frontend_v1_2026-08-06,completed,group_02,group_02,2026-08-17 03:05:30.479,2026-08-17 03:16:25.374,2026-08-17 03:16:26.033,655.0,6,5,30,6,True,14,P029__trial_03,3,EDR-2,EDR-2,2,pouring_room,group_02_song_b_pouring_room,1,Song B,D,4,mix_be2ccd4c43ff,pouring_room_mcg_t,mix_be2ccd4c43ff,pouring_room_mcg_t,True,22,True,True,2026-08-17T02:11:20.497Z,"Overall the music is really calm. I like songs that sound more slow or calmed, with not noisy sounds.","Overall the music is really calm. I like songs that sound more slow or calmed, with not noisy sounds.",58040,assets/audio/study-stimuli/main-study/group_02/song_b_pouring_room/mcg_t.wav,0.0587656274438,20.841550827,0.217380493879,-0.0455747283995,-0.0814371595061495,1.1238301932737935,1.926895983278192,-0.8792578396079359
5,P029,6d8ef77f-2a61-4a69-bb17-ec3cb85f25ec,five_mix_frontend_v1_2026-08-06,five_mix_netlify_forms_v1,five_mix_frontend_v1_2026-08-06,completed,group_02,group_02,2026-08-17 03:05:30.479,2026-08-17 03:16:25.374,2026-08-17 03:16:26.033,655.0,6,5,30,6,True,15,P029__trial_03,3,EDR-2,EDR-2,2,pouring_room,group_02_song_b_pouring_room,1,Song B,E,5,mix_cbf8555ee2b2,pouring_room_mcg_x,mix_cbf8555ee2b2,pouring_room_mcg_x,True,85,True,True,2026-08-17T02:11:13.811Z,"Overall the music is really calm. I like songs that sound more slow or calmed, with not noisy sounds.","Overall the music is really calm. I like songs that sound more slow or calmed, with not noisy sounds.",58040,assets/audio/study-stimuli/main-study/group_02/song_b_pouring_room/mcg_x.wav,0.0612343810499,19.9389343262,0.147577553988,-0.0265915170312,0.4494273963527286,0.780552768870155,0.8086566197405122,-0.4801297779726206
5,P029,6d8ef77f-2a61-4a69-bb17-ec3cb85f25ec,five_mix_frontend_v1_2026-08-06,five_mix_netlify_forms_v1,five_mix_frontend_v1_2026-08-06,completed,group_02,group_02,2026-08-17 03:05:30.479,2026-08-17 03:16:25.374,2026-08-17 03:16:26.033,655.0,6,5,30,6,True,16,P029__trial_04,4,EDR-2,EDR-2,2,in_the_meantime,group_02_song_a_in_the_meantime,2,Song A,A,1,mix_cdaef40f2b94,in_the_meantime_qut_pro,mix_cdaef40f2b94,in_the_meantime_qut_pro,True,32,True,True,2026-08-17T02:11:39.671Z,"I like calm songs.. Mix B and E are too aggresive, Mix A is just neutral and D,C are my favorite","I like calm songs.. Mix B and E are too aggresive, Mix A is just neutral and D,C are my favorite",64325,assets/audio/study-stimuli/main-study/group_02/song_a_in_the_meantime/qut_pro.wav,0.0560023784637,14.1143035889,0.212649226189,-0.0385963246226,-0.6756280657690176,-1.4346341192827423,1.8511013279434223,-0.7325346788768815
5,P029,6d8ef77f-2a61-4a69-bb17-ec3cb85f25ec,five_mix_frontend_v1_2026-08-06,five_mix_netlify_forms_v1,five_mix_frontend_v1_2026-08-06,completed,group_02,group_02,2026-08-17 03:05:30.479,2026-08-17 03:16:25.374,2026-08-17 03:16:26.033,655.0,6,5,30,6,True,17,P029__trial_04,4,EDR-2,EDR-2,2,in_the_meantime,group_02_song_a_in_the_meantime,2,Song A,B,2,mix_56e65a3ce054,in_the_meantime_du_k,mix_56e65a3ce054,in_the_meantime_du_k,True,0,True,True,2026-08-17T02:11:49.166Z,"I like calm songs.. Mix B and E are too aggresive, Mix A is just neutral and D,C are my favorite","I like calm songs.. Mix B and E are too aggresive, Mix A is just neutral and D,C are my favorite",64325,assets/audio/study-stimuli/main-study/group_02/song_a_in_the_meantime/du_k.wav,0.0539390221238,22.5979270935,0.15773075819,0.0170408543199,-1.1193186569455127,1.7918041562064675,0.9713104079970216,0.4372547184671072
5,P029,6d8ef77f-2a61-4a69-bb17-ec3cb85f25ec,five_mix_frontend_v1_2026-08-06,five_mix_netlify_forms_v1,five_mix_frontend_v1_2026-08-06,completed,group_02,group_02,2026-08-17 03:05:30.479,2026-08-17 03:16:25.374,2026-08-17 03:16:26.033,655.0,6,5,30,6,True,18,P029__trial_04,4,EDR-2,EDR-2,2,in_the_meantime,group_02_song_a_in_the_meantime,2,Song A,C,3,mix_302f0efe8a80,in_the_meantime_du_h,mix_302f0efe8a80,in_the_meantime_du_h,True,100,True,True,2026-08-17T02:11:51.981Z,"I like calm songs.. Mix B and E are too aggresive, Mix A is just neutral and D,C are my favorite","I like calm songs.. Mix B and E are too aggresive, Mix A is just neutral and D,C are my favorite",64325,assets/audio/study-stimuli/main-study/group_02/song_a_in_the_meantime/du_h.wav,0.0623472034931,18.601518631,0.0428314469755,0.0354086197913,0.6887214233465396,0.2719152524959843,-0.8693704120952901,0.8234428342152216
5,P029,6d8ef77f-2a61-4a69-bb17-ec3cb85f25ec,five_mix_frontend_v1_2026-08-06,five_mix_netlify_forms_v1,five_mix_frontend_v1_2026-08-06,completed,group_02,group_02,2026-08-17 03:05:30.479,2026-08-17 03:16:25.374,2026-08-17 03:16:26.033,655.0,6,5,30,6,True,19,P029__trial_04,4,EDR-2,EDR-2,2,in_the_meantime,group_02_song_a_in_the_meantime,2,Song A,D,4,mix_c7bdcba64775,in_the_meantime_qut_b,mix_c7bdcba64775,in_the_meantime_qut_b,True,93,True,True,2026-08-17T02:11:58.187Z,"I like calm songs.. Mix B and E are too aggresive, Mix A is just neutral and D,C are my favorite","I like calm songs.. Mix B and E are too aggresive, Mix A is just neutral and D,C are my favorite",64325,assets/audio/study-stimuli/main-study/group_02/song_a_in_the_meantime/qut_b.wav,0.0560294315219,17.366355896,0.000543582602404,0.000562923552934,-0.6698107538710293,-0.1978340618743536,-1.5468197375217057,0.0908009789400507
5,P029,6d8ef77f-2a61-4a69-bb17-ec3cb85f25ec,five_mix_frontend_v1_2026-08-06,five_mix_netlify_forms_v1,five_mix_frontend_v1_2026-08-06,completed,group_02,group_02,2026-08-17 03:05:30.479,2026-08-17 03:16:25.374,2026-08-17 03:16:26.033,655.0,6,5,30,6,True,20,P029__trial_04,4,EDR-2,EDR-2,2,in_the_meantime,group_02_song_a_in_the_meantime,2,Song A,E,5,mix_9baa86357fd4,in_the_meantime_du_i,mix_9baa86357fd4,in_the_meantime_du_i,True,7,True,True,2026-08-17T02:12:03.742Z,"I like calm songs.. Mix B and E are too aggresive, Mix A is just neutral and D,C are my favorite","I like calm songs.. Mix B and E are too aggresive, Mix A is just neutral and D,C are my favorite",64325,assets/audio/study-stimuli/main-study/group_02/song_a_in_the_meantime/du_i.wav,0.0503131300211,22.9316368103,0.130904406309,-0.0380811542273,-1.8990066727669184,1.9187185345499165,0.5415536857115313,-0.721703057329889
5,P029,6d8ef77f-2a61-4a69-bb17-ec3cb85f25ec,five_mix_frontend_v1_2026-08-06,five_mix_netlify_forms_v1,five_mix_frontend_v1_2026-08-06,completed,group_02,group_02,2026-08-17 03:05:30.479,2026-08-17 03:16:25.374,2026-08-17 03:16:26.033,655.0,6,5,30,6,True,21,P029__trial_05,5,FM-1,FM-1,3,pouring_room,group_02_song_b_pouring_room,1,Song B,A,1,mix_cbf8555ee2b2,pouring_room_mcg_x,mix_cbf8555ee2b2,pouring_room_mcg_x,True,17,True,True,2026-08-17T02:12:43.549Z,"I don't like instruments loud like in Mix E,A,D. I prefer Mix C and B since the voice sounds clearer","I don't like instruments loud like in Mix E,A,D. I prefer Mix C and B since the voice sounds clearer",69819,assets/audio/study-stimuli/main-study/group_02/song_b_pouring_room/mcg_x.wav,0.0612343810499,19.9389343262,0.147577553988,-0.0265915170312,0.4494273963527286,0.780552768870155,0.8086566197405122,-0.4801297779726206
5,P029,6d8ef77f-2a61-4a69-bb17-ec3cb85f25ec,five_mix_frontend_v1_2026-08-06,five_mix_netlify_forms_v1,five_mix_frontend_v1_2026-08-06,completed,group_02,group_02,2026-08-17 03:05:30.479,2026-08-17 03:16:25.374,2026-08-17 03:16:26.033,655.0,6,5,30,6,True,22,P029__trial_05,5,FM-1,FM-1,3,pouring_room,group_02_song_b_pouring_room,1,Song B,B,2,mix_0ba76f420c1d,pouring_room_mcg_r,mix_0ba76f420c1d,pouring_room_mcg_r,True,99,True,True,2026-08-17T02:12:54.298Z,"I don't like instruments loud like in Mix E,A,D. I prefer Mix C and B since the voice sounds clearer","I don't like instruments loud like in Mix E,A,D. I prefer Mix C and B since the voice sounds clearer",69819,assets/audio/study-stimuli/main-study/group_02/song_b_pouring_room/mcg_r.wav,0.060190629214,16.5152053833,0.14739459753,-0.0638295859098,0.2249858589620197,-0.521538265731174,0.8057256670690561,-1.2630720295337683
5,P029,6d8ef77f-2a61-4a69-bb17-ec3cb85f25ec,five_mix_frontend_v1_2026-08-06,five_mix_netlify_forms_v1,five_mix_frontend_v1_2026-08-06,completed,group_02,group_02,2026-08-17 03:05:30.479,2026-08-17 03:16:25.374,2026-08-17 03:16:26.033,655.0,6,5,30,6,True,23,P029__trial_05,5,FM-1,FM-1,3,pouring_room,group_02_song_b_pouring_room,1,Song B,C,3,mix_132e75f34470,pouring_room_mcg_pro1,mix_132e75f34470,pouring_room_mcg_pro1,True,72,True,True,2026-08-17T02:12:59.955Z,"I don't like instruments loud like in Mix E,A,D. I prefer Mix C and B since the voice sounds clearer","I don't like instruments loud like in Mix E,A,D. I prefer Mix C and B since the voice sounds clearer",69819,assets/audio/study-stimuli/main-study/group_02/song_b_pouring_room/mcg_pro1.wav,0.0646217316389,18.2459716797,0.0750391855836,-0.0488145165145,1.177821012274786,0.1366958746221527,-0.3534041622732912,-0.9473754159948484
5,P029,6d8ef77f-2a61-4a69-bb17-ec3cb85f25ec,five_mix_frontend_v1_2026-08-06,five_mix_netlify_forms_v1,five_mix_frontend_v1_2026-08-06,completed,group_02,group_02,2026-08-17 03:05:30.479,2026-08-17 03:16:25.374,2026-08-17 03:16:26.033,655.0,6,5,30,6,True,24,P029__trial_05,5,FM-1,FM-1,3,pouring_room,group_02_song_b_pouring_room,1,Song B,D,4,mix_e08faaf8bbb3,pouring_room_mcg_v,mix_e08faaf8bbb3,pouring_room_mcg_v,True,28,True,True,2026-08-17T02:13:02.485Z,"I don't like instruments loud like in Mix E,A,D. I prefer Mix C and B since the voice sounds clearer","I don't like instruments loud like in Mix E,A,D. I prefer Mix C and B since the voice sounds clearer",69819,assets/audio/study-stimuli/main-study/group_02/song_b_pouring_room/mcg_v.wav,0.0600788630545,20.8109931946,0.0795278027654,-0.0483895651996,0.2009523983216312,1.112208706920678,-0.2814967551013548,-0.938440679331238
5,P029,6d8ef77f-2a61-4a69-bb17-ec3cb85f25ec,five_mix_frontend_v1_2026-08-06,five_mix_netlify_forms_v1,five_mix_frontend_v1_2026-08-06,completed,group_02,group_02,2026-08-17 03:05:30.479,2026-08-17 03:16:25.374,2026-08-17 03:16:26.033,655.0,6,5,30,6,True,25,P029__trial_05,5,FM-1,FM-1,3,pouring_room,group_02_song_b_pouring_room,1,Song B,E,5,mix_be2ccd4c43ff,pouring_room_mcg_t,mix_be2ccd4c43ff,pouring_room_mcg_t,True,0,True,True,2026-08-17T02:13:10.085Z,"I don't like instruments loud like in Mix E,A,D. I prefer Mix C and B since the voice sounds clearer","I don't like instruments loud like in Mix E,A,D. I prefer Mix C and B since the voice sounds clearer",69819,assets/audio/study-stimuli/main-study/group_02/song_b_pouring_room/mcg_t.wav,0.0587656274438,20.841550827,0.217380493879,-0.0455747283995,-0.0814371595061495,1.1238301932737935,1.926895983278192,-0.8792578396079359
5,P029,6d8ef77f-2a61-4a69-bb17-ec3cb85f25ec,five_mix_frontend_v1_2026-08-06,five_mix_netlify_forms_v1,five_mix_frontend_v1_2026-08-06,completed,group_02,group_02,2026-08-17 03:05:30.479,2026-08-17 03:16:25.374,2026-08-17 03:16:26.033,655.0,6,5,30,6,True,26,P029__trial_06,6,FM-1,FM-1,3,in_the_meantime,group_02_song_a_in_the_meantime,2,Song A,A,1,mix_c7bdcba64775,in_the_meantime_qut_b,mix_c7bdcba64775,in_the_meantime_qut_b,True,25,True,True,2026-08-17T02:13:53.713Z,"I like more energetic songs for concentrating.. Mix E,D,B are very good.. the balance and volume is good, while Mix C is always weird and Mix A is very compressed","I like more energetic songs for concentrating.. Mix E,D,B are very good.. the balance and volume is good, while Mix C is always weird and Mix A is very compressed",107129,assets/audio/study-stimuli/main-study/group_02/song_a_in_the_meantime/qut_b.wav,0.0560294315219,17.366355896,0.000543582602404,0.000562923552934,-0.6698107538710293,-0.1978340618743536,-1.5468197375217057,0.0908009789400507
5,P029,6d8ef77f-2a61-4a69-bb17-ec3cb85f25ec,five_mix_frontend_v1_2026-08-06,five_mix_netlify_forms_v1,five_mix_frontend_v1_2026-08-06,completed,group_02,group_02,2026-08-17 03:05:30.479,2026-08-17 03:16:25.374,2026-08-17 03:16:26.033,655.0,6,5,30,6,True,27,P029__trial_06,6,FM-1,FM-1,3,in_the_meantime,group_02_song_a_in_the_meantime,2,Song A,B,2,mix_9baa86357fd4,in_the_meantime_du_i,mix_9baa86357fd4,in_the_meantime_du_i,True,47,True,True,2026-08-17T02:14:09.629Z,"I like more energetic songs for concentrating.. Mix E,D,B are very good.. the balance and volume is good, while Mix C is always weird and Mix A is very compressed","I like more energetic songs for concentrating.. Mix E,D,B are very good.. the balance and volume is good, while Mix C is always weird and Mix A is very compressed",107129,assets/audio/study-stimuli/main-study/group_02/song_a_in_the_meantime/du_i.wav,0.0503131300211,22.9316368103,0.130904406309,-0.0380811542273,-1.8990066727669184,1.9187185345499165,0.5415536857115313,-0.721703057329889
5,P029,6d8ef77f-2a61-4a69-bb17-ec3cb85f25ec,five_mix_frontend_v1_2026-08-06,five_mix_netlify_forms_v1,five_mix_frontend_v1_2026-08-06,completed,group_02,group_02,2026-08-17 03:05:30.479,2026-08-17 03:16:25.374,2026-08-17 03:16:26.033,655.0,6,5,30,6,True,28,P029__trial_06,6,FM-1,FM-1,3,in_the_meantime,group_02_song_a_in_the_meantime,2,Song A,C,3,mix_56e65a3ce054,in_the_meantime_du_k,mix_56e65a3ce054,in_the_meantime_du_k,True,0,True,True,2026-08-17T02:14:04.572Z,"I like more energetic songs for concentrating.. Mix E,D,B are very good.. the balance and volume is good, while Mix C is always weird and Mix A is very compressed","I like more energetic songs for concentrating.. Mix E,D,B are very good.. the balance and volume is good, while Mix C is always weird and Mix A is very compressed",107129,assets/audio/study-stimuli/main-study/group_02/song_a_in_the_meantime/du_k.wav,0.0539390221238,22.5979270935,0.15773075819,0.0170408543199,-1.1193186569455127,1.7918041562064675,0.9713104079970216,0.4372547184671072
5,P029,6d8ef77f-2a61-4a69-bb17-ec3cb85f25ec,five_mix_frontend_v1_2026-08-06,five_mix_netlify_forms_v1,five_mix_frontend_v1_2026-08-06,completed,group_02,group_02,2026-08-17 03:05:30.479,2026-08-17 03:16:25.374,2026-08-17 03:16:26.033,655.0,6,5,30,6,True,29,P029__trial_06,6,FM-1,FM-1,3,in_the_meantime,group_02_song_a_in_the_meantime,2,Song A,D,4,mix_cdaef40f2b94,in_the_meantime_qut_pro,mix_cdaef40f2b94,in_the_meantime_qut_pro,True,66,True,True,2026-08-17T02:13:59.729Z,"I like more energetic songs for concentrating.. Mix E,D,B are very good.. the balance and volume is good, while Mix C is always weird and Mix A is very compressed","I like more energetic songs for concentrating.. Mix E,D,B are very good.. the balance and volume is good, while Mix C is always weird and Mix A is very compressed",107129,assets/audio/study-stimuli/main-study/group_02/song_a_in_the_meantime/qut_pro.wav,0.0560023784637,14.1143035889,0.212649226189,-0.0385963246226,-0.6756280657690176,-1.4346341192827423,1.8511013279434223,-0.7325346788768815
5,P029,6d8ef77f-2a61-4a69-bb17-ec3cb85f25ec,five_mix_frontend_v1_2026-08-06,five_mix_netlify_forms_v1,five_mix_frontend_v1_2026-08-06,completed,group_02,group_02,2026-08-17 03:05:30.479,2026-08-17 03:16:25.374,2026-08-17 03:16:26.033,655.0,6,5,30,6,True,30,P029__trial_06,6,FM-1,FM-1,3,in_the_meantime,group_02_song_a_in_the_meantime,2,Song A,E,5,mix_302f0efe8a80,in_the_meantime_du_h,mix_302f0efe8a80,in_the_meantime_du_h,True,92,True,True,2026-08-17T02:13:55.669Z,"I like more energetic songs for concentrating.. Mix E,D,B are very good.. the balance and volume is good, while Mix C is always weird and Mix A is very compressed","I like more energetic songs for concentrating.. Mix E,D,B are very good.. the balance and volume is good, while Mix C is always weird and Mix A is very compressed",107129,assets/audio/study-stimuli/main-study/group_02/song_a_in_the_meantime/du_h.wav,0.0623472034931,18.601518631,0.0428314469755,0.0354086197913,0.6887214233465396,0.2719152524959843,-0.8693704120952901,0.8234428342152216
6,P028,9bca617f-2167-4184-8bdb-9a1093c45c5c,five_mix_frontend_v1_2026-08-06,five_mix_netlify_forms_v1,five_mix_frontend_v1_2026-08-06,completed,group_01,group_01,2026-08-17 02:41:57.890,2026-08-17 03:00:35.035,2026-08-17 03:00:35.674,1117.0,6,5,30,6,True,1,P028__trial_01,1,EDR-2,EDR-2,1,id_like_to_know,group_01_song_b_id_like_to_know,1,Song B,A,1,mix_6f8b655d7999,id_like_to_know_pxl_s2,mix_6f8b655d7999,id_like_to_know_pxl_s2,True,75,True,True,2026-08-17T01:52:15.309Z,Mix E sounds weird and B I dont like it. Mix A and D sound is calm and I prefer those for this situation. Mix C doesn't make me relax,Mix E sounds weird and B I dont like it. Mix A and D sound is calm and I prefer those for this situation. Mix C doesn't make me relax,85412,assets/audio/study-stimuli/main-study/group_01/song_b_id_like_to_know/pxl_s2.wav,0.0616230294108,14.7642059326,0.049424380064,0.0224525164813,0.5329997864789321,-1.1874673519330532,-0.7637519766505488,0.5510366380169074
6,P028,9bca617f-2167-4184-8bdb-9a1093c45c5c,five_mix_frontend_v1_2026-08-06,five_mix_netlify_forms_v1,five_mix_frontend_v1_2026-08-06,completed,group_01,group_01,2026-08-17 02:41:57.890,2026-08-17 03:00:35.035,2026-08-17 03:00:35.674,1117.0,6,5,30,6,True,2,P028__trial_01,1,EDR-2,EDR-2,1,id_like_to_know,group_01_song_b_id_like_to_know,1,Song B,B,2,mix_b393d3919c78,id_like_to_know_pxl_s7,mix_b393d3919c78,id_like_to_know_pxl_s7,True,19,True,True,2026-08-17T01:52:20.076Z,Mix E sounds weird and B I dont like it. Mix A and D sound is calm and I prefer those for this situation. Mix C doesn't make me relax,Mix E sounds weird and B I dont like it. Mix A and D sound is calm and I prefer those for this situation. Mix C doesn't make me relax,85412,assets/audio/study-stimuli/main-study/group_01/song_b_id_like_to_know/pxl_s7.wav,0.0551121532917,16.2593574524,0.0769432634115,-0.0537673681974,-0.867056238017743,-0.6188407399054331,-0.3229009373128245,-1.0515106991885117
6,P028,9bca617f-2167-4184-8bdb-9a1093c45c5c,five_mix_frontend_v1_2026-08-06,five_mix_netlify_forms_v1,five_mix_frontend_v1_2026-08-06,completed,group_01,group_01,2026-08-17 02:41:57.890,2026-08-17 03:00:35.035,2026-08-17 03:00:35.674,1117.0,6,5,30,6,True,3,P028__trial_01,1,EDR-2,EDR-2,1,id_like_to_know,group_01_song_b_id_like_to_know,1,Song B,C,3,mix_82d60d7c7fc5,id_like_to_know_pxl_s5,mix_82d60d7c7fc5,id_like_to_know_pxl_s5,True,9,True,True,2026-08-17T01:52:24.502Z,Mix E sounds weird and B I dont like it. Mix A and D sound is calm and I prefer those for this situation. Mix C doesn't make me relax,Mix E sounds weird and B I dont like it. Mix A and D sound is calm and I prefer those for this situation. Mix C doesn't make me relax,85412,assets/audio/study-stimuli/main-study/group_01/song_b_id_like_to_know/pxl_s5.wav,0.0574779175222,17.4848575592,0.146866813302,0.0736307501793,-0.3583378408524605,-0.1527662554529231,0.7972705919658362,1.6270752922517937
6,P028,9bca617f-2167-4184-8bdb-9a1093c45c5c,five_mix_frontend_v1_2026-08-06,five_mix_netlify_forms_v1,five_mix_frontend_v1_2026-08-06,completed,group_01,group_01,2026-08-17 02:41:57.890,2026-08-17 03:00:35.035,2026-08-17 03:00:35.674,1117.0,6,5,30,6,True,4,P028__trial_01,1,EDR-2,EDR-2,1,id_like_to_know,group_01_song_b_id_like_to_know,1,Song B,D,4,mix_65f41f41d3ab,id_like_to_know_pxl_s3,mix_65f41f41d3ab,id_like_to_know_pxl_s3,True,91,True,True,2026-08-17T01:52:33.902Z,Mix E sounds weird and B I dont like it. Mix A and D sound is calm and I prefer those for this situation. Mix C doesn't make me relax,Mix E sounds weird and B I dont like it. Mix A and D sound is calm and I prefer those for this situation. Mix C doesn't make me relax,85412,assets/audio/study-stimuli/main-study/group_01/song_b_id_like_to_know/pxl_s3.wav,0.0606486909091,15.0860643387,0.0243665315211,-0.00842856336385,0.3234844364321996,-1.065060189455143,-1.1651773700507613,-0.0982478955990668
6,P028,9bca617f-2167-4184-8bdb-9a1093c45c5c,five_mix_frontend_v1_2026-08-06,five_mix_netlify_forms_v1,five_mix_frontend_v1_2026-08-06,completed,group_01,group_01,2026-08-17 02:41:57.890,2026-08-17 03:00:35.035,2026-08-17 03:00:35.674,1117.0,6,5,30,6,True,5,P028__trial_01,1,EDR-2,EDR-2,1,id_like_to_know,group_01_song_b_id_like_to_know,1,Song B,E,5,mix_9ffcd672af17,id_like_to_know_pxl_s1,mix_9ffcd672af17,id_like_to_know_pxl_s1,True,0,True,True,2026-08-17T01:52:37.930Z,Mix E sounds weird and B I dont like it. Mix A and D sound is calm and I prefer those for this situation. Mix C doesn't make me relax,Mix E sounds weird and B I dont like it. Mix A and D sound is calm and I prefer those for this situation. Mix C doesn't make me relax,85412,assets/audio/study-stimuli/main-study/group_01/song_b_id_like_to_know/pxl_s1.wav,0.0565126091242,16.3633155823,0.0668171644211,0.0607972890139,-0.5659114167269081,-0.579304038497624,-0.4851205015292653,1.357247686182373
6,P028,9bca617f-2167-4184-8bdb-9a1093c45c5c,five_mix_frontend_v1_2026-08-06,five_mix_netlify_forms_v1,five_mix_frontend_v1_2026-08-06,completed,group_01,group_01,2026-08-17 02:41:57.890,2026-08-17 03:00:35.035,2026-08-17 03:00:35.674,1117.0,6,5,30,6,True,6,P028__trial_02,2,EDR-2,EDR-2,1,lead_me,group_01_song_a_lead_me,2,Song A,A,1,mix_d5b28dfc8a93,lead_me_pxl_l1,mix_d5b28dfc8a93,lead_me_pxl_l1,True,94,True,True,2026-08-17T01:53:40.382Z,"I prefer low vocals for this situation. Mix B is too loud the vocals and Mix C I can barely hear vocals. Mix D,E,A are better for unwinding","I prefer low vocals for this situation. Mix B is too loud the vocals and Mix C I can barely hear vocals. Mix D,E,A are better for unwinding",93515,assets/audio/study-stimuli/main-study/group_01/song_a_lead_me/pxl_l1.wav,0.0591329820454,16.9195213318,0.0170932952315,-0.0129087874666,-0.0024436394808062,-0.3677713699084406,-1.2816942263900757,-0.1924460334762285
6,P028,9bca617f-2167-4184-8bdb-9a1093c45c5c,five_mix_frontend_v1_2026-08-06,five_mix_netlify_forms_v1,five_mix_frontend_v1_2026-08-06,completed,group_01,group_01,2026-08-17 02:41:57.890,2026-08-17 03:00:35.035,2026-08-17 03:00:35.674,1117.0,6,5,30,6,True,7,P028__trial_02,2,EDR-2,EDR-2,1,lead_me,group_01_song_a_lead_me,2,Song A,B,2,mix_271852ba8676,lead_me_du_e,mix_271852ba8676,lead_me_du_e,True,8,True,True,2026-08-17T01:53:53.856Z,"I prefer low vocals for this situation. Mix B is too loud the vocals and Mix C I can barely hear vocals. Mix D,E,A are better for unwinding","I prefer low vocals for this situation. Mix B is too loud the vocals and Mix C I can barely hear vocals. Mix D,E,A are better for unwinding",93515,assets/audio/study-stimuli/main-study/group_01/song_a_lead_me/du_e.wav,0.0543773770332,19.2538223267,0.0430038608611,0.0436125770211,-1.0250576971995913,0.5199952869185839,-0.8666083508697964,0.9959336464039888
6,P028,9bca617f-2167-4184-8bdb-9a1093c45c5c,five_mix_frontend_v1_2026-08-06,five_mix_netlify_forms_v1,five_mix_frontend_v1_2026-08-06,completed,group_01,group_01,2026-08-17 02:41:57.890,2026-08-17 03:00:35.035,2026-08-17 03:00:35.674,1117.0,6,5,30,6,True,8,P028__trial_02,2,EDR-2,EDR-2,1,lead_me,group_01_song_a_lead_me,2,Song A,C,3,mix_f1f7973e5bac,lead_me_du_d,mix_f1f7973e5bac,lead_me_du_d,True,20,True,True,2026-08-17T01:54:01.711Z,"I prefer low vocals for this situation. Mix B is too loud the vocals and Mix C I can barely hear vocals. Mix D,E,A are better for unwinding","I prefer low vocals for this situation. Mix B is too loud the vocals and Mix C I can barely hear vocals. Mix D,E,A are better for unwinding",93515,assets/audio/study-stimuli/main-study/group_01/song_a_lead_me/du_d.wav,0.0625870004296,13.8143320084,0.117576912045,-0.0521329641342,0.7402857811167308,-1.548717422055362,0.3280479404435016,-1.017146833506479
6,P028,9bca617f-2167-4184-8bdb-9a1093c45c5c,five_mix_frontend_v1_2026-08-06,five_mix_netlify_forms_v1,five_mix_frontend_v1_2026-08-06,completed,group_01,group_01,2026-08-17 02:41:57.890,2026-08-17 03:00:35.035,2026-08-17 03:00:35.674,1117.0,6,5,30,6,True,9,P028__trial_02,2,EDR-2,EDR-2,1,lead_me,group_01_song_a_lead_me,2,Song A,D,4,mix_c7d9a071ba25,lead_me_pxl_l4,mix_c7d9a071ba25,lead_me_pxl_l4,True,69,True,True,2026-08-17T01:54:04.419Z,"I prefer low vocals for this situation. Mix B is too loud the vocals and Mix C I can barely hear vocals. Mix D,E,A are better for unwinding","I prefer low vocals for this situation. Mix B is too loud the vocals and Mix C I can barely hear vocals. Mix D,E,A are better for unwinding",93515,assets/audio/study-stimuli/main-study/group_01/song_a_lead_me/pxl_l4.wav,0.0588876381516,15.6746520996,0.149041607976,0.109930999577,-0.0552007785055364,-0.8412121981784734,0.8321106863211235,2.390299590706203
6,P028,9bca617f-2167-4184-8bdb-9a1093c45c5c,five_mix_frontend_v1_2026-08-06,five_mix_netlify_forms_v1,five_mix_frontend_v1_2026-08-06,completed,group_01,group_01,2026-08-17 02:41:57.890,2026-08-17 03:00:35.035,2026-08-17 03:00:35.674,1117.0,6,5,30,6,True,10,P028__trial_02,2,EDR-2,EDR-2,1,lead_me,group_01_song_a_lead_me,2,Song A,E,5,mix_d3e3580b6e30,lead_me_mcg_pro2,mix_d3e3580b6e30,lead_me_mcg_pro2,True,81,True,True,2026-08-17T01:54:07.323Z,"I prefer low vocals for this situation. Mix B is too loud the vocals and Mix C I can barely hear vocals. Mix D,E,A are better for unwinding","I prefer low vocals for this situation. Mix B is too loud the vocals and Mix C I can barely hear vocals. Mix D,E,A are better for unwinding",93515,assets/audio/study-stimuli/main-study/group_01/song_a_lead_me/mcg_pro2.wav,0.0730051249266,20.1463222504,0.0392760001123,-0.00143597240094,2.9805308263561203,0.8594252384169624,-0.9263284806752846,0.048773555233824
6,P028,9bca617f-2167-4184-8bdb-9a1093c45c5c,five_mix_frontend_v1_2026-08-06,five_mix_netlify_forms_v1,five_mix_frontend_v1_2026-08-06,completed,group_01,group_01,2026-08-17 02:41:57.890,2026-08-17 03:00:35.035,2026-08-17 03:00:35.674,1117.0,6,5,30,6,True,11,P028__trial_03,3,FM-1,FM-1,2,lead_me,group_01_song_a_lead_me,1,Song A,A,1,mix_d3e3580b6e30,lead_me_mcg_pro2,mix_d3e3580b6e30,lead_me_mcg_pro2,True,10,True,True,2026-08-17T01:55:14.025Z,"Mix A misses energy, the same as Mix B. Mix C voice is very loud and is distracting so I don't like it. The same for E and D, I don't like any. ","Mix A misses energy, the same as Mix B. Mix C voice is very loud and is distracting so I don't like it. The same for E and D, I don't like any.",98512,assets/audio/study-stimuli/main-study/group_01/song_a_lead_me/mcg_pro2.wav,0.0730051249266,20.1463222504,0.0392760001123,-0.00143597240094,2.9805308263561203,0.8594252384169624,-0.9263284806752846,0.048773555233824
6,P028,9bca617f-2167-4184-8bdb-9a1093c45c5c,five_mix_frontend_v1_2026-08-06,five_mix_netlify_forms_v1,five_mix_frontend_v1_2026-08-06,completed,group_01,group_01,2026-08-17 02:41:57.890,2026-08-17 03:00:35.035,2026-08-17 03:00:35.674,1117.0,6,5,30,6,True,12,P028__trial_03,3,FM-1,FM-1,2,lead_me,group_01_song_a_lead_me,1,Song A,B,2,mix_c7d9a071ba25,lead_me_pxl_l4,mix_c7d9a071ba25,lead_me_pxl_l4,True,0,True,True,2026-08-17T01:55:28.521Z,"Mix A misses energy, the same as Mix B. Mix C voice is very loud and is distracting so I don't like it. The same for E and D, I don't like any. ","Mix A misses energy, the same as Mix B. Mix C voice is very loud and is distracting so I don't like it. The same for E and D, I don't like any.",98512,assets/audio/study-stimuli/main-study/group_01/song_a_lead_me/pxl_l4.wav,0.0588876381516,15.6746520996,0.149041607976,0.109930999577,-0.0552007785055364,-0.8412121981784734,0.8321106863211235,2.390299590706203
6,P028,9bca617f-2167-4184-8bdb-9a1093c45c5c,five_mix_frontend_v1_2026-08-06,five_mix_netlify_forms_v1,five_mix_frontend_v1_2026-08-06,completed,group_01,group_01,2026-08-17 02:41:57.890,2026-08-17 03:00:35.035,2026-08-17 03:00:35.674,1117.0,6,5,30,6,True,13,P028__trial_03,3,FM-1,FM-1,2,lead_me,group_01_song_a_lead_me,1,Song A,C,3,mix_271852ba8676,lead_me_du_e,mix_271852ba8676,lead_me_du_e,True,5,True,True,2026-08-17T01:55:40.355Z,"Mix A misses energy, the same as Mix B. Mix C voice is very loud and is distracting so I don't like it. The same for E and D, I don't like any. ","Mix A misses energy, the same as Mix B. Mix C voice is very loud and is distracting so I don't like it. The same for E and D, I don't like any.",98512,assets/audio/study-stimuli/main-study/group_01/song_a_lead_me/du_e.wav,0.0543773770332,19.2538223267,0.0430038608611,0.0436125770211,-1.0250576971995913,0.5199952869185839,-0.8666083508697964,0.9959336464039888
6,P028,9bca617f-2167-4184-8bdb-9a1093c45c5c,five_mix_frontend_v1_2026-08-06,five_mix_netlify_forms_v1,five_mix_frontend_v1_2026-08-06,completed,group_01,group_01,2026-08-17 02:41:57.890,2026-08-17 03:00:35.035,2026-08-17 03:00:35.674,1117.0,6,5,30,6,True,14,P028__trial_03,3,FM-1,FM-1,2,lead_me,group_01_song_a_lead_me,1,Song A,D,4,mix_f1f7973e5bac,lead_me_du_d,mix_f1f7973e5bac,lead_me_du_d,True,20,True,True,2026-08-17T01:56:01.807Z,"Mix A misses energy, the same as Mix B. Mix C voice is very loud and is distracting so I don't like it. The same for E and D, I don't like any. ","Mix A misses energy, the same as Mix B. Mix C voice is very loud and is distracting so I don't like it. The same for E and D, I don't like any.",98512,assets/audio/study-stimuli/main-study/group_01/song_a_lead_me/du_d.wav,0.0625870004296,13.8143320084,0.117576912045,-0.0521329641342,0.7402857811167308,-1.548717422055362,0.3280479404435016,-1.017146833506479
6,P028,9bca617f-2167-4184-8bdb-9a1093c45c5c,five_mix_frontend_v1_2026-08-06,five_mix_netlify_forms_v1,five_mix_frontend_v1_2026-08-06,completed,group_01,group_01,2026-08-17 02:41:57.890,2026-08-17 03:00:35.035,2026-08-17 03:00:35.674,1117.0,6,5,30,6,True,15,P028__trial_03,3,FM-1,FM-1,2,lead_me,group_01_song_a_lead_me,1,Song A,E,5,mix_d5b28dfc8a93,lead_me_pxl_l1,mix_d5b28dfc8a93,lead_me_pxl_l1,True,15,True,True,2026-08-17T01:56:06.443Z,"Mix A misses energy, the same as Mix B. Mix C voice is very loud and is distracting so I don't like it. The same for E and D, I don't like any. ","Mix A misses energy, the same as Mix B. Mix C voice is very loud and is distracting so I don't like it. The same for E and D, I don't like any.",98512,assets/audio/study-stimuli/main-study/group_01/song_a_lead_me/pxl_l1.wav,0.0591329820454,16.9195213318,0.0170932952315,-0.0129087874666,-0.0024436394808062,-0.3677713699084406,-1.2816942263900757,-0.1924460334762285
6,P028,9bca617f-2167-4184-8bdb-9a1093c45c5c,five_mix_frontend_v1_2026-08-06,five_mix_netlify_forms_v1,five_mix_frontend_v1_2026-08-06,completed,group_01,group_01,2026-08-17 02:41:57.890,2026-08-17 03:00:35.035,2026-08-17 03:00:35.674,1117.0,6,5,30,6,True,16,P028__trial_04,4,FM-1,FM-1,2,id_like_to_know,group_01_song_b_id_like_to_know,2,Song B,A,1,mix_82d60d7c7fc5,id_like_to_know_pxl_s5,mix_82d60d7c7fc5,id_like_to_know_pxl_s5,True,23,True,True,2026-08-17T01:56:52.885Z,"Mix A is just okay, nothing special, Mix B and C sounds with more energy. Mix D is good for mental focus","Mix A is just okay, nothing special, Mix B and C sounds with more energy. Mix D is good for mental focus",61693,assets/audio/study-stimuli/main-study/group_01/song_b_id_like_to_know/pxl_s5.wav,0.0574779175222,17.4848575592,0.146866813302,0.0736307501793,-0.3583378408524605,-0.1527662554529231,0.7972705919658362,1.6270752922517937
6,P028,9bca617f-2167-4184-8bdb-9a1093c45c5c,five_mix_frontend_v1_2026-08-06,five_mix_netlify_forms_v1,five_mix_frontend_v1_2026-08-06,completed,group_01,group_01,2026-08-17 02:41:57.890,2026-08-17 03:00:35.035,2026-08-17 03:00:35.674,1117.0,6,5,30,6,True,17,P028__trial_04,4,FM-1,FM-1,2,id_like_to_know,group_01_song_b_id_like_to_know,2,Song B,B,2,mix_9ffcd672af17,id_like_to_know_pxl_s1,mix_9ffcd672af17,id_like_to_know_pxl_s1,True,87,True,True,2026-08-17T01:57:00.283Z,"Mix A is just okay, nothing special, Mix B and C sounds with more energy. Mix D is good for mental focus","Mix A is just okay, nothing special, Mix B and C sounds with more energy. Mix D is good for mental focus",61693,assets/audio/study-stimuli/main-study/group_01/song_b_id_like_to_know/pxl_s1.wav,0.0565126091242,16.3633155823,0.0668171644211,0.0607972890139,-0.5659114167269081,-0.579304038497624,-0.4851205015292653,1.357247686182373
6,P028,9bca617f-2167-4184-8bdb-9a1093c45c5c,five_mix_frontend_v1_2026-08-06,five_mix_netlify_forms_v1,five_mix_frontend_v1_2026-08-06,completed,group_01,group_01,2026-08-17 02:41:57.890,2026-08-17 03:00:35.035,2026-08-17 03:00:35.674,1117.0,6,5,30,6,True,18,P028__trial_04,4,FM-1,FM-1,2,id_like_to_know,group_01_song_b_id_like_to_know,2,Song B,C,3,mix_6f8b655d7999,id_like_to_know_pxl_s2,mix_6f8b655d7999,id_like_to_know_pxl_s2,True,75,True,True,2026-08-17T01:57:20.147Z,"Mix A is just okay, nothing special, Mix B and C sounds with more energy. Mix D is good for mental focus","Mix A is just okay, nothing special, Mix B and C sounds with more energy. Mix D is good for mental focus",61693,assets/audio/study-stimuli/main-study/group_01/song_b_id_like_to_know/pxl_s2.wav,0.0616230294108,14.7642059326,0.049424380064,0.0224525164813,0.5329997864789321,-1.1874673519330532,-0.7637519766505488,0.5510366380169074
6,P028,9bca617f-2167-4184-8bdb-9a1093c45c5c,five_mix_frontend_v1_2026-08-06,five_mix_netlify_forms_v1,five_mix_frontend_v1_2026-08-06,completed,group_01,group_01,2026-08-17 02:41:57.890,2026-08-17 03:00:35.035,2026-08-17 03:00:35.674,1117.0,6,5,30,6,True,19,P028__trial_04,4,FM-1,FM-1,2,id_like_to_know,group_01_song_b_id_like_to_know,2,Song B,D,4,mix_65f41f41d3ab,id_like_to_know_pxl_s3,mix_65f41f41d3ab,id_like_to_know_pxl_s3,True,96,True,True,2026-08-17T01:57:24.166Z,"Mix A is just okay, nothing special, Mix B and C sounds with more energy. Mix D is good for mental focus","Mix A is just okay, nothing special, Mix B and C sounds with more energy. Mix D is good for mental focus",61693,assets/audio/study-stimuli/main-study/group_01/song_b_id_like_to_know/pxl_s3.wav,0.0606486909091,15.0860643387,0.0243665315211,-0.00842856336385,0.3234844364321996,-1.065060189455143,-1.1651773700507613,-0.0982478955990668
6,P028,9bca617f-2167-4184-8bdb-9a1093c45c5c,five_mix_frontend_v1_2026-08-06,five_mix_netlify_forms_v1,five_mix_frontend_v1_2026-08-06,completed,group_01,group_01,2026-08-17 02:41:57.890,2026-08-17 03:00:35.035,2026-08-17 03:00:35.674,1117.0,6,5,30,6,True,20,P028__trial_04,4,FM-1,FM-1,2,id_like_to_know,group_01_song_b_id_like_to_know,2,Song B,E,5,mix_b393d3919c78,id_like_to_know_pxl_s7,mix_b393d3919c78,id_like_to_know_pxl_s7,True,10,True,True,2026-08-17T01:57:27.829Z,"Mix A is just okay, nothing special, Mix B and C sounds with more energy. Mix D is good for mental focus","Mix A is just okay, nothing special, Mix B and C sounds with more energy. Mix D is good for mental focus",61693,assets/audio/study-stimuli/main-study/group_01/song_b_id_like_to_know/pxl_s7.wav,0.0551121532917,16.2593574524,0.0769432634115,-0.0537673681974,-0.867056238017743,-0.6188407399054331,-0.3229009373128245,-1.0515106991885117
6,P028,9bca617f-2167-4184-8bdb-9a1093c45c5c,five_mix_frontend_v1_2026-08-06,five_mix_netlify_forms_v1,five_mix_frontend_v1_2026-08-06,completed,group_01,group_01,2026-08-17 02:41:57.890,2026-08-17 03:00:35.035,2026-08-17 03:00:35.674,1117.0,6,5,30,6,True,21,P028__trial_05,5,EDR-1,EDR-1,3,id_like_to_know,group_01_song_b_id_like_to_know,1,Song B,A,1,mix_65f41f41d3ab,id_like_to_know_pxl_s3,mix_65f41f41d3ab,id_like_to_know_pxl_s3,True,92,True,True,2026-08-17T01:57:54.657Z,"I dont like the weird mixes (B,E). I prefer C,D,A since they would help me for entertainment, I like songs that are well balanced, warm and clear vocals","I dont like the weird mixes (B,E). I prefer C,D,A since they would help me for entertainment, I like songs that are well balanced, warm and clear vocals",83490,assets/audio/study-stimuli/main-study/group_01/song_b_id_like_to_know/pxl_s3.wav,0.0606486909091,15.0860643387,0.0243665315211,-0.00842856336385,0.3234844364321996,-1.065060189455143,-1.1651773700507613,-0.0982478955990668
6,P028,9bca617f-2167-4184-8bdb-9a1093c45c5c,five_mix_frontend_v1_2026-08-06,five_mix_netlify_forms_v1,five_mix_frontend_v1_2026-08-06,completed,group_01,group_01,2026-08-17 02:41:57.890,2026-08-17 03:00:35.035,2026-08-17 03:00:35.674,1117.0,6,5,30,6,True,22,P028__trial_05,5,EDR-1,EDR-1,3,id_like_to_know,group_01_song_b_id_like_to_know,1,Song B,B,2,mix_82d60d7c7fc5,id_like_to_know_pxl_s5,mix_82d60d7c7fc5,id_like_to_know_pxl_s5,True,11,True,True,2026-08-17T01:58:04.628Z,"I dont like the weird mixes (B,E). I prefer C,D,A since they would help me for entertainment, I like songs that are well balanced, warm and clear vocals","I dont like the weird mixes (B,E). I prefer C,D,A since they would help me for entertainment, I like songs that are well balanced, warm and clear vocals",83490,assets/audio/study-stimuli/main-study/group_01/song_b_id_like_to_know/pxl_s5.wav,0.0574779175222,17.4848575592,0.146866813302,0.0736307501793,-0.3583378408524605,-0.1527662554529231,0.7972705919658362,1.6270752922517937
6,P028,9bca617f-2167-4184-8bdb-9a1093c45c5c,five_mix_frontend_v1_2026-08-06,five_mix_netlify_forms_v1,five_mix_frontend_v1_2026-08-06,completed,group_01,group_01,2026-08-17 02:41:57.890,2026-08-17 03:00:35.035,2026-08-17 03:00:35.674,1117.0,6,5,30,6,True,23,P028__trial_05,5,EDR-1,EDR-1,3,id_like_to_know,group_01_song_b_id_like_to_know,1,Song B,C,3,mix_9ffcd672af17,id_like_to_know_pxl_s1,mix_9ffcd672af17,id_like_to_know_pxl_s1,True,76,True,True,2026-08-17T01:58:07.888Z,"I dont like the weird mixes (B,E). I prefer C,D,A since they would help me for entertainment, I like songs that are well balanced, warm and clear vocals","I dont like the weird mixes (B,E). I prefer C,D,A since they would help me for entertainment, I like songs that are well balanced, warm and clear vocals",83490,assets/audio/study-stimuli/main-study/group_01/song_b_id_like_to_know/pxl_s1.wav,0.0565126091242,16.3633155823,0.0668171644211,0.0607972890139,-0.5659114167269081,-0.579304038497624,-0.4851205015292653,1.357247686182373
6,P028,9bca617f-2167-4184-8bdb-9a1093c45c5c,five_mix_frontend_v1_2026-08-06,five_mix_netlify_forms_v1,five_mix_frontend_v1_2026-08-06,completed,group_01,group_01,2026-08-17 02:41:57.890,2026-08-17 03:00:35.035,2026-08-17 03:00:35.674,1117.0,6,5,30,6,True,24,P028__trial_05,5,EDR-1,EDR-1,3,id_like_to_know,group_01_song_b_id_like_to_know,1,Song B,D,4,mix_6f8b655d7999,id_like_to_know_pxl_s2,mix_6f8b655d7999,id_like_to_know_pxl_s2,True,83,True,True,2026-08-17T01:58:14.179Z,"I dont like the weird mixes (B,E). I prefer C,D,A since they would help me for entertainment, I like songs that are well balanced, warm and clear vocals","I dont like the weird mixes (B,E). I prefer C,D,A since they would help me for entertainment, I like songs that are well balanced, warm and clear vocals",83490,assets/audio/study-stimuli/main-study/group_01/song_b_id_like_to_know/pxl_s2.wav,0.0616230294108,14.7642059326,0.049424380064,0.0224525164813,0.5329997864789321,-1.1874673519330532,-0.7637519766505488,0.5510366380169074
6,P028,9bca617f-2167-4184-8bdb-9a1093c45c5c,five_mix_frontend_v1_2026-08-06,five_mix_netlify_forms_v1,five_mix_frontend_v1_2026-08-06,completed,group_01,group_01,2026-08-17 02:41:57.890,2026-08-17 03:00:35.035,2026-08-17 03:00:35.674,1117.0,6,5,30,6,True,25,P028__trial_05,5,EDR-1,EDR-1,3,id_like_to_know,group_01_song_b_id_like_to_know,1,Song B,E,5,mix_b393d3919c78,id_like_to_know_pxl_s7,mix_b393d3919c78,id_like_to_know_pxl_s7,True,21,True,True,2026-08-17T01:58:17.706Z,"I dont like the weird mixes (B,E). I prefer C,D,A since they would help me for entertainment, I like songs that are well balanced, warm and clear vocals","I dont like the weird mixes (B,E). I prefer C,D,A since they would help me for entertainment, I like songs that are well balanced, warm and clear vocals",83490,assets/audio/study-stimuli/main-study/group_01/song_b_id_like_to_know/pxl_s7.wav,0.0551121532917,16.2593574524,0.0769432634115,-0.0537673681974,-0.867056238017743,-0.6188407399054331,-0.3229009373128245,-1.0515106991885117
6,P028,9bca617f-2167-4184-8bdb-9a1093c45c5c,five_mix_frontend_v1_2026-08-06,five_mix_netlify_forms_v1,five_mix_frontend_v1_2026-08-06,completed,group_01,group_01,2026-08-17 02:41:57.890,2026-08-17 03:00:35.035,2026-08-17 03:00:35.674,1117.0,6,5,30,6,True,26,P028__trial_06,6,EDR-1,EDR-1,3,lead_me,group_01_song_a_lead_me,2,Song A,A,1,mix_f1f7973e5bac,lead_me_du_d,mix_f1f7973e5bac,lead_me_du_d,True,91,True,True,2026-08-17T01:59:18.078Z,"I like warm songs, Mix C and E doesn't sound warm. Mix B.A,D sound better and more warm. Mix D voice is too low","I like warm songs, Mix C and E doesn't sound warm. Mix B.A,D sound better and more warm. Mix D voice is too low",42898,assets/audio/study-stimuli/main-study/group_01/song_a_lead_me/du_d.wav,0.0625870004296,13.8143320084,0.117576912045,-0.0521329641342,0.7402857811167308,-1.548717422055362,0.3280479404435016,-1.017146833506479
6,P028,9bca617f-2167-4184-8bdb-9a1093c45c5c,five_mix_frontend_v1_2026-08-06,five_mix_netlify_forms_v1,five_mix_frontend_v1_2026-08-06,completed,group_01,group_01,2026-08-17 02:41:57.890,2026-08-17 03:00:35.035,2026-08-17 03:00:35.674,1117.0,6,5,30,6,True,27,P028__trial_06,6,EDR-1,EDR-1,3,lead_me,group_01_song_a_lead_me,2,Song A,B,2,mix_c7d9a071ba25,lead_me_pxl_l4,mix_c7d9a071ba25,lead_me_pxl_l4,True,80,True,True,2026-08-17T01:59:24.758Z,"I like warm songs, Mix C and E doesn't sound warm. Mix B.A,D sound better and more warm. Mix D voice is too low","I like warm songs, Mix C and E doesn't sound warm. Mix B.A,D sound better and more warm. Mix D voice is too low",42898,assets/audio/study-stimuli/main-study/group_01/song_a_lead_me/pxl_l4.wav,0.0588876381516,15.6746520996,0.149041607976,0.109930999577,-0.0552007785055364,-0.8412121981784734,0.8321106863211235,2.390299590706203
6,P028,9bca617f-2167-4184-8bdb-9a1093c45c5c,five_mix_frontend_v1_2026-08-06,five_mix_netlify_forms_v1,five_mix_frontend_v1_2026-08-06,completed,group_01,group_01,2026-08-17 02:41:57.890,2026-08-17 03:00:35.035,2026-08-17 03:00:35.674,1117.0,6,5,30,6,True,28,P028__trial_06,6,EDR-1,EDR-1,3,lead_me,group_01_song_a_lead_me,2,Song A,C,3,mix_271852ba8676,lead_me_du_e,mix_271852ba8676,lead_me_du_e,True,0,True,True,2026-08-17T01:59:28.815Z,"I like warm songs, Mix C and E doesn't sound warm. Mix B.A,D sound better and more warm. Mix D voice is too low","I like warm songs, Mix C and E doesn't sound warm. Mix B.A,D sound better and more warm. Mix D voice is too low",42898,assets/audio/study-stimuli/main-study/group_01/song_a_lead_me/du_e.wav,0.0543773770332,19.2538223267,0.0430038608611,0.0436125770211,-1.0250576971995913,0.5199952869185839,-0.8666083508697964,0.9959336464039888
6,P028,9bca617f-2167-4184-8bdb-9a1093c45c5c,five_mix_frontend_v1_2026-08-06,five_mix_netlify_forms_v1,five_mix_frontend_v1_2026-08-06,completed,group_01,group_01,2026-08-17 02:41:57.890,2026-08-17 03:00:35.035,2026-08-17 03:00:35.674,1117.0,6,5,30,6,True,29,P028__trial_06,6,EDR-1,EDR-1,3,lead_me,group_01_song_a_lead_me,2,Song A,D,4,mix_d3e3580b6e30,lead_me_mcg_pro2,mix_d3e3580b6e30,lead_me_mcg_pro2,True,50,True,True,2026-08-17T01:59:26.956Z,"I like warm songs, Mix C and E doesn't sound warm. Mix B.A,D sound better and more warm. Mix D voice is too low","I like warm songs, Mix C and E doesn't sound warm. Mix B.A,D sound better and more warm. Mix D voice is too low",42898,assets/audio/study-stimuli/main-study/group_01/song_a_lead_me/mcg_pro2.wav,0.0730051249266,20.1463222504,0.0392760001123,-0.00143597240094,2.9805308263561203,0.8594252384169624,-0.9263284806752846,0.048773555233824
6,P028,9bca617f-2167-4184-8bdb-9a1093c45c5c,five_mix_frontend_v1_2026-08-06,five_mix_netlify_forms_v1,five_mix_frontend_v1_2026-08-06,completed,group_01,group_01,2026-08-17 02:41:57.890,2026-08-17 03:00:35.035,2026-08-17 03:00:35.674,1117.0,6,5,30,6,True,30,P028__trial_06,6,EDR-1,EDR-1,3,lead_me,group_01_song_a_lead_me,2,Song A,E,5,mix_d5b28dfc8a93,lead_me_pxl_l1,mix_d5b28dfc8a93,lead_me_pxl_l1,True,14,True,True,2026-08-17T01:59:22.158Z,"I like warm songs, Mix C and E doesn't sound warm. Mix B.A,D sound better and more warm. Mix D voice is too low","I like warm songs, Mix C and E doesn't sound warm. Mix B.A,D sound better and more warm. Mix D voice is too low",42898,assets/audio/study-stimuli/main-study/group_01/song_a_lead_me/pxl_l1.wav,0.0591329820454,16.9195213318,0.0170932952315,-0.0129087874666,-0.0024436394808062,-0.3677713699084406,-1.2816942263900757,-0.1924460334762285
7,P027,6ee106cf-7444-47d8-8f6b-b40b4df46ab9,five_mix_frontend_v1_2026-08-06,five_mix_netlify_forms_v1,five_mix_frontend_v1_2026-08-06,completed,group_02,group_02,2026-08-17 02:28:34.466,2026-08-17 02:41:55.422,2026-08-17 02:41:56.092,801.0,6,5,30,6,True,1,P027__trial_01,1,FM-1,FM-1,1,pouring_room,group_02_song_b_pouring_room,1,Song B,A,1,mix_132e75f34470,pouring_room_mcg_pro1,mix_132e75f34470,pouring_room_mcg_pro1,True,85,True,True,2026-08-17T01:31:43.696Z,"Mix B sound is not my favorite, Mix A is okay is balanced, Mix C is too calmed I cannot focus, Mix E echo is too much","Mix B sound is not my favorite, Mix A is okay is balanced, Mix C is too calmed I cannot focus, Mix E echo is too much",91492,assets/audio/study-stimuli/main-study/group_02/song_b_pouring_room/mcg_pro1.wav,0.0646217316389,18.2459716797,0.0750391855836,-0.0488145165145,1.177821012274786,0.1366958746221527,-0.3534041622732912,-0.9473754159948484
7,P027,6ee106cf-7444-47d8-8f6b-b40b4df46ab9,five_mix_frontend_v1_2026-08-06,five_mix_netlify_forms_v1,five_mix_frontend_v1_2026-08-06,completed,group_02,group_02,2026-08-17 02:28:34.466,2026-08-17 02:41:55.422,2026-08-17 02:41:56.092,801.0,6,5,30,6,True,2,P027__trial_01,1,FM-1,FM-1,1,pouring_room,group_02_song_b_pouring_room,1,Song B,B,2,mix_be2ccd4c43ff,pouring_room_mcg_t,mix_be2ccd4c43ff,pouring_room_mcg_t,True,20,True,True,2026-08-17T01:31:57.587Z,"Mix B sound is not my favorite, Mix A is okay is balanced, Mix C is too calmed I cannot focus, Mix E echo is too much","Mix B sound is not my favorite, Mix A is okay is balanced, Mix C is too calmed I cannot focus, Mix E echo is too much",91492,assets/audio/study-stimuli/main-study/group_02/song_b_pouring_room/mcg_t.wav,0.0587656274438,20.841550827,0.217380493879,-0.0455747283995,-0.0814371595061495,1.1238301932737935,1.926895983278192,-0.8792578396079359
7,P027,6ee106cf-7444-47d8-8f6b-b40b4df46ab9,five_mix_frontend_v1_2026-08-06,five_mix_netlify_forms_v1,five_mix_frontend_v1_2026-08-06,completed,group_02,group_02,2026-08-17 02:28:34.466,2026-08-17 02:41:55.422,2026-08-17 02:41:56.092,801.0,6,5,30,6,True,3,P027__trial_01,1,FM-1,FM-1,1,pouring_room,group_02_song_b_pouring_room,1,Song B,C,3,mix_0ba76f420c1d,pouring_room_mcg_r,mix_0ba76f420c1d,pouring_room_mcg_r,True,10,True,True,2026-08-17T01:32:22.967Z,"Mix B sound is not my favorite, Mix A is okay is balanced, Mix C is too calmed I cannot focus, Mix E echo is too much","Mix B sound is not my favorite, Mix A is okay is balanced, Mix C is too calmed I cannot focus, Mix E echo is too much",91492,assets/audio/study-stimuli/main-study/group_02/song_b_pouring_room/mcg_r.wav,0.060190629214,16.5152053833,0.14739459753,-0.0638295859098,0.2249858589620197,-0.521538265731174,0.8057256670690561,-1.2630720295337683
7,P027,6ee106cf-7444-47d8-8f6b-b40b4df46ab9,five_mix_frontend_v1_2026-08-06,five_mix_netlify_forms_v1,five_mix_frontend_v1_2026-08-06,completed,group_02,group_02,2026-08-17 02:28:34.466,2026-08-17 02:41:55.422,2026-08-17 02:41:56.092,801.0,6,5,30,6,True,4,P027__trial_01,1,FM-1,FM-1,1,pouring_room,group_02_song_b_pouring_room,1,Song B,D,4,mix_e08faaf8bbb3,pouring_room_mcg_v,mix_e08faaf8bbb3,pouring_room_mcg_v,True,0,True,True,2026-08-17T01:32:38.772Z,"Mix B sound is not my favorite, Mix A is okay is balanced, Mix C is too calmed I cannot focus, Mix E echo is too much","Mix B sound is not my favorite, Mix A is okay is balanced, Mix C is too calmed I cannot focus, Mix E echo is too much",91492,assets/audio/study-stimuli/main-study/group_02/song_b_pouring_room/mcg_v.wav,0.0600788630545,20.8109931946,0.0795278027654,-0.0483895651996,0.2009523983216312,1.112208706920678,-0.2814967551013548,-0.938440679331238
7,P027,6ee106cf-7444-47d8-8f6b-b40b4df46ab9,five_mix_frontend_v1_2026-08-06,five_mix_netlify_forms_v1,five_mix_frontend_v1_2026-08-06,completed,group_02,group_02,2026-08-17 02:28:34.466,2026-08-17 02:41:55.422,2026-08-17 02:41:56.092,801.0,6,5,30,6,True,5,P027__trial_01,1,FM-1,FM-1,1,pouring_room,group_02_song_b_pouring_room,1,Song B,E,5,mix_cbf8555ee2b2,pouring_room_mcg_x,mix_cbf8555ee2b2,pouring_room_mcg_x,True,35,True,True,2026-08-17T01:32:56.480Z,"Mix B sound is not my favorite, Mix A is okay is balanced, Mix C is too calmed I cannot focus, Mix E echo is too much","Mix B sound is not my favorite, Mix A is okay is balanced, Mix C is too calmed I cannot focus, Mix E echo is too much",91492,assets/audio/study-stimuli/main-study/group_02/song_b_pouring_room/mcg_x.wav,0.0612343810499,19.9389343262,0.147577553988,-0.0265915170312,0.4494273963527286,0.780552768870155,0.8086566197405122,-0.4801297779726206
7,P027,6ee106cf-7444-47d8-8f6b-b40b4df46ab9,five_mix_frontend_v1_2026-08-06,five_mix_netlify_forms_v1,five_mix_frontend_v1_2026-08-06,completed,group_02,group_02,2026-08-17 02:28:34.466,2026-08-17 02:41:55.422,2026-08-17 02:41:56.092,801.0,6,5,30,6,True,6,P027__trial_02,2,FM-1,FM-1,1,in_the_meantime,group_02_song_a_in_the_meantime,2,Song A,A,1,mix_56e65a3ce054,in_the_meantime_du_k,mix_56e65a3ce054,in_the_meantime_du_k,True,0,True,True,2026-08-17T01:33:16.293Z," Mix A bass, drums and everything sounds weird, Mix B is so-so, I like it. Mix C drums very pleasant for me, everything sounds clean; Mix D I don't like it, sounds very compressed? Mix E is good for because is strong drums and gives me motivation specially for physical activities.","Mix A bass, drums and everything sounds weird, Mix B is so-so, I like it. Mix C drums very pleasant for me, everything sounds clean; Mix D I don't like it, sounds very compressed? Mix E is good for because is strong drums and gives me motivation specially for physical activities.",154742,assets/audio/study-stimuli/main-study/group_02/song_a_in_the_meantime/du_k.wav,0.0539390221238,22.5979270935,0.15773075819,0.0170408543199,-1.1193186569455127,1.7918041562064675,0.9713104079970216,0.4372547184671072
7,P027,6ee106cf-7444-47d8-8f6b-b40b4df46ab9,five_mix_frontend_v1_2026-08-06,five_mix_netlify_forms_v1,five_mix_frontend_v1_2026-08-06,completed,group_02,group_02,2026-08-17 02:28:34.466,2026-08-17 02:41:55.422,2026-08-17 02:41:56.092,801.0,6,5,30,6,True,7,P027__trial_02,2,FM-1,FM-1,1,in_the_meantime,group_02_song_a_in_the_meantime,2,Song A,B,2,mix_cdaef40f2b94,in_the_meantime_qut_pro,mix_cdaef40f2b94,in_the_meantime_qut_pro,True,42,True,True,2026-08-17T01:33:50.137Z," Mix A bass, drums and everything sounds weird, Mix B is so-so, I like it. Mix C drums very pleasant for me, everything sounds clean; Mix D I don't like it, sounds very compressed? Mix E is good for because is strong drums and gives me motivation specially for physical activities.","Mix A bass, drums and everything sounds weird, Mix B is so-so, I like it. Mix C drums very pleasant for me, everything sounds clean; Mix D I don't like it, sounds very compressed? Mix E is good for because is strong drums and gives me motivation specially for physical activities.",154742,assets/audio/study-stimuli/main-study/group_02/song_a_in_the_meantime/qut_pro.wav,0.0560023784637,14.1143035889,0.212649226189,-0.0385963246226,-0.6756280657690176,-1.4346341192827423,1.8511013279434223,-0.7325346788768815
7,P027,6ee106cf-7444-47d8-8f6b-b40b4df46ab9,five_mix_frontend_v1_2026-08-06,five_mix_netlify_forms_v1,five_mix_frontend_v1_2026-08-06,completed,group_02,group_02,2026-08-17 02:28:34.466,2026-08-17 02:41:55.422,2026-08-17 02:41:56.092,801.0,6,5,30,6,True,8,P027__trial_02,2,FM-1,FM-1,1,in_the_meantime,group_02_song_a_in_the_meantime,2,Song A,C,3,mix_302f0efe8a80,in_the_meantime_du_h,mix_302f0efe8a80,in_the_meantime_du_h,True,86,True,True,2026-08-17T01:34:04.387Z," Mix A bass, drums and everything sounds weird, Mix B is so-so, I like it. Mix C drums very pleasant for me, everything sounds clean; Mix D I don't like it, sounds very compressed? Mix E is good for because is strong drums and gives me motivation specially for physical activities.","Mix A bass, drums and everything sounds weird, Mix B is so-so, I like it. Mix C drums very pleasant for me, everything sounds clean; Mix D I don't like it, sounds very compressed? Mix E is good for because is strong drums and gives me motivation specially for physical activities.",154742,assets/audio/study-stimuli/main-study/group_02/song_a_in_the_meantime/du_h.wav,0.0623472034931,18.601518631,0.0428314469755,0.0354086197913,0.6887214233465396,0.2719152524959843,-0.8693704120952901,0.8234428342152216
7,P027,6ee106cf-7444-47d8-8f6b-b40b4df46ab9,five_mix_frontend_v1_2026-08-06,five_mix_netlify_forms_v1,five_mix_frontend_v1_2026-08-06,completed,group_02,group_02,2026-08-17 02:28:34.466,2026-08-17 02:41:55.422,2026-08-17 02:41:56.092,801.0,6,5,30,6,True,9,P027__trial_02,2,FM-1,FM-1,1,in_the_meantime,group_02_song_a_in_the_meantime,2,Song A,D,4,mix_c7bdcba64775,in_the_meantime_qut_b,mix_c7bdcba64775,in_the_meantime_qut_b,True,17,True,True,2026-08-17T01:34:43.713Z," Mix A bass, drums and everything sounds weird, Mix B is so-so, I like it. Mix C drums very pleasant for me, everything sounds clean; Mix D I don't like it, sounds very compressed? Mix E is good for because is strong drums and gives me motivation specially for physical activities.","Mix A bass, drums and everything sounds weird, Mix B is so-so, I like it. Mix C drums very pleasant for me, everything sounds clean; Mix D I don't like it, sounds very compressed? Mix E is good for because is strong drums and gives me motivation specially for physical activities.",154742,assets/audio/study-stimuli/main-study/group_02/song_a_in_the_meantime/qut_b.wav,0.0560294315219,17.366355896,0.000543582602404,0.000562923552934,-0.6698107538710293,-0.1978340618743536,-1.5468197375217057,0.0908009789400507
7,P027,6ee106cf-7444-47d8-8f6b-b40b4df46ab9,five_mix_frontend_v1_2026-08-06,five_mix_netlify_forms_v1,five_mix_frontend_v1_2026-08-06,completed,group_02,group_02,2026-08-17 02:28:34.466,2026-08-17 02:41:55.422,2026-08-17 02:41:56.092,801.0,6,5,30,6,True,10,P027__trial_02,2,FM-1,FM-1,1,in_the_meantime,group_02_song_a_in_the_meantime,2,Song A,E,5,mix_9baa86357fd4,in_the_meantime_du_i,mix_9baa86357fd4,in_the_meantime_du_i,True,76,True,True,2026-08-17T01:35:04.005Z," Mix A bass, drums and everything sounds weird, Mix B is so-so, I like it. Mix C drums very pleasant for me, everything sounds clean; Mix D I don't like it, sounds very compressed? Mix E is good for because is strong drums and gives me motivation specially for physical activities.","Mix A bass, drums and everything sounds weird, Mix B is so-so, I like it. Mix C drums very pleasant for me, everything sounds clean; Mix D I don't like it, sounds very compressed? Mix E is good for because is strong drums and gives me motivation specially for physical activities.",154742,assets/audio/study-stimuli/main-study/group_02/song_a_in_the_meantime/du_i.wav,0.0503131300211,22.9316368103,0.130904406309,-0.0380811542273,-1.8990066727669184,1.9187185345499165,0.5415536857115313,-0.721703057329889
7,P027,6ee106cf-7444-47d8-8f6b-b40b4df46ab9,five_mix_frontend_v1_2026-08-06,five_mix_netlify_forms_v1,five_mix_frontend_v1_2026-08-06,completed,group_02,group_02,2026-08-17 02:28:34.466,2026-08-17 02:41:55.422,2026-08-17 02:41:56.092,801.0,6,5,30,6,True,11,P027__trial_03,3,EDR-1,EDR-1,2,pouring_room,group_02_song_b_pouring_room,1,Song B,A,1,mix_132e75f34470,pouring_room_mcg_pro1,mix_132e75f34470,pouring_room_mcg_pro1,True,92,True,True,2026-08-17T01:35:51.237Z,"Mix E guitar I dont like it, Mix A sounds calm, Mix B vocals echo is good, Mix C and D are good as well","Mix E guitar I dont like it, Mix A sounds calm, Mix B vocals echo is good, Mix C and D are good as well",110113,assets/audio/study-stimuli/main-study/group_02/song_b_pouring_room/mcg_pro1.wav,0.0646217316389,18.2459716797,0.0750391855836,-0.0488145165145,1.177821012274786,0.1366958746221527,-0.3534041622732912,-0.9473754159948484
7,P027,6ee106cf-7444-47d8-8f6b-b40b4df46ab9,five_mix_frontend_v1_2026-08-06,five_mix_netlify_forms_v1,five_mix_frontend_v1_2026-08-06,completed,group_02,group_02,2026-08-17 02:28:34.466,2026-08-17 02:41:55.422,2026-08-17 02:41:56.092,801.0,6,5,30,6,True,12,P027__trial_03,3,EDR-1,EDR-1,2,pouring_room,group_02_song_b_pouring_room,1,Song B,B,2,mix_cbf8555ee2b2,pouring_room_mcg_x,mix_cbf8555ee2b2,pouring_room_mcg_x,True,51,True,True,2026-08-17T01:36:40.282Z,"Mix E guitar I dont like it, Mix A sounds calm, Mix B vocals echo is good, Mix C and D are good as well","Mix E guitar I dont like it, Mix A sounds calm, Mix B vocals echo is good, Mix C and D are good as well",110113,assets/audio/study-stimuli/main-study/group_02/song_b_pouring_room/mcg_x.wav,0.0612343810499,19.9389343262,0.147577553988,-0.0265915170312,0.4494273963527286,0.780552768870155,0.8086566197405122,-0.4801297779726206
7,P027,6ee106cf-7444-47d8-8f6b-b40b4df46ab9,five_mix_frontend_v1_2026-08-06,five_mix_netlify_forms_v1,five_mix_frontend_v1_2026-08-06,completed,group_02,group_02,2026-08-17 02:28:34.466,2026-08-17 02:41:55.422,2026-08-17 02:41:56.092,801.0,6,5,30,6,True,13,P027__trial_03,3,EDR-1,EDR-1,2,pouring_room,group_02_song_b_pouring_room,1,Song B,C,3,mix_be2ccd4c43ff,pouring_room_mcg_t,mix_be2ccd4c43ff,pouring_room_mcg_t,True,40,True,True,2026-08-17T01:36:49.224Z,"Mix E guitar I dont like it, Mix A sounds calm, Mix B vocals echo is good, Mix C and D are good as well","Mix E guitar I dont like it, Mix A sounds calm, Mix B vocals echo is good, Mix C and D are good as well",110113,assets/audio/study-stimuli/main-study/group_02/song_b_pouring_room/mcg_t.wav,0.0587656274438,20.841550827,0.217380493879,-0.0455747283995,-0.0814371595061495,1.1238301932737935,1.926895983278192,-0.8792578396079359
7,P027,6ee106cf-7444-47d8-8f6b-b40b4df46ab9,five_mix_frontend_v1_2026-08-06,five_mix_netlify_forms_v1,five_mix_frontend_v1_2026-08-06,completed,group_02,group_02,2026-08-17 02:28:34.466,2026-08-17 02:41:55.422,2026-08-17 02:41:56.092,801.0,6,5,30,6,True,14,P027__trial_03,3,EDR-1,EDR-1,2,pouring_room,group_02_song_b_pouring_room,1,Song B,D,4,mix_0ba76f420c1d,pouring_room_mcg_r,mix_0ba76f420c1d,pouring_room_mcg_r,True,78,True,True,2026-08-17T01:36:56.246Z,"Mix E guitar I dont like it, Mix A sounds calm, Mix B vocals echo is good, Mix C and D are good as well","Mix E guitar I dont like it, Mix A sounds calm, Mix B vocals echo is good, Mix C and D are good as well",110113,assets/audio/study-stimuli/main-study/group_02/song_b_pouring_room/mcg_r.wav,0.060190629214,16.5152053833,0.14739459753,-0.0638295859098,0.2249858589620197,-0.521538265731174,0.8057256670690561,-1.2630720295337683
7,P027,6ee106cf-7444-47d8-8f6b-b40b4df46ab9,five_mix_frontend_v1_2026-08-06,five_mix_netlify_forms_v1,five_mix_frontend_v1_2026-08-06,completed,group_02,group_02,2026-08-17 02:28:34.466,2026-08-17 02:41:55.422,2026-08-17 02:41:56.092,801.0,6,5,30,6,True,15,P027__trial_03,3,EDR-1,EDR-1,2,pouring_room,group_02_song_b_pouring_room,1,Song B,E,5,mix_e08faaf8bbb3,pouring_room_mcg_v,mix_e08faaf8bbb3,pouring_room_mcg_v,True,23,True,True,2026-08-17T01:36:11.089Z,"Mix E guitar I dont like it, Mix A sounds calm, Mix B vocals echo is good, Mix C and D are good as well","Mix E guitar I dont like it, Mix A sounds calm, Mix B vocals echo is good, Mix C and D are good as well",110113,assets/audio/study-stimuli/main-study/group_02/song_b_pouring_room/mcg_v.wav,0.0600788630545,20.8109931946,0.0795278027654,-0.0483895651996,0.2009523983216312,1.112208706920678,-0.2814967551013548,-0.938440679331238
7,P027,6ee106cf-7444-47d8-8f6b-b40b4df46ab9,five_mix_frontend_v1_2026-08-06,five_mix_netlify_forms_v1,five_mix_frontend_v1_2026-08-06,completed,group_02,group_02,2026-08-17 02:28:34.466,2026-08-17 02:41:55.422,2026-08-17 02:41:56.092,801.0,6,5,30,6,True,16,P027__trial_04,4,EDR-1,EDR-1,2,in_the_meantime,group_02_song_a_in_the_meantime,2,Song A,A,1,mix_cdaef40f2b94,in_the_meantime_qut_pro,mix_cdaef40f2b94,in_the_meantime_qut_pro,True,88,True,True,2026-08-17T01:37:41.214Z,For this situation I prefer songs with a strong music or instruments sounds. I don;t prefer songs that sound to calm... I like loud or strong songs for entertainment,For this situation I prefer songs with a strong music or instruments sounds. I don;t prefer songs that sound to calm... I like loud or strong songs for entertainment,73528,assets/audio/study-stimuli/main-study/group_02/song_a_in_the_meantime/qut_pro.wav,0.0560023784637,14.1143035889,0.212649226189,-0.0385963246226,-0.6756280657690176,-1.4346341192827423,1.8511013279434223,-0.7325346788768815
7,P027,6ee106cf-7444-47d8-8f6b-b40b4df46ab9,five_mix_frontend_v1_2026-08-06,five_mix_netlify_forms_v1,five_mix_frontend_v1_2026-08-06,completed,group_02,group_02,2026-08-17 02:28:34.466,2026-08-17 02:41:55.422,2026-08-17 02:41:56.092,801.0,6,5,30,6,True,17,P027__trial_04,4,EDR-1,EDR-1,2,in_the_meantime,group_02_song_a_in_the_meantime,2,Song A,B,2,mix_9baa86357fd4,in_the_meantime_du_i,mix_9baa86357fd4,in_the_meantime_du_i,True,100,True,True,2026-08-17T01:37:51.380Z,For this situation I prefer songs with a strong music or instruments sounds. I don;t prefer songs that sound to calm... I like loud or strong songs for entertainment,For this situation I prefer songs with a strong music or instruments sounds. I don;t prefer songs that sound to calm... I like loud or strong songs for entertainment,73528,assets/audio/study-stimuli/main-study/group_02/song_a_in_the_meantime/du_i.wav,0.0503131300211,22.9316368103,0.130904406309,-0.0380811542273,-1.8990066727669184,1.9187185345499165,0.5415536857115313,-0.721703057329889
7,P027,6ee106cf-7444-47d8-8f6b-b40b4df46ab9,five_mix_frontend_v1_2026-08-06,five_mix_netlify_forms_v1,five_mix_frontend_v1_2026-08-06,completed,group_02,group_02,2026-08-17 02:28:34.466,2026-08-17 02:41:55.422,2026-08-17 02:41:56.092,801.0,6,5,30,6,True,18,P027__trial_04,4,EDR-1,EDR-1,2,in_the_meantime,group_02_song_a_in_the_meantime,2,Song A,C,3,mix_302f0efe8a80,in_the_meantime_du_h,mix_302f0efe8a80,in_the_meantime_du_h,True,51,True,True,2026-08-17T01:37:56.305Z,For this situation I prefer songs with a strong music or instruments sounds. I don;t prefer songs that sound to calm... I like loud or strong songs for entertainment,For this situation I prefer songs with a strong music or instruments sounds. I don;t prefer songs that sound to calm... I like loud or strong songs for entertainment,73528,assets/audio/study-stimuli/main-study/group_02/song_a_in_the_meantime/du_h.wav,0.0623472034931,18.601518631,0.0428314469755,0.0354086197913,0.6887214233465396,0.2719152524959843,-0.8693704120952901,0.8234428342152216
7,P027,6ee106cf-7444-47d8-8f6b-b40b4df46ab9,five_mix_frontend_v1_2026-08-06,five_mix_netlify_forms_v1,five_mix_frontend_v1_2026-08-06,completed,group_02,group_02,2026-08-17 02:28:34.466,2026-08-17 02:41:55.422,2026-08-17 02:41:56.092,801.0,6,5,30,6,True,19,P027__trial_04,4,EDR-1,EDR-1,2,in_the_meantime,group_02_song_a_in_the_meantime,2,Song A,D,4,mix_56e65a3ce054,in_the_meantime_du_k,mix_56e65a3ce054,in_the_meantime_du_k,True,0,True,True,2026-08-17T01:38:01.842Z,For this situation I prefer songs with a strong music or instruments sounds. I don;t prefer songs that sound to calm... I like loud or strong songs for entertainment,For this situation I prefer songs with a strong music or instruments sounds. I don;t prefer songs that sound to calm... I like loud or strong songs for entertainment,73528,assets/audio/study-stimuli/main-study/group_02/song_a_in_the_meantime/du_k.wav,0.0539390221238,22.5979270935,0.15773075819,0.0170408543199,-1.1193186569455127,1.7918041562064675,0.9713104079970216,0.4372547184671072
7,P027,6ee106cf-7444-47d8-8f6b-b40b4df46ab9,five_mix_frontend_v1_2026-08-06,five_mix_netlify_forms_v1,five_mix_frontend_v1_2026-08-06,completed,group_02,group_02,2026-08-17 02:28:34.466,2026-08-17 02:41:55.422,2026-08-17 02:41:56.092,801.0,6,5,30,6,True,20,P027__trial_04,4,EDR-1,EDR-1,2,in_the_meantime,group_02_song_a_in_the_meantime,2,Song A,E,5,mix_c7bdcba64775,in_the_meantime_qut_b,mix_c7bdcba64775,in_the_meantime_qut_b,True,13,True,True,2026-08-17T01:37:46.878Z,For this situation I prefer songs with a strong music or instruments sounds. I don;t prefer songs that sound to calm... I like loud or strong songs for entertainment,For this situation I prefer songs with a strong music or instruments sounds. I don;t prefer songs that sound to calm... I like loud or strong songs for entertainment,73528,assets/audio/study-stimuli/main-study/group_02/song_a_in_the_meantime/qut_b.wav,0.0560294315219,17.366355896,0.000543582602404,0.000562923552934,-0.6698107538710293,-0.1978340618743536,-1.5468197375217057,0.0908009789400507
7,P027,6ee106cf-7444-47d8-8f6b-b40b4df46ab9,five_mix_frontend_v1_2026-08-06,five_mix_netlify_forms_v1,five_mix_frontend_v1_2026-08-06,completed,group_02,group_02,2026-08-17 02:28:34.466,2026-08-17 02:41:55.422,2026-08-17 02:41:56.092,801.0,6,5,30,6,True,21,P027__trial_05,5,EDR-2,EDR-2,3,in_the_meantime,group_02_song_a_in_the_meantime,1,Song A,A,1,mix_9baa86357fd4,in_the_meantime_du_i,mix_9baa86357fd4,in_the_meantime_du_i,True,8,True,True,2026-08-17T01:38:55.198Z,Mix E sounds not good. I like in general less noisy or strong songs for unwinding.. Therefore I chose Mix C and D as my favorites,Mix E sounds not good. I like in general less noisy or strong songs for unwinding.. Therefore I chose Mix C and D as my favorites,64272,assets/audio/study-stimuli/main-study/group_02/song_a_in_the_meantime/du_i.wav,0.0503131300211,22.9316368103,0.130904406309,-0.0380811542273,-1.8990066727669184,1.9187185345499165,0.5415536857115313,-0.721703057329889
7,P027,6ee106cf-7444-47d8-8f6b-b40b4df46ab9,five_mix_frontend_v1_2026-08-06,five_mix_netlify_forms_v1,five_mix_frontend_v1_2026-08-06,completed,group_02,group_02,2026-08-17 02:28:34.466,2026-08-17 02:41:55.422,2026-08-17 02:41:56.092,801.0,6,5,30,6,True,22,P027__trial_05,5,EDR-2,EDR-2,3,in_the_meantime,group_02_song_a_in_the_meantime,1,Song A,B,2,mix_cdaef40f2b94,in_the_meantime_qut_pro,mix_cdaef40f2b94,in_the_meantime_qut_pro,True,23,True,True,2026-08-17T01:39:04.291Z,Mix E sounds not good. I like in general less noisy or strong songs for unwinding.. Therefore I chose Mix C and D as my favorites,Mix E sounds not good. I like in general less noisy or strong songs for unwinding.. Therefore I chose Mix C and D as my favorites,64272,assets/audio/study-stimuli/main-study/group_02/song_a_in_the_meantime/qut_pro.wav,0.0560023784637,14.1143035889,0.212649226189,-0.0385963246226,-0.6756280657690176,-1.4346341192827423,1.8511013279434223,-0.7325346788768815
7,P027,6ee106cf-7444-47d8-8f6b-b40b4df46ab9,five_mix_frontend_v1_2026-08-06,five_mix_netlify_forms_v1,five_mix_frontend_v1_2026-08-06,completed,group_02,group_02,2026-08-17 02:28:34.466,2026-08-17 02:41:55.422,2026-08-17 02:41:56.092,801.0,6,5,30,6,True,23,P027__trial_05,5,EDR-2,EDR-2,3,in_the_meantime,group_02_song_a_in_the_meantime,1,Song A,C,3,mix_c7bdcba64775,in_the_meantime_qut_b,mix_c7bdcba64775,in_the_meantime_qut_b,True,86,True,True,2026-08-17T01:39:10.827Z,Mix E sounds not good. I like in general less noisy or strong songs for unwinding.. Therefore I chose Mix C and D as my favorites,Mix E sounds not good. I like in general less noisy or strong songs for unwinding.. Therefore I chose Mix C and D as my favorites,64272,assets/audio/study-stimuli/main-study/group_02/song_a_in_the_meantime/qut_b.wav,0.0560294315219,17.366355896,0.000543582602404,0.000562923552934,-0.6698107538710293,-0.1978340618743536,-1.5468197375217057,0.0908009789400507
7,P027,6ee106cf-7444-47d8-8f6b-b40b4df46ab9,five_mix_frontend_v1_2026-08-06,five_mix_netlify_forms_v1,five_mix_frontend_v1_2026-08-06,completed,group_02,group_02,2026-08-17 02:28:34.466,2026-08-17 02:41:55.422,2026-08-17 02:41:56.092,801.0,6,5,30,6,True,24,P027__trial_05,5,EDR-2,EDR-2,3,in_the_meantime,group_02_song_a_in_the_meantime,1,Song A,D,4,mix_302f0efe8a80,in_the_meantime_du_h,mix_302f0efe8a80,in_the_meantime_du_h,True,94,True,True,2026-08-17T01:39:16.175Z,Mix E sounds not good. I like in general less noisy or strong songs for unwinding.. Therefore I chose Mix C and D as my favorites,Mix E sounds not good. I like in general less noisy or strong songs for unwinding.. Therefore I chose Mix C and D as my favorites,64272,assets/audio/study-stimuli/main-study/group_02/song_a_in_the_meantime/du_h.wav,0.0623472034931,18.601518631,0.0428314469755,0.0354086197913,0.6887214233465396,0.2719152524959843,-0.8693704120952901,0.8234428342152216
7,P027,6ee106cf-7444-47d8-8f6b-b40b4df46ab9,five_mix_frontend_v1_2026-08-06,five_mix_netlify_forms_v1,five_mix_frontend_v1_2026-08-06,completed,group_02,group_02,2026-08-17 02:28:34.466,2026-08-17 02:41:55.422,2026-08-17 02:41:56.092,801.0,6,5,30,6,True,25,P027__trial_05,5,EDR-2,EDR-2,3,in_the_meantime,group_02_song_a_in_the_meantime,1,Song A,E,5,mix_56e65a3ce054,in_the_meantime_du_k,mix_56e65a3ce054,in_the_meantime_du_k,True,0,True,True,2026-08-17T01:39:24.117Z,Mix E sounds not good. I like in general less noisy or strong songs for unwinding.. Therefore I chose Mix C and D as my favorites,Mix E sounds not good. I like in general less noisy or strong songs for unwinding.. Therefore I chose Mix C and D as my favorites,64272,assets/audio/study-stimuli/main-study/group_02/song_a_in_the_meantime/du_k.wav,0.0539390221238,22.5979270935,0.15773075819,0.0170408543199,-1.1193186569455127,1.7918041562064675,0.9713104079970216,0.4372547184671072
7,P027,6ee106cf-7444-47d8-8f6b-b40b4df46ab9,five_mix_frontend_v1_2026-08-06,five_mix_netlify_forms_v1,five_mix_frontend_v1_2026-08-06,completed,group_02,group_02,2026-08-17 02:28:34.466,2026-08-17 02:41:55.422,2026-08-17 02:41:56.092,801.0,6,5,30,6,True,26,P027__trial_06,6,EDR-2,EDR-2,3,pouring_room,group_02_song_b_pouring_room,2,Song B,A,1,mix_be2ccd4c43ff,pouring_room_mcg_t,mix_be2ccd4c43ff,pouring_room_mcg_t,True,24,True,True,2026-08-17T01:39:58.806Z,I prefer songs that are les bright.. Mix A and D are more bright for me. I prefer songs with more echo or ambience,I prefer songs that are les bright.. Mix A and D are more bright for me. I prefer songs with more echo or ambience,75434,assets/audio/study-stimuli/main-study/group_02/song_b_pouring_room/mcg_t.wav,0.0587656274438,20.841550827,0.217380493879,-0.0455747283995,-0.0814371595061495,1.1238301932737935,1.926895983278192,-0.8792578396079359
7,P027,6ee106cf-7444-47d8-8f6b-b40b4df46ab9,five_mix_frontend_v1_2026-08-06,five_mix_netlify_forms_v1,five_mix_frontend_v1_2026-08-06,completed,group_02,group_02,2026-08-17 02:28:34.466,2026-08-17 02:41:55.422,2026-08-17 02:41:56.092,801.0,6,5,30,6,True,27,P027__trial_06,6,EDR-2,EDR-2,3,pouring_room,group_02_song_b_pouring_room,2,Song B,B,2,mix_132e75f34470,pouring_room_mcg_pro1,mix_132e75f34470,pouring_room_mcg_pro1,True,91,True,True,2026-08-17T01:40:06.935Z,I prefer songs that are les bright.. Mix A and D are more bright for me. I prefer songs with more echo or ambience,I prefer songs that are les bright.. Mix A and D are more bright for me. I prefer songs with more echo or ambience,75434,assets/audio/study-stimuli/main-study/group_02/song_b_pouring_room/mcg_pro1.wav,0.0646217316389,18.2459716797,0.0750391855836,-0.0488145165145,1.177821012274786,0.1366958746221527,-0.3534041622732912,-0.9473754159948484
7,P027,6ee106cf-7444-47d8-8f6b-b40b4df46ab9,five_mix_frontend_v1_2026-08-06,five_mix_netlify_forms_v1,five_mix_frontend_v1_2026-08-06,completed,group_02,group_02,2026-08-17 02:28:34.466,2026-08-17 02:41:55.422,2026-08-17 02:41:56.092,801.0,6,5,30,6,True,28,P027__trial_06,6,EDR-2,EDR-2,3,pouring_room,group_02_song_b_pouring_room,2,Song B,C,3,mix_e08faaf8bbb3,pouring_room_mcg_v,mix_e08faaf8bbb3,pouring_room_mcg_v,True,74,True,True,2026-08-17T01:40:11.158Z,I prefer songs that are les bright.. Mix A and D are more bright for me. I prefer songs with more echo or ambience,I prefer songs that are les bright.. Mix A and D are more bright for me. I prefer songs with more echo or ambience,75434,assets/audio/study-stimuli/main-study/group_02/song_b_pouring_room/mcg_v.wav,0.0600788630545,20.8109931946,0.0795278027654,-0.0483895651996,0.2009523983216312,1.112208706920678,-0.2814967551013548,-0.938440679331238
7,P027,6ee106cf-7444-47d8-8f6b-b40b4df46ab9,five_mix_frontend_v1_2026-08-06,five_mix_netlify_forms_v1,five_mix_frontend_v1_2026-08-06,completed,group_02,group_02,2026-08-17 02:28:34.466,2026-08-17 02:41:55.422,2026-08-17 02:41:56.092,801.0,6,5,30,6,True,29,P027__trial_06,6,EDR-2,EDR-2,3,pouring_room,group_02_song_b_pouring_room,2,Song B,D,4,mix_cbf8555ee2b2,pouring_room_mcg_x,mix_cbf8555ee2b2,pouring_room_mcg_x,True,36,True,True,2026-08-17T01:40:15.755Z,I prefer songs that are les bright.. Mix A and D are more bright for me. I prefer songs with more echo or ambience,I prefer songs that are les bright.. Mix A and D are more bright for me. I prefer songs with more echo or ambience,75434,assets/audio/study-stimuli/main-study/group_02/song_b_pouring_room/mcg_x.wav,0.0612343810499,19.9389343262,0.147577553988,-0.0265915170312,0.4494273963527286,0.780552768870155,0.8086566197405122,-0.4801297779726206
7,P027,6ee106cf-7444-47d8-8f6b-b40b4df46ab9,five_mix_frontend_v1_2026-08-06,five_mix_netlify_forms_v1,five_mix_frontend_v1_2026-08-06,completed,group_02,group_02,2026-08-17 02:28:34.466,2026-08-17 02:41:55.422,2026-08-17 02:41:56.092,801.0,6,5,30,6,True,30,P027__trial_06,6,EDR-2,EDR-2,3,pouring_room,group_02_song_b_pouring_room,2,Song B,E,5,mix_0ba76f420c1d,pouring_room_mcg_r,mix_0ba76f420c1d,pouring_room_mcg_r,True,82,True,True,2026-08-17T01:40:24.509Z,I prefer songs that are les bright.. Mix A and D are more bright for me. I prefer songs with more echo or ambience,I prefer songs that are les bright.. Mix A and D are more bright for me. I prefer songs with more echo or ambience,75434,assets/audio/study-stimuli/main-study/group_02/song_b_pouring_room/mcg_r.wav,0.060190629214,16.5152053833,0.14739459753,-0.0638295859098,0.2249858589620197,-0.521538265731174,0.8057256670690561,-1.2630720295337683
8,P026,8b1bf749-1b2a-448f-8f73-5a367b919d5d,five_mix_frontend_v1_2026-08-06,five_mix_netlify_forms_v1,five_mix_frontend_v1_2026-08-06,completed,group_02,group_02,2026-08-17 01:54:40.526,2026-08-17 02:13:46.444,2026-08-17 02:13:45.684,1146.0,6,5,30,6,True,1,P026__trial_01,1,EDR-2,EDR-2,1,in_the_meantime,group_02_song_a_in_the_meantime,1,Song A,A,1,mix_9baa86357fd4,in_the_meantime_du_i,mix_9baa86357fd4,in_the_meantime_du_i,True,20,True,True,2026-08-17T01:02:06.935Z,I prefer avoiding explosive sounds and prioritize harmony,I prefer avoiding explosive sounds and prioritize harmony,104347,assets/audio/study-stimuli/main-study/group_02/song_a_in_the_meantime/du_i.wav,0.0503131300211,22.9316368103,0.130904406309,-0.0380811542273,-1.8990066727669184,1.9187185345499165,0.5415536857115313,-0.721703057329889
8,P026,8b1bf749-1b2a-448f-8f73-5a367b919d5d,five_mix_frontend_v1_2026-08-06,five_mix_netlify_forms_v1,five_mix_frontend_v1_2026-08-06,completed,group_02,group_02,2026-08-17 01:54:40.526,2026-08-17 02:13:46.444,2026-08-17 02:13:45.684,1146.0,6,5,30,6,True,2,P026__trial_01,1,EDR-2,EDR-2,1,in_the_meantime,group_02_song_a_in_the_meantime,1,Song A,B,2,mix_56e65a3ce054,in_the_meantime_du_k,mix_56e65a3ce054,in_the_meantime_du_k,True,35,True,True,2026-08-17T01:01:58.469Z,I prefer avoiding explosive sounds and prioritize harmony,I prefer avoiding explosive sounds and prioritize harmony,104347,assets/audio/study-stimuli/main-study/group_02/song_a_in_the_meantime/du_k.wav,0.0539390221238,22.5979270935,0.15773075819,0.0170408543199,-1.1193186569455127,1.7918041562064675,0.9713104079970216,0.4372547184671072
8,P026,8b1bf749-1b2a-448f-8f73-5a367b919d5d,five_mix_frontend_v1_2026-08-06,five_mix_netlify_forms_v1,five_mix_frontend_v1_2026-08-06,completed,group_02,group_02,2026-08-17 01:54:40.526,2026-08-17 02:13:46.444,2026-08-17 02:13:45.684,1146.0,6,5,30,6,True,3,P026__trial_01,1,EDR-2,EDR-2,1,in_the_meantime,group_02_song_a_in_the_meantime,1,Song A,C,3,mix_302f0efe8a80,in_the_meantime_du_h,mix_302f0efe8a80,in_the_meantime_du_h,True,85,True,True,2026-08-17T01:01:52.263Z,I prefer avoiding explosive sounds and prioritize harmony,I prefer avoiding explosive sounds and prioritize harmony,104347,assets/audio/study-stimuli/main-study/group_02/song_a_in_the_meantime/du_h.wav,0.0623472034931,18.601518631,0.0428314469755,0.0354086197913,0.6887214233465396,0.2719152524959843,-0.8693704120952901,0.8234428342152216
8,P026,8b1bf749-1b2a-448f-8f73-5a367b919d5d,five_mix_frontend_v1_2026-08-06,five_mix_netlify_forms_v1,five_mix_frontend_v1_2026-08-06,completed,group_02,group_02,2026-08-17 01:54:40.526,2026-08-17 02:13:46.444,2026-08-17 02:13:45.684,1146.0,6,5,30,6,True,4,P026__trial_01,1,EDR-2,EDR-2,1,in_the_meantime,group_02_song_a_in_the_meantime,1,Song A,D,4,mix_cdaef40f2b94,in_the_meantime_qut_pro,mix_cdaef40f2b94,in_the_meantime_qut_pro,True,28,True,True,2026-08-17T01:01:48.173Z,I prefer avoiding explosive sounds and prioritize harmony,I prefer avoiding explosive sounds and prioritize harmony,104347,assets/audio/study-stimuli/main-study/group_02/song_a_in_the_meantime/qut_pro.wav,0.0560023784637,14.1143035889,0.212649226189,-0.0385963246226,-0.6756280657690176,-1.4346341192827423,1.8511013279434223,-0.7325346788768815
8,P026,8b1bf749-1b2a-448f-8f73-5a367b919d5d,five_mix_frontend_v1_2026-08-06,five_mix_netlify_forms_v1,five_mix_frontend_v1_2026-08-06,completed,group_02,group_02,2026-08-17 01:54:40.526,2026-08-17 02:13:46.444,2026-08-17 02:13:45.684,1146.0,6,5,30,6,True,5,P026__trial_01,1,EDR-2,EDR-2,1,in_the_meantime,group_02_song_a_in_the_meantime,1,Song A,E,5,mix_c7bdcba64775,in_the_meantime_qut_b,mix_c7bdcba64775,in_the_meantime_qut_b,True,74,True,True,2026-08-17T01:01:37.779Z,I prefer avoiding explosive sounds and prioritize harmony,I prefer avoiding explosive sounds and prioritize harmony,104347,assets/audio/study-stimuli/main-study/group_02/song_a_in_the_meantime/qut_b.wav,0.0560294315219,17.366355896,0.000543582602404,0.000562923552934,-0.6698107538710293,-0.1978340618743536,-1.5468197375217057,0.0908009789400507
8,P026,8b1bf749-1b2a-448f-8f73-5a367b919d5d,five_mix_frontend_v1_2026-08-06,five_mix_netlify_forms_v1,five_mix_frontend_v1_2026-08-06,completed,group_02,group_02,2026-08-17 01:54:40.526,2026-08-17 02:13:46.444,2026-08-17 02:13:45.684,1146.0,6,5,30,6,True,6,P026__trial_02,2,EDR-2,EDR-2,1,pouring_room,group_02_song_b_pouring_room,2,Song B,A,1,mix_0ba76f420c1d,pouring_room_mcg_r,mix_0ba76f420c1d,pouring_room_mcg_r,True,84,True,True,2026-08-17T01:03:41.848Z,The guitar sounds pretty clear and calming in the top options ,The guitar sounds pretty clear and calming in the top options,75930,assets/audio/study-stimuli/main-study/group_02/song_b_pouring_room/mcg_r.wav,0.060190629214,16.5152053833,0.14739459753,-0.0638295859098,0.2249858589620197,-0.521538265731174,0.8057256670690561,-1.2630720295337683
8,P026,8b1bf749-1b2a-448f-8f73-5a367b919d5d,five_mix_frontend_v1_2026-08-06,five_mix_netlify_forms_v1,five_mix_frontend_v1_2026-08-06,completed,group_02,group_02,2026-08-17 01:54:40.526,2026-08-17 02:13:46.444,2026-08-17 02:13:45.684,1146.0,6,5,30,6,True,7,P026__trial_02,2,EDR-2,EDR-2,1,pouring_room,group_02_song_b_pouring_room,2,Song B,B,2,mix_cbf8555ee2b2,pouring_room_mcg_x,mix_cbf8555ee2b2,pouring_room_mcg_x,True,91,True,True,2026-08-17T01:03:32.753Z,The guitar sounds pretty clear and calming in the top options ,The guitar sounds pretty clear and calming in the top options,75930,assets/audio/study-stimuli/main-study/group_02/song_b_pouring_room/mcg_x.wav,0.0612343810499,19.9389343262,0.147577553988,-0.0265915170312,0.4494273963527286,0.780552768870155,0.8086566197405122,-0.4801297779726206
8,P026,8b1bf749-1b2a-448f-8f73-5a367b919d5d,five_mix_frontend_v1_2026-08-06,five_mix_netlify_forms_v1,five_mix_frontend_v1_2026-08-06,completed,group_02,group_02,2026-08-17 01:54:40.526,2026-08-17 02:13:46.444,2026-08-17 02:13:45.684,1146.0,6,5,30,6,True,8,P026__trial_02,2,EDR-2,EDR-2,1,pouring_room,group_02_song_b_pouring_room,2,Song B,C,3,mix_be2ccd4c43ff,pouring_room_mcg_t,mix_be2ccd4c43ff,pouring_room_mcg_t,True,67,True,True,2026-08-17T01:03:28.627Z,The guitar sounds pretty clear and calming in the top options ,The guitar sounds pretty clear and calming in the top options,75930,assets/audio/study-stimuli/main-study/group_02/song_b_pouring_room/mcg_t.wav,0.0587656274438,20.841550827,0.217380493879,-0.0455747283995,-0.0814371595061495,1.1238301932737935,1.926895983278192,-0.8792578396079359
8,P026,8b1bf749-1b2a-448f-8f73-5a367b919d5d,five_mix_frontend_v1_2026-08-06,five_mix_netlify_forms_v1,five_mix_frontend_v1_2026-08-06,completed,group_02,group_02,2026-08-17 01:54:40.526,2026-08-17 02:13:46.444,2026-08-17 02:13:45.684,1146.0,6,5,30,6,True,9,P026__trial_02,2,EDR-2,EDR-2,1,pouring_room,group_02_song_b_pouring_room,2,Song B,D,4,mix_e08faaf8bbb3,pouring_room_mcg_v,mix_e08faaf8bbb3,pouring_room_mcg_v,True,10,True,True,2026-08-17T01:03:21.556Z,The guitar sounds pretty clear and calming in the top options ,The guitar sounds pretty clear and calming in the top options,75930,assets/audio/study-stimuli/main-study/group_02/song_b_pouring_room/mcg_v.wav,0.0600788630545,20.8109931946,0.0795278027654,-0.0483895651996,0.2009523983216312,1.112208706920678,-0.2814967551013548,-0.938440679331238
8,P026,8b1bf749-1b2a-448f-8f73-5a367b919d5d,five_mix_frontend_v1_2026-08-06,five_mix_netlify_forms_v1,five_mix_frontend_v1_2026-08-06,completed,group_02,group_02,2026-08-17 01:54:40.526,2026-08-17 02:13:46.444,2026-08-17 02:13:45.684,1146.0,6,5,30,6,True,10,P026__trial_02,2,EDR-2,EDR-2,1,pouring_room,group_02_song_b_pouring_room,2,Song B,E,5,mix_132e75f34470,pouring_room_mcg_pro1,mix_132e75f34470,pouring_room_mcg_pro1,True,58,True,True,2026-08-17T01:03:10.865Z,The guitar sounds pretty clear and calming in the top options ,The guitar sounds pretty clear and calming in the top options,75930,assets/audio/study-stimuli/main-study/group_02/song_b_pouring_room/mcg_pro1.wav,0.0646217316389,18.2459716797,0.0750391855836,-0.0488145165145,1.177821012274786,0.1366958746221527,-0.3534041622732912,-0.9473754159948484
8,P026,8b1bf749-1b2a-448f-8f73-5a367b919d5d,five_mix_frontend_v1_2026-08-06,five_mix_netlify_forms_v1,five_mix_frontend_v1_2026-08-06,completed,group_02,group_02,2026-08-17 01:54:40.526,2026-08-17 02:13:46.444,2026-08-17 02:13:45.684,1146.0,6,5,30,6,True,11,P026__trial_03,3,EDR-1,EDR-1,2,pouring_room,group_02_song_b_pouring_room,1,Song B,A,1,mix_be2ccd4c43ff,pouring_room_mcg_t,mix_be2ccd4c43ff,pouring_room_mcg_t,True,11,True,True,2026-08-17T01:05:02.873Z,I prefer harmony and instruments calm on the background ,I prefer harmony and instruments calm on the background,136731,assets/audio/study-stimuli/main-study/group_02/song_b_pouring_room/mcg_t.wav,0.0587656274438,20.841550827,0.217380493879,-0.0455747283995,-0.0814371595061495,1.1238301932737935,1.926895983278192,-0.8792578396079359
8,P026,8b1bf749-1b2a-448f-8f73-5a367b919d5d,five_mix_frontend_v1_2026-08-06,five_mix_netlify_forms_v1,five_mix_frontend_v1_2026-08-06,completed,group_02,group_02,2026-08-17 01:54:40.526,2026-08-17 02:13:46.444,2026-08-17 02:13:45.684,1146.0,6,5,30,6,True,12,P026__trial_03,3,EDR-1,EDR-1,2,pouring_room,group_02_song_b_pouring_room,1,Song B,B,2,mix_e08faaf8bbb3,pouring_room_mcg_v,mix_e08faaf8bbb3,pouring_room_mcg_v,True,21,True,True,2026-08-17T01:04:51.725Z,I prefer harmony and instruments calm on the background ,I prefer harmony and instruments calm on the background,136731,assets/audio/study-stimuli/main-study/group_02/song_b_pouring_room/mcg_v.wav,0.0600788630545,20.8109931946,0.0795278027654,-0.0483895651996,0.2009523983216312,1.112208706920678,-0.2814967551013548,-0.938440679331238
8,P026,8b1bf749-1b2a-448f-8f73-5a367b919d5d,five_mix_frontend_v1_2026-08-06,five_mix_netlify_forms_v1,five_mix_frontend_v1_2026-08-06,completed,group_02,group_02,2026-08-17 01:54:40.526,2026-08-17 02:13:46.444,2026-08-17 02:13:45.684,1146.0,6,5,30,6,True,13,P026__trial_03,3,EDR-1,EDR-1,2,pouring_room,group_02_song_b_pouring_room,1,Song B,C,3,mix_132e75f34470,pouring_room_mcg_pro1,mix_132e75f34470,pouring_room_mcg_pro1,True,68,True,True,2026-08-17T01:04:42.697Z,I prefer harmony and instruments calm on the background ,I prefer harmony and instruments calm on the background,136731,assets/audio/study-stimuli/main-study/group_02/song_b_pouring_room/mcg_pro1.wav,0.0646217316389,18.2459716797,0.0750391855836,-0.0488145165145,1.177821012274786,0.1366958746221527,-0.3534041622732912,-0.9473754159948484
8,P026,8b1bf749-1b2a-448f-8f73-5a367b919d5d,five_mix_frontend_v1_2026-08-06,five_mix_netlify_forms_v1,five_mix_frontend_v1_2026-08-06,completed,group_02,group_02,2026-08-17 01:54:40.526,2026-08-17 02:13:46.444,2026-08-17 02:13:45.684,1146.0,6,5,30,6,True,14,P026__trial_03,3,EDR-1,EDR-1,2,pouring_room,group_02_song_b_pouring_room,1,Song B,D,4,mix_0ba76f420c1d,pouring_room_mcg_r,mix_0ba76f420c1d,pouring_room_mcg_r,True,88,True,True,2026-08-17T01:04:38.658Z,I prefer harmony and instruments calm on the background ,I prefer harmony and instruments calm on the background,136731,assets/audio/study-stimuli/main-study/group_02/song_b_pouring_room/mcg_r.wav,0.060190629214,16.5152053833,0.14739459753,-0.0638295859098,0.2249858589620197,-0.521538265731174,0.8057256670690561,-1.2630720295337683
8,P026,8b1bf749-1b2a-448f-8f73-5a367b919d5d,five_mix_frontend_v1_2026-08-06,five_mix_netlify_forms_v1,five_mix_frontend_v1_2026-08-06,completed,group_02,group_02,2026-08-17 01:54:40.526,2026-08-17 02:13:46.444,2026-08-17 02:13:45.684,1146.0,6,5,30,6,True,15,P026__trial_03,3,EDR-1,EDR-1,2,pouring_room,group_02_song_b_pouring_room,1,Song B,E,5,mix_cbf8555ee2b2,pouring_room_mcg_x,mix_cbf8555ee2b2,pouring_room_mcg_x,True,77,True,True,2026-08-17T01:04:21.064Z,I prefer harmony and instruments calm on the background ,I prefer harmony and instruments calm on the background,136731,assets/audio/study-stimuli/main-study/group_02/song_b_pouring_room/mcg_x.wav,0.0612343810499,19.9389343262,0.147577553988,-0.0265915170312,0.4494273963527286,0.780552768870155,0.8086566197405122,-0.4801297779726206
8,P026,8b1bf749-1b2a-448f-8f73-5a367b919d5d,five_mix_frontend_v1_2026-08-06,five_mix_netlify_forms_v1,five_mix_frontend_v1_2026-08-06,completed,group_02,group_02,2026-08-17 01:54:40.526,2026-08-17 02:13:46.444,2026-08-17 02:13:45.684,1146.0,6,5,30,6,True,16,P026__trial_04,4,EDR-1,EDR-1,2,in_the_meantime,group_02_song_a_in_the_meantime,2,Song A,A,1,mix_c7bdcba64775,in_the_meantime_qut_b,mix_c7bdcba64775,in_the_meantime_qut_b,True,14,True,True,2026-08-17T01:07:39.345Z,A was left behind because instruments sound barely compared to the voice,A was left behind because instruments sound barely compared to the voice,162314,assets/audio/study-stimuli/main-study/group_02/song_a_in_the_meantime/qut_b.wav,0.0560294315219,17.366355896,0.000543582602404,0.000562923552934,-0.6698107538710293,-0.1978340618743536,-1.5468197375217057,0.0908009789400507
8,P026,8b1bf749-1b2a-448f-8f73-5a367b919d5d,five_mix_frontend_v1_2026-08-06,five_mix_netlify_forms_v1,five_mix_frontend_v1_2026-08-06,completed,group_02,group_02,2026-08-17 01:54:40.526,2026-08-17 02:13:46.444,2026-08-17 02:13:45.684,1146.0,6,5,30,6,True,17,P026__trial_04,4,EDR-1,EDR-1,2,in_the_meantime,group_02_song_a_in_the_meantime,2,Song A,B,2,mix_56e65a3ce054,in_the_meantime_du_k,mix_56e65a3ce054,in_the_meantime_du_k,True,99,True,True,2026-08-17T01:07:31.758Z,A was left behind because instruments sound barely compared to the voice,A was left behind because instruments sound barely compared to the voice,162314,assets/audio/study-stimuli/main-study/group_02/song_a_in_the_meantime/du_k.wav,0.0539390221238,22.5979270935,0.15773075819,0.0170408543199,-1.1193186569455127,1.7918041562064675,0.9713104079970216,0.4372547184671072
8,P026,8b1bf749-1b2a-448f-8f73-5a367b919d5d,five_mix_frontend_v1_2026-08-06,five_mix_netlify_forms_v1,five_mix_frontend_v1_2026-08-06,completed,group_02,group_02,2026-08-17 01:54:40.526,2026-08-17 02:13:46.444,2026-08-17 02:13:45.684,1146.0,6,5,30,6,True,18,P026__trial_04,4,EDR-1,EDR-1,2,in_the_meantime,group_02_song_a_in_the_meantime,2,Song A,C,3,mix_302f0efe8a80,in_the_meantime_du_h,mix_302f0efe8a80,in_the_meantime_du_h,True,67,True,True,2026-08-17T01:07:17.446Z,A was left behind because instruments sound barely compared to the voice,A was left behind because instruments sound barely compared to the voice,162314,assets/audio/study-stimuli/main-study/group_02/song_a_in_the_meantime/du_h.wav,0.0623472034931,18.601518631,0.0428314469755,0.0354086197913,0.6887214233465396,0.2719152524959843,-0.8693704120952901,0.8234428342152216
8,P026,8b1bf749-1b2a-448f-8f73-5a367b919d5d,five_mix_frontend_v1_2026-08-06,five_mix_netlify_forms_v1,five_mix_frontend_v1_2026-08-06,completed,group_02,group_02,2026-08-17 01:54:40.526,2026-08-17 02:13:46.444,2026-08-17 02:13:45.684,1146.0,6,5,30,6,True,19,P026__trial_04,4,EDR-1,EDR-1,2,in_the_meantime,group_02_song_a_in_the_meantime,2,Song A,D,4,mix_cdaef40f2b94,in_the_meantime_qut_pro,mix_cdaef40f2b94,in_the_meantime_qut_pro,True,89,True,True,2026-08-17T01:07:06.779Z,A was left behind because instruments sound barely compared to the voice,A was left behind because instruments sound barely compared to the voice,162314,assets/audio/study-stimuli/main-study/group_02/song_a_in_the_meantime/qut_pro.wav,0.0560023784637,14.1143035889,0.212649226189,-0.0385963246226,-0.6756280657690176,-1.4346341192827423,1.8511013279434223,-0.7325346788768815
8,P026,8b1bf749-1b2a-448f-8f73-5a367b919d5d,five_mix_frontend_v1_2026-08-06,five_mix_netlify_forms_v1,five_mix_frontend_v1_2026-08-06,completed,group_02,group_02,2026-08-17 01:54:40.526,2026-08-17 02:13:46.444,2026-08-17 02:13:45.684,1146.0,6,5,30,6,True,20,P026__trial_04,4,EDR-1,EDR-1,2,in_the_meantime,group_02_song_a_in_the_meantime,2,Song A,E,5,mix_9baa86357fd4,in_the_meantime_du_i,mix_9baa86357fd4,in_the_meantime_du_i,True,78,True,True,2026-08-17T01:06:41.588Z,A was left behind because instruments sound barely compared to the voice,A was left behind because instruments sound barely compared to the voice,162314,assets/audio/study-stimuli/main-study/group_02/song_a_in_the_meantime/du_i.wav,0.0503131300211,22.9316368103,0.130904406309,-0.0380811542273,-1.8990066727669184,1.9187185345499165,0.5415536857115313,-0.721703057329889
8,P026,8b1bf749-1b2a-448f-8f73-5a367b919d5d,five_mix_frontend_v1_2026-08-06,five_mix_netlify_forms_v1,five_mix_frontend_v1_2026-08-06,completed,group_02,group_02,2026-08-17 01:54:40.526,2026-08-17 02:13:46.444,2026-08-17 02:13:45.684,1146.0,6,5,30,6,True,21,P026__trial_05,5,FM-1,FM-1,3,pouring_room,group_02_song_b_pouring_room,1,Song B,A,1,mix_be2ccd4c43ff,pouring_room_mcg_t,mix_be2ccd4c43ff,pouring_room_mcg_t,True,32,True,True,2026-08-17T01:10:06.588Z,I like for playing in the background music that sound calm and have no percussion instruments being protagonist ,I like for playing in the background music that sound calm and have no percussion instruments being protagonist,120730,assets/audio/study-stimuli/main-study/group_02/song_b_pouring_room/mcg_t.wav,0.0587656274438,20.841550827,0.217380493879,-0.0455747283995,-0.0814371595061495,1.1238301932737935,1.926895983278192,-0.8792578396079359
8,P026,8b1bf749-1b2a-448f-8f73-5a367b919d5d,five_mix_frontend_v1_2026-08-06,five_mix_netlify_forms_v1,five_mix_frontend_v1_2026-08-06,completed,group_02,group_02,2026-08-17 01:54:40.526,2026-08-17 02:13:46.444,2026-08-17 02:13:45.684,1146.0,6,5,30,6,True,22,P026__trial_05,5,FM-1,FM-1,3,pouring_room,group_02_song_b_pouring_room,1,Song B,B,2,mix_132e75f34470,pouring_room_mcg_pro1,mix_132e75f34470,pouring_room_mcg_pro1,True,71,True,True,2026-08-17T01:09:56.750Z,I like for playing in the background music that sound calm and have no percussion instruments being protagonist ,I like for playing in the background music that sound calm and have no percussion instruments being protagonist,120730,assets/audio/study-stimuli/main-study/group_02/song_b_pouring_room/mcg_pro1.wav,0.0646217316389,18.2459716797,0.0750391855836,-0.0488145165145,1.177821012274786,0.1366958746221527,-0.3534041622732912,-0.9473754159948484
8,P026,8b1bf749-1b2a-448f-8f73-5a367b919d5d,five_mix_frontend_v1_2026-08-06,five_mix_netlify_forms_v1,five_mix_frontend_v1_2026-08-06,completed,group_02,group_02,2026-08-17 01:54:40.526,2026-08-17 02:13:46.444,2026-08-17 02:13:45.684,1146.0,6,5,30,6,True,23,P026__trial_05,5,FM-1,FM-1,3,pouring_room,group_02_song_b_pouring_room,1,Song B,C,3,mix_e08faaf8bbb3,pouring_room_mcg_v,mix_e08faaf8bbb3,pouring_room_mcg_v,True,57,True,True,2026-08-17T01:09:41.185Z,I like for playing in the background music that sound calm and have no percussion instruments being protagonist ,I like for playing in the background music that sound calm and have no percussion instruments being protagonist,120730,assets/audio/study-stimuli/main-study/group_02/song_b_pouring_room/mcg_v.wav,0.0600788630545,20.8109931946,0.0795278027654,-0.0483895651996,0.2009523983216312,1.112208706920678,-0.2814967551013548,-0.938440679331238
8,P026,8b1bf749-1b2a-448f-8f73-5a367b919d5d,five_mix_frontend_v1_2026-08-06,five_mix_netlify_forms_v1,five_mix_frontend_v1_2026-08-06,completed,group_02,group_02,2026-08-17 01:54:40.526,2026-08-17 02:13:46.444,2026-08-17 02:13:45.684,1146.0,6,5,30,6,True,24,P026__trial_05,5,FM-1,FM-1,3,pouring_room,group_02_song_b_pouring_room,1,Song B,D,4,mix_0ba76f420c1d,pouring_room_mcg_r,mix_0ba76f420c1d,pouring_room_mcg_r,True,92,True,True,2026-08-17T01:09:36.074Z,I like for playing in the background music that sound calm and have no percussion instruments being protagonist ,I like for playing in the background music that sound calm and have no percussion instruments being protagonist,120730,assets/audio/study-stimuli/main-study/group_02/song_b_pouring_room/mcg_r.wav,0.060190629214,16.5152053833,0.14739459753,-0.0638295859098,0.2249858589620197,-0.521538265731174,0.8057256670690561,-1.2630720295337683
8,P026,8b1bf749-1b2a-448f-8f73-5a367b919d5d,five_mix_frontend_v1_2026-08-06,five_mix_netlify_forms_v1,five_mix_frontend_v1_2026-08-06,completed,group_02,group_02,2026-08-17 01:54:40.526,2026-08-17 02:13:46.444,2026-08-17 02:13:45.684,1146.0,6,5,30,6,True,25,P026__trial_05,5,FM-1,FM-1,3,pouring_room,group_02_song_b_pouring_room,1,Song B,E,5,mix_cbf8555ee2b2,pouring_room_mcg_x,mix_cbf8555ee2b2,pouring_room_mcg_x,True,83,True,True,2026-08-17T01:09:23.001Z,I like for playing in the background music that sound calm and have no percussion instruments being protagonist ,I like for playing in the background music that sound calm and have no percussion instruments being protagonist,120730,assets/audio/study-stimuli/main-study/group_02/song_b_pouring_room/mcg_x.wav,0.0612343810499,19.9389343262,0.147577553988,-0.0265915170312,0.4494273963527286,0.780552768870155,0.8086566197405122,-0.4801297779726206
8,P026,8b1bf749-1b2a-448f-8f73-5a367b919d5d,five_mix_frontend_v1_2026-08-06,five_mix_netlify_forms_v1,five_mix_frontend_v1_2026-08-06,completed,group_02,group_02,2026-08-17 01:54:40.526,2026-08-17 02:13:46.444,2026-08-17 02:13:45.684,1146.0,6,5,30,6,True,26,P026__trial_06,6,FM-1,FM-1,3,in_the_meantime,group_02_song_a_in_the_meantime,2,Song A,A,1,mix_9baa86357fd4,in_the_meantime_du_i,mix_9baa86357fd4,in_the_meantime_du_i,True,34,True,True,2026-08-17T01:11:50.394Z,I placed poor the once that have beats that would make me dance ,I placed poor the once that have beats that would make me dance,70456,assets/audio/study-stimuli/main-study/group_02/song_a_in_the_meantime/du_i.wav,0.0503131300211,22.9316368103,0.130904406309,-0.0380811542273,-1.8990066727669184,1.9187185345499165,0.5415536857115313,-0.721703057329889
8,P026,8b1bf749-1b2a-448f-8f73-5a367b919d5d,five_mix_frontend_v1_2026-08-06,five_mix_netlify_forms_v1,five_mix_frontend_v1_2026-08-06,completed,group_02,group_02,2026-08-17 01:54:40.526,2026-08-17 02:13:46.444,2026-08-17 02:13:45.684,1146.0,6,5,30,6,True,27,P026__trial_06,6,FM-1,FM-1,3,in_the_meantime,group_02_song_a_in_the_meantime,2,Song A,B,2,mix_56e65a3ce054,in_the_meantime_du_k,mix_56e65a3ce054,in_the_meantime_du_k,True,95,True,True,2026-08-17T01:11:46.016Z,I placed poor the once that have beats that would make me dance ,I placed poor the once that have beats that would make me dance,70456,assets/audio/study-stimuli/main-study/group_02/song_a_in_the_meantime/du_k.wav,0.0539390221238,22.5979270935,0.15773075819,0.0170408543199,-1.1193186569455127,1.7918041562064675,0.9713104079970216,0.4372547184671072
8,P026,8b1bf749-1b2a-448f-8f73-5a367b919d5d,five_mix_frontend_v1_2026-08-06,five_mix_netlify_forms_v1,five_mix_frontend_v1_2026-08-06,completed,group_02,group_02,2026-08-17 01:54:40.526,2026-08-17 02:13:46.444,2026-08-17 02:13:45.684,1146.0,6,5,30,6,True,28,P026__trial_06,6,FM-1,FM-1,3,in_the_meantime,group_02_song_a_in_the_meantime,2,Song A,C,3,mix_302f0efe8a80,in_the_meantime_du_h,mix_302f0efe8a80,in_the_meantime_du_h,True,60,True,True,2026-08-17T01:11:39.935Z,I placed poor the once that have beats that would make me dance ,I placed poor the once that have beats that would make me dance,70456,assets/audio/study-stimuli/main-study/group_02/song_a_in_the_meantime/du_h.wav,0.0623472034931,18.601518631,0.0428314469755,0.0354086197913,0.6887214233465396,0.2719152524959843,-0.8693704120952901,0.8234428342152216
8,P026,8b1bf749-1b2a-448f-8f73-5a367b919d5d,five_mix_frontend_v1_2026-08-06,five_mix_netlify_forms_v1,five_mix_frontend_v1_2026-08-06,completed,group_02,group_02,2026-08-17 01:54:40.526,2026-08-17 02:13:46.444,2026-08-17 02:13:45.684,1146.0,6,5,30,6,True,29,P026__trial_06,6,FM-1,FM-1,3,in_the_meantime,group_02_song_a_in_the_meantime,2,Song A,D,4,mix_cdaef40f2b94,in_the_meantime_qut_pro,mix_cdaef40f2b94,in_the_meantime_qut_pro,True,24,True,True,2026-08-17T01:11:43.037Z,I placed poor the once that have beats that would make me dance ,I placed poor the once that have beats that would make me dance,70456,assets/audio/study-stimuli/main-study/group_02/song_a_in_the_meantime/qut_pro.wav,0.0560023784637,14.1143035889,0.212649226189,-0.0385963246226,-0.6756280657690176,-1.4346341192827423,1.8511013279434223,-0.7325346788768815
8,P026,8b1bf749-1b2a-448f-8f73-5a367b919d5d,five_mix_frontend_v1_2026-08-06,five_mix_netlify_forms_v1,five_mix_frontend_v1_2026-08-06,completed,group_02,group_02,2026-08-17 01:54:40.526,2026-08-17 02:13:46.444,2026-08-17 02:13:45.684,1146.0,6,5,30,6,True,30,P026__trial_06,6,FM-1,FM-1,3,in_the_meantime,group_02_song_a_in_the_meantime,2,Song A,E,5,mix_c7bdcba64775,in_the_meantime_qut_b,mix_c7bdcba64775,in_the_meantime_qut_b,True,76,True,True,2026-08-17T01:11:26.461Z,I placed poor the once that have beats that would make me dance ,I placed poor the once that have beats that would make me dance,70456,assets/audio/study-stimuli/main-study/group_02/song_a_in_the_meantime/qut_b.wav,0.0560294315219,17.366355896,0.000543582602404,0.000562923552934,-0.6698107538710293,-0.1978340618743536,-1.5468197375217057,0.0908009789400507
9,P025,42dd622a-cc3c-4d61-982e-8d96e2fa6c5f,five_mix_frontend_v1_2026-08-06,five_mix_netlify_forms_v1,five_mix_frontend_v1_2026-08-06,completed,group_01,group_01,2026-08-17 01:48:28.628,2026-08-17 02:08:43.084,2026-08-17 02:08:43.706,1214.0,6,5,30,6,True,1,P025__trial_01,1,EDR-1,EDR-1,1,id_like_to_know,group_01_song_b_id_like_to_know,1,Song B,A,1,mix_b393d3919c78,id_like_to_know_pxl_s7,mix_b393d3919c78,id_like_to_know_pxl_s7,True,27,True,True,2026-08-17T01:00:10.941Z,"Mix D guitar i dont like it, Mix A is just okay, Mix B balance i like it and Mix C and E sounds better for me, I like the warmer sounds","Mix D guitar i dont like it, Mix A is just okay, Mix B balance i like it and Mix C and E sounds better for me, I like the warmer sounds",91136,assets/audio/study-stimuli/main-study/group_01/song_b_id_like_to_know/pxl_s7.wav,0.0551121532917,16.2593574524,0.0769432634115,-0.0537673681974,-0.867056238017743,-0.6188407399054331,-0.3229009373128245,-1.0515106991885117
9,P025,42dd622a-cc3c-4d61-982e-8d96e2fa6c5f,five_mix_frontend_v1_2026-08-06,five_mix_netlify_forms_v1,five_mix_frontend_v1_2026-08-06,completed,group_01,group_01,2026-08-17 01:48:28.628,2026-08-17 02:08:43.084,2026-08-17 02:08:43.706,1214.0,6,5,30,6,True,2,P025__trial_01,1,EDR-1,EDR-1,1,id_like_to_know,group_01_song_b_id_like_to_know,1,Song B,B,2,mix_6f8b655d7999,id_like_to_know_pxl_s2,mix_6f8b655d7999,id_like_to_know_pxl_s2,True,73,True,True,2026-08-17T01:00:28.767Z,"Mix D guitar i dont like it, Mix A is just okay, Mix B balance i like it and Mix C and E sounds better for me, I like the warmer sounds","Mix D guitar i dont like it, Mix A is just okay, Mix B balance i like it and Mix C and E sounds better for me, I like the warmer sounds",91136,assets/audio/study-stimuli/main-study/group_01/song_b_id_like_to_know/pxl_s2.wav,0.0616230294108,14.7642059326,0.049424380064,0.0224525164813,0.5329997864789321,-1.1874673519330532,-0.7637519766505488,0.5510366380169074
9,P025,42dd622a-cc3c-4d61-982e-8d96e2fa6c5f,five_mix_frontend_v1_2026-08-06,five_mix_netlify_forms_v1,five_mix_frontend_v1_2026-08-06,completed,group_01,group_01,2026-08-17 01:48:28.628,2026-08-17 02:08:43.084,2026-08-17 02:08:43.706,1214.0,6,5,30,6,True,3,P025__trial_01,1,EDR-1,EDR-1,1,id_like_to_know,group_01_song_b_id_like_to_know,1,Song B,C,3,mix_82d60d7c7fc5,id_like_to_know_pxl_s5,mix_82d60d7c7fc5,id_like_to_know_pxl_s5,True,86,True,True,2026-08-17T01:00:26.025Z,"Mix D guitar i dont like it, Mix A is just okay, Mix B balance i like it and Mix C and E sounds better for me, I like the warmer sounds","Mix D guitar i dont like it, Mix A is just okay, Mix B balance i like it and Mix C and E sounds better for me, I like the warmer sounds",91136,assets/audio/study-stimuli/main-study/group_01/song_b_id_like_to_know/pxl_s5.wav,0.0574779175222,17.4848575592,0.146866813302,0.0736307501793,-0.3583378408524605,-0.1527662554529231,0.7972705919658362,1.6270752922517937
9,P025,42dd622a-cc3c-4d61-982e-8d96e2fa6c5f,five_mix_frontend_v1_2026-08-06,five_mix_netlify_forms_v1,five_mix_frontend_v1_2026-08-06,completed,group_01,group_01,2026-08-17 01:48:28.628,2026-08-17 02:08:43.084,2026-08-17 02:08:43.706,1214.0,6,5,30,6,True,4,P025__trial_01,1,EDR-1,EDR-1,1,id_like_to_know,group_01_song_b_id_like_to_know,1,Song B,D,4,mix_9ffcd672af17,id_like_to_know_pxl_s1,mix_9ffcd672af17,id_like_to_know_pxl_s1,True,13,True,True,2026-08-17T01:00:20.352Z,"Mix D guitar i dont like it, Mix A is just okay, Mix B balance i like it and Mix C and E sounds better for me, I like the warmer sounds","Mix D guitar i dont like it, Mix A is just okay, Mix B balance i like it and Mix C and E sounds better for me, I like the warmer sounds",91136,assets/audio/study-stimuli/main-study/group_01/song_b_id_like_to_know/pxl_s1.wav,0.0565126091242,16.3633155823,0.0668171644211,0.0607972890139,-0.5659114167269081,-0.579304038497624,-0.4851205015292653,1.357247686182373
9,P025,42dd622a-cc3c-4d61-982e-8d96e2fa6c5f,five_mix_frontend_v1_2026-08-06,five_mix_netlify_forms_v1,five_mix_frontend_v1_2026-08-06,completed,group_01,group_01,2026-08-17 01:48:28.628,2026-08-17 02:08:43.084,2026-08-17 02:08:43.706,1214.0,6,5,30,6,True,5,P025__trial_01,1,EDR-1,EDR-1,1,id_like_to_know,group_01_song_b_id_like_to_know,1,Song B,E,5,mix_65f41f41d3ab,id_like_to_know_pxl_s3,mix_65f41f41d3ab,id_like_to_know_pxl_s3,True,96,True,True,2026-08-17T01:00:01.346Z,"Mix D guitar i dont like it, Mix A is just okay, Mix B balance i like it and Mix C and E sounds better for me, I like the warmer sounds","Mix D guitar i dont like it, Mix A is just okay, Mix B balance i like it and Mix C and E sounds better for me, I like the warmer sounds",91136,assets/audio/study-stimuli/main-study/group_01/song_b_id_like_to_know/pxl_s3.wav,0.0606486909091,15.0860643387,0.0243665315211,-0.00842856336385,0.3234844364321996,-1.065060189455143,-1.1651773700507613,-0.0982478955990668
9,P025,42dd622a-cc3c-4d61-982e-8d96e2fa6c5f,five_mix_frontend_v1_2026-08-06,five_mix_netlify_forms_v1,five_mix_frontend_v1_2026-08-06,completed,group_01,group_01,2026-08-17 01:48:28.628,2026-08-17 02:08:43.084,2026-08-17 02:08:43.706,1214.0,6,5,30,6,True,6,P025__trial_02,2,EDR-1,EDR-1,1,lead_me,group_01_song_a_lead_me,2,Song A,A,1,mix_c7d9a071ba25,lead_me_pxl_l4,mix_c7d9a071ba25,lead_me_pxl_l4,True,6,True,True,2026-08-17T01:01:27.797Z,"Mix A i don't like the echo of vocals, Mix B instruments volume is my taste, Mix C vocals are very loud i cant hear instruments; Mix D sounds weird for me, very deep; Mix E also sounds weird, low volume and far","Mix A i don't like the echo of vocals, Mix B instruments volume is my taste, Mix C vocals are very loud i cant hear instruments; Mix D sounds weird for me, very deep; Mix E also sounds weird, low volume and far",112975,assets/audio/study-stimuli/main-study/group_01/song_a_lead_me/pxl_l4.wav,0.0588876381516,15.6746520996,0.149041607976,0.109930999577,-0.0552007785055364,-0.8412121981784734,0.8321106863211235,2.390299590706203
9,P025,42dd622a-cc3c-4d61-982e-8d96e2fa6c5f,five_mix_frontend_v1_2026-08-06,five_mix_netlify_forms_v1,five_mix_frontend_v1_2026-08-06,completed,group_01,group_01,2026-08-17 01:48:28.628,2026-08-17 02:08:43.084,2026-08-17 02:08:43.706,1214.0,6,5,30,6,True,7,P025__trial_02,2,EDR-1,EDR-1,1,lead_me,group_01_song_a_lead_me,2,Song A,B,2,mix_d3e3580b6e30,lead_me_mcg_pro2,mix_d3e3580b6e30,lead_me_mcg_pro2,True,89,True,True,2026-08-17T01:01:47.647Z,"Mix A i don't like the echo of vocals, Mix B instruments volume is my taste, Mix C vocals are very loud i cant hear instruments; Mix D sounds weird for me, very deep; Mix E also sounds weird, low volume and far","Mix A i don't like the echo of vocals, Mix B instruments volume is my taste, Mix C vocals are very loud i cant hear instruments; Mix D sounds weird for me, very deep; Mix E also sounds weird, low volume and far",112975,assets/audio/study-stimuli/main-study/group_01/song_a_lead_me/mcg_pro2.wav,0.0730051249266,20.1463222504,0.0392760001123,-0.00143597240094,2.9805308263561203,0.8594252384169624,-0.9263284806752846,0.048773555233824
9,P025,42dd622a-cc3c-4d61-982e-8d96e2fa6c5f,five_mix_frontend_v1_2026-08-06,five_mix_netlify_forms_v1,five_mix_frontend_v1_2026-08-06,completed,group_01,group_01,2026-08-17 01:48:28.628,2026-08-17 02:08:43.084,2026-08-17 02:08:43.706,1214.0,6,5,30,6,True,8,P025__trial_02,2,EDR-1,EDR-1,1,lead_me,group_01_song_a_lead_me,2,Song A,C,3,mix_271852ba8676,lead_me_du_e,mix_271852ba8676,lead_me_du_e,True,0,True,True,2026-08-17T01:02:06.206Z,"Mix A i don't like the echo of vocals, Mix B instruments volume is my taste, Mix C vocals are very loud i cant hear instruments; Mix D sounds weird for me, very deep; Mix E also sounds weird, low volume and far","Mix A i don't like the echo of vocals, Mix B instruments volume is my taste, Mix C vocals are very loud i cant hear instruments; Mix D sounds weird for me, very deep; Mix E also sounds weird, low volume and far",112975,assets/audio/study-stimuli/main-study/group_01/song_a_lead_me/du_e.wav,0.0543773770332,19.2538223267,0.0430038608611,0.0436125770211,-1.0250576971995913,0.5199952869185839,-0.8666083508697964,0.9959336464039888
9,P025,42dd622a-cc3c-4d61-982e-8d96e2fa6c5f,five_mix_frontend_v1_2026-08-06,five_mix_netlify_forms_v1,five_mix_frontend_v1_2026-08-06,completed,group_01,group_01,2026-08-17 01:48:28.628,2026-08-17 02:08:43.084,2026-08-17 02:08:43.706,1214.0,6,5,30,6,True,9,P025__trial_02,2,EDR-1,EDR-1,1,lead_me,group_01_song_a_lead_me,2,Song A,D,4,mix_f1f7973e5bac,lead_me_du_d,mix_f1f7973e5bac,lead_me_du_d,True,30,True,True,2026-08-17T01:02:22.919Z,"Mix A i don't like the echo of vocals, Mix B instruments volume is my taste, Mix C vocals are very loud i cant hear instruments; Mix D sounds weird for me, very deep; Mix E also sounds weird, low volume and far","Mix A i don't like the echo of vocals, Mix B instruments volume is my taste, Mix C vocals are very loud i cant hear instruments; Mix D sounds weird for me, very deep; Mix E also sounds weird, low volume and far",112975,assets/audio/study-stimuli/main-study/group_01/song_a_lead_me/du_d.wav,0.0625870004296,13.8143320084,0.117576912045,-0.0521329641342,0.7402857811167308,-1.548717422055362,0.3280479404435016,-1.017146833506479
9,P025,42dd622a-cc3c-4d61-982e-8d96e2fa6c5f,five_mix_frontend_v1_2026-08-06,five_mix_netlify_forms_v1,five_mix_frontend_v1_2026-08-06,completed,group_01,group_01,2026-08-17 01:48:28.628,2026-08-17 02:08:43.084,2026-08-17 02:08:43.706,1214.0,6,5,30,6,True,10,P025__trial_02,2,EDR-1,EDR-1,1,lead_me,group_01_song_a_lead_me,2,Song A,E,5,mix_d5b28dfc8a93,lead_me_pxl_l1,mix_d5b28dfc8a93,lead_me_pxl_l1,True,21,True,True,2026-08-17T01:02:44.740Z,"Mix A i don't like the echo of vocals, Mix B instruments volume is my taste, Mix C vocals are very loud i cant hear instruments; Mix D sounds weird for me, very deep; Mix E also sounds weird, low volume and far","Mix A i don't like the echo of vocals, Mix B instruments volume is my taste, Mix C vocals are very loud i cant hear instruments; Mix D sounds weird for me, very deep; Mix E also sounds weird, low volume and far",112975,assets/audio/study-stimuli/main-study/group_01/song_a_lead_me/pxl_l1.wav,0.0591329820454,16.9195213318,0.0170932952315,-0.0129087874666,-0.0024436394808062,-0.3677713699084406,-1.2816942263900757,-0.1924460334762285
9,P025,42dd622a-cc3c-4d61-982e-8d96e2fa6c5f,five_mix_frontend_v1_2026-08-06,five_mix_netlify_forms_v1,five_mix_frontend_v1_2026-08-06,completed,group_01,group_01,2026-08-17 01:48:28.628,2026-08-17 02:08:43.084,2026-08-17 02:08:43.706,1214.0,6,5,30,6,True,11,P025__trial_03,3,FM-1,FM-1,2,id_like_to_know,group_01_song_b_id_like_to_know,1,Song B,A,1,mix_65f41f41d3ab,id_like_to_know_pxl_s3,mix_65f41f41d3ab,id_like_to_know_pxl_s3,True,94,True,True,2026-08-17T01:03:21.394Z,"Mix A,D.E sound more balanced and I prefer that, while Mix B and C sound less balanced between vocals and instruments in my opinion","Mix A,D.E sound more balanced and I prefer that, while Mix B and C sound less balanced between vocals and instruments in my opinion",79825,assets/audio/study-stimuli/main-study/group_01/song_b_id_like_to_know/pxl_s3.wav,0.0606486909091,15.0860643387,0.0243665315211,-0.00842856336385,0.3234844364321996,-1.065060189455143,-1.1651773700507613,-0.0982478955990668
9,P025,42dd622a-cc3c-4d61-982e-8d96e2fa6c5f,five_mix_frontend_v1_2026-08-06,five_mix_netlify_forms_v1,five_mix_frontend_v1_2026-08-06,completed,group_01,group_01,2026-08-17 01:48:28.628,2026-08-17 02:08:43.084,2026-08-17 02:08:43.706,1214.0,6,5,30,6,True,12,P025__trial_03,3,FM-1,FM-1,2,id_like_to_know,group_01_song_b_id_like_to_know,1,Song B,B,2,mix_9ffcd672af17,id_like_to_know_pxl_s1,mix_9ffcd672af17,id_like_to_know_pxl_s1,True,7,True,True,2026-08-17T01:03:27.638Z,"Mix A,D.E sound more balanced and I prefer that, while Mix B and C sound less balanced between vocals and instruments in my opinion","Mix A,D.E sound more balanced and I prefer that, while Mix B and C sound less balanced between vocals and instruments in my opinion",79825,assets/audio/study-stimuli/main-study/group_01/song_b_id_like_to_know/pxl_s1.wav,0.0565126091242,16.3633155823,0.0668171644211,0.0607972890139,-0.5659114167269081,-0.579304038497624,-0.4851205015292653,1.357247686182373
9,P025,42dd622a-cc3c-4d61-982e-8d96e2fa6c5f,five_mix_frontend_v1_2026-08-06,five_mix_netlify_forms_v1,five_mix_frontend_v1_2026-08-06,completed,group_01,group_01,2026-08-17 01:48:28.628,2026-08-17 02:08:43.084,2026-08-17 02:08:43.706,1214.0,6,5,30,6,True,13,P025__trial_03,3,FM-1,FM-1,2,id_like_to_know,group_01_song_b_id_like_to_know,1,Song B,C,3,mix_82d60d7c7fc5,id_like_to_know_pxl_s5,mix_82d60d7c7fc5,id_like_to_know_pxl_s5,True,19,True,True,2026-08-17T01:03:31.085Z,"Mix A,D.E sound more balanced and I prefer that, while Mix B and C sound less balanced between vocals and instruments in my opinion","Mix A,D.E sound more balanced and I prefer that, while Mix B and C sound less balanced between vocals and instruments in my opinion",79825,assets/audio/study-stimuli/main-study/group_01/song_b_id_like_to_know/pxl_s5.wav,0.0574779175222,17.4848575592,0.146866813302,0.0736307501793,-0.3583378408524605,-0.1527662554529231,0.7972705919658362,1.6270752922517937
9,P025,42dd622a-cc3c-4d61-982e-8d96e2fa6c5f,five_mix_frontend_v1_2026-08-06,five_mix_netlify_forms_v1,five_mix_frontend_v1_2026-08-06,completed,group_01,group_01,2026-08-17 01:48:28.628,2026-08-17 02:08:43.084,2026-08-17 02:08:43.706,1214.0,6,5,30,6,True,14,P025__trial_03,3,FM-1,FM-1,2,id_like_to_know,group_01_song_b_id_like_to_know,1,Song B,D,4,mix_6f8b655d7999,id_like_to_know_pxl_s2,mix_6f8b655d7999,id_like_to_know_pxl_s2,True,76,True,True,2026-08-17T01:03:35.233Z,"Mix A,D.E sound more balanced and I prefer that, while Mix B and C sound less balanced between vocals and instruments in my opinion","Mix A,D.E sound more balanced and I prefer that, while Mix B and C sound less balanced between vocals and instruments in my opinion",79825,assets/audio/study-stimuli/main-study/group_01/song_b_id_like_to_know/pxl_s2.wav,0.0616230294108,14.7642059326,0.049424380064,0.0224525164813,0.5329997864789321,-1.1874673519330532,-0.7637519766505488,0.5510366380169074
9,P025,42dd622a-cc3c-4d61-982e-8d96e2fa6c5f,five_mix_frontend_v1_2026-08-06,five_mix_netlify_forms_v1,five_mix_frontend_v1_2026-08-06,completed,group_01,group_01,2026-08-17 01:48:28.628,2026-08-17 02:08:43.084,2026-08-17 02:08:43.706,1214.0,6,5,30,6,True,15,P025__trial_03,3,FM-1,FM-1,2,id_like_to_know,group_01_song_b_id_like_to_know,1,Song B,E,5,mix_b393d3919c78,id_like_to_know_pxl_s7,mix_b393d3919c78,id_like_to_know_pxl_s7,True,64,True,True,2026-08-17T01:03:37.794Z,"Mix A,D.E sound more balanced and I prefer that, while Mix B and C sound less balanced between vocals and instruments in my opinion","Mix A,D.E sound more balanced and I prefer that, while Mix B and C sound less balanced between vocals and instruments in my opinion",79825,assets/audio/study-stimuli/main-study/group_01/song_b_id_like_to_know/pxl_s7.wav,0.0551121532917,16.2593574524,0.0769432634115,-0.0537673681974,-0.867056238017743,-0.6188407399054331,-0.3229009373128245,-1.0515106991885117
9,P025,42dd622a-cc3c-4d61-982e-8d96e2fa6c5f,five_mix_frontend_v1_2026-08-06,five_mix_netlify_forms_v1,five_mix_frontend_v1_2026-08-06,completed,group_01,group_01,2026-08-17 01:48:28.628,2026-08-17 02:08:43.084,2026-08-17 02:08:43.706,1214.0,6,5,30,6,True,16,P025__trial_04,4,FM-1,FM-1,2,lead_me,group_01_song_a_lead_me,2,Song A,A,1,mix_271852ba8676,lead_me_du_e,mix_271852ba8676,lead_me_du_e,True,13,True,True,2026-08-17T01:04:41.542Z,"Mix A voice is very loud i cant hear instruments well, Mix B is very calmed I can't focus, Mix C is better more balanced, Mix D also okay but i prefer without echo, Mix E too deep for me","Mix A voice is very loud i cant hear instruments well, Mix B is very calmed I can't focus, Mix C is better more balanced, Mix D also okay but i prefer without echo, Mix E too deep for me",76622,assets/audio/study-stimuli/main-study/group_01/song_a_lead_me/du_e.wav,0.0543773770332,19.2538223267,0.0430038608611,0.0436125770211,-1.0250576971995913,0.5199952869185839,-0.8666083508697964,0.9959336464039888
9,P025,42dd622a-cc3c-4d61-982e-8d96e2fa6c5f,five_mix_frontend_v1_2026-08-06,five_mix_netlify_forms_v1,five_mix_frontend_v1_2026-08-06,completed,group_01,group_01,2026-08-17 01:48:28.628,2026-08-17 02:08:43.084,2026-08-17 02:08:43.706,1214.0,6,5,30,6,True,17,P025__trial_04,4,FM-1,FM-1,2,lead_me,group_01_song_a_lead_me,2,Song A,B,2,mix_d5b28dfc8a93,lead_me_pxl_l1,mix_d5b28dfc8a93,lead_me_pxl_l1,True,29,True,True,2026-08-17T01:05:04.579Z,"Mix A voice is very loud i cant hear instruments well, Mix B is very calmed I can't focus, Mix C is better more balanced, Mix D also okay but i prefer without echo, Mix E too deep for me","Mix A voice is very loud i cant hear instruments well, Mix B is very calmed I can't focus, Mix C is better more balanced, Mix D also okay but i prefer without echo, Mix E too deep for me",76622,assets/audio/study-stimuli/main-study/group_01/song_a_lead_me/pxl_l1.wav,0.0591329820454,16.9195213318,0.0170932952315,-0.0129087874666,-0.0024436394808062,-0.3677713699084406,-1.2816942263900757,-0.1924460334762285
9,P025,42dd622a-cc3c-4d61-982e-8d96e2fa6c5f,five_mix_frontend_v1_2026-08-06,five_mix_netlify_forms_v1,five_mix_frontend_v1_2026-08-06,completed,group_01,group_01,2026-08-17 01:48:28.628,2026-08-17 02:08:43.084,2026-08-17 02:08:43.706,1214.0,6,5,30,6,True,18,P025__trial_04,4,FM-1,FM-1,2,lead_me,group_01_song_a_lead_me,2,Song A,C,3,mix_d3e3580b6e30,lead_me_mcg_pro2,mix_d3e3580b6e30,lead_me_mcg_pro2,True,85,True,True,2026-08-17T01:05:18.008Z,"Mix A voice is very loud i cant hear instruments well, Mix B is very calmed I can't focus, Mix C is better more balanced, Mix D also okay but i prefer without echo, Mix E too deep for me","Mix A voice is very loud i cant hear instruments well, Mix B is very calmed I can't focus, Mix C is better more balanced, Mix D also okay but i prefer without echo, Mix E too deep for me",76622,assets/audio/study-stimuli/main-study/group_01/song_a_lead_me/mcg_pro2.wav,0.0730051249266,20.1463222504,0.0392760001123,-0.00143597240094,2.9805308263561203,0.8594252384169624,-0.9263284806752846,0.048773555233824
9,P025,42dd622a-cc3c-4d61-982e-8d96e2fa6c5f,five_mix_frontend_v1_2026-08-06,five_mix_netlify_forms_v1,five_mix_frontend_v1_2026-08-06,completed,group_01,group_01,2026-08-17 01:48:28.628,2026-08-17 02:08:43.084,2026-08-17 02:08:43.706,1214.0,6,5,30,6,True,19,P025__trial_04,4,FM-1,FM-1,2,lead_me,group_01_song_a_lead_me,2,Song A,D,4,mix_c7d9a071ba25,lead_me_pxl_l4,mix_c7d9a071ba25,lead_me_pxl_l4,True,55,True,True,2026-08-17T01:05:28.084Z,"Mix A voice is very loud i cant hear instruments well, Mix B is very calmed I can't focus, Mix C is better more balanced, Mix D also okay but i prefer without echo, Mix E too deep for me","Mix A voice is very loud i cant hear instruments well, Mix B is very calmed I can't focus, Mix C is better more balanced, Mix D also okay but i prefer without echo, Mix E too deep for me",76622,assets/audio/study-stimuli/main-study/group_01/song_a_lead_me/pxl_l4.wav,0.0588876381516,15.6746520996,0.149041607976,0.109930999577,-0.0552007785055364,-0.8412121981784734,0.8321106863211235,2.390299590706203
9,P025,42dd622a-cc3c-4d61-982e-8d96e2fa6c5f,five_mix_frontend_v1_2026-08-06,five_mix_netlify_forms_v1,five_mix_frontend_v1_2026-08-06,completed,group_01,group_01,2026-08-17 01:48:28.628,2026-08-17 02:08:43.084,2026-08-17 02:08:43.706,1214.0,6,5,30,6,True,20,P025__trial_04,4,FM-1,FM-1,2,lead_me,group_01_song_a_lead_me,2,Song A,E,5,mix_f1f7973e5bac,lead_me_du_d,mix_f1f7973e5bac,lead_me_du_d,True,46,True,True,2026-08-17T01:05:43.914Z,"Mix A voice is very loud i cant hear instruments well, Mix B is very calmed I can't focus, Mix C is better more balanced, Mix D also okay but i prefer without echo, Mix E too deep for me","Mix A voice is very loud i cant hear instruments well, Mix B is very calmed I can't focus, Mix C is better more balanced, Mix D also okay but i prefer without echo, Mix E too deep for me",76622,assets/audio/study-stimuli/main-study/group_01/song_a_lead_me/du_d.wav,0.0625870004296,13.8143320084,0.117576912045,-0.0521329641342,0.7402857811167308,-1.548717422055362,0.3280479404435016,-1.017146833506479
9,P025,42dd622a-cc3c-4d61-982e-8d96e2fa6c5f,five_mix_frontend_v1_2026-08-06,five_mix_netlify_forms_v1,five_mix_frontend_v1_2026-08-06,completed,group_01,group_01,2026-08-17 01:48:28.628,2026-08-17 02:08:43.084,2026-08-17 02:08:43.706,1214.0,6,5,30,6,True,21,P025__trial_05,5,EDR-2,EDR-2,3,lead_me,group_01_song_a_lead_me,1,Song A,A,1,mix_271852ba8676,lead_me_du_e,mix_271852ba8676,lead_me_du_e,True,16,True,True,2026-08-17T01:05:57.985Z,"Mix A vocals too loud, Mix B and C, D very calm I like them, Mix E is good but i sounds far ","Mix A vocals too loud, Mix B and C, D very calm I like them, Mix E is good but i sounds far",71233,assets/audio/study-stimuli/main-study/group_01/song_a_lead_me/du_e.wav,0.0543773770332,19.2538223267,0.0430038608611,0.0436125770211,-1.0250576971995913,0.5199952869185839,-0.8666083508697964,0.9959336464039888
9,P025,42dd622a-cc3c-4d61-982e-8d96e2fa6c5f,five_mix_frontend_v1_2026-08-06,five_mix_netlify_forms_v1,five_mix_frontend_v1_2026-08-06,completed,group_01,group_01,2026-08-17 01:48:28.628,2026-08-17 02:08:43.084,2026-08-17 02:08:43.706,1214.0,6,5,30,6,True,22,P025__trial_05,5,EDR-2,EDR-2,3,lead_me,group_01_song_a_lead_me,1,Song A,B,2,mix_c7d9a071ba25,lead_me_pxl_l4,mix_c7d9a071ba25,lead_me_pxl_l4,True,75,True,True,2026-08-17T01:06:10.705Z,"Mix A vocals too loud, Mix B and C, D very calm I like them, Mix E is good but i sounds far ","Mix A vocals too loud, Mix B and C, D very calm I like them, Mix E is good but i sounds far",71233,assets/audio/study-stimuli/main-study/group_01/song_a_lead_me/pxl_l4.wav,0.0588876381516,15.6746520996,0.149041607976,0.109930999577,-0.0552007785055364,-0.8412121981784734,0.8321106863211235,2.390299590706203
9,P025,42dd622a-cc3c-4d61-982e-8d96e2fa6c5f,five_mix_frontend_v1_2026-08-06,five_mix_netlify_forms_v1,five_mix_frontend_v1_2026-08-06,completed,group_01,group_01,2026-08-17 01:48:28.628,2026-08-17 02:08:43.084,2026-08-17 02:08:43.706,1214.0,6,5,30,6,True,23,P025__trial_05,5,EDR-2,EDR-2,3,lead_me,group_01_song_a_lead_me,1,Song A,C,3,mix_f1f7973e5bac,lead_me_du_d,mix_f1f7973e5bac,lead_me_du_d,True,98,True,True,2026-08-17T01:06:13.680Z,"Mix A vocals too loud, Mix B and C, D very calm I like them, Mix E is good but i sounds far ","Mix A vocals too loud, Mix B and C, D very calm I like them, Mix E is good but i sounds far",71233,assets/audio/study-stimuli/main-study/group_01/song_a_lead_me/du_d.wav,0.0625870004296,13.8143320084,0.117576912045,-0.0521329641342,0.7402857811167308,-1.548717422055362,0.3280479404435016,-1.017146833506479
9,P025,42dd622a-cc3c-4d61-982e-8d96e2fa6c5f,five_mix_frontend_v1_2026-08-06,five_mix_netlify_forms_v1,five_mix_frontend_v1_2026-08-06,completed,group_01,group_01,2026-08-17 01:48:28.628,2026-08-17 02:08:43.084,2026-08-17 02:08:43.706,1214.0,6,5,30,6,True,24,P025__trial_05,5,EDR-2,EDR-2,3,lead_me,group_01_song_a_lead_me,1,Song A,D,4,mix_d3e3580b6e30,lead_me_mcg_pro2,mix_d3e3580b6e30,lead_me_mcg_pro2,True,88,True,True,2026-08-17T01:06:29.034Z,"Mix A vocals too loud, Mix B and C, D very calm I like them, Mix E is good but i sounds far ","Mix A vocals too loud, Mix B and C, D very calm I like them, Mix E is good but i sounds far",71233,assets/audio/study-stimuli/main-study/group_01/song_a_lead_me/mcg_pro2.wav,0.0730051249266,20.1463222504,0.0392760001123,-0.00143597240094,2.9805308263561203,0.8594252384169624,-0.9263284806752846,0.048773555233824
9,P025,42dd622a-cc3c-4d61-982e-8d96e2fa6c5f,five_mix_frontend_v1_2026-08-06,five_mix_netlify_forms_v1,five_mix_frontend_v1_2026-08-06,completed,group_01,group_01,2026-08-17 01:48:28.628,2026-08-17 02:08:43.084,2026-08-17 02:08:43.706,1214.0,6,5,30,6,True,25,P025__trial_05,5,EDR-2,EDR-2,3,lead_me,group_01_song_a_lead_me,1,Song A,E,5,mix_d5b28dfc8a93,lead_me_pxl_l1,mix_d5b28dfc8a93,lead_me_pxl_l1,True,49,True,True,2026-08-17T01:06:51.102Z,"Mix A vocals too loud, Mix B and C, D very calm I like them, Mix E is good but i sounds far ","Mix A vocals too loud, Mix B and C, D very calm I like them, Mix E is good but i sounds far",71233,assets/audio/study-stimuli/main-study/group_01/song_a_lead_me/pxl_l1.wav,0.0591329820454,16.9195213318,0.0170932952315,-0.0129087874666,-0.0024436394808062,-0.3677713699084406,-1.2816942263900757,-0.1924460334762285
9,P025,42dd622a-cc3c-4d61-982e-8d96e2fa6c5f,five_mix_frontend_v1_2026-08-06,five_mix_netlify_forms_v1,five_mix_frontend_v1_2026-08-06,completed,group_01,group_01,2026-08-17 01:48:28.628,2026-08-17 02:08:43.084,2026-08-17 02:08:43.706,1214.0,6,5,30,6,True,26,P025__trial_06,6,EDR-2,EDR-2,3,id_like_to_know,group_01_song_b_id_like_to_know,2,Song B,A,1,mix_65f41f41d3ab,id_like_to_know_pxl_s3,mix_65f41f41d3ab,id_like_to_know_pxl_s3,True,90,True,True,2026-08-17T01:07:09.585Z,"Mix C,D,E are too bright for me, I prefer Mix A and B since they sound warmer for me","Mix C,D,E are too bright for me, I prefer Mix A and B since they sound warmer for me",59652,assets/audio/study-stimuli/main-study/group_01/song_b_id_like_to_know/pxl_s3.wav,0.0606486909091,15.0860643387,0.0243665315211,-0.00842856336385,0.3234844364321996,-1.065060189455143,-1.1651773700507613,-0.0982478955990668
9,P025,42dd622a-cc3c-4d61-982e-8d96e2fa6c5f,five_mix_frontend_v1_2026-08-06,five_mix_netlify_forms_v1,five_mix_frontend_v1_2026-08-06,completed,group_01,group_01,2026-08-17 01:48:28.628,2026-08-17 02:08:43.084,2026-08-17 02:08:43.706,1214.0,6,5,30,6,True,27,P025__trial_06,6,EDR-2,EDR-2,3,id_like_to_know,group_01_song_b_id_like_to_know,2,Song B,B,2,mix_6f8b655d7999,id_like_to_know_pxl_s2,mix_6f8b655d7999,id_like_to_know_pxl_s2,True,100,True,True,2026-08-17T01:07:12.925Z,"Mix C,D,E are too bright for me, I prefer Mix A and B since they sound warmer for me","Mix C,D,E are too bright for me, I prefer Mix A and B since they sound warmer for me",59652,assets/audio/study-stimuli/main-study/group_01/song_b_id_like_to_know/pxl_s2.wav,0.0616230294108,14.7642059326,0.049424380064,0.0224525164813,0.5329997864789321,-1.1874673519330532,-0.7637519766505488,0.5510366380169074
9,P025,42dd622a-cc3c-4d61-982e-8d96e2fa6c5f,five_mix_frontend_v1_2026-08-06,five_mix_netlify_forms_v1,five_mix_frontend_v1_2026-08-06,completed,group_01,group_01,2026-08-17 01:48:28.628,2026-08-17 02:08:43.084,2026-08-17 02:08:43.706,1214.0,6,5,30,6,True,28,P025__trial_06,6,EDR-2,EDR-2,3,id_like_to_know,group_01_song_b_id_like_to_know,2,Song B,C,3,mix_9ffcd672af17,id_like_to_know_pxl_s1,mix_9ffcd672af17,id_like_to_know_pxl_s1,True,10,True,True,2026-08-17T01:07:18.022Z,"Mix C,D,E are too bright for me, I prefer Mix A and B since they sound warmer for me","Mix C,D,E are too bright for me, I prefer Mix A and B since they sound warmer for me",59652,assets/audio/study-stimuli/main-study/group_01/song_b_id_like_to_know/pxl_s1.wav,0.0565126091242,16.3633155823,0.0668171644211,0.0607972890139,-0.5659114167269081,-0.579304038497624,-0.4851205015292653,1.357247686182373
9,P025,42dd622a-cc3c-4d61-982e-8d96e2fa6c5f,five_mix_frontend_v1_2026-08-06,five_mix_netlify_forms_v1,five_mix_frontend_v1_2026-08-06,completed,group_01,group_01,2026-08-17 01:48:28.628,2026-08-17 02:08:43.084,2026-08-17 02:08:43.706,1214.0,6,5,30,6,True,29,P025__trial_06,6,EDR-2,EDR-2,3,id_like_to_know,group_01_song_b_id_like_to_know,2,Song B,D,4,mix_82d60d7c7fc5,id_like_to_know_pxl_s5,mix_82d60d7c7fc5,id_like_to_know_pxl_s5,True,24,True,True,2026-08-17T01:07:21.300Z,"Mix C,D,E are too bright for me, I prefer Mix A and B since they sound warmer for me","Mix C,D,E are too bright for me, I prefer Mix A and B since they sound warmer for me",59652,assets/audio/study-stimuli/main-study/group_01/song_b_id_like_to_know/pxl_s5.wav,0.0574779175222,17.4848575592,0.146866813302,0.0736307501793,-0.3583378408524605,-0.1527662554529231,0.7972705919658362,1.6270752922517937
9,P025,42dd622a-cc3c-4d61-982e-8d96e2fa6c5f,five_mix_frontend_v1_2026-08-06,five_mix_netlify_forms_v1,five_mix_frontend_v1_2026-08-06,completed,group_01,group_01,2026-08-17 01:48:28.628,2026-08-17 02:08:43.084,2026-08-17 02:08:43.706,1214.0,6,5,30,6,True,30,P025__trial_06,6,EDR-2,EDR-2,3,id_like_to_know,group_01_song_b_id_like_to_know,2,Song B,E,5,mix_b393d3919c78,id_like_to_know_pxl_s7,mix_b393d3919c78,id_like_to_know_pxl_s7,True,37,True,True,2026-08-17T01:07:24.642Z,"Mix C,D,E are too bright for me, I prefer Mix A and B since they sound warmer for me","Mix C,D,E are too bright for me, I prefer Mix A and B since they sound warmer for me",59652,assets/audio/study-stimuli/main-study/group_01/song_b_id_like_to_know/pxl_s7.wav,0.0551121532917,16.2593574524,0.0769432634115,-0.0537673681974,-0.867056238017743,-0.6188407399054331,-0.3229009373128245,-1.0515106991885117
10,P024,b21a8a5b-9dea-4dde-832f-f184fbe32e4f,five_mix_frontend_v1_2026-08-06,five_mix_netlify_forms_v1,five_mix_frontend_v1_2026-08-06,completed,group_01,group_01,2026-08-17 01:22:13.649,2026-08-17 01:48:07.423,2026-08-17 01:48:08.037,1554.0,6,5,30,6,True,1,P024__trial_01,1,FM-1,FM-1,1,id_like_to_know,group_01_song_b_id_like_to_know,1,Song B,A,1,mix_b393d3919c78,id_like_to_know_pxl_s7,mix_b393d3919c78,id_like_to_know_pxl_s7,True,30,True,True,2026-08-17T00:30:53.403Z,"Mix D guitar is too loud. Mix A and C sounds similar to me, the instruments too loud. Mix B and E my favorites since i prefer focusing with relaxing songs","Mix D guitar is too loud. Mix A and C sounds similar to me, the instruments too loud. Mix B and E my favorites since i prefer focusing with relaxing songs",137418,assets/audio/study-stimuli/main-study/group_01/song_b_id_like_to_know/pxl_s7.wav,0.0551121532917,16.2593574524,0.0769432634115,-0.0537673681974,-0.867056238017743,-0.6188407399054331,-0.3229009373128245,-1.0515106991885117
10,P024,b21a8a5b-9dea-4dde-832f-f184fbe32e4f,five_mix_frontend_v1_2026-08-06,five_mix_netlify_forms_v1,five_mix_frontend_v1_2026-08-06,completed,group_01,group_01,2026-08-17 01:22:13.649,2026-08-17 01:48:07.423,2026-08-17 01:48:08.037,1554.0,6,5,30,6,True,2,P024__trial_01,1,FM-1,FM-1,1,id_like_to_know,group_01_song_b_id_like_to_know,1,Song B,B,2,mix_65f41f41d3ab,id_like_to_know_pxl_s3,mix_65f41f41d3ab,id_like_to_know_pxl_s3,True,77,True,True,2026-08-17T00:30:55.829Z,"Mix D guitar is too loud. Mix A and C sounds similar to me, the instruments too loud. Mix B and E my favorites since i prefer focusing with relaxing songs","Mix D guitar is too loud. Mix A and C sounds similar to me, the instruments too loud. Mix B and E my favorites since i prefer focusing with relaxing songs",137418,assets/audio/study-stimuli/main-study/group_01/song_b_id_like_to_know/pxl_s3.wav,0.0606486909091,15.0860643387,0.0243665315211,-0.00842856336385,0.3234844364321996,-1.065060189455143,-1.1651773700507613,-0.0982478955990668
10,P024,b21a8a5b-9dea-4dde-832f-f184fbe32e4f,five_mix_frontend_v1_2026-08-06,five_mix_netlify_forms_v1,five_mix_frontend_v1_2026-08-06,completed,group_01,group_01,2026-08-17 01:22:13.649,2026-08-17 01:48:07.423,2026-08-17 01:48:08.037,1554.0,6,5,30,6,True,3,P024__trial_01,1,FM-1,FM-1,1,id_like_to_know,group_01_song_b_id_like_to_know,1,Song B,C,3,mix_9ffcd672af17,id_like_to_know_pxl_s1,mix_9ffcd672af17,id_like_to_know_pxl_s1,True,43,True,True,2026-08-17T00:30:56.964Z,"Mix D guitar is too loud. Mix A and C sounds similar to me, the instruments too loud. Mix B and E my favorites since i prefer focusing with relaxing songs","Mix D guitar is too loud. Mix A and C sounds similar to me, the instruments too loud. Mix B and E my favorites since i prefer focusing with relaxing songs",137418,assets/audio/study-stimuli/main-study/group_01/song_b_id_like_to_know/pxl_s1.wav,0.0565126091242,16.3633155823,0.0668171644211,0.0607972890139,-0.5659114167269081,-0.579304038497624,-0.4851205015292653,1.357247686182373
10,P024,b21a8a5b-9dea-4dde-832f-f184fbe32e4f,five_mix_frontend_v1_2026-08-06,five_mix_netlify_forms_v1,five_mix_frontend_v1_2026-08-06,completed,group_01,group_01,2026-08-17 01:22:13.649,2026-08-17 01:48:07.423,2026-08-17 01:48:08.037,1554.0,6,5,30,6,True,4,P024__trial_01,1,FM-1,FM-1,1,id_like_to_know,group_01_song_b_id_like_to_know,1,Song B,D,4,mix_82d60d7c7fc5,id_like_to_know_pxl_s5,mix_82d60d7c7fc5,id_like_to_know_pxl_s5,True,15,True,True,2026-08-17T00:31:06.842Z,"Mix D guitar is too loud. Mix A and C sounds similar to me, the instruments too loud. Mix B and E my favorites since i prefer focusing with relaxing songs","Mix D guitar is too loud. Mix A and C sounds similar to me, the instruments too loud. Mix B and E my favorites since i prefer focusing with relaxing songs",137418,assets/audio/study-stimuli/main-study/group_01/song_b_id_like_to_know/pxl_s5.wav,0.0574779175222,17.4848575592,0.146866813302,0.0736307501793,-0.3583378408524605,-0.1527662554529231,0.7972705919658362,1.6270752922517937
10,P024,b21a8a5b-9dea-4dde-832f-f184fbe32e4f,five_mix_frontend_v1_2026-08-06,five_mix_netlify_forms_v1,five_mix_frontend_v1_2026-08-06,completed,group_01,group_01,2026-08-17 01:22:13.649,2026-08-17 01:48:07.423,2026-08-17 01:48:08.037,1554.0,6,5,30,6,True,5,P024__trial_01,1,FM-1,FM-1,1,id_like_to_know,group_01_song_b_id_like_to_know,1,Song B,E,5,mix_6f8b655d7999,id_like_to_know_pxl_s2,mix_6f8b655d7999,id_like_to_know_pxl_s2,True,86,True,True,2026-08-17T00:31:11.793Z,"Mix D guitar is too loud. Mix A and C sounds similar to me, the instruments too loud. Mix B and E my favorites since i prefer focusing with relaxing songs","Mix D guitar is too loud. Mix A and C sounds similar to me, the instruments too loud. Mix B and E my favorites since i prefer focusing with relaxing songs",137418,assets/audio/study-stimuli/main-study/group_01/song_b_id_like_to_know/pxl_s2.wav,0.0616230294108,14.7642059326,0.049424380064,0.0224525164813,0.5329997864789321,-1.1874673519330532,-0.7637519766505488,0.5510366380169074
10,P024,b21a8a5b-9dea-4dde-832f-f184fbe32e4f,five_mix_frontend_v1_2026-08-06,five_mix_netlify_forms_v1,five_mix_frontend_v1_2026-08-06,completed,group_01,group_01,2026-08-17 01:22:13.649,2026-08-17 01:48:07.423,2026-08-17 01:48:08.037,1554.0,6,5,30,6,True,6,P024__trial_02,2,FM-1,FM-1,1,lead_me,group_01_song_a_lead_me,2,Song A,A,1,mix_f1f7973e5bac,lead_me_du_d,mix_f1f7973e5bac,lead_me_du_d,True,8,True,True,2026-08-17T00:32:45.939Z,Mix B and A are not my type. Mix E echo is okay but i prefer other type. Mix D sounds interesting and mix C is my favorite. My ear likes the volumes,Mix B and A are not my type. Mix E echo is okay but i prefer other type. Mix D sounds interesting and mix C is my favorite. My ear likes the volumes,147628,assets/audio/study-stimuli/main-study/group_01/song_a_lead_me/du_d.wav,0.0625870004296,13.8143320084,0.117576912045,-0.0521329641342,0.7402857811167308,-1.548717422055362,0.3280479404435016,-1.017146833506479
10,P024,b21a8a5b-9dea-4dde-832f-f184fbe32e4f,five_mix_frontend_v1_2026-08-06,five_mix_netlify_forms_v1,five_mix_frontend_v1_2026-08-06,completed,group_01,group_01,2026-08-17 01:22:13.649,2026-08-17 01:48:07.423,2026-08-17 01:48:08.037,1554.0,6,5,30,6,True,7,P024__trial_02,2,FM-1,FM-1,1,lead_me,group_01_song_a_lead_me,2,Song A,B,2,mix_271852ba8676,lead_me_du_e,mix_271852ba8676,lead_me_du_e,True,3,True,True,2026-08-17T00:32:52.357Z,Mix B and A are not my type. Mix E echo is okay but i prefer other type. Mix D sounds interesting and mix C is my favorite. My ear likes the volumes,Mix B and A are not my type. Mix E echo is okay but i prefer other type. Mix D sounds interesting and mix C is my favorite. My ear likes the volumes,147628,assets/audio/study-stimuli/main-study/group_01/song_a_lead_me/du_e.wav,0.0543773770332,19.2538223267,0.0430038608611,0.0436125770211,-1.0250576971995913,0.5199952869185839,-0.8666083508697964,0.9959336464039888
10,P024,b21a8a5b-9dea-4dde-832f-f184fbe32e4f,five_mix_frontend_v1_2026-08-06,five_mix_netlify_forms_v1,five_mix_frontend_v1_2026-08-06,completed,group_01,group_01,2026-08-17 01:22:13.649,2026-08-17 01:48:07.423,2026-08-17 01:48:08.037,1554.0,6,5,30,6,True,8,P024__trial_02,2,FM-1,FM-1,1,lead_me,group_01_song_a_lead_me,2,Song A,C,3,mix_d3e3580b6e30,lead_me_mcg_pro2,mix_d3e3580b6e30,lead_me_mcg_pro2,True,94,True,True,2026-08-17T00:32:54.855Z,Mix B and A are not my type. Mix E echo is okay but i prefer other type. Mix D sounds interesting and mix C is my favorite. My ear likes the volumes,Mix B and A are not my type. Mix E echo is okay but i prefer other type. Mix D sounds interesting and mix C is my favorite. My ear likes the volumes,147628,assets/audio/study-stimuli/main-study/group_01/song_a_lead_me/mcg_pro2.wav,0.0730051249266,20.1463222504,0.0392760001123,-0.00143597240094,2.9805308263561203,0.8594252384169624,-0.9263284806752846,0.048773555233824
10,P024,b21a8a5b-9dea-4dde-832f-f184fbe32e4f,five_mix_frontend_v1_2026-08-06,five_mix_netlify_forms_v1,five_mix_frontend_v1_2026-08-06,completed,group_01,group_01,2026-08-17 01:22:13.649,2026-08-17 01:48:07.423,2026-08-17 01:48:08.037,1554.0,6,5,30,6,True,9,P024__trial_02,2,FM-1,FM-1,1,lead_me,group_01_song_a_lead_me,2,Song A,D,4,mix_c7d9a071ba25,lead_me_pxl_l4,mix_c7d9a071ba25,lead_me_pxl_l4,True,75,True,True,2026-08-17T00:33:10.468Z,Mix B and A are not my type. Mix E echo is okay but i prefer other type. Mix D sounds interesting and mix C is my favorite. My ear likes the volumes,Mix B and A are not my type. Mix E echo is okay but i prefer other type. Mix D sounds interesting and mix C is my favorite. My ear likes the volumes,147628,assets/audio/study-stimuli/main-study/group_01/song_a_lead_me/pxl_l4.wav,0.0588876381516,15.6746520996,0.149041607976,0.109930999577,-0.0552007785055364,-0.8412121981784734,0.8321106863211235,2.390299590706203
10,P024,b21a8a5b-9dea-4dde-832f-f184fbe32e4f,five_mix_frontend_v1_2026-08-06,five_mix_netlify_forms_v1,five_mix_frontend_v1_2026-08-06,completed,group_01,group_01,2026-08-17 01:22:13.649,2026-08-17 01:48:07.423,2026-08-17 01:48:08.037,1554.0,6,5,30,6,True,10,P024__trial_02,2,FM-1,FM-1,1,lead_me,group_01_song_a_lead_me,2,Song A,E,5,mix_d5b28dfc8a93,lead_me_pxl_l1,mix_d5b28dfc8a93,lead_me_pxl_l1,True,50,True,True,2026-08-17T00:33:12.409Z,Mix B and A are not my type. Mix E echo is okay but i prefer other type. Mix D sounds interesting and mix C is my favorite. My ear likes the volumes,Mix B and A are not my type. Mix E echo is okay but i prefer other type. Mix D sounds interesting and mix C is my favorite. My ear likes the volumes,147628,assets/audio/study-stimuli/main-study/group_01/song_a_lead_me/pxl_l1.wav,0.0591329820454,16.9195213318,0.0170932952315,-0.0129087874666,-0.0024436394808062,-0.3677713699084406,-1.2816942263900757,-0.1924460334762285
10,P024,b21a8a5b-9dea-4dde-832f-f184fbe32e4f,five_mix_frontend_v1_2026-08-06,five_mix_netlify_forms_v1,five_mix_frontend_v1_2026-08-06,completed,group_01,group_01,2026-08-17 01:22:13.649,2026-08-17 01:48:07.423,2026-08-17 01:48:08.037,1554.0,6,5,30,6,True,11,P024__trial_03,3,EDR-1,EDR-1,2,id_like_to_know,group_01_song_b_id_like_to_know,1,Song B,A,1,mix_65f41f41d3ab,id_like_to_know_pxl_s3,mix_65f41f41d3ab,id_like_to_know_pxl_s3,True,94,True,True,2026-08-17T00:35:14.543Z,"mix C and E instruments are noisier than vocals which i dont like, si I prefer mix A and mix D since they sound more balanced. Mix B instruments are still louder but not that much like mix C and E","mix C and E instruments are noisier than vocals which i dont like, si I prefer mix A and mix D since they sound more balanced. Mix B instruments are still louder but not that much like mix C and E",120953,assets/audio/study-stimuli/main-study/group_01/song_b_id_like_to_know/pxl_s3.wav,0.0606486909091,15.0860643387,0.0243665315211,-0.00842856336385,0.3234844364321996,-1.065060189455143,-1.1651773700507613,-0.0982478955990668
10,P024,b21a8a5b-9dea-4dde-832f-f184fbe32e4f,five_mix_frontend_v1_2026-08-06,five_mix_netlify_forms_v1,five_mix_frontend_v1_2026-08-06,completed,group_01,group_01,2026-08-17 01:22:13.649,2026-08-17 01:48:07.423,2026-08-17 01:48:08.037,1554.0,6,5,30,6,True,12,P024__trial_03,3,EDR-1,EDR-1,2,id_like_to_know,group_01_song_b_id_like_to_know,1,Song B,B,2,mix_6f8b655d7999,id_like_to_know_pxl_s2,mix_6f8b655d7999,id_like_to_know_pxl_s2,True,60,True,True,2026-08-17T00:35:23.811Z,"mix C and E instruments are noisier than vocals which i dont like, si I prefer mix A and mix D since they sound more balanced. Mix B instruments are still louder but not that much like mix C and E","mix C and E instruments are noisier than vocals which i dont like, si I prefer mix A and mix D since they sound more balanced. Mix B instruments are still louder but not that much like mix C and E",120953,assets/audio/study-stimuli/main-study/group_01/song_b_id_like_to_know/pxl_s2.wav,0.0616230294108,14.7642059326,0.049424380064,0.0224525164813,0.5329997864789321,-1.1874673519330532,-0.7637519766505488,0.5510366380169074
10,P024,b21a8a5b-9dea-4dde-832f-f184fbe32e4f,five_mix_frontend_v1_2026-08-06,five_mix_netlify_forms_v1,five_mix_frontend_v1_2026-08-06,completed,group_01,group_01,2026-08-17 01:22:13.649,2026-08-17 01:48:07.423,2026-08-17 01:48:08.037,1554.0,6,5,30,6,True,13,P024__trial_03,3,EDR-1,EDR-1,2,id_like_to_know,group_01_song_b_id_like_to_know,1,Song B,C,3,mix_82d60d7c7fc5,id_like_to_know_pxl_s5,mix_82d60d7c7fc5,id_like_to_know_pxl_s5,True,6,True,True,2026-08-17T00:35:27.753Z,"mix C and E instruments are noisier than vocals which i dont like, si I prefer mix A and mix D since they sound more balanced. Mix B instruments are still louder but not that much like mix C and E","mix C and E instruments are noisier than vocals which i dont like, si I prefer mix A and mix D since they sound more balanced. Mix B instruments are still louder but not that much like mix C and E",120953,assets/audio/study-stimuli/main-study/group_01/song_b_id_like_to_know/pxl_s5.wav,0.0574779175222,17.4848575592,0.146866813302,0.0736307501793,-0.3583378408524605,-0.1527662554529231,0.7972705919658362,1.6270752922517937
10,P024,b21a8a5b-9dea-4dde-832f-f184fbe32e4f,five_mix_frontend_v1_2026-08-06,five_mix_netlify_forms_v1,five_mix_frontend_v1_2026-08-06,completed,group_01,group_01,2026-08-17 01:22:13.649,2026-08-17 01:48:07.423,2026-08-17 01:48:08.037,1554.0,6,5,30,6,True,14,P024__trial_03,3,EDR-1,EDR-1,2,id_like_to_know,group_01_song_b_id_like_to_know,1,Song B,D,4,mix_b393d3919c78,id_like_to_know_pxl_s7,mix_b393d3919c78,id_like_to_know_pxl_s7,True,78,True,True,2026-08-17T00:35:36.738Z,"mix C and E instruments are noisier than vocals which i dont like, si I prefer mix A and mix D since they sound more balanced. Mix B instruments are still louder but not that much like mix C and E","mix C and E instruments are noisier than vocals which i dont like, si I prefer mix A and mix D since they sound more balanced. Mix B instruments are still louder but not that much like mix C and E",120953,assets/audio/study-stimuli/main-study/group_01/song_b_id_like_to_know/pxl_s7.wav,0.0551121532917,16.2593574524,0.0769432634115,-0.0537673681974,-0.867056238017743,-0.6188407399054331,-0.3229009373128245,-1.0515106991885117
10,P024,b21a8a5b-9dea-4dde-832f-f184fbe32e4f,five_mix_frontend_v1_2026-08-06,five_mix_netlify_forms_v1,five_mix_frontend_v1_2026-08-06,completed,group_01,group_01,2026-08-17 01:22:13.649,2026-08-17 01:48:07.423,2026-08-17 01:48:08.037,1554.0,6,5,30,6,True,15,P024__trial_03,3,EDR-1,EDR-1,2,id_like_to_know,group_01_song_b_id_like_to_know,1,Song B,E,5,mix_9ffcd672af17,id_like_to_know_pxl_s1,mix_9ffcd672af17,id_like_to_know_pxl_s1,True,13,True,True,2026-08-17T00:35:39.933Z,"mix C and E instruments are noisier than vocals which i dont like, si I prefer mix A and mix D since they sound more balanced. Mix B instruments are still louder but not that much like mix C and E","mix C and E instruments are noisier than vocals which i dont like, si I prefer mix A and mix D since they sound more balanced. Mix B instruments are still louder but not that much like mix C and E",120953,assets/audio/study-stimuli/main-study/group_01/song_b_id_like_to_know/pxl_s1.wav,0.0565126091242,16.3633155823,0.0668171644211,0.0607972890139,-0.5659114167269081,-0.579304038497624,-0.4851205015292653,1.357247686182373
10,P024,b21a8a5b-9dea-4dde-832f-f184fbe32e4f,five_mix_frontend_v1_2026-08-06,five_mix_netlify_forms_v1,five_mix_frontend_v1_2026-08-06,completed,group_01,group_01,2026-08-17 01:22:13.649,2026-08-17 01:48:07.423,2026-08-17 01:48:08.037,1554.0,6,5,30,6,True,16,P024__trial_04,4,EDR-1,EDR-1,2,lead_me,group_01_song_a_lead_me,2,Song A,A,1,mix_d3e3580b6e30,lead_me_mcg_pro2,mix_d3e3580b6e30,lead_me_mcg_pro2,True,92,True,True,2026-08-17T00:37:15.253Z,Mix D voice is way too loud. Mix B echo is not my favorite. Mix E is just okay. Mix C is good but too bright for me. Mix A sounds better for me,Mix D voice is way too loud. Mix B echo is not my favorite. Mix E is just okay. Mix C is good but too bright for me. Mix A sounds better for me,101187,assets/audio/study-stimuli/main-study/group_01/song_a_lead_me/mcg_pro2.wav,0.0730051249266,20.1463222504,0.0392760001123,-0.00143597240094,2.9805308263561203,0.8594252384169624,-0.9263284806752846,0.048773555233824
10,P024,b21a8a5b-9dea-4dde-832f-f184fbe32e4f,five_mix_frontend_v1_2026-08-06,five_mix_netlify_forms_v1,five_mix_frontend_v1_2026-08-06,completed,group_01,group_01,2026-08-17 01:22:13.649,2026-08-17 01:48:07.423,2026-08-17 01:48:08.037,1554.0,6,5,30,6,True,17,P024__trial_04,4,EDR-1,EDR-1,2,lead_me,group_01_song_a_lead_me,2,Song A,B,2,mix_f1f7973e5bac,lead_me_du_d,mix_f1f7973e5bac,lead_me_du_d,True,7,True,True,2026-08-17T00:37:24.791Z,Mix D voice is way too loud. Mix B echo is not my favorite. Mix E is just okay. Mix C is good but too bright for me. Mix A sounds better for me,Mix D voice is way too loud. Mix B echo is not my favorite. Mix E is just okay. Mix C is good but too bright for me. Mix A sounds better for me,101187,assets/audio/study-stimuli/main-study/group_01/song_a_lead_me/du_d.wav,0.0625870004296,13.8143320084,0.117576912045,-0.0521329641342,0.7402857811167308,-1.548717422055362,0.3280479404435016,-1.017146833506479
10,P024,b21a8a5b-9dea-4dde-832f-f184fbe32e4f,five_mix_frontend_v1_2026-08-06,five_mix_netlify_forms_v1,five_mix_frontend_v1_2026-08-06,completed,group_01,group_01,2026-08-17 01:22:13.649,2026-08-17 01:48:07.423,2026-08-17 01:48:08.037,1554.0,6,5,30,6,True,18,P024__trial_04,4,EDR-1,EDR-1,2,lead_me,group_01_song_a_lead_me,2,Song A,C,3,mix_d5b28dfc8a93,lead_me_pxl_l1,mix_d5b28dfc8a93,lead_me_pxl_l1,True,72,True,True,2026-08-17T00:37:28.532Z,Mix D voice is way too loud. Mix B echo is not my favorite. Mix E is just okay. Mix C is good but too bright for me. Mix A sounds better for me,Mix D voice is way too loud. Mix B echo is not my favorite. Mix E is just okay. Mix C is good but too bright for me. Mix A sounds better for me,101187,assets/audio/study-stimuli/main-study/group_01/song_a_lead_me/pxl_l1.wav,0.0591329820454,16.9195213318,0.0170932952315,-0.0129087874666,-0.0024436394808062,-0.3677713699084406,-1.2816942263900757,-0.1924460334762285
10,P024,b21a8a5b-9dea-4dde-832f-f184fbe32e4f,five_mix_frontend_v1_2026-08-06,five_mix_netlify_forms_v1,five_mix_frontend_v1_2026-08-06,completed,group_01,group_01,2026-08-17 01:22:13.649,2026-08-17 01:48:07.423,2026-08-17 01:48:08.037,1554.0,6,5,30,6,True,19,P024__trial_04,4,EDR-1,EDR-1,2,lead_me,group_01_song_a_lead_me,2,Song A,D,4,mix_271852ba8676,lead_me_du_e,mix_271852ba8676,lead_me_du_e,True,0,True,True,2026-08-17T00:37:32.153Z,Mix D voice is way too loud. Mix B echo is not my favorite. Mix E is just okay. Mix C is good but too bright for me. Mix A sounds better for me,Mix D voice is way too loud. Mix B echo is not my favorite. Mix E is just okay. Mix C is good but too bright for me. Mix A sounds better for me,101187,assets/audio/study-stimuli/main-study/group_01/song_a_lead_me/du_e.wav,0.0543773770332,19.2538223267,0.0430038608611,0.0436125770211,-1.0250576971995913,0.5199952869185839,-0.8666083508697964,0.9959336464039888
10,P024,b21a8a5b-9dea-4dde-832f-f184fbe32e4f,five_mix_frontend_v1_2026-08-06,five_mix_netlify_forms_v1,five_mix_frontend_v1_2026-08-06,completed,group_01,group_01,2026-08-17 01:22:13.649,2026-08-17 01:48:07.423,2026-08-17 01:48:08.037,1554.0,6,5,30,6,True,20,P024__trial_04,4,EDR-1,EDR-1,2,lead_me,group_01_song_a_lead_me,2,Song A,E,5,mix_c7d9a071ba25,lead_me_pxl_l4,mix_c7d9a071ba25,lead_me_pxl_l4,True,35,True,True,2026-08-17T00:37:18.411Z,Mix D voice is way too loud. Mix B echo is not my favorite. Mix E is just okay. Mix C is good but too bright for me. Mix A sounds better for me,Mix D voice is way too loud. Mix B echo is not my favorite. Mix E is just okay. Mix C is good but too bright for me. Mix A sounds better for me,101187,assets/audio/study-stimuli/main-study/group_01/song_a_lead_me/pxl_l4.wav,0.0588876381516,15.6746520996,0.149041607976,0.109930999577,-0.0552007785055364,-0.8412121981784734,0.8321106863211235,2.390299590706203
10,P024,b21a8a5b-9dea-4dde-832f-f184fbe32e4f,five_mix_frontend_v1_2026-08-06,five_mix_netlify_forms_v1,five_mix_frontend_v1_2026-08-06,completed,group_01,group_01,2026-08-17 01:22:13.649,2026-08-17 01:48:07.423,2026-08-17 01:48:08.037,1554.0,6,5,30,6,True,21,P024__trial_05,5,EDR-2,EDR-2,3,id_like_to_know,group_01_song_b_id_like_to_know,1,Song B,A,1,mix_65f41f41d3ab,id_like_to_know_pxl_s3,mix_65f41f41d3ab,id_like_to_know_pxl_s3,True,100,True,True,2026-08-17T00:39:42.124Z,"Mix E is okay but instruments doesnt relax me. Mix D instruments are relaxing. Mix A much better, I like the music. Mix B balance also good but Mix A is better. Mix C doesn't relax me at all","Mix E is okay but instruments doesnt relax me. Mix D instruments are relaxing. Mix A much better, I like the music. Mix B balance also good but Mix A is better. Mix C doesn't relax me at all",110958,assets/audio/study-stimuli/main-study/group_01/song_b_id_like_to_know/pxl_s3.wav,0.0606486909091,15.0860643387,0.0243665315211,-0.00842856336385,0.3234844364321996,-1.065060189455143,-1.1651773700507613,-0.0982478955990668
10,P024,b21a8a5b-9dea-4dde-832f-f184fbe32e4f,five_mix_frontend_v1_2026-08-06,five_mix_netlify_forms_v1,five_mix_frontend_v1_2026-08-06,completed,group_01,group_01,2026-08-17 01:22:13.649,2026-08-17 01:48:07.423,2026-08-17 01:48:08.037,1554.0,6,5,30,6,True,22,P024__trial_05,5,EDR-2,EDR-2,3,id_like_to_know,group_01_song_b_id_like_to_know,1,Song B,B,2,mix_6f8b655d7999,id_like_to_know_pxl_s2,mix_6f8b655d7999,id_like_to_know_pxl_s2,True,87,True,True,2026-08-17T00:40:01.352Z,"Mix E is okay but instruments doesnt relax me. Mix D instruments are relaxing. Mix A much better, I like the music. Mix B balance also good but Mix A is better. Mix C doesn't relax me at all","Mix E is okay but instruments doesnt relax me. Mix D instruments are relaxing. Mix A much better, I like the music. Mix B balance also good but Mix A is better. Mix C doesn't relax me at all",110958,assets/audio/study-stimuli/main-study/group_01/song_b_id_like_to_know/pxl_s2.wav,0.0616230294108,14.7642059326,0.049424380064,0.0224525164813,0.5329997864789321,-1.1874673519330532,-0.7637519766505488,0.5510366380169074
10,P024,b21a8a5b-9dea-4dde-832f-f184fbe32e4f,five_mix_frontend_v1_2026-08-06,five_mix_netlify_forms_v1,five_mix_frontend_v1_2026-08-06,completed,group_01,group_01,2026-08-17 01:22:13.649,2026-08-17 01:48:07.423,2026-08-17 01:48:08.037,1554.0,6,5,30,6,True,23,P024__trial_05,5,EDR-2,EDR-2,3,id_like_to_know,group_01_song_b_id_like_to_know,1,Song B,C,3,mix_9ffcd672af17,id_like_to_know_pxl_s1,mix_9ffcd672af17,id_like_to_know_pxl_s1,True,0,True,True,2026-08-17T00:40:27.530Z,"Mix E is okay but instruments doesnt relax me. Mix D instruments are relaxing. Mix A much better, I like the music. Mix B balance also good but Mix A is better. Mix C doesn't relax me at all","Mix E is okay but instruments doesnt relax me. Mix D instruments are relaxing. Mix A much better, I like the music. Mix B balance also good but Mix A is better. Mix C doesn't relax me at all",110958,assets/audio/study-stimuli/main-study/group_01/song_b_id_like_to_know/pxl_s1.wav,0.0565126091242,16.3633155823,0.0668171644211,0.0607972890139,-0.5659114167269081,-0.579304038497624,-0.4851205015292653,1.357247686182373
10,P024,b21a8a5b-9dea-4dde-832f-f184fbe32e4f,five_mix_frontend_v1_2026-08-06,five_mix_netlify_forms_v1,five_mix_frontend_v1_2026-08-06,completed,group_01,group_01,2026-08-17 01:22:13.649,2026-08-17 01:48:07.423,2026-08-17 01:48:08.037,1554.0,6,5,30,6,True,24,P024__trial_05,5,EDR-2,EDR-2,3,id_like_to_know,group_01_song_b_id_like_to_know,1,Song B,D,4,mix_82d60d7c7fc5,id_like_to_know_pxl_s5,mix_82d60d7c7fc5,id_like_to_know_pxl_s5,True,63,True,True,2026-08-17T00:39:29.442Z,"Mix E is okay but instruments doesnt relax me. Mix D instruments are relaxing. Mix A much better, I like the music. Mix B balance also good but Mix A is better. Mix C doesn't relax me at all","Mix E is okay but instruments doesnt relax me. Mix D instruments are relaxing. Mix A much better, I like the music. Mix B balance also good but Mix A is better. Mix C doesn't relax me at all",110958,assets/audio/study-stimuli/main-study/group_01/song_b_id_like_to_know/pxl_s5.wav,0.0574779175222,17.4848575592,0.146866813302,0.0736307501793,-0.3583378408524605,-0.1527662554529231,0.7972705919658362,1.6270752922517937
10,P024,b21a8a5b-9dea-4dde-832f-f184fbe32e4f,five_mix_frontend_v1_2026-08-06,five_mix_netlify_forms_v1,five_mix_frontend_v1_2026-08-06,completed,group_01,group_01,2026-08-17 01:22:13.649,2026-08-17 01:48:07.423,2026-08-17 01:48:08.037,1554.0,6,5,30,6,True,25,P024__trial_05,5,EDR-2,EDR-2,3,id_like_to_know,group_01_song_b_id_like_to_know,1,Song B,E,5,mix_b393d3919c78,id_like_to_know_pxl_s7,mix_b393d3919c78,id_like_to_know_pxl_s7,True,15,True,True,2026-08-17T00:38:59.170Z,"Mix E is okay but instruments doesnt relax me. Mix D instruments are relaxing. Mix A much better, I like the music. Mix B balance also good but Mix A is better. Mix C doesn't relax me at all","Mix E is okay but instruments doesnt relax me. Mix D instruments are relaxing. Mix A much better, I like the music. Mix B balance also good but Mix A is better. Mix C doesn't relax me at all",110958,assets/audio/study-stimuli/main-study/group_01/song_b_id_like_to_know/pxl_s7.wav,0.0551121532917,16.2593574524,0.0769432634115,-0.0537673681974,-0.867056238017743,-0.6188407399054331,-0.3229009373128245,-1.0515106991885117
10,P024,b21a8a5b-9dea-4dde-832f-f184fbe32e4f,five_mix_frontend_v1_2026-08-06,five_mix_netlify_forms_v1,five_mix_frontend_v1_2026-08-06,completed,group_01,group_01,2026-08-17 01:22:13.649,2026-08-17 01:48:07.423,2026-08-17 01:48:08.037,1554.0,6,5,30,6,True,26,P024__trial_06,6,EDR-2,EDR-2,3,lead_me,group_01_song_a_lead_me,2,Song A,A,1,mix_d3e3580b6e30,lead_me_mcg_pro2,mix_d3e3580b6e30,lead_me_mcg_pro2,True,100,True,True,2026-08-17T00:40:47.898Z,"Mix A makes me more calm than others. MIx B,D,E very similar...Mix C voice is very loud","Mix A makes me more calm than others. MIx B,D,E very similar...Mix C voice is very loud",409300,assets/audio/study-stimuli/main-study/group_01/song_a_lead_me/mcg_pro2.wav,0.0730051249266,20.1463222504,0.0392760001123,-0.00143597240094,2.9805308263561203,0.8594252384169624,-0.9263284806752846,0.048773555233824
10,P024,b21a8a5b-9dea-4dde-832f-f184fbe32e4f,five_mix_frontend_v1_2026-08-06,five_mix_netlify_forms_v1,five_mix_frontend_v1_2026-08-06,completed,group_01,group_01,2026-08-17 01:22:13.649,2026-08-17 01:48:07.423,2026-08-17 01:48:08.037,1554.0,6,5,30,6,True,27,P024__trial_06,6,EDR-2,EDR-2,3,lead_me,group_01_song_a_lead_me,2,Song A,B,2,mix_c7d9a071ba25,lead_me_pxl_l4,mix_c7d9a071ba25,lead_me_pxl_l4,True,66,True,True,2026-08-17T00:46:08.288Z,"Mix A makes me more calm than others. MIx B,D,E very similar...Mix C voice is very loud","Mix A makes me more calm than others. MIx B,D,E very similar...Mix C voice is very loud",409300,assets/audio/study-stimuli/main-study/group_01/song_a_lead_me/pxl_l4.wav,0.0588876381516,15.6746520996,0.149041607976,0.109930999577,-0.0552007785055364,-0.8412121981784734,0.8321106863211235,2.390299590706203
10,P024,b21a8a5b-9dea-4dde-832f-f184fbe32e4f,five_mix_frontend_v1_2026-08-06,five_mix_netlify_forms_v1,five_mix_frontend_v1_2026-08-06,completed,group_01,group_01,2026-08-17 01:22:13.649,2026-08-17 01:48:07.423,2026-08-17 01:48:08.037,1554.0,6,5,30,6,True,28,P024__trial_06,6,EDR-2,EDR-2,3,lead_me,group_01_song_a_lead_me,2,Song A,C,3,mix_271852ba8676,lead_me_du_e,mix_271852ba8676,lead_me_du_e,True,0,True,True,2026-08-17T00:46:10.975Z,"Mix A makes me more calm than others. MIx B,D,E very similar...Mix C voice is very loud","Mix A makes me more calm than others. MIx B,D,E very similar...Mix C voice is very loud",409300,assets/audio/study-stimuli/main-study/group_01/song_a_lead_me/du_e.wav,0.0543773770332,19.2538223267,0.0430038608611,0.0436125770211,-1.0250576971995913,0.5199952869185839,-0.8666083508697964,0.9959336464039888
10,P024,b21a8a5b-9dea-4dde-832f-f184fbe32e4f,five_mix_frontend_v1_2026-08-06,five_mix_netlify_forms_v1,five_mix_frontend_v1_2026-08-06,completed,group_01,group_01,2026-08-17 01:22:13.649,2026-08-17 01:48:07.423,2026-08-17 01:48:08.037,1554.0,6,5,30,6,True,29,P024__trial_06,6,EDR-2,EDR-2,3,lead_me,group_01_song_a_lead_me,2,Song A,D,4,mix_f1f7973e5bac,lead_me_du_d,mix_f1f7973e5bac,lead_me_du_d,True,86,True,True,2026-08-17T00:46:13.755Z,"Mix A makes me more calm than others. MIx B,D,E very similar...Mix C voice is very loud","Mix A makes me more calm than others. MIx B,D,E very similar...Mix C voice is very loud",409300,assets/audio/study-stimuli/main-study/group_01/song_a_lead_me/du_d.wav,0.0625870004296,13.8143320084,0.117576912045,-0.0521329641342,0.7402857811167308,-1.548717422055362,0.3280479404435016,-1.017146833506479
10,P024,b21a8a5b-9dea-4dde-832f-f184fbe32e4f,five_mix_frontend_v1_2026-08-06,five_mix_netlify_forms_v1,five_mix_frontend_v1_2026-08-06,completed,group_01,group_01,2026-08-17 01:22:13.649,2026-08-17 01:48:07.423,2026-08-17 01:48:08.037,1554.0,6,5,30,6,True,30,P024__trial_06,6,EDR-2,EDR-2,3,lead_me,group_01_song_a_lead_me,2,Song A,E,5,mix_d5b28dfc8a93,lead_me_pxl_l1,mix_d5b28dfc8a93,lead_me_pxl_l1,True,75,True,True,2026-08-17T00:46:21.630Z,"Mix A makes me more calm than others. MIx B,D,E very similar...Mix C voice is very loud","Mix A makes me more calm than others. MIx B,D,E very similar...Mix C voice is very loud",409300,assets/audio/study-stimuli/main-study/group_01/song_a_lead_me/pxl_l1.wav,0.0591329820454,16.9195213318,0.0170932952315,-0.0129087874666,-0.0024436394808062,-0.3677713699084406,-1.2816942263900757,-0.1924460334762285
11,P023,8db44dd4-4485-4ca6-8392-f6ecb37c16bc,five_mix_frontend_v1_2026-08-06,five_mix_netlify_forms_v1,five_mix_frontend_v1_2026-08-06,completed,group_02,group_02,2026-08-17 00:56:10.403,2026-08-17 01:17:48.731,2026-08-17 01:17:49.376,1298.0,6,5,30,6,True,1,P023__trial_01,1,FM-1,FM-1,1,pouring_room,group_02_song_b_pouring_room,1,Song B,A,1,mix_be2ccd4c43ff,pouring_room_mcg_t,mix_be2ccd4c43ff,pouring_room_mcg_t,True,39,True,True,2026-08-17T00:03:55.376Z,"Mix A instruments makes less focus than B, Mix C is my style. I don't find pleasant Mix D and Mix E is also good, sound is pleasant","Mix A instruments makes less focus than B, Mix C is my style. I don't find pleasant Mix D and Mix E is also good, sound is pleasant",363468,assets/audio/study-stimuli/main-study/group_02/song_b_pouring_room/mcg_t.wav,0.0587656274438,20.841550827,0.217380493879,-0.0455747283995,-0.0814371595061495,1.1238301932737935,1.926895983278192,-0.8792578396079359
11,P023,8db44dd4-4485-4ca6-8392-f6ecb37c16bc,five_mix_frontend_v1_2026-08-06,five_mix_netlify_forms_v1,five_mix_frontend_v1_2026-08-06,completed,group_02,group_02,2026-08-17 00:56:10.403,2026-08-17 01:17:48.731,2026-08-17 01:17:49.376,1298.0,6,5,30,6,True,2,P023__trial_01,1,FM-1,FM-1,1,pouring_room,group_02_song_b_pouring_room,1,Song B,B,2,mix_0ba76f420c1d,pouring_room_mcg_r,mix_0ba76f420c1d,pouring_room_mcg_r,True,83,True,True,2026-08-17T00:04:58.477Z,"Mix A instruments makes less focus than B, Mix C is my style. I don't find pleasant Mix D and Mix E is also good, sound is pleasant","Mix A instruments makes less focus than B, Mix C is my style. I don't find pleasant Mix D and Mix E is also good, sound is pleasant",363468,assets/audio/study-stimuli/main-study/group_02/song_b_pouring_room/mcg_r.wav,0.060190629214,16.5152053833,0.14739459753,-0.0638295859098,0.2249858589620197,-0.521538265731174,0.8057256670690561,-1.2630720295337683
11,P023,8db44dd4-4485-4ca6-8392-f6ecb37c16bc,five_mix_frontend_v1_2026-08-06,five_mix_netlify_forms_v1,five_mix_frontend_v1_2026-08-06,completed,group_02,group_02,2026-08-17 00:56:10.403,2026-08-17 01:17:48.731,2026-08-17 01:17:49.376,1298.0,6,5,30,6,True,3,P023__trial_01,1,FM-1,FM-1,1,pouring_room,group_02_song_b_pouring_room,1,Song B,C,3,mix_cbf8555ee2b2,pouring_room_mcg_x,mix_cbf8555ee2b2,pouring_room_mcg_x,True,100,True,True,2026-08-17T00:05:12.416Z,"Mix A instruments makes less focus than B, Mix C is my style. I don't find pleasant Mix D and Mix E is also good, sound is pleasant","Mix A instruments makes less focus than B, Mix C is my style. I don't find pleasant Mix D and Mix E is also good, sound is pleasant",363468,assets/audio/study-stimuli/main-study/group_02/song_b_pouring_room/mcg_x.wav,0.0612343810499,19.9389343262,0.147577553988,-0.0265915170312,0.4494273963527286,0.780552768870155,0.8086566197405122,-0.4801297779726206
11,P023,8db44dd4-4485-4ca6-8392-f6ecb37c16bc,five_mix_frontend_v1_2026-08-06,five_mix_netlify_forms_v1,five_mix_frontend_v1_2026-08-06,completed,group_02,group_02,2026-08-17 00:56:10.403,2026-08-17 01:17:48.731,2026-08-17 01:17:49.376,1298.0,6,5,30,6,True,4,P023__trial_01,1,FM-1,FM-1,1,pouring_room,group_02_song_b_pouring_room,1,Song B,D,4,mix_e08faaf8bbb3,pouring_room_mcg_v,mix_e08faaf8bbb3,pouring_room_mcg_v,True,13,True,True,2026-08-17T00:05:30.714Z,"Mix A instruments makes less focus than B, Mix C is my style. I don't find pleasant Mix D and Mix E is also good, sound is pleasant","Mix A instruments makes less focus than B, Mix C is my style. I don't find pleasant Mix D and Mix E is also good, sound is pleasant",363468,assets/audio/study-stimuli/main-study/group_02/song_b_pouring_room/mcg_v.wav,0.0600788630545,20.8109931946,0.0795278027654,-0.0483895651996,0.2009523983216312,1.112208706920678,-0.2814967551013548,-0.938440679331238
11,P023,8db44dd4-4485-4ca6-8392-f6ecb37c16bc,five_mix_frontend_v1_2026-08-06,five_mix_netlify_forms_v1,five_mix_frontend_v1_2026-08-06,completed,group_02,group_02,2026-08-17 00:56:10.403,2026-08-17 01:17:48.731,2026-08-17 01:17:49.376,1298.0,6,5,30,6,True,5,P023__trial_01,1,FM-1,FM-1,1,pouring_room,group_02_song_b_pouring_room,1,Song B,E,5,mix_132e75f34470,pouring_room_mcg_pro1,mix_132e75f34470,pouring_room_mcg_pro1,True,74,True,True,2026-08-17T00:05:50.702Z,"Mix A instruments makes less focus than B, Mix C is my style. I don't find pleasant Mix D and Mix E is also good, sound is pleasant","Mix A instruments makes less focus than B, Mix C is my style. I don't find pleasant Mix D and Mix E is also good, sound is pleasant",363468,assets/audio/study-stimuli/main-study/group_02/song_b_pouring_room/mcg_pro1.wav,0.0646217316389,18.2459716797,0.0750391855836,-0.0488145165145,1.177821012274786,0.1366958746221527,-0.3534041622732912,-0.9473754159948484
11,P023,8db44dd4-4485-4ca6-8392-f6ecb37c16bc,five_mix_frontend_v1_2026-08-06,five_mix_netlify_forms_v1,five_mix_frontend_v1_2026-08-06,completed,group_02,group_02,2026-08-17 00:56:10.403,2026-08-17 01:17:48.731,2026-08-17 01:17:49.376,1298.0,6,5,30,6,True,6,P023__trial_02,2,FM-1,FM-1,1,in_the_meantime,group_02_song_a_in_the_meantime,2,Song A,A,1,mix_56e65a3ce054,in_the_meantime_du_k,mix_56e65a3ce054,in_the_meantime_du_k,True,7,True,True,2026-08-17T00:06:38.750Z,"Mix A music is weird and Mix E is too loud I cannot focus. Mix B sounds weird to me and Mix C drums are loud but i can focus, and Mix D is okay, sounds normal compared to the others, my favorite","Mix A music is weird and Mix E is too loud I cannot focus. Mix B sounds weird to me and Mix C drums are loud but i can focus, and Mix D is okay, sounds normal compared to the others, my favorite",118008,assets/audio/study-stimuli/main-study/group_02/song_a_in_the_meantime/du_k.wav,0.0539390221238,22.5979270935,0.15773075819,0.0170408543199,-1.1193186569455127,1.7918041562064675,0.9713104079970216,0.4372547184671072
11,P023,8db44dd4-4485-4ca6-8392-f6ecb37c16bc,five_mix_frontend_v1_2026-08-06,five_mix_netlify_forms_v1,five_mix_frontend_v1_2026-08-06,completed,group_02,group_02,2026-08-17 00:56:10.403,2026-08-17 01:17:48.731,2026-08-17 01:17:49.376,1298.0,6,5,30,6,True,7,P023__trial_02,2,FM-1,FM-1,1,in_the_meantime,group_02_song_a_in_the_meantime,2,Song A,B,2,mix_c7bdcba64775,in_the_meantime_qut_b,mix_c7bdcba64775,in_the_meantime_qut_b,True,17,True,True,2026-08-17T00:07:12.312Z,"Mix A music is weird and Mix E is too loud I cannot focus. Mix B sounds weird to me and Mix C drums are loud but i can focus, and Mix D is okay, sounds normal compared to the others, my favorite","Mix A music is weird and Mix E is too loud I cannot focus. Mix B sounds weird to me and Mix C drums are loud but i can focus, and Mix D is okay, sounds normal compared to the others, my favorite",118008,assets/audio/study-stimuli/main-study/group_02/song_a_in_the_meantime/qut_b.wav,0.0560294315219,17.366355896,0.000543582602404,0.000562923552934,-0.6698107538710293,-0.1978340618743536,-1.5468197375217057,0.0908009789400507
11,P023,8db44dd4-4485-4ca6-8392-f6ecb37c16bc,five_mix_frontend_v1_2026-08-06,five_mix_netlify_forms_v1,five_mix_frontend_v1_2026-08-06,completed,group_02,group_02,2026-08-17 00:56:10.403,2026-08-17 01:17:48.731,2026-08-17 01:17:49.376,1298.0,6,5,30,6,True,8,P023__trial_02,2,FM-1,FM-1,1,in_the_meantime,group_02_song_a_in_the_meantime,2,Song A,C,3,mix_9baa86357fd4,in_the_meantime_du_i,mix_9baa86357fd4,in_the_meantime_du_i,True,75,True,True,2026-08-17T00:07:14.409Z,"Mix A music is weird and Mix E is too loud I cannot focus. Mix B sounds weird to me and Mix C drums are loud but i can focus, and Mix D is okay, sounds normal compared to the others, my favorite","Mix A music is weird and Mix E is too loud I cannot focus. Mix B sounds weird to me and Mix C drums are loud but i can focus, and Mix D is okay, sounds normal compared to the others, my favorite",118008,assets/audio/study-stimuli/main-study/group_02/song_a_in_the_meantime/du_i.wav,0.0503131300211,22.9316368103,0.130904406309,-0.0380811542273,-1.8990066727669184,1.9187185345499165,0.5415536857115313,-0.721703057329889
11,P023,8db44dd4-4485-4ca6-8392-f6ecb37c16bc,five_mix_frontend_v1_2026-08-06,five_mix_netlify_forms_v1,five_mix_frontend_v1_2026-08-06,completed,group_02,group_02,2026-08-17 00:56:10.403,2026-08-17 01:17:48.731,2026-08-17 01:17:49.376,1298.0,6,5,30,6,True,9,P023__trial_02,2,FM-1,FM-1,1,in_the_meantime,group_02_song_a_in_the_meantime,2,Song A,D,4,mix_302f0efe8a80,in_the_meantime_du_h,mix_302f0efe8a80,in_the_meantime_du_h,True,95,True,True,2026-08-17T00:08:18.092Z,"Mix A music is weird and Mix E is too loud I cannot focus. Mix B sounds weird to me and Mix C drums are loud but i can focus, and Mix D is okay, sounds normal compared to the others, my favorite","Mix A music is weird and Mix E is too loud I cannot focus. Mix B sounds weird to me and Mix C drums are loud but i can focus, and Mix D is okay, sounds normal compared to the others, my favorite",118008,assets/audio/study-stimuli/main-study/group_02/song_a_in_the_meantime/du_h.wav,0.0623472034931,18.601518631,0.0428314469755,0.0354086197913,0.6887214233465396,0.2719152524959843,-0.8693704120952901,0.8234428342152216
11,P023,8db44dd4-4485-4ca6-8392-f6ecb37c16bc,five_mix_frontend_v1_2026-08-06,five_mix_netlify_forms_v1,five_mix_frontend_v1_2026-08-06,completed,group_02,group_02,2026-08-17 00:56:10.403,2026-08-17 01:17:48.731,2026-08-17 01:17:49.376,1298.0,6,5,30,6,True,10,P023__trial_02,2,FM-1,FM-1,1,in_the_meantime,group_02_song_a_in_the_meantime,2,Song A,E,5,mix_cdaef40f2b94,in_the_meantime_qut_pro,mix_cdaef40f2b94,in_the_meantime_qut_pro,True,25,True,True,2026-08-17T00:06:47.947Z,"Mix A music is weird and Mix E is too loud I cannot focus. Mix B sounds weird to me and Mix C drums are loud but i can focus, and Mix D is okay, sounds normal compared to the others, my favorite","Mix A music is weird and Mix E is too loud I cannot focus. Mix B sounds weird to me and Mix C drums are loud but i can focus, and Mix D is okay, sounds normal compared to the others, my favorite",118008,assets/audio/study-stimuli/main-study/group_02/song_a_in_the_meantime/qut_pro.wav,0.0560023784637,14.1143035889,0.212649226189,-0.0385963246226,-0.6756280657690176,-1.4346341192827423,1.8511013279434223,-0.7325346788768815
11,P023,8db44dd4-4485-4ca6-8392-f6ecb37c16bc,five_mix_frontend_v1_2026-08-06,five_mix_netlify_forms_v1,five_mix_frontend_v1_2026-08-06,completed,group_02,group_02,2026-08-17 00:56:10.403,2026-08-17 01:17:48.731,2026-08-17 01:17:49.376,1298.0,6,5,30,6,True,11,P023__trial_03,3,EDR-1,EDR-1,2,in_the_meantime,group_02_song_a_in_the_meantime,1,Song A,A,1,mix_c7bdcba64775,in_the_meantime_qut_b,mix_c7bdcba64775,in_the_meantime_qut_b,True,87,True,True,2026-08-17T00:08:47.402Z,"I like Mix A and Mix B styles. Mix C is not my type, the same as Mix D. Mix E sounds like live music, I like it","I like Mix A and Mix B styles. Mix C is not my type, the same as Mix D. Mix E sounds like live music, I like it",109020,assets/audio/study-stimuli/main-study/group_02/song_a_in_the_meantime/qut_b.wav,0.0560294315219,17.366355896,0.000543582602404,0.000562923552934,-0.6698107538710293,-0.1978340618743536,-1.5468197375217057,0.0908009789400507
11,P023,8db44dd4-4485-4ca6-8392-f6ecb37c16bc,five_mix_frontend_v1_2026-08-06,five_mix_netlify_forms_v1,five_mix_frontend_v1_2026-08-06,completed,group_02,group_02,2026-08-17 00:56:10.403,2026-08-17 01:17:48.731,2026-08-17 01:17:49.376,1298.0,6,5,30,6,True,12,P023__trial_03,3,EDR-1,EDR-1,2,in_the_meantime,group_02_song_a_in_the_meantime,1,Song A,B,2,mix_302f0efe8a80,in_the_meantime_du_h,mix_302f0efe8a80,in_the_meantime_du_h,True,79,True,True,2026-08-17T00:09:07.347Z,"I like Mix A and Mix B styles. Mix C is not my type, the same as Mix D. Mix E sounds like live music, I like it","I like Mix A and Mix B styles. Mix C is not my type, the same as Mix D. Mix E sounds like live music, I like it",109020,assets/audio/study-stimuli/main-study/group_02/song_a_in_the_meantime/du_h.wav,0.0623472034931,18.601518631,0.0428314469755,0.0354086197913,0.6887214233465396,0.2719152524959843,-0.8693704120952901,0.8234428342152216
11,P023,8db44dd4-4485-4ca6-8392-f6ecb37c16bc,five_mix_frontend_v1_2026-08-06,five_mix_netlify_forms_v1,five_mix_frontend_v1_2026-08-06,completed,group_02,group_02,2026-08-17 00:56:10.403,2026-08-17 01:17:48.731,2026-08-17 01:17:49.376,1298.0,6,5,30,6,True,13,P023__trial_03,3,EDR-1,EDR-1,2,in_the_meantime,group_02_song_a_in_the_meantime,1,Song A,C,3,mix_56e65a3ce054,in_the_meantime_du_k,mix_56e65a3ce054,in_the_meantime_du_k,True,5,True,True,2026-08-17T00:09:23.441Z,"I like Mix A and Mix B styles. Mix C is not my type, the same as Mix D. Mix E sounds like live music, I like it","I like Mix A and Mix B styles. Mix C is not my type, the same as Mix D. Mix E sounds like live music, I like it",109020,assets/audio/study-stimuli/main-study/group_02/song_a_in_the_meantime/du_k.wav,0.0539390221238,22.5979270935,0.15773075819,0.0170408543199,-1.1193186569455127,1.7918041562064675,0.9713104079970216,0.4372547184671072
11,P023,8db44dd4-4485-4ca6-8392-f6ecb37c16bc,five_mix_frontend_v1_2026-08-06,five_mix_netlify_forms_v1,five_mix_frontend_v1_2026-08-06,completed,group_02,group_02,2026-08-17 00:56:10.403,2026-08-17 01:17:48.731,2026-08-17 01:17:49.376,1298.0,6,5,30,6,True,14,P023__trial_03,3,EDR-1,EDR-1,2,in_the_meantime,group_02_song_a_in_the_meantime,1,Song A,D,4,mix_cdaef40f2b94,in_the_meantime_qut_pro,mix_cdaef40f2b94,in_the_meantime_qut_pro,True,17,True,True,2026-08-17T00:09:27.476Z,"I like Mix A and Mix B styles. Mix C is not my type, the same as Mix D. Mix E sounds like live music, I like it","I like Mix A and Mix B styles. Mix C is not my type, the same as Mix D. Mix E sounds like live music, I like it",109020,assets/audio/study-stimuli/main-study/group_02/song_a_in_the_meantime/qut_pro.wav,0.0560023784637,14.1143035889,0.212649226189,-0.0385963246226,-0.6756280657690176,-1.4346341192827423,1.8511013279434223,-0.7325346788768815
11,P023,8db44dd4-4485-4ca6-8392-f6ecb37c16bc,five_mix_frontend_v1_2026-08-06,five_mix_netlify_forms_v1,five_mix_frontend_v1_2026-08-06,completed,group_02,group_02,2026-08-17 00:56:10.403,2026-08-17 01:17:48.731,2026-08-17 01:17:49.376,1298.0,6,5,30,6,True,15,P023__trial_03,3,EDR-1,EDR-1,2,in_the_meantime,group_02_song_a_in_the_meantime,1,Song A,E,5,mix_9baa86357fd4,in_the_meantime_du_i,mix_9baa86357fd4,in_the_meantime_du_i,True,61,True,True,2026-08-17T00:09:51.097Z,"I like Mix A and Mix B styles. Mix C is not my type, the same as Mix D. Mix E sounds like live music, I like it","I like Mix A and Mix B styles. Mix C is not my type, the same as Mix D. Mix E sounds like live music, I like it",109020,assets/audio/study-stimuli/main-study/group_02/song_a_in_the_meantime/du_i.wav,0.0503131300211,22.9316368103,0.130904406309,-0.0380811542273,-1.8990066727669184,1.9187185345499165,0.5415536857115313,-0.721703057329889
11,P023,8db44dd4-4485-4ca6-8392-f6ecb37c16bc,five_mix_frontend_v1_2026-08-06,five_mix_netlify_forms_v1,five_mix_frontend_v1_2026-08-06,completed,group_02,group_02,2026-08-17 00:56:10.403,2026-08-17 01:17:48.731,2026-08-17 01:17:49.376,1298.0,6,5,30,6,True,16,P023__trial_04,4,EDR-1,EDR-1,2,pouring_room,group_02_song_b_pouring_room,2,Song B,A,1,mix_0ba76f420c1d,pouring_room_mcg_r,mix_0ba76f420c1d,pouring_room_mcg_r,True,75,True,True,2026-08-17T00:12:59.906Z,"I don't like songs with too much echo for relaxing (Mix E and D). I prefer to hear the voice, like Mix A-C","I don't like songs with too much echo for relaxing (Mix E and D). I prefer to hear the voice, like Mix A-C",213875,assets/audio/study-stimuli/main-study/group_02/song_b_pouring_room/mcg_r.wav,0.060190629214,16.5152053833,0.14739459753,-0.0638295859098,0.2249858589620197,-0.521538265731174,0.8057256670690561,-1.2630720295337683
11,P023,8db44dd4-4485-4ca6-8392-f6ecb37c16bc,five_mix_frontend_v1_2026-08-06,five_mix_netlify_forms_v1,five_mix_frontend_v1_2026-08-06,completed,group_02,group_02,2026-08-17 00:56:10.403,2026-08-17 01:17:48.731,2026-08-17 01:17:49.376,1298.0,6,5,30,6,True,17,P023__trial_04,4,EDR-1,EDR-1,2,pouring_room,group_02_song_b_pouring_room,2,Song B,B,2,mix_132e75f34470,pouring_room_mcg_pro1,mix_132e75f34470,pouring_room_mcg_pro1,True,91,True,True,2026-08-17T00:12:52.481Z,"I don't like songs with too much echo for relaxing (Mix E and D). I prefer to hear the voice, like Mix A-C","I don't like songs with too much echo for relaxing (Mix E and D). I prefer to hear the voice, like Mix A-C",213875,assets/audio/study-stimuli/main-study/group_02/song_b_pouring_room/mcg_pro1.wav,0.0646217316389,18.2459716797,0.0750391855836,-0.0488145165145,1.177821012274786,0.1366958746221527,-0.3534041622732912,-0.9473754159948484
11,P023,8db44dd4-4485-4ca6-8392-f6ecb37c16bc,five_mix_frontend_v1_2026-08-06,five_mix_netlify_forms_v1,five_mix_frontend_v1_2026-08-06,completed,group_02,group_02,2026-08-17 00:56:10.403,2026-08-17 01:17:48.731,2026-08-17 01:17:49.376,1298.0,6,5,30,6,True,18,P023__trial_04,4,EDR-1,EDR-1,2,pouring_room,group_02_song_b_pouring_room,2,Song B,C,3,mix_e08faaf8bbb3,pouring_room_mcg_v,mix_e08faaf8bbb3,pouring_room_mcg_v,True,100,True,True,2026-08-17T00:12:48.569Z,"I don't like songs with too much echo for relaxing (Mix E and D). I prefer to hear the voice, like Mix A-C","I don't like songs with too much echo for relaxing (Mix E and D). I prefer to hear the voice, like Mix A-C",213875,assets/audio/study-stimuli/main-study/group_02/song_b_pouring_room/mcg_v.wav,0.0600788630545,20.8109931946,0.0795278027654,-0.0483895651996,0.2009523983216312,1.112208706920678,-0.2814967551013548,-0.938440679331238
11,P023,8db44dd4-4485-4ca6-8392-f6ecb37c16bc,five_mix_frontend_v1_2026-08-06,five_mix_netlify_forms_v1,five_mix_frontend_v1_2026-08-06,completed,group_02,group_02,2026-08-17 00:56:10.403,2026-08-17 01:17:48.731,2026-08-17 01:17:49.376,1298.0,6,5,30,6,True,19,P023__trial_04,4,EDR-1,EDR-1,2,pouring_room,group_02_song_b_pouring_room,2,Song B,D,4,mix_be2ccd4c43ff,pouring_room_mcg_t,mix_be2ccd4c43ff,pouring_room_mcg_t,True,25,True,True,2026-08-17T00:12:45.504Z,"I don't like songs with too much echo for relaxing (Mix E and D). I prefer to hear the voice, like Mix A-C","I don't like songs with too much echo for relaxing (Mix E and D). I prefer to hear the voice, like Mix A-C",213875,assets/audio/study-stimuli/main-study/group_02/song_b_pouring_room/mcg_t.wav,0.0587656274438,20.841550827,0.217380493879,-0.0455747283995,-0.0814371595061495,1.1238301932737935,1.926895983278192,-0.8792578396079359
11,P023,8db44dd4-4485-4ca6-8392-f6ecb37c16bc,five_mix_frontend_v1_2026-08-06,five_mix_netlify_forms_v1,five_mix_frontend_v1_2026-08-06,completed,group_02,group_02,2026-08-17 00:56:10.403,2026-08-17 01:17:48.731,2026-08-17 01:17:49.376,1298.0,6,5,30,6,True,20,P023__trial_04,4,EDR-1,EDR-1,2,pouring_room,group_02_song_b_pouring_room,2,Song B,E,5,mix_cbf8555ee2b2,pouring_room_mcg_x,mix_cbf8555ee2b2,pouring_room_mcg_x,True,12,True,True,2026-08-17T00:12:40.455Z,"I don't like songs with too much echo for relaxing (Mix E and D). I prefer to hear the voice, like Mix A-C","I don't like songs with too much echo for relaxing (Mix E and D). I prefer to hear the voice, like Mix A-C",213875,assets/audio/study-stimuli/main-study/group_02/song_b_pouring_room/mcg_x.wav,0.0612343810499,19.9389343262,0.147577553988,-0.0265915170312,0.4494273963527286,0.780552768870155,0.8086566197405122,-0.4801297779726206
11,P023,8db44dd4-4485-4ca6-8392-f6ecb37c16bc,five_mix_frontend_v1_2026-08-06,five_mix_netlify_forms_v1,five_mix_frontend_v1_2026-08-06,completed,group_02,group_02,2026-08-17 00:56:10.403,2026-08-17 01:17:48.731,2026-08-17 01:17:49.376,1298.0,6,5,30,6,True,21,P023__trial_05,5,EDR-2,EDR-2,3,pouring_room,group_02_song_b_pouring_room,1,Song B,A,1,mix_be2ccd4c43ff,pouring_room_mcg_t,mix_be2ccd4c43ff,pouring_room_mcg_t,True,27,True,True,2026-08-17T00:14:01.865Z,"Mix B, C, D vocals are clear and I like them. Mix E and Mix A vocals not that clear, I prefer the other ones.","Mix B, C, D vocals are clear and I like them. Mix E and Mix A vocals not that clear, I prefer the other ones.",145654,assets/audio/study-stimuli/main-study/group_02/song_b_pouring_room/mcg_t.wav,0.0587656274438,20.841550827,0.217380493879,-0.0455747283995,-0.0814371595061495,1.1238301932737935,1.926895983278192,-0.8792578396079359
11,P023,8db44dd4-4485-4ca6-8392-f6ecb37c16bc,five_mix_frontend_v1_2026-08-06,five_mix_netlify_forms_v1,five_mix_frontend_v1_2026-08-06,completed,group_02,group_02,2026-08-17 00:56:10.403,2026-08-17 01:17:48.731,2026-08-17 01:17:49.376,1298.0,6,5,30,6,True,22,P023__trial_05,5,EDR-2,EDR-2,3,pouring_room,group_02_song_b_pouring_room,1,Song B,B,2,mix_0ba76f420c1d,pouring_room_mcg_r,mix_0ba76f420c1d,pouring_room_mcg_r,True,77,True,True,2026-08-17T00:15:37.382Z,"Mix B, C, D vocals are clear and I like them. Mix E and Mix A vocals not that clear, I prefer the other ones.","Mix B, C, D vocals are clear and I like them. Mix E and Mix A vocals not that clear, I prefer the other ones.",145654,assets/audio/study-stimuli/main-study/group_02/song_b_pouring_room/mcg_r.wav,0.060190629214,16.5152053833,0.14739459753,-0.0638295859098,0.2249858589620197,-0.521538265731174,0.8057256670690561,-1.2630720295337683
11,P023,8db44dd4-4485-4ca6-8392-f6ecb37c16bc,five_mix_frontend_v1_2026-08-06,five_mix_netlify_forms_v1,five_mix_frontend_v1_2026-08-06,completed,group_02,group_02,2026-08-17 00:56:10.403,2026-08-17 01:17:48.731,2026-08-17 01:17:49.376,1298.0,6,5,30,6,True,23,P023__trial_05,5,EDR-2,EDR-2,3,pouring_room,group_02_song_b_pouring_room,1,Song B,C,3,mix_e08faaf8bbb3,pouring_room_mcg_v,mix_e08faaf8bbb3,pouring_room_mcg_v,True,89,True,True,2026-08-17T00:15:35.025Z,"Mix B, C, D vocals are clear and I like them. Mix E and Mix A vocals not that clear, I prefer the other ones.","Mix B, C, D vocals are clear and I like them. Mix E and Mix A vocals not that clear, I prefer the other ones.",145654,assets/audio/study-stimuli/main-study/group_02/song_b_pouring_room/mcg_v.wav,0.0600788630545,20.8109931946,0.0795278027654,-0.0483895651996,0.2009523983216312,1.112208706920678,-0.2814967551013548,-0.938440679331238
11,P023,8db44dd4-4485-4ca6-8392-f6ecb37c16bc,five_mix_frontend_v1_2026-08-06,five_mix_netlify_forms_v1,five_mix_frontend_v1_2026-08-06,completed,group_02,group_02,2026-08-17 00:56:10.403,2026-08-17 01:17:48.731,2026-08-17 01:17:49.376,1298.0,6,5,30,6,True,24,P023__trial_05,5,EDR-2,EDR-2,3,pouring_room,group_02_song_b_pouring_room,1,Song B,D,4,mix_132e75f34470,pouring_room_mcg_pro1,mix_132e75f34470,pouring_room_mcg_pro1,True,96,True,True,2026-08-17T00:15:29.768Z,"Mix B, C, D vocals are clear and I like them. Mix E and Mix A vocals not that clear, I prefer the other ones.","Mix B, C, D vocals are clear and I like them. Mix E and Mix A vocals not that clear, I prefer the other ones.",145654,assets/audio/study-stimuli/main-study/group_02/song_b_pouring_room/mcg_pro1.wav,0.0646217316389,18.2459716797,0.0750391855836,-0.0488145165145,1.177821012274786,0.1366958746221527,-0.3534041622732912,-0.9473754159948484
11,P023,8db44dd4-4485-4ca6-8392-f6ecb37c16bc,five_mix_frontend_v1_2026-08-06,five_mix_netlify_forms_v1,five_mix_frontend_v1_2026-08-06,completed,group_02,group_02,2026-08-17 00:56:10.403,2026-08-17 01:17:48.731,2026-08-17 01:17:49.376,1298.0,6,5,30,6,True,25,P023__trial_05,5,EDR-2,EDR-2,3,pouring_room,group_02_song_b_pouring_room,1,Song B,E,5,mix_cbf8555ee2b2,pouring_room_mcg_x,mix_cbf8555ee2b2,pouring_room_mcg_x,True,19,True,True,2026-08-17T00:15:21.421Z,"Mix B, C, D vocals are clear and I like them. Mix E and Mix A vocals not that clear, I prefer the other ones.","Mix B, C, D vocals are clear and I like them. Mix E and Mix A vocals not that clear, I prefer the other ones.",145654,assets/audio/study-stimuli/main-study/group_02/song_b_pouring_room/mcg_x.wav,0.0612343810499,19.9389343262,0.147577553988,-0.0265915170312,0.4494273963527286,0.780552768870155,0.8086566197405122,-0.4801297779726206
11,P023,8db44dd4-4485-4ca6-8392-f6ecb37c16bc,five_mix_frontend_v1_2026-08-06,five_mix_netlify_forms_v1,five_mix_frontend_v1_2026-08-06,completed,group_02,group_02,2026-08-17 00:56:10.403,2026-08-17 01:17:48.731,2026-08-17 01:17:49.376,1298.0,6,5,30,6,True,26,P023__trial_06,6,EDR-2,EDR-2,3,in_the_meantime,group_02_song_a_in_the_meantime,2,Song A,A,1,mix_c7bdcba64775,in_the_meantime_qut_b,mix_c7bdcba64775,in_the_meantime_qut_b,True,94,True,True,2026-08-17T00:16:26.366Z,"Mix C and A sound calm and I prefer those. Mix B,E,D too loud for me","Mix C and A sound calm and I prefer those. Mix B,E,D too loud for me",47435,assets/audio/study-stimuli/main-study/group_02/song_a_in_the_meantime/qut_b.wav,0.0560294315219,17.366355896,0.000543582602404,0.000562923552934,-0.6698107538710293,-0.1978340618743536,-1.5468197375217057,0.0908009789400507
11,P023,8db44dd4-4485-4ca6-8392-f6ecb37c16bc,five_mix_frontend_v1_2026-08-06,five_mix_netlify_forms_v1,five_mix_frontend_v1_2026-08-06,completed,group_02,group_02,2026-08-17 00:56:10.403,2026-08-17 01:17:48.731,2026-08-17 01:17:49.376,1298.0,6,5,30,6,True,27,P023__trial_06,6,EDR-2,EDR-2,3,in_the_meantime,group_02_song_a_in_the_meantime,2,Song A,B,2,mix_56e65a3ce054,in_the_meantime_du_k,mix_56e65a3ce054,in_the_meantime_du_k,True,10,True,True,2026-08-17T00:16:30.969Z,"Mix C and A sound calm and I prefer those. Mix B,E,D too loud for me","Mix C and A sound calm and I prefer those. Mix B,E,D too loud for me",47435,assets/audio/study-stimuli/main-study/group_02/song_a_in_the_meantime/du_k.wav,0.0539390221238,22.5979270935,0.15773075819,0.0170408543199,-1.1193186569455127,1.7918041562064675,0.9713104079970216,0.4372547184671072
11,P023,8db44dd4-4485-4ca6-8392-f6ecb37c16bc,five_mix_frontend_v1_2026-08-06,five_mix_netlify_forms_v1,five_mix_frontend_v1_2026-08-06,completed,group_02,group_02,2026-08-17 00:56:10.403,2026-08-17 01:17:48.731,2026-08-17 01:17:49.376,1298.0,6,5,30,6,True,28,P023__trial_06,6,EDR-2,EDR-2,3,in_the_meantime,group_02_song_a_in_the_meantime,2,Song A,C,3,mix_302f0efe8a80,in_the_meantime_du_h,mix_302f0efe8a80,in_the_meantime_du_h,True,80,True,True,2026-08-17T00:16:32.323Z,"Mix C and A sound calm and I prefer those. Mix B,E,D too loud for me","Mix C and A sound calm and I prefer those. Mix B,E,D too loud for me",47435,assets/audio/study-stimuli/main-study/group_02/song_a_in_the_meantime/du_h.wav,0.0623472034931,18.601518631,0.0428314469755,0.0354086197913,0.6887214233465396,0.2719152524959843,-0.8693704120952901,0.8234428342152216
11,P023,8db44dd4-4485-4ca6-8392-f6ecb37c16bc,five_mix_frontend_v1_2026-08-06,five_mix_netlify_forms_v1,five_mix_frontend_v1_2026-08-06,completed,group_02,group_02,2026-08-17 00:56:10.403,2026-08-17 01:17:48.731,2026-08-17 01:17:49.376,1298.0,6,5,30,6,True,29,P023__trial_06,6,EDR-2,EDR-2,3,in_the_meantime,group_02_song_a_in_the_meantime,2,Song A,D,4,mix_9baa86357fd4,in_the_meantime_du_i,mix_9baa86357fd4,in_the_meantime_du_i,True,33,True,True,2026-08-17T00:16:44.322Z,"Mix C and A sound calm and I prefer those. Mix B,E,D too loud for me","Mix C and A sound calm and I prefer those. Mix B,E,D too loud for me",47435,assets/audio/study-stimuli/main-study/group_02/song_a_in_the_meantime/du_i.wav,0.0503131300211,22.9316368103,0.130904406309,-0.0380811542273,-1.8990066727669184,1.9187185345499165,0.5415536857115313,-0.721703057329889
11,P023,8db44dd4-4485-4ca6-8392-f6ecb37c16bc,five_mix_frontend_v1_2026-08-06,five_mix_netlify_forms_v1,five_mix_frontend_v1_2026-08-06,completed,group_02,group_02,2026-08-17 00:56:10.403,2026-08-17 01:17:48.731,2026-08-17 01:17:49.376,1298.0,6,5,30,6,True,30,P023__trial_06,6,EDR-2,EDR-2,3,in_the_meantime,group_02_song_a_in_the_meantime,2,Song A,E,5,mix_cdaef40f2b94,in_the_meantime_qut_pro,mix_cdaef40f2b94,in_the_meantime_qut_pro,True,22,True,True,2026-08-17T00:16:36.474Z,"Mix C and A sound calm and I prefer those. Mix B,E,D too loud for me","Mix C and A sound calm and I prefer those. Mix B,E,D too loud for me",47435,assets/audio/study-stimuli/main-study/group_02/song_a_in_the_meantime/qut_pro.wav,0.0560023784637,14.1143035889,0.212649226189,-0.0385963246226,-0.6756280657690176,-1.4346341192827423,1.8511013279434223,-0.7325346788768815
12,P022,7f345780-e8e4-484c-aadf-5812b7df7a6a,five_mix_frontend_v1_2026-08-06,five_mix_netlify_forms_v1,five_mix_frontend_v1_2026-08-06,completed,group_01,group_01,2026-08-17 00:39:47.261,2026-08-17 00:56:07.256,2026-08-17 00:56:07.834,980.0,6,5,30,6,True,1,P022__trial_01,1,EDR-2,EDR-2,1,id_like_to_know,group_01_song_b_id_like_to_know,1,Song B,A,1,mix_b393d3919c78,id_like_to_know_pxl_s7,mix_b393d3919c78,id_like_to_know_pxl_s7,True,26,True,True,2026-08-16T23:42:11.514Z,"Mix A sounds balanced but I prefer a greater bass; Mix E has nice bass sound; Mix D I dont like the instruments I cant relax; Mix C sounds balanced but Is better than A; Mix B guitar sound is good, vocals low i like it, drums sound is good, Mix C is like Mix A, I prefer more calm or more bass","Mix A sounds balanced but I prefer a greater bass; Mix E has nice bass sound; Mix D I dont like the instruments I cant relax; Mix C sounds balanced but Is better than A; Mix B guitar sound is good, vocals low i like it, drums sound is good, Mix C is like Mix A, I prefer more calm or more bass",149948,assets/audio/study-stimuli/main-study/group_01/song_b_id_like_to_know/pxl_s7.wav,0.0551121532917,16.2593574524,0.0769432634115,-0.0537673681974,-0.867056238017743,-0.6188407399054331,-0.3229009373128245,-1.0515106991885117
12,P022,7f345780-e8e4-484c-aadf-5812b7df7a6a,five_mix_frontend_v1_2026-08-06,five_mix_netlify_forms_v1,five_mix_frontend_v1_2026-08-06,completed,group_01,group_01,2026-08-17 00:39:47.261,2026-08-17 00:56:07.256,2026-08-17 00:56:07.834,980.0,6,5,30,6,True,2,P022__trial_01,1,EDR-2,EDR-2,1,id_like_to_know,group_01_song_b_id_like_to_know,1,Song B,B,2,mix_82d60d7c7fc5,id_like_to_know_pxl_s5,mix_82d60d7c7fc5,id_like_to_know_pxl_s5,True,73,True,True,2026-08-16T23:43:48.602Z,"Mix A sounds balanced but I prefer a greater bass; Mix E has nice bass sound; Mix D I dont like the instruments I cant relax; Mix C sounds balanced but Is better than A; Mix B guitar sound is good, vocals low i like it, drums sound is good, Mix C is like Mix A, I prefer more calm or more bass","Mix A sounds balanced but I prefer a greater bass; Mix E has nice bass sound; Mix D I dont like the instruments I cant relax; Mix C sounds balanced but Is better than A; Mix B guitar sound is good, vocals low i like it, drums sound is good, Mix C is like Mix A, I prefer more calm or more bass",149948,assets/audio/study-stimuli/main-study/group_01/song_b_id_like_to_know/pxl_s5.wav,0.0574779175222,17.4848575592,0.146866813302,0.0736307501793,-0.3583378408524605,-0.1527662554529231,0.7972705919658362,1.6270752922517937
12,P022,7f345780-e8e4-484c-aadf-5812b7df7a6a,five_mix_frontend_v1_2026-08-06,five_mix_netlify_forms_v1,five_mix_frontend_v1_2026-08-06,completed,group_01,group_01,2026-08-17 00:39:47.261,2026-08-17 00:56:07.256,2026-08-17 00:56:07.834,980.0,6,5,30,6,True,3,P022__trial_01,1,EDR-2,EDR-2,1,id_like_to_know,group_01_song_b_id_like_to_know,1,Song B,C,3,mix_6f8b655d7999,id_like_to_know_pxl_s2,mix_6f8b655d7999,id_like_to_know_pxl_s2,True,40,True,True,2026-08-16T23:43:33.156Z,"Mix A sounds balanced but I prefer a greater bass; Mix E has nice bass sound; Mix D I dont like the instruments I cant relax; Mix C sounds balanced but Is better than A; Mix B guitar sound is good, vocals low i like it, drums sound is good, Mix C is like Mix A, I prefer more calm or more bass","Mix A sounds balanced but I prefer a greater bass; Mix E has nice bass sound; Mix D I dont like the instruments I cant relax; Mix C sounds balanced but Is better than A; Mix B guitar sound is good, vocals low i like it, drums sound is good, Mix C is like Mix A, I prefer more calm or more bass",149948,assets/audio/study-stimuli/main-study/group_01/song_b_id_like_to_know/pxl_s2.wav,0.0616230294108,14.7642059326,0.049424380064,0.0224525164813,0.5329997864789321,-1.1874673519330532,-0.7637519766505488,0.5510366380169074
12,P022,7f345780-e8e4-484c-aadf-5812b7df7a6a,five_mix_frontend_v1_2026-08-06,five_mix_netlify_forms_v1,five_mix_frontend_v1_2026-08-06,completed,group_01,group_01,2026-08-17 00:39:47.261,2026-08-17 00:56:07.256,2026-08-17 00:56:07.834,980.0,6,5,30,6,True,4,P022__trial_01,1,EDR-2,EDR-2,1,id_like_to_know,group_01_song_b_id_like_to_know,1,Song B,D,4,mix_9ffcd672af17,id_like_to_know_pxl_s1,mix_9ffcd672af17,id_like_to_know_pxl_s1,True,0,True,True,2026-08-16T23:43:18.103Z,"Mix A sounds balanced but I prefer a greater bass; Mix E has nice bass sound; Mix D I dont like the instruments I cant relax; Mix C sounds balanced but Is better than A; Mix B guitar sound is good, vocals low i like it, drums sound is good, Mix C is like Mix A, I prefer more calm or more bass","Mix A sounds balanced but I prefer a greater bass; Mix E has nice bass sound; Mix D I dont like the instruments I cant relax; Mix C sounds balanced but Is better than A; Mix B guitar sound is good, vocals low i like it, drums sound is good, Mix C is like Mix A, I prefer more calm or more bass",149948,assets/audio/study-stimuli/main-study/group_01/song_b_id_like_to_know/pxl_s1.wav,0.0565126091242,16.3633155823,0.0668171644211,0.0607972890139,-0.5659114167269081,-0.579304038497624,-0.4851205015292653,1.357247686182373
12,P022,7f345780-e8e4-484c-aadf-5812b7df7a6a,five_mix_frontend_v1_2026-08-06,five_mix_netlify_forms_v1,five_mix_frontend_v1_2026-08-06,completed,group_01,group_01,2026-08-17 00:39:47.261,2026-08-17 00:56:07.256,2026-08-17 00:56:07.834,980.0,6,5,30,6,True,5,P022__trial_01,1,EDR-2,EDR-2,1,id_like_to_know,group_01_song_b_id_like_to_know,1,Song B,E,5,mix_65f41f41d3ab,id_like_to_know_pxl_s3,mix_65f41f41d3ab,id_like_to_know_pxl_s3,True,100,True,True,2026-08-16T23:42:55.718Z,"Mix A sounds balanced but I prefer a greater bass; Mix E has nice bass sound; Mix D I dont like the instruments I cant relax; Mix C sounds balanced but Is better than A; Mix B guitar sound is good, vocals low i like it, drums sound is good, Mix C is like Mix A, I prefer more calm or more bass","Mix A sounds balanced but I prefer a greater bass; Mix E has nice bass sound; Mix D I dont like the instruments I cant relax; Mix C sounds balanced but Is better than A; Mix B guitar sound is good, vocals low i like it, drums sound is good, Mix C is like Mix A, I prefer more calm or more bass",149948,assets/audio/study-stimuli/main-study/group_01/song_b_id_like_to_know/pxl_s3.wav,0.0606486909091,15.0860643387,0.0243665315211,-0.00842856336385,0.3234844364321996,-1.065060189455143,-1.1651773700507613,-0.0982478955990668
12,P022,7f345780-e8e4-484c-aadf-5812b7df7a6a,five_mix_frontend_v1_2026-08-06,five_mix_netlify_forms_v1,five_mix_frontend_v1_2026-08-06,completed,group_01,group_01,2026-08-17 00:39:47.261,2026-08-17 00:56:07.256,2026-08-17 00:56:07.834,980.0,6,5,30,6,True,6,P022__trial_02,2,EDR-2,EDR-2,1,lead_me,group_01_song_a_lead_me,2,Song A,A,1,mix_d5b28dfc8a93,lead_me_pxl_l1,mix_d5b28dfc8a93,lead_me_pxl_l1,True,75,True,True,2026-08-16T23:44:42.324Z,"Mix A vocals i like the echo; Mix B instruments too agressive for me to unwind; Mix C sounds more calmed, I like it; Mix D vocals are too loud, I dont like it is not relaxing; Mix E vocals are warm I like them","Mix A vocals i like the echo; Mix B instruments too agressive for me to unwind; Mix C sounds more calmed, I like it; Mix D vocals are too loud, I dont like it is not relaxing; Mix E vocals are warm I like them",99227,assets/audio/study-stimuli/main-study/group_01/song_a_lead_me/pxl_l1.wav,0.0591329820454,16.9195213318,0.0170932952315,-0.0129087874666,-0.0024436394808062,-0.3677713699084406,-1.2816942263900757,-0.1924460334762285
12,P022,7f345780-e8e4-484c-aadf-5812b7df7a6a,five_mix_frontend_v1_2026-08-06,five_mix_netlify_forms_v1,five_mix_frontend_v1_2026-08-06,completed,group_01,group_01,2026-08-17 00:39:47.261,2026-08-17 00:56:07.256,2026-08-17 00:56:07.834,980.0,6,5,30,6,True,7,P022__trial_02,2,EDR-2,EDR-2,1,lead_me,group_01_song_a_lead_me,2,Song A,B,2,mix_d3e3580b6e30,lead_me_mcg_pro2,mix_d3e3580b6e30,lead_me_mcg_pro2,True,26,True,True,2026-08-16T23:44:57.746Z,"Mix A vocals i like the echo; Mix B instruments too agressive for me to unwind; Mix C sounds more calmed, I like it; Mix D vocals are too loud, I dont like it is not relaxing; Mix E vocals are warm I like them","Mix A vocals i like the echo; Mix B instruments too agressive for me to unwind; Mix C sounds more calmed, I like it; Mix D vocals are too loud, I dont like it is not relaxing; Mix E vocals are warm I like them",99227,assets/audio/study-stimuli/main-study/group_01/song_a_lead_me/mcg_pro2.wav,0.0730051249266,20.1463222504,0.0392760001123,-0.00143597240094,2.9805308263561203,0.8594252384169624,-0.9263284806752846,0.048773555233824
12,P022,7f345780-e8e4-484c-aadf-5812b7df7a6a,five_mix_frontend_v1_2026-08-06,five_mix_netlify_forms_v1,five_mix_frontend_v1_2026-08-06,completed,group_01,group_01,2026-08-17 00:39:47.261,2026-08-17 00:56:07.256,2026-08-17 00:56:07.834,980.0,6,5,30,6,True,8,P022__trial_02,2,EDR-2,EDR-2,1,lead_me,group_01_song_a_lead_me,2,Song A,C,3,mix_f1f7973e5bac,lead_me_du_d,mix_f1f7973e5bac,lead_me_du_d,True,100,True,True,2026-08-16T23:45:26.569Z,"Mix A vocals i like the echo; Mix B instruments too agressive for me to unwind; Mix C sounds more calmed, I like it; Mix D vocals are too loud, I dont like it is not relaxing; Mix E vocals are warm I like them","Mix A vocals i like the echo; Mix B instruments too agressive for me to unwind; Mix C sounds more calmed, I like it; Mix D vocals are too loud, I dont like it is not relaxing; Mix E vocals are warm I like them",99227,assets/audio/study-stimuli/main-study/group_01/song_a_lead_me/du_d.wav,0.0625870004296,13.8143320084,0.117576912045,-0.0521329641342,0.7402857811167308,-1.548717422055362,0.3280479404435016,-1.017146833506479
12,P022,7f345780-e8e4-484c-aadf-5812b7df7a6a,five_mix_frontend_v1_2026-08-06,five_mix_netlify_forms_v1,five_mix_frontend_v1_2026-08-06,completed,group_01,group_01,2026-08-17 00:39:47.261,2026-08-17 00:56:07.256,2026-08-17 00:56:07.834,980.0,6,5,30,6,True,9,P022__trial_02,2,EDR-2,EDR-2,1,lead_me,group_01_song_a_lead_me,2,Song A,D,4,mix_271852ba8676,lead_me_du_e,mix_271852ba8676,lead_me_du_e,True,0,True,True,2026-08-16T23:45:41.808Z,"Mix A vocals i like the echo; Mix B instruments too agressive for me to unwind; Mix C sounds more calmed, I like it; Mix D vocals are too loud, I dont like it is not relaxing; Mix E vocals are warm I like them","Mix A vocals i like the echo; Mix B instruments too agressive for me to unwind; Mix C sounds more calmed, I like it; Mix D vocals are too loud, I dont like it is not relaxing; Mix E vocals are warm I like them",99227,assets/audio/study-stimuli/main-study/group_01/song_a_lead_me/du_e.wav,0.0543773770332,19.2538223267,0.0430038608611,0.0436125770211,-1.0250576971995913,0.5199952869185839,-0.8666083508697964,0.9959336464039888
12,P022,7f345780-e8e4-484c-aadf-5812b7df7a6a,five_mix_frontend_v1_2026-08-06,five_mix_netlify_forms_v1,five_mix_frontend_v1_2026-08-06,completed,group_01,group_01,2026-08-17 00:39:47.261,2026-08-17 00:56:07.256,2026-08-17 00:56:07.834,980.0,6,5,30,6,True,10,P022__trial_02,2,EDR-2,EDR-2,1,lead_me,group_01_song_a_lead_me,2,Song A,E,5,mix_c7d9a071ba25,lead_me_pxl_l4,mix_c7d9a071ba25,lead_me_pxl_l4,True,87,True,True,2026-08-16T23:46:06.051Z,"Mix A vocals i like the echo; Mix B instruments too agressive for me to unwind; Mix C sounds more calmed, I like it; Mix D vocals are too loud, I dont like it is not relaxing; Mix E vocals are warm I like them","Mix A vocals i like the echo; Mix B instruments too agressive for me to unwind; Mix C sounds more calmed, I like it; Mix D vocals are too loud, I dont like it is not relaxing; Mix E vocals are warm I like them",99227,assets/audio/study-stimuli/main-study/group_01/song_a_lead_me/pxl_l4.wav,0.0588876381516,15.6746520996,0.149041607976,0.109930999577,-0.0552007785055364,-0.8412121981784734,0.8321106863211235,2.390299590706203
12,P022,7f345780-e8e4-484c-aadf-5812b7df7a6a,five_mix_frontend_v1_2026-08-06,five_mix_netlify_forms_v1,five_mix_frontend_v1_2026-08-06,completed,group_01,group_01,2026-08-17 00:39:47.261,2026-08-17 00:56:07.256,2026-08-17 00:56:07.834,980.0,6,5,30,6,True,11,P022__trial_03,3,FM-1,FM-1,2,lead_me,group_01_song_a_lead_me,1,Song A,A,1,mix_c7d9a071ba25,lead_me_pxl_l4,mix_c7d9a071ba25,lead_me_pxl_l4,True,31,True,True,2026-08-16T23:46:30.064Z,"Mix A music doesn't let me focus; Mix B is good, i can hear instruments clear and strong, vocals low i like them; Mix C vocals are louder than instruments, i dont like it for concentration; Mix D vocals too loud, is annoying; Mix E echo or reverb is too much... I don't like it","Mix A music doesn't let me focus; Mix B is good, i can hear instruments clear and strong, vocals low i like them; Mix C vocals are louder than instruments, i dont like it for concentration; Mix D vocals too loud, is annoying; Mix E echo or reverb is too much... I don't like it",121717,assets/audio/study-stimuli/main-study/group_01/song_a_lead_me/pxl_l4.wav,0.0588876381516,15.6746520996,0.149041607976,0.109930999577,-0.0552007785055364,-0.8412121981784734,0.8321106863211235,2.390299590706203
12,P022,7f345780-e8e4-484c-aadf-5812b7df7a6a,five_mix_frontend_v1_2026-08-06,five_mix_netlify_forms_v1,five_mix_frontend_v1_2026-08-06,completed,group_01,group_01,2026-08-17 00:39:47.261,2026-08-17 00:56:07.256,2026-08-17 00:56:07.834,980.0,6,5,30,6,True,12,P022__trial_03,3,FM-1,FM-1,2,lead_me,group_01_song_a_lead_me,1,Song A,B,2,mix_d3e3580b6e30,lead_me_mcg_pro2,mix_d3e3580b6e30,lead_me_mcg_pro2,True,100,True,True,2026-08-16T23:46:51.234Z,"Mix A music doesn't let me focus; Mix B is good, i can hear instruments clear and strong, vocals low i like them; Mix C vocals are louder than instruments, i dont like it for concentration; Mix D vocals too loud, is annoying; Mix E echo or reverb is too much... I don't like it","Mix A music doesn't let me focus; Mix B is good, i can hear instruments clear and strong, vocals low i like them; Mix C vocals are louder than instruments, i dont like it for concentration; Mix D vocals too loud, is annoying; Mix E echo or reverb is too much... I don't like it",121717,assets/audio/study-stimuli/main-study/group_01/song_a_lead_me/mcg_pro2.wav,0.0730051249266,20.1463222504,0.0392760001123,-0.00143597240094,2.9805308263561203,0.8594252384169624,-0.9263284806752846,0.048773555233824
12,P022,7f345780-e8e4-484c-aadf-5812b7df7a6a,five_mix_frontend_v1_2026-08-06,five_mix_netlify_forms_v1,five_mix_frontend_v1_2026-08-06,completed,group_01,group_01,2026-08-17 00:39:47.261,2026-08-17 00:56:07.256,2026-08-17 00:56:07.834,980.0,6,5,30,6,True,13,P022__trial_03,3,FM-1,FM-1,2,lead_me,group_01_song_a_lead_me,1,Song A,C,3,mix_d5b28dfc8a93,lead_me_pxl_l1,mix_d5b28dfc8a93,lead_me_pxl_l1,True,13,True,True,2026-08-16T23:47:16.989Z,"Mix A music doesn't let me focus; Mix B is good, i can hear instruments clear and strong, vocals low i like them; Mix C vocals are louder than instruments, i dont like it for concentration; Mix D vocals too loud, is annoying; Mix E echo or reverb is too much... I don't like it","Mix A music doesn't let me focus; Mix B is good, i can hear instruments clear and strong, vocals low i like them; Mix C vocals are louder than instruments, i dont like it for concentration; Mix D vocals too loud, is annoying; Mix E echo or reverb is too much... I don't like it",121717,assets/audio/study-stimuli/main-study/group_01/song_a_lead_me/pxl_l1.wav,0.0591329820454,16.9195213318,0.0170932952315,-0.0129087874666,-0.0024436394808062,-0.3677713699084406,-1.2816942263900757,-0.1924460334762285
12,P022,7f345780-e8e4-484c-aadf-5812b7df7a6a,five_mix_frontend_v1_2026-08-06,five_mix_netlify_forms_v1,five_mix_frontend_v1_2026-08-06,completed,group_01,group_01,2026-08-17 00:39:47.261,2026-08-17 00:56:07.256,2026-08-17 00:56:07.834,980.0,6,5,30,6,True,14,P022__trial_03,3,FM-1,FM-1,2,lead_me,group_01_song_a_lead_me,1,Song A,D,4,mix_271852ba8676,lead_me_du_e,mix_271852ba8676,lead_me_du_e,True,0,True,True,2026-08-16T23:47:32.910Z,"Mix A music doesn't let me focus; Mix B is good, i can hear instruments clear and strong, vocals low i like them; Mix C vocals are louder than instruments, i dont like it for concentration; Mix D vocals too loud, is annoying; Mix E echo or reverb is too much... I don't like it","Mix A music doesn't let me focus; Mix B is good, i can hear instruments clear and strong, vocals low i like them; Mix C vocals are louder than instruments, i dont like it for concentration; Mix D vocals too loud, is annoying; Mix E echo or reverb is too much... I don't like it",121717,assets/audio/study-stimuli/main-study/group_01/song_a_lead_me/du_e.wav,0.0543773770332,19.2538223267,0.0430038608611,0.0436125770211,-1.0250576971995913,0.5199952869185839,-0.8666083508697964,0.9959336464039888
12,P022,7f345780-e8e4-484c-aadf-5812b7df7a6a,five_mix_frontend_v1_2026-08-06,five_mix_netlify_forms_v1,five_mix_frontend_v1_2026-08-06,completed,group_01,group_01,2026-08-17 00:39:47.261,2026-08-17 00:56:07.256,2026-08-17 00:56:07.834,980.0,6,5,30,6,True,15,P022__trial_03,3,FM-1,FM-1,2,lead_me,group_01_song_a_lead_me,1,Song A,E,5,mix_f1f7973e5bac,lead_me_du_d,mix_f1f7973e5bac,lead_me_du_d,True,22,True,True,2026-08-16T23:47:53.293Z,"Mix A music doesn't let me focus; Mix B is good, i can hear instruments clear and strong, vocals low i like them; Mix C vocals are louder than instruments, i dont like it for concentration; Mix D vocals too loud, is annoying; Mix E echo or reverb is too much... I don't like it","Mix A music doesn't let me focus; Mix B is good, i can hear instruments clear and strong, vocals low i like them; Mix C vocals are louder than instruments, i dont like it for concentration; Mix D vocals too loud, is annoying; Mix E echo or reverb is too much... I don't like it",121717,assets/audio/study-stimuli/main-study/group_01/song_a_lead_me/du_d.wav,0.0625870004296,13.8143320084,0.117576912045,-0.0521329641342,0.7402857811167308,-1.548717422055362,0.3280479404435016,-1.017146833506479
12,P022,7f345780-e8e4-484c-aadf-5812b7df7a6a,five_mix_frontend_v1_2026-08-06,five_mix_netlify_forms_v1,five_mix_frontend_v1_2026-08-06,completed,group_01,group_01,2026-08-17 00:39:47.261,2026-08-17 00:56:07.256,2026-08-17 00:56:07.834,980.0,6,5,30,6,True,16,P022__trial_04,4,FM-1,FM-1,2,id_like_to_know,group_01_song_b_id_like_to_know,2,Song B,A,1,mix_82d60d7c7fc5,id_like_to_know_pxl_s5,mix_82d60d7c7fc5,id_like_to_know_pxl_s5,True,47,True,True,2026-08-16T23:48:23.253Z,"Mix A well-balanced, is good; Mix B sounds more pleasant than Mix A; Mix C instruments are better for me; Mix D instruments really good, I can focus; Mix E sounds good, vocals and instruments balance is nice.","Mix A well-balanced, is good; Mix B sounds more pleasant than Mix A; Mix C instruments are better for me; Mix D instruments really good, I can focus; Mix E sounds good, vocals and instruments balance is nice.",149031,assets/audio/study-stimuli/main-study/group_01/song_b_id_like_to_know/pxl_s5.wav,0.0574779175222,17.4848575592,0.146866813302,0.0736307501793,-0.3583378408524605,-0.1527662554529231,0.7972705919658362,1.6270752922517937
12,P022,7f345780-e8e4-484c-aadf-5812b7df7a6a,five_mix_frontend_v1_2026-08-06,five_mix_netlify_forms_v1,five_mix_frontend_v1_2026-08-06,completed,group_01,group_01,2026-08-17 00:39:47.261,2026-08-17 00:56:07.256,2026-08-17 00:56:07.834,980.0,6,5,30,6,True,17,P022__trial_04,4,FM-1,FM-1,2,id_like_to_know,group_01_song_b_id_like_to_know,2,Song B,B,2,mix_b393d3919c78,id_like_to_know_pxl_s7,mix_b393d3919c78,id_like_to_know_pxl_s7,True,55,True,True,2026-08-16T23:48:38.573Z,"Mix A well-balanced, is good; Mix B sounds more pleasant than Mix A; Mix C instruments are better for me; Mix D instruments really good, I can focus; Mix E sounds good, vocals and instruments balance is nice.","Mix A well-balanced, is good; Mix B sounds more pleasant than Mix A; Mix C instruments are better for me; Mix D instruments really good, I can focus; Mix E sounds good, vocals and instruments balance is nice.",149031,assets/audio/study-stimuli/main-study/group_01/song_b_id_like_to_know/pxl_s7.wav,0.0551121532917,16.2593574524,0.0769432634115,-0.0537673681974,-0.867056238017743,-0.6188407399054331,-0.3229009373128245,-1.0515106991885117
12,P022,7f345780-e8e4-484c-aadf-5812b7df7a6a,five_mix_frontend_v1_2026-08-06,five_mix_netlify_forms_v1,five_mix_frontend_v1_2026-08-06,completed,group_01,group_01,2026-08-17 00:39:47.261,2026-08-17 00:56:07.256,2026-08-17 00:56:07.834,980.0,6,5,30,6,True,18,P022__trial_04,4,FM-1,FM-1,2,id_like_to_know,group_01_song_b_id_like_to_know,2,Song B,C,3,mix_9ffcd672af17,id_like_to_know_pxl_s1,mix_9ffcd672af17,id_like_to_know_pxl_s1,True,66,True,True,2026-08-16T23:48:49.542Z,"Mix A well-balanced, is good; Mix B sounds more pleasant than Mix A; Mix C instruments are better for me; Mix D instruments really good, I can focus; Mix E sounds good, vocals and instruments balance is nice.","Mix A well-balanced, is good; Mix B sounds more pleasant than Mix A; Mix C instruments are better for me; Mix D instruments really good, I can focus; Mix E sounds good, vocals and instruments balance is nice.",149031,assets/audio/study-stimuli/main-study/group_01/song_b_id_like_to_know/pxl_s1.wav,0.0565126091242,16.3633155823,0.0668171644211,0.0607972890139,-0.5659114167269081,-0.579304038497624,-0.4851205015292653,1.357247686182373
12,P022,7f345780-e8e4-484c-aadf-5812b7df7a6a,five_mix_frontend_v1_2026-08-06,five_mix_netlify_forms_v1,five_mix_frontend_v1_2026-08-06,completed,group_01,group_01,2026-08-17 00:39:47.261,2026-08-17 00:56:07.256,2026-08-17 00:56:07.834,980.0,6,5,30,6,True,19,P022__trial_04,4,FM-1,FM-1,2,id_like_to_know,group_01_song_b_id_like_to_know,2,Song B,D,4,mix_65f41f41d3ab,id_like_to_know_pxl_s3,mix_65f41f41d3ab,id_like_to_know_pxl_s3,True,99,True,True,2026-08-16T23:49:08.972Z,"Mix A well-balanced, is good; Mix B sounds more pleasant than Mix A; Mix C instruments are better for me; Mix D instruments really good, I can focus; Mix E sounds good, vocals and instruments balance is nice.","Mix A well-balanced, is good; Mix B sounds more pleasant than Mix A; Mix C instruments are better for me; Mix D instruments really good, I can focus; Mix E sounds good, vocals and instruments balance is nice.",149031,assets/audio/study-stimuli/main-study/group_01/song_b_id_like_to_know/pxl_s3.wav,0.0606486909091,15.0860643387,0.0243665315211,-0.00842856336385,0.3234844364321996,-1.065060189455143,-1.1651773700507613,-0.0982478955990668
12,P022,7f345780-e8e4-484c-aadf-5812b7df7a6a,five_mix_frontend_v1_2026-08-06,five_mix_netlify_forms_v1,five_mix_frontend_v1_2026-08-06,completed,group_01,group_01,2026-08-17 00:39:47.261,2026-08-17 00:56:07.256,2026-08-17 00:56:07.834,980.0,6,5,30,6,True,20,P022__trial_04,4,FM-1,FM-1,2,id_like_to_know,group_01_song_b_id_like_to_know,2,Song B,E,5,mix_6f8b655d7999,id_like_to_know_pxl_s2,mix_6f8b655d7999,id_like_to_know_pxl_s2,True,75,True,True,2026-08-16T23:49:33.488Z,"Mix A well-balanced, is good; Mix B sounds more pleasant than Mix A; Mix C instruments are better for me; Mix D instruments really good, I can focus; Mix E sounds good, vocals and instruments balance is nice.","Mix A well-balanced, is good; Mix B sounds more pleasant than Mix A; Mix C instruments are better for me; Mix D instruments really good, I can focus; Mix E sounds good, vocals and instruments balance is nice.",149031,assets/audio/study-stimuli/main-study/group_01/song_b_id_like_to_know/pxl_s2.wav,0.0616230294108,14.7642059326,0.049424380064,0.0224525164813,0.5329997864789321,-1.1874673519330532,-0.7637519766505488,0.5510366380169074
12,P022,7f345780-e8e4-484c-aadf-5812b7df7a6a,five_mix_frontend_v1_2026-08-06,five_mix_netlify_forms_v1,five_mix_frontend_v1_2026-08-06,completed,group_01,group_01,2026-08-17 00:39:47.261,2026-08-17 00:56:07.256,2026-08-17 00:56:07.834,980.0,6,5,30,6,True,21,P022__trial_05,5,EDR-1,EDR-1,3,lead_me,group_01_song_a_lead_me,1,Song A,A,1,mix_d5b28dfc8a93,lead_me_pxl_l1,mix_d5b28dfc8a93,lead_me_pxl_l1,True,15,True,True,2026-08-16T23:51:36.390Z,"Mix A vocals I dont like echo, is too calm, I prefer something stronger; Mix B instruments sound is good; Mix C vocals louder than instruments, I don't like that; Mix D instruments are way too loud compared to vocals; Mix E vocals is too loud compared to instruments but I like it for entertainment","Mix A vocals I dont like echo, is too calm, I prefer something stronger; Mix B instruments sound is good; Mix C vocals louder than instruments, I don't like that; Mix D instruments are way too loud compared to vocals; Mix E vocals is too loud compared to instruments but I like it for entertainment",159608,assets/audio/study-stimuli/main-study/group_01/song_a_lead_me/pxl_l1.wav,0.0591329820454,16.9195213318,0.0170932952315,-0.0129087874666,-0.0024436394808062,-0.3677713699084406,-1.2816942263900757,-0.1924460334762285
12,P022,7f345780-e8e4-484c-aadf-5812b7df7a6a,five_mix_frontend_v1_2026-08-06,five_mix_netlify_forms_v1,five_mix_frontend_v1_2026-08-06,completed,group_01,group_01,2026-08-17 00:39:47.261,2026-08-17 00:56:07.256,2026-08-17 00:56:07.834,980.0,6,5,30,6,True,22,P022__trial_05,5,EDR-1,EDR-1,3,lead_me,group_01_song_a_lead_me,1,Song A,B,2,mix_d3e3580b6e30,lead_me_mcg_pro2,mix_d3e3580b6e30,lead_me_mcg_pro2,True,93,True,True,2026-08-16T23:52:06.669Z,"Mix A vocals I dont like echo, is too calm, I prefer something stronger; Mix B instruments sound is good; Mix C vocals louder than instruments, I don't like that; Mix D instruments are way too loud compared to vocals; Mix E vocals is too loud compared to instruments but I like it for entertainment","Mix A vocals I dont like echo, is too calm, I prefer something stronger; Mix B instruments sound is good; Mix C vocals louder than instruments, I don't like that; Mix D instruments are way too loud compared to vocals; Mix E vocals is too loud compared to instruments but I like it for entertainment",159608,assets/audio/study-stimuli/main-study/group_01/song_a_lead_me/mcg_pro2.wav,0.0730051249266,20.1463222504,0.0392760001123,-0.00143597240094,2.9805308263561203,0.8594252384169624,-0.9263284806752846,0.048773555233824
12,P022,7f345780-e8e4-484c-aadf-5812b7df7a6a,five_mix_frontend_v1_2026-08-06,five_mix_netlify_forms_v1,five_mix_frontend_v1_2026-08-06,completed,group_01,group_01,2026-08-17 00:39:47.261,2026-08-17 00:56:07.256,2026-08-17 00:56:07.834,980.0,6,5,30,6,True,23,P022__trial_05,5,EDR-1,EDR-1,3,lead_me,group_01_song_a_lead_me,1,Song A,C,3,mix_c7d9a071ba25,lead_me_pxl_l4,mix_c7d9a071ba25,lead_me_pxl_l4,True,39,True,True,2026-08-16T23:52:22.464Z,"Mix A vocals I dont like echo, is too calm, I prefer something stronger; Mix B instruments sound is good; Mix C vocals louder than instruments, I don't like that; Mix D instruments are way too loud compared to vocals; Mix E vocals is too loud compared to instruments but I like it for entertainment","Mix A vocals I dont like echo, is too calm, I prefer something stronger; Mix B instruments sound is good; Mix C vocals louder than instruments, I don't like that; Mix D instruments are way too loud compared to vocals; Mix E vocals is too loud compared to instruments but I like it for entertainment",159608,assets/audio/study-stimuli/main-study/group_01/song_a_lead_me/pxl_l4.wav,0.0588876381516,15.6746520996,0.149041607976,0.109930999577,-0.0552007785055364,-0.8412121981784734,0.8321106863211235,2.390299590706203
12,P022,7f345780-e8e4-484c-aadf-5812b7df7a6a,five_mix_frontend_v1_2026-08-06,five_mix_netlify_forms_v1,five_mix_frontend_v1_2026-08-06,completed,group_01,group_01,2026-08-17 00:39:47.261,2026-08-17 00:56:07.256,2026-08-17 00:56:07.834,980.0,6,5,30,6,True,24,P022__trial_05,5,EDR-1,EDR-1,3,lead_me,group_01_song_a_lead_me,1,Song A,D,4,mix_f1f7973e5bac,lead_me_du_d,mix_f1f7973e5bac,lead_me_du_d,True,27,True,True,2026-08-16T23:52:39.896Z,"Mix A vocals I dont like echo, is too calm, I prefer something stronger; Mix B instruments sound is good; Mix C vocals louder than instruments, I don't like that; Mix D instruments are way too loud compared to vocals; Mix E vocals is too loud compared to instruments but I like it for entertainment","Mix A vocals I dont like echo, is too calm, I prefer something stronger; Mix B instruments sound is good; Mix C vocals louder than instruments, I don't like that; Mix D instruments are way too loud compared to vocals; Mix E vocals is too loud compared to instruments but I like it for entertainment",159608,assets/audio/study-stimuli/main-study/group_01/song_a_lead_me/du_d.wav,0.0625870004296,13.8143320084,0.117576912045,-0.0521329641342,0.7402857811167308,-1.548717422055362,0.3280479404435016,-1.017146833506479
12,P022,7f345780-e8e4-484c-aadf-5812b7df7a6a,five_mix_frontend_v1_2026-08-06,five_mix_netlify_forms_v1,five_mix_frontend_v1_2026-08-06,completed,group_01,group_01,2026-08-17 00:39:47.261,2026-08-17 00:56:07.256,2026-08-17 00:56:07.834,980.0,6,5,30,6,True,25,P022__trial_05,5,EDR-1,EDR-1,3,lead_me,group_01_song_a_lead_me,1,Song A,E,5,mix_271852ba8676,lead_me_du_e,mix_271852ba8676,lead_me_du_e,True,58,True,True,2026-08-16T23:53:00.041Z,"Mix A vocals I dont like echo, is too calm, I prefer something stronger; Mix B instruments sound is good; Mix C vocals louder than instruments, I don't like that; Mix D instruments are way too loud compared to vocals; Mix E vocals is too loud compared to instruments but I like it for entertainment","Mix A vocals I dont like echo, is too calm, I prefer something stronger; Mix B instruments sound is good; Mix C vocals louder than instruments, I don't like that; Mix D instruments are way too loud compared to vocals; Mix E vocals is too loud compared to instruments but I like it for entertainment",159608,assets/audio/study-stimuli/main-study/group_01/song_a_lead_me/du_e.wav,0.0543773770332,19.2538223267,0.0430038608611,0.0436125770211,-1.0250576971995913,0.5199952869185839,-0.8666083508697964,0.9959336464039888
12,P022,7f345780-e8e4-484c-aadf-5812b7df7a6a,five_mix_frontend_v1_2026-08-06,five_mix_netlify_forms_v1,five_mix_frontend_v1_2026-08-06,completed,group_01,group_01,2026-08-17 00:39:47.261,2026-08-17 00:56:07.256,2026-08-17 00:56:07.834,980.0,6,5,30,6,True,26,P022__trial_06,6,EDR-1,EDR-1,3,id_like_to_know,group_01_song_b_id_like_to_know,2,Song B,A,1,mix_65f41f41d3ab,id_like_to_know_pxl_s3,mix_65f41f41d3ab,id_like_to_know_pxl_s3,True,38,True,True,2026-08-16T23:53:33.150Z,Mix A is good but I prefer something with more power; Mix B drums are good; Mix C guitar too loud; Mix D music and vocals good; Mix E is well balanced but I prefer D and B,Mix A is good but I prefer something with more power; Mix B drums are good; Mix C guitar too loud; Mix D music and vocals good; Mix E is well balanced but I prefer D and B,104657,assets/audio/study-stimuli/main-study/group_01/song_b_id_like_to_know/pxl_s3.wav,0.0606486909091,15.0860643387,0.0243665315211,-0.00842856336385,0.3234844364321996,-1.065060189455143,-1.1651773700507613,-0.0982478955990668
12,P022,7f345780-e8e4-484c-aadf-5812b7df7a6a,five_mix_frontend_v1_2026-08-06,five_mix_netlify_forms_v1,five_mix_frontend_v1_2026-08-06,completed,group_01,group_01,2026-08-17 00:39:47.261,2026-08-17 00:56:07.256,2026-08-17 00:56:07.834,980.0,6,5,30,6,True,27,P022__trial_06,6,EDR-1,EDR-1,3,id_like_to_know,group_01_song_b_id_like_to_know,2,Song B,B,2,mix_6f8b655d7999,id_like_to_know_pxl_s2,mix_6f8b655d7999,id_like_to_know_pxl_s2,True,93,True,True,2026-08-16T23:53:35.357Z,Mix A is good but I prefer something with more power; Mix B drums are good; Mix C guitar too loud; Mix D music and vocals good; Mix E is well balanced but I prefer D and B,Mix A is good but I prefer something with more power; Mix B drums are good; Mix C guitar too loud; Mix D music and vocals good; Mix E is well balanced but I prefer D and B,104657,assets/audio/study-stimuli/main-study/group_01/song_b_id_like_to_know/pxl_s2.wav,0.0616230294108,14.7642059326,0.049424380064,0.0224525164813,0.5329997864789321,-1.1874673519330532,-0.7637519766505488,0.5510366380169074
12,P022,7f345780-e8e4-484c-aadf-5812b7df7a6a,five_mix_frontend_v1_2026-08-06,five_mix_netlify_forms_v1,five_mix_frontend_v1_2026-08-06,completed,group_01,group_01,2026-08-17 00:39:47.261,2026-08-17 00:56:07.256,2026-08-17 00:56:07.834,980.0,6,5,30,6,True,28,P022__trial_06,6,EDR-1,EDR-1,3,id_like_to_know,group_01_song_b_id_like_to_know,2,Song B,C,3,mix_82d60d7c7fc5,id_like_to_know_pxl_s5,mix_82d60d7c7fc5,id_like_to_know_pxl_s5,True,28,True,True,2026-08-16T23:53:36.456Z,Mix A is good but I prefer something with more power; Mix B drums are good; Mix C guitar too loud; Mix D music and vocals good; Mix E is well balanced but I prefer D and B,Mix A is good but I prefer something with more power; Mix B drums are good; Mix C guitar too loud; Mix D music and vocals good; Mix E is well balanced but I prefer D and B,104657,assets/audio/study-stimuli/main-study/group_01/song_b_id_like_to_know/pxl_s5.wav,0.0574779175222,17.4848575592,0.146866813302,0.0736307501793,-0.3583378408524605,-0.1527662554529231,0.7972705919658362,1.6270752922517937
12,P022,7f345780-e8e4-484c-aadf-5812b7df7a6a,five_mix_frontend_v1_2026-08-06,five_mix_netlify_forms_v1,five_mix_frontend_v1_2026-08-06,completed,group_01,group_01,2026-08-17 00:39:47.261,2026-08-17 00:56:07.256,2026-08-17 00:56:07.834,980.0,6,5,30,6,True,29,P022__trial_06,6,EDR-1,EDR-1,3,id_like_to_know,group_01_song_b_id_like_to_know,2,Song B,D,4,mix_9ffcd672af17,id_like_to_know_pxl_s1,mix_9ffcd672af17,id_like_to_know_pxl_s1,True,80,True,True,2026-08-16T23:53:37.546Z,Mix A is good but I prefer something with more power; Mix B drums are good; Mix C guitar too loud; Mix D music and vocals good; Mix E is well balanced but I prefer D and B,Mix A is good but I prefer something with more power; Mix B drums are good; Mix C guitar too loud; Mix D music and vocals good; Mix E is well balanced but I prefer D and B,104657,assets/audio/study-stimuli/main-study/group_01/song_b_id_like_to_know/pxl_s1.wav,0.0565126091242,16.3633155823,0.0668171644211,0.0607972890139,-0.5659114167269081,-0.579304038497624,-0.4851205015292653,1.357247686182373
12,P022,7f345780-e8e4-484c-aadf-5812b7df7a6a,five_mix_frontend_v1_2026-08-06,five_mix_netlify_forms_v1,five_mix_frontend_v1_2026-08-06,completed,group_01,group_01,2026-08-17 00:39:47.261,2026-08-17 00:56:07.256,2026-08-17 00:56:07.834,980.0,6,5,30,6,True,30,P022__trial_06,6,EDR-1,EDR-1,3,id_like_to_know,group_01_song_b_id_like_to_know,2,Song B,E,5,mix_b393d3919c78,id_like_to_know_pxl_s7,mix_b393d3919c78,id_like_to_know_pxl_s7,True,50,True,True,2026-08-16T23:53:38.545Z,Mix A is good but I prefer something with more power; Mix B drums are good; Mix C guitar too loud; Mix D music and vocals good; Mix E is well balanced but I prefer D and B,Mix A is good but I prefer something with more power; Mix B drums are good; Mix C guitar too loud; Mix D music and vocals good; Mix E is well balanced but I prefer D and B,104657,assets/audio/study-stimuli/main-study/group_01/song_b_id_like_to_know/pxl_s7.wav,0.0551121532917,16.2593574524,0.0769432634115,-0.0537673681974,-0.867056238017743,-0.6188407399054331,-0.3229009373128245,-1.0515106991885117
13,P021,4aebdeb9-2896-487d-9c41-aa62dd252485,five_mix_frontend_v1_2026-08-06,five_mix_netlify_forms_v1,five_mix_frontend_v1_2026-08-06,completed,group_01,group_01,2026-08-16 18:57:31.860,2026-08-16 19:30:38.429,2026-08-16 19:30:38.815,1987.0,6,5,30,6,True,1,P021__trial_01,1,EDR-1,EDR-1,1,lead_me,group_01_song_a_lead_me,1,Song A,A,1,mix_271852ba8676,lead_me_du_e,mix_271852ba8676,lead_me_du_e,True,44,True,True,2026-08-16T18:15:46.005Z,Dejo las versiones en fair no tengo mucho la habilidad del oído ya que las detecto igual por ese motivo las dejo ahí y no podría comentar mucho de la diferencia una de otra por ese mismo motivo al menos personalmente.,Dejo las versiones en fair no tengo mucho la habilidad del oído ya que las detecto igual por ese motivo las dejo ahí y no podría comentar mucho de la diferencia una de otra por ese mismo motivo al menos personalmente.,303598,assets/audio/study-stimuli/main-study/group_01/song_a_lead_me/du_e.wav,0.0543773770332,19.2538223267,0.0430038608611,0.0436125770211,-1.0250576971995913,0.5199952869185839,-0.8666083508697964,0.9959336464039888
13,P021,4aebdeb9-2896-487d-9c41-aa62dd252485,five_mix_frontend_v1_2026-08-06,five_mix_netlify_forms_v1,five_mix_frontend_v1_2026-08-06,completed,group_01,group_01,2026-08-16 18:57:31.860,2026-08-16 19:30:38.429,2026-08-16 19:30:38.815,1987.0,6,5,30,6,True,2,P021__trial_01,1,EDR-1,EDR-1,1,lead_me,group_01_song_a_lead_me,1,Song A,B,2,mix_d5b28dfc8a93,lead_me_pxl_l1,mix_d5b28dfc8a93,lead_me_pxl_l1,True,45,True,True,2026-08-16T18:15:17.465Z,Dejo las versiones en fair no tengo mucho la habilidad del oído ya que las detecto igual por ese motivo las dejo ahí y no podría comentar mucho de la diferencia una de otra por ese mismo motivo al menos personalmente.,Dejo las versiones en fair no tengo mucho la habilidad del oído ya que las detecto igual por ese motivo las dejo ahí y no podría comentar mucho de la diferencia una de otra por ese mismo motivo al menos personalmente.,303598,assets/audio/study-stimuli/main-study/group_01/song_a_lead_me/pxl_l1.wav,0.0591329820454,16.9195213318,0.0170932952315,-0.0129087874666,-0.0024436394808062,-0.3677713699084406,-1.2816942263900757,-0.1924460334762285
13,P021,4aebdeb9-2896-487d-9c41-aa62dd252485,five_mix_frontend_v1_2026-08-06,five_mix_netlify_forms_v1,five_mix_frontend_v1_2026-08-06,completed,group_01,group_01,2026-08-16 18:57:31.860,2026-08-16 19:30:38.429,2026-08-16 19:30:38.815,1987.0,6,5,30,6,True,3,P021__trial_01,1,EDR-1,EDR-1,1,lead_me,group_01_song_a_lead_me,1,Song A,C,3,mix_c7d9a071ba25,lead_me_pxl_l4,mix_c7d9a071ba25,lead_me_pxl_l4,True,48,True,True,2026-08-16T18:14:47.213Z,Dejo las versiones en fair no tengo mucho la habilidad del oído ya que las detecto igual por ese motivo las dejo ahí y no podría comentar mucho de la diferencia una de otra por ese mismo motivo al menos personalmente.,Dejo las versiones en fair no tengo mucho la habilidad del oído ya que las detecto igual por ese motivo las dejo ahí y no podría comentar mucho de la diferencia una de otra por ese mismo motivo al menos personalmente.,303598,assets/audio/study-stimuli/main-study/group_01/song_a_lead_me/pxl_l4.wav,0.0588876381516,15.6746520996,0.149041607976,0.109930999577,-0.0552007785055364,-0.8412121981784734,0.8321106863211235,2.390299590706203
13,P021,4aebdeb9-2896-487d-9c41-aa62dd252485,five_mix_frontend_v1_2026-08-06,five_mix_netlify_forms_v1,five_mix_frontend_v1_2026-08-06,completed,group_01,group_01,2026-08-16 18:57:31.860,2026-08-16 19:30:38.429,2026-08-16 19:30:38.815,1987.0,6,5,30,6,True,4,P021__trial_01,1,EDR-1,EDR-1,1,lead_me,group_01_song_a_lead_me,1,Song A,D,4,mix_d3e3580b6e30,lead_me_mcg_pro2,mix_d3e3580b6e30,lead_me_mcg_pro2,True,45,True,True,2026-08-16T18:14:16.802Z,Dejo las versiones en fair no tengo mucho la habilidad del oído ya que las detecto igual por ese motivo las dejo ahí y no podría comentar mucho de la diferencia una de otra por ese mismo motivo al menos personalmente.,Dejo las versiones en fair no tengo mucho la habilidad del oído ya que las detecto igual por ese motivo las dejo ahí y no podría comentar mucho de la diferencia una de otra por ese mismo motivo al menos personalmente.,303598,assets/audio/study-stimuli/main-study/group_01/song_a_lead_me/mcg_pro2.wav,0.0730051249266,20.1463222504,0.0392760001123,-0.00143597240094,2.9805308263561203,0.8594252384169624,-0.9263284806752846,0.048773555233824
13,P021,4aebdeb9-2896-487d-9c41-aa62dd252485,five_mix_frontend_v1_2026-08-06,five_mix_netlify_forms_v1,five_mix_frontend_v1_2026-08-06,completed,group_01,group_01,2026-08-16 18:57:31.860,2026-08-16 19:30:38.429,2026-08-16 19:30:38.815,1987.0,6,5,30,6,True,5,P021__trial_01,1,EDR-1,EDR-1,1,lead_me,group_01_song_a_lead_me,1,Song A,E,5,mix_f1f7973e5bac,lead_me_du_d,mix_f1f7973e5bac,lead_me_du_d,True,46,True,True,2026-08-16T18:13:46.369Z,Dejo las versiones en fair no tengo mucho la habilidad del oído ya que las detecto igual por ese motivo las dejo ahí y no podría comentar mucho de la diferencia una de otra por ese mismo motivo al menos personalmente.,Dejo las versiones en fair no tengo mucho la habilidad del oído ya que las detecto igual por ese motivo las dejo ahí y no podría comentar mucho de la diferencia una de otra por ese mismo motivo al menos personalmente.,303598,assets/audio/study-stimuli/main-study/group_01/song_a_lead_me/du_d.wav,0.0625870004296,13.8143320084,0.117576912045,-0.0521329641342,0.7402857811167308,-1.548717422055362,0.3280479404435016,-1.017146833506479
13,P021,4aebdeb9-2896-487d-9c41-aa62dd252485,five_mix_frontend_v1_2026-08-06,five_mix_netlify_forms_v1,five_mix_frontend_v1_2026-08-06,completed,group_01,group_01,2026-08-16 18:57:31.860,2026-08-16 19:30:38.429,2026-08-16 19:30:38.815,1987.0,6,5,30,6,True,6,P021__trial_02,2,EDR-1,EDR-1,1,id_like_to_know,group_01_song_b_id_like_to_know,2,Song B,A,1,mix_b393d3919c78,id_like_to_know_pxl_s7,mix_b393d3919c78,id_like_to_know_pxl_s7,True,44,True,True,2026-08-16T18:19:37.532Z,Mismo caso me cuesta detectar las diferencias pero alcanzo a percibir que tiene más sonido una que otra y como si tuviera un volumen distinto una de otra pero no influye eso en la categoría en que pondría cada versión y por eso las coloco ahi,Mismo caso me cuesta detectar las diferencias pero alcanzo a percibir que tiene más sonido una que otra y como si tuviera un volumen distinto una de otra pero no influye eso en la categoría en que pondría cada versión y por eso las coloco ahi,234845,assets/audio/study-stimuli/main-study/group_01/song_b_id_like_to_know/pxl_s7.wav,0.0551121532917,16.2593574524,0.0769432634115,-0.0537673681974,-0.867056238017743,-0.6188407399054331,-0.3229009373128245,-1.0515106991885117
13,P021,4aebdeb9-2896-487d-9c41-aa62dd252485,five_mix_frontend_v1_2026-08-06,five_mix_netlify_forms_v1,five_mix_frontend_v1_2026-08-06,completed,group_01,group_01,2026-08-16 18:57:31.860,2026-08-16 19:30:38.429,2026-08-16 19:30:38.815,1987.0,6,5,30,6,True,7,P021__trial_02,2,EDR-1,EDR-1,1,id_like_to_know,group_01_song_b_id_like_to_know,2,Song B,B,2,mix_6f8b655d7999,id_like_to_know_pxl_s2,mix_6f8b655d7999,id_like_to_know_pxl_s2,True,46,True,True,2026-08-16T18:19:28.292Z,Mismo caso me cuesta detectar las diferencias pero alcanzo a percibir que tiene más sonido una que otra y como si tuviera un volumen distinto una de otra pero no influye eso en la categoría en que pondría cada versión y por eso las coloco ahi,Mismo caso me cuesta detectar las diferencias pero alcanzo a percibir que tiene más sonido una que otra y como si tuviera un volumen distinto una de otra pero no influye eso en la categoría en que pondría cada versión y por eso las coloco ahi,234845,assets/audio/study-stimuli/main-study/group_01/song_b_id_like_to_know/pxl_s2.wav,0.0616230294108,14.7642059326,0.049424380064,0.0224525164813,0.5329997864789321,-1.1874673519330532,-0.7637519766505488,0.5510366380169074
13,P021,4aebdeb9-2896-487d-9c41-aa62dd252485,five_mix_frontend_v1_2026-08-06,five_mix_netlify_forms_v1,five_mix_frontend_v1_2026-08-06,completed,group_01,group_01,2026-08-16 18:57:31.860,2026-08-16 19:30:38.429,2026-08-16 19:30:38.815,1987.0,6,5,30,6,True,8,P021__trial_02,2,EDR-1,EDR-1,1,id_like_to_know,group_01_song_b_id_like_to_know,2,Song B,C,3,mix_65f41f41d3ab,id_like_to_know_pxl_s3,mix_65f41f41d3ab,id_like_to_know_pxl_s3,True,57,True,True,2026-08-16T18:19:17.435Z,Mismo caso me cuesta detectar las diferencias pero alcanzo a percibir que tiene más sonido una que otra y como si tuviera un volumen distinto una de otra pero no influye eso en la categoría en que pondría cada versión y por eso las coloco ahi,Mismo caso me cuesta detectar las diferencias pero alcanzo a percibir que tiene más sonido una que otra y como si tuviera un volumen distinto una de otra pero no influye eso en la categoría en que pondría cada versión y por eso las coloco ahi,234845,assets/audio/study-stimuli/main-study/group_01/song_b_id_like_to_know/pxl_s3.wav,0.0606486909091,15.0860643387,0.0243665315211,-0.00842856336385,0.3234844364321996,-1.065060189455143,-1.1651773700507613,-0.0982478955990668
13,P021,4aebdeb9-2896-487d-9c41-aa62dd252485,five_mix_frontend_v1_2026-08-06,five_mix_netlify_forms_v1,five_mix_frontend_v1_2026-08-06,completed,group_01,group_01,2026-08-16 18:57:31.860,2026-08-16 19:30:38.429,2026-08-16 19:30:38.815,1987.0,6,5,30,6,True,9,P021__trial_02,2,EDR-1,EDR-1,1,id_like_to_know,group_01_song_b_id_like_to_know,2,Song B,D,4,mix_82d60d7c7fc5,id_like_to_know_pxl_s5,mix_82d60d7c7fc5,id_like_to_know_pxl_s5,True,55,True,True,2026-08-16T18:19:04.021Z,Mismo caso me cuesta detectar las diferencias pero alcanzo a percibir que tiene más sonido una que otra y como si tuviera un volumen distinto una de otra pero no influye eso en la categoría en que pondría cada versión y por eso las coloco ahi,Mismo caso me cuesta detectar las diferencias pero alcanzo a percibir que tiene más sonido una que otra y como si tuviera un volumen distinto una de otra pero no influye eso en la categoría en que pondría cada versión y por eso las coloco ahi,234845,assets/audio/study-stimuli/main-study/group_01/song_b_id_like_to_know/pxl_s5.wav,0.0574779175222,17.4848575592,0.146866813302,0.0736307501793,-0.3583378408524605,-0.1527662554529231,0.7972705919658362,1.6270752922517937
13,P021,4aebdeb9-2896-487d-9c41-aa62dd252485,five_mix_frontend_v1_2026-08-06,five_mix_netlify_forms_v1,five_mix_frontend_v1_2026-08-06,completed,group_01,group_01,2026-08-16 18:57:31.860,2026-08-16 19:30:38.429,2026-08-16 19:30:38.815,1987.0,6,5,30,6,True,10,P021__trial_02,2,EDR-1,EDR-1,1,id_like_to_know,group_01_song_b_id_like_to_know,2,Song B,E,5,mix_9ffcd672af17,id_like_to_know_pxl_s1,mix_9ffcd672af17,id_like_to_know_pxl_s1,True,51,True,True,2026-08-16T18:18:33.581Z,Mismo caso me cuesta detectar las diferencias pero alcanzo a percibir que tiene más sonido una que otra y como si tuviera un volumen distinto una de otra pero no influye eso en la categoría en que pondría cada versión y por eso las coloco ahi,Mismo caso me cuesta detectar las diferencias pero alcanzo a percibir que tiene más sonido una que otra y como si tuviera un volumen distinto una de otra pero no influye eso en la categoría en que pondría cada versión y por eso las coloco ahi,234845,assets/audio/study-stimuli/main-study/group_01/song_b_id_like_to_know/pxl_s1.wav,0.0565126091242,16.3633155823,0.0668171644211,0.0607972890139,-0.5659114167269081,-0.579304038497624,-0.4851205015292653,1.357247686182373
13,P021,4aebdeb9-2896-487d-9c41-aa62dd252485,five_mix_frontend_v1_2026-08-06,five_mix_netlify_forms_v1,five_mix_frontend_v1_2026-08-06,completed,group_01,group_01,2026-08-16 18:57:31.860,2026-08-16 19:30:38.429,2026-08-16 19:30:38.815,1987.0,6,5,30,6,True,11,P021__trial_03,3,FM-1,FM-1,2,id_like_to_know,group_01_song_b_id_like_to_know,1,Song B,A,1,mix_82d60d7c7fc5,id_like_to_know_pxl_s5,mix_82d60d7c7fc5,id_like_to_know_pxl_s5,True,46,True,True,2026-08-16T18:22:26.708Z,Tendría la misma respuesta no tengo mucha habilidad auditiva por lo que me parecen casi igual y por eso mi decisión ,Tendría la misma respuesta no tengo mucha habilidad auditiva por lo que me parecen casi igual y por eso mi decisión,76988,assets/audio/study-stimuli/main-study/group_01/song_b_id_like_to_know/pxl_s5.wav,0.0574779175222,17.4848575592,0.146866813302,0.0736307501793,-0.3583378408524605,-0.1527662554529231,0.7972705919658362,1.6270752922517937
13,P021,4aebdeb9-2896-487d-9c41-aa62dd252485,five_mix_frontend_v1_2026-08-06,five_mix_netlify_forms_v1,five_mix_frontend_v1_2026-08-06,completed,group_01,group_01,2026-08-16 18:57:31.860,2026-08-16 19:30:38.429,2026-08-16 19:30:38.815,1987.0,6,5,30,6,True,12,P021__trial_03,3,FM-1,FM-1,2,id_like_to_know,group_01_song_b_id_like_to_know,1,Song B,B,2,mix_65f41f41d3ab,id_like_to_know_pxl_s3,mix_65f41f41d3ab,id_like_to_know_pxl_s3,True,53,True,True,2026-08-16T18:22:25.170Z,Tendría la misma respuesta no tengo mucha habilidad auditiva por lo que me parecen casi igual y por eso mi decisión ,Tendría la misma respuesta no tengo mucha habilidad auditiva por lo que me parecen casi igual y por eso mi decisión,76988,assets/audio/study-stimuli/main-study/group_01/song_b_id_like_to_know/pxl_s3.wav,0.0606486909091,15.0860643387,0.0243665315211,-0.00842856336385,0.3234844364321996,-1.065060189455143,-1.1651773700507613,-0.0982478955990668
13,P021,4aebdeb9-2896-487d-9c41-aa62dd252485,five_mix_frontend_v1_2026-08-06,five_mix_netlify_forms_v1,five_mix_frontend_v1_2026-08-06,completed,group_01,group_01,2026-08-16 18:57:31.860,2026-08-16 19:30:38.429,2026-08-16 19:30:38.815,1987.0,6,5,30,6,True,13,P021__trial_03,3,FM-1,FM-1,2,id_like_to_know,group_01_song_b_id_like_to_know,1,Song B,C,3,mix_6f8b655d7999,id_like_to_know_pxl_s2,mix_6f8b655d7999,id_like_to_know_pxl_s2,True,55,True,True,2026-08-16T18:22:23.612Z,Tendría la misma respuesta no tengo mucha habilidad auditiva por lo que me parecen casi igual y por eso mi decisión ,Tendría la misma respuesta no tengo mucha habilidad auditiva por lo que me parecen casi igual y por eso mi decisión,76988,assets/audio/study-stimuli/main-study/group_01/song_b_id_like_to_know/pxl_s2.wav,0.0616230294108,14.7642059326,0.049424380064,0.0224525164813,0.5329997864789321,-1.1874673519330532,-0.7637519766505488,0.5510366380169074
13,P021,4aebdeb9-2896-487d-9c41-aa62dd252485,five_mix_frontend_v1_2026-08-06,five_mix_netlify_forms_v1,five_mix_frontend_v1_2026-08-06,completed,group_01,group_01,2026-08-16 18:57:31.860,2026-08-16 19:30:38.429,2026-08-16 19:30:38.815,1987.0,6,5,30,6,True,14,P021__trial_03,3,FM-1,FM-1,2,id_like_to_know,group_01_song_b_id_like_to_know,1,Song B,D,4,mix_b393d3919c78,id_like_to_know_pxl_s7,mix_b393d3919c78,id_like_to_know_pxl_s7,True,51,True,True,2026-08-16T18:22:22.157Z,Tendría la misma respuesta no tengo mucha habilidad auditiva por lo que me parecen casi igual y por eso mi decisión ,Tendría la misma respuesta no tengo mucha habilidad auditiva por lo que me parecen casi igual y por eso mi decisión,76988,assets/audio/study-stimuli/main-study/group_01/song_b_id_like_to_know/pxl_s7.wav,0.0551121532917,16.2593574524,0.0769432634115,-0.0537673681974,-0.867056238017743,-0.6188407399054331,-0.3229009373128245,-1.0515106991885117
13,P021,4aebdeb9-2896-487d-9c41-aa62dd252485,five_mix_frontend_v1_2026-08-06,five_mix_netlify_forms_v1,five_mix_frontend_v1_2026-08-06,completed,group_01,group_01,2026-08-16 18:57:31.860,2026-08-16 19:30:38.429,2026-08-16 19:30:38.815,1987.0,6,5,30,6,True,15,P021__trial_03,3,FM-1,FM-1,2,id_like_to_know,group_01_song_b_id_like_to_know,1,Song B,E,5,mix_9ffcd672af17,id_like_to_know_pxl_s1,mix_9ffcd672af17,id_like_to_know_pxl_s1,True,55,True,True,2026-08-16T18:22:20.744Z,Tendría la misma respuesta no tengo mucha habilidad auditiva por lo que me parecen casi igual y por eso mi decisión ,Tendría la misma respuesta no tengo mucha habilidad auditiva por lo que me parecen casi igual y por eso mi decisión,76988,assets/audio/study-stimuli/main-study/group_01/song_b_id_like_to_know/pxl_s1.wav,0.0565126091242,16.3633155823,0.0668171644211,0.0607972890139,-0.5659114167269081,-0.579304038497624,-0.4851205015292653,1.357247686182373
13,P021,4aebdeb9-2896-487d-9c41-aa62dd252485,five_mix_frontend_v1_2026-08-06,five_mix_netlify_forms_v1,five_mix_frontend_v1_2026-08-06,completed,group_01,group_01,2026-08-16 18:57:31.860,2026-08-16 19:30:38.429,2026-08-16 19:30:38.815,1987.0,6,5,30,6,True,16,P021__trial_04,4,FM-1,FM-1,2,lead_me,group_01_song_a_lead_me,2,Song A,A,1,mix_f1f7973e5bac,lead_me_du_d,mix_f1f7973e5bac,lead_me_du_d,True,50,True,True,2026-08-16T18:23:55.550Z,Mismo caso que los anteriores igual y si tuviera más mezcla de sonido o que cambiara la cuestión del instrumental para mí tendría más influencia en cambiar de categoría una de otra pero las detecto muy similar las dejo ahí ,Mismo caso que los anteriores igual y si tuviera más mezcla de sonido o que cambiara la cuestión del instrumental para mí tendría más influencia en cambiar de categoría una de otra pero las detecto muy similar las dejo ahí,130717,assets/audio/study-stimuli/main-study/group_01/song_a_lead_me/du_d.wav,0.0625870004296,13.8143320084,0.117576912045,-0.0521329641342,0.7402857811167308,-1.548717422055362,0.3280479404435016,-1.017146833506479
13,P021,4aebdeb9-2896-487d-9c41-aa62dd252485,five_mix_frontend_v1_2026-08-06,five_mix_netlify_forms_v1,five_mix_frontend_v1_2026-08-06,completed,group_01,group_01,2026-08-16 18:57:31.860,2026-08-16 19:30:38.429,2026-08-16 19:30:38.815,1987.0,6,5,30,6,True,17,P021__trial_04,4,FM-1,FM-1,2,lead_me,group_01_song_a_lead_me,2,Song A,B,2,mix_271852ba8676,lead_me_du_e,mix_271852ba8676,lead_me_du_e,True,49,True,True,2026-08-16T18:23:51.331Z,Mismo caso que los anteriores igual y si tuviera más mezcla de sonido o que cambiara la cuestión del instrumental para mí tendría más influencia en cambiar de categoría una de otra pero las detecto muy similar las dejo ahí ,Mismo caso que los anteriores igual y si tuviera más mezcla de sonido o que cambiara la cuestión del instrumental para mí tendría más influencia en cambiar de categoría una de otra pero las detecto muy similar las dejo ahí,130717,assets/audio/study-stimuli/main-study/group_01/song_a_lead_me/du_e.wav,0.0543773770332,19.2538223267,0.0430038608611,0.0436125770211,-1.0250576971995913,0.5199952869185839,-0.8666083508697964,0.9959336464039888
13,P021,4aebdeb9-2896-487d-9c41-aa62dd252485,five_mix_frontend_v1_2026-08-06,five_mix_netlify_forms_v1,five_mix_frontend_v1_2026-08-06,completed,group_01,group_01,2026-08-16 18:57:31.860,2026-08-16 19:30:38.429,2026-08-16 19:30:38.815,1987.0,6,5,30,6,True,18,P021__trial_04,4,FM-1,FM-1,2,lead_me,group_01_song_a_lead_me,2,Song A,C,3,mix_d5b28dfc8a93,lead_me_pxl_l1,mix_d5b28dfc8a93,lead_me_pxl_l1,True,47,True,True,2026-08-16T18:23:49.579Z,Mismo caso que los anteriores igual y si tuviera más mezcla de sonido o que cambiara la cuestión del instrumental para mí tendría más influencia en cambiar de categoría una de otra pero las detecto muy similar las dejo ahí ,Mismo caso que los anteriores igual y si tuviera más mezcla de sonido o que cambiara la cuestión del instrumental para mí tendría más influencia en cambiar de categoría una de otra pero las detecto muy similar las dejo ahí,130717,assets/audio/study-stimuli/main-study/group_01/song_a_lead_me/pxl_l1.wav,0.0591329820454,16.9195213318,0.0170932952315,-0.0129087874666,-0.0024436394808062,-0.3677713699084406,-1.2816942263900757,-0.1924460334762285
13,P021,4aebdeb9-2896-487d-9c41-aa62dd252485,five_mix_frontend_v1_2026-08-06,five_mix_netlify_forms_v1,five_mix_frontend_v1_2026-08-06,completed,group_01,group_01,2026-08-16 18:57:31.860,2026-08-16 19:30:38.429,2026-08-16 19:30:38.815,1987.0,6,5,30,6,True,19,P021__trial_04,4,FM-1,FM-1,2,lead_me,group_01_song_a_lead_me,2,Song A,D,4,mix_d3e3580b6e30,lead_me_mcg_pro2,mix_d3e3580b6e30,lead_me_mcg_pro2,True,47,True,True,2026-08-16T18:23:43.350Z,Mismo caso que los anteriores igual y si tuviera más mezcla de sonido o que cambiara la cuestión del instrumental para mí tendría más influencia en cambiar de categoría una de otra pero las detecto muy similar las dejo ahí ,Mismo caso que los anteriores igual y si tuviera más mezcla de sonido o que cambiara la cuestión del instrumental para mí tendría más influencia en cambiar de categoría una de otra pero las detecto muy similar las dejo ahí,130717,assets/audio/study-stimuli/main-study/group_01/song_a_lead_me/mcg_pro2.wav,0.0730051249266,20.1463222504,0.0392760001123,-0.00143597240094,2.9805308263561203,0.8594252384169624,-0.9263284806752846,0.048773555233824
13,P021,4aebdeb9-2896-487d-9c41-aa62dd252485,five_mix_frontend_v1_2026-08-06,five_mix_netlify_forms_v1,five_mix_frontend_v1_2026-08-06,completed,group_01,group_01,2026-08-16 18:57:31.860,2026-08-16 19:30:38.429,2026-08-16 19:30:38.815,1987.0,6,5,30,6,True,20,P021__trial_04,4,FM-1,FM-1,2,lead_me,group_01_song_a_lead_me,2,Song A,E,5,mix_c7d9a071ba25,lead_me_pxl_l4,mix_c7d9a071ba25,lead_me_pxl_l4,True,49,True,True,2026-08-16T18:23:39.817Z,Mismo caso que los anteriores igual y si tuviera más mezcla de sonido o que cambiara la cuestión del instrumental para mí tendría más influencia en cambiar de categoría una de otra pero las detecto muy similar las dejo ahí ,Mismo caso que los anteriores igual y si tuviera más mezcla de sonido o que cambiara la cuestión del instrumental para mí tendría más influencia en cambiar de categoría una de otra pero las detecto muy similar las dejo ahí,130717,assets/audio/study-stimuli/main-study/group_01/song_a_lead_me/pxl_l4.wav,0.0588876381516,15.6746520996,0.149041607976,0.109930999577,-0.0552007785055364,-0.8412121981784734,0.8321106863211235,2.390299590706203
13,P021,4aebdeb9-2896-487d-9c41-aa62dd252485,five_mix_frontend_v1_2026-08-06,five_mix_netlify_forms_v1,five_mix_frontend_v1_2026-08-06,completed,group_01,group_01,2026-08-16 18:57:31.860,2026-08-16 19:30:38.429,2026-08-16 19:30:38.815,1987.0,6,5,30,6,True,21,P021__trial_05,5,EDR-2,EDR-2,3,lead_me,group_01_song_a_lead_me,1,Song A,A,1,mix_271852ba8676,lead_me_du_e,mix_271852ba8676,lead_me_du_e,True,47,True,True,2026-08-16T18:26:37.474Z,Mismo caso no noto ninguna diferencia importante para que influya en mi decisión por lo que al sentirlas muy similares las dejo ahí ,Mismo caso no noto ninguna diferencia importante para que influya en mi decisión por lo que al sentirlas muy similares las dejo ahí,95577,assets/audio/study-stimuli/main-study/group_01/song_a_lead_me/du_e.wav,0.0543773770332,19.2538223267,0.0430038608611,0.0436125770211,-1.0250576971995913,0.5199952869185839,-0.8666083508697964,0.9959336464039888
13,P021,4aebdeb9-2896-487d-9c41-aa62dd252485,five_mix_frontend_v1_2026-08-06,five_mix_netlify_forms_v1,five_mix_frontend_v1_2026-08-06,completed,group_01,group_01,2026-08-16 18:57:31.860,2026-08-16 19:30:38.429,2026-08-16 19:30:38.815,1987.0,6,5,30,6,True,22,P021__trial_05,5,EDR-2,EDR-2,3,lead_me,group_01_song_a_lead_me,1,Song A,B,2,mix_d5b28dfc8a93,lead_me_pxl_l1,mix_d5b28dfc8a93,lead_me_pxl_l1,True,47,True,True,2026-08-16T18:26:34.244Z,Mismo caso no noto ninguna diferencia importante para que influya en mi decisión por lo que al sentirlas muy similares las dejo ahí ,Mismo caso no noto ninguna diferencia importante para que influya en mi decisión por lo que al sentirlas muy similares las dejo ahí,95577,assets/audio/study-stimuli/main-study/group_01/song_a_lead_me/pxl_l1.wav,0.0591329820454,16.9195213318,0.0170932952315,-0.0129087874666,-0.0024436394808062,-0.3677713699084406,-1.2816942263900757,-0.1924460334762285
13,P021,4aebdeb9-2896-487d-9c41-aa62dd252485,five_mix_frontend_v1_2026-08-06,five_mix_netlify_forms_v1,five_mix_frontend_v1_2026-08-06,completed,group_01,group_01,2026-08-16 18:57:31.860,2026-08-16 19:30:38.429,2026-08-16 19:30:38.815,1987.0,6,5,30,6,True,23,P021__trial_05,5,EDR-2,EDR-2,3,lead_me,group_01_song_a_lead_me,1,Song A,C,3,mix_c7d9a071ba25,lead_me_pxl_l4,mix_c7d9a071ba25,lead_me_pxl_l4,True,46,True,True,2026-08-16T18:26:29.172Z,Mismo caso no noto ninguna diferencia importante para que influya en mi decisión por lo que al sentirlas muy similares las dejo ahí ,Mismo caso no noto ninguna diferencia importante para que influya en mi decisión por lo que al sentirlas muy similares las dejo ahí,95577,assets/audio/study-stimuli/main-study/group_01/song_a_lead_me/pxl_l4.wav,0.0588876381516,15.6746520996,0.149041607976,0.109930999577,-0.0552007785055364,-0.8412121981784734,0.8321106863211235,2.390299590706203
13,P021,4aebdeb9-2896-487d-9c41-aa62dd252485,five_mix_frontend_v1_2026-08-06,five_mix_netlify_forms_v1,five_mix_frontend_v1_2026-08-06,completed,group_01,group_01,2026-08-16 18:57:31.860,2026-08-16 19:30:38.429,2026-08-16 19:30:38.815,1987.0,6,5,30,6,True,24,P021__trial_05,5,EDR-2,EDR-2,3,lead_me,group_01_song_a_lead_me,1,Song A,D,4,mix_f1f7973e5bac,lead_me_du_d,mix_f1f7973e5bac,lead_me_du_d,True,45,True,True,2026-08-16T18:26:25.087Z,Mismo caso no noto ninguna diferencia importante para que influya en mi decisión por lo que al sentirlas muy similares las dejo ahí ,Mismo caso no noto ninguna diferencia importante para que influya en mi decisión por lo que al sentirlas muy similares las dejo ahí,95577,assets/audio/study-stimuli/main-study/group_01/song_a_lead_me/du_d.wav,0.0625870004296,13.8143320084,0.117576912045,-0.0521329641342,0.7402857811167308,-1.548717422055362,0.3280479404435016,-1.017146833506479
13,P021,4aebdeb9-2896-487d-9c41-aa62dd252485,five_mix_frontend_v1_2026-08-06,five_mix_netlify_forms_v1,five_mix_frontend_v1_2026-08-06,completed,group_01,group_01,2026-08-16 18:57:31.860,2026-08-16 19:30:38.429,2026-08-16 19:30:38.815,1987.0,6,5,30,6,True,25,P021__trial_05,5,EDR-2,EDR-2,3,lead_me,group_01_song_a_lead_me,1,Song A,E,5,mix_d3e3580b6e30,lead_me_mcg_pro2,mix_d3e3580b6e30,lead_me_mcg_pro2,True,47,True,True,2026-08-16T18:26:03.167Z,Mismo caso no noto ninguna diferencia importante para que influya en mi decisión por lo que al sentirlas muy similares las dejo ahí ,Mismo caso no noto ninguna diferencia importante para que influya en mi decisión por lo que al sentirlas muy similares las dejo ahí,95577,assets/audio/study-stimuli/main-study/group_01/song_a_lead_me/mcg_pro2.wav,0.0730051249266,20.1463222504,0.0392760001123,-0.00143597240094,2.9805308263561203,0.8594252384169624,-0.9263284806752846,0.048773555233824
13,P021,4aebdeb9-2896-487d-9c41-aa62dd252485,five_mix_frontend_v1_2026-08-06,five_mix_netlify_forms_v1,five_mix_frontend_v1_2026-08-06,completed,group_01,group_01,2026-08-16 18:57:31.860,2026-08-16 19:30:38.429,2026-08-16 19:30:38.815,1987.0,6,5,30,6,True,26,P021__trial_06,6,EDR-2,EDR-2,3,id_like_to_know,group_01_song_b_id_like_to_know,2,Song B,A,1,mix_82d60d7c7fc5,id_like_to_know_pxl_s5,mix_82d60d7c7fc5,id_like_to_know_pxl_s5,True,50,True,True,2026-08-16T18:27:40.660Z,Sería lo mismo con estas versiones necesitaría una versión más distinta para poder catalogar una de otra así que por lo mismo las coloco a todas ahí ,Sería lo mismo con estas versiones necesitaría una versión más distinta para poder catalogar una de otra así que por lo mismo las coloco a todas ahí,60059,assets/audio/study-stimuli/main-study/group_01/song_b_id_like_to_know/pxl_s5.wav,0.0574779175222,17.4848575592,0.146866813302,0.0736307501793,-0.3583378408524605,-0.1527662554529231,0.7972705919658362,1.6270752922517937
13,P021,4aebdeb9-2896-487d-9c41-aa62dd252485,five_mix_frontend_v1_2026-08-06,five_mix_netlify_forms_v1,five_mix_frontend_v1_2026-08-06,completed,group_01,group_01,2026-08-16 18:57:31.860,2026-08-16 19:30:38.429,2026-08-16 19:30:38.815,1987.0,6,5,30,6,True,27,P021__trial_06,6,EDR-2,EDR-2,3,id_like_to_know,group_01_song_b_id_like_to_know,2,Song B,B,2,mix_9ffcd672af17,id_like_to_know_pxl_s1,mix_9ffcd672af17,id_like_to_know_pxl_s1,True,51,True,True,2026-08-16T18:27:38.172Z,Sería lo mismo con estas versiones necesitaría una versión más distinta para poder catalogar una de otra así que por lo mismo las coloco a todas ahí ,Sería lo mismo con estas versiones necesitaría una versión más distinta para poder catalogar una de otra así que por lo mismo las coloco a todas ahí,60059,assets/audio/study-stimuli/main-study/group_01/song_b_id_like_to_know/pxl_s1.wav,0.0565126091242,16.3633155823,0.0668171644211,0.0607972890139,-0.5659114167269081,-0.579304038497624,-0.4851205015292653,1.357247686182373
13,P021,4aebdeb9-2896-487d-9c41-aa62dd252485,five_mix_frontend_v1_2026-08-06,five_mix_netlify_forms_v1,five_mix_frontend_v1_2026-08-06,completed,group_01,group_01,2026-08-16 18:57:31.860,2026-08-16 19:30:38.429,2026-08-16 19:30:38.815,1987.0,6,5,30,6,True,28,P021__trial_06,6,EDR-2,EDR-2,3,id_like_to_know,group_01_song_b_id_like_to_know,2,Song B,C,3,mix_65f41f41d3ab,id_like_to_know_pxl_s3,mix_65f41f41d3ab,id_like_to_know_pxl_s3,True,51,True,True,2026-08-16T18:27:36.540Z,Sería lo mismo con estas versiones necesitaría una versión más distinta para poder catalogar una de otra así que por lo mismo las coloco a todas ahí ,Sería lo mismo con estas versiones necesitaría una versión más distinta para poder catalogar una de otra así que por lo mismo las coloco a todas ahí,60059,assets/audio/study-stimuli/main-study/group_01/song_b_id_like_to_know/pxl_s3.wav,0.0606486909091,15.0860643387,0.0243665315211,-0.00842856336385,0.3234844364321996,-1.065060189455143,-1.1651773700507613,-0.0982478955990668
13,P021,4aebdeb9-2896-487d-9c41-aa62dd252485,five_mix_frontend_v1_2026-08-06,five_mix_netlify_forms_v1,five_mix_frontend_v1_2026-08-06,completed,group_01,group_01,2026-08-16 18:57:31.860,2026-08-16 19:30:38.429,2026-08-16 19:30:38.815,1987.0,6,5,30,6,True,29,P021__trial_06,6,EDR-2,EDR-2,3,id_like_to_know,group_01_song_b_id_like_to_know,2,Song B,D,4,mix_6f8b655d7999,id_like_to_know_pxl_s2,mix_6f8b655d7999,id_like_to_know_pxl_s2,True,48,True,True,2026-08-16T18:27:30.656Z,Sería lo mismo con estas versiones necesitaría una versión más distinta para poder catalogar una de otra así que por lo mismo las coloco a todas ahí ,Sería lo mismo con estas versiones necesitaría una versión más distinta para poder catalogar una de otra así que por lo mismo las coloco a todas ahí,60059,assets/audio/study-stimuli/main-study/group_01/song_b_id_like_to_know/pxl_s2.wav,0.0616230294108,14.7642059326,0.049424380064,0.0224525164813,0.5329997864789321,-1.1874673519330532,-0.7637519766505488,0.5510366380169074
13,P021,4aebdeb9-2896-487d-9c41-aa62dd252485,five_mix_frontend_v1_2026-08-06,five_mix_netlify_forms_v1,five_mix_frontend_v1_2026-08-06,completed,group_01,group_01,2026-08-16 18:57:31.860,2026-08-16 19:30:38.429,2026-08-16 19:30:38.815,1987.0,6,5,30,6,True,30,P021__trial_06,6,EDR-2,EDR-2,3,id_like_to_know,group_01_song_b_id_like_to_know,2,Song B,E,5,mix_b393d3919c78,id_like_to_know_pxl_s7,mix_b393d3919c78,id_like_to_know_pxl_s7,True,50,True,True,2026-08-16T18:27:25.691Z,Sería lo mismo con estas versiones necesitaría una versión más distinta para poder catalogar una de otra así que por lo mismo las coloco a todas ahí ,Sería lo mismo con estas versiones necesitaría una versión más distinta para poder catalogar una de otra así que por lo mismo las coloco a todas ahí,60059,assets/audio/study-stimuli/main-study/group_01/song_b_id_like_to_know/pxl_s7.wav,0.0551121532917,16.2593574524,0.0769432634115,-0.0537673681974,-0.867056238017743,-0.6188407399054331,-0.3229009373128245,-1.0515106991885117
14,P020,a8c1b8a2-4d90-4d02-ae5c-ca62c59baee3,five_mix_frontend_v1_2026-08-06,five_mix_netlify_forms_v1,five_mix_frontend_v1_2026-08-06,completed,group_02,group_02,,2026-08-16 15:46:42.419,2026-08-16 15:46:42.957,,6,5,30,6,True,1,P020__trial_01,1,FM-1,FM-1,1,in_the_meantime,group_02_song_a_in_the_meantime,1,Song A,A,1,mix_c7bdcba64775,in_the_meantime_qut_b,mix_c7bdcba64775,in_the_meantime_qut_b,True,84,True,True,2026-08-16T14:33:41.548Z,"A: easy to listen, sounds comfortable
B: sounds more comfortable than others
C: background music sounds a bit noisy 
D: sounds like it has better audio quality
E: can't hear the vocal too much
","A: easy to listen, sounds comfortable
B: sounds more comfortable than others
C: background music sounds a bit noisy 
D: sounds like it has better audio quality
E: can't hear the vocal too much",151039,assets/audio/study-stimuli/main-study/group_02/song_a_in_the_meantime/qut_b.wav,0.0560294315219,17.366355896,0.000543582602404,0.000562923552934,-0.6698107538710293,-0.1978340618743536,-1.5468197375217057,0.0908009789400507
14,P020,a8c1b8a2-4d90-4d02-ae5c-ca62c59baee3,five_mix_frontend_v1_2026-08-06,five_mix_netlify_forms_v1,five_mix_frontend_v1_2026-08-06,completed,group_02,group_02,,2026-08-16 15:46:42.419,2026-08-16 15:46:42.957,,6,5,30,6,True,2,P020__trial_01,1,FM-1,FM-1,1,in_the_meantime,group_02_song_a_in_the_meantime,1,Song A,B,2,mix_302f0efe8a80,in_the_meantime_du_h,mix_302f0efe8a80,in_the_meantime_du_h,True,93,True,True,2026-08-16T14:34:07.736Z,"A: easy to listen, sounds comfortable
B: sounds more comfortable than others
C: background music sounds a bit noisy 
D: sounds like it has better audio quality
E: can't hear the vocal too much
","A: easy to listen, sounds comfortable
B: sounds more comfortable than others
C: background music sounds a bit noisy 
D: sounds like it has better audio quality
E: can't hear the vocal too much",151039,assets/audio/study-stimuli/main-study/group_02/song_a_in_the_meantime/du_h.wav,0.0623472034931,18.601518631,0.0428314469755,0.0354086197913,0.6887214233465396,0.2719152524959843,-0.8693704120952901,0.8234428342152216
14,P020,a8c1b8a2-4d90-4d02-ae5c-ca62c59baee3,five_mix_frontend_v1_2026-08-06,five_mix_netlify_forms_v1,five_mix_frontend_v1_2026-08-06,completed,group_02,group_02,,2026-08-16 15:46:42.419,2026-08-16 15:46:42.957,,6,5,30,6,True,3,P020__trial_01,1,FM-1,FM-1,1,in_the_meantime,group_02_song_a_in_the_meantime,1,Song A,C,3,mix_9baa86357fd4,in_the_meantime_du_i,mix_9baa86357fd4,in_the_meantime_du_i,True,48,True,True,2026-08-16T14:34:35.076Z,"A: easy to listen, sounds comfortable
B: sounds more comfortable than others
C: background music sounds a bit noisy 
D: sounds like it has better audio quality
E: can't hear the vocal too much
","A: easy to listen, sounds comfortable
B: sounds more comfortable than others
C: background music sounds a bit noisy 
D: sounds like it has better audio quality
E: can't hear the vocal too much",151039,assets/audio/study-stimuli/main-study/group_02/song_a_in_the_meantime/du_i.wav,0.0503131300211,22.9316368103,0.130904406309,-0.0380811542273,-1.8990066727669184,1.9187185345499165,0.5415536857115313,-0.721703057329889
14,P020,a8c1b8a2-4d90-4d02-ae5c-ca62c59baee3,five_mix_frontend_v1_2026-08-06,five_mix_netlify_forms_v1,five_mix_frontend_v1_2026-08-06,completed,group_02,group_02,,2026-08-16 15:46:42.419,2026-08-16 15:46:42.957,,6,5,30,6,True,4,P020__trial_01,1,FM-1,FM-1,1,in_the_meantime,group_02_song_a_in_the_meantime,1,Song A,D,4,mix_cdaef40f2b94,in_the_meantime_qut_pro,mix_cdaef40f2b94,in_the_meantime_qut_pro,True,96,True,True,2026-08-16T14:35:17.208Z,"A: easy to listen, sounds comfortable
B: sounds more comfortable than others
C: background music sounds a bit noisy 
D: sounds like it has better audio quality
E: can't hear the vocal too much
","A: easy to listen, sounds comfortable
B: sounds more comfortable than others
C: background music sounds a bit noisy 
D: sounds like it has better audio quality
E: can't hear the vocal too much",151039,assets/audio/study-stimuli/main-study/group_02/song_a_in_the_meantime/qut_pro.wav,0.0560023784637,14.1143035889,0.212649226189,-0.0385963246226,-0.6756280657690176,-1.4346341192827423,1.8511013279434223,-0.7325346788768815
14,P020,a8c1b8a2-4d90-4d02-ae5c-ca62c59baee3,five_mix_frontend_v1_2026-08-06,five_mix_netlify_forms_v1,five_mix_frontend_v1_2026-08-06,completed,group_02,group_02,,2026-08-16 15:46:42.419,2026-08-16 15:46:42.957,,6,5,30,6,True,5,P020__trial_01,1,FM-1,FM-1,1,in_the_meantime,group_02_song_a_in_the_meantime,1,Song A,E,5,mix_56e65a3ce054,in_the_meantime_du_k,mix_56e65a3ce054,in_the_meantime_du_k,True,41,True,True,2026-08-16T14:35:48.575Z,"A: easy to listen, sounds comfortable
B: sounds more comfortable than others
C: background music sounds a bit noisy 
D: sounds like it has better audio quality
E: can't hear the vocal too much
","A: easy to listen, sounds comfortable
B: sounds more comfortable than others
C: background music sounds a bit noisy 
D: sounds like it has better audio quality
E: can't hear the vocal too much",151039,assets/audio/study-stimuli/main-study/group_02/song_a_in_the_meantime/du_k.wav,0.0539390221238,22.5979270935,0.15773075819,0.0170408543199,-1.1193186569455127,1.7918041562064675,0.9713104079970216,0.4372547184671072
14,P020,a8c1b8a2-4d90-4d02-ae5c-ca62c59baee3,five_mix_frontend_v1_2026-08-06,five_mix_netlify_forms_v1,five_mix_frontend_v1_2026-08-06,completed,group_02,group_02,,2026-08-16 15:46:42.419,2026-08-16 15:46:42.957,,6,5,30,6,True,6,P020__trial_02,2,FM-1,FM-1,1,pouring_room,group_02_song_b_pouring_room,2,Song B,A,1,mix_e08faaf8bbb3,pouring_room_mcg_v,mix_e08faaf8bbb3,pouring_room_mcg_v,True,63,True,True,2026-08-16T14:36:13.532Z,"music was too calm overall, I would listen to other songs
A,B: sounds calm and comfortable compare to others","music was too calm overall, I would listen to other songs
A,B: sounds calm and comfortable compare to others",94364,assets/audio/study-stimuli/main-study/group_02/song_b_pouring_room/mcg_v.wav,0.0600788630545,20.8109931946,0.0795278027654,-0.0483895651996,0.2009523983216312,1.112208706920678,-0.2814967551013548,-0.938440679331238
14,P020,a8c1b8a2-4d90-4d02-ae5c-ca62c59baee3,five_mix_frontend_v1_2026-08-06,five_mix_netlify_forms_v1,five_mix_frontend_v1_2026-08-06,completed,group_02,group_02,,2026-08-16 15:46:42.419,2026-08-16 15:46:42.957,,6,5,30,6,True,7,P020__trial_02,2,FM-1,FM-1,1,pouring_room,group_02_song_b_pouring_room,2,Song B,B,2,mix_0ba76f420c1d,pouring_room_mcg_r,mix_0ba76f420c1d,pouring_room_mcg_r,True,53,True,True,2026-08-16T14:36:48.444Z,"music was too calm overall, I would listen to other songs
A,B: sounds calm and comfortable compare to others","music was too calm overall, I would listen to other songs
A,B: sounds calm and comfortable compare to others",94364,assets/audio/study-stimuli/main-study/group_02/song_b_pouring_room/mcg_r.wav,0.060190629214,16.5152053833,0.14739459753,-0.0638295859098,0.2249858589620197,-0.521538265731174,0.8057256670690561,-1.2630720295337683
14,P020,a8c1b8a2-4d90-4d02-ae5c-ca62c59baee3,five_mix_frontend_v1_2026-08-06,five_mix_netlify_forms_v1,five_mix_frontend_v1_2026-08-06,completed,group_02,group_02,,2026-08-16 15:46:42.419,2026-08-16 15:46:42.957,,6,5,30,6,True,8,P020__trial_02,2,FM-1,FM-1,1,pouring_room,group_02_song_b_pouring_room,2,Song B,C,3,mix_132e75f34470,pouring_room_mcg_pro1,mix_132e75f34470,pouring_room_mcg_pro1,True,44,True,True,2026-08-16T14:36:55.352Z,"music was too calm overall, I would listen to other songs
A,B: sounds calm and comfortable compare to others","music was too calm overall, I would listen to other songs
A,B: sounds calm and comfortable compare to others",94364,assets/audio/study-stimuli/main-study/group_02/song_b_pouring_room/mcg_pro1.wav,0.0646217316389,18.2459716797,0.0750391855836,-0.0488145165145,1.177821012274786,0.1366958746221527,-0.3534041622732912,-0.9473754159948484
14,P020,a8c1b8a2-4d90-4d02-ae5c-ca62c59baee3,five_mix_frontend_v1_2026-08-06,five_mix_netlify_forms_v1,five_mix_frontend_v1_2026-08-06,completed,group_02,group_02,,2026-08-16 15:46:42.419,2026-08-16 15:46:42.957,,6,5,30,6,True,9,P020__trial_02,2,FM-1,FM-1,1,pouring_room,group_02_song_b_pouring_room,2,Song B,D,4,mix_cbf8555ee2b2,pouring_room_mcg_x,mix_cbf8555ee2b2,pouring_room_mcg_x,True,40,True,True,2026-08-16T14:37:28.594Z,"music was too calm overall, I would listen to other songs
A,B: sounds calm and comfortable compare to others","music was too calm overall, I would listen to other songs
A,B: sounds calm and comfortable compare to others",94364,assets/audio/study-stimuli/main-study/group_02/song_b_pouring_room/mcg_x.wav,0.0612343810499,19.9389343262,0.147577553988,-0.0265915170312,0.4494273963527286,0.780552768870155,0.8086566197405122,-0.4801297779726206
14,P020,a8c1b8a2-4d90-4d02-ae5c-ca62c59baee3,five_mix_frontend_v1_2026-08-06,five_mix_netlify_forms_v1,five_mix_frontend_v1_2026-08-06,completed,group_02,group_02,,2026-08-16 15:46:42.419,2026-08-16 15:46:42.957,,6,5,30,6,True,10,P020__trial_02,2,FM-1,FM-1,1,pouring_room,group_02_song_b_pouring_room,2,Song B,E,5,mix_be2ccd4c43ff,pouring_room_mcg_t,mix_be2ccd4c43ff,pouring_room_mcg_t,True,29,True,True,2026-08-16T14:37:35.816Z,"music was too calm overall, I would listen to other songs
A,B: sounds calm and comfortable compare to others","music was too calm overall, I would listen to other songs
A,B: sounds calm and comfortable compare to others",94364,assets/audio/study-stimuli/main-study/group_02/song_b_pouring_room/mcg_t.wav,0.0587656274438,20.841550827,0.217380493879,-0.0455747283995,-0.0814371595061495,1.1238301932737935,1.926895983278192,-0.8792578396079359
14,P020,a8c1b8a2-4d90-4d02-ae5c-ca62c59baee3,five_mix_frontend_v1_2026-08-06,five_mix_netlify_forms_v1,five_mix_frontend_v1_2026-08-06,completed,group_02,group_02,,2026-08-16 15:46:42.419,2026-08-16 15:46:42.957,,6,5,30,6,True,11,P020__trial_03,3,EDR-2,EDR-2,2,in_the_meantime,group_02_song_a_in_the_meantime,1,Song A,A,1,mix_9baa86357fd4,in_the_meantime_du_i,mix_9baa86357fd4,in_the_meantime_du_i,True,29,True,True,2026-08-16T14:37:47.032Z,"The music is too fast-paced, so I don’t think it would help create a calm atmosphere.
C is relatively less noisy compared to the others","The music is too fast-paced, so I don’t think it would help create a calm atmosphere.
C is relatively less noisy compared to the others",136580,assets/audio/study-stimuli/main-study/group_02/song_a_in_the_meantime/du_i.wav,0.0503131300211,22.9316368103,0.130904406309,-0.0380811542273,-1.8990066727669184,1.9187185345499165,0.5415536857115313,-0.721703057329889
14,P020,a8c1b8a2-4d90-4d02-ae5c-ca62c59baee3,five_mix_frontend_v1_2026-08-06,five_mix_netlify_forms_v1,five_mix_frontend_v1_2026-08-06,completed,group_02,group_02,,2026-08-16 15:46:42.419,2026-08-16 15:46:42.957,,6,5,30,6,True,12,P020__trial_03,3,EDR-2,EDR-2,2,in_the_meantime,group_02_song_a_in_the_meantime,1,Song A,B,2,mix_c7bdcba64775,in_the_meantime_qut_b,mix_c7bdcba64775,in_the_meantime_qut_b,True,49,True,True,2026-08-16T14:39:54.815Z,"The music is too fast-paced, so I don’t think it would help create a calm atmosphere.
C is relatively less noisy compared to the others","The music is too fast-paced, so I don’t think it would help create a calm atmosphere.
C is relatively less noisy compared to the others",136580,assets/audio/study-stimuli/main-study/group_02/song_a_in_the_meantime/qut_b.wav,0.0560294315219,17.366355896,0.000543582602404,0.000562923552934,-0.6698107538710293,-0.1978340618743536,-1.5468197375217057,0.0908009789400507
14,P020,a8c1b8a2-4d90-4d02-ae5c-ca62c59baee3,five_mix_frontend_v1_2026-08-06,five_mix_netlify_forms_v1,five_mix_frontend_v1_2026-08-06,completed,group_02,group_02,,2026-08-16 15:46:42.419,2026-08-16 15:46:42.957,,6,5,30,6,True,13,P020__trial_03,3,EDR-2,EDR-2,2,in_the_meantime,group_02_song_a_in_the_meantime,1,Song A,C,3,mix_56e65a3ce054,in_the_meantime_du_k,mix_56e65a3ce054,in_the_meantime_du_k,True,70,True,True,2026-08-16T14:38:56.193Z,"The music is too fast-paced, so I don’t think it would help create a calm atmosphere.
C is relatively less noisy compared to the others","The music is too fast-paced, so I don’t think it would help create a calm atmosphere.
C is relatively less noisy compared to the others",136580,assets/audio/study-stimuli/main-study/group_02/song_a_in_the_meantime/du_k.wav,0.0539390221238,22.5979270935,0.15773075819,0.0170408543199,-1.1193186569455127,1.7918041562064675,0.9713104079970216,0.4372547184671072
14,P020,a8c1b8a2-4d90-4d02-ae5c-ca62c59baee3,five_mix_frontend_v1_2026-08-06,five_mix_netlify_forms_v1,five_mix_frontend_v1_2026-08-06,completed,group_02,group_02,,2026-08-16 15:46:42.419,2026-08-16 15:46:42.957,,6,5,30,6,True,14,P020__trial_03,3,EDR-2,EDR-2,2,in_the_meantime,group_02_song_a_in_the_meantime,1,Song A,D,4,mix_302f0efe8a80,in_the_meantime_du_h,mix_302f0efe8a80,in_the_meantime_du_h,True,36,True,True,2026-08-16T14:38:51.354Z,"The music is too fast-paced, so I don’t think it would help create a calm atmosphere.
C is relatively less noisy compared to the others","The music is too fast-paced, so I don’t think it would help create a calm atmosphere.
C is relatively less noisy compared to the others",136580,assets/audio/study-stimuli/main-study/group_02/song_a_in_the_meantime/du_h.wav,0.0623472034931,18.601518631,0.0428314469755,0.0354086197913,0.6887214233465396,0.2719152524959843,-0.8693704120952901,0.8234428342152216
14,P020,a8c1b8a2-4d90-4d02-ae5c-ca62c59baee3,five_mix_frontend_v1_2026-08-06,five_mix_netlify_forms_v1,five_mix_frontend_v1_2026-08-06,completed,group_02,group_02,,2026-08-16 15:46:42.419,2026-08-16 15:46:42.957,,6,5,30,6,True,15,P020__trial_03,3,EDR-2,EDR-2,2,in_the_meantime,group_02_song_a_in_the_meantime,1,Song A,E,5,mix_cdaef40f2b94,in_the_meantime_qut_pro,mix_cdaef40f2b94,in_the_meantime_qut_pro,True,32,True,True,2026-08-16T14:38:47.891Z,"The music is too fast-paced, so I don’t think it would help create a calm atmosphere.
C is relatively less noisy compared to the others","The music is too fast-paced, so I don’t think it would help create a calm atmosphere.
C is relatively less noisy compared to the others",136580,assets/audio/study-stimuli/main-study/group_02/song_a_in_the_meantime/qut_pro.wav,0.0560023784637,14.1143035889,0.212649226189,-0.0385963246226,-0.6756280657690176,-1.4346341192827423,1.8511013279434223,-0.7325346788768815
14,P020,a8c1b8a2-4d90-4d02-ae5c-ca62c59baee3,five_mix_frontend_v1_2026-08-06,five_mix_netlify_forms_v1,five_mix_frontend_v1_2026-08-06,completed,group_02,group_02,,2026-08-16 15:46:42.419,2026-08-16 15:46:42.957,,6,5,30,6,True,16,P020__trial_04,4,EDR-2,EDR-2,2,pouring_room,group_02_song_b_pouring_room,2,Song B,A,1,mix_e08faaf8bbb3,pouring_room_mcg_v,mix_e08faaf8bbb3,pouring_room_mcg_v,True,91,True,True,2026-08-16T14:40:05.494Z,"I liked the music because it was soft and calming. 
I especially liked D because it had a warm and cosy feeling.","I liked the music because it was soft and calming. 
I especially liked D because it had a warm and cosy feeling.",73516,assets/audio/study-stimuli/main-study/group_02/song_b_pouring_room/mcg_v.wav,0.0600788630545,20.8109931946,0.0795278027654,-0.0483895651996,0.2009523983216312,1.112208706920678,-0.2814967551013548,-0.938440679331238
14,P020,a8c1b8a2-4d90-4d02-ae5c-ca62c59baee3,five_mix_frontend_v1_2026-08-06,five_mix_netlify_forms_v1,five_mix_frontend_v1_2026-08-06,completed,group_02,group_02,,2026-08-16 15:46:42.419,2026-08-16 15:46:42.957,,6,5,30,6,True,17,P020__trial_04,4,EDR-2,EDR-2,2,pouring_room,group_02_song_b_pouring_room,2,Song B,B,2,mix_132e75f34470,pouring_room_mcg_pro1,mix_132e75f34470,pouring_room_mcg_pro1,True,93,True,True,2026-08-16T14:40:15.177Z,"I liked the music because it was soft and calming. 
I especially liked D because it had a warm and cosy feeling.","I liked the music because it was soft and calming. 
I especially liked D because it had a warm and cosy feeling.",73516,assets/audio/study-stimuli/main-study/group_02/song_b_pouring_room/mcg_pro1.wav,0.0646217316389,18.2459716797,0.0750391855836,-0.0488145165145,1.177821012274786,0.1366958746221527,-0.3534041622732912,-0.9473754159948484
14,P020,a8c1b8a2-4d90-4d02-ae5c-ca62c59baee3,five_mix_frontend_v1_2026-08-06,five_mix_netlify_forms_v1,five_mix_frontend_v1_2026-08-06,completed,group_02,group_02,,2026-08-16 15:46:42.419,2026-08-16 15:46:42.957,,6,5,30,6,True,18,P020__trial_04,4,EDR-2,EDR-2,2,pouring_room,group_02_song_b_pouring_room,2,Song B,C,3,mix_cbf8555ee2b2,pouring_room_mcg_x,mix_cbf8555ee2b2,pouring_room_mcg_x,True,95,True,True,2026-08-16T14:40:21.802Z,"I liked the music because it was soft and calming. 
I especially liked D because it had a warm and cosy feeling.","I liked the music because it was soft and calming. 
I especially liked D because it had a warm and cosy feeling.",73516,assets/audio/study-stimuli/main-study/group_02/song_b_pouring_room/mcg_x.wav,0.0612343810499,19.9389343262,0.147577553988,-0.0265915170312,0.4494273963527286,0.780552768870155,0.8086566197405122,-0.4801297779726206
14,P020,a8c1b8a2-4d90-4d02-ae5c-ca62c59baee3,five_mix_frontend_v1_2026-08-06,five_mix_netlify_forms_v1,five_mix_frontend_v1_2026-08-06,completed,group_02,group_02,,2026-08-16 15:46:42.419,2026-08-16 15:46:42.957,,6,5,30,6,True,19,P020__trial_04,4,EDR-2,EDR-2,2,pouring_room,group_02_song_b_pouring_room,2,Song B,D,4,mix_0ba76f420c1d,pouring_room_mcg_r,mix_0ba76f420c1d,pouring_room_mcg_r,True,100,True,True,2026-08-16T14:40:30.269Z,"I liked the music because it was soft and calming. 
I especially liked D because it had a warm and cosy feeling.","I liked the music because it was soft and calming. 
I especially liked D because it had a warm and cosy feeling.",73516,assets/audio/study-stimuli/main-study/group_02/song_b_pouring_room/mcg_r.wav,0.060190629214,16.5152053833,0.14739459753,-0.0638295859098,0.2249858589620197,-0.521538265731174,0.8057256670690561,-1.2630720295337683
14,P020,a8c1b8a2-4d90-4d02-ae5c-ca62c59baee3,five_mix_frontend_v1_2026-08-06,five_mix_netlify_forms_v1,five_mix_frontend_v1_2026-08-06,completed,group_02,group_02,,2026-08-16 15:46:42.419,2026-08-16 15:46:42.957,,6,5,30,6,True,20,P020__trial_04,4,EDR-2,EDR-2,2,pouring_room,group_02_song_b_pouring_room,2,Song B,E,5,mix_be2ccd4c43ff,pouring_room_mcg_t,mix_be2ccd4c43ff,pouring_room_mcg_t,True,80,True,True,2026-08-16T14:41:07.688Z,"I liked the music because it was soft and calming. 
I especially liked D because it had a warm and cosy feeling.","I liked the music because it was soft and calming. 
I especially liked D because it had a warm and cosy feeling.",73516,assets/audio/study-stimuli/main-study/group_02/song_b_pouring_room/mcg_t.wav,0.0587656274438,20.841550827,0.217380493879,-0.0455747283995,-0.0814371595061495,1.1238301932737935,1.926895983278192,-0.8792578396079359
14,P020,a8c1b8a2-4d90-4d02-ae5c-ca62c59baee3,five_mix_frontend_v1_2026-08-06,five_mix_netlify_forms_v1,five_mix_frontend_v1_2026-08-06,completed,group_02,group_02,,2026-08-16 15:46:42.419,2026-08-16 15:46:42.957,,6,5,30,6,True,21,P020__trial_05,5,EDR-1,EDR-1,3,in_the_meantime,group_02_song_a_in_the_meantime,1,Song A,A,1,mix_56e65a3ce054,in_the_meantime_du_k,mix_56e65a3ce054,in_the_meantime_du_k,True,75,True,True,2026-08-16T14:41:26.640Z,"I liked the song because it was energetic
A: felt a bit boring because there was barely any background music
D: I liked it because it felt like I was listening to live music","I liked the song because it was energetic
A: felt a bit boring because there was barely any background music
D: I liked it because it felt like I was listening to live music",117968,assets/audio/study-stimuli/main-study/group_02/song_a_in_the_meantime/du_k.wav,0.0539390221238,22.5979270935,0.15773075819,0.0170408543199,-1.1193186569455127,1.7918041562064675,0.9713104079970216,0.4372547184671072
14,P020,a8c1b8a2-4d90-4d02-ae5c-ca62c59baee3,five_mix_frontend_v1_2026-08-06,five_mix_netlify_forms_v1,five_mix_frontend_v1_2026-08-06,completed,group_02,group_02,,2026-08-16 15:46:42.419,2026-08-16 15:46:42.957,,6,5,30,6,True,22,P020__trial_05,5,EDR-1,EDR-1,3,in_the_meantime,group_02_song_a_in_the_meantime,1,Song A,B,2,mix_9baa86357fd4,in_the_meantime_du_i,mix_9baa86357fd4,in_the_meantime_du_i,True,90,True,True,2026-08-16T14:42:19.164Z,"I liked the song because it was energetic
A: felt a bit boring because there was barely any background music
D: I liked it because it felt like I was listening to live music","I liked the song because it was energetic
A: felt a bit boring because there was barely any background music
D: I liked it because it felt like I was listening to live music",117968,assets/audio/study-stimuli/main-study/group_02/song_a_in_the_meantime/du_i.wav,0.0503131300211,22.9316368103,0.130904406309,-0.0380811542273,-1.8990066727669184,1.9187185345499165,0.5415536857115313,-0.721703057329889
14,P020,a8c1b8a2-4d90-4d02-ae5c-ca62c59baee3,five_mix_frontend_v1_2026-08-06,five_mix_netlify_forms_v1,five_mix_frontend_v1_2026-08-06,completed,group_02,group_02,,2026-08-16 15:46:42.419,2026-08-16 15:46:42.957,,6,5,30,6,True,23,P020__trial_05,5,EDR-1,EDR-1,3,in_the_meantime,group_02_song_a_in_the_meantime,1,Song A,C,3,mix_302f0efe8a80,in_the_meantime_du_h,mix_302f0efe8a80,in_the_meantime_du_h,True,88,True,True,2026-08-16T14:42:23.639Z,"I liked the song because it was energetic
A: felt a bit boring because there was barely any background music
D: I liked it because it felt like I was listening to live music","I liked the song because it was energetic
A: felt a bit boring because there was barely any background music
D: I liked it because it felt like I was listening to live music",117968,assets/audio/study-stimuli/main-study/group_02/song_a_in_the_meantime/du_h.wav,0.0623472034931,18.601518631,0.0428314469755,0.0354086197913,0.6887214233465396,0.2719152524959843,-0.8693704120952901,0.8234428342152216
14,P020,a8c1b8a2-4d90-4d02-ae5c-ca62c59baee3,five_mix_frontend_v1_2026-08-06,five_mix_netlify_forms_v1,five_mix_frontend_v1_2026-08-06,completed,group_02,group_02,,2026-08-16 15:46:42.419,2026-08-16 15:46:42.957,,6,5,30,6,True,24,P020__trial_05,5,EDR-1,EDR-1,3,in_the_meantime,group_02_song_a_in_the_meantime,1,Song A,D,4,mix_cdaef40f2b94,in_the_meantime_qut_pro,mix_cdaef40f2b94,in_the_meantime_qut_pro,True,94,True,True,2026-08-16T14:42:30.186Z,"I liked the song because it was energetic
A: felt a bit boring because there was barely any background music
D: I liked it because it felt like I was listening to live music","I liked the song because it was energetic
A: felt a bit boring because there was barely any background music
D: I liked it because it felt like I was listening to live music",117968,assets/audio/study-stimuli/main-study/group_02/song_a_in_the_meantime/qut_pro.wav,0.0560023784637,14.1143035889,0.212649226189,-0.0385963246226,-0.6756280657690176,-1.4346341192827423,1.8511013279434223,-0.7325346788768815
14,P020,a8c1b8a2-4d90-4d02-ae5c-ca62c59baee3,five_mix_frontend_v1_2026-08-06,five_mix_netlify_forms_v1,five_mix_frontend_v1_2026-08-06,completed,group_02,group_02,,2026-08-16 15:46:42.419,2026-08-16 15:46:42.957,,6,5,30,6,True,25,P020__trial_05,5,EDR-1,EDR-1,3,in_the_meantime,group_02_song_a_in_the_meantime,1,Song A,E,5,mix_c7bdcba64775,in_the_meantime_qut_b,mix_c7bdcba64775,in_the_meantime_qut_b,True,90,True,True,2026-08-16T14:43:08.985Z,"I liked the song because it was energetic
A: felt a bit boring because there was barely any background music
D: I liked it because it felt like I was listening to live music","I liked the song because it was energetic
A: felt a bit boring because there was barely any background music
D: I liked it because it felt like I was listening to live music",117968,assets/audio/study-stimuli/main-study/group_02/song_a_in_the_meantime/qut_b.wav,0.0560294315219,17.366355896,0.000543582602404,0.000562923552934,-0.6698107538710293,-0.1978340618743536,-1.5468197375217057,0.0908009789400507
14,P020,a8c1b8a2-4d90-4d02-ae5c-ca62c59baee3,five_mix_frontend_v1_2026-08-06,five_mix_netlify_forms_v1,five_mix_frontend_v1_2026-08-06,completed,group_02,group_02,,2026-08-16 15:46:42.419,2026-08-16 15:46:42.957,,6,5,30,6,True,26,P020__trial_06,6,EDR-1,EDR-1,3,pouring_room,group_02_song_b_pouring_room,2,Song B,A,1,mix_0ba76f420c1d,pouring_room_mcg_r,mix_0ba76f420c1d,pouring_room_mcg_r,True,97,True,True,2026-08-16T14:43:16.393Z,"I like calm music when I’m relaxing, so I liked this song. It was also very easy and comfortable to listen to.
C: little bit too quiet at the start
D: It felt like the background music and the vocals didn’t really blend well together
","I like calm music when I’m relaxing, so I liked this song. It was also very easy and comfortable to listen to.
C: little bit too quiet at the start
D: It felt like the background music and the vocals didn’t really blend well together",162626,assets/audio/study-stimuli/main-study/group_02/song_b_pouring_room/mcg_r.wav,0.060190629214,16.5152053833,0.14739459753,-0.0638295859098,0.2249858589620197,-0.521538265731174,0.8057256670690561,-1.2630720295337683
14,P020,a8c1b8a2-4d90-4d02-ae5c-ca62c59baee3,five_mix_frontend_v1_2026-08-06,five_mix_netlify_forms_v1,five_mix_frontend_v1_2026-08-06,completed,group_02,group_02,,2026-08-16 15:46:42.419,2026-08-16 15:46:42.957,,6,5,30,6,True,27,P020__trial_06,6,EDR-1,EDR-1,3,pouring_room,group_02_song_b_pouring_room,2,Song B,B,2,mix_cbf8555ee2b2,pouring_room_mcg_x,mix_cbf8555ee2b2,pouring_room_mcg_x,True,84,True,True,2026-08-16T14:44:19.615Z,"I like calm music when I’m relaxing, so I liked this song. It was also very easy and comfortable to listen to.
C: little bit too quiet at the start
D: It felt like the background music and the vocals didn’t really blend well together
","I like calm music when I’m relaxing, so I liked this song. It was also very easy and comfortable to listen to.
C: little bit too quiet at the start
D: It felt like the background music and the vocals didn’t really blend well together",162626,assets/audio/study-stimuli/main-study/group_02/song_b_pouring_room/mcg_x.wav,0.0612343810499,19.9389343262,0.147577553988,-0.0265915170312,0.4494273963527286,0.780552768870155,0.8086566197405122,-0.4801297779726206
14,P020,a8c1b8a2-4d90-4d02-ae5c-ca62c59baee3,five_mix_frontend_v1_2026-08-06,five_mix_netlify_forms_v1,five_mix_frontend_v1_2026-08-06,completed,group_02,group_02,,2026-08-16 15:46:42.419,2026-08-16 15:46:42.957,,6,5,30,6,True,28,P020__trial_06,6,EDR-1,EDR-1,3,pouring_room,group_02_song_b_pouring_room,2,Song B,C,3,mix_132e75f34470,pouring_room_mcg_pro1,mix_132e75f34470,pouring_room_mcg_pro1,True,78,True,True,2026-08-16T14:44:23.712Z,"I like calm music when I’m relaxing, so I liked this song. It was also very easy and comfortable to listen to.
C: little bit too quiet at the start
D: It felt like the background music and the vocals didn’t really blend well together
","I like calm music when I’m relaxing, so I liked this song. It was also very easy and comfortable to listen to.
C: little bit too quiet at the start
D: It felt like the background music and the vocals didn’t really blend well together",162626,assets/audio/study-stimuli/main-study/group_02/song_b_pouring_room/mcg_pro1.wav,0.0646217316389,18.2459716797,0.0750391855836,-0.0488145165145,1.177821012274786,0.1366958746221527,-0.3534041622732912,-0.9473754159948484
14,P020,a8c1b8a2-4d90-4d02-ae5c-ca62c59baee3,five_mix_frontend_v1_2026-08-06,five_mix_netlify_forms_v1,five_mix_frontend_v1_2026-08-06,completed,group_02,group_02,,2026-08-16 15:46:42.419,2026-08-16 15:46:42.957,,6,5,30,6,True,29,P020__trial_06,6,EDR-1,EDR-1,3,pouring_room,group_02_song_b_pouring_room,2,Song B,D,4,mix_be2ccd4c43ff,pouring_room_mcg_t,mix_be2ccd4c43ff,pouring_room_mcg_t,True,69,True,True,2026-08-16T14:44:52.748Z,"I like calm music when I’m relaxing, so I liked this song. It was also very easy and comfortable to listen to.
C: little bit too quiet at the start
D: It felt like the background music and the vocals didn’t really blend well together
","I like calm music when I’m relaxing, so I liked this song. It was also very easy and comfortable to listen to.
C: little bit too quiet at the start
D: It felt like the background music and the vocals didn’t really blend well together",162626,assets/audio/study-stimuli/main-study/group_02/song_b_pouring_room/mcg_t.wav,0.0587656274438,20.841550827,0.217380493879,-0.0455747283995,-0.0814371595061495,1.1238301932737935,1.926895983278192,-0.8792578396079359
14,P020,a8c1b8a2-4d90-4d02-ae5c-ca62c59baee3,five_mix_frontend_v1_2026-08-06,five_mix_netlify_forms_v1,five_mix_frontend_v1_2026-08-06,completed,group_02,group_02,,2026-08-16 15:46:42.419,2026-08-16 15:46:42.957,,6,5,30,6,True,30,P020__trial_06,6,EDR-1,EDR-1,3,pouring_room,group_02_song_b_pouring_room,2,Song B,E,5,mix_e08faaf8bbb3,pouring_room_mcg_v,mix_e08faaf8bbb3,pouring_room_mcg_v,True,88,True,True,2026-08-16T14:45:50.601Z,"I like calm music when I’m relaxing, so I liked this song. It was also very easy and comfortable to listen to.
C: little bit too quiet at the start
D: It felt like the background music and the vocals didn’t really blend well together
","I like calm music when I’m relaxing, so I liked this song. It was also very easy and comfortable to listen to.
C: little bit too quiet at the start
D: It felt like the background music and the vocals didn’t really blend well together",162626,assets/audio/study-stimuli/main-study/group_02/song_b_pouring_room/mcg_v.wav,0.0600788630545,20.8109931946,0.0795278027654,-0.0483895651996,0.2009523983216312,1.112208706920678,-0.2814967551013548,-0.938440679331238
15,P019,2b70dac9-13a2-40ed-a8e6-36d1db564427,five_mix_frontend_v1_2026-08-06,five_mix_netlify_forms_v1,five_mix_frontend_v1_2026-08-06,completed,group_02,group_02,2026-08-14 15:34:49.569,2026-08-14 16:00:21.570,2026-08-14 16:00:22.699,1532.0,6,5,30,6,True,1,P019__trial_01,1,EDR-2,EDR-2,1,in_the_meantime,group_02_song_a_in_the_meantime,1,Song A,A,1,mix_56e65a3ce054,in_the_meantime_du_k,mix_56e65a3ce054,in_the_meantime_du_k,True,0,True,True,2026-08-14T14:37:15.046Z,"Mix C drums are too loud; Mix A sounds weird and not pleasant; Mix B sounds okay; I like Mix D since it sounds calm, the voice is not that loud; Mix E also sounds calm but I don;t like the guitar and vocals volume is too loud.","Mix C drums are too loud; Mix A sounds weird and not pleasant; Mix B sounds okay; I like Mix D since it sounds calm, the voice is not that loud; Mix E also sounds calm but I don;t like the guitar and vocals volume is too loud.",231300,assets/audio/study-stimuli/main-study/group_02/song_a_in_the_meantime/du_k.wav,0.0539390221238,22.5979270935,0.15773075819,0.0170408543199,-1.1193186569455127,1.7918041562064675,0.9713104079970216,0.4372547184671072
15,P019,2b70dac9-13a2-40ed-a8e6-36d1db564427,five_mix_frontend_v1_2026-08-06,five_mix_netlify_forms_v1,five_mix_frontend_v1_2026-08-06,completed,group_02,group_02,2026-08-14 15:34:49.569,2026-08-14 16:00:21.570,2026-08-14 16:00:22.699,1532.0,6,5,30,6,True,2,P019__trial_01,1,EDR-2,EDR-2,1,in_the_meantime,group_02_song_a_in_the_meantime,1,Song A,B,2,mix_cdaef40f2b94,in_the_meantime_qut_pro,mix_cdaef40f2b94,in_the_meantime_qut_pro,True,80,True,True,2026-08-14T14:37:49.022Z,"Mix C drums are too loud; Mix A sounds weird and not pleasant; Mix B sounds okay; I like Mix D since it sounds calm, the voice is not that loud; Mix E also sounds calm but I don;t like the guitar and vocals volume is too loud.","Mix C drums are too loud; Mix A sounds weird and not pleasant; Mix B sounds okay; I like Mix D since it sounds calm, the voice is not that loud; Mix E also sounds calm but I don;t like the guitar and vocals volume is too loud.",231300,assets/audio/study-stimuli/main-study/group_02/song_a_in_the_meantime/qut_pro.wav,0.0560023784637,14.1143035889,0.212649226189,-0.0385963246226,-0.6756280657690176,-1.4346341192827423,1.8511013279434223,-0.7325346788768815
15,P019,2b70dac9-13a2-40ed-a8e6-36d1db564427,five_mix_frontend_v1_2026-08-06,five_mix_netlify_forms_v1,five_mix_frontend_v1_2026-08-06,completed,group_02,group_02,2026-08-14 15:34:49.569,2026-08-14 16:00:21.570,2026-08-14 16:00:22.699,1532.0,6,5,30,6,True,3,P019__trial_01,1,EDR-2,EDR-2,1,in_the_meantime,group_02_song_a_in_the_meantime,1,Song A,C,3,mix_9baa86357fd4,in_the_meantime_du_i,mix_9baa86357fd4,in_the_meantime_du_i,True,21,True,True,2026-08-14T14:38:01.298Z,"Mix C drums are too loud; Mix A sounds weird and not pleasant; Mix B sounds okay; I like Mix D since it sounds calm, the voice is not that loud; Mix E also sounds calm but I don;t like the guitar and vocals volume is too loud.","Mix C drums are too loud; Mix A sounds weird and not pleasant; Mix B sounds okay; I like Mix D since it sounds calm, the voice is not that loud; Mix E also sounds calm but I don;t like the guitar and vocals volume is too loud.",231300,assets/audio/study-stimuli/main-study/group_02/song_a_in_the_meantime/du_i.wav,0.0503131300211,22.9316368103,0.130904406309,-0.0380811542273,-1.8990066727669184,1.9187185345499165,0.5415536857115313,-0.721703057329889
15,P019,2b70dac9-13a2-40ed-a8e6-36d1db564427,five_mix_frontend_v1_2026-08-06,five_mix_netlify_forms_v1,five_mix_frontend_v1_2026-08-06,completed,group_02,group_02,2026-08-14 15:34:49.569,2026-08-14 16:00:21.570,2026-08-14 16:00:22.699,1532.0,6,5,30,6,True,4,P019__trial_01,1,EDR-2,EDR-2,1,in_the_meantime,group_02_song_a_in_the_meantime,1,Song A,D,4,mix_302f0efe8a80,in_the_meantime_du_h,mix_302f0efe8a80,in_the_meantime_du_h,True,100,True,True,2026-08-14T14:38:48.083Z,"Mix C drums are too loud; Mix A sounds weird and not pleasant; Mix B sounds okay; I like Mix D since it sounds calm, the voice is not that loud; Mix E also sounds calm but I don;t like the guitar and vocals volume is too loud.","Mix C drums are too loud; Mix A sounds weird and not pleasant; Mix B sounds okay; I like Mix D since it sounds calm, the voice is not that loud; Mix E also sounds calm but I don;t like the guitar and vocals volume is too loud.",231300,assets/audio/study-stimuli/main-study/group_02/song_a_in_the_meantime/du_h.wav,0.0623472034931,18.601518631,0.0428314469755,0.0354086197913,0.6887214233465396,0.2719152524959843,-0.8693704120952901,0.8234428342152216
15,P019,2b70dac9-13a2-40ed-a8e6-36d1db564427,five_mix_frontend_v1_2026-08-06,five_mix_netlify_forms_v1,five_mix_frontend_v1_2026-08-06,completed,group_02,group_02,2026-08-14 15:34:49.569,2026-08-14 16:00:21.570,2026-08-14 16:00:22.699,1532.0,6,5,30,6,True,5,P019__trial_01,1,EDR-2,EDR-2,1,in_the_meantime,group_02_song_a_in_the_meantime,1,Song A,E,5,mix_c7bdcba64775,in_the_meantime_qut_b,mix_c7bdcba64775,in_the_meantime_qut_b,True,61,True,True,2026-08-14T14:39:51.224Z,"Mix C drums are too loud; Mix A sounds weird and not pleasant; Mix B sounds okay; I like Mix D since it sounds calm, the voice is not that loud; Mix E also sounds calm but I don;t like the guitar and vocals volume is too loud.","Mix C drums are too loud; Mix A sounds weird and not pleasant; Mix B sounds okay; I like Mix D since it sounds calm, the voice is not that loud; Mix E also sounds calm but I don;t like the guitar and vocals volume is too loud.",231300,assets/audio/study-stimuli/main-study/group_02/song_a_in_the_meantime/qut_b.wav,0.0560294315219,17.366355896,0.000543582602404,0.000562923552934,-0.6698107538710293,-0.1978340618743536,-1.5468197375217057,0.0908009789400507
15,P019,2b70dac9-13a2-40ed-a8e6-36d1db564427,five_mix_frontend_v1_2026-08-06,five_mix_netlify_forms_v1,five_mix_frontend_v1_2026-08-06,completed,group_02,group_02,2026-08-14 15:34:49.569,2026-08-14 16:00:21.570,2026-08-14 16:00:22.699,1532.0,6,5,30,6,True,6,P019__trial_02,2,EDR-2,EDR-2,1,pouring_room,group_02_song_b_pouring_room,2,Song B,A,1,mix_0ba76f420c1d,pouring_room_mcg_r,mix_0ba76f420c1d,pouring_room_mcg_r,True,93,True,True,2026-08-14T14:41:10.568Z,"Mix A sounds good, well balanced; Mix B vocals i dont like them, it sounds like radio and guitar sound is too loud; Mix C vocals I like them, I feel some chorus and reverb, guitar also good, other instruments too loud; Mix D i like it because vocals are clear and instruments are very calm compared to other mixes; Mix E is also similar to D and A and i like it since instruments are calmed..","Mix A sounds good, well balanced; Mix B vocals i dont like them, it sounds like radio and guitar sound is too loud; Mix C vocals I like them, I feel some chorus and reverb, guitar also good, other instruments too loud; Mix D i like it because vocals are clear and instruments are very calm compared to other mixes; Mix E is also similar to D and A and i like it since instruments are calmed..",172597,assets/audio/study-stimuli/main-study/group_02/song_b_pouring_room/mcg_r.wav,0.060190629214,16.5152053833,0.14739459753,-0.0638295859098,0.2249858589620197,-0.521538265731174,0.8057256670690561,-1.2630720295337683
15,P019,2b70dac9-13a2-40ed-a8e6-36d1db564427,five_mix_frontend_v1_2026-08-06,five_mix_netlify_forms_v1,five_mix_frontend_v1_2026-08-06,completed,group_02,group_02,2026-08-14 15:34:49.569,2026-08-14 16:00:21.570,2026-08-14 16:00:22.699,1532.0,6,5,30,6,True,7,P019__trial_02,2,EDR-2,EDR-2,1,pouring_room,group_02_song_b_pouring_room,2,Song B,B,2,mix_be2ccd4c43ff,pouring_room_mcg_t,mix_be2ccd4c43ff,pouring_room_mcg_t,True,13,True,True,2026-08-14T14:41:36.324Z,"Mix A sounds good, well balanced; Mix B vocals i dont like them, it sounds like radio and guitar sound is too loud; Mix C vocals I like them, I feel some chorus and reverb, guitar also good, other instruments too loud; Mix D i like it because vocals are clear and instruments are very calm compared to other mixes; Mix E is also similar to D and A and i like it since instruments are calmed..","Mix A sounds good, well balanced; Mix B vocals i dont like them, it sounds like radio and guitar sound is too loud; Mix C vocals I like them, I feel some chorus and reverb, guitar also good, other instruments too loud; Mix D i like it because vocals are clear and instruments are very calm compared to other mixes; Mix E is also similar to D and A and i like it since instruments are calmed..",172597,assets/audio/study-stimuli/main-study/group_02/song_b_pouring_room/mcg_t.wav,0.0587656274438,20.841550827,0.217380493879,-0.0455747283995,-0.0814371595061495,1.1238301932737935,1.926895983278192,-0.8792578396079359
15,P019,2b70dac9-13a2-40ed-a8e6-36d1db564427,five_mix_frontend_v1_2026-08-06,five_mix_netlify_forms_v1,five_mix_frontend_v1_2026-08-06,completed,group_02,group_02,2026-08-14 15:34:49.569,2026-08-14 16:00:21.570,2026-08-14 16:00:22.699,1532.0,6,5,30,6,True,8,P019__trial_02,2,EDR-2,EDR-2,1,pouring_room,group_02_song_b_pouring_room,2,Song B,C,3,mix_cbf8555ee2b2,pouring_room_mcg_x,mix_cbf8555ee2b2,pouring_room_mcg_x,True,65,True,True,2026-08-14T14:41:58.225Z,"Mix A sounds good, well balanced; Mix B vocals i dont like them, it sounds like radio and guitar sound is too loud; Mix C vocals I like them, I feel some chorus and reverb, guitar also good, other instruments too loud; Mix D i like it because vocals are clear and instruments are very calm compared to other mixes; Mix E is also similar to D and A and i like it since instruments are calmed..","Mix A sounds good, well balanced; Mix B vocals i dont like them, it sounds like radio and guitar sound is too loud; Mix C vocals I like them, I feel some chorus and reverb, guitar also good, other instruments too loud; Mix D i like it because vocals are clear and instruments are very calm compared to other mixes; Mix E is also similar to D and A and i like it since instruments are calmed..",172597,assets/audio/study-stimuli/main-study/group_02/song_b_pouring_room/mcg_x.wav,0.0612343810499,19.9389343262,0.147577553988,-0.0265915170312,0.4494273963527286,0.780552768870155,0.8086566197405122,-0.4801297779726206
15,P019,2b70dac9-13a2-40ed-a8e6-36d1db564427,five_mix_frontend_v1_2026-08-06,five_mix_netlify_forms_v1,five_mix_frontend_v1_2026-08-06,completed,group_02,group_02,2026-08-14 15:34:49.569,2026-08-14 16:00:21.570,2026-08-14 16:00:22.699,1532.0,6,5,30,6,True,9,P019__trial_02,2,EDR-2,EDR-2,1,pouring_room,group_02_song_b_pouring_room,2,Song B,D,4,mix_132e75f34470,pouring_room_mcg_pro1,mix_132e75f34470,pouring_room_mcg_pro1,True,86,True,True,2026-08-14T14:42:50.049Z,"Mix A sounds good, well balanced; Mix B vocals i dont like them, it sounds like radio and guitar sound is too loud; Mix C vocals I like them, I feel some chorus and reverb, guitar also good, other instruments too loud; Mix D i like it because vocals are clear and instruments are very calm compared to other mixes; Mix E is also similar to D and A and i like it since instruments are calmed..","Mix A sounds good, well balanced; Mix B vocals i dont like them, it sounds like radio and guitar sound is too loud; Mix C vocals I like them, I feel some chorus and reverb, guitar also good, other instruments too loud; Mix D i like it because vocals are clear and instruments are very calm compared to other mixes; Mix E is also similar to D and A and i like it since instruments are calmed..",172597,assets/audio/study-stimuli/main-study/group_02/song_b_pouring_room/mcg_pro1.wav,0.0646217316389,18.2459716797,0.0750391855836,-0.0488145165145,1.177821012274786,0.1366958746221527,-0.3534041622732912,-0.9473754159948484
15,P019,2b70dac9-13a2-40ed-a8e6-36d1db564427,five_mix_frontend_v1_2026-08-06,five_mix_netlify_forms_v1,five_mix_frontend_v1_2026-08-06,completed,group_02,group_02,2026-08-14 15:34:49.569,2026-08-14 16:00:21.570,2026-08-14 16:00:22.699,1532.0,6,5,30,6,True,10,P019__trial_02,2,EDR-2,EDR-2,1,pouring_room,group_02_song_b_pouring_room,2,Song B,E,5,mix_e08faaf8bbb3,pouring_room_mcg_v,mix_e08faaf8bbb3,pouring_room_mcg_v,True,80,True,True,2026-08-14T14:43:28.330Z,"Mix A sounds good, well balanced; Mix B vocals i dont like them, it sounds like radio and guitar sound is too loud; Mix C vocals I like them, I feel some chorus and reverb, guitar also good, other instruments too loud; Mix D i like it because vocals are clear and instruments are very calm compared to other mixes; Mix E is also similar to D and A and i like it since instruments are calmed..","Mix A sounds good, well balanced; Mix B vocals i dont like them, it sounds like radio and guitar sound is too loud; Mix C vocals I like them, I feel some chorus and reverb, guitar also good, other instruments too loud; Mix D i like it because vocals are clear and instruments are very calm compared to other mixes; Mix E is also similar to D and A and i like it since instruments are calmed..",172597,assets/audio/study-stimuli/main-study/group_02/song_b_pouring_room/mcg_v.wav,0.0600788630545,20.8109931946,0.0795278027654,-0.0483895651996,0.2009523983216312,1.112208706920678,-0.2814967551013548,-0.938440679331238
15,P019,2b70dac9-13a2-40ed-a8e6-36d1db564427,five_mix_frontend_v1_2026-08-06,five_mix_netlify_forms_v1,five_mix_frontend_v1_2026-08-06,completed,group_02,group_02,2026-08-14 15:34:49.569,2026-08-14 16:00:21.570,2026-08-14 16:00:22.699,1532.0,6,5,30,6,True,11,P019__trial_03,3,EDR-1,EDR-1,2,in_the_meantime,group_02_song_a_in_the_meantime,1,Song A,A,1,mix_302f0efe8a80,in_the_meantime_du_h,mix_302f0efe8a80,in_the_meantime_du_h,True,91,True,True,2026-08-14T14:43:59.910Z,"For Mix A, I like the balance of vocals and instruments, the piano sounds good; Mix B doesn't make me feel relaxed, sounds weird; Mix C drums sound too strong and I personally I don't enjoy it unless is live music; Mix D instruments sounds too low, same as vocals everything is calmed; Mix E similar to Mix A, I like the balance of vocals and instruments","For Mix A, I like the balance of vocals and instruments, the piano sounds good; Mix B doesn't make me feel relaxed, sounds weird; Mix C drums sound too strong and I personally I don't enjoy it unless is live music; Mix D instruments sounds too low, same as vocals everything is calmed; Mix E similar to Mix A, I like the balance of vocals and instruments",171941,assets/audio/study-stimuli/main-study/group_02/song_a_in_the_meantime/du_h.wav,0.0623472034931,18.601518631,0.0428314469755,0.0354086197913,0.6887214233465396,0.2719152524959843,-0.8693704120952901,0.8234428342152216
15,P019,2b70dac9-13a2-40ed-a8e6-36d1db564427,five_mix_frontend_v1_2026-08-06,five_mix_netlify_forms_v1,five_mix_frontend_v1_2026-08-06,completed,group_02,group_02,2026-08-14 15:34:49.569,2026-08-14 16:00:21.570,2026-08-14 16:00:22.699,1532.0,6,5,30,6,True,12,P019__trial_03,3,EDR-1,EDR-1,2,in_the_meantime,group_02_song_a_in_the_meantime,1,Song A,B,2,mix_56e65a3ce054,in_the_meantime_du_k,mix_56e65a3ce054,in_the_meantime_du_k,True,6,True,True,2026-08-14T14:44:39.429Z,"For Mix A, I like the balance of vocals and instruments, the piano sounds good; Mix B doesn't make me feel relaxed, sounds weird; Mix C drums sound too strong and I personally I don't enjoy it unless is live music; Mix D instruments sounds too low, same as vocals everything is calmed; Mix E similar to Mix A, I like the balance of vocals and instruments","For Mix A, I like the balance of vocals and instruments, the piano sounds good; Mix B doesn't make me feel relaxed, sounds weird; Mix C drums sound too strong and I personally I don't enjoy it unless is live music; Mix D instruments sounds too low, same as vocals everything is calmed; Mix E similar to Mix A, I like the balance of vocals and instruments",171941,assets/audio/study-stimuli/main-study/group_02/song_a_in_the_meantime/du_k.wav,0.0539390221238,22.5979270935,0.15773075819,0.0170408543199,-1.1193186569455127,1.7918041562064675,0.9713104079970216,0.4372547184671072
15,P019,2b70dac9-13a2-40ed-a8e6-36d1db564427,five_mix_frontend_v1_2026-08-06,five_mix_netlify_forms_v1,five_mix_frontend_v1_2026-08-06,completed,group_02,group_02,2026-08-14 15:34:49.569,2026-08-14 16:00:21.570,2026-08-14 16:00:22.699,1532.0,6,5,30,6,True,13,P019__trial_03,3,EDR-1,EDR-1,2,in_the_meantime,group_02_song_a_in_the_meantime,1,Song A,C,3,mix_9baa86357fd4,in_the_meantime_du_i,mix_9baa86357fd4,in_the_meantime_du_i,True,43,True,True,2026-08-14T14:44:53.430Z,"For Mix A, I like the balance of vocals and instruments, the piano sounds good; Mix B doesn't make me feel relaxed, sounds weird; Mix C drums sound too strong and I personally I don't enjoy it unless is live music; Mix D instruments sounds too low, same as vocals everything is calmed; Mix E similar to Mix A, I like the balance of vocals and instruments","For Mix A, I like the balance of vocals and instruments, the piano sounds good; Mix B doesn't make me feel relaxed, sounds weird; Mix C drums sound too strong and I personally I don't enjoy it unless is live music; Mix D instruments sounds too low, same as vocals everything is calmed; Mix E similar to Mix A, I like the balance of vocals and instruments",171941,assets/audio/study-stimuli/main-study/group_02/song_a_in_the_meantime/du_i.wav,0.0503131300211,22.9316368103,0.130904406309,-0.0380811542273,-1.8990066727669184,1.9187185345499165,0.5415536857115313,-0.721703057329889
15,P019,2b70dac9-13a2-40ed-a8e6-36d1db564427,five_mix_frontend_v1_2026-08-06,five_mix_netlify_forms_v1,five_mix_frontend_v1_2026-08-06,completed,group_02,group_02,2026-08-14 15:34:49.569,2026-08-14 16:00:21.570,2026-08-14 16:00:22.699,1532.0,6,5,30,6,True,14,P019__trial_03,3,EDR-1,EDR-1,2,in_the_meantime,group_02_song_a_in_the_meantime,1,Song A,D,4,mix_c7bdcba64775,in_the_meantime_qut_b,mix_c7bdcba64775,in_the_meantime_qut_b,True,22,True,True,2026-08-14T14:45:24.031Z,"For Mix A, I like the balance of vocals and instruments, the piano sounds good; Mix B doesn't make me feel relaxed, sounds weird; Mix C drums sound too strong and I personally I don't enjoy it unless is live music; Mix D instruments sounds too low, same as vocals everything is calmed; Mix E similar to Mix A, I like the balance of vocals and instruments","For Mix A, I like the balance of vocals and instruments, the piano sounds good; Mix B doesn't make me feel relaxed, sounds weird; Mix C drums sound too strong and I personally I don't enjoy it unless is live music; Mix D instruments sounds too low, same as vocals everything is calmed; Mix E similar to Mix A, I like the balance of vocals and instruments",171941,assets/audio/study-stimuli/main-study/group_02/song_a_in_the_meantime/qut_b.wav,0.0560294315219,17.366355896,0.000543582602404,0.000562923552934,-0.6698107538710293,-0.1978340618743536,-1.5468197375217057,0.0908009789400507
15,P019,2b70dac9-13a2-40ed-a8e6-36d1db564427,five_mix_frontend_v1_2026-08-06,five_mix_netlify_forms_v1,five_mix_frontend_v1_2026-08-06,completed,group_02,group_02,2026-08-14 15:34:49.569,2026-08-14 16:00:21.570,2026-08-14 16:00:22.699,1532.0,6,5,30,6,True,15,P019__trial_03,3,EDR-1,EDR-1,2,in_the_meantime,group_02_song_a_in_the_meantime,1,Song A,E,5,mix_cdaef40f2b94,in_the_meantime_qut_pro,mix_cdaef40f2b94,in_the_meantime_qut_pro,True,83,True,True,2026-08-14T14:45:58.609Z,"For Mix A, I like the balance of vocals and instruments, the piano sounds good; Mix B doesn't make me feel relaxed, sounds weird; Mix C drums sound too strong and I personally I don't enjoy it unless is live music; Mix D instruments sounds too low, same as vocals everything is calmed; Mix E similar to Mix A, I like the balance of vocals and instruments","For Mix A, I like the balance of vocals and instruments, the piano sounds good; Mix B doesn't make me feel relaxed, sounds weird; Mix C drums sound too strong and I personally I don't enjoy it unless is live music; Mix D instruments sounds too low, same as vocals everything is calmed; Mix E similar to Mix A, I like the balance of vocals and instruments",171941,assets/audio/study-stimuli/main-study/group_02/song_a_in_the_meantime/qut_pro.wav,0.0560023784637,14.1143035889,0.212649226189,-0.0385963246226,-0.6756280657690176,-1.4346341192827423,1.8511013279434223,-0.7325346788768815
15,P019,2b70dac9-13a2-40ed-a8e6-36d1db564427,five_mix_frontend_v1_2026-08-06,five_mix_netlify_forms_v1,five_mix_frontend_v1_2026-08-06,completed,group_02,group_02,2026-08-14 15:34:49.569,2026-08-14 16:00:21.570,2026-08-14 16:00:22.699,1532.0,6,5,30,6,True,16,P019__trial_04,4,EDR-1,EDR-1,2,pouring_room,group_02_song_b_pouring_room,2,Song B,A,1,mix_be2ccd4c43ff,pouring_room_mcg_t,mix_be2ccd4c43ff,pouring_room_mcg_t,True,30,True,True,2026-08-14T14:47:29.746Z,"Mix A sounds vocals i dont enjoy them..too relaxing, instruments to aggresive; Mix B sounds better to me, more balanced, instruments not that loud and vocals clear; Mix C I like it, sounds more pleasant for me; Mix D also has clear vocals, i like them, and i like the drums; Mix E sounds to relaxing, and the chorus or reverb is to strong for vocals and instruments","Mix A sounds vocals i dont enjoy them..too relaxing, instruments to aggresive; Mix B sounds better to me, more balanced, instruments not that loud and vocals clear; Mix C I like it, sounds more pleasant for me; Mix D also has clear vocals, i like them, and i like the drums; Mix E sounds to relaxing, and the chorus or reverb is to strong for vocals and instruments",201484,assets/audio/study-stimuli/main-study/group_02/song_b_pouring_room/mcg_t.wav,0.0587656274438,20.841550827,0.217380493879,-0.0455747283995,-0.0814371595061495,1.1238301932737935,1.926895983278192,-0.8792578396079359
15,P019,2b70dac9-13a2-40ed-a8e6-36d1db564427,five_mix_frontend_v1_2026-08-06,five_mix_netlify_forms_v1,five_mix_frontend_v1_2026-08-06,completed,group_02,group_02,2026-08-14 15:34:49.569,2026-08-14 16:00:21.570,2026-08-14 16:00:22.699,1532.0,6,5,30,6,True,17,P019__trial_04,4,EDR-1,EDR-1,2,pouring_room,group_02_song_b_pouring_room,2,Song B,B,2,mix_132e75f34470,pouring_room_mcg_pro1,mix_132e75f34470,pouring_room_mcg_pro1,True,94,True,True,2026-08-14T14:47:38.370Z,"Mix A sounds vocals i dont enjoy them..too relaxing, instruments to aggresive; Mix B sounds better to me, more balanced, instruments not that loud and vocals clear; Mix C I like it, sounds more pleasant for me; Mix D also has clear vocals, i like them, and i like the drums; Mix E sounds to relaxing, and the chorus or reverb is to strong for vocals and instruments","Mix A sounds vocals i dont enjoy them..too relaxing, instruments to aggresive; Mix B sounds better to me, more balanced, instruments not that loud and vocals clear; Mix C I like it, sounds more pleasant for me; Mix D also has clear vocals, i like them, and i like the drums; Mix E sounds to relaxing, and the chorus or reverb is to strong for vocals and instruments",201484,assets/audio/study-stimuli/main-study/group_02/song_b_pouring_room/mcg_pro1.wav,0.0646217316389,18.2459716797,0.0750391855836,-0.0488145165145,1.177821012274786,0.1366958746221527,-0.3534041622732912,-0.9473754159948484
15,P019,2b70dac9-13a2-40ed-a8e6-36d1db564427,five_mix_frontend_v1_2026-08-06,five_mix_netlify_forms_v1,five_mix_frontend_v1_2026-08-06,completed,group_02,group_02,2026-08-14 15:34:49.569,2026-08-14 16:00:21.570,2026-08-14 16:00:22.699,1532.0,6,5,30,6,True,18,P019__trial_04,4,EDR-1,EDR-1,2,pouring_room,group_02_song_b_pouring_room,2,Song B,C,3,mix_0ba76f420c1d,pouring_room_mcg_r,mix_0ba76f420c1d,pouring_room_mcg_r,True,80,True,True,2026-08-14T14:48:43.694Z,"Mix A sounds vocals i dont enjoy them..too relaxing, instruments to aggresive; Mix B sounds better to me, more balanced, instruments not that loud and vocals clear; Mix C I like it, sounds more pleasant for me; Mix D also has clear vocals, i like them, and i like the drums; Mix E sounds to relaxing, and the chorus or reverb is to strong for vocals and instruments","Mix A sounds vocals i dont enjoy them..too relaxing, instruments to aggresive; Mix B sounds better to me, more balanced, instruments not that loud and vocals clear; Mix C I like it, sounds more pleasant for me; Mix D also has clear vocals, i like them, and i like the drums; Mix E sounds to relaxing, and the chorus or reverb is to strong for vocals and instruments",201484,assets/audio/study-stimuli/main-study/group_02/song_b_pouring_room/mcg_r.wav,0.060190629214,16.5152053833,0.14739459753,-0.0638295859098,0.2249858589620197,-0.521538265731174,0.8057256670690561,-1.2630720295337683
15,P019,2b70dac9-13a2-40ed-a8e6-36d1db564427,five_mix_frontend_v1_2026-08-06,five_mix_netlify_forms_v1,five_mix_frontend_v1_2026-08-06,completed,group_02,group_02,2026-08-14 15:34:49.569,2026-08-14 16:00:21.570,2026-08-14 16:00:22.699,1532.0,6,5,30,6,True,19,P019__trial_04,4,EDR-1,EDR-1,2,pouring_room,group_02_song_b_pouring_room,2,Song B,D,4,mix_e08faaf8bbb3,pouring_room_mcg_v,mix_e08faaf8bbb3,pouring_room_mcg_v,True,86,True,True,2026-08-14T14:49:10.218Z,"Mix A sounds vocals i dont enjoy them..too relaxing, instruments to aggresive; Mix B sounds better to me, more balanced, instruments not that loud and vocals clear; Mix C I like it, sounds more pleasant for me; Mix D also has clear vocals, i like them, and i like the drums; Mix E sounds to relaxing, and the chorus or reverb is to strong for vocals and instruments","Mix A sounds vocals i dont enjoy them..too relaxing, instruments to aggresive; Mix B sounds better to me, more balanced, instruments not that loud and vocals clear; Mix C I like it, sounds more pleasant for me; Mix D also has clear vocals, i like them, and i like the drums; Mix E sounds to relaxing, and the chorus or reverb is to strong for vocals and instruments",201484,assets/audio/study-stimuli/main-study/group_02/song_b_pouring_room/mcg_v.wav,0.0600788630545,20.8109931946,0.0795278027654,-0.0483895651996,0.2009523983216312,1.112208706920678,-0.2814967551013548,-0.938440679331238
15,P019,2b70dac9-13a2-40ed-a8e6-36d1db564427,five_mix_frontend_v1_2026-08-06,five_mix_netlify_forms_v1,five_mix_frontend_v1_2026-08-06,completed,group_02,group_02,2026-08-14 15:34:49.569,2026-08-14 16:00:21.570,2026-08-14 16:00:22.699,1532.0,6,5,30,6,True,20,P019__trial_04,4,EDR-1,EDR-1,2,pouring_room,group_02_song_b_pouring_room,2,Song B,E,5,mix_cbf8555ee2b2,pouring_room_mcg_x,mix_cbf8555ee2b2,pouring_room_mcg_x,True,38,True,True,2026-08-14T14:49:33.656Z,"Mix A sounds vocals i dont enjoy them..too relaxing, instruments to aggresive; Mix B sounds better to me, more balanced, instruments not that loud and vocals clear; Mix C I like it, sounds more pleasant for me; Mix D also has clear vocals, i like them, and i like the drums; Mix E sounds to relaxing, and the chorus or reverb is to strong for vocals and instruments","Mix A sounds vocals i dont enjoy them..too relaxing, instruments to aggresive; Mix B sounds better to me, more balanced, instruments not that loud and vocals clear; Mix C I like it, sounds more pleasant for me; Mix D also has clear vocals, i like them, and i like the drums; Mix E sounds to relaxing, and the chorus or reverb is to strong for vocals and instruments",201484,assets/audio/study-stimuli/main-study/group_02/song_b_pouring_room/mcg_x.wav,0.0612343810499,19.9389343262,0.147577553988,-0.0265915170312,0.4494273963527286,0.780552768870155,0.8086566197405122,-0.4801297779726206
15,P019,2b70dac9-13a2-40ed-a8e6-36d1db564427,five_mix_frontend_v1_2026-08-06,five_mix_netlify_forms_v1,five_mix_frontend_v1_2026-08-06,completed,group_02,group_02,2026-08-14 15:34:49.569,2026-08-14 16:00:21.570,2026-08-14 16:00:22.699,1532.0,6,5,30,6,True,21,P019__trial_05,5,FM-1,FM-1,3,in_the_meantime,group_02_song_a_in_the_meantime,1,Song A,A,1,mix_302f0efe8a80,in_the_meantime_du_h,mix_302f0efe8a80,in_the_meantime_du_h,True,100,True,True,2026-08-14T14:51:25.946Z,"Mix A sounds good and makes me engaged, specially the drums and bass; Mix B sounds weird and makes me lose focus, bass, guitar and vocals, everything weird; Mix C sounds drums amazing, very strong and makes me motivated; Mix D instruments too low as well, I cannot focus; Mix E sounds vocals very clear, instruments lower, i like it i can focus.","Mix A sounds good and makes me engaged, specially the drums and bass; Mix B sounds weird and makes me lose focus, bass, guitar and vocals, everything weird; Mix C sounds drums amazing, very strong and makes me motivated; Mix D instruments too low as well, I cannot focus; Mix E sounds vocals very clear, instruments lower, i like it i can focus.",261603,assets/audio/study-stimuli/main-study/group_02/song_a_in_the_meantime/du_h.wav,0.0623472034931,18.601518631,0.0428314469755,0.0354086197913,0.6887214233465396,0.2719152524959843,-0.8693704120952901,0.8234428342152216
15,P019,2b70dac9-13a2-40ed-a8e6-36d1db564427,five_mix_frontend_v1_2026-08-06,five_mix_netlify_forms_v1,five_mix_frontend_v1_2026-08-06,completed,group_02,group_02,2026-08-14 15:34:49.569,2026-08-14 16:00:21.570,2026-08-14 16:00:22.699,1532.0,6,5,30,6,True,22,P019__trial_05,5,FM-1,FM-1,3,in_the_meantime,group_02_song_a_in_the_meantime,1,Song A,B,2,mix_56e65a3ce054,in_the_meantime_du_k,mix_56e65a3ce054,in_the_meantime_du_k,True,0,True,True,2026-08-14T14:51:58.340Z,"Mix A sounds good and makes me engaged, specially the drums and bass; Mix B sounds weird and makes me lose focus, bass, guitar and vocals, everything weird; Mix C sounds drums amazing, very strong and makes me motivated; Mix D instruments too low as well, I cannot focus; Mix E sounds vocals very clear, instruments lower, i like it i can focus.","Mix A sounds good and makes me engaged, specially the drums and bass; Mix B sounds weird and makes me lose focus, bass, guitar and vocals, everything weird; Mix C sounds drums amazing, very strong and makes me motivated; Mix D instruments too low as well, I cannot focus; Mix E sounds vocals very clear, instruments lower, i like it i can focus.",261603,assets/audio/study-stimuli/main-study/group_02/song_a_in_the_meantime/du_k.wav,0.0539390221238,22.5979270935,0.15773075819,0.0170408543199,-1.1193186569455127,1.7918041562064675,0.9713104079970216,0.4372547184671072
15,P019,2b70dac9-13a2-40ed-a8e6-36d1db564427,five_mix_frontend_v1_2026-08-06,five_mix_netlify_forms_v1,five_mix_frontend_v1_2026-08-06,completed,group_02,group_02,2026-08-14 15:34:49.569,2026-08-14 16:00:21.570,2026-08-14 16:00:22.699,1532.0,6,5,30,6,True,23,P019__trial_05,5,FM-1,FM-1,3,in_the_meantime,group_02_song_a_in_the_meantime,1,Song A,C,3,mix_9baa86357fd4,in_the_meantime_du_i,mix_9baa86357fd4,in_the_meantime_du_i,True,94,True,True,2026-08-14T14:52:29.097Z,"Mix A sounds good and makes me engaged, specially the drums and bass; Mix B sounds weird and makes me lose focus, bass, guitar and vocals, everything weird; Mix C sounds drums amazing, very strong and makes me motivated; Mix D instruments too low as well, I cannot focus; Mix E sounds vocals very clear, instruments lower, i like it i can focus.","Mix A sounds good and makes me engaged, specially the drums and bass; Mix B sounds weird and makes me lose focus, bass, guitar and vocals, everything weird; Mix C sounds drums amazing, very strong and makes me motivated; Mix D instruments too low as well, I cannot focus; Mix E sounds vocals very clear, instruments lower, i like it i can focus.",261603,assets/audio/study-stimuli/main-study/group_02/song_a_in_the_meantime/du_i.wav,0.0503131300211,22.9316368103,0.130904406309,-0.0380811542273,-1.8990066727669184,1.9187185345499165,0.5415536857115313,-0.721703057329889
15,P019,2b70dac9-13a2-40ed-a8e6-36d1db564427,five_mix_frontend_v1_2026-08-06,five_mix_netlify_forms_v1,five_mix_frontend_v1_2026-08-06,completed,group_02,group_02,2026-08-14 15:34:49.569,2026-08-14 16:00:21.570,2026-08-14 16:00:22.699,1532.0,6,5,30,6,True,24,P019__trial_05,5,FM-1,FM-1,3,in_the_meantime,group_02_song_a_in_the_meantime,1,Song A,D,4,mix_c7bdcba64775,in_the_meantime_qut_b,mix_c7bdcba64775,in_the_meantime_qut_b,True,11,True,True,2026-08-14T14:53:25.181Z,"Mix A sounds good and makes me engaged, specially the drums and bass; Mix B sounds weird and makes me lose focus, bass, guitar and vocals, everything weird; Mix C sounds drums amazing, very strong and makes me motivated; Mix D instruments too low as well, I cannot focus; Mix E sounds vocals very clear, instruments lower, i like it i can focus.","Mix A sounds good and makes me engaged, specially the drums and bass; Mix B sounds weird and makes me lose focus, bass, guitar and vocals, everything weird; Mix C sounds drums amazing, very strong and makes me motivated; Mix D instruments too low as well, I cannot focus; Mix E sounds vocals very clear, instruments lower, i like it i can focus.",261603,assets/audio/study-stimuli/main-study/group_02/song_a_in_the_meantime/qut_b.wav,0.0560294315219,17.366355896,0.000543582602404,0.000562923552934,-0.6698107538710293,-0.1978340618743536,-1.5468197375217057,0.0908009789400507
15,P019,2b70dac9-13a2-40ed-a8e6-36d1db564427,five_mix_frontend_v1_2026-08-06,five_mix_netlify_forms_v1,five_mix_frontend_v1_2026-08-06,completed,group_02,group_02,2026-08-14 15:34:49.569,2026-08-14 16:00:21.570,2026-08-14 16:00:22.699,1532.0,6,5,30,6,True,25,P019__trial_05,5,FM-1,FM-1,3,in_the_meantime,group_02_song_a_in_the_meantime,1,Song A,E,5,mix_cdaef40f2b94,in_the_meantime_qut_pro,mix_cdaef40f2b94,in_the_meantime_qut_pro,True,76,True,True,2026-08-14T14:54:02.425Z,"Mix A sounds good and makes me engaged, specially the drums and bass; Mix B sounds weird and makes me lose focus, bass, guitar and vocals, everything weird; Mix C sounds drums amazing, very strong and makes me motivated; Mix D instruments too low as well, I cannot focus; Mix E sounds vocals very clear, instruments lower, i like it i can focus.","Mix A sounds good and makes me engaged, specially the drums and bass; Mix B sounds weird and makes me lose focus, bass, guitar and vocals, everything weird; Mix C sounds drums amazing, very strong and makes me motivated; Mix D instruments too low as well, I cannot focus; Mix E sounds vocals very clear, instruments lower, i like it i can focus.",261603,assets/audio/study-stimuli/main-study/group_02/song_a_in_the_meantime/qut_pro.wav,0.0560023784637,14.1143035889,0.212649226189,-0.0385963246226,-0.6756280657690176,-1.4346341192827423,1.8511013279434223,-0.7325346788768815
15,P019,2b70dac9-13a2-40ed-a8e6-36d1db564427,five_mix_frontend_v1_2026-08-06,five_mix_netlify_forms_v1,five_mix_frontend_v1_2026-08-06,completed,group_02,group_02,2026-08-14 15:34:49.569,2026-08-14 16:00:21.570,2026-08-14 16:00:22.699,1532.0,6,5,30,6,True,26,P019__trial_06,6,FM-1,FM-1,3,pouring_room,group_02_song_b_pouring_room,2,Song B,A,1,mix_e08faaf8bbb3,pouring_room_mcg_v,mix_e08faaf8bbb3,pouring_room_mcg_v,True,11,True,True,2026-08-14T14:54:36.800Z,"Mix A is good, but I dont like the guitar; Mix B sounds good, I immersed in the music; Mix C sounds without ambience, I cannot immerse and I think I focus less; Mix D chorus i dont like it, same as instruments; Mix E is also good with ambience sound I like it.","Mix A is good, but I dont like the guitar; Mix B sounds good, I immersed in the music; Mix C sounds without ambience, I cannot immerse and I think I focus less; Mix D chorus i dont like it, same as instruments; Mix E is also good with ambience sound I like it.",276081,assets/audio/study-stimuli/main-study/group_02/song_b_pouring_room/mcg_v.wav,0.0600788630545,20.8109931946,0.0795278027654,-0.0483895651996,0.2009523983216312,1.112208706920678,-0.2814967551013548,-0.938440679331238
15,P019,2b70dac9-13a2-40ed-a8e6-36d1db564427,five_mix_frontend_v1_2026-08-06,five_mix_netlify_forms_v1,five_mix_frontend_v1_2026-08-06,completed,group_02,group_02,2026-08-14 15:34:49.569,2026-08-14 16:00:21.570,2026-08-14 16:00:22.699,1532.0,6,5,30,6,True,27,P019__trial_06,6,FM-1,FM-1,3,pouring_room,group_02_song_b_pouring_room,2,Song B,B,2,mix_0ba76f420c1d,pouring_room_mcg_r,mix_0ba76f420c1d,pouring_room_mcg_r,True,77,True,True,2026-08-14T14:54:56.664Z,"Mix A is good, but I dont like the guitar; Mix B sounds good, I immersed in the music; Mix C sounds without ambience, I cannot immerse and I think I focus less; Mix D chorus i dont like it, same as instruments; Mix E is also good with ambience sound I like it.","Mix A is good, but I dont like the guitar; Mix B sounds good, I immersed in the music; Mix C sounds without ambience, I cannot immerse and I think I focus less; Mix D chorus i dont like it, same as instruments; Mix E is also good with ambience sound I like it.",276081,assets/audio/study-stimuli/main-study/group_02/song_b_pouring_room/mcg_r.wav,0.060190629214,16.5152053833,0.14739459753,-0.0638295859098,0.2249858589620197,-0.521538265731174,0.8057256670690561,-1.2630720295337683
15,P019,2b70dac9-13a2-40ed-a8e6-36d1db564427,five_mix_frontend_v1_2026-08-06,five_mix_netlify_forms_v1,five_mix_frontend_v1_2026-08-06,completed,group_02,group_02,2026-08-14 15:34:49.569,2026-08-14 16:00:21.570,2026-08-14 16:00:22.699,1532.0,6,5,30,6,True,28,P019__trial_06,6,FM-1,FM-1,3,pouring_room,group_02_song_b_pouring_room,2,Song B,C,3,mix_132e75f34470,pouring_room_mcg_pro1,mix_132e75f34470,pouring_room_mcg_pro1,True,50,True,True,2026-08-14T14:55:46.912Z,"Mix A is good, but I dont like the guitar; Mix B sounds good, I immersed in the music; Mix C sounds without ambience, I cannot immerse and I think I focus less; Mix D chorus i dont like it, same as instruments; Mix E is also good with ambience sound I like it.","Mix A is good, but I dont like the guitar; Mix B sounds good, I immersed in the music; Mix C sounds without ambience, I cannot immerse and I think I focus less; Mix D chorus i dont like it, same as instruments; Mix E is also good with ambience sound I like it.",276081,assets/audio/study-stimuli/main-study/group_02/song_b_pouring_room/mcg_pro1.wav,0.0646217316389,18.2459716797,0.0750391855836,-0.0488145165145,1.177821012274786,0.1366958746221527,-0.3534041622732912,-0.9473754159948484
15,P019,2b70dac9-13a2-40ed-a8e6-36d1db564427,five_mix_frontend_v1_2026-08-06,five_mix_netlify_forms_v1,five_mix_frontend_v1_2026-08-06,completed,group_02,group_02,2026-08-14 15:34:49.569,2026-08-14 16:00:21.570,2026-08-14 16:00:22.699,1532.0,6,5,30,6,True,29,P019__trial_06,6,FM-1,FM-1,3,pouring_room,group_02_song_b_pouring_room,2,Song B,D,4,mix_be2ccd4c43ff,pouring_room_mcg_t,mix_be2ccd4c43ff,pouring_room_mcg_t,True,26,True,True,2026-08-14T14:57:56.094Z,"Mix A is good, but I dont like the guitar; Mix B sounds good, I immersed in the music; Mix C sounds without ambience, I cannot immerse and I think I focus less; Mix D chorus i dont like it, same as instruments; Mix E is also good with ambience sound I like it.","Mix A is good, but I dont like the guitar; Mix B sounds good, I immersed in the music; Mix C sounds without ambience, I cannot immerse and I think I focus less; Mix D chorus i dont like it, same as instruments; Mix E is also good with ambience sound I like it.",276081,assets/audio/study-stimuli/main-study/group_02/song_b_pouring_room/mcg_t.wav,0.0587656274438,20.841550827,0.217380493879,-0.0455747283995,-0.0814371595061495,1.1238301932737935,1.926895983278192,-0.8792578396079359
15,P019,2b70dac9-13a2-40ed-a8e6-36d1db564427,five_mix_frontend_v1_2026-08-06,five_mix_netlify_forms_v1,five_mix_frontend_v1_2026-08-06,completed,group_02,group_02,2026-08-14 15:34:49.569,2026-08-14 16:00:21.570,2026-08-14 16:00:22.699,1532.0,6,5,30,6,True,30,P019__trial_06,6,FM-1,FM-1,3,pouring_room,group_02_song_b_pouring_room,2,Song B,E,5,mix_cbf8555ee2b2,pouring_room_mcg_x,mix_cbf8555ee2b2,pouring_room_mcg_x,True,93,True,True,2026-08-14T14:58:29.972Z,"Mix A is good, but I dont like the guitar; Mix B sounds good, I immersed in the music; Mix C sounds without ambience, I cannot immerse and I think I focus less; Mix D chorus i dont like it, same as instruments; Mix E is also good with ambience sound I like it.","Mix A is good, but I dont like the guitar; Mix B sounds good, I immersed in the music; Mix C sounds without ambience, I cannot immerse and I think I focus less; Mix D chorus i dont like it, same as instruments; Mix E is also good with ambience sound I like it.",276081,assets/audio/study-stimuli/main-study/group_02/song_b_pouring_room/mcg_x.wav,0.0612343810499,19.9389343262,0.147577553988,-0.0265915170312,0.4494273963527286,0.780552768870155,0.8086566197405122,-0.4801297779726206
16,P018,ff39c00d-a39e-42cf-82dc-aa2d53634c00,five_mix_frontend_v1_2026-08-06,five_mix_netlify_forms_v1,five_mix_frontend_v1_2026-08-06,completed,group_02,group_02,2026-08-14 06:07:14.386,2026-08-14 06:38:54.281,2026-08-14 06:38:55.622,1900.0,6,5,30,6,True,1,P018__trial_01,1,EDR-2,EDR-2,1,pouring_room,group_02_song_b_pouring_room,1,Song B,A,1,mix_0ba76f420c1d,pouring_room_mcg_r,mix_0ba76f420c1d,pouring_room_mcg_r,True,100,True,True,2026-08-14T05:21:53.531Z,"Todas se me hicieron excelente para un momento así,  me gusta que la musica sea lenta y te puedan generar una emoción","Todas se me hicieron excelente para un momento así,  me gusta que la musica sea lenta y te puedan generar una emoción",152838,assets/audio/study-stimuli/main-study/group_02/song_b_pouring_room/mcg_r.wav,0.060190629214,16.5152053833,0.14739459753,-0.0638295859098,0.2249858589620197,-0.521538265731174,0.8057256670690561,-1.2630720295337683
16,P018,ff39c00d-a39e-42cf-82dc-aa2d53634c00,five_mix_frontend_v1_2026-08-06,five_mix_netlify_forms_v1,five_mix_frontend_v1_2026-08-06,completed,group_02,group_02,2026-08-14 06:07:14.386,2026-08-14 06:38:54.281,2026-08-14 06:38:55.622,1900.0,6,5,30,6,True,2,P018__trial_01,1,EDR-2,EDR-2,1,pouring_room,group_02_song_b_pouring_room,1,Song B,B,2,mix_cbf8555ee2b2,pouring_room_mcg_x,mix_cbf8555ee2b2,pouring_room_mcg_x,True,100,True,True,2026-08-14T05:21:49.204Z,"Todas se me hicieron excelente para un momento así,  me gusta que la musica sea lenta y te puedan generar una emoción","Todas se me hicieron excelente para un momento así,  me gusta que la musica sea lenta y te puedan generar una emoción",152838,assets/audio/study-stimuli/main-study/group_02/song_b_pouring_room/mcg_x.wav,0.0612343810499,19.9389343262,0.147577553988,-0.0265915170312,0.4494273963527286,0.780552768870155,0.8086566197405122,-0.4801297779726206
16,P018,ff39c00d-a39e-42cf-82dc-aa2d53634c00,five_mix_frontend_v1_2026-08-06,five_mix_netlify_forms_v1,five_mix_frontend_v1_2026-08-06,completed,group_02,group_02,2026-08-14 06:07:14.386,2026-08-14 06:38:54.281,2026-08-14 06:38:55.622,1900.0,6,5,30,6,True,3,P018__trial_01,1,EDR-2,EDR-2,1,pouring_room,group_02_song_b_pouring_room,1,Song B,C,3,mix_132e75f34470,pouring_room_mcg_pro1,mix_132e75f34470,pouring_room_mcg_pro1,True,100,True,True,2026-08-14T05:21:15.158Z,"Todas se me hicieron excelente para un momento así,  me gusta que la musica sea lenta y te puedan generar una emoción","Todas se me hicieron excelente para un momento así,  me gusta que la musica sea lenta y te puedan generar una emoción",152838,assets/audio/study-stimuli/main-study/group_02/song_b_pouring_room/mcg_pro1.wav,0.0646217316389,18.2459716797,0.0750391855836,-0.0488145165145,1.177821012274786,0.1366958746221527,-0.3534041622732912,-0.9473754159948484
16,P018,ff39c00d-a39e-42cf-82dc-aa2d53634c00,five_mix_frontend_v1_2026-08-06,five_mix_netlify_forms_v1,five_mix_frontend_v1_2026-08-06,completed,group_02,group_02,2026-08-14 06:07:14.386,2026-08-14 06:38:54.281,2026-08-14 06:38:55.622,1900.0,6,5,30,6,True,4,P018__trial_01,1,EDR-2,EDR-2,1,pouring_room,group_02_song_b_pouring_room,1,Song B,D,4,mix_e08faaf8bbb3,pouring_room_mcg_v,mix_e08faaf8bbb3,pouring_room_mcg_v,True,100,True,True,2026-08-14T05:21:01.301Z,"Todas se me hicieron excelente para un momento así,  me gusta que la musica sea lenta y te puedan generar una emoción","Todas se me hicieron excelente para un momento así,  me gusta que la musica sea lenta y te puedan generar una emoción",152838,assets/audio/study-stimuli/main-study/group_02/song_b_pouring_room/mcg_v.wav,0.0600788630545,20.8109931946,0.0795278027654,-0.0483895651996,0.2009523983216312,1.112208706920678,-0.2814967551013548,-0.938440679331238
16,P018,ff39c00d-a39e-42cf-82dc-aa2d53634c00,five_mix_frontend_v1_2026-08-06,five_mix_netlify_forms_v1,five_mix_frontend_v1_2026-08-06,completed,group_02,group_02,2026-08-14 06:07:14.386,2026-08-14 06:38:54.281,2026-08-14 06:38:55.622,1900.0,6,5,30,6,True,5,P018__trial_01,1,EDR-2,EDR-2,1,pouring_room,group_02_song_b_pouring_room,1,Song B,E,5,mix_be2ccd4c43ff,pouring_room_mcg_t,mix_be2ccd4c43ff,pouring_room_mcg_t,True,100,True,True,2026-08-14T05:20:42.347Z,"Todas se me hicieron excelente para un momento así,  me gusta que la musica sea lenta y te puedan generar una emoción","Todas se me hicieron excelente para un momento así,  me gusta que la musica sea lenta y te puedan generar una emoción",152838,assets/audio/study-stimuli/main-study/group_02/song_b_pouring_room/mcg_t.wav,0.0587656274438,20.841550827,0.217380493879,-0.0455747283995,-0.0814371595061495,1.1238301932737935,1.926895983278192,-0.8792578396079359
16,P018,ff39c00d-a39e-42cf-82dc-aa2d53634c00,five_mix_frontend_v1_2026-08-06,five_mix_netlify_forms_v1,five_mix_frontend_v1_2026-08-06,completed,group_02,group_02,2026-08-14 06:07:14.386,2026-08-14 06:38:54.281,2026-08-14 06:38:55.622,1900.0,6,5,30,6,True,6,P018__trial_02,2,EDR-2,EDR-2,1,in_the_meantime,group_02_song_a_in_the_meantime,2,Song A,A,1,mix_c7bdcba64775,in_the_meantime_qut_b,mix_c7bdcba64775,in_the_meantime_qut_b,True,76,True,True,2026-08-14T05:24:14.877Z,"Igual las que iban un poco mas lentas se me hicieron mejor para un momento así,  pero no se escuchaban tan poderosas como la canción anterior","Igual las que iban un poco mas lentas se me hicieron mejor para un momento así,  pero no se escuchaban tan poderosas como la canción anterior",123780,assets/audio/study-stimuli/main-study/group_02/song_a_in_the_meantime/qut_b.wav,0.0560294315219,17.366355896,0.000543582602404,0.000562923552934,-0.6698107538710293,-0.1978340618743536,-1.5468197375217057,0.0908009789400507
16,P018,ff39c00d-a39e-42cf-82dc-aa2d53634c00,five_mix_frontend_v1_2026-08-06,five_mix_netlify_forms_v1,five_mix_frontend_v1_2026-08-06,completed,group_02,group_02,2026-08-14 06:07:14.386,2026-08-14 06:38:54.281,2026-08-14 06:38:55.622,1900.0,6,5,30,6,True,7,P018__trial_02,2,EDR-2,EDR-2,1,in_the_meantime,group_02_song_a_in_the_meantime,2,Song A,B,2,mix_302f0efe8a80,in_the_meantime_du_h,mix_302f0efe8a80,in_the_meantime_du_h,True,70,True,True,2026-08-14T05:24:03.279Z,"Igual las que iban un poco mas lentas se me hicieron mejor para un momento así,  pero no se escuchaban tan poderosas como la canción anterior","Igual las que iban un poco mas lentas se me hicieron mejor para un momento así,  pero no se escuchaban tan poderosas como la canción anterior",123780,assets/audio/study-stimuli/main-study/group_02/song_a_in_the_meantime/du_h.wav,0.0623472034931,18.601518631,0.0428314469755,0.0354086197913,0.6887214233465396,0.2719152524959843,-0.8693704120952901,0.8234428342152216
16,P018,ff39c00d-a39e-42cf-82dc-aa2d53634c00,five_mix_frontend_v1_2026-08-06,five_mix_netlify_forms_v1,five_mix_frontend_v1_2026-08-06,completed,group_02,group_02,2026-08-14 06:07:14.386,2026-08-14 06:38:54.281,2026-08-14 06:38:55.622,1900.0,6,5,30,6,True,8,P018__trial_02,2,EDR-2,EDR-2,1,in_the_meantime,group_02_song_a_in_the_meantime,2,Song A,C,3,mix_9baa86357fd4,in_the_meantime_du_i,mix_9baa86357fd4,in_the_meantime_du_i,True,62,True,True,2026-08-14T05:23:44.508Z,"Igual las que iban un poco mas lentas se me hicieron mejor para un momento así,  pero no se escuchaban tan poderosas como la canción anterior","Igual las que iban un poco mas lentas se me hicieron mejor para un momento así,  pero no se escuchaban tan poderosas como la canción anterior",123780,assets/audio/study-stimuli/main-study/group_02/song_a_in_the_meantime/du_i.wav,0.0503131300211,22.9316368103,0.130904406309,-0.0380811542273,-1.8990066727669184,1.9187185345499165,0.5415536857115313,-0.721703057329889
16,P018,ff39c00d-a39e-42cf-82dc-aa2d53634c00,five_mix_frontend_v1_2026-08-06,five_mix_netlify_forms_v1,five_mix_frontend_v1_2026-08-06,completed,group_02,group_02,2026-08-14 06:07:14.386,2026-08-14 06:38:54.281,2026-08-14 06:38:55.622,1900.0,6,5,30,6,True,9,P018__trial_02,2,EDR-2,EDR-2,1,in_the_meantime,group_02_song_a_in_the_meantime,2,Song A,D,4,mix_56e65a3ce054,in_the_meantime_du_k,mix_56e65a3ce054,in_the_meantime_du_k,True,77,True,True,2026-08-14T05:23:33.879Z,"Igual las que iban un poco mas lentas se me hicieron mejor para un momento así,  pero no se escuchaban tan poderosas como la canción anterior","Igual las que iban un poco mas lentas se me hicieron mejor para un momento así,  pero no se escuchaban tan poderosas como la canción anterior",123780,assets/audio/study-stimuli/main-study/group_02/song_a_in_the_meantime/du_k.wav,0.0539390221238,22.5979270935,0.15773075819,0.0170408543199,-1.1193186569455127,1.7918041562064675,0.9713104079970216,0.4372547184671072
16,P018,ff39c00d-a39e-42cf-82dc-aa2d53634c00,five_mix_frontend_v1_2026-08-06,five_mix_netlify_forms_v1,five_mix_frontend_v1_2026-08-06,completed,group_02,group_02,2026-08-14 06:07:14.386,2026-08-14 06:38:54.281,2026-08-14 06:38:55.622,1900.0,6,5,30,6,True,10,P018__trial_02,2,EDR-2,EDR-2,1,in_the_meantime,group_02_song_a_in_the_meantime,2,Song A,E,5,mix_cdaef40f2b94,in_the_meantime_qut_pro,mix_cdaef40f2b94,in_the_meantime_qut_pro,True,62,True,True,2026-08-14T05:23:18.623Z,"Igual las que iban un poco mas lentas se me hicieron mejor para un momento así,  pero no se escuchaban tan poderosas como la canción anterior","Igual las que iban un poco mas lentas se me hicieron mejor para un momento así,  pero no se escuchaban tan poderosas como la canción anterior",123780,assets/audio/study-stimuli/main-study/group_02/song_a_in_the_meantime/qut_pro.wav,0.0560023784637,14.1143035889,0.212649226189,-0.0385963246226,-0.6756280657690176,-1.4346341192827423,1.8511013279434223,-0.7325346788768815
16,P018,ff39c00d-a39e-42cf-82dc-aa2d53634c00,five_mix_frontend_v1_2026-08-06,five_mix_netlify_forms_v1,five_mix_frontend_v1_2026-08-06,completed,group_02,group_02,2026-08-14 06:07:14.386,2026-08-14 06:38:54.281,2026-08-14 06:38:55.622,1900.0,6,5,30,6,True,11,P018__trial_03,3,FM-1,FM-1,2,pouring_room,group_02_song_b_pouring_room,1,Song B,A,1,mix_e08faaf8bbb3,pouring_room_mcg_v,mix_e08faaf8bbb3,pouring_room_mcg_v,True,0,True,True,2026-08-14T05:25:54.923Z,Yo necesitó silencio para realizar una tarea con mucha concentración. ,Yo necesitó silencio para realizar una tarea con mucha concentración.,109805,assets/audio/study-stimuli/main-study/group_02/song_b_pouring_room/mcg_v.wav,0.0600788630545,20.8109931946,0.0795278027654,-0.0483895651996,0.2009523983216312,1.112208706920678,-0.2814967551013548,-0.938440679331238
16,P018,ff39c00d-a39e-42cf-82dc-aa2d53634c00,five_mix_frontend_v1_2026-08-06,five_mix_netlify_forms_v1,five_mix_frontend_v1_2026-08-06,completed,group_02,group_02,2026-08-14 06:07:14.386,2026-08-14 06:38:54.281,2026-08-14 06:38:55.622,1900.0,6,5,30,6,True,12,P018__trial_03,3,FM-1,FM-1,2,pouring_room,group_02_song_b_pouring_room,1,Song B,B,2,mix_132e75f34470,pouring_room_mcg_pro1,mix_132e75f34470,pouring_room_mcg_pro1,True,0,True,True,2026-08-14T05:25:54.598Z,Yo necesitó silencio para realizar una tarea con mucha concentración. ,Yo necesitó silencio para realizar una tarea con mucha concentración.,109805,assets/audio/study-stimuli/main-study/group_02/song_b_pouring_room/mcg_pro1.wav,0.0646217316389,18.2459716797,0.0750391855836,-0.0488145165145,1.177821012274786,0.1366958746221527,-0.3534041622732912,-0.9473754159948484
16,P018,ff39c00d-a39e-42cf-82dc-aa2d53634c00,five_mix_frontend_v1_2026-08-06,five_mix_netlify_forms_v1,five_mix_frontend_v1_2026-08-06,completed,group_02,group_02,2026-08-14 06:07:14.386,2026-08-14 06:38:54.281,2026-08-14 06:38:55.622,1900.0,6,5,30,6,True,13,P018__trial_03,3,FM-1,FM-1,2,pouring_room,group_02_song_b_pouring_room,1,Song B,C,3,mix_be2ccd4c43ff,pouring_room_mcg_t,mix_be2ccd4c43ff,pouring_room_mcg_t,True,0,True,True,2026-08-14T05:26:50.149Z,Yo necesitó silencio para realizar una tarea con mucha concentración. ,Yo necesitó silencio para realizar una tarea con mucha concentración.,109805,assets/audio/study-stimuli/main-study/group_02/song_b_pouring_room/mcg_t.wav,0.0587656274438,20.841550827,0.217380493879,-0.0455747283995,-0.0814371595061495,1.1238301932737935,1.926895983278192,-0.8792578396079359
16,P018,ff39c00d-a39e-42cf-82dc-aa2d53634c00,five_mix_frontend_v1_2026-08-06,five_mix_netlify_forms_v1,five_mix_frontend_v1_2026-08-06,completed,group_02,group_02,2026-08-14 06:07:14.386,2026-08-14 06:38:54.281,2026-08-14 06:38:55.622,1900.0,6,5,30,6,True,14,P018__trial_03,3,FM-1,FM-1,2,pouring_room,group_02_song_b_pouring_room,1,Song B,D,4,mix_0ba76f420c1d,pouring_room_mcg_r,mix_0ba76f420c1d,pouring_room_mcg_r,True,0,True,True,2026-08-14T05:25:53.305Z,Yo necesitó silencio para realizar una tarea con mucha concentración. ,Yo necesitó silencio para realizar una tarea con mucha concentración.,109805,assets/audio/study-stimuli/main-study/group_02/song_b_pouring_room/mcg_r.wav,0.060190629214,16.5152053833,0.14739459753,-0.0638295859098,0.2249858589620197,-0.521538265731174,0.8057256670690561,-1.2630720295337683
16,P018,ff39c00d-a39e-42cf-82dc-aa2d53634c00,five_mix_frontend_v1_2026-08-06,five_mix_netlify_forms_v1,five_mix_frontend_v1_2026-08-06,completed,group_02,group_02,2026-08-14 06:07:14.386,2026-08-14 06:38:54.281,2026-08-14 06:38:55.622,1900.0,6,5,30,6,True,15,P018__trial_03,3,FM-1,FM-1,2,pouring_room,group_02_song_b_pouring_room,1,Song B,E,5,mix_cbf8555ee2b2,pouring_room_mcg_x,mix_cbf8555ee2b2,pouring_room_mcg_x,True,0,True,True,2026-08-14T05:25:38.158Z,Yo necesitó silencio para realizar una tarea con mucha concentración. ,Yo necesitó silencio para realizar una tarea con mucha concentración.,109805,assets/audio/study-stimuli/main-study/group_02/song_b_pouring_room/mcg_x.wav,0.0612343810499,19.9389343262,0.147577553988,-0.0265915170312,0.4494273963527286,0.780552768870155,0.8086566197405122,-0.4801297779726206
16,P018,ff39c00d-a39e-42cf-82dc-aa2d53634c00,five_mix_frontend_v1_2026-08-06,five_mix_netlify_forms_v1,five_mix_frontend_v1_2026-08-06,completed,group_02,group_02,2026-08-14 06:07:14.386,2026-08-14 06:38:54.281,2026-08-14 06:38:55.622,1900.0,6,5,30,6,True,16,P018__trial_04,4,FM-1,FM-1,2,in_the_meantime,group_02_song_a_in_the_meantime,2,Song A,A,1,mix_56e65a3ce054,in_the_meantime_du_k,mix_56e65a3ce054,in_the_meantime_du_k,True,0,True,True,2026-08-14T05:27:16.202Z,Yo necesitó silencio para realizar actividades que requieren mi atención. ,Yo necesitó silencio para realizar actividades que requieren mi atención.,52497,assets/audio/study-stimuli/main-study/group_02/song_a_in_the_meantime/du_k.wav,0.0539390221238,22.5979270935,0.15773075819,0.0170408543199,-1.1193186569455127,1.7918041562064675,0.9713104079970216,0.4372547184671072
16,P018,ff39c00d-a39e-42cf-82dc-aa2d53634c00,five_mix_frontend_v1_2026-08-06,five_mix_netlify_forms_v1,five_mix_frontend_v1_2026-08-06,completed,group_02,group_02,2026-08-14 06:07:14.386,2026-08-14 06:38:54.281,2026-08-14 06:38:55.622,1900.0,6,5,30,6,True,17,P018__trial_04,4,FM-1,FM-1,2,in_the_meantime,group_02_song_a_in_the_meantime,2,Song A,B,2,mix_302f0efe8a80,in_the_meantime_du_h,mix_302f0efe8a80,in_the_meantime_du_h,True,0,True,True,2026-08-14T05:27:15.693Z,Yo necesitó silencio para realizar actividades que requieren mi atención. ,Yo necesitó silencio para realizar actividades que requieren mi atención.,52497,assets/audio/study-stimuli/main-study/group_02/song_a_in_the_meantime/du_h.wav,0.0623472034931,18.601518631,0.0428314469755,0.0354086197913,0.6887214233465396,0.2719152524959843,-0.8693704120952901,0.8234428342152216
16,P018,ff39c00d-a39e-42cf-82dc-aa2d53634c00,five_mix_frontend_v1_2026-08-06,five_mix_netlify_forms_v1,five_mix_frontend_v1_2026-08-06,completed,group_02,group_02,2026-08-14 06:07:14.386,2026-08-14 06:38:54.281,2026-08-14 06:38:55.622,1900.0,6,5,30,6,True,18,P018__trial_04,4,FM-1,FM-1,2,in_the_meantime,group_02_song_a_in_the_meantime,2,Song A,C,3,mix_c7bdcba64775,in_the_meantime_qut_b,mix_c7bdcba64775,in_the_meantime_qut_b,True,0,True,True,2026-08-14T05:27:15.260Z,Yo necesitó silencio para realizar actividades que requieren mi atención. ,Yo necesitó silencio para realizar actividades que requieren mi atención.,52497,assets/audio/study-stimuli/main-study/group_02/song_a_in_the_meantime/qut_b.wav,0.0560294315219,17.366355896,0.000543582602404,0.000562923552934,-0.6698107538710293,-0.1978340618743536,-1.5468197375217057,0.0908009789400507
16,P018,ff39c00d-a39e-42cf-82dc-aa2d53634c00,five_mix_frontend_v1_2026-08-06,five_mix_netlify_forms_v1,five_mix_frontend_v1_2026-08-06,completed,group_02,group_02,2026-08-14 06:07:14.386,2026-08-14 06:38:54.281,2026-08-14 06:38:55.622,1900.0,6,5,30,6,True,19,P018__trial_04,4,FM-1,FM-1,2,in_the_meantime,group_02_song_a_in_the_meantime,2,Song A,D,4,mix_9baa86357fd4,in_the_meantime_du_i,mix_9baa86357fd4,in_the_meantime_du_i,True,0,True,True,2026-08-14T05:27:14.793Z,Yo necesitó silencio para realizar actividades que requieren mi atención. ,Yo necesitó silencio para realizar actividades que requieren mi atención.,52497,assets/audio/study-stimuli/main-study/group_02/song_a_in_the_meantime/du_i.wav,0.0503131300211,22.9316368103,0.130904406309,-0.0380811542273,-1.8990066727669184,1.9187185345499165,0.5415536857115313,-0.721703057329889
16,P018,ff39c00d-a39e-42cf-82dc-aa2d53634c00,five_mix_frontend_v1_2026-08-06,five_mix_netlify_forms_v1,five_mix_frontend_v1_2026-08-06,completed,group_02,group_02,2026-08-14 06:07:14.386,2026-08-14 06:38:54.281,2026-08-14 06:38:55.622,1900.0,6,5,30,6,True,20,P018__trial_04,4,FM-1,FM-1,2,in_the_meantime,group_02_song_a_in_the_meantime,2,Song A,E,5,mix_cdaef40f2b94,in_the_meantime_qut_pro,mix_cdaef40f2b94,in_the_meantime_qut_pro,True,0,True,True,2026-08-14T05:27:12.038Z,Yo necesitó silencio para realizar actividades que requieren mi atención. ,Yo necesitó silencio para realizar actividades que requieren mi atención.,52497,assets/audio/study-stimuli/main-study/group_02/song_a_in_the_meantime/qut_pro.wav,0.0560023784637,14.1143035889,0.212649226189,-0.0385963246226,-0.6756280657690176,-1.4346341192827423,1.8511013279434223,-0.7325346788768815
16,P018,ff39c00d-a39e-42cf-82dc-aa2d53634c00,five_mix_frontend_v1_2026-08-06,five_mix_netlify_forms_v1,five_mix_frontend_v1_2026-08-06,completed,group_02,group_02,2026-08-14 06:07:14.386,2026-08-14 06:38:54.281,2026-08-14 06:38:55.622,1900.0,6,5,30,6,True,21,P018__trial_05,5,EDR-1,EDR-1,3,pouring_room,group_02_song_b_pouring_room,1,Song B,A,1,mix_0ba76f420c1d,pouring_room_mcg_r,mix_0ba76f420c1d,pouring_room_mcg_r,True,100,True,True,2026-08-14T05:28:57.970Z,"Las canciones me parecieron buenas para escucharlas, la verdad nose si esperan que mi gusto cambié mucho basandome en el tono, para mí es casi la misma XD
Soy muy de si me gusta bien, sino no. ","Las canciones me parecieron buenas para escucharlas, la verdad nose si esperan que mi gusto cambié mucho basandome en el tono, para mí es casi la misma XD
Soy muy de si me gusta bien, sino no.",220249,assets/audio/study-stimuli/main-study/group_02/song_b_pouring_room/mcg_r.wav,0.060190629214,16.5152053833,0.14739459753,-0.0638295859098,0.2249858589620197,-0.521538265731174,0.8057256670690561,-1.2630720295337683
16,P018,ff39c00d-a39e-42cf-82dc-aa2d53634c00,five_mix_frontend_v1_2026-08-06,five_mix_netlify_forms_v1,five_mix_frontend_v1_2026-08-06,completed,group_02,group_02,2026-08-14 06:07:14.386,2026-08-14 06:38:54.281,2026-08-14 06:38:55.622,1900.0,6,5,30,6,True,22,P018__trial_05,5,EDR-1,EDR-1,3,pouring_room,group_02_song_b_pouring_room,1,Song B,B,2,mix_cbf8555ee2b2,pouring_room_mcg_x,mix_cbf8555ee2b2,pouring_room_mcg_x,True,100,True,True,2026-08-14T05:28:57.400Z,"Las canciones me parecieron buenas para escucharlas, la verdad nose si esperan que mi gusto cambié mucho basandome en el tono, para mí es casi la misma XD
Soy muy de si me gusta bien, sino no. ","Las canciones me parecieron buenas para escucharlas, la verdad nose si esperan que mi gusto cambié mucho basandome en el tono, para mí es casi la misma XD
Soy muy de si me gusta bien, sino no.",220249,assets/audio/study-stimuli/main-study/group_02/song_b_pouring_room/mcg_x.wav,0.0612343810499,19.9389343262,0.147577553988,-0.0265915170312,0.4494273963527286,0.780552768870155,0.8086566197405122,-0.4801297779726206
16,P018,ff39c00d-a39e-42cf-82dc-aa2d53634c00,five_mix_frontend_v1_2026-08-06,five_mix_netlify_forms_v1,five_mix_frontend_v1_2026-08-06,completed,group_02,group_02,2026-08-14 06:07:14.386,2026-08-14 06:38:54.281,2026-08-14 06:38:55.622,1900.0,6,5,30,6,True,23,P018__trial_05,5,EDR-1,EDR-1,3,pouring_room,group_02_song_b_pouring_room,1,Song B,C,3,mix_e08faaf8bbb3,pouring_room_mcg_v,mix_e08faaf8bbb3,pouring_room_mcg_v,True,100,True,True,2026-08-14T05:28:41.632Z,"Las canciones me parecieron buenas para escucharlas, la verdad nose si esperan que mi gusto cambié mucho basandome en el tono, para mí es casi la misma XD
Soy muy de si me gusta bien, sino no. ","Las canciones me parecieron buenas para escucharlas, la verdad nose si esperan que mi gusto cambié mucho basandome en el tono, para mí es casi la misma XD
Soy muy de si me gusta bien, sino no.",220249,assets/audio/study-stimuli/main-study/group_02/song_b_pouring_room/mcg_v.wav,0.0600788630545,20.8109931946,0.0795278027654,-0.0483895651996,0.2009523983216312,1.112208706920678,-0.2814967551013548,-0.938440679331238
16,P018,ff39c00d-a39e-42cf-82dc-aa2d53634c00,five_mix_frontend_v1_2026-08-06,five_mix_netlify_forms_v1,five_mix_frontend_v1_2026-08-06,completed,group_02,group_02,2026-08-14 06:07:14.386,2026-08-14 06:38:54.281,2026-08-14 06:38:55.622,1900.0,6,5,30,6,True,24,P018__trial_05,5,EDR-1,EDR-1,3,pouring_room,group_02_song_b_pouring_room,1,Song B,D,4,mix_be2ccd4c43ff,pouring_room_mcg_t,mix_be2ccd4c43ff,pouring_room_mcg_t,True,100,True,True,2026-08-14T05:28:31.375Z,"Las canciones me parecieron buenas para escucharlas, la verdad nose si esperan que mi gusto cambié mucho basandome en el tono, para mí es casi la misma XD
Soy muy de si me gusta bien, sino no. ","Las canciones me parecieron buenas para escucharlas, la verdad nose si esperan que mi gusto cambié mucho basandome en el tono, para mí es casi la misma XD
Soy muy de si me gusta bien, sino no.",220249,assets/audio/study-stimuli/main-study/group_02/song_b_pouring_room/mcg_t.wav,0.0587656274438,20.841550827,0.217380493879,-0.0455747283995,-0.0814371595061495,1.1238301932737935,1.926895983278192,-0.8792578396079359
16,P018,ff39c00d-a39e-42cf-82dc-aa2d53634c00,five_mix_frontend_v1_2026-08-06,five_mix_netlify_forms_v1,five_mix_frontend_v1_2026-08-06,completed,group_02,group_02,2026-08-14 06:07:14.386,2026-08-14 06:38:54.281,2026-08-14 06:38:55.622,1900.0,6,5,30,6,True,25,P018__trial_05,5,EDR-1,EDR-1,3,pouring_room,group_02_song_b_pouring_room,1,Song B,E,5,mix_132e75f34470,pouring_room_mcg_pro1,mix_132e75f34470,pouring_room_mcg_pro1,True,100,True,True,2026-08-14T05:28:12.319Z,"Las canciones me parecieron buenas para escucharlas, la verdad nose si esperan que mi gusto cambié mucho basandome en el tono, para mí es casi la misma XD
Soy muy de si me gusta bien, sino no. ","Las canciones me parecieron buenas para escucharlas, la verdad nose si esperan que mi gusto cambié mucho basandome en el tono, para mí es casi la misma XD
Soy muy de si me gusta bien, sino no.",220249,assets/audio/study-stimuli/main-study/group_02/song_b_pouring_room/mcg_pro1.wav,0.0646217316389,18.2459716797,0.0750391855836,-0.0488145165145,1.177821012274786,0.1366958746221527,-0.3534041622732912,-0.9473754159948484
16,P018,ff39c00d-a39e-42cf-82dc-aa2d53634c00,five_mix_frontend_v1_2026-08-06,five_mix_netlify_forms_v1,five_mix_frontend_v1_2026-08-06,completed,group_02,group_02,2026-08-14 06:07:14.386,2026-08-14 06:38:54.281,2026-08-14 06:38:55.622,1900.0,6,5,30,6,True,26,P018__trial_06,6,EDR-1,EDR-1,3,in_the_meantime,group_02_song_a_in_the_meantime,2,Song A,A,1,mix_cdaef40f2b94,in_the_meantime_qut_pro,mix_cdaef40f2b94,in_the_meantime_qut_pro,True,73,True,True,2026-08-14T05:32:42.845Z,"En este caso puedo decir que el B y el A se escucharon un poco mas enriquecidos que los otros, el C no tanto","En este caso puedo decir que el B y el A se escucharon un poco mas enriquecidos que los otros, el C no tanto",297845,assets/audio/study-stimuli/main-study/group_02/song_a_in_the_meantime/qut_pro.wav,0.0560023784637,14.1143035889,0.212649226189,-0.0385963246226,-0.6756280657690176,-1.4346341192827423,1.8511013279434223,-0.7325346788768815
16,P018,ff39c00d-a39e-42cf-82dc-aa2d53634c00,five_mix_frontend_v1_2026-08-06,five_mix_netlify_forms_v1,five_mix_frontend_v1_2026-08-06,completed,group_02,group_02,2026-08-14 06:07:14.386,2026-08-14 06:38:54.281,2026-08-14 06:38:55.622,1900.0,6,5,30,6,True,27,P018__trial_06,6,EDR-1,EDR-1,3,in_the_meantime,group_02_song_a_in_the_meantime,2,Song A,B,2,mix_9baa86357fd4,in_the_meantime_du_i,mix_9baa86357fd4,in_the_meantime_du_i,True,74,True,True,2026-08-14T05:31:56.889Z,"En este caso puedo decir que el B y el A se escucharon un poco mas enriquecidos que los otros, el C no tanto","En este caso puedo decir que el B y el A se escucharon un poco mas enriquecidos que los otros, el C no tanto",297845,assets/audio/study-stimuli/main-study/group_02/song_a_in_the_meantime/du_i.wav,0.0503131300211,22.9316368103,0.130904406309,-0.0380811542273,-1.8990066727669184,1.9187185345499165,0.5415536857115313,-0.721703057329889
16,P018,ff39c00d-a39e-42cf-82dc-aa2d53634c00,five_mix_frontend_v1_2026-08-06,five_mix_netlify_forms_v1,five_mix_frontend_v1_2026-08-06,completed,group_02,group_02,2026-08-14 06:07:14.386,2026-08-14 06:38:54.281,2026-08-14 06:38:55.622,1900.0,6,5,30,6,True,28,P018__trial_06,6,EDR-1,EDR-1,3,in_the_meantime,group_02_song_a_in_the_meantime,2,Song A,C,3,mix_302f0efe8a80,in_the_meantime_du_h,mix_302f0efe8a80,in_the_meantime_du_h,True,47,True,True,2026-08-14T05:32:03.002Z,"En este caso puedo decir que el B y el A se escucharon un poco mas enriquecidos que los otros, el C no tanto","En este caso puedo decir que el B y el A se escucharon un poco mas enriquecidos que los otros, el C no tanto",297845,assets/audio/study-stimuli/main-study/group_02/song_a_in_the_meantime/du_h.wav,0.0623472034931,18.601518631,0.0428314469755,0.0354086197913,0.6887214233465396,0.2719152524959843,-0.8693704120952901,0.8234428342152216
16,P018,ff39c00d-a39e-42cf-82dc-aa2d53634c00,five_mix_frontend_v1_2026-08-06,five_mix_netlify_forms_v1,five_mix_frontend_v1_2026-08-06,completed,group_02,group_02,2026-08-14 06:07:14.386,2026-08-14 06:38:54.281,2026-08-14 06:38:55.622,1900.0,6,5,30,6,True,29,P018__trial_06,6,EDR-1,EDR-1,3,in_the_meantime,group_02_song_a_in_the_meantime,2,Song A,D,4,mix_c7bdcba64775,in_the_meantime_qut_b,mix_c7bdcba64775,in_the_meantime_qut_b,True,61,True,True,2026-08-14T05:31:53.622Z,"En este caso puedo decir que el B y el A se escucharon un poco mas enriquecidos que los otros, el C no tanto","En este caso puedo decir que el B y el A se escucharon un poco mas enriquecidos que los otros, el C no tanto",297845,assets/audio/study-stimuli/main-study/group_02/song_a_in_the_meantime/qut_b.wav,0.0560294315219,17.366355896,0.000543582602404,0.000562923552934,-0.6698107538710293,-0.1978340618743536,-1.5468197375217057,0.0908009789400507
16,P018,ff39c00d-a39e-42cf-82dc-aa2d53634c00,five_mix_frontend_v1_2026-08-06,five_mix_netlify_forms_v1,five_mix_frontend_v1_2026-08-06,completed,group_02,group_02,2026-08-14 06:07:14.386,2026-08-14 06:38:54.281,2026-08-14 06:38:55.622,1900.0,6,5,30,6,True,30,P018__trial_06,6,EDR-1,EDR-1,3,in_the_meantime,group_02_song_a_in_the_meantime,2,Song A,E,5,mix_56e65a3ce054,in_the_meantime_du_k,mix_56e65a3ce054,in_the_meantime_du_k,True,60,True,True,2026-08-14T05:31:41.754Z,"En este caso puedo decir que el B y el A se escucharon un poco mas enriquecidos que los otros, el C no tanto","En este caso puedo decir que el B y el A se escucharon un poco mas enriquecidos que los otros, el C no tanto",297845,assets/audio/study-stimuli/main-study/group_02/song_a_in_the_meantime/du_k.wav,0.0539390221238,22.5979270935,0.15773075819,0.0170408543199,-1.1193186569455127,1.7918041562064675,0.9713104079970216,0.4372547184671072
17,P017,85ea48f4-419e-432f-8152-27f32b0660cd,five_mix_frontend_v1_2026-08-06,five_mix_netlify_forms_v1,five_mix_frontend_v1_2026-08-06,completed,group_02,group_02,2026-08-14 03:33:19.162,2026-08-14 03:58:43.502,2026-08-14 03:58:43.892,1524.0,6,5,30,6,True,1,P017__trial_01,1,EDR-2,EDR-2,1,in_the_meantime,group_02_song_a_in_the_meantime,1,Song A,A,1,mix_c7bdcba64775,in_the_meantime_qut_b,mix_c7bdcba64775,in_the_meantime_qut_b,True,100,True,True,2026-08-14T02:46:05.770Z,I like the slower version for the situation stated.,I like the slower version for the situation stated.,155832,assets/audio/study-stimuli/main-study/group_02/song_a_in_the_meantime/qut_b.wav,0.0560294315219,17.366355896,0.000543582602404,0.000562923552934,-0.6698107538710293,-0.1978340618743536,-1.5468197375217057,0.0908009789400507
17,P017,85ea48f4-419e-432f-8152-27f32b0660cd,five_mix_frontend_v1_2026-08-06,five_mix_netlify_forms_v1,five_mix_frontend_v1_2026-08-06,completed,group_02,group_02,2026-08-14 03:33:19.162,2026-08-14 03:58:43.502,2026-08-14 03:58:43.892,1524.0,6,5,30,6,True,2,P017__trial_01,1,EDR-2,EDR-2,1,in_the_meantime,group_02_song_a_in_the_meantime,1,Song A,B,2,mix_302f0efe8a80,in_the_meantime_du_h,mix_302f0efe8a80,in_the_meantime_du_h,True,71,True,True,2026-08-14T02:45:51.669Z,I like the slower version for the situation stated.,I like the slower version for the situation stated.,155832,assets/audio/study-stimuli/main-study/group_02/song_a_in_the_meantime/du_h.wav,0.0623472034931,18.601518631,0.0428314469755,0.0354086197913,0.6887214233465396,0.2719152524959843,-0.8693704120952901,0.8234428342152216
17,P017,85ea48f4-419e-432f-8152-27f32b0660cd,five_mix_frontend_v1_2026-08-06,five_mix_netlify_forms_v1,five_mix_frontend_v1_2026-08-06,completed,group_02,group_02,2026-08-14 03:33:19.162,2026-08-14 03:58:43.502,2026-08-14 03:58:43.892,1524.0,6,5,30,6,True,3,P017__trial_01,1,EDR-2,EDR-2,1,in_the_meantime,group_02_song_a_in_the_meantime,1,Song A,C,3,mix_56e65a3ce054,in_the_meantime_du_k,mix_56e65a3ce054,in_the_meantime_du_k,True,21,True,True,2026-08-14T02:45:29.573Z,I like the slower version for the situation stated.,I like the slower version for the situation stated.,155832,assets/audio/study-stimuli/main-study/group_02/song_a_in_the_meantime/du_k.wav,0.0539390221238,22.5979270935,0.15773075819,0.0170408543199,-1.1193186569455127,1.7918041562064675,0.9713104079970216,0.4372547184671072
17,P017,85ea48f4-419e-432f-8152-27f32b0660cd,five_mix_frontend_v1_2026-08-06,five_mix_netlify_forms_v1,five_mix_frontend_v1_2026-08-06,completed,group_02,group_02,2026-08-14 03:33:19.162,2026-08-14 03:58:43.502,2026-08-14 03:58:43.892,1524.0,6,5,30,6,True,4,P017__trial_01,1,EDR-2,EDR-2,1,in_the_meantime,group_02_song_a_in_the_meantime,1,Song A,D,4,mix_9baa86357fd4,in_the_meantime_du_i,mix_9baa86357fd4,in_the_meantime_du_i,True,49,True,True,2026-08-14T02:45:15.409Z,I like the slower version for the situation stated.,I like the slower version for the situation stated.,155832,assets/audio/study-stimuli/main-study/group_02/song_a_in_the_meantime/du_i.wav,0.0503131300211,22.9316368103,0.130904406309,-0.0380811542273,-1.8990066727669184,1.9187185345499165,0.5415536857115313,-0.721703057329889
17,P017,85ea48f4-419e-432f-8152-27f32b0660cd,five_mix_frontend_v1_2026-08-06,five_mix_netlify_forms_v1,five_mix_frontend_v1_2026-08-06,completed,group_02,group_02,2026-08-14 03:33:19.162,2026-08-14 03:58:43.502,2026-08-14 03:58:43.892,1524.0,6,5,30,6,True,5,P017__trial_01,1,EDR-2,EDR-2,1,in_the_meantime,group_02_song_a_in_the_meantime,1,Song A,E,5,mix_cdaef40f2b94,in_the_meantime_qut_pro,mix_cdaef40f2b94,in_the_meantime_qut_pro,True,0,True,True,2026-08-14T02:44:52.359Z,I like the slower version for the situation stated.,I like the slower version for the situation stated.,155832,assets/audio/study-stimuli/main-study/group_02/song_a_in_the_meantime/qut_pro.wav,0.0560023784637,14.1143035889,0.212649226189,-0.0385963246226,-0.6756280657690176,-1.4346341192827423,1.8511013279434223,-0.7325346788768815
17,P017,85ea48f4-419e-432f-8152-27f32b0660cd,five_mix_frontend_v1_2026-08-06,five_mix_netlify_forms_v1,five_mix_frontend_v1_2026-08-06,completed,group_02,group_02,2026-08-14 03:33:19.162,2026-08-14 03:58:43.502,2026-08-14 03:58:43.892,1524.0,6,5,30,6,True,6,P017__trial_02,2,EDR-2,EDR-2,1,pouring_room,group_02_song_b_pouring_room,2,Song B,A,1,mix_e08faaf8bbb3,pouring_room_mcg_v,mix_e08faaf8bbb3,pouring_room_mcg_v,True,100,True,True,2026-08-14T02:49:01.437Z,I like when the artist’s voice dominates the song instead of the music itself,I like when the artist’s voice dominates the song instead of the music itself,181780,assets/audio/study-stimuli/main-study/group_02/song_b_pouring_room/mcg_v.wav,0.0600788630545,20.8109931946,0.0795278027654,-0.0483895651996,0.2009523983216312,1.112208706920678,-0.2814967551013548,-0.938440679331238
17,P017,85ea48f4-419e-432f-8152-27f32b0660cd,five_mix_frontend_v1_2026-08-06,five_mix_netlify_forms_v1,five_mix_frontend_v1_2026-08-06,completed,group_02,group_02,2026-08-14 03:33:19.162,2026-08-14 03:58:43.502,2026-08-14 03:58:43.892,1524.0,6,5,30,6,True,7,P017__trial_02,2,EDR-2,EDR-2,1,pouring_room,group_02_song_b_pouring_room,2,Song B,B,2,mix_0ba76f420c1d,pouring_room_mcg_r,mix_0ba76f420c1d,pouring_room_mcg_r,True,100,True,True,2026-08-14T02:48:43.948Z,I like when the artist’s voice dominates the song instead of the music itself,I like when the artist’s voice dominates the song instead of the music itself,181780,assets/audio/study-stimuli/main-study/group_02/song_b_pouring_room/mcg_r.wav,0.060190629214,16.5152053833,0.14739459753,-0.0638295859098,0.2249858589620197,-0.521538265731174,0.8057256670690561,-1.2630720295337683
17,P017,85ea48f4-419e-432f-8152-27f32b0660cd,five_mix_frontend_v1_2026-08-06,five_mix_netlify_forms_v1,five_mix_frontend_v1_2026-08-06,completed,group_02,group_02,2026-08-14 03:33:19.162,2026-08-14 03:58:43.502,2026-08-14 03:58:43.892,1524.0,6,5,30,6,True,8,P017__trial_02,2,EDR-2,EDR-2,1,pouring_room,group_02_song_b_pouring_room,2,Song B,C,3,mix_cbf8555ee2b2,pouring_room_mcg_x,mix_cbf8555ee2b2,pouring_room_mcg_x,True,73,True,True,2026-08-14T02:48:18.795Z,I like when the artist’s voice dominates the song instead of the music itself,I like when the artist’s voice dominates the song instead of the music itself,181780,assets/audio/study-stimuli/main-study/group_02/song_b_pouring_room/mcg_x.wav,0.0612343810499,19.9389343262,0.147577553988,-0.0265915170312,0.4494273963527286,0.780552768870155,0.8086566197405122,-0.4801297779726206
17,P017,85ea48f4-419e-432f-8152-27f32b0660cd,five_mix_frontend_v1_2026-08-06,five_mix_netlify_forms_v1,five_mix_frontend_v1_2026-08-06,completed,group_02,group_02,2026-08-14 03:33:19.162,2026-08-14 03:58:43.502,2026-08-14 03:58:43.892,1524.0,6,5,30,6,True,9,P017__trial_02,2,EDR-2,EDR-2,1,pouring_room,group_02_song_b_pouring_room,2,Song B,D,4,mix_be2ccd4c43ff,pouring_room_mcg_t,mix_be2ccd4c43ff,pouring_room_mcg_t,True,100,True,True,2026-08-14T02:48:02.470Z,I like when the artist’s voice dominates the song instead of the music itself,I like when the artist’s voice dominates the song instead of the music itself,181780,assets/audio/study-stimuli/main-study/group_02/song_b_pouring_room/mcg_t.wav,0.0587656274438,20.841550827,0.217380493879,-0.0455747283995,-0.0814371595061495,1.1238301932737935,1.926895983278192,-0.8792578396079359
17,P017,85ea48f4-419e-432f-8152-27f32b0660cd,five_mix_frontend_v1_2026-08-06,five_mix_netlify_forms_v1,five_mix_frontend_v1_2026-08-06,completed,group_02,group_02,2026-08-14 03:33:19.162,2026-08-14 03:58:43.502,2026-08-14 03:58:43.892,1524.0,6,5,30,6,True,10,P017__trial_02,2,EDR-2,EDR-2,1,pouring_room,group_02_song_b_pouring_room,2,Song B,E,5,mix_132e75f34470,pouring_room_mcg_pro1,mix_132e75f34470,pouring_room_mcg_pro1,True,73,True,True,2026-08-14T02:47:30.670Z,I like when the artist’s voice dominates the song instead of the music itself,I like when the artist’s voice dominates the song instead of the music itself,181780,assets/audio/study-stimuli/main-study/group_02/song_b_pouring_room/mcg_pro1.wav,0.0646217316389,18.2459716797,0.0750391855836,-0.0488145165145,1.177821012274786,0.1366958746221527,-0.3534041622732912,-0.9473754159948484
17,P017,85ea48f4-419e-432f-8152-27f32b0660cd,five_mix_frontend_v1_2026-08-06,five_mix_netlify_forms_v1,five_mix_frontend_v1_2026-08-06,completed,group_02,group_02,2026-08-14 03:33:19.162,2026-08-14 03:58:43.502,2026-08-14 03:58:43.892,1524.0,6,5,30,6,True,11,P017__trial_03,3,EDR-1,EDR-1,2,pouring_room,group_02_song_b_pouring_room,1,Song B,A,1,mix_e08faaf8bbb3,pouring_room_mcg_v,mix_e08faaf8bbb3,pouring_room_mcg_v,True,49,True,True,2026-08-14T02:51:52.151Z,"I like that C and B are a little more fast-paced, to my perception","I like that C and B are a little more fast-paced, to my perception",126523,assets/audio/study-stimuli/main-study/group_02/song_b_pouring_room/mcg_v.wav,0.0600788630545,20.8109931946,0.0795278027654,-0.0483895651996,0.2009523983216312,1.112208706920678,-0.2814967551013548,-0.938440679331238
17,P017,85ea48f4-419e-432f-8152-27f32b0660cd,five_mix_frontend_v1_2026-08-06,five_mix_netlify_forms_v1,five_mix_frontend_v1_2026-08-06,completed,group_02,group_02,2026-08-14 03:33:19.162,2026-08-14 03:58:43.502,2026-08-14 03:58:43.892,1524.0,6,5,30,6,True,12,P017__trial_03,3,EDR-1,EDR-1,2,pouring_room,group_02_song_b_pouring_room,1,Song B,B,2,mix_cbf8555ee2b2,pouring_room_mcg_x,mix_cbf8555ee2b2,pouring_room_mcg_x,True,88,True,True,2026-08-14T02:51:31.984Z,"I like that C and B are a little more fast-paced, to my perception","I like that C and B are a little more fast-paced, to my perception",126523,assets/audio/study-stimuli/main-study/group_02/song_b_pouring_room/mcg_x.wav,0.0612343810499,19.9389343262,0.147577553988,-0.0265915170312,0.4494273963527286,0.780552768870155,0.8086566197405122,-0.4801297779726206
17,P017,85ea48f4-419e-432f-8152-27f32b0660cd,five_mix_frontend_v1_2026-08-06,five_mix_netlify_forms_v1,five_mix_frontend_v1_2026-08-06,completed,group_02,group_02,2026-08-14 03:33:19.162,2026-08-14 03:58:43.502,2026-08-14 03:58:43.892,1524.0,6,5,30,6,True,13,P017__trial_03,3,EDR-1,EDR-1,2,pouring_room,group_02_song_b_pouring_room,1,Song B,C,3,mix_132e75f34470,pouring_room_mcg_pro1,mix_132e75f34470,pouring_room_mcg_pro1,True,100,True,True,2026-08-14T02:51:16.483Z,"I like that C and B are a little more fast-paced, to my perception","I like that C and B are a little more fast-paced, to my perception",126523,assets/audio/study-stimuli/main-study/group_02/song_b_pouring_room/mcg_pro1.wav,0.0646217316389,18.2459716797,0.0750391855836,-0.0488145165145,1.177821012274786,0.1366958746221527,-0.3534041622732912,-0.9473754159948484
17,P017,85ea48f4-419e-432f-8152-27f32b0660cd,five_mix_frontend_v1_2026-08-06,five_mix_netlify_forms_v1,five_mix_frontend_v1_2026-08-06,completed,group_02,group_02,2026-08-14 03:33:19.162,2026-08-14 03:58:43.502,2026-08-14 03:58:43.892,1524.0,6,5,30,6,True,14,P017__trial_03,3,EDR-1,EDR-1,2,pouring_room,group_02_song_b_pouring_room,1,Song B,D,4,mix_0ba76f420c1d,pouring_room_mcg_r,mix_0ba76f420c1d,pouring_room_mcg_r,True,75,True,True,2026-08-14T02:50:57.897Z,"I like that C and B are a little more fast-paced, to my perception","I like that C and B are a little more fast-paced, to my perception",126523,assets/audio/study-stimuli/main-study/group_02/song_b_pouring_room/mcg_r.wav,0.060190629214,16.5152053833,0.14739459753,-0.0638295859098,0.2249858589620197,-0.521538265731174,0.8057256670690561,-1.2630720295337683
17,P017,85ea48f4-419e-432f-8152-27f32b0660cd,five_mix_frontend_v1_2026-08-06,five_mix_netlify_forms_v1,five_mix_frontend_v1_2026-08-06,completed,group_02,group_02,2026-08-14 03:33:19.162,2026-08-14 03:58:43.502,2026-08-14 03:58:43.892,1524.0,6,5,30,6,True,15,P017__trial_03,3,EDR-1,EDR-1,2,pouring_room,group_02_song_b_pouring_room,1,Song B,E,5,mix_be2ccd4c43ff,pouring_room_mcg_t,mix_be2ccd4c43ff,pouring_room_mcg_t,True,0,True,True,2026-08-14T02:50:39.256Z,"I like that C and B are a little more fast-paced, to my perception","I like that C and B are a little more fast-paced, to my perception",126523,assets/audio/study-stimuli/main-study/group_02/song_b_pouring_room/mcg_t.wav,0.0587656274438,20.841550827,0.217380493879,-0.0455747283995,-0.0814371595061495,1.1238301932737935,1.926895983278192,-0.8792578396079359
17,P017,85ea48f4-419e-432f-8152-27f32b0660cd,five_mix_frontend_v1_2026-08-06,five_mix_netlify_forms_v1,five_mix_frontend_v1_2026-08-06,completed,group_02,group_02,2026-08-14 03:33:19.162,2026-08-14 03:58:43.502,2026-08-14 03:58:43.892,1524.0,6,5,30,6,True,16,P017__trial_04,4,EDR-1,EDR-1,2,in_the_meantime,group_02_song_a_in_the_meantime,2,Song A,A,1,mix_c7bdcba64775,in_the_meantime_qut_b,mix_c7bdcba64775,in_the_meantime_qut_b,True,11,True,True,2026-08-14T02:53:36.411Z,Great balance between voice and music in version D,Great balance between voice and music in version D,108078,assets/audio/study-stimuli/main-study/group_02/song_a_in_the_meantime/qut_b.wav,0.0560294315219,17.366355896,0.000543582602404,0.000562923552934,-0.6698107538710293,-0.1978340618743536,-1.5468197375217057,0.0908009789400507
17,P017,85ea48f4-419e-432f-8152-27f32b0660cd,five_mix_frontend_v1_2026-08-06,five_mix_netlify_forms_v1,five_mix_frontend_v1_2026-08-06,completed,group_02,group_02,2026-08-14 03:33:19.162,2026-08-14 03:58:43.502,2026-08-14 03:58:43.892,1524.0,6,5,30,6,True,17,P017__trial_04,4,EDR-1,EDR-1,2,in_the_meantime,group_02_song_a_in_the_meantime,2,Song A,B,2,mix_56e65a3ce054,in_the_meantime_du_k,mix_56e65a3ce054,in_the_meantime_du_k,True,0,True,True,2026-08-14T02:53:20.739Z,Great balance between voice and music in version D,Great balance between voice and music in version D,108078,assets/audio/study-stimuli/main-study/group_02/song_a_in_the_meantime/du_k.wav,0.0539390221238,22.5979270935,0.15773075819,0.0170408543199,-1.1193186569455127,1.7918041562064675,0.9713104079970216,0.4372547184671072
17,P017,85ea48f4-419e-432f-8152-27f32b0660cd,five_mix_frontend_v1_2026-08-06,five_mix_netlify_forms_v1,five_mix_frontend_v1_2026-08-06,completed,group_02,group_02,2026-08-14 03:33:19.162,2026-08-14 03:58:43.502,2026-08-14 03:58:43.892,1524.0,6,5,30,6,True,18,P017__trial_04,4,EDR-1,EDR-1,2,in_the_meantime,group_02_song_a_in_the_meantime,2,Song A,C,3,mix_302f0efe8a80,in_the_meantime_du_h,mix_302f0efe8a80,in_the_meantime_du_h,True,72,True,True,2026-08-14T02:53:05.259Z,Great balance between voice and music in version D,Great balance between voice and music in version D,108078,assets/audio/study-stimuli/main-study/group_02/song_a_in_the_meantime/du_h.wav,0.0623472034931,18.601518631,0.0428314469755,0.0354086197913,0.6887214233465396,0.2719152524959843,-0.8693704120952901,0.8234428342152216
17,P017,85ea48f4-419e-432f-8152-27f32b0660cd,five_mix_frontend_v1_2026-08-06,five_mix_netlify_forms_v1,five_mix_frontend_v1_2026-08-06,completed,group_02,group_02,2026-08-14 03:33:19.162,2026-08-14 03:58:43.502,2026-08-14 03:58:43.892,1524.0,6,5,30,6,True,19,P017__trial_04,4,EDR-1,EDR-1,2,in_the_meantime,group_02_song_a_in_the_meantime,2,Song A,D,4,mix_cdaef40f2b94,in_the_meantime_qut_pro,mix_cdaef40f2b94,in_the_meantime_qut_pro,True,100,True,True,2026-08-14T02:52:50.703Z,Great balance between voice and music in version D,Great balance between voice and music in version D,108078,assets/audio/study-stimuli/main-study/group_02/song_a_in_the_meantime/qut_pro.wav,0.0560023784637,14.1143035889,0.212649226189,-0.0385963246226,-0.6756280657690176,-1.4346341192827423,1.8511013279434223,-0.7325346788768815
17,P017,85ea48f4-419e-432f-8152-27f32b0660cd,five_mix_frontend_v1_2026-08-06,five_mix_netlify_forms_v1,five_mix_frontend_v1_2026-08-06,completed,group_02,group_02,2026-08-14 03:33:19.162,2026-08-14 03:58:43.502,2026-08-14 03:58:43.892,1524.0,6,5,30,6,True,20,P017__trial_04,4,EDR-1,EDR-1,2,in_the_meantime,group_02_song_a_in_the_meantime,2,Song A,E,5,mix_9baa86357fd4,in_the_meantime_du_i,mix_9baa86357fd4,in_the_meantime_du_i,True,24,True,True,2026-08-14T02:52:37.981Z,Great balance between voice and music in version D,Great balance between voice and music in version D,108078,assets/audio/study-stimuli/main-study/group_02/song_a_in_the_meantime/du_i.wav,0.0503131300211,22.9316368103,0.130904406309,-0.0380811542273,-1.8990066727669184,1.9187185345499165,0.5415536857115313,-0.721703057329889
17,P017,85ea48f4-419e-432f-8152-27f32b0660cd,five_mix_frontend_v1_2026-08-06,five_mix_netlify_forms_v1,five_mix_frontend_v1_2026-08-06,completed,group_02,group_02,2026-08-14 03:33:19.162,2026-08-14 03:58:43.502,2026-08-14 03:58:43.892,1524.0,6,5,30,6,True,21,P017__trial_05,5,FM-1,FM-1,3,pouring_room,group_02_song_b_pouring_room,1,Song B,A,1,mix_0ba76f420c1d,pouring_room_mcg_r,mix_0ba76f420c1d,pouring_room_mcg_r,True,71,True,True,2026-08-14T02:55:28.681Z,"I like that C is a little softer, great for concentrating personally.","I like that C is a little softer, great for concentrating personally.",106770,assets/audio/study-stimuli/main-study/group_02/song_b_pouring_room/mcg_r.wav,0.060190629214,16.5152053833,0.14739459753,-0.0638295859098,0.2249858589620197,-0.521538265731174,0.8057256670690561,-1.2630720295337683
17,P017,85ea48f4-419e-432f-8152-27f32b0660cd,five_mix_frontend_v1_2026-08-06,five_mix_netlify_forms_v1,five_mix_frontend_v1_2026-08-06,completed,group_02,group_02,2026-08-14 03:33:19.162,2026-08-14 03:58:43.502,2026-08-14 03:58:43.892,1524.0,6,5,30,6,True,22,P017__trial_05,5,FM-1,FM-1,3,pouring_room,group_02_song_b_pouring_room,1,Song B,B,2,mix_132e75f34470,pouring_room_mcg_pro1,mix_132e75f34470,pouring_room_mcg_pro1,True,86,True,True,2026-08-14T02:55:17.250Z,"I like that C is a little softer, great for concentrating personally.","I like that C is a little softer, great for concentrating personally.",106770,assets/audio/study-stimuli/main-study/group_02/song_b_pouring_room/mcg_pro1.wav,0.0646217316389,18.2459716797,0.0750391855836,-0.0488145165145,1.177821012274786,0.1366958746221527,-0.3534041622732912,-0.9473754159948484
17,P017,85ea48f4-419e-432f-8152-27f32b0660cd,five_mix_frontend_v1_2026-08-06,five_mix_netlify_forms_v1,five_mix_frontend_v1_2026-08-06,completed,group_02,group_02,2026-08-14 03:33:19.162,2026-08-14 03:58:43.502,2026-08-14 03:58:43.892,1524.0,6,5,30,6,True,23,P017__trial_05,5,FM-1,FM-1,3,pouring_room,group_02_song_b_pouring_room,1,Song B,C,3,mix_cbf8555ee2b2,pouring_room_mcg_x,mix_cbf8555ee2b2,pouring_room_mcg_x,True,100,True,True,2026-08-14T02:55:05.400Z,"I like that C is a little softer, great for concentrating personally.","I like that C is a little softer, great for concentrating personally.",106770,assets/audio/study-stimuli/main-study/group_02/song_b_pouring_room/mcg_x.wav,0.0612343810499,19.9389343262,0.147577553988,-0.0265915170312,0.4494273963527286,0.780552768870155,0.8086566197405122,-0.4801297779726206
17,P017,85ea48f4-419e-432f-8152-27f32b0660cd,five_mix_frontend_v1_2026-08-06,five_mix_netlify_forms_v1,five_mix_frontend_v1_2026-08-06,completed,group_02,group_02,2026-08-14 03:33:19.162,2026-08-14 03:58:43.502,2026-08-14 03:58:43.892,1524.0,6,5,30,6,True,24,P017__trial_05,5,FM-1,FM-1,3,pouring_room,group_02_song_b_pouring_room,1,Song B,D,4,mix_e08faaf8bbb3,pouring_room_mcg_v,mix_e08faaf8bbb3,pouring_room_mcg_v,True,50,True,True,2026-08-14T02:54:42.432Z,"I like that C is a little softer, great for concentrating personally.","I like that C is a little softer, great for concentrating personally.",106770,assets/audio/study-stimuli/main-study/group_02/song_b_pouring_room/mcg_v.wav,0.0600788630545,20.8109931946,0.0795278027654,-0.0483895651996,0.2009523983216312,1.112208706920678,-0.2814967551013548,-0.938440679331238
17,P017,85ea48f4-419e-432f-8152-27f32b0660cd,five_mix_frontend_v1_2026-08-06,five_mix_netlify_forms_v1,five_mix_frontend_v1_2026-08-06,completed,group_02,group_02,2026-08-14 03:33:19.162,2026-08-14 03:58:43.502,2026-08-14 03:58:43.892,1524.0,6,5,30,6,True,25,P017__trial_05,5,FM-1,FM-1,3,pouring_room,group_02_song_b_pouring_room,1,Song B,E,5,mix_be2ccd4c43ff,pouring_room_mcg_t,mix_be2ccd4c43ff,pouring_room_mcg_t,True,0,True,True,2026-08-14T02:54:36.354Z,"I like that C is a little softer, great for concentrating personally.","I like that C is a little softer, great for concentrating personally.",106770,assets/audio/study-stimuli/main-study/group_02/song_b_pouring_room/mcg_t.wav,0.0587656274438,20.841550827,0.217380493879,-0.0455747283995,-0.0814371595061495,1.1238301932737935,1.926895983278192,-0.8792578396079359
17,P017,85ea48f4-419e-432f-8152-27f32b0660cd,five_mix_frontend_v1_2026-08-06,five_mix_netlify_forms_v1,five_mix_frontend_v1_2026-08-06,completed,group_02,group_02,2026-08-14 03:33:19.162,2026-08-14 03:58:43.502,2026-08-14 03:58:43.892,1524.0,6,5,30,6,True,26,P017__trial_06,6,FM-1,FM-1,3,in_the_meantime,group_02_song_a_in_the_meantime,2,Song A,A,1,mix_302f0efe8a80,in_the_meantime_du_h,mix_302f0efe8a80,in_the_meantime_du_h,True,73,True,True,2026-08-14T02:56:59.371Z,"If I need to stay physically motivated, B is great because of the rhythm and energy","If I need to stay physically motivated, B is great because of the rhythm and energy",96376,assets/audio/study-stimuli/main-study/group_02/song_a_in_the_meantime/du_h.wav,0.0623472034931,18.601518631,0.0428314469755,0.0354086197913,0.6887214233465396,0.2719152524959843,-0.8693704120952901,0.8234428342152216
17,P017,85ea48f4-419e-432f-8152-27f32b0660cd,five_mix_frontend_v1_2026-08-06,five_mix_netlify_forms_v1,five_mix_frontend_v1_2026-08-06,completed,group_02,group_02,2026-08-14 03:33:19.162,2026-08-14 03:58:43.502,2026-08-14 03:58:43.892,1524.0,6,5,30,6,True,27,P017__trial_06,6,FM-1,FM-1,3,in_the_meantime,group_02_song_a_in_the_meantime,2,Song A,B,2,mix_9baa86357fd4,in_the_meantime_du_i,mix_9baa86357fd4,in_the_meantime_du_i,True,100,True,True,2026-08-14T02:56:50.356Z,"If I need to stay physically motivated, B is great because of the rhythm and energy","If I need to stay physically motivated, B is great because of the rhythm and energy",96376,assets/audio/study-stimuli/main-study/group_02/song_a_in_the_meantime/du_i.wav,0.0503131300211,22.9316368103,0.130904406309,-0.0380811542273,-1.8990066727669184,1.9187185345499165,0.5415536857115313,-0.721703057329889
17,P017,85ea48f4-419e-432f-8152-27f32b0660cd,five_mix_frontend_v1_2026-08-06,five_mix_netlify_forms_v1,five_mix_frontend_v1_2026-08-06,completed,group_02,group_02,2026-08-14 03:33:19.162,2026-08-14 03:58:43.502,2026-08-14 03:58:43.892,1524.0,6,5,30,6,True,28,P017__trial_06,6,FM-1,FM-1,3,in_the_meantime,group_02_song_a_in_the_meantime,2,Song A,C,3,mix_56e65a3ce054,in_the_meantime_du_k,mix_56e65a3ce054,in_the_meantime_du_k,True,26,True,True,2026-08-14T02:56:42.627Z,"If I need to stay physically motivated, B is great because of the rhythm and energy","If I need to stay physically motivated, B is great because of the rhythm and energy",96376,assets/audio/study-stimuli/main-study/group_02/song_a_in_the_meantime/du_k.wav,0.0539390221238,22.5979270935,0.15773075819,0.0170408543199,-1.1193186569455127,1.7918041562064675,0.9713104079970216,0.4372547184671072
17,P017,85ea48f4-419e-432f-8152-27f32b0660cd,five_mix_frontend_v1_2026-08-06,five_mix_netlify_forms_v1,five_mix_frontend_v1_2026-08-06,completed,group_02,group_02,2026-08-14 03:33:19.162,2026-08-14 03:58:43.502,2026-08-14 03:58:43.892,1524.0,6,5,30,6,True,29,P017__trial_06,6,FM-1,FM-1,3,in_the_meantime,group_02_song_a_in_the_meantime,2,Song A,D,4,mix_c7bdcba64775,in_the_meantime_qut_b,mix_c7bdcba64775,in_the_meantime_qut_b,True,0,True,True,2026-08-14T02:56:33.554Z,"If I need to stay physically motivated, B is great because of the rhythm and energy","If I need to stay physically motivated, B is great because of the rhythm and energy",96376,assets/audio/study-stimuli/main-study/group_02/song_a_in_the_meantime/qut_b.wav,0.0560294315219,17.366355896,0.000543582602404,0.000562923552934,-0.6698107538710293,-0.1978340618743536,-1.5468197375217057,0.0908009789400507
17,P017,85ea48f4-419e-432f-8152-27f32b0660cd,five_mix_frontend_v1_2026-08-06,five_mix_netlify_forms_v1,five_mix_frontend_v1_2026-08-06,completed,group_02,group_02,2026-08-14 03:33:19.162,2026-08-14 03:58:43.502,2026-08-14 03:58:43.892,1524.0,6,5,30,6,True,30,P017__trial_06,6,FM-1,FM-1,3,in_the_meantime,group_02_song_a_in_the_meantime,2,Song A,E,5,mix_cdaef40f2b94,in_the_meantime_qut_pro,mix_cdaef40f2b94,in_the_meantime_qut_pro,True,13,True,True,2026-08-14T02:56:13.118Z,"If I need to stay physically motivated, B is great because of the rhythm and energy","If I need to stay physically motivated, B is great because of the rhythm and energy",96376,assets/audio/study-stimuli/main-study/group_02/song_a_in_the_meantime/qut_pro.wav,0.0560023784637,14.1143035889,0.212649226189,-0.0385963246226,-0.6756280657690176,-1.4346341192827423,1.8511013279434223,-0.7325346788768815
18,P016,924c5d19-be5e-4ac5-b94c-018e391ff43b,five_mix_frontend_v1_2026-08-06,five_mix_netlify_forms_v1,five_mix_frontend_v1_2026-08-06,completed,group_01,group_01,2026-08-13 16:37:56.251,2026-08-14 01:37:50.756,2026-08-14 01:37:51.454,32395.0,6,5,30,6,True,1,P016__trial_01,1,FM-1,FM-1,1,lead_me,group_01_song_a_lead_me,1,Song A,A,1,mix_d5b28dfc8a93,lead_me_pxl_l1,mix_d5b28dfc8a93,lead_me_pxl_l1,True,61,True,True,2026-08-14T00:30:55.098Z,acustic sounds different,acustic sounds different,181098,assets/audio/study-stimuli/main-study/group_01/song_a_lead_me/pxl_l1.wav,0.0591329820454,16.9195213318,0.0170932952315,-0.0129087874666,-0.0024436394808062,-0.3677713699084406,-1.2816942263900757,-0.1924460334762285
18,P016,924c5d19-be5e-4ac5-b94c-018e391ff43b,five_mix_frontend_v1_2026-08-06,five_mix_netlify_forms_v1,five_mix_frontend_v1_2026-08-06,completed,group_01,group_01,2026-08-13 16:37:56.251,2026-08-14 01:37:50.756,2026-08-14 01:37:51.454,32395.0,6,5,30,6,True,2,P016__trial_01,1,FM-1,FM-1,1,lead_me,group_01_song_a_lead_me,1,Song A,B,2,mix_f1f7973e5bac,lead_me_du_d,mix_f1f7973e5bac,lead_me_du_d,True,48,True,True,2026-08-14T00:31:04.376Z,acustic sounds different,acustic sounds different,181098,assets/audio/study-stimuli/main-study/group_01/song_a_lead_me/du_d.wav,0.0625870004296,13.8143320084,0.117576912045,-0.0521329641342,0.7402857811167308,-1.548717422055362,0.3280479404435016,-1.017146833506479
18,P016,924c5d19-be5e-4ac5-b94c-018e391ff43b,five_mix_frontend_v1_2026-08-06,five_mix_netlify_forms_v1,five_mix_frontend_v1_2026-08-06,completed,group_01,group_01,2026-08-13 16:37:56.251,2026-08-14 01:37:50.756,2026-08-14 01:37:51.454,32395.0,6,5,30,6,True,3,P016__trial_01,1,FM-1,FM-1,1,lead_me,group_01_song_a_lead_me,1,Song A,C,3,mix_271852ba8676,lead_me_du_e,mix_271852ba8676,lead_me_du_e,True,24,True,True,2026-08-14T00:30:53.070Z,acustic sounds different,acustic sounds different,181098,assets/audio/study-stimuli/main-study/group_01/song_a_lead_me/du_e.wav,0.0543773770332,19.2538223267,0.0430038608611,0.0436125770211,-1.0250576971995913,0.5199952869185839,-0.8666083508697964,0.9959336464039888
18,P016,924c5d19-be5e-4ac5-b94c-018e391ff43b,five_mix_frontend_v1_2026-08-06,five_mix_netlify_forms_v1,five_mix_frontend_v1_2026-08-06,completed,group_01,group_01,2026-08-13 16:37:56.251,2026-08-14 01:37:50.756,2026-08-14 01:37:51.454,32395.0,6,5,30,6,True,4,P016__trial_01,1,FM-1,FM-1,1,lead_me,group_01_song_a_lead_me,1,Song A,D,4,mix_c7d9a071ba25,lead_me_pxl_l4,mix_c7d9a071ba25,lead_me_pxl_l4,True,75,True,True,2026-08-14T00:30:51.763Z,acustic sounds different,acustic sounds different,181098,assets/audio/study-stimuli/main-study/group_01/song_a_lead_me/pxl_l4.wav,0.0588876381516,15.6746520996,0.149041607976,0.109930999577,-0.0552007785055364,-0.8412121981784734,0.8321106863211235,2.390299590706203
18,P016,924c5d19-be5e-4ac5-b94c-018e391ff43b,five_mix_frontend_v1_2026-08-06,five_mix_netlify_forms_v1,five_mix_frontend_v1_2026-08-06,completed,group_01,group_01,2026-08-13 16:37:56.251,2026-08-14 01:37:50.756,2026-08-14 01:37:51.454,32395.0,6,5,30,6,True,5,P016__trial_01,1,FM-1,FM-1,1,lead_me,group_01_song_a_lead_me,1,Song A,E,5,mix_d3e3580b6e30,lead_me_mcg_pro2,mix_d3e3580b6e30,lead_me_mcg_pro2,True,48,True,True,2026-08-14T00:29:54.626Z,acustic sounds different,acustic sounds different,181098,assets/audio/study-stimuli/main-study/group_01/song_a_lead_me/mcg_pro2.wav,0.0730051249266,20.1463222504,0.0392760001123,-0.00143597240094,2.9805308263561203,0.8594252384169624,-0.9263284806752846,0.048773555233824
18,P016,924c5d19-be5e-4ac5-b94c-018e391ff43b,five_mix_frontend_v1_2026-08-06,five_mix_netlify_forms_v1,five_mix_frontend_v1_2026-08-06,completed,group_01,group_01,2026-08-13 16:37:56.251,2026-08-14 01:37:50.756,2026-08-14 01:37:51.454,32395.0,6,5,30,6,True,6,P016__trial_02,2,FM-1,FM-1,1,id_like_to_know,group_01_song_b_id_like_to_know,2,Song B,A,1,mix_82d60d7c7fc5,id_like_to_know_pxl_s5,mix_82d60d7c7fc5,id_like_to_know_pxl_s5,True,47,True,True,2026-08-14T00:31:37.787Z,from worst to best,from worst to best,45494,assets/audio/study-stimuli/main-study/group_01/song_b_id_like_to_know/pxl_s5.wav,0.0574779175222,17.4848575592,0.146866813302,0.0736307501793,-0.3583378408524605,-0.1527662554529231,0.7972705919658362,1.6270752922517937
18,P016,924c5d19-be5e-4ac5-b94c-018e391ff43b,five_mix_frontend_v1_2026-08-06,five_mix_netlify_forms_v1,five_mix_frontend_v1_2026-08-06,completed,group_01,group_01,2026-08-13 16:37:56.251,2026-08-14 01:37:50.756,2026-08-14 01:37:51.454,32395.0,6,5,30,6,True,7,P016__trial_02,2,FM-1,FM-1,1,id_like_to_know,group_01_song_b_id_like_to_know,2,Song B,B,2,mix_6f8b655d7999,id_like_to_know_pxl_s2,mix_6f8b655d7999,id_like_to_know_pxl_s2,True,59,True,True,2026-08-14T00:32:03.240Z,from worst to best,from worst to best,45494,assets/audio/study-stimuli/main-study/group_01/song_b_id_like_to_know/pxl_s2.wav,0.0616230294108,14.7642059326,0.049424380064,0.0224525164813,0.5329997864789321,-1.1874673519330532,-0.7637519766505488,0.5510366380169074
18,P016,924c5d19-be5e-4ac5-b94c-018e391ff43b,five_mix_frontend_v1_2026-08-06,five_mix_netlify_forms_v1,five_mix_frontend_v1_2026-08-06,completed,group_01,group_01,2026-08-13 16:37:56.251,2026-08-14 01:37:50.756,2026-08-14 01:37:51.454,32395.0,6,5,30,6,True,8,P016__trial_02,2,FM-1,FM-1,1,id_like_to_know,group_01_song_b_id_like_to_know,2,Song B,C,3,mix_b393d3919c78,id_like_to_know_pxl_s7,mix_b393d3919c78,id_like_to_know_pxl_s7,True,69,True,True,2026-08-14T00:31:58.507Z,from worst to best,from worst to best,45494,assets/audio/study-stimuli/main-study/group_01/song_b_id_like_to_know/pxl_s7.wav,0.0551121532917,16.2593574524,0.0769432634115,-0.0537673681974,-0.867056238017743,-0.6188407399054331,-0.3229009373128245,-1.0515106991885117
18,P016,924c5d19-be5e-4ac5-b94c-018e391ff43b,five_mix_frontend_v1_2026-08-06,five_mix_netlify_forms_v1,five_mix_frontend_v1_2026-08-06,completed,group_01,group_01,2026-08-13 16:37:56.251,2026-08-14 01:37:50.756,2026-08-14 01:37:51.454,32395.0,6,5,30,6,True,9,P016__trial_02,2,FM-1,FM-1,1,id_like_to_know,group_01_song_b_id_like_to_know,2,Song B,D,4,mix_65f41f41d3ab,id_like_to_know_pxl_s3,mix_65f41f41d3ab,id_like_to_know_pxl_s3,True,23,True,True,2026-08-14T00:31:53.541Z,from worst to best,from worst to best,45494,assets/audio/study-stimuli/main-study/group_01/song_b_id_like_to_know/pxl_s3.wav,0.0606486909091,15.0860643387,0.0243665315211,-0.00842856336385,0.3234844364321996,-1.065060189455143,-1.1651773700507613,-0.0982478955990668
18,P016,924c5d19-be5e-4ac5-b94c-018e391ff43b,five_mix_frontend_v1_2026-08-06,five_mix_netlify_forms_v1,five_mix_frontend_v1_2026-08-06,completed,group_01,group_01,2026-08-13 16:37:56.251,2026-08-14 01:37:50.756,2026-08-14 01:37:51.454,32395.0,6,5,30,6,True,10,P016__trial_02,2,FM-1,FM-1,1,id_like_to_know,group_01_song_b_id_like_to_know,2,Song B,E,5,mix_9ffcd672af17,id_like_to_know_pxl_s1,mix_9ffcd672af17,id_like_to_know_pxl_s1,True,34,True,True,2026-08-14T00:31:44.808Z,from worst to best,from worst to best,45494,assets/audio/study-stimuli/main-study/group_01/song_b_id_like_to_know/pxl_s1.wav,0.0565126091242,16.3633155823,0.0668171644211,0.0607972890139,-0.5659114167269081,-0.579304038497624,-0.4851205015292653,1.357247686182373
18,P016,924c5d19-be5e-4ac5-b94c-018e391ff43b,five_mix_frontend_v1_2026-08-06,five_mix_netlify_forms_v1,five_mix_frontend_v1_2026-08-06,completed,group_01,group_01,2026-08-13 16:37:56.251,2026-08-14 01:37:50.756,2026-08-14 01:37:51.454,32395.0,6,5,30,6,True,11,P016__trial_03,3,EDR-2,EDR-2,2,id_like_to_know,group_01_song_b_id_like_to_know,1,Song B,A,1,mix_82d60d7c7fc5,id_like_to_know_pxl_s5,mix_82d60d7c7fc5,id_like_to_know_pxl_s5,True,51,True,True,2026-08-14T00:32:39.637Z,m,m,48346,assets/audio/study-stimuli/main-study/group_01/song_b_id_like_to_know/pxl_s5.wav,0.0574779175222,17.4848575592,0.146866813302,0.0736307501793,-0.3583378408524605,-0.1527662554529231,0.7972705919658362,1.6270752922517937
18,P016,924c5d19-be5e-4ac5-b94c-018e391ff43b,five_mix_frontend_v1_2026-08-06,five_mix_netlify_forms_v1,five_mix_frontend_v1_2026-08-06,completed,group_01,group_01,2026-08-13 16:37:56.251,2026-08-14 01:37:50.756,2026-08-14 01:37:51.454,32395.0,6,5,30,6,True,12,P016__trial_03,3,EDR-2,EDR-2,2,id_like_to_know,group_01_song_b_id_like_to_know,1,Song B,B,2,mix_65f41f41d3ab,id_like_to_know_pxl_s3,mix_65f41f41d3ab,id_like_to_know_pxl_s3,True,27,True,True,2026-08-14T00:32:57.612Z,m,m,48346,assets/audio/study-stimuli/main-study/group_01/song_b_id_like_to_know/pxl_s3.wav,0.0606486909091,15.0860643387,0.0243665315211,-0.00842856336385,0.3234844364321996,-1.065060189455143,-1.1651773700507613,-0.0982478955990668
18,P016,924c5d19-be5e-4ac5-b94c-018e391ff43b,five_mix_frontend_v1_2026-08-06,five_mix_netlify_forms_v1,five_mix_frontend_v1_2026-08-06,completed,group_01,group_01,2026-08-13 16:37:56.251,2026-08-14 01:37:50.756,2026-08-14 01:37:51.454,32395.0,6,5,30,6,True,13,P016__trial_03,3,EDR-2,EDR-2,2,id_like_to_know,group_01_song_b_id_like_to_know,1,Song B,C,3,mix_9ffcd672af17,id_like_to_know_pxl_s1,mix_9ffcd672af17,id_like_to_know_pxl_s1,True,72,True,True,2026-08-14T00:32:54.613Z,m,m,48346,assets/audio/study-stimuli/main-study/group_01/song_b_id_like_to_know/pxl_s1.wav,0.0565126091242,16.3633155823,0.0668171644211,0.0607972890139,-0.5659114167269081,-0.579304038497624,-0.4851205015292653,1.357247686182373
18,P016,924c5d19-be5e-4ac5-b94c-018e391ff43b,five_mix_frontend_v1_2026-08-06,five_mix_netlify_forms_v1,five_mix_frontend_v1_2026-08-06,completed,group_01,group_01,2026-08-13 16:37:56.251,2026-08-14 01:37:50.756,2026-08-14 01:37:51.454,32395.0,6,5,30,6,True,14,P016__trial_03,3,EDR-2,EDR-2,2,id_like_to_know,group_01_song_b_id_like_to_know,1,Song B,D,4,mix_6f8b655d7999,id_like_to_know_pxl_s2,mix_6f8b655d7999,id_like_to_know_pxl_s2,True,37,True,True,2026-08-14T00:32:50.487Z,m,m,48346,assets/audio/study-stimuli/main-study/group_01/song_b_id_like_to_know/pxl_s2.wav,0.0616230294108,14.7642059326,0.049424380064,0.0224525164813,0.5329997864789321,-1.1874673519330532,-0.7637519766505488,0.5510366380169074
18,P016,924c5d19-be5e-4ac5-b94c-018e391ff43b,five_mix_frontend_v1_2026-08-06,five_mix_netlify_forms_v1,five_mix_frontend_v1_2026-08-06,completed,group_01,group_01,2026-08-13 16:37:56.251,2026-08-14 01:37:50.756,2026-08-14 01:37:51.454,32395.0,6,5,30,6,True,15,P016__trial_03,3,EDR-2,EDR-2,2,id_like_to_know,group_01_song_b_id_like_to_know,1,Song B,E,5,mix_b393d3919c78,id_like_to_know_pxl_s7,mix_b393d3919c78,id_like_to_know_pxl_s7,True,60,True,True,2026-08-14T00:32:44.484Z,m,m,48346,assets/audio/study-stimuli/main-study/group_01/song_b_id_like_to_know/pxl_s7.wav,0.0551121532917,16.2593574524,0.0769432634115,-0.0537673681974,-0.867056238017743,-0.6188407399054331,-0.3229009373128245,-1.0515106991885117
18,P016,924c5d19-be5e-4ac5-b94c-018e391ff43b,five_mix_frontend_v1_2026-08-06,five_mix_netlify_forms_v1,five_mix_frontend_v1_2026-08-06,completed,group_01,group_01,2026-08-13 16:37:56.251,2026-08-14 01:37:50.756,2026-08-14 01:37:51.454,32395.0,6,5,30,6,True,16,P016__trial_04,4,EDR-2,EDR-2,2,lead_me,group_01_song_a_lead_me,2,Song A,A,1,mix_d3e3580b6e30,lead_me_mcg_pro2,mix_d3e3580b6e30,lead_me_mcg_pro2,True,71,True,True,2026-08-14T00:33:12.585Z,acoustic,acoustic,28764,assets/audio/study-stimuli/main-study/group_01/song_a_lead_me/mcg_pro2.wav,0.0730051249266,20.1463222504,0.0392760001123,-0.00143597240094,2.9805308263561203,0.8594252384169624,-0.9263284806752846,0.048773555233824
18,P016,924c5d19-be5e-4ac5-b94c-018e391ff43b,five_mix_frontend_v1_2026-08-06,five_mix_netlify_forms_v1,five_mix_frontend_v1_2026-08-06,completed,group_01,group_01,2026-08-13 16:37:56.251,2026-08-14 01:37:50.756,2026-08-14 01:37:51.454,32395.0,6,5,30,6,True,17,P016__trial_04,4,EDR-2,EDR-2,2,lead_me,group_01_song_a_lead_me,2,Song A,B,2,mix_f1f7973e5bac,lead_me_du_d,mix_f1f7973e5bac,lead_me_du_d,True,22,True,True,2026-08-14T00:33:29.707Z,acoustic,acoustic,28764,assets/audio/study-stimuli/main-study/group_01/song_a_lead_me/du_d.wav,0.0625870004296,13.8143320084,0.117576912045,-0.0521329641342,0.7402857811167308,-1.548717422055362,0.3280479404435016,-1.017146833506479
18,P016,924c5d19-be5e-4ac5-b94c-018e391ff43b,five_mix_frontend_v1_2026-08-06,five_mix_netlify_forms_v1,five_mix_frontend_v1_2026-08-06,completed,group_01,group_01,2026-08-13 16:37:56.251,2026-08-14 01:37:50.756,2026-08-14 01:37:51.454,32395.0,6,5,30,6,True,18,P016__trial_04,4,EDR-2,EDR-2,2,lead_me,group_01_song_a_lead_me,2,Song A,C,3,mix_c7d9a071ba25,lead_me_pxl_l4,mix_c7d9a071ba25,lead_me_pxl_l4,True,20,True,True,2026-08-14T00:33:24.535Z,acoustic,acoustic,28764,assets/audio/study-stimuli/main-study/group_01/song_a_lead_me/pxl_l4.wav,0.0588876381516,15.6746520996,0.149041607976,0.109930999577,-0.0552007785055364,-0.8412121981784734,0.8321106863211235,2.390299590706203
18,P016,924c5d19-be5e-4ac5-b94c-018e391ff43b,five_mix_frontend_v1_2026-08-06,five_mix_netlify_forms_v1,five_mix_frontend_v1_2026-08-06,completed,group_01,group_01,2026-08-13 16:37:56.251,2026-08-14 01:37:50.756,2026-08-14 01:37:51.454,32395.0,6,5,30,6,True,19,P016__trial_04,4,EDR-2,EDR-2,2,lead_me,group_01_song_a_lead_me,2,Song A,D,4,mix_d5b28dfc8a93,lead_me_pxl_l1,mix_d5b28dfc8a93,lead_me_pxl_l1,True,26,True,True,2026-08-14T00:33:19.895Z,acoustic,acoustic,28764,assets/audio/study-stimuli/main-study/group_01/song_a_lead_me/pxl_l1.wav,0.0591329820454,16.9195213318,0.0170932952315,-0.0129087874666,-0.0024436394808062,-0.3677713699084406,-1.2816942263900757,-0.1924460334762285
18,P016,924c5d19-be5e-4ac5-b94c-018e391ff43b,five_mix_frontend_v1_2026-08-06,five_mix_netlify_forms_v1,five_mix_frontend_v1_2026-08-06,completed,group_01,group_01,2026-08-13 16:37:56.251,2026-08-14 01:37:50.756,2026-08-14 01:37:51.454,32395.0,6,5,30,6,True,20,P016__trial_04,4,EDR-2,EDR-2,2,lead_me,group_01_song_a_lead_me,2,Song A,E,5,mix_271852ba8676,lead_me_du_e,mix_271852ba8676,lead_me_du_e,True,79,True,True,2026-08-14T00:33:16.863Z,acoustic,acoustic,28764,assets/audio/study-stimuli/main-study/group_01/song_a_lead_me/du_e.wav,0.0543773770332,19.2538223267,0.0430038608611,0.0436125770211,-1.0250576971995913,0.5199952869185839,-0.8666083508697964,0.9959336464039888
18,P016,924c5d19-be5e-4ac5-b94c-018e391ff43b,five_mix_frontend_v1_2026-08-06,five_mix_netlify_forms_v1,five_mix_frontend_v1_2026-08-06,completed,group_01,group_01,2026-08-13 16:37:56.251,2026-08-14 01:37:50.756,2026-08-14 01:37:51.454,32395.0,6,5,30,6,True,21,P016__trial_05,5,EDR-1,EDR-1,3,lead_me,group_01_song_a_lead_me,1,Song A,A,1,mix_271852ba8676,lead_me_du_e,mix_271852ba8676,lead_me_du_e,True,49,True,True,2026-08-14T00:33:41.633Z,background sounds dont sound so well,background sounds dont sound so well,71336,assets/audio/study-stimuli/main-study/group_01/song_a_lead_me/du_e.wav,0.0543773770332,19.2538223267,0.0430038608611,0.0436125770211,-1.0250576971995913,0.5199952869185839,-0.8666083508697964,0.9959336464039888
18,P016,924c5d19-be5e-4ac5-b94c-018e391ff43b,five_mix_frontend_v1_2026-08-06,five_mix_netlify_forms_v1,five_mix_frontend_v1_2026-08-06,completed,group_01,group_01,2026-08-13 16:37:56.251,2026-08-14 01:37:50.756,2026-08-14 01:37:51.454,32395.0,6,5,30,6,True,22,P016__trial_05,5,EDR-1,EDR-1,3,lead_me,group_01_song_a_lead_me,1,Song A,B,2,mix_f1f7973e5bac,lead_me_du_d,mix_f1f7973e5bac,lead_me_du_d,True,40,True,True,2026-08-14T00:34:33.109Z,background sounds dont sound so well,background sounds dont sound so well,71336,assets/audio/study-stimuli/main-study/group_01/song_a_lead_me/du_d.wav,0.0625870004296,13.8143320084,0.117576912045,-0.0521329641342,0.7402857811167308,-1.548717422055362,0.3280479404435016,-1.017146833506479
18,P016,924c5d19-be5e-4ac5-b94c-018e391ff43b,five_mix_frontend_v1_2026-08-06,five_mix_netlify_forms_v1,five_mix_frontend_v1_2026-08-06,completed,group_01,group_01,2026-08-13 16:37:56.251,2026-08-14 01:37:50.756,2026-08-14 01:37:51.454,32395.0,6,5,30,6,True,23,P016__trial_05,5,EDR-1,EDR-1,3,lead_me,group_01_song_a_lead_me,1,Song A,C,3,mix_c7d9a071ba25,lead_me_pxl_l4,mix_c7d9a071ba25,lead_me_pxl_l4,True,59,True,True,2026-08-14T00:34:27.577Z,background sounds dont sound so well,background sounds dont sound so well,71336,assets/audio/study-stimuli/main-study/group_01/song_a_lead_me/pxl_l4.wav,0.0588876381516,15.6746520996,0.149041607976,0.109930999577,-0.0552007785055364,-0.8412121981784734,0.8321106863211235,2.390299590706203
18,P016,924c5d19-be5e-4ac5-b94c-018e391ff43b,five_mix_frontend_v1_2026-08-06,five_mix_netlify_forms_v1,five_mix_frontend_v1_2026-08-06,completed,group_01,group_01,2026-08-13 16:37:56.251,2026-08-14 01:37:50.756,2026-08-14 01:37:51.454,32395.0,6,5,30,6,True,24,P016__trial_05,5,EDR-1,EDR-1,3,lead_me,group_01_song_a_lead_me,1,Song A,D,4,mix_d3e3580b6e30,lead_me_mcg_pro2,mix_d3e3580b6e30,lead_me_mcg_pro2,True,30,True,True,2026-08-14T00:34:24.251Z,background sounds dont sound so well,background sounds dont sound so well,71336,assets/audio/study-stimuli/main-study/group_01/song_a_lead_me/mcg_pro2.wav,0.0730051249266,20.1463222504,0.0392760001123,-0.00143597240094,2.9805308263561203,0.8594252384169624,-0.9263284806752846,0.048773555233824
18,P016,924c5d19-be5e-4ac5-b94c-018e391ff43b,five_mix_frontend_v1_2026-08-06,five_mix_netlify_forms_v1,five_mix_frontend_v1_2026-08-06,completed,group_01,group_01,2026-08-13 16:37:56.251,2026-08-14 01:37:50.756,2026-08-14 01:37:51.454,32395.0,6,5,30,6,True,25,P016__trial_05,5,EDR-1,EDR-1,3,lead_me,group_01_song_a_lead_me,1,Song A,E,5,mix_d5b28dfc8a93,lead_me_pxl_l1,mix_d5b28dfc8a93,lead_me_pxl_l1,True,22,True,True,2026-08-14T00:34:21.104Z,background sounds dont sound so well,background sounds dont sound so well,71336,assets/audio/study-stimuli/main-study/group_01/song_a_lead_me/pxl_l1.wav,0.0591329820454,16.9195213318,0.0170932952315,-0.0129087874666,-0.0024436394808062,-0.3677713699084406,-1.2816942263900757,-0.1924460334762285
18,P016,924c5d19-be5e-4ac5-b94c-018e391ff43b,five_mix_frontend_v1_2026-08-06,five_mix_netlify_forms_v1,five_mix_frontend_v1_2026-08-06,completed,group_01,group_01,2026-08-13 16:37:56.251,2026-08-14 01:37:50.756,2026-08-14 01:37:51.454,32395.0,6,5,30,6,True,26,P016__trial_06,6,EDR-1,EDR-1,3,id_like_to_know,group_01_song_b_id_like_to_know,2,Song B,A,1,mix_65f41f41d3ab,id_like_to_know_pxl_s3,mix_65f41f41d3ab,id_like_to_know_pxl_s3,True,61,True,True,2026-08-14T00:34:55.404Z,bass sounds better,bass sounds better,52791,assets/audio/study-stimuli/main-study/group_01/song_b_id_like_to_know/pxl_s3.wav,0.0606486909091,15.0860643387,0.0243665315211,-0.00842856336385,0.3234844364321996,-1.065060189455143,-1.1651773700507613,-0.0982478955990668
18,P016,924c5d19-be5e-4ac5-b94c-018e391ff43b,five_mix_frontend_v1_2026-08-06,five_mix_netlify_forms_v1,five_mix_frontend_v1_2026-08-06,completed,group_01,group_01,2026-08-13 16:37:56.251,2026-08-14 01:37:50.756,2026-08-14 01:37:51.454,32395.0,6,5,30,6,True,27,P016__trial_06,6,EDR-1,EDR-1,3,id_like_to_know,group_01_song_b_id_like_to_know,2,Song B,B,2,mix_9ffcd672af17,id_like_to_know_pxl_s1,mix_9ffcd672af17,id_like_to_know_pxl_s1,True,73,True,True,2026-08-14T00:35:22.033Z,bass sounds better,bass sounds better,52791,assets/audio/study-stimuli/main-study/group_01/song_b_id_like_to_know/pxl_s1.wav,0.0565126091242,16.3633155823,0.0668171644211,0.0607972890139,-0.5659114167269081,-0.579304038497624,-0.4851205015292653,1.357247686182373
18,P016,924c5d19-be5e-4ac5-b94c-018e391ff43b,five_mix_frontend_v1_2026-08-06,five_mix_netlify_forms_v1,five_mix_frontend_v1_2026-08-06,completed,group_01,group_01,2026-08-13 16:37:56.251,2026-08-14 01:37:50.756,2026-08-14 01:37:51.454,32395.0,6,5,30,6,True,28,P016__trial_06,6,EDR-1,EDR-1,3,id_like_to_know,group_01_song_b_id_like_to_know,2,Song B,C,3,mix_6f8b655d7999,id_like_to_know_pxl_s2,mix_6f8b655d7999,id_like_to_know_pxl_s2,True,45,True,True,2026-08-14T00:35:19.168Z,bass sounds better,bass sounds better,52791,assets/audio/study-stimuli/main-study/group_01/song_b_id_like_to_know/pxl_s2.wav,0.0616230294108,14.7642059326,0.049424380064,0.0224525164813,0.5329997864789321,-1.1874673519330532,-0.7637519766505488,0.5510366380169074
18,P016,924c5d19-be5e-4ac5-b94c-018e391ff43b,five_mix_frontend_v1_2026-08-06,five_mix_netlify_forms_v1,five_mix_frontend_v1_2026-08-06,completed,group_01,group_01,2026-08-13 16:37:56.251,2026-08-14 01:37:50.756,2026-08-14 01:37:51.454,32395.0,6,5,30,6,True,29,P016__trial_06,6,EDR-1,EDR-1,3,id_like_to_know,group_01_song_b_id_like_to_know,2,Song B,D,4,mix_b393d3919c78,id_like_to_know_pxl_s7,mix_b393d3919c78,id_like_to_know_pxl_s7,True,55,True,True,2026-08-14T00:35:09.904Z,bass sounds better,bass sounds better,52791,assets/audio/study-stimuli/main-study/group_01/song_b_id_like_to_know/pxl_s7.wav,0.0551121532917,16.2593574524,0.0769432634115,-0.0537673681974,-0.867056238017743,-0.6188407399054331,-0.3229009373128245,-1.0515106991885117
18,P016,924c5d19-be5e-4ac5-b94c-018e391ff43b,five_mix_frontend_v1_2026-08-06,five_mix_netlify_forms_v1,five_mix_frontend_v1_2026-08-06,completed,group_01,group_01,2026-08-13 16:37:56.251,2026-08-14 01:37:50.756,2026-08-14 01:37:51.454,32395.0,6,5,30,6,True,30,P016__trial_06,6,EDR-1,EDR-1,3,id_like_to_know,group_01_song_b_id_like_to_know,2,Song B,E,5,mix_82d60d7c7fc5,id_like_to_know_pxl_s5,mix_82d60d7c7fc5,id_like_to_know_pxl_s5,True,55,True,True,2026-08-14T00:35:02.475Z,bass sounds better,bass sounds better,52791,assets/audio/study-stimuli/main-study/group_01/song_b_id_like_to_know/pxl_s5.wav,0.0574779175222,17.4848575592,0.146866813302,0.0736307501793,-0.3583378408524605,-0.1527662554529231,0.7972705919658362,1.6270752922517937
19,P015,0597b66c-700b-42cb-8703-947fc40bedd1,five_mix_frontend_v1_2026-08-06,five_mix_netlify_forms_v1,five_mix_frontend_v1_2026-08-06,completed,group_01,group_01,2026-08-13 16:41:54.900,2026-08-13 17:22:58.536,2026-08-13 17:22:59.945,2464.0,6,5,30,6,True,1,P015__trial_01,1,EDR-1,EDR-1,1,lead_me,group_01_song_a_lead_me,1,Song A,A,1,mix_d5b28dfc8a93,lead_me_pxl_l1,mix_d5b28dfc8a93,lead_me_pxl_l1,True,100,True,True,2026-08-13T15:51:58.563Z,"A is the most balanced mix. The instruments and vocals are well balanced, which works very well for country music. E has more prominent instruments, but it is not as balanced as A, so I would rank it second. B focuses more on the vocals, while the instruments are less noticeable. In B, I also feel that the instruments are too quiet, and the vocals sound a little noisy and not very clean. D sounds like it was recorded in a bathroom because there is too much reverb.
","A is the most balanced mix. The instruments and vocals are well balanced, which works very well for country music. E has more prominent instruments, but it is not as balanced as A, so I would rank it second. B focuses more on the vocals, while the instruments are less noticeable. In B, I also feel that the instruments are too quiet, and the vocals sound a little noisy and not very clean. D sounds like it was recorded in a bathroom because there is too much reverb.",380377,assets/audio/study-stimuli/main-study/group_01/song_a_lead_me/pxl_l1.wav,0.0591329820454,16.9195213318,0.0170932952315,-0.0129087874666,-0.0024436394808062,-0.3677713699084406,-1.2816942263900757,-0.1924460334762285
19,P015,0597b66c-700b-42cb-8703-947fc40bedd1,five_mix_frontend_v1_2026-08-06,five_mix_netlify_forms_v1,five_mix_frontend_v1_2026-08-06,completed,group_01,group_01,2026-08-13 16:41:54.900,2026-08-13 17:22:58.536,2026-08-13 17:22:59.945,2464.0,6,5,30,6,True,2,P015__trial_01,1,EDR-1,EDR-1,1,lead_me,group_01_song_a_lead_me,1,Song A,B,2,mix_271852ba8676,lead_me_du_e,mix_271852ba8676,lead_me_du_e,True,50,True,True,2026-08-13T15:54:11.075Z,"A is the most balanced mix. The instruments and vocals are well balanced, which works very well for country music. E has more prominent instruments, but it is not as balanced as A, so I would rank it second. B focuses more on the vocals, while the instruments are less noticeable. In B, I also feel that the instruments are too quiet, and the vocals sound a little noisy and not very clean. D sounds like it was recorded in a bathroom because there is too much reverb.
","A is the most balanced mix. The instruments and vocals are well balanced, which works very well for country music. E has more prominent instruments, but it is not as balanced as A, so I would rank it second. B focuses more on the vocals, while the instruments are less noticeable. In B, I also feel that the instruments are too quiet, and the vocals sound a little noisy and not very clean. D sounds like it was recorded in a bathroom because there is too much reverb.",380377,assets/audio/study-stimuli/main-study/group_01/song_a_lead_me/du_e.wav,0.0543773770332,19.2538223267,0.0430038608611,0.0436125770211,-1.0250576971995913,0.5199952869185839,-0.8666083508697964,0.9959336464039888
19,P015,0597b66c-700b-42cb-8703-947fc40bedd1,five_mix_frontend_v1_2026-08-06,five_mix_netlify_forms_v1,five_mix_frontend_v1_2026-08-06,completed,group_01,group_01,2026-08-13 16:41:54.900,2026-08-13 17:22:58.536,2026-08-13 17:22:59.945,2464.0,6,5,30,6,True,3,P015__trial_01,1,EDR-1,EDR-1,1,lead_me,group_01_song_a_lead_me,1,Song A,C,3,mix_c7d9a071ba25,lead_me_pxl_l4,mix_c7d9a071ba25,lead_me_pxl_l4,True,79,True,True,2026-08-13T15:54:04.737Z,"A is the most balanced mix. The instruments and vocals are well balanced, which works very well for country music. E has more prominent instruments, but it is not as balanced as A, so I would rank it second. B focuses more on the vocals, while the instruments are less noticeable. In B, I also feel that the instruments are too quiet, and the vocals sound a little noisy and not very clean. D sounds like it was recorded in a bathroom because there is too much reverb.
","A is the most balanced mix. The instruments and vocals are well balanced, which works very well for country music. E has more prominent instruments, but it is not as balanced as A, so I would rank it second. B focuses more on the vocals, while the instruments are less noticeable. In B, I also feel that the instruments are too quiet, and the vocals sound a little noisy and not very clean. D sounds like it was recorded in a bathroom because there is too much reverb.",380377,assets/audio/study-stimuli/main-study/group_01/song_a_lead_me/pxl_l4.wav,0.0588876381516,15.6746520996,0.149041607976,0.109930999577,-0.0552007785055364,-0.8412121981784734,0.8321106863211235,2.390299590706203
19,P015,0597b66c-700b-42cb-8703-947fc40bedd1,five_mix_frontend_v1_2026-08-06,five_mix_netlify_forms_v1,five_mix_frontend_v1_2026-08-06,completed,group_01,group_01,2026-08-13 16:41:54.900,2026-08-13 17:22:58.536,2026-08-13 17:22:59.945,2464.0,6,5,30,6,True,4,P015__trial_01,1,EDR-1,EDR-1,1,lead_me,group_01_song_a_lead_me,1,Song A,D,4,mix_f1f7973e5bac,lead_me_du_d,mix_f1f7973e5bac,lead_me_du_d,True,43,True,True,2026-08-13T15:54:02.002Z,"A is the most balanced mix. The instruments and vocals are well balanced, which works very well for country music. E has more prominent instruments, but it is not as balanced as A, so I would rank it second. B focuses more on the vocals, while the instruments are less noticeable. In B, I also feel that the instruments are too quiet, and the vocals sound a little noisy and not very clean. D sounds like it was recorded in a bathroom because there is too much reverb.
","A is the most balanced mix. The instruments and vocals are well balanced, which works very well for country music. E has more prominent instruments, but it is not as balanced as A, so I would rank it second. B focuses more on the vocals, while the instruments are less noticeable. In B, I also feel that the instruments are too quiet, and the vocals sound a little noisy and not very clean. D sounds like it was recorded in a bathroom because there is too much reverb.",380377,assets/audio/study-stimuli/main-study/group_01/song_a_lead_me/du_d.wav,0.0625870004296,13.8143320084,0.117576912045,-0.0521329641342,0.7402857811167308,-1.548717422055362,0.3280479404435016,-1.017146833506479
19,P015,0597b66c-700b-42cb-8703-947fc40bedd1,five_mix_frontend_v1_2026-08-06,five_mix_netlify_forms_v1,five_mix_frontend_v1_2026-08-06,completed,group_01,group_01,2026-08-13 16:41:54.900,2026-08-13 17:22:58.536,2026-08-13 17:22:59.945,2464.0,6,5,30,6,True,5,P015__trial_01,1,EDR-1,EDR-1,1,lead_me,group_01_song_a_lead_me,1,Song A,E,5,mix_d3e3580b6e30,lead_me_mcg_pro2,mix_d3e3580b6e30,lead_me_mcg_pro2,True,89,True,True,2026-08-13T15:52:03.359Z,"A is the most balanced mix. The instruments and vocals are well balanced, which works very well for country music. E has more prominent instruments, but it is not as balanced as A, so I would rank it second. B focuses more on the vocals, while the instruments are less noticeable. In B, I also feel that the instruments are too quiet, and the vocals sound a little noisy and not very clean. D sounds like it was recorded in a bathroom because there is too much reverb.
","A is the most balanced mix. The instruments and vocals are well balanced, which works very well for country music. E has more prominent instruments, but it is not as balanced as A, so I would rank it second. B focuses more on the vocals, while the instruments are less noticeable. In B, I also feel that the instruments are too quiet, and the vocals sound a little noisy and not very clean. D sounds like it was recorded in a bathroom because there is too much reverb.",380377,assets/audio/study-stimuli/main-study/group_01/song_a_lead_me/mcg_pro2.wav,0.0730051249266,20.1463222504,0.0392760001123,-0.00143597240094,2.9805308263561203,0.8594252384169624,-0.9263284806752846,0.048773555233824
19,P015,0597b66c-700b-42cb-8703-947fc40bedd1,five_mix_frontend_v1_2026-08-06,five_mix_netlify_forms_v1,five_mix_frontend_v1_2026-08-06,completed,group_01,group_01,2026-08-13 16:41:54.900,2026-08-13 17:22:58.536,2026-08-13 17:22:59.945,2464.0,6,5,30,6,True,6,P015__trial_02,2,EDR-1,EDR-1,1,id_like_to_know,group_01_song_b_id_like_to_know,2,Song B,A,1,mix_82d60d7c7fc5,id_like_to_know_pxl_s5,mix_82d60d7c7fc5,id_like_to_know_pxl_s5,True,54,True,True,2026-08-13T15:58:29.219Z,"D is the best because the reverb on the vocals creates an intimate and slightly ambiguous feeling that fits the song very well. C has a similar effect to D, but the vocals do not sound as clear. In both B and E, the instruments are too loud, and some of the details in the guitar are lost as a result. A is the worst because neither the vocals nor the instruments sound well mixed. It gives me the impression of a poor-quality studio recording.
","D is the best because the reverb on the vocals creates an intimate and slightly ambiguous feeling that fits the song very well. C has a similar effect to D, but the vocals do not sound as clear. In both B and E, the instruments are too loud, and some of the details in the guitar are lost as a result. A is the worst because neither the vocals nor the instruments sound well mixed. It gives me the impression of a poor-quality studio recording.",465294,assets/audio/study-stimuli/main-study/group_01/song_b_id_like_to_know/pxl_s5.wav,0.0574779175222,17.4848575592,0.146866813302,0.0736307501793,-0.3583378408524605,-0.1527662554529231,0.7972705919658362,1.6270752922517937
19,P015,0597b66c-700b-42cb-8703-947fc40bedd1,five_mix_frontend_v1_2026-08-06,five_mix_netlify_forms_v1,five_mix_frontend_v1_2026-08-06,completed,group_01,group_01,2026-08-13 16:41:54.900,2026-08-13 17:22:58.536,2026-08-13 17:22:59.945,2464.0,6,5,30,6,True,7,P015__trial_02,2,EDR-1,EDR-1,1,id_like_to_know,group_01_song_b_id_like_to_know,2,Song B,B,2,mix_6f8b655d7999,id_like_to_know_pxl_s2,mix_6f8b655d7999,id_like_to_know_pxl_s2,True,76,True,True,2026-08-13T15:58:26.813Z,"D is the best because the reverb on the vocals creates an intimate and slightly ambiguous feeling that fits the song very well. C has a similar effect to D, but the vocals do not sound as clear. In both B and E, the instruments are too loud, and some of the details in the guitar are lost as a result. A is the worst because neither the vocals nor the instruments sound well mixed. It gives me the impression of a poor-quality studio recording.
","D is the best because the reverb on the vocals creates an intimate and slightly ambiguous feeling that fits the song very well. C has a similar effect to D, but the vocals do not sound as clear. In both B and E, the instruments are too loud, and some of the details in the guitar are lost as a result. A is the worst because neither the vocals nor the instruments sound well mixed. It gives me the impression of a poor-quality studio recording.",465294,assets/audio/study-stimuli/main-study/group_01/song_b_id_like_to_know/pxl_s2.wav,0.0616230294108,14.7642059326,0.049424380064,0.0224525164813,0.5329997864789321,-1.1874673519330532,-0.7637519766505488,0.5510366380169074
19,P015,0597b66c-700b-42cb-8703-947fc40bedd1,five_mix_frontend_v1_2026-08-06,five_mix_netlify_forms_v1,five_mix_frontend_v1_2026-08-06,completed,group_01,group_01,2026-08-13 16:41:54.900,2026-08-13 17:22:58.536,2026-08-13 17:22:59.945,2464.0,6,5,30,6,True,8,P015__trial_02,2,EDR-1,EDR-1,1,id_like_to_know,group_01_song_b_id_like_to_know,2,Song B,C,3,mix_9ffcd672af17,id_like_to_know_pxl_s1,mix_9ffcd672af17,id_like_to_know_pxl_s1,True,86,True,True,2026-08-13T15:58:25.385Z,"D is the best because the reverb on the vocals creates an intimate and slightly ambiguous feeling that fits the song very well. C has a similar effect to D, but the vocals do not sound as clear. In both B and E, the instruments are too loud, and some of the details in the guitar are lost as a result. A is the worst because neither the vocals nor the instruments sound well mixed. It gives me the impression of a poor-quality studio recording.
","D is the best because the reverb on the vocals creates an intimate and slightly ambiguous feeling that fits the song very well. C has a similar effect to D, but the vocals do not sound as clear. In both B and E, the instruments are too loud, and some of the details in the guitar are lost as a result. A is the worst because neither the vocals nor the instruments sound well mixed. It gives me the impression of a poor-quality studio recording.",465294,assets/audio/study-stimuli/main-study/group_01/song_b_id_like_to_know/pxl_s1.wav,0.0565126091242,16.3633155823,0.0668171644211,0.0607972890139,-0.5659114167269081,-0.579304038497624,-0.4851205015292653,1.357247686182373
19,P015,0597b66c-700b-42cb-8703-947fc40bedd1,five_mix_frontend_v1_2026-08-06,five_mix_netlify_forms_v1,five_mix_frontend_v1_2026-08-06,completed,group_01,group_01,2026-08-13 16:41:54.900,2026-08-13 17:22:58.536,2026-08-13 17:22:59.945,2464.0,6,5,30,6,True,9,P015__trial_02,2,EDR-1,EDR-1,1,id_like_to_know,group_01_song_b_id_like_to_know,2,Song B,D,4,mix_65f41f41d3ab,id_like_to_know_pxl_s3,mix_65f41f41d3ab,id_like_to_know_pxl_s3,True,99,True,True,2026-08-13T15:58:23.641Z,"D is the best because the reverb on the vocals creates an intimate and slightly ambiguous feeling that fits the song very well. C has a similar effect to D, but the vocals do not sound as clear. In both B and E, the instruments are too loud, and some of the details in the guitar are lost as a result. A is the worst because neither the vocals nor the instruments sound well mixed. It gives me the impression of a poor-quality studio recording.
","D is the best because the reverb on the vocals creates an intimate and slightly ambiguous feeling that fits the song very well. C has a similar effect to D, but the vocals do not sound as clear. In both B and E, the instruments are too loud, and some of the details in the guitar are lost as a result. A is the worst because neither the vocals nor the instruments sound well mixed. It gives me the impression of a poor-quality studio recording.",465294,assets/audio/study-stimuli/main-study/group_01/song_b_id_like_to_know/pxl_s3.wav,0.0606486909091,15.0860643387,0.0243665315211,-0.00842856336385,0.3234844364321996,-1.065060189455143,-1.1651773700507613,-0.0982478955990668
19,P015,0597b66c-700b-42cb-8703-947fc40bedd1,five_mix_frontend_v1_2026-08-06,five_mix_netlify_forms_v1,five_mix_frontend_v1_2026-08-06,completed,group_01,group_01,2026-08-13 16:41:54.900,2026-08-13 17:22:58.536,2026-08-13 17:22:59.945,2464.0,6,5,30,6,True,10,P015__trial_02,2,EDR-1,EDR-1,1,id_like_to_know,group_01_song_b_id_like_to_know,2,Song B,E,5,mix_b393d3919c78,id_like_to_know_pxl_s7,mix_b393d3919c78,id_like_to_know_pxl_s7,True,65,True,True,2026-08-13T15:58:19.941Z,"D is the best because the reverb on the vocals creates an intimate and slightly ambiguous feeling that fits the song very well. C has a similar effect to D, but the vocals do not sound as clear. In both B and E, the instruments are too loud, and some of the details in the guitar are lost as a result. A is the worst because neither the vocals nor the instruments sound well mixed. It gives me the impression of a poor-quality studio recording.
","D is the best because the reverb on the vocals creates an intimate and slightly ambiguous feeling that fits the song very well. C has a similar effect to D, but the vocals do not sound as clear. In both B and E, the instruments are too loud, and some of the details in the guitar are lost as a result. A is the worst because neither the vocals nor the instruments sound well mixed. It gives me the impression of a poor-quality studio recording.",465294,assets/audio/study-stimuli/main-study/group_01/song_b_id_like_to_know/pxl_s7.wav,0.0551121532917,16.2593574524,0.0769432634115,-0.0537673681974,-0.867056238017743,-0.6188407399054331,-0.3229009373128245,-1.0515106991885117
19,P015,0597b66c-700b-42cb-8703-947fc40bedd1,five_mix_frontend_v1_2026-08-06,five_mix_netlify_forms_v1,five_mix_frontend_v1_2026-08-06,completed,group_01,group_01,2026-08-13 16:41:54.900,2026-08-13 17:22:58.536,2026-08-13 17:22:59.945,2464.0,6,5,30,6,True,11,P015__trial_03,3,EDR-2,EDR-2,2,id_like_to_know,group_01_song_b_id_like_to_know,1,Song B,A,1,mix_82d60d7c7fc5,id_like_to_know_pxl_s5,mix_82d60d7c7fc5,id_like_to_know_pxl_s5,True,53,True,True,2026-08-13T16:06:38.244Z,"D is the best because the reverb on the vocals creates an intimate and slightly ambiguous feeling that fits the song very well. C has a similar effect to D, but the vocals do not sound as clear. In both B and E, the instruments are too loud, and some of the details in the guitar are lost as a result. A is the worst because neither the vocals nor the instruments sound well mixed. It gives me the impression of a poor-quality studio recording.
","D is the best because the reverb on the vocals creates an intimate and slightly ambiguous feeling that fits the song very well. C has a similar effect to D, but the vocals do not sound as clear. In both B and E, the instruments are too loud, and some of the details in the guitar are lost as a result. A is the worst because neither the vocals nor the instruments sound well mixed. It gives me the impression of a poor-quality studio recording.",121155,assets/audio/study-stimuli/main-study/group_01/song_b_id_like_to_know/pxl_s5.wav,0.0574779175222,17.4848575592,0.146866813302,0.0736307501793,-0.3583378408524605,-0.1527662554529231,0.7972705919658362,1.6270752922517937
19,P015,0597b66c-700b-42cb-8703-947fc40bedd1,five_mix_frontend_v1_2026-08-06,five_mix_netlify_forms_v1,five_mix_frontend_v1_2026-08-06,completed,group_01,group_01,2026-08-13 16:41:54.900,2026-08-13 17:22:58.536,2026-08-13 17:22:59.945,2464.0,6,5,30,6,True,12,P015__trial_03,3,EDR-2,EDR-2,2,id_like_to_know,group_01_song_b_id_like_to_know,1,Song B,B,2,mix_b393d3919c78,id_like_to_know_pxl_s7,mix_b393d3919c78,id_like_to_know_pxl_s7,True,63,True,True,2026-08-13T16:06:37.199Z,"D is the best because the reverb on the vocals creates an intimate and slightly ambiguous feeling that fits the song very well. C has a similar effect to D, but the vocals do not sound as clear. In both B and E, the instruments are too loud, and some of the details in the guitar are lost as a result. A is the worst because neither the vocals nor the instruments sound well mixed. It gives me the impression of a poor-quality studio recording.
","D is the best because the reverb on the vocals creates an intimate and slightly ambiguous feeling that fits the song very well. C has a similar effect to D, but the vocals do not sound as clear. In both B and E, the instruments are too loud, and some of the details in the guitar are lost as a result. A is the worst because neither the vocals nor the instruments sound well mixed. It gives me the impression of a poor-quality studio recording.",121155,assets/audio/study-stimuli/main-study/group_01/song_b_id_like_to_know/pxl_s7.wav,0.0551121532917,16.2593574524,0.0769432634115,-0.0537673681974,-0.867056238017743,-0.6188407399054331,-0.3229009373128245,-1.0515106991885117
19,P015,0597b66c-700b-42cb-8703-947fc40bedd1,five_mix_frontend_v1_2026-08-06,five_mix_netlify_forms_v1,five_mix_frontend_v1_2026-08-06,completed,group_01,group_01,2026-08-13 16:41:54.900,2026-08-13 17:22:58.536,2026-08-13 17:22:59.945,2464.0,6,5,30,6,True,13,P015__trial_03,3,EDR-2,EDR-2,2,id_like_to_know,group_01_song_b_id_like_to_know,1,Song B,C,3,mix_9ffcd672af17,id_like_to_know_pxl_s1,mix_9ffcd672af17,id_like_to_know_pxl_s1,True,86,True,True,2026-08-13T16:06:36.206Z,"D is the best because the reverb on the vocals creates an intimate and slightly ambiguous feeling that fits the song very well. C has a similar effect to D, but the vocals do not sound as clear. In both B and E, the instruments are too loud, and some of the details in the guitar are lost as a result. A is the worst because neither the vocals nor the instruments sound well mixed. It gives me the impression of a poor-quality studio recording.
","D is the best because the reverb on the vocals creates an intimate and slightly ambiguous feeling that fits the song very well. C has a similar effect to D, but the vocals do not sound as clear. In both B and E, the instruments are too loud, and some of the details in the guitar are lost as a result. A is the worst because neither the vocals nor the instruments sound well mixed. It gives me the impression of a poor-quality studio recording.",121155,assets/audio/study-stimuli/main-study/group_01/song_b_id_like_to_know/pxl_s1.wav,0.0565126091242,16.3633155823,0.0668171644211,0.0607972890139,-0.5659114167269081,-0.579304038497624,-0.4851205015292653,1.357247686182373
19,P015,0597b66c-700b-42cb-8703-947fc40bedd1,five_mix_frontend_v1_2026-08-06,five_mix_netlify_forms_v1,five_mix_frontend_v1_2026-08-06,completed,group_01,group_01,2026-08-13 16:41:54.900,2026-08-13 17:22:58.536,2026-08-13 17:22:59.945,2464.0,6,5,30,6,True,14,P015__trial_03,3,EDR-2,EDR-2,2,id_like_to_know,group_01_song_b_id_like_to_know,1,Song B,D,4,mix_65f41f41d3ab,id_like_to_know_pxl_s3,mix_65f41f41d3ab,id_like_to_know_pxl_s3,True,97,True,True,2026-08-13T16:06:34.491Z,"D is the best because the reverb on the vocals creates an intimate and slightly ambiguous feeling that fits the song very well. C has a similar effect to D, but the vocals do not sound as clear. In both B and E, the instruments are too loud, and some of the details in the guitar are lost as a result. A is the worst because neither the vocals nor the instruments sound well mixed. It gives me the impression of a poor-quality studio recording.
","D is the best because the reverb on the vocals creates an intimate and slightly ambiguous feeling that fits the song very well. C has a similar effect to D, but the vocals do not sound as clear. In both B and E, the instruments are too loud, and some of the details in the guitar are lost as a result. A is the worst because neither the vocals nor the instruments sound well mixed. It gives me the impression of a poor-quality studio recording.",121155,assets/audio/study-stimuli/main-study/group_01/song_b_id_like_to_know/pxl_s3.wav,0.0606486909091,15.0860643387,0.0243665315211,-0.00842856336385,0.3234844364321996,-1.065060189455143,-1.1651773700507613,-0.0982478955990668
19,P015,0597b66c-700b-42cb-8703-947fc40bedd1,five_mix_frontend_v1_2026-08-06,five_mix_netlify_forms_v1,five_mix_frontend_v1_2026-08-06,completed,group_01,group_01,2026-08-13 16:41:54.900,2026-08-13 17:22:58.536,2026-08-13 17:22:59.945,2464.0,6,5,30,6,True,15,P015__trial_03,3,EDR-2,EDR-2,2,id_like_to_know,group_01_song_b_id_like_to_know,1,Song B,E,5,mix_6f8b655d7999,id_like_to_know_pxl_s2,mix_6f8b655d7999,id_like_to_know_pxl_s2,True,76,True,True,2026-08-13T16:06:31.196Z,"D is the best because the reverb on the vocals creates an intimate and slightly ambiguous feeling that fits the song very well. C has a similar effect to D, but the vocals do not sound as clear. In both B and E, the instruments are too loud, and some of the details in the guitar are lost as a result. A is the worst because neither the vocals nor the instruments sound well mixed. It gives me the impression of a poor-quality studio recording.
","D is the best because the reverb on the vocals creates an intimate and slightly ambiguous feeling that fits the song very well. C has a similar effect to D, but the vocals do not sound as clear. In both B and E, the instruments are too loud, and some of the details in the guitar are lost as a result. A is the worst because neither the vocals nor the instruments sound well mixed. It gives me the impression of a poor-quality studio recording.",121155,assets/audio/study-stimuli/main-study/group_01/song_b_id_like_to_know/pxl_s2.wav,0.0616230294108,14.7642059326,0.049424380064,0.0224525164813,0.5329997864789321,-1.1874673519330532,-0.7637519766505488,0.5510366380169074
19,P015,0597b66c-700b-42cb-8703-947fc40bedd1,five_mix_frontend_v1_2026-08-06,five_mix_netlify_forms_v1,five_mix_frontend_v1_2026-08-06,completed,group_01,group_01,2026-08-13 16:41:54.900,2026-08-13 17:22:58.536,2026-08-13 17:22:59.945,2464.0,6,5,30,6,True,16,P015__trial_04,4,EDR-2,EDR-2,2,lead_me,group_01_song_a_lead_me,2,Song A,A,1,mix_d5b28dfc8a93,lead_me_pxl_l1,mix_d5b28dfc8a93,lead_me_pxl_l1,True,100,True,True,2026-08-13T16:12:12.473Z,"A has the best balance between the vocals and the instruments. E is also quite balanced, but it is not as clear as A. The problem with D is that the vocals are too loud and overpower the instruments. Both B and C have unclear and muddy-sounding vocals, and C is the worst overall.
","A has the best balance between the vocals and the instruments. E is also quite balanced, but it is not as clear as A. The problem with D is that the vocals are too loud and overpower the instruments. Both B and C have unclear and muddy-sounding vocals, and C is the worst overall.",429438,assets/audio/study-stimuli/main-study/group_01/song_a_lead_me/pxl_l1.wav,0.0591329820454,16.9195213318,0.0170932952315,-0.0129087874666,-0.0024436394808062,-0.3677713699084406,-1.2816942263900757,-0.1924460334762285
19,P015,0597b66c-700b-42cb-8703-947fc40bedd1,five_mix_frontend_v1_2026-08-06,five_mix_netlify_forms_v1,five_mix_frontend_v1_2026-08-06,completed,group_01,group_01,2026-08-13 16:41:54.900,2026-08-13 17:22:58.536,2026-08-13 17:22:59.945,2464.0,6,5,30,6,True,17,P015__trial_04,4,EDR-2,EDR-2,2,lead_me,group_01_song_a_lead_me,2,Song A,B,2,mix_d3e3580b6e30,lead_me_mcg_pro2,mix_d3e3580b6e30,lead_me_mcg_pro2,True,64,True,True,2026-08-13T16:12:11.161Z,"A has the best balance between the vocals and the instruments. E is also quite balanced, but it is not as clear as A. The problem with D is that the vocals are too loud and overpower the instruments. Both B and C have unclear and muddy-sounding vocals, and C is the worst overall.
","A has the best balance between the vocals and the instruments. E is also quite balanced, but it is not as clear as A. The problem with D is that the vocals are too loud and overpower the instruments. Both B and C have unclear and muddy-sounding vocals, and C is the worst overall.",429438,assets/audio/study-stimuli/main-study/group_01/song_a_lead_me/mcg_pro2.wav,0.0730051249266,20.1463222504,0.0392760001123,-0.00143597240094,2.9805308263561203,0.8594252384169624,-0.9263284806752846,0.048773555233824
19,P015,0597b66c-700b-42cb-8703-947fc40bedd1,five_mix_frontend_v1_2026-08-06,five_mix_netlify_forms_v1,five_mix_frontend_v1_2026-08-06,completed,group_01,group_01,2026-08-13 16:41:54.900,2026-08-13 17:22:58.536,2026-08-13 17:22:59.945,2464.0,6,5,30,6,True,18,P015__trial_04,4,EDR-2,EDR-2,2,lead_me,group_01_song_a_lead_me,2,Song A,C,3,mix_f1f7973e5bac,lead_me_du_d,mix_f1f7973e5bac,lead_me_du_d,True,51,True,True,2026-08-13T16:12:09.830Z,"A has the best balance between the vocals and the instruments. E is also quite balanced, but it is not as clear as A. The problem with D is that the vocals are too loud and overpower the instruments. Both B and C have unclear and muddy-sounding vocals, and C is the worst overall.
","A has the best balance between the vocals and the instruments. E is also quite balanced, but it is not as clear as A. The problem with D is that the vocals are too loud and overpower the instruments. Both B and C have unclear and muddy-sounding vocals, and C is the worst overall.",429438,assets/audio/study-stimuli/main-study/group_01/song_a_lead_me/du_d.wav,0.0625870004296,13.8143320084,0.117576912045,-0.0521329641342,0.7402857811167308,-1.548717422055362,0.3280479404435016,-1.017146833506479
19,P015,0597b66c-700b-42cb-8703-947fc40bedd1,five_mix_frontend_v1_2026-08-06,five_mix_netlify_forms_v1,five_mix_frontend_v1_2026-08-06,completed,group_01,group_01,2026-08-13 16:41:54.900,2026-08-13 17:22:58.536,2026-08-13 17:22:59.945,2464.0,6,5,30,6,True,19,P015__trial_04,4,EDR-2,EDR-2,2,lead_me,group_01_song_a_lead_me,2,Song A,D,4,mix_271852ba8676,lead_me_du_e,mix_271852ba8676,lead_me_du_e,True,75,True,True,2026-08-13T16:12:07.494Z,"A has the best balance between the vocals and the instruments. E is also quite balanced, but it is not as clear as A. The problem with D is that the vocals are too loud and overpower the instruments. Both B and C have unclear and muddy-sounding vocals, and C is the worst overall.
","A has the best balance between the vocals and the instruments. E is also quite balanced, but it is not as clear as A. The problem with D is that the vocals are too loud and overpower the instruments. Both B and C have unclear and muddy-sounding vocals, and C is the worst overall.",429438,assets/audio/study-stimuli/main-study/group_01/song_a_lead_me/du_e.wav,0.0543773770332,19.2538223267,0.0430038608611,0.0436125770211,-1.0250576971995913,0.5199952869185839,-0.8666083508697964,0.9959336464039888
19,P015,0597b66c-700b-42cb-8703-947fc40bedd1,five_mix_frontend_v1_2026-08-06,five_mix_netlify_forms_v1,five_mix_frontend_v1_2026-08-06,completed,group_01,group_01,2026-08-13 16:41:54.900,2026-08-13 17:22:58.536,2026-08-13 17:22:59.945,2464.0,6,5,30,6,True,20,P015__trial_04,4,EDR-2,EDR-2,2,lead_me,group_01_song_a_lead_me,2,Song A,E,5,mix_c7d9a071ba25,lead_me_pxl_l4,mix_c7d9a071ba25,lead_me_pxl_l4,True,85,True,True,2026-08-13T16:08:05.205Z,"A has the best balance between the vocals and the instruments. E is also quite balanced, but it is not as clear as A. The problem with D is that the vocals are too loud and overpower the instruments. Both B and C have unclear and muddy-sounding vocals, and C is the worst overall.
","A has the best balance between the vocals and the instruments. E is also quite balanced, but it is not as clear as A. The problem with D is that the vocals are too loud and overpower the instruments. Both B and C have unclear and muddy-sounding vocals, and C is the worst overall.",429438,assets/audio/study-stimuli/main-study/group_01/song_a_lead_me/pxl_l4.wav,0.0588876381516,15.6746520996,0.149041607976,0.109930999577,-0.0552007785055364,-0.8412121981784734,0.8321106863211235,2.390299590706203
19,P015,0597b66c-700b-42cb-8703-947fc40bedd1,five_mix_frontend_v1_2026-08-06,five_mix_netlify_forms_v1,five_mix_frontend_v1_2026-08-06,completed,group_01,group_01,2026-08-13 16:41:54.900,2026-08-13 17:22:58.536,2026-08-13 17:22:59.945,2464.0,6,5,30,6,True,21,P015__trial_05,5,FM-1,FM-1,3,lead_me,group_01_song_a_lead_me,1,Song A,A,1,mix_d5b28dfc8a93,lead_me_pxl_l1,mix_d5b28dfc8a93,lead_me_pxl_l1,True,77,True,True,2026-08-13T16:15:21.572Z,"E is the most comfortable to listen to. However, I feel that the higher notes in the vocals do not stand out enough. On the other hand, the instruments are mixed very well. B does a good job of bringing out the characteristics of the vocals, but the instruments do not sound as good as in E. A is quite balanced, but there is a little too much reverb, which makes the vocals and instruments blend together too much. D sounds more like a live mix. If it is supposed to be a studio recording, though, I think the mix is not very good because there is too much reverb.
","E is the most comfortable to listen to. However, I feel that the higher notes in the vocals do not stand out enough. On the other hand, the instruments are mixed very well. B does a good job of bringing out the characteristics of the vocals, but the instruments do not sound as good as in E. A is quite balanced, but there is a little too much reverb, which makes the vocals and instruments blend together too much. D sounds more like a live mix. If it is supposed to be a studio recording, though, I think the mix is not very good because there is too much reverb.",194240,assets/audio/study-stimuli/main-study/group_01/song_a_lead_me/pxl_l1.wav,0.0591329820454,16.9195213318,0.0170932952315,-0.0129087874666,-0.0024436394808062,-0.3677713699084406,-1.2816942263900757,-0.1924460334762285
19,P015,0597b66c-700b-42cb-8703-947fc40bedd1,five_mix_frontend_v1_2026-08-06,five_mix_netlify_forms_v1,five_mix_frontend_v1_2026-08-06,completed,group_01,group_01,2026-08-13 16:41:54.900,2026-08-13 17:22:58.536,2026-08-13 17:22:59.945,2464.0,6,5,30,6,True,22,P015__trial_05,5,FM-1,FM-1,3,lead_me,group_01_song_a_lead_me,1,Song A,B,2,mix_c7d9a071ba25,lead_me_pxl_l4,mix_c7d9a071ba25,lead_me_pxl_l4,True,91,True,True,2026-08-13T16:15:20.305Z,"E is the most comfortable to listen to. However, I feel that the higher notes in the vocals do not stand out enough. On the other hand, the instruments are mixed very well. B does a good job of bringing out the characteristics of the vocals, but the instruments do not sound as good as in E. A is quite balanced, but there is a little too much reverb, which makes the vocals and instruments blend together too much. D sounds more like a live mix. If it is supposed to be a studio recording, though, I think the mix is not very good because there is too much reverb.
","E is the most comfortable to listen to. However, I feel that the higher notes in the vocals do not stand out enough. On the other hand, the instruments are mixed very well. B does a good job of bringing out the characteristics of the vocals, but the instruments do not sound as good as in E. A is quite balanced, but there is a little too much reverb, which makes the vocals and instruments blend together too much. D sounds more like a live mix. If it is supposed to be a studio recording, though, I think the mix is not very good because there is too much reverb.",194240,assets/audio/study-stimuli/main-study/group_01/song_a_lead_me/pxl_l4.wav,0.0588876381516,15.6746520996,0.149041607976,0.109930999577,-0.0552007785055364,-0.8412121981784734,0.8321106863211235,2.390299590706203
19,P015,0597b66c-700b-42cb-8703-947fc40bedd1,five_mix_frontend_v1_2026-08-06,five_mix_netlify_forms_v1,five_mix_frontend_v1_2026-08-06,completed,group_01,group_01,2026-08-13 16:41:54.900,2026-08-13 17:22:58.536,2026-08-13 17:22:59.945,2464.0,6,5,30,6,True,23,P015__trial_05,5,FM-1,FM-1,3,lead_me,group_01_song_a_lead_me,1,Song A,C,3,mix_271852ba8676,lead_me_du_e,mix_271852ba8676,lead_me_du_e,True,55,True,True,2026-08-13T16:15:19.233Z,"E is the most comfortable to listen to. However, I feel that the higher notes in the vocals do not stand out enough. On the other hand, the instruments are mixed very well. B does a good job of bringing out the characteristics of the vocals, but the instruments do not sound as good as in E. A is quite balanced, but there is a little too much reverb, which makes the vocals and instruments blend together too much. D sounds more like a live mix. If it is supposed to be a studio recording, though, I think the mix is not very good because there is too much reverb.
","E is the most comfortable to listen to. However, I feel that the higher notes in the vocals do not stand out enough. On the other hand, the instruments are mixed very well. B does a good job of bringing out the characteristics of the vocals, but the instruments do not sound as good as in E. A is quite balanced, but there is a little too much reverb, which makes the vocals and instruments blend together too much. D sounds more like a live mix. If it is supposed to be a studio recording, though, I think the mix is not very good because there is too much reverb.",194240,assets/audio/study-stimuli/main-study/group_01/song_a_lead_me/du_e.wav,0.0543773770332,19.2538223267,0.0430038608611,0.0436125770211,-1.0250576971995913,0.5199952869185839,-0.8666083508697964,0.9959336464039888
19,P015,0597b66c-700b-42cb-8703-947fc40bedd1,five_mix_frontend_v1_2026-08-06,five_mix_netlify_forms_v1,five_mix_frontend_v1_2026-08-06,completed,group_01,group_01,2026-08-13 16:41:54.900,2026-08-13 17:22:58.536,2026-08-13 17:22:59.945,2464.0,6,5,30,6,True,24,P015__trial_05,5,FM-1,FM-1,3,lead_me,group_01_song_a_lead_me,1,Song A,D,4,mix_f1f7973e5bac,lead_me_du_d,mix_f1f7973e5bac,lead_me_du_d,True,66,True,True,2026-08-13T16:15:17.564Z,"E is the most comfortable to listen to. However, I feel that the higher notes in the vocals do not stand out enough. On the other hand, the instruments are mixed very well. B does a good job of bringing out the characteristics of the vocals, but the instruments do not sound as good as in E. A is quite balanced, but there is a little too much reverb, which makes the vocals and instruments blend together too much. D sounds more like a live mix. If it is supposed to be a studio recording, though, I think the mix is not very good because there is too much reverb.
","E is the most comfortable to listen to. However, I feel that the higher notes in the vocals do not stand out enough. On the other hand, the instruments are mixed very well. B does a good job of bringing out the characteristics of the vocals, but the instruments do not sound as good as in E. A is quite balanced, but there is a little too much reverb, which makes the vocals and instruments blend together too much. D sounds more like a live mix. If it is supposed to be a studio recording, though, I think the mix is not very good because there is too much reverb.",194240,assets/audio/study-stimuli/main-study/group_01/song_a_lead_me/du_d.wav,0.0625870004296,13.8143320084,0.117576912045,-0.0521329641342,0.7402857811167308,-1.548717422055362,0.3280479404435016,-1.017146833506479
19,P015,0597b66c-700b-42cb-8703-947fc40bedd1,five_mix_frontend_v1_2026-08-06,five_mix_netlify_forms_v1,five_mix_frontend_v1_2026-08-06,completed,group_01,group_01,2026-08-13 16:41:54.900,2026-08-13 17:22:58.536,2026-08-13 17:22:59.945,2464.0,6,5,30,6,True,25,P015__trial_05,5,FM-1,FM-1,3,lead_me,group_01_song_a_lead_me,1,Song A,E,5,mix_d3e3580b6e30,lead_me_mcg_pro2,mix_d3e3580b6e30,lead_me_mcg_pro2,True,100,True,True,2026-08-13T16:15:15.093Z,"E is the most comfortable to listen to. However, I feel that the higher notes in the vocals do not stand out enough. On the other hand, the instruments are mixed very well. B does a good job of bringing out the characteristics of the vocals, but the instruments do not sound as good as in E. A is quite balanced, but there is a little too much reverb, which makes the vocals and instruments blend together too much. D sounds more like a live mix. If it is supposed to be a studio recording, though, I think the mix is not very good because there is too much reverb.
","E is the most comfortable to listen to. However, I feel that the higher notes in the vocals do not stand out enough. On the other hand, the instruments are mixed very well. B does a good job of bringing out the characteristics of the vocals, but the instruments do not sound as good as in E. A is quite balanced, but there is a little too much reverb, which makes the vocals and instruments blend together too much. D sounds more like a live mix. If it is supposed to be a studio recording, though, I think the mix is not very good because there is too much reverb.",194240,assets/audio/study-stimuli/main-study/group_01/song_a_lead_me/mcg_pro2.wav,0.0730051249266,20.1463222504,0.0392760001123,-0.00143597240094,2.9805308263561203,0.8594252384169624,-0.9263284806752846,0.048773555233824
19,P015,0597b66c-700b-42cb-8703-947fc40bedd1,five_mix_frontend_v1_2026-08-06,five_mix_netlify_forms_v1,five_mix_frontend_v1_2026-08-06,completed,group_01,group_01,2026-08-13 16:41:54.900,2026-08-13 17:22:58.536,2026-08-13 17:22:59.945,2464.0,6,5,30,6,True,26,P015__trial_06,6,FM-1,FM-1,3,id_like_to_know,group_01_song_b_id_like_to_know,2,Song B,A,1,mix_6f8b655d7999,id_like_to_know_pxl_s2,mix_6f8b655d7999,id_like_to_know_pxl_s2,True,66,True,True,2026-08-13T16:18:35.586Z,"B is the best because the vocals are very clear. D is also quite good and fits the atmosphere of the song well. A and E are about the same, but the recording does not sound very clear and feels a bit hazy. C is the worst because both the vocals and the overall recording sound very muddy and unclear.
","B is the best because the vocals are very clear. D is also quite good and fits the atmosphere of the song well. A and E are about the same, but the recording does not sound very clear and feels a bit hazy. C is the worst because both the vocals and the overall recording sound very muddy and unclear.",177146,assets/audio/study-stimuli/main-study/group_01/song_b_id_like_to_know/pxl_s2.wav,0.0616230294108,14.7642059326,0.049424380064,0.0224525164813,0.5329997864789321,-1.1874673519330532,-0.7637519766505488,0.5510366380169074
19,P015,0597b66c-700b-42cb-8703-947fc40bedd1,five_mix_frontend_v1_2026-08-06,five_mix_netlify_forms_v1,five_mix_frontend_v1_2026-08-06,completed,group_01,group_01,2026-08-13 16:41:54.900,2026-08-13 17:22:58.536,2026-08-13 17:22:59.945,2464.0,6,5,30,6,True,27,P015__trial_06,6,FM-1,FM-1,3,id_like_to_know,group_01_song_b_id_like_to_know,2,Song B,B,2,mix_9ffcd672af17,id_like_to_know_pxl_s1,mix_9ffcd672af17,id_like_to_know_pxl_s1,True,100,True,True,2026-08-13T16:18:34.265Z,"B is the best because the vocals are very clear. D is also quite good and fits the atmosphere of the song well. A and E are about the same, but the recording does not sound very clear and feels a bit hazy. C is the worst because both the vocals and the overall recording sound very muddy and unclear.
","B is the best because the vocals are very clear. D is also quite good and fits the atmosphere of the song well. A and E are about the same, but the recording does not sound very clear and feels a bit hazy. C is the worst because both the vocals and the overall recording sound very muddy and unclear.",177146,assets/audio/study-stimuli/main-study/group_01/song_b_id_like_to_know/pxl_s1.wav,0.0565126091242,16.3633155823,0.0668171644211,0.0607972890139,-0.5659114167269081,-0.579304038497624,-0.4851205015292653,1.357247686182373
19,P015,0597b66c-700b-42cb-8703-947fc40bedd1,five_mix_frontend_v1_2026-08-06,five_mix_netlify_forms_v1,five_mix_frontend_v1_2026-08-06,completed,group_01,group_01,2026-08-13 16:41:54.900,2026-08-13 17:22:58.536,2026-08-13 17:22:59.945,2464.0,6,5,30,6,True,28,P015__trial_06,6,FM-1,FM-1,3,id_like_to_know,group_01_song_b_id_like_to_know,2,Song B,C,3,mix_b393d3919c78,id_like_to_know_pxl_s7,mix_b393d3919c78,id_like_to_know_pxl_s7,True,25,True,True,2026-08-13T16:18:33.251Z,"B is the best because the vocals are very clear. D is also quite good and fits the atmosphere of the song well. A and E are about the same, but the recording does not sound very clear and feels a bit hazy. C is the worst because both the vocals and the overall recording sound very muddy and unclear.
","B is the best because the vocals are very clear. D is also quite good and fits the atmosphere of the song well. A and E are about the same, but the recording does not sound very clear and feels a bit hazy. C is the worst because both the vocals and the overall recording sound very muddy and unclear.",177146,assets/audio/study-stimuli/main-study/group_01/song_b_id_like_to_know/pxl_s7.wav,0.0551121532917,16.2593574524,0.0769432634115,-0.0537673681974,-0.867056238017743,-0.6188407399054331,-0.3229009373128245,-1.0515106991885117
19,P015,0597b66c-700b-42cb-8703-947fc40bedd1,five_mix_frontend_v1_2026-08-06,five_mix_netlify_forms_v1,five_mix_frontend_v1_2026-08-06,completed,group_01,group_01,2026-08-13 16:41:54.900,2026-08-13 17:22:58.536,2026-08-13 17:22:59.945,2464.0,6,5,30,6,True,29,P015__trial_06,6,FM-1,FM-1,3,id_like_to_know,group_01_song_b_id_like_to_know,2,Song B,D,4,mix_65f41f41d3ab,id_like_to_know_pxl_s3,mix_65f41f41d3ab,id_like_to_know_pxl_s3,True,92,True,True,2026-08-13T16:18:32.114Z,"B is the best because the vocals are very clear. D is also quite good and fits the atmosphere of the song well. A and E are about the same, but the recording does not sound very clear and feels a bit hazy. C is the worst because both the vocals and the overall recording sound very muddy and unclear.
","B is the best because the vocals are very clear. D is also quite good and fits the atmosphere of the song well. A and E are about the same, but the recording does not sound very clear and feels a bit hazy. C is the worst because both the vocals and the overall recording sound very muddy and unclear.",177146,assets/audio/study-stimuli/main-study/group_01/song_b_id_like_to_know/pxl_s3.wav,0.0606486909091,15.0860643387,0.0243665315211,-0.00842856336385,0.3234844364321996,-1.065060189455143,-1.1651773700507613,-0.0982478955990668
19,P015,0597b66c-700b-42cb-8703-947fc40bedd1,five_mix_frontend_v1_2026-08-06,five_mix_netlify_forms_v1,five_mix_frontend_v1_2026-08-06,completed,group_01,group_01,2026-08-13 16:41:54.900,2026-08-13 17:22:58.536,2026-08-13 17:22:59.945,2464.0,6,5,30,6,True,30,P015__trial_06,6,FM-1,FM-1,3,id_like_to_know,group_01_song_b_id_like_to_know,2,Song B,E,5,mix_82d60d7c7fc5,id_like_to_know_pxl_s5,mix_82d60d7c7fc5,id_like_to_know_pxl_s5,True,74,True,True,2026-08-13T16:18:29.106Z,"B is the best because the vocals are very clear. D is also quite good and fits the atmosphere of the song well. A and E are about the same, but the recording does not sound very clear and feels a bit hazy. C is the worst because both the vocals and the overall recording sound very muddy and unclear.
","B is the best because the vocals are very clear. D is also quite good and fits the atmosphere of the song well. A and E are about the same, but the recording does not sound very clear and feels a bit hazy. C is the worst because both the vocals and the overall recording sound very muddy and unclear.",177146,assets/audio/study-stimuli/main-study/group_01/song_b_id_like_to_know/pxl_s5.wav,0.0574779175222,17.4848575592,0.146866813302,0.0736307501793,-0.3583378408524605,-0.1527662554529231,0.7972705919658362,1.6270752922517937
20,P014,846bdf44-8cc9-4160-b03f-b98fa1ccd124,five_mix_frontend_v1_2026-08-06,five_mix_netlify_forms_v1,five_mix_frontend_v1_2026-08-06,completed,group_01,group_01,2026-08-13 10:28:38.002,2026-08-13 10:43:18.642,2026-08-13 10:43:20.067,881.0,6,5,30,6,True,1,P014__trial_01,1,EDR-2,EDR-2,1,lead_me,group_01_song_a_lead_me,1,Song A,A,1,mix_c7d9a071ba25,lead_me_pxl_l4,mix_c7d9a071ba25,lead_me_pxl_l4,True,23,True,True,2026-08-13T09:37:28.955Z,.,.,62050,assets/audio/study-stimuli/main-study/group_01/song_a_lead_me/pxl_l4.wav,0.0588876381516,15.6746520996,0.149041607976,0.109930999577,-0.0552007785055364,-0.8412121981784734,0.8321106863211235,2.390299590706203
20,P014,846bdf44-8cc9-4160-b03f-b98fa1ccd124,five_mix_frontend_v1_2026-08-06,five_mix_netlify_forms_v1,five_mix_frontend_v1_2026-08-06,completed,group_01,group_01,2026-08-13 10:28:38.002,2026-08-13 10:43:18.642,2026-08-13 10:43:20.067,881.0,6,5,30,6,True,2,P014__trial_01,1,EDR-2,EDR-2,1,lead_me,group_01_song_a_lead_me,1,Song A,B,2,mix_d3e3580b6e30,lead_me_mcg_pro2,mix_d3e3580b6e30,lead_me_mcg_pro2,True,0,True,True,2026-08-13T09:37:23.184Z,.,.,62050,assets/audio/study-stimuli/main-study/group_01/song_a_lead_me/mcg_pro2.wav,0.0730051249266,20.1463222504,0.0392760001123,-0.00143597240094,2.9805308263561203,0.8594252384169624,-0.9263284806752846,0.048773555233824
20,P014,846bdf44-8cc9-4160-b03f-b98fa1ccd124,five_mix_frontend_v1_2026-08-06,five_mix_netlify_forms_v1,five_mix_frontend_v1_2026-08-06,completed,group_01,group_01,2026-08-13 10:28:38.002,2026-08-13 10:43:18.642,2026-08-13 10:43:20.067,881.0,6,5,30,6,True,3,P014__trial_01,1,EDR-2,EDR-2,1,lead_me,group_01_song_a_lead_me,1,Song A,C,3,mix_271852ba8676,lead_me_du_e,mix_271852ba8676,lead_me_du_e,True,80,True,True,2026-08-13T09:37:16.643Z,.,.,62050,assets/audio/study-stimuli/main-study/group_01/song_a_lead_me/du_e.wav,0.0543773770332,19.2538223267,0.0430038608611,0.0436125770211,-1.0250576971995913,0.5199952869185839,-0.8666083508697964,0.9959336464039888
20,P014,846bdf44-8cc9-4160-b03f-b98fa1ccd124,five_mix_frontend_v1_2026-08-06,five_mix_netlify_forms_v1,five_mix_frontend_v1_2026-08-06,completed,group_01,group_01,2026-08-13 10:28:38.002,2026-08-13 10:43:18.642,2026-08-13 10:43:20.067,881.0,6,5,30,6,True,4,P014__trial_01,1,EDR-2,EDR-2,1,lead_me,group_01_song_a_lead_me,1,Song A,D,4,mix_d5b28dfc8a93,lead_me_pxl_l1,mix_d5b28dfc8a93,lead_me_pxl_l1,True,44,True,True,2026-08-13T09:37:08.415Z,.,.,62050,assets/audio/study-stimuli/main-study/group_01/song_a_lead_me/pxl_l1.wav,0.0591329820454,16.9195213318,0.0170932952315,-0.0129087874666,-0.0024436394808062,-0.3677713699084406,-1.2816942263900757,-0.1924460334762285
20,P014,846bdf44-8cc9-4160-b03f-b98fa1ccd124,five_mix_frontend_v1_2026-08-06,five_mix_netlify_forms_v1,five_mix_frontend_v1_2026-08-06,completed,group_01,group_01,2026-08-13 10:28:38.002,2026-08-13 10:43:18.642,2026-08-13 10:43:20.067,881.0,6,5,30,6,True,5,P014__trial_01,1,EDR-2,EDR-2,1,lead_me,group_01_song_a_lead_me,1,Song A,E,5,mix_f1f7973e5bac,lead_me_du_d,mix_f1f7973e5bac,lead_me_du_d,True,100,True,True,2026-08-13T09:37:00.394Z,.,.,62050,assets/audio/study-stimuli/main-study/group_01/song_a_lead_me/du_d.wav,0.0625870004296,13.8143320084,0.117576912045,-0.0521329641342,0.7402857811167308,-1.548717422055362,0.3280479404435016,-1.017146833506479
20,P014,846bdf44-8cc9-4160-b03f-b98fa1ccd124,five_mix_frontend_v1_2026-08-06,five_mix_netlify_forms_v1,five_mix_frontend_v1_2026-08-06,completed,group_01,group_01,2026-08-13 10:28:38.002,2026-08-13 10:43:18.642,2026-08-13 10:43:20.067,881.0,6,5,30,6,True,6,P014__trial_02,2,EDR-2,EDR-2,1,id_like_to_know,group_01_song_b_id_like_to_know,2,Song B,A,1,mix_6f8b655d7999,id_like_to_know_pxl_s2,mix_6f8b655d7999,id_like_to_know_pxl_s2,True,21,True,True,2026-08-13T09:38:33.454Z,.,.,43106,assets/audio/study-stimuli/main-study/group_01/song_b_id_like_to_know/pxl_s2.wav,0.0616230294108,14.7642059326,0.049424380064,0.0224525164813,0.5329997864789321,-1.1874673519330532,-0.7637519766505488,0.5510366380169074
20,P014,846bdf44-8cc9-4160-b03f-b98fa1ccd124,five_mix_frontend_v1_2026-08-06,five_mix_netlify_forms_v1,five_mix_frontend_v1_2026-08-06,completed,group_01,group_01,2026-08-13 10:28:38.002,2026-08-13 10:43:18.642,2026-08-13 10:43:20.067,881.0,6,5,30,6,True,7,P014__trial_02,2,EDR-2,EDR-2,1,id_like_to_know,group_01_song_b_id_like_to_know,2,Song B,B,2,mix_82d60d7c7fc5,id_like_to_know_pxl_s5,mix_82d60d7c7fc5,id_like_to_know_pxl_s5,True,7,True,True,2026-08-13T09:38:35.673Z,.,.,43106,assets/audio/study-stimuli/main-study/group_01/song_b_id_like_to_know/pxl_s5.wav,0.0574779175222,17.4848575592,0.146866813302,0.0736307501793,-0.3583378408524605,-0.1527662554529231,0.7972705919658362,1.6270752922517937
20,P014,846bdf44-8cc9-4160-b03f-b98fa1ccd124,five_mix_frontend_v1_2026-08-06,five_mix_netlify_forms_v1,five_mix_frontend_v1_2026-08-06,completed,group_01,group_01,2026-08-13 10:28:38.002,2026-08-13 10:43:18.642,2026-08-13 10:43:20.067,881.0,6,5,30,6,True,8,P014__trial_02,2,EDR-2,EDR-2,1,id_like_to_know,group_01_song_b_id_like_to_know,2,Song B,C,3,mix_9ffcd672af17,id_like_to_know_pxl_s1,mix_9ffcd672af17,id_like_to_know_pxl_s1,True,55,True,True,2026-08-13T09:38:27.635Z,.,.,43106,assets/audio/study-stimuli/main-study/group_01/song_b_id_like_to_know/pxl_s1.wav,0.0565126091242,16.3633155823,0.0668171644211,0.0607972890139,-0.5659114167269081,-0.579304038497624,-0.4851205015292653,1.357247686182373
20,P014,846bdf44-8cc9-4160-b03f-b98fa1ccd124,five_mix_frontend_v1_2026-08-06,five_mix_netlify_forms_v1,five_mix_frontend_v1_2026-08-06,completed,group_01,group_01,2026-08-13 10:28:38.002,2026-08-13 10:43:18.642,2026-08-13 10:43:20.067,881.0,6,5,30,6,True,9,P014__trial_02,2,EDR-2,EDR-2,1,id_like_to_know,group_01_song_b_id_like_to_know,2,Song B,D,4,mix_65f41f41d3ab,id_like_to_know_pxl_s3,mix_65f41f41d3ab,id_like_to_know_pxl_s3,True,83,True,True,2026-08-13T09:38:15.758Z,.,.,43106,assets/audio/study-stimuli/main-study/group_01/song_b_id_like_to_know/pxl_s3.wav,0.0606486909091,15.0860643387,0.0243665315211,-0.00842856336385,0.3234844364321996,-1.065060189455143,-1.1651773700507613,-0.0982478955990668
20,P014,846bdf44-8cc9-4160-b03f-b98fa1ccd124,five_mix_frontend_v1_2026-08-06,five_mix_netlify_forms_v1,five_mix_frontend_v1_2026-08-06,completed,group_01,group_01,2026-08-13 10:28:38.002,2026-08-13 10:43:18.642,2026-08-13 10:43:20.067,881.0,6,5,30,6,True,10,P014__trial_02,2,EDR-2,EDR-2,1,id_like_to_know,group_01_song_b_id_like_to_know,2,Song B,E,5,mix_b393d3919c78,id_like_to_know_pxl_s7,mix_b393d3919c78,id_like_to_know_pxl_s7,True,100,True,True,2026-08-13T09:38:06.888Z,.,.,43106,assets/audio/study-stimuli/main-study/group_01/song_b_id_like_to_know/pxl_s7.wav,0.0551121532917,16.2593574524,0.0769432634115,-0.0537673681974,-0.867056238017743,-0.6188407399054331,-0.3229009373128245,-1.0515106991885117
20,P014,846bdf44-8cc9-4160-b03f-b98fa1ccd124,five_mix_frontend_v1_2026-08-06,five_mix_netlify_forms_v1,five_mix_frontend_v1_2026-08-06,completed,group_01,group_01,2026-08-13 10:28:38.002,2026-08-13 10:43:18.642,2026-08-13 10:43:20.067,881.0,6,5,30,6,True,11,P014__trial_03,3,FM-1,FM-1,2,lead_me,group_01_song_a_lead_me,1,Song A,A,1,mix_271852ba8676,lead_me_du_e,mix_271852ba8676,lead_me_du_e,True,44,True,True,2026-08-13T09:39:08.123Z,.,.,35982,assets/audio/study-stimuli/main-study/group_01/song_a_lead_me/du_e.wav,0.0543773770332,19.2538223267,0.0430038608611,0.0436125770211,-1.0250576971995913,0.5199952869185839,-0.8666083508697964,0.9959336464039888
20,P014,846bdf44-8cc9-4160-b03f-b98fa1ccd124,five_mix_frontend_v1_2026-08-06,five_mix_netlify_forms_v1,five_mix_frontend_v1_2026-08-06,completed,group_01,group_01,2026-08-13 10:28:38.002,2026-08-13 10:43:18.642,2026-08-13 10:43:20.067,881.0,6,5,30,6,True,12,P014__trial_03,3,FM-1,FM-1,2,lead_me,group_01_song_a_lead_me,1,Song A,B,2,mix_d3e3580b6e30,lead_me_mcg_pro2,mix_d3e3580b6e30,lead_me_mcg_pro2,True,60,True,True,2026-08-13T09:39:02.983Z,.,.,35982,assets/audio/study-stimuli/main-study/group_01/song_a_lead_me/mcg_pro2.wav,0.0730051249266,20.1463222504,0.0392760001123,-0.00143597240094,2.9805308263561203,0.8594252384169624,-0.9263284806752846,0.048773555233824
20,P014,846bdf44-8cc9-4160-b03f-b98fa1ccd124,five_mix_frontend_v1_2026-08-06,five_mix_netlify_forms_v1,five_mix_frontend_v1_2026-08-06,completed,group_01,group_01,2026-08-13 10:28:38.002,2026-08-13 10:43:18.642,2026-08-13 10:43:20.067,881.0,6,5,30,6,True,13,P014__trial_03,3,FM-1,FM-1,2,lead_me,group_01_song_a_lead_me,1,Song A,C,3,mix_f1f7973e5bac,lead_me_du_d,mix_f1f7973e5bac,lead_me_du_d,True,11,True,True,2026-08-13T09:38:52.148Z,.,.,35982,assets/audio/study-stimuli/main-study/group_01/song_a_lead_me/du_d.wav,0.0625870004296,13.8143320084,0.117576912045,-0.0521329641342,0.7402857811167308,-1.548717422055362,0.3280479404435016,-1.017146833506479
20,P014,846bdf44-8cc9-4160-b03f-b98fa1ccd124,five_mix_frontend_v1_2026-08-06,five_mix_netlify_forms_v1,five_mix_frontend_v1_2026-08-06,completed,group_01,group_01,2026-08-13 10:28:38.002,2026-08-13 10:43:18.642,2026-08-13 10:43:20.067,881.0,6,5,30,6,True,14,P014__trial_03,3,FM-1,FM-1,2,lead_me,group_01_song_a_lead_me,1,Song A,D,4,mix_c7d9a071ba25,lead_me_pxl_l4,mix_c7d9a071ba25,lead_me_pxl_l4,True,76,True,True,2026-08-13T09:38:53.875Z,.,.,35982,assets/audio/study-stimuli/main-study/group_01/song_a_lead_me/pxl_l4.wav,0.0588876381516,15.6746520996,0.149041607976,0.109930999577,-0.0552007785055364,-0.8412121981784734,0.8321106863211235,2.390299590706203
20,P014,846bdf44-8cc9-4160-b03f-b98fa1ccd124,five_mix_frontend_v1_2026-08-06,five_mix_netlify_forms_v1,five_mix_frontend_v1_2026-08-06,completed,group_01,group_01,2026-08-13 10:28:38.002,2026-08-13 10:43:18.642,2026-08-13 10:43:20.067,881.0,6,5,30,6,True,15,P014__trial_03,3,FM-1,FM-1,2,lead_me,group_01_song_a_lead_me,1,Song A,E,5,mix_d5b28dfc8a93,lead_me_pxl_l1,mix_d5b28dfc8a93,lead_me_pxl_l1,True,100,True,True,2026-08-13T09:38:47.553Z,.,.,35982,assets/audio/study-stimuli/main-study/group_01/song_a_lead_me/pxl_l1.wav,0.0591329820454,16.9195213318,0.0170932952315,-0.0129087874666,-0.0024436394808062,-0.3677713699084406,-1.2816942263900757,-0.1924460334762285
20,P014,846bdf44-8cc9-4160-b03f-b98fa1ccd124,five_mix_frontend_v1_2026-08-06,five_mix_netlify_forms_v1,five_mix_frontend_v1_2026-08-06,completed,group_01,group_01,2026-08-13 10:28:38.002,2026-08-13 10:43:18.642,2026-08-13 10:43:20.067,881.0,6,5,30,6,True,16,P014__trial_04,4,FM-1,FM-1,2,id_like_to_know,group_01_song_b_id_like_to_know,2,Song B,A,1,mix_9ffcd672af17,id_like_to_know_pxl_s1,mix_9ffcd672af17,id_like_to_know_pxl_s1,True,53,True,True,2026-08-13T09:39:49.127Z,.,.,45087,assets/audio/study-stimuli/main-study/group_01/song_b_id_like_to_know/pxl_s1.wav,0.0565126091242,16.3633155823,0.0668171644211,0.0607972890139,-0.5659114167269081,-0.579304038497624,-0.4851205015292653,1.357247686182373
20,P014,846bdf44-8cc9-4160-b03f-b98fa1ccd124,five_mix_frontend_v1_2026-08-06,five_mix_netlify_forms_v1,five_mix_frontend_v1_2026-08-06,completed,group_01,group_01,2026-08-13 10:28:38.002,2026-08-13 10:43:18.642,2026-08-13 10:43:20.067,881.0,6,5,30,6,True,17,P014__trial_04,4,FM-1,FM-1,2,id_like_to_know,group_01_song_b_id_like_to_know,2,Song B,B,2,mix_82d60d7c7fc5,id_like_to_know_pxl_s5,mix_82d60d7c7fc5,id_like_to_know_pxl_s5,True,27,True,True,2026-08-13T09:39:43.723Z,.,.,45087,assets/audio/study-stimuli/main-study/group_01/song_b_id_like_to_know/pxl_s5.wav,0.0574779175222,17.4848575592,0.146866813302,0.0736307501793,-0.3583378408524605,-0.1527662554529231,0.7972705919658362,1.6270752922517937
20,P014,846bdf44-8cc9-4160-b03f-b98fa1ccd124,five_mix_frontend_v1_2026-08-06,five_mix_netlify_forms_v1,five_mix_frontend_v1_2026-08-06,completed,group_01,group_01,2026-08-13 10:28:38.002,2026-08-13 10:43:18.642,2026-08-13 10:43:20.067,881.0,6,5,30,6,True,18,P014__trial_04,4,FM-1,FM-1,2,id_like_to_know,group_01_song_b_id_like_to_know,2,Song B,C,3,mix_6f8b655d7999,id_like_to_know_pxl_s2,mix_6f8b655d7999,id_like_to_know_pxl_s2,True,61,True,True,2026-08-13T09:39:36.955Z,.,.,45087,assets/audio/study-stimuli/main-study/group_01/song_b_id_like_to_know/pxl_s2.wav,0.0616230294108,14.7642059326,0.049424380064,0.0224525164813,0.5329997864789321,-1.1874673519330532,-0.7637519766505488,0.5510366380169074
20,P014,846bdf44-8cc9-4160-b03f-b98fa1ccd124,five_mix_frontend_v1_2026-08-06,five_mix_netlify_forms_v1,five_mix_frontend_v1_2026-08-06,completed,group_01,group_01,2026-08-13 10:28:38.002,2026-08-13 10:43:18.642,2026-08-13 10:43:20.067,881.0,6,5,30,6,True,19,P014__trial_04,4,FM-1,FM-1,2,id_like_to_know,group_01_song_b_id_like_to_know,2,Song B,D,4,mix_65f41f41d3ab,id_like_to_know_pxl_s3,mix_65f41f41d3ab,id_like_to_know_pxl_s3,True,77,True,True,2026-08-13T09:39:32.542Z,.,.,45087,assets/audio/study-stimuli/main-study/group_01/song_b_id_like_to_know/pxl_s3.wav,0.0606486909091,15.0860643387,0.0243665315211,-0.00842856336385,0.3234844364321996,-1.065060189455143,-1.1651773700507613,-0.0982478955990668
20,P014,846bdf44-8cc9-4160-b03f-b98fa1ccd124,five_mix_frontend_v1_2026-08-06,five_mix_netlify_forms_v1,five_mix_frontend_v1_2026-08-06,completed,group_01,group_01,2026-08-13 10:28:38.002,2026-08-13 10:43:18.642,2026-08-13 10:43:20.067,881.0,6,5,30,6,True,20,P014__trial_04,4,FM-1,FM-1,2,id_like_to_know,group_01_song_b_id_like_to_know,2,Song B,E,5,mix_b393d3919c78,id_like_to_know_pxl_s7,mix_b393d3919c78,id_like_to_know_pxl_s7,True,100,True,True,2026-08-13T09:39:21.686Z,.,.,45087,assets/audio/study-stimuli/main-study/group_01/song_b_id_like_to_know/pxl_s7.wav,0.0551121532917,16.2593574524,0.0769432634115,-0.0537673681974,-0.867056238017743,-0.6188407399054331,-0.3229009373128245,-1.0515106991885117
20,P014,846bdf44-8cc9-4160-b03f-b98fa1ccd124,five_mix_frontend_v1_2026-08-06,five_mix_netlify_forms_v1,five_mix_frontend_v1_2026-08-06,completed,group_01,group_01,2026-08-13 10:28:38.002,2026-08-13 10:43:18.642,2026-08-13 10:43:20.067,881.0,6,5,30,6,True,21,P014__trial_05,5,EDR-1,EDR-1,3,id_like_to_know,group_01_song_b_id_like_to_know,1,Song B,A,1,mix_6f8b655d7999,id_like_to_know_pxl_s2,mix_6f8b655d7999,id_like_to_know_pxl_s2,True,31,True,True,2026-08-13T09:40:29.417Z,.,.,57047,assets/audio/study-stimuli/main-study/group_01/song_b_id_like_to_know/pxl_s2.wav,0.0616230294108,14.7642059326,0.049424380064,0.0224525164813,0.5329997864789321,-1.1874673519330532,-0.7637519766505488,0.5510366380169074
20,P014,846bdf44-8cc9-4160-b03f-b98fa1ccd124,five_mix_frontend_v1_2026-08-06,five_mix_netlify_forms_v1,five_mix_frontend_v1_2026-08-06,completed,group_01,group_01,2026-08-13 10:28:38.002,2026-08-13 10:43:18.642,2026-08-13 10:43:20.067,881.0,6,5,30,6,True,22,P014__trial_05,5,EDR-1,EDR-1,3,id_like_to_know,group_01_song_b_id_like_to_know,1,Song B,B,2,mix_82d60d7c7fc5,id_like_to_know_pxl_s5,mix_82d60d7c7fc5,id_like_to_know_pxl_s5,True,50,True,True,2026-08-13T09:40:24.417Z,.,.,57047,assets/audio/study-stimuli/main-study/group_01/song_b_id_like_to_know/pxl_s5.wav,0.0574779175222,17.4848575592,0.146866813302,0.0736307501793,-0.3583378408524605,-0.1527662554529231,0.7972705919658362,1.6270752922517937
20,P014,846bdf44-8cc9-4160-b03f-b98fa1ccd124,five_mix_frontend_v1_2026-08-06,five_mix_netlify_forms_v1,five_mix_frontend_v1_2026-08-06,completed,group_01,group_01,2026-08-13 10:28:38.002,2026-08-13 10:43:18.642,2026-08-13 10:43:20.067,881.0,6,5,30,6,True,23,P014__trial_05,5,EDR-1,EDR-1,3,id_like_to_know,group_01_song_b_id_like_to_know,1,Song B,C,3,mix_b393d3919c78,id_like_to_know_pxl_s7,mix_b393d3919c78,id_like_to_know_pxl_s7,True,64,True,True,2026-08-13T09:40:18.264Z,.,.,57047,assets/audio/study-stimuli/main-study/group_01/song_b_id_like_to_know/pxl_s7.wav,0.0551121532917,16.2593574524,0.0769432634115,-0.0537673681974,-0.867056238017743,-0.6188407399054331,-0.3229009373128245,-1.0515106991885117
20,P014,846bdf44-8cc9-4160-b03f-b98fa1ccd124,five_mix_frontend_v1_2026-08-06,five_mix_netlify_forms_v1,five_mix_frontend_v1_2026-08-06,completed,group_01,group_01,2026-08-13 10:28:38.002,2026-08-13 10:43:18.642,2026-08-13 10:43:20.067,881.0,6,5,30,6,True,24,P014__trial_05,5,EDR-1,EDR-1,3,id_like_to_know,group_01_song_b_id_like_to_know,1,Song B,D,4,mix_65f41f41d3ab,id_like_to_know_pxl_s3,mix_65f41f41d3ab,id_like_to_know_pxl_s3,True,15,True,True,2026-08-13T09:40:15.240Z,.,.,57047,assets/audio/study-stimuli/main-study/group_01/song_b_id_like_to_know/pxl_s3.wav,0.0606486909091,15.0860643387,0.0243665315211,-0.00842856336385,0.3234844364321996,-1.065060189455143,-1.1651773700507613,-0.0982478955990668
20,P014,846bdf44-8cc9-4160-b03f-b98fa1ccd124,five_mix_frontend_v1_2026-08-06,five_mix_netlify_forms_v1,five_mix_frontend_v1_2026-08-06,completed,group_01,group_01,2026-08-13 10:28:38.002,2026-08-13 10:43:18.642,2026-08-13 10:43:20.067,881.0,6,5,30,6,True,25,P014__trial_05,5,EDR-1,EDR-1,3,id_like_to_know,group_01_song_b_id_like_to_know,1,Song B,E,5,mix_9ffcd672af17,id_like_to_know_pxl_s1,mix_9ffcd672af17,id_like_to_know_pxl_s1,True,88,True,True,2026-08-13T09:40:10.411Z,.,.,57047,assets/audio/study-stimuli/main-study/group_01/song_b_id_like_to_know/pxl_s1.wav,0.0565126091242,16.3633155823,0.0668171644211,0.0607972890139,-0.5659114167269081,-0.579304038497624,-0.4851205015292653,1.357247686182373
20,P014,846bdf44-8cc9-4160-b03f-b98fa1ccd124,five_mix_frontend_v1_2026-08-06,five_mix_netlify_forms_v1,five_mix_frontend_v1_2026-08-06,completed,group_01,group_01,2026-08-13 10:28:38.002,2026-08-13 10:43:18.642,2026-08-13 10:43:20.067,881.0,6,5,30,6,True,26,P014__trial_06,6,EDR-1,EDR-1,3,lead_me,group_01_song_a_lead_me,2,Song A,A,1,mix_271852ba8676,lead_me_du_e,mix_271852ba8676,lead_me_du_e,True,4,True,True,2026-08-13T09:41:31.215Z,.,.,33113,assets/audio/study-stimuli/main-study/group_01/song_a_lead_me/du_e.wav,0.0543773770332,19.2538223267,0.0430038608611,0.0436125770211,-1.0250576971995913,0.5199952869185839,-0.8666083508697964,0.9959336464039888
20,P014,846bdf44-8cc9-4160-b03f-b98fa1ccd124,five_mix_frontend_v1_2026-08-06,five_mix_netlify_forms_v1,five_mix_frontend_v1_2026-08-06,completed,group_01,group_01,2026-08-13 10:28:38.002,2026-08-13 10:43:18.642,2026-08-13 10:43:20.067,881.0,6,5,30,6,True,27,P014__trial_06,6,EDR-1,EDR-1,3,lead_me,group_01_song_a_lead_me,2,Song A,B,2,mix_d5b28dfc8a93,lead_me_pxl_l1,mix_d5b28dfc8a93,lead_me_pxl_l1,True,76,True,True,2026-08-13T09:41:27.271Z,.,.,33113,assets/audio/study-stimuli/main-study/group_01/song_a_lead_me/pxl_l1.wav,0.0591329820454,16.9195213318,0.0170932952315,-0.0129087874666,-0.0024436394808062,-0.3677713699084406,-1.2816942263900757,-0.1924460334762285
20,P014,846bdf44-8cc9-4160-b03f-b98fa1ccd124,five_mix_frontend_v1_2026-08-06,five_mix_netlify_forms_v1,five_mix_frontend_v1_2026-08-06,completed,group_01,group_01,2026-08-13 10:28:38.002,2026-08-13 10:43:18.642,2026-08-13 10:43:20.067,881.0,6,5,30,6,True,28,P014__trial_06,6,EDR-1,EDR-1,3,lead_me,group_01_song_a_lead_me,2,Song A,C,3,mix_c7d9a071ba25,lead_me_pxl_l4,mix_c7d9a071ba25,lead_me_pxl_l4,True,61,True,True,2026-08-13T09:41:22.030Z,.,.,33113,assets/audio/study-stimuli/main-study/group_01/song_a_lead_me/pxl_l4.wav,0.0588876381516,15.6746520996,0.149041607976,0.109930999577,-0.0552007785055364,-0.8412121981784734,0.8321106863211235,2.390299590706203
20,P014,846bdf44-8cc9-4160-b03f-b98fa1ccd124,five_mix_frontend_v1_2026-08-06,five_mix_netlify_forms_v1,five_mix_frontend_v1_2026-08-06,completed,group_01,group_01,2026-08-13 10:28:38.002,2026-08-13 10:43:18.642,2026-08-13 10:43:20.067,881.0,6,5,30,6,True,29,P014__trial_06,6,EDR-1,EDR-1,3,lead_me,group_01_song_a_lead_me,2,Song A,D,4,mix_f1f7973e5bac,lead_me_du_d,mix_f1f7973e5bac,lead_me_du_d,True,17,True,True,2026-08-13T09:41:14.422Z,.,.,33113,assets/audio/study-stimuli/main-study/group_01/song_a_lead_me/du_d.wav,0.0625870004296,13.8143320084,0.117576912045,-0.0521329641342,0.7402857811167308,-1.548717422055362,0.3280479404435016,-1.017146833506479
20,P014,846bdf44-8cc9-4160-b03f-b98fa1ccd124,five_mix_frontend_v1_2026-08-06,five_mix_netlify_forms_v1,five_mix_frontend_v1_2026-08-06,completed,group_01,group_01,2026-08-13 10:28:38.002,2026-08-13 10:43:18.642,2026-08-13 10:43:20.067,881.0,6,5,30,6,True,30,P014__trial_06,6,EDR-1,EDR-1,3,lead_me,group_01_song_a_lead_me,2,Song A,E,5,mix_d3e3580b6e30,lead_me_mcg_pro2,mix_d3e3580b6e30,lead_me_mcg_pro2,True,100,True,True,2026-08-13T09:41:07.316Z,.,.,33113,assets/audio/study-stimuli/main-study/group_01/song_a_lead_me/mcg_pro2.wav,0.0730051249266,20.1463222504,0.0392760001123,-0.00143597240094,2.9805308263561203,0.8594252384169624,-0.9263284806752846,0.048773555233824
21,P013,1a2336e5-c74e-4367-b901-13a7d89ae43e,five_mix_frontend_v1_2026-08-06,five_mix_netlify_forms_v1,five_mix_frontend_v1_2026-08-06,completed,group_02,group_02,2026-08-12 19:08:44.753,2026-08-12 20:20:45.831,2026-08-12 20:20:46.905,4321.0,6,5,30,6,True,1,P013__trial_01,1,EDR-1,EDR-1,1,in_the_meantime,group_02_song_a_in_the_meantime,1,Song A,A,1,mix_c7bdcba64775,in_the_meantime_qut_b,mix_c7bdcba64775,in_the_meantime_qut_b,True,91,True,True,2026-08-12T18:39:55.497Z,"I think C is the most balanced one, and it reminds me of some very good live-session recordings.
I rated E and D according to the same criteria.
I think A and B both have a rough, rugged quality, and I think B is too off for me so I rated B as “poor.” However, I still rated  A  as 'good ' because this specific track reminded me of some cool underground gigs in rougher, less polished venues.","I think C is the most balanced one, and it reminds me of some very good live-session recordings.
I rated E and D according to the same criteria.
I think A and B both have a rough, rugged quality, and I think B is too off for me so I rated B as “poor.” However, I still rated  A  as 'good ' because this specific track reminded me of some cool underground gigs in rougher, less polished venues.",1167747,assets/audio/study-stimuli/main-study/group_02/song_a_in_the_meantime/qut_b.wav,0.0560294315219,17.366355896,0.000543582602404,0.000562923552934,-0.6698107538710293,-0.1978340618743536,-1.5468197375217057,0.0908009789400507
21,P013,1a2336e5-c74e-4367-b901-13a7d89ae43e,five_mix_frontend_v1_2026-08-06,five_mix_netlify_forms_v1,five_mix_frontend_v1_2026-08-06,completed,group_02,group_02,2026-08-12 19:08:44.753,2026-08-12 20:20:45.831,2026-08-12 20:20:46.905,4321.0,6,5,30,6,True,2,P013__trial_01,1,EDR-1,EDR-1,1,in_the_meantime,group_02_song_a_in_the_meantime,1,Song A,B,2,mix_56e65a3ce054,in_the_meantime_du_k,mix_56e65a3ce054,in_the_meantime_du_k,True,25,True,True,2026-08-12T18:40:18.401Z,"I think C is the most balanced one, and it reminds me of some very good live-session recordings.
I rated E and D according to the same criteria.
I think A and B both have a rough, rugged quality, and I think B is too off for me so I rated B as “poor.” However, I still rated  A  as 'good ' because this specific track reminded me of some cool underground gigs in rougher, less polished venues.","I think C is the most balanced one, and it reminds me of some very good live-session recordings.
I rated E and D according to the same criteria.
I think A and B both have a rough, rugged quality, and I think B is too off for me so I rated B as “poor.” However, I still rated  A  as 'good ' because this specific track reminded me of some cool underground gigs in rougher, less polished venues.",1167747,assets/audio/study-stimuli/main-study/group_02/song_a_in_the_meantime/du_k.wav,0.0539390221238,22.5979270935,0.15773075819,0.0170408543199,-1.1193186569455127,1.7918041562064675,0.9713104079970216,0.4372547184671072
21,P013,1a2336e5-c74e-4367-b901-13a7d89ae43e,five_mix_frontend_v1_2026-08-06,five_mix_netlify_forms_v1,five_mix_frontend_v1_2026-08-06,completed,group_02,group_02,2026-08-12 19:08:44.753,2026-08-12 20:20:45.831,2026-08-12 20:20:46.905,4321.0,6,5,30,6,True,3,P013__trial_01,1,EDR-1,EDR-1,1,in_the_meantime,group_02_song_a_in_the_meantime,1,Song A,C,3,mix_cdaef40f2b94,in_the_meantime_qut_pro,mix_cdaef40f2b94,in_the_meantime_qut_pro,True,100,True,True,2026-08-12T18:40:25.407Z,"I think C is the most balanced one, and it reminds me of some very good live-session recordings.
I rated E and D according to the same criteria.
I think A and B both have a rough, rugged quality, and I think B is too off for me so I rated B as “poor.” However, I still rated  A  as 'good ' because this specific track reminded me of some cool underground gigs in rougher, less polished venues.","I think C is the most balanced one, and it reminds me of some very good live-session recordings.
I rated E and D according to the same criteria.
I think A and B both have a rough, rugged quality, and I think B is too off for me so I rated B as “poor.” However, I still rated  A  as 'good ' because this specific track reminded me of some cool underground gigs in rougher, less polished venues.",1167747,assets/audio/study-stimuli/main-study/group_02/song_a_in_the_meantime/qut_pro.wav,0.0560023784637,14.1143035889,0.212649226189,-0.0385963246226,-0.6756280657690176,-1.4346341192827423,1.8511013279434223,-0.7325346788768815
21,P013,1a2336e5-c74e-4367-b901-13a7d89ae43e,five_mix_frontend_v1_2026-08-06,five_mix_netlify_forms_v1,five_mix_frontend_v1_2026-08-06,completed,group_02,group_02,2026-08-12 19:08:44.753,2026-08-12 20:20:45.831,2026-08-12 20:20:46.905,4321.0,6,5,30,6,True,4,P013__trial_01,1,EDR-1,EDR-1,1,in_the_meantime,group_02_song_a_in_the_meantime,1,Song A,D,4,mix_302f0efe8a80,in_the_meantime_du_h,mix_302f0efe8a80,in_the_meantime_du_h,True,76,True,True,2026-08-12T18:40:31.411Z,"I think C is the most balanced one, and it reminds me of some very good live-session recordings.
I rated E and D according to the same criteria.
I think A and B both have a rough, rugged quality, and I think B is too off for me so I rated B as “poor.” However, I still rated  A  as 'good ' because this specific track reminded me of some cool underground gigs in rougher, less polished venues.","I think C is the most balanced one, and it reminds me of some very good live-session recordings.
I rated E and D according to the same criteria.
I think A and B both have a rough, rugged quality, and I think B is too off for me so I rated B as “poor.” However, I still rated  A  as 'good ' because this specific track reminded me of some cool underground gigs in rougher, less polished venues.",1167747,assets/audio/study-stimuli/main-study/group_02/song_a_in_the_meantime/du_h.wav,0.0623472034931,18.601518631,0.0428314469755,0.0354086197913,0.6887214233465396,0.2719152524959843,-0.8693704120952901,0.8234428342152216
21,P013,1a2336e5-c74e-4367-b901-13a7d89ae43e,five_mix_frontend_v1_2026-08-06,five_mix_netlify_forms_v1,five_mix_frontend_v1_2026-08-06,completed,group_02,group_02,2026-08-12 19:08:44.753,2026-08-12 20:20:45.831,2026-08-12 20:20:46.905,4321.0,6,5,30,6,True,5,P013__trial_01,1,EDR-1,EDR-1,1,in_the_meantime,group_02_song_a_in_the_meantime,1,Song A,E,5,mix_9baa86357fd4,in_the_meantime_du_i,mix_9baa86357fd4,in_the_meantime_du_i,True,82,True,True,2026-08-12T18:40:09.032Z,"I think C is the most balanced one, and it reminds me of some very good live-session recordings.
I rated E and D according to the same criteria.
I think A and B both have a rough, rugged quality, and I think B is too off for me so I rated B as “poor.” However, I still rated  A  as 'good ' because this specific track reminded me of some cool underground gigs in rougher, less polished venues.","I think C is the most balanced one, and it reminds me of some very good live-session recordings.
I rated E and D according to the same criteria.
I think A and B both have a rough, rugged quality, and I think B is too off for me so I rated B as “poor.” However, I still rated  A  as 'good ' because this specific track reminded me of some cool underground gigs in rougher, less polished venues.",1167747,assets/audio/study-stimuli/main-study/group_02/song_a_in_the_meantime/du_i.wav,0.0503131300211,22.9316368103,0.130904406309,-0.0380811542273,-1.8990066727669184,1.9187185345499165,0.5415536857115313,-0.721703057329889
21,P013,1a2336e5-c74e-4367-b901-13a7d89ae43e,five_mix_frontend_v1_2026-08-06,five_mix_netlify_forms_v1,five_mix_frontend_v1_2026-08-06,completed,group_02,group_02,2026-08-12 19:08:44.753,2026-08-12 20:20:45.831,2026-08-12 20:20:46.905,4321.0,6,5,30,6,True,6,P013__trial_02,2,EDR-1,EDR-1,1,pouring_room,group_02_song_b_pouring_room,2,Song B,A,1,mix_0ba76f420c1d,pouring_room_mcg_r,mix_0ba76f420c1d,pouring_room_mcg_r,True,75,True,True,2026-08-12T18:59:21.649Z,I cannot find significant differences between the mixs and they sound equally pleasing to me.,I cannot find significant differences between the mixs and they sound equally pleasing to me.,207482,assets/audio/study-stimuli/main-study/group_02/song_b_pouring_room/mcg_r.wav,0.060190629214,16.5152053833,0.14739459753,-0.0638295859098,0.2249858589620197,-0.521538265731174,0.8057256670690561,-1.2630720295337683
21,P013,1a2336e5-c74e-4367-b901-13a7d89ae43e,five_mix_frontend_v1_2026-08-06,five_mix_netlify_forms_v1,five_mix_frontend_v1_2026-08-06,completed,group_02,group_02,2026-08-12 19:08:44.753,2026-08-12 20:20:45.831,2026-08-12 20:20:46.905,4321.0,6,5,30,6,True,7,P013__trial_02,2,EDR-1,EDR-1,1,pouring_room,group_02_song_b_pouring_room,2,Song B,B,2,mix_e08faaf8bbb3,pouring_room_mcg_v,mix_e08faaf8bbb3,pouring_room_mcg_v,True,75,True,True,2026-08-12T18:59:27.990Z,I cannot find significant differences between the mixs and they sound equally pleasing to me.,I cannot find significant differences between the mixs and they sound equally pleasing to me.,207482,assets/audio/study-stimuli/main-study/group_02/song_b_pouring_room/mcg_v.wav,0.0600788630545,20.8109931946,0.0795278027654,-0.0483895651996,0.2009523983216312,1.112208706920678,-0.2814967551013548,-0.938440679331238
21,P013,1a2336e5-c74e-4367-b901-13a7d89ae43e,five_mix_frontend_v1_2026-08-06,five_mix_netlify_forms_v1,five_mix_frontend_v1_2026-08-06,completed,group_02,group_02,2026-08-12 19:08:44.753,2026-08-12 20:20:45.831,2026-08-12 20:20:46.905,4321.0,6,5,30,6,True,8,P013__trial_02,2,EDR-1,EDR-1,1,pouring_room,group_02_song_b_pouring_room,2,Song B,C,3,mix_be2ccd4c43ff,pouring_room_mcg_t,mix_be2ccd4c43ff,pouring_room_mcg_t,True,75,True,True,2026-08-12T18:59:37.096Z,I cannot find significant differences between the mixs and they sound equally pleasing to me.,I cannot find significant differences between the mixs and they sound equally pleasing to me.,207482,assets/audio/study-stimuli/main-study/group_02/song_b_pouring_room/mcg_t.wav,0.0587656274438,20.841550827,0.217380493879,-0.0455747283995,-0.0814371595061495,1.1238301932737935,1.926895983278192,-0.8792578396079359
21,P013,1a2336e5-c74e-4367-b901-13a7d89ae43e,five_mix_frontend_v1_2026-08-06,five_mix_netlify_forms_v1,five_mix_frontend_v1_2026-08-06,completed,group_02,group_02,2026-08-12 19:08:44.753,2026-08-12 20:20:45.831,2026-08-12 20:20:46.905,4321.0,6,5,30,6,True,9,P013__trial_02,2,EDR-1,EDR-1,1,pouring_room,group_02_song_b_pouring_room,2,Song B,D,4,mix_132e75f34470,pouring_room_mcg_pro1,mix_132e75f34470,pouring_room_mcg_pro1,True,75,True,True,2026-08-12T18:59:48.483Z,I cannot find significant differences between the mixs and they sound equally pleasing to me.,I cannot find significant differences between the mixs and they sound equally pleasing to me.,207482,assets/audio/study-stimuli/main-study/group_02/song_b_pouring_room/mcg_pro1.wav,0.0646217316389,18.2459716797,0.0750391855836,-0.0488145165145,1.177821012274786,0.1366958746221527,-0.3534041622732912,-0.9473754159948484
21,P013,1a2336e5-c74e-4367-b901-13a7d89ae43e,five_mix_frontend_v1_2026-08-06,five_mix_netlify_forms_v1,five_mix_frontend_v1_2026-08-06,completed,group_02,group_02,2026-08-12 19:08:44.753,2026-08-12 20:20:45.831,2026-08-12 20:20:46.905,4321.0,6,5,30,6,True,10,P013__trial_02,2,EDR-1,EDR-1,1,pouring_room,group_02_song_b_pouring_room,2,Song B,E,5,mix_cbf8555ee2b2,pouring_room_mcg_x,mix_cbf8555ee2b2,pouring_room_mcg_x,True,75,True,True,2026-08-12T18:59:41.841Z,I cannot find significant differences between the mixs and they sound equally pleasing to me.,I cannot find significant differences between the mixs and they sound equally pleasing to me.,207482,assets/audio/study-stimuli/main-study/group_02/song_b_pouring_room/mcg_x.wav,0.0612343810499,19.9389343262,0.147577553988,-0.0265915170312,0.4494273963527286,0.780552768870155,0.8086566197405122,-0.4801297779726206
21,P013,1a2336e5-c74e-4367-b901-13a7d89ae43e,five_mix_frontend_v1_2026-08-06,five_mix_netlify_forms_v1,five_mix_frontend_v1_2026-08-06,completed,group_02,group_02,2026-08-12 19:08:44.753,2026-08-12 20:20:45.831,2026-08-12 20:20:46.905,4321.0,6,5,30,6,True,11,P013__trial_03,3,FM-1,FM-1,2,pouring_room,group_02_song_b_pouring_room,1,Song B,A,1,mix_e08faaf8bbb3,pouring_room_mcg_v,mix_e08faaf8bbb3,pouring_room_mcg_v,True,76,True,True,2026-08-12T19:02:48.780Z,I cannot find a single differentiating factor between the mixes that would bother me if I was listening to these tracks at work.,I cannot find a single differentiating factor between the mixes that would bother me if I was listening to these tracks at work.,116913,assets/audio/study-stimuli/main-study/group_02/song_b_pouring_room/mcg_v.wav,0.0600788630545,20.8109931946,0.0795278027654,-0.0483895651996,0.2009523983216312,1.112208706920678,-0.2814967551013548,-0.938440679331238
21,P013,1a2336e5-c74e-4367-b901-13a7d89ae43e,five_mix_frontend_v1_2026-08-06,five_mix_netlify_forms_v1,five_mix_frontend_v1_2026-08-06,completed,group_02,group_02,2026-08-12 19:08:44.753,2026-08-12 20:20:45.831,2026-08-12 20:20:46.905,4321.0,6,5,30,6,True,12,P013__trial_03,3,FM-1,FM-1,2,pouring_room,group_02_song_b_pouring_room,1,Song B,B,2,mix_be2ccd4c43ff,pouring_room_mcg_t,mix_be2ccd4c43ff,pouring_room_mcg_t,True,76,True,True,2026-08-12T19:03:00.555Z,I cannot find a single differentiating factor between the mixes that would bother me if I was listening to these tracks at work.,I cannot find a single differentiating factor between the mixes that would bother me if I was listening to these tracks at work.,116913,assets/audio/study-stimuli/main-study/group_02/song_b_pouring_room/mcg_t.wav,0.0587656274438,20.841550827,0.217380493879,-0.0455747283995,-0.0814371595061495,1.1238301932737935,1.926895983278192,-0.8792578396079359
21,P013,1a2336e5-c74e-4367-b901-13a7d89ae43e,five_mix_frontend_v1_2026-08-06,five_mix_netlify_forms_v1,five_mix_frontend_v1_2026-08-06,completed,group_02,group_02,2026-08-12 19:08:44.753,2026-08-12 20:20:45.831,2026-08-12 20:20:46.905,4321.0,6,5,30,6,True,13,P013__trial_03,3,FM-1,FM-1,2,pouring_room,group_02_song_b_pouring_room,1,Song B,C,3,mix_132e75f34470,pouring_room_mcg_pro1,mix_132e75f34470,pouring_room_mcg_pro1,True,76,True,True,2026-08-12T19:03:07.103Z,I cannot find a single differentiating factor between the mixes that would bother me if I was listening to these tracks at work.,I cannot find a single differentiating factor between the mixes that would bother me if I was listening to these tracks at work.,116913,assets/audio/study-stimuli/main-study/group_02/song_b_pouring_room/mcg_pro1.wav,0.0646217316389,18.2459716797,0.0750391855836,-0.0488145165145,1.177821012274786,0.1366958746221527,-0.3534041622732912,-0.9473754159948484
21,P013,1a2336e5-c74e-4367-b901-13a7d89ae43e,five_mix_frontend_v1_2026-08-06,five_mix_netlify_forms_v1,five_mix_frontend_v1_2026-08-06,completed,group_02,group_02,2026-08-12 19:08:44.753,2026-08-12 20:20:45.831,2026-08-12 20:20:46.905,4321.0,6,5,30,6,True,14,P013__trial_03,3,FM-1,FM-1,2,pouring_room,group_02_song_b_pouring_room,1,Song B,D,4,mix_cbf8555ee2b2,pouring_room_mcg_x,mix_cbf8555ee2b2,pouring_room_mcg_x,True,76,True,True,2026-08-12T19:03:09.349Z,I cannot find a single differentiating factor between the mixes that would bother me if I was listening to these tracks at work.,I cannot find a single differentiating factor between the mixes that would bother me if I was listening to these tracks at work.,116913,assets/audio/study-stimuli/main-study/group_02/song_b_pouring_room/mcg_x.wav,0.0612343810499,19.9389343262,0.147577553988,-0.0265915170312,0.4494273963527286,0.780552768870155,0.8086566197405122,-0.4801297779726206
21,P013,1a2336e5-c74e-4367-b901-13a7d89ae43e,five_mix_frontend_v1_2026-08-06,five_mix_netlify_forms_v1,five_mix_frontend_v1_2026-08-06,completed,group_02,group_02,2026-08-12 19:08:44.753,2026-08-12 20:20:45.831,2026-08-12 20:20:46.905,4321.0,6,5,30,6,True,15,P013__trial_03,3,FM-1,FM-1,2,pouring_room,group_02_song_b_pouring_room,1,Song B,E,5,mix_0ba76f420c1d,pouring_room_mcg_r,mix_0ba76f420c1d,pouring_room_mcg_r,True,76,True,True,2026-08-12T19:03:10.900Z,I cannot find a single differentiating factor between the mixes that would bother me if I was listening to these tracks at work.,I cannot find a single differentiating factor between the mixes that would bother me if I was listening to these tracks at work.,116913,assets/audio/study-stimuli/main-study/group_02/song_b_pouring_room/mcg_r.wav,0.060190629214,16.5152053833,0.14739459753,-0.0638295859098,0.2249858589620197,-0.521538265731174,0.8057256670690561,-1.2630720295337683
21,P013,1a2336e5-c74e-4367-b901-13a7d89ae43e,five_mix_frontend_v1_2026-08-06,five_mix_netlify_forms_v1,five_mix_frontend_v1_2026-08-06,completed,group_02,group_02,2026-08-12 19:08:44.753,2026-08-12 20:20:45.831,2026-08-12 20:20:46.905,4321.0,6,5,30,6,True,16,P013__trial_04,4,FM-1,FM-1,2,in_the_meantime,group_02_song_a_in_the_meantime,2,Song A,A,1,mix_56e65a3ce054,in_the_meantime_du_k,mix_56e65a3ce054,in_the_meantime_du_k,True,37,True,True,2026-08-12T19:04:48.586Z,"I will be annoyed by the mix quality of A  at work and switch to other tracks, while the rest sound equally good to me in the mentioned scenario ,I would  not even noticed the nuanced differences at work.","I will be annoyed by the mix quality of A  at work and switch to other tracks, while the rest sound equally good to me in the mentioned scenario ,I would  not even noticed the nuanced differences at work.",146225,assets/audio/study-stimuli/main-study/group_02/song_a_in_the_meantime/du_k.wav,0.0539390221238,22.5979270935,0.15773075819,0.0170408543199,-1.1193186569455127,1.7918041562064675,0.9713104079970216,0.4372547184671072
21,P013,1a2336e5-c74e-4367-b901-13a7d89ae43e,five_mix_frontend_v1_2026-08-06,five_mix_netlify_forms_v1,five_mix_frontend_v1_2026-08-06,completed,group_02,group_02,2026-08-12 19:08:44.753,2026-08-12 20:20:45.831,2026-08-12 20:20:46.905,4321.0,6,5,30,6,True,17,P013__trial_04,4,FM-1,FM-1,2,in_the_meantime,group_02_song_a_in_the_meantime,2,Song A,B,2,mix_302f0efe8a80,in_the_meantime_du_h,mix_302f0efe8a80,in_the_meantime_du_h,True,76,True,True,2026-08-12T19:04:53.624Z,"I will be annoyed by the mix quality of A  at work and switch to other tracks, while the rest sound equally good to me in the mentioned scenario ,I would  not even noticed the nuanced differences at work.","I will be annoyed by the mix quality of A  at work and switch to other tracks, while the rest sound equally good to me in the mentioned scenario ,I would  not even noticed the nuanced differences at work.",146225,assets/audio/study-stimuli/main-study/group_02/song_a_in_the_meantime/du_h.wav,0.0623472034931,18.601518631,0.0428314469755,0.0354086197913,0.6887214233465396,0.2719152524959843,-0.8693704120952901,0.8234428342152216
21,P013,1a2336e5-c74e-4367-b901-13a7d89ae43e,five_mix_frontend_v1_2026-08-06,five_mix_netlify_forms_v1,five_mix_frontend_v1_2026-08-06,completed,group_02,group_02,2026-08-12 19:08:44.753,2026-08-12 20:20:45.831,2026-08-12 20:20:46.905,4321.0,6,5,30,6,True,18,P013__trial_04,4,FM-1,FM-1,2,in_the_meantime,group_02_song_a_in_the_meantime,2,Song A,C,3,mix_9baa86357fd4,in_the_meantime_du_i,mix_9baa86357fd4,in_the_meantime_du_i,True,76,True,True,2026-08-12T19:04:59.777Z,"I will be annoyed by the mix quality of A  at work and switch to other tracks, while the rest sound equally good to me in the mentioned scenario ,I would  not even noticed the nuanced differences at work.","I will be annoyed by the mix quality of A  at work and switch to other tracks, while the rest sound equally good to me in the mentioned scenario ,I would  not even noticed the nuanced differences at work.",146225,assets/audio/study-stimuli/main-study/group_02/song_a_in_the_meantime/du_i.wav,0.0503131300211,22.9316368103,0.130904406309,-0.0380811542273,-1.8990066727669184,1.9187185345499165,0.5415536857115313,-0.721703057329889
21,P013,1a2336e5-c74e-4367-b901-13a7d89ae43e,five_mix_frontend_v1_2026-08-06,five_mix_netlify_forms_v1,five_mix_frontend_v1_2026-08-06,completed,group_02,group_02,2026-08-12 19:08:44.753,2026-08-12 20:20:45.831,2026-08-12 20:20:46.905,4321.0,6,5,30,6,True,19,P013__trial_04,4,FM-1,FM-1,2,in_the_meantime,group_02_song_a_in_the_meantime,2,Song A,D,4,mix_cdaef40f2b94,in_the_meantime_qut_pro,mix_cdaef40f2b94,in_the_meantime_qut_pro,True,76,True,True,2026-08-12T19:05:02.294Z,"I will be annoyed by the mix quality of A  at work and switch to other tracks, while the rest sound equally good to me in the mentioned scenario ,I would  not even noticed the nuanced differences at work.","I will be annoyed by the mix quality of A  at work and switch to other tracks, while the rest sound equally good to me in the mentioned scenario ,I would  not even noticed the nuanced differences at work.",146225,assets/audio/study-stimuli/main-study/group_02/song_a_in_the_meantime/qut_pro.wav,0.0560023784637,14.1143035889,0.212649226189,-0.0385963246226,-0.6756280657690176,-1.4346341192827423,1.8511013279434223,-0.7325346788768815
21,P013,1a2336e5-c74e-4367-b901-13a7d89ae43e,five_mix_frontend_v1_2026-08-06,five_mix_netlify_forms_v1,five_mix_frontend_v1_2026-08-06,completed,group_02,group_02,2026-08-12 19:08:44.753,2026-08-12 20:20:45.831,2026-08-12 20:20:46.905,4321.0,6,5,30,6,True,20,P013__trial_04,4,FM-1,FM-1,2,in_the_meantime,group_02_song_a_in_the_meantime,2,Song A,E,5,mix_c7bdcba64775,in_the_meantime_qut_b,mix_c7bdcba64775,in_the_meantime_qut_b,True,76,True,True,2026-08-12T19:05:29.684Z,"I will be annoyed by the mix quality of A  at work and switch to other tracks, while the rest sound equally good to me in the mentioned scenario ,I would  not even noticed the nuanced differences at work.","I will be annoyed by the mix quality of A  at work and switch to other tracks, while the rest sound equally good to me in the mentioned scenario ,I would  not even noticed the nuanced differences at work.",146225,assets/audio/study-stimuli/main-study/group_02/song_a_in_the_meantime/qut_b.wav,0.0560294315219,17.366355896,0.000543582602404,0.000562923552934,-0.6698107538710293,-0.1978340618743536,-1.5468197375217057,0.0908009789400507
21,P013,1a2336e5-c74e-4367-b901-13a7d89ae43e,five_mix_frontend_v1_2026-08-06,five_mix_netlify_forms_v1,five_mix_frontend_v1_2026-08-06,completed,group_02,group_02,2026-08-12 19:08:44.753,2026-08-12 20:20:45.831,2026-08-12 20:20:46.905,4321.0,6,5,30,6,True,21,P013__trial_05,5,EDR-2,EDR-2,3,pouring_room,group_02_song_b_pouring_room,1,Song B,A,1,mix_e08faaf8bbb3,pouring_room_mcg_v,mix_e08faaf8bbb3,pouring_room_mcg_v,True,76,True,True,2026-08-12T19:07:23.200Z,They are equally pleasing and soothing to me when I need rest.,They are equally pleasing and soothing to me when I need rest.,59640,assets/audio/study-stimuli/main-study/group_02/song_b_pouring_room/mcg_v.wav,0.0600788630545,20.8109931946,0.0795278027654,-0.0483895651996,0.2009523983216312,1.112208706920678,-0.2814967551013548,-0.938440679331238
21,P013,1a2336e5-c74e-4367-b901-13a7d89ae43e,five_mix_frontend_v1_2026-08-06,five_mix_netlify_forms_v1,five_mix_frontend_v1_2026-08-06,completed,group_02,group_02,2026-08-12 19:08:44.753,2026-08-12 20:20:45.831,2026-08-12 20:20:46.905,4321.0,6,5,30,6,True,22,P013__trial_05,5,EDR-2,EDR-2,3,pouring_room,group_02_song_b_pouring_room,1,Song B,B,2,mix_132e75f34470,pouring_room_mcg_pro1,mix_132e75f34470,pouring_room_mcg_pro1,True,76,True,True,2026-08-12T19:07:13.656Z,They are equally pleasing and soothing to me when I need rest.,They are equally pleasing and soothing to me when I need rest.,59640,assets/audio/study-stimuli/main-study/group_02/song_b_pouring_room/mcg_pro1.wav,0.0646217316389,18.2459716797,0.0750391855836,-0.0488145165145,1.177821012274786,0.1366958746221527,-0.3534041622732912,-0.9473754159948484
21,P013,1a2336e5-c74e-4367-b901-13a7d89ae43e,five_mix_frontend_v1_2026-08-06,five_mix_netlify_forms_v1,five_mix_frontend_v1_2026-08-06,completed,group_02,group_02,2026-08-12 19:08:44.753,2026-08-12 20:20:45.831,2026-08-12 20:20:46.905,4321.0,6,5,30,6,True,23,P013__trial_05,5,EDR-2,EDR-2,3,pouring_room,group_02_song_b_pouring_room,1,Song B,C,3,mix_0ba76f420c1d,pouring_room_mcg_r,mix_0ba76f420c1d,pouring_room_mcg_r,True,76,True,True,2026-08-12T19:07:21.118Z,They are equally pleasing and soothing to me when I need rest.,They are equally pleasing and soothing to me when I need rest.,59640,assets/audio/study-stimuli/main-study/group_02/song_b_pouring_room/mcg_r.wav,0.060190629214,16.5152053833,0.14739459753,-0.0638295859098,0.2249858589620197,-0.521538265731174,0.8057256670690561,-1.2630720295337683
21,P013,1a2336e5-c74e-4367-b901-13a7d89ae43e,five_mix_frontend_v1_2026-08-06,five_mix_netlify_forms_v1,five_mix_frontend_v1_2026-08-06,completed,group_02,group_02,2026-08-12 19:08:44.753,2026-08-12 20:20:45.831,2026-08-12 20:20:46.905,4321.0,6,5,30,6,True,24,P013__trial_05,5,EDR-2,EDR-2,3,pouring_room,group_02_song_b_pouring_room,1,Song B,D,4,mix_be2ccd4c43ff,pouring_room_mcg_t,mix_be2ccd4c43ff,pouring_room_mcg_t,True,76,True,True,2026-08-12T19:07:18.910Z,They are equally pleasing and soothing to me when I need rest.,They are equally pleasing and soothing to me when I need rest.,59640,assets/audio/study-stimuli/main-study/group_02/song_b_pouring_room/mcg_t.wav,0.0587656274438,20.841550827,0.217380493879,-0.0455747283995,-0.0814371595061495,1.1238301932737935,1.926895983278192,-0.8792578396079359
21,P013,1a2336e5-c74e-4367-b901-13a7d89ae43e,five_mix_frontend_v1_2026-08-06,five_mix_netlify_forms_v1,five_mix_frontend_v1_2026-08-06,completed,group_02,group_02,2026-08-12 19:08:44.753,2026-08-12 20:20:45.831,2026-08-12 20:20:46.905,4321.0,6,5,30,6,True,25,P013__trial_05,5,EDR-2,EDR-2,3,pouring_room,group_02_song_b_pouring_room,1,Song B,E,5,mix_cbf8555ee2b2,pouring_room_mcg_x,mix_cbf8555ee2b2,pouring_room_mcg_x,True,76,True,True,2026-08-12T19:07:16.124Z,They are equally pleasing and soothing to me when I need rest.,They are equally pleasing and soothing to me when I need rest.,59640,assets/audio/study-stimuli/main-study/group_02/song_b_pouring_room/mcg_x.wav,0.0612343810499,19.9389343262,0.147577553988,-0.0265915170312,0.4494273963527286,0.780552768870155,0.8086566197405122,-0.4801297779726206
21,P013,1a2336e5-c74e-4367-b901-13a7d89ae43e,five_mix_frontend_v1_2026-08-06,five_mix_netlify_forms_v1,five_mix_frontend_v1_2026-08-06,completed,group_02,group_02,2026-08-12 19:08:44.753,2026-08-12 20:20:45.831,2026-08-12 20:20:46.905,4321.0,6,5,30,6,True,26,P013__trial_06,6,EDR-2,EDR-2,3,in_the_meantime,group_02_song_a_in_the_meantime,2,Song A,A,1,mix_9baa86357fd4,in_the_meantime_du_i,mix_9baa86357fd4,in_the_meantime_du_i,True,95,True,True,2026-08-12T19:08:12.239Z,"A and D : with brighter vocals ,I think I will get more hyped with these tracks when I am about to enjoy my day-off.
B and E :fair enough.
C will make me wonder if I break my headphone because I think the guitar and the bass sounds are distorted too much.","A and D : with brighter vocals ,I think I will get more hyped with these tracks when I am about to enjoy my day-off.
B and E :fair enough.
C will make me wonder if I break my headphone because I think the guitar and the bass sounds are distorted too much.",238871,assets/audio/study-stimuli/main-study/group_02/song_a_in_the_meantime/du_i.wav,0.0503131300211,22.9316368103,0.130904406309,-0.0380811542273,-1.8990066727669184,1.9187185345499165,0.5415536857115313,-0.721703057329889
21,P013,1a2336e5-c74e-4367-b901-13a7d89ae43e,five_mix_frontend_v1_2026-08-06,five_mix_netlify_forms_v1,five_mix_frontend_v1_2026-08-06,completed,group_02,group_02,2026-08-12 19:08:44.753,2026-08-12 20:20:45.831,2026-08-12 20:20:46.905,4321.0,6,5,30,6,True,27,P013__trial_06,6,EDR-2,EDR-2,3,in_the_meantime,group_02_song_a_in_the_meantime,2,Song A,B,2,mix_c7bdcba64775,in_the_meantime_qut_b,mix_c7bdcba64775,in_the_meantime_qut_b,True,73,True,True,2026-08-12T19:08:14.314Z,"A and D : with brighter vocals ,I think I will get more hyped with these tracks when I am about to enjoy my day-off.
B and E :fair enough.
C will make me wonder if I break my headphone because I think the guitar and the bass sounds are distorted too much.","A and D : with brighter vocals ,I think I will get more hyped with these tracks when I am about to enjoy my day-off.
B and E :fair enough.
C will make me wonder if I break my headphone because I think the guitar and the bass sounds are distorted too much.",238871,assets/audio/study-stimuli/main-study/group_02/song_a_in_the_meantime/qut_b.wav,0.0560294315219,17.366355896,0.000543582602404,0.000562923552934,-0.6698107538710293,-0.1978340618743536,-1.5468197375217057,0.0908009789400507
21,P013,1a2336e5-c74e-4367-b901-13a7d89ae43e,five_mix_frontend_v1_2026-08-06,five_mix_netlify_forms_v1,five_mix_frontend_v1_2026-08-06,completed,group_02,group_02,2026-08-12 19:08:44.753,2026-08-12 20:20:45.831,2026-08-12 20:20:46.905,4321.0,6,5,30,6,True,28,P013__trial_06,6,EDR-2,EDR-2,3,in_the_meantime,group_02_song_a_in_the_meantime,2,Song A,C,3,mix_56e65a3ce054,in_the_meantime_du_k,mix_56e65a3ce054,in_the_meantime_du_k,True,37,True,True,2026-08-12T19:08:21.222Z,"A and D : with brighter vocals ,I think I will get more hyped with these tracks when I am about to enjoy my day-off.
B and E :fair enough.
C will make me wonder if I break my headphone because I think the guitar and the bass sounds are distorted too much.","A and D : with brighter vocals ,I think I will get more hyped with these tracks when I am about to enjoy my day-off.
B and E :fair enough.
C will make me wonder if I break my headphone because I think the guitar and the bass sounds are distorted too much.",238871,assets/audio/study-stimuli/main-study/group_02/song_a_in_the_meantime/du_k.wav,0.0539390221238,22.5979270935,0.15773075819,0.0170408543199,-1.1193186569455127,1.7918041562064675,0.9713104079970216,0.4372547184671072
21,P013,1a2336e5-c74e-4367-b901-13a7d89ae43e,five_mix_frontend_v1_2026-08-06,five_mix_netlify_forms_v1,five_mix_frontend_v1_2026-08-06,completed,group_02,group_02,2026-08-12 19:08:44.753,2026-08-12 20:20:45.831,2026-08-12 20:20:46.905,4321.0,6,5,30,6,True,29,P013__trial_06,6,EDR-2,EDR-2,3,in_the_meantime,group_02_song_a_in_the_meantime,2,Song A,D,4,mix_cdaef40f2b94,in_the_meantime_qut_pro,mix_cdaef40f2b94,in_the_meantime_qut_pro,True,100,True,True,2026-08-12T19:08:25.912Z,"A and D : with brighter vocals ,I think I will get more hyped with these tracks when I am about to enjoy my day-off.
B and E :fair enough.
C will make me wonder if I break my headphone because I think the guitar and the bass sounds are distorted too much.","A and D : with brighter vocals ,I think I will get more hyped with these tracks when I am about to enjoy my day-off.
B and E :fair enough.
C will make me wonder if I break my headphone because I think the guitar and the bass sounds are distorted too much.",238871,assets/audio/study-stimuli/main-study/group_02/song_a_in_the_meantime/qut_pro.wav,0.0560023784637,14.1143035889,0.212649226189,-0.0385963246226,-0.6756280657690176,-1.4346341192827423,1.8511013279434223,-0.7325346788768815
21,P013,1a2336e5-c74e-4367-b901-13a7d89ae43e,five_mix_frontend_v1_2026-08-06,five_mix_netlify_forms_v1,five_mix_frontend_v1_2026-08-06,completed,group_02,group_02,2026-08-12 19:08:44.753,2026-08-12 20:20:45.831,2026-08-12 20:20:46.905,4321.0,6,5,30,6,True,30,P013__trial_06,6,EDR-2,EDR-2,3,in_the_meantime,group_02_song_a_in_the_meantime,2,Song A,E,5,mix_302f0efe8a80,in_the_meantime_du_h,mix_302f0efe8a80,in_the_meantime_du_h,True,79,True,True,2026-08-12T19:08:30.405Z,"A and D : with brighter vocals ,I think I will get more hyped with these tracks when I am about to enjoy my day-off.
B and E :fair enough.
C will make me wonder if I break my headphone because I think the guitar and the bass sounds are distorted too much.","A and D : with brighter vocals ,I think I will get more hyped with these tracks when I am about to enjoy my day-off.
B and E :fair enough.
C will make me wonder if I break my headphone because I think the guitar and the bass sounds are distorted too much.",238871,assets/audio/study-stimuli/main-study/group_02/song_a_in_the_meantime/du_h.wav,0.0623472034931,18.601518631,0.0428314469755,0.0354086197913,0.6887214233465396,0.2719152524959843,-0.8693704120952901,0.8234428342152216
22,P012,70c4cd6d-33c4-4338-b661-762d054cc542,five_mix_frontend_v1_2026-08-06,five_mix_netlify_forms_v1,five_mix_frontend_v1_2026-08-06,completed,group_01,group_01,2026-08-12 14:35:12.430,2026-08-12 14:48:51.959,2026-08-12 14:48:51.649,820.0,6,5,30,6,True,1,P012__trial_01,1,EDR-1,EDR-1,1,lead_me,group_01_song_a_lead_me,1,Song A,A,1,mix_f1f7973e5bac,lead_me_du_d,mix_f1f7973e5bac,lead_me_du_d,True,72,True,True,2026-08-12T13:41:55.855Z,Some are better than others,Some are better than others,117938,assets/audio/study-stimuli/main-study/group_01/song_a_lead_me/du_d.wav,0.0625870004296,13.8143320084,0.117576912045,-0.0521329641342,0.7402857811167308,-1.548717422055362,0.3280479404435016,-1.017146833506479
22,P012,70c4cd6d-33c4-4338-b661-762d054cc542,five_mix_frontend_v1_2026-08-06,five_mix_netlify_forms_v1,five_mix_frontend_v1_2026-08-06,completed,group_01,group_01,2026-08-12 14:35:12.430,2026-08-12 14:48:51.959,2026-08-12 14:48:51.649,820.0,6,5,30,6,True,2,P012__trial_01,1,EDR-1,EDR-1,1,lead_me,group_01_song_a_lead_me,1,Song A,B,2,mix_271852ba8676,lead_me_du_e,mix_271852ba8676,lead_me_du_e,True,63,True,True,2026-08-12T13:42:04.433Z,Some are better than others,Some are better than others,117938,assets/audio/study-stimuli/main-study/group_01/song_a_lead_me/du_e.wav,0.0543773770332,19.2538223267,0.0430038608611,0.0436125770211,-1.0250576971995913,0.5199952869185839,-0.8666083508697964,0.9959336464039888
22,P012,70c4cd6d-33c4-4338-b661-762d054cc542,five_mix_frontend_v1_2026-08-06,five_mix_netlify_forms_v1,five_mix_frontend_v1_2026-08-06,completed,group_01,group_01,2026-08-12 14:35:12.430,2026-08-12 14:48:51.959,2026-08-12 14:48:51.649,820.0,6,5,30,6,True,3,P012__trial_01,1,EDR-1,EDR-1,1,lead_me,group_01_song_a_lead_me,1,Song A,C,3,mix_c7d9a071ba25,lead_me_pxl_l4,mix_c7d9a071ba25,lead_me_pxl_l4,True,0,True,True,2026-08-12T13:42:15.589Z,Some are better than others,Some are better than others,117938,assets/audio/study-stimuli/main-study/group_01/song_a_lead_me/pxl_l4.wav,0.0588876381516,15.6746520996,0.149041607976,0.109930999577,-0.0552007785055364,-0.8412121981784734,0.8321106863211235,2.390299590706203
22,P012,70c4cd6d-33c4-4338-b661-762d054cc542,five_mix_frontend_v1_2026-08-06,five_mix_netlify_forms_v1,five_mix_frontend_v1_2026-08-06,completed,group_01,group_01,2026-08-12 14:35:12.430,2026-08-12 14:48:51.959,2026-08-12 14:48:51.649,820.0,6,5,30,6,True,4,P012__trial_01,1,EDR-1,EDR-1,1,lead_me,group_01_song_a_lead_me,1,Song A,D,4,mix_d5b28dfc8a93,lead_me_pxl_l1,mix_d5b28dfc8a93,lead_me_pxl_l1,True,100,True,True,2026-08-12T13:42:42.585Z,Some are better than others,Some are better than others,117938,assets/audio/study-stimuli/main-study/group_01/song_a_lead_me/pxl_l1.wav,0.0591329820454,16.9195213318,0.0170932952315,-0.0129087874666,-0.0024436394808062,-0.3677713699084406,-1.2816942263900757,-0.1924460334762285
22,P012,70c4cd6d-33c4-4338-b661-762d054cc542,five_mix_frontend_v1_2026-08-06,five_mix_netlify_forms_v1,five_mix_frontend_v1_2026-08-06,completed,group_01,group_01,2026-08-12 14:35:12.430,2026-08-12 14:48:51.959,2026-08-12 14:48:51.649,820.0,6,5,30,6,True,5,P012__trial_01,1,EDR-1,EDR-1,1,lead_me,group_01_song_a_lead_me,1,Song A,E,5,mix_d3e3580b6e30,lead_me_mcg_pro2,mix_d3e3580b6e30,lead_me_mcg_pro2,True,12,True,True,2026-08-12T13:42:53.235Z,Some are better than others,Some are better than others,117938,assets/audio/study-stimuli/main-study/group_01/song_a_lead_me/mcg_pro2.wav,0.0730051249266,20.1463222504,0.0392760001123,-0.00143597240094,2.9805308263561203,0.8594252384169624,-0.9263284806752846,0.048773555233824
22,P012,70c4cd6d-33c4-4338-b661-762d054cc542,five_mix_frontend_v1_2026-08-06,five_mix_netlify_forms_v1,five_mix_frontend_v1_2026-08-06,completed,group_01,group_01,2026-08-12 14:35:12.430,2026-08-12 14:48:51.959,2026-08-12 14:48:51.649,820.0,6,5,30,6,True,6,P012__trial_02,2,EDR-1,EDR-1,1,id_like_to_know,group_01_song_b_id_like_to_know,2,Song B,A,1,mix_65f41f41d3ab,id_like_to_know_pxl_s3,mix_65f41f41d3ab,id_like_to_know_pxl_s3,True,0,True,True,2026-08-12T13:43:43.418Z,hate them all,hate them all,47319,assets/audio/study-stimuli/main-study/group_01/song_b_id_like_to_know/pxl_s3.wav,0.0606486909091,15.0860643387,0.0243665315211,-0.00842856336385,0.3234844364321996,-1.065060189455143,-1.1651773700507613,-0.0982478955990668
22,P012,70c4cd6d-33c4-4338-b661-762d054cc542,five_mix_frontend_v1_2026-08-06,five_mix_netlify_forms_v1,five_mix_frontend_v1_2026-08-06,completed,group_01,group_01,2026-08-12 14:35:12.430,2026-08-12 14:48:51.959,2026-08-12 14:48:51.649,820.0,6,5,30,6,True,7,P012__trial_02,2,EDR-1,EDR-1,1,id_like_to_know,group_01_song_b_id_like_to_know,2,Song B,B,2,mix_6f8b655d7999,id_like_to_know_pxl_s2,mix_6f8b655d7999,id_like_to_know_pxl_s2,True,1,True,True,2026-08-12T13:43:47.637Z,hate them all,hate them all,47319,assets/audio/study-stimuli/main-study/group_01/song_b_id_like_to_know/pxl_s2.wav,0.0616230294108,14.7642059326,0.049424380064,0.0224525164813,0.5329997864789321,-1.1874673519330532,-0.7637519766505488,0.5510366380169074
22,P012,70c4cd6d-33c4-4338-b661-762d054cc542,five_mix_frontend_v1_2026-08-06,five_mix_netlify_forms_v1,five_mix_frontend_v1_2026-08-06,completed,group_01,group_01,2026-08-12 14:35:12.430,2026-08-12 14:48:51.959,2026-08-12 14:48:51.649,820.0,6,5,30,6,True,8,P012__trial_02,2,EDR-1,EDR-1,1,id_like_to_know,group_01_song_b_id_like_to_know,2,Song B,C,3,mix_82d60d7c7fc5,id_like_to_know_pxl_s5,mix_82d60d7c7fc5,id_like_to_know_pxl_s5,True,2,True,True,2026-08-12T13:43:54.293Z,hate them all,hate them all,47319,assets/audio/study-stimuli/main-study/group_01/song_b_id_like_to_know/pxl_s5.wav,0.0574779175222,17.4848575592,0.146866813302,0.0736307501793,-0.3583378408524605,-0.1527662554529231,0.7972705919658362,1.6270752922517937
22,P012,70c4cd6d-33c4-4338-b661-762d054cc542,five_mix_frontend_v1_2026-08-06,five_mix_netlify_forms_v1,five_mix_frontend_v1_2026-08-06,completed,group_01,group_01,2026-08-12 14:35:12.430,2026-08-12 14:48:51.959,2026-08-12 14:48:51.649,820.0,6,5,30,6,True,9,P012__trial_02,2,EDR-1,EDR-1,1,id_like_to_know,group_01_song_b_id_like_to_know,2,Song B,D,4,mix_9ffcd672af17,id_like_to_know_pxl_s1,mix_9ffcd672af17,id_like_to_know_pxl_s1,True,6,True,True,2026-08-12T13:44:02.398Z,hate them all,hate them all,47319,assets/audio/study-stimuli/main-study/group_01/song_b_id_like_to_know/pxl_s1.wav,0.0565126091242,16.3633155823,0.0668171644211,0.0607972890139,-0.5659114167269081,-0.579304038497624,-0.4851205015292653,1.357247686182373
22,P012,70c4cd6d-33c4-4338-b661-762d054cc542,five_mix_frontend_v1_2026-08-06,five_mix_netlify_forms_v1,five_mix_frontend_v1_2026-08-06,completed,group_01,group_01,2026-08-12 14:35:12.430,2026-08-12 14:48:51.959,2026-08-12 14:48:51.649,820.0,6,5,30,6,True,10,P012__trial_02,2,EDR-1,EDR-1,1,id_like_to_know,group_01_song_b_id_like_to_know,2,Song B,E,5,mix_b393d3919c78,id_like_to_know_pxl_s7,mix_b393d3919c78,id_like_to_know_pxl_s7,True,0,True,True,2026-08-12T13:44:04.431Z,hate them all,hate them all,47319,assets/audio/study-stimuli/main-study/group_01/song_b_id_like_to_know/pxl_s7.wav,0.0551121532917,16.2593574524,0.0769432634115,-0.0537673681974,-0.867056238017743,-0.6188407399054331,-0.3229009373128245,-1.0515106991885117
22,P012,70c4cd6d-33c4-4338-b661-762d054cc542,five_mix_frontend_v1_2026-08-06,five_mix_netlify_forms_v1,five_mix_frontend_v1_2026-08-06,completed,group_01,group_01,2026-08-12 14:35:12.430,2026-08-12 14:48:51.959,2026-08-12 14:48:51.649,820.0,6,5,30,6,True,11,P012__trial_03,3,EDR-2,EDR-2,2,lead_me,group_01_song_a_lead_me,1,Song A,A,1,mix_f1f7973e5bac,lead_me_du_d,mix_f1f7973e5bac,lead_me_du_d,True,0,True,True,2026-08-12T13:44:37.068Z,yucky,yucky,40947,assets/audio/study-stimuli/main-study/group_01/song_a_lead_me/du_d.wav,0.0625870004296,13.8143320084,0.117576912045,-0.0521329641342,0.7402857811167308,-1.548717422055362,0.3280479404435016,-1.017146833506479
22,P012,70c4cd6d-33c4-4338-b661-762d054cc542,five_mix_frontend_v1_2026-08-06,five_mix_netlify_forms_v1,five_mix_frontend_v1_2026-08-06,completed,group_01,group_01,2026-08-12 14:35:12.430,2026-08-12 14:48:51.959,2026-08-12 14:48:51.649,820.0,6,5,30,6,True,12,P012__trial_03,3,EDR-2,EDR-2,2,lead_me,group_01_song_a_lead_me,1,Song A,B,2,mix_d3e3580b6e30,lead_me_mcg_pro2,mix_d3e3580b6e30,lead_me_mcg_pro2,True,4,True,True,2026-08-12T13:44:40.746Z,yucky,yucky,40947,assets/audio/study-stimuli/main-study/group_01/song_a_lead_me/mcg_pro2.wav,0.0730051249266,20.1463222504,0.0392760001123,-0.00143597240094,2.9805308263561203,0.8594252384169624,-0.9263284806752846,0.048773555233824
22,P012,70c4cd6d-33c4-4338-b661-762d054cc542,five_mix_frontend_v1_2026-08-06,five_mix_netlify_forms_v1,five_mix_frontend_v1_2026-08-06,completed,group_01,group_01,2026-08-12 14:35:12.430,2026-08-12 14:48:51.959,2026-08-12 14:48:51.649,820.0,6,5,30,6,True,13,P012__trial_03,3,EDR-2,EDR-2,2,lead_me,group_01_song_a_lead_me,1,Song A,C,3,mix_d5b28dfc8a93,lead_me_pxl_l1,mix_d5b28dfc8a93,lead_me_pxl_l1,True,3,True,True,2026-08-12T13:44:44.980Z,yucky,yucky,40947,assets/audio/study-stimuli/main-study/group_01/song_a_lead_me/pxl_l1.wav,0.0591329820454,16.9195213318,0.0170932952315,-0.0129087874666,-0.0024436394808062,-0.3677713699084406,-1.2816942263900757,-0.1924460334762285
22,P012,70c4cd6d-33c4-4338-b661-762d054cc542,five_mix_frontend_v1_2026-08-06,five_mix_netlify_forms_v1,five_mix_frontend_v1_2026-08-06,completed,group_01,group_01,2026-08-12 14:35:12.430,2026-08-12 14:48:51.959,2026-08-12 14:48:51.649,820.0,6,5,30,6,True,14,P012__trial_03,3,EDR-2,EDR-2,2,lead_me,group_01_song_a_lead_me,1,Song A,D,4,mix_c7d9a071ba25,lead_me_pxl_l4,mix_c7d9a071ba25,lead_me_pxl_l4,True,0,True,True,2026-08-12T13:44:55.429Z,yucky,yucky,40947,assets/audio/study-stimuli/main-study/group_01/song_a_lead_me/pxl_l4.wav,0.0588876381516,15.6746520996,0.149041607976,0.109930999577,-0.0552007785055364,-0.8412121981784734,0.8321106863211235,2.390299590706203
22,P012,70c4cd6d-33c4-4338-b661-762d054cc542,five_mix_frontend_v1_2026-08-06,five_mix_netlify_forms_v1,five_mix_frontend_v1_2026-08-06,completed,group_01,group_01,2026-08-12 14:35:12.430,2026-08-12 14:48:51.959,2026-08-12 14:48:51.649,820.0,6,5,30,6,True,15,P012__trial_03,3,EDR-2,EDR-2,2,lead_me,group_01_song_a_lead_me,1,Song A,E,5,mix_271852ba8676,lead_me_du_e,mix_271852ba8676,lead_me_du_e,True,0,True,True,2026-08-12T13:44:31.558Z,yucky,yucky,40947,assets/audio/study-stimuli/main-study/group_01/song_a_lead_me/du_e.wav,0.0543773770332,19.2538223267,0.0430038608611,0.0436125770211,-1.0250576971995913,0.5199952869185839,-0.8666083508697964,0.9959336464039888
22,P012,70c4cd6d-33c4-4338-b661-762d054cc542,five_mix_frontend_v1_2026-08-06,five_mix_netlify_forms_v1,five_mix_frontend_v1_2026-08-06,completed,group_01,group_01,2026-08-12 14:35:12.430,2026-08-12 14:48:51.959,2026-08-12 14:48:51.649,820.0,6,5,30,6,True,16,P012__trial_04,4,EDR-2,EDR-2,2,id_like_to_know,group_01_song_b_id_like_to_know,2,Song B,A,1,mix_9ffcd672af17,id_like_to_know_pxl_s1,mix_9ffcd672af17,id_like_to_know_pxl_s1,True,5,True,True,2026-08-12T13:45:11.921Z,I hate them all,I hate them all,41779,assets/audio/study-stimuli/main-study/group_01/song_b_id_like_to_know/pxl_s1.wav,0.0565126091242,16.3633155823,0.0668171644211,0.0607972890139,-0.5659114167269081,-0.579304038497624,-0.4851205015292653,1.357247686182373
22,P012,70c4cd6d-33c4-4338-b661-762d054cc542,five_mix_frontend_v1_2026-08-06,five_mix_netlify_forms_v1,five_mix_frontend_v1_2026-08-06,completed,group_01,group_01,2026-08-12 14:35:12.430,2026-08-12 14:48:51.959,2026-08-12 14:48:51.649,820.0,6,5,30,6,True,17,P012__trial_04,4,EDR-2,EDR-2,2,id_like_to_know,group_01_song_b_id_like_to_know,2,Song B,B,2,mix_82d60d7c7fc5,id_like_to_know_pxl_s5,mix_82d60d7c7fc5,id_like_to_know_pxl_s5,True,8,True,True,2026-08-12T13:45:17.552Z,I hate them all,I hate them all,41779,assets/audio/study-stimuli/main-study/group_01/song_b_id_like_to_know/pxl_s5.wav,0.0574779175222,17.4848575592,0.146866813302,0.0736307501793,-0.3583378408524605,-0.1527662554529231,0.7972705919658362,1.6270752922517937
22,P012,70c4cd6d-33c4-4338-b661-762d054cc542,five_mix_frontend_v1_2026-08-06,five_mix_netlify_forms_v1,five_mix_frontend_v1_2026-08-06,completed,group_01,group_01,2026-08-12 14:35:12.430,2026-08-12 14:48:51.959,2026-08-12 14:48:51.649,820.0,6,5,30,6,True,18,P012__trial_04,4,EDR-2,EDR-2,2,id_like_to_know,group_01_song_b_id_like_to_know,2,Song B,C,3,mix_6f8b655d7999,id_like_to_know_pxl_s2,mix_6f8b655d7999,id_like_to_know_pxl_s2,True,9,True,True,2026-08-12T13:45:25.452Z,I hate them all,I hate them all,41779,assets/audio/study-stimuli/main-study/group_01/song_b_id_like_to_know/pxl_s2.wav,0.0616230294108,14.7642059326,0.049424380064,0.0224525164813,0.5329997864789321,-1.1874673519330532,-0.7637519766505488,0.5510366380169074
22,P012,70c4cd6d-33c4-4338-b661-762d054cc542,five_mix_frontend_v1_2026-08-06,five_mix_netlify_forms_v1,five_mix_frontend_v1_2026-08-06,completed,group_01,group_01,2026-08-12 14:35:12.430,2026-08-12 14:48:51.959,2026-08-12 14:48:51.649,820.0,6,5,30,6,True,19,P012__trial_04,4,EDR-2,EDR-2,2,id_like_to_know,group_01_song_b_id_like_to_know,2,Song B,D,4,mix_65f41f41d3ab,id_like_to_know_pxl_s3,mix_65f41f41d3ab,id_like_to_know_pxl_s3,True,8,True,True,2026-08-12T13:45:32.842Z,I hate them all,I hate them all,41779,assets/audio/study-stimuli/main-study/group_01/song_b_id_like_to_know/pxl_s3.wav,0.0606486909091,15.0860643387,0.0243665315211,-0.00842856336385,0.3234844364321996,-1.065060189455143,-1.1651773700507613,-0.0982478955990668
22,P012,70c4cd6d-33c4-4338-b661-762d054cc542,five_mix_frontend_v1_2026-08-06,five_mix_netlify_forms_v1,five_mix_frontend_v1_2026-08-06,completed,group_01,group_01,2026-08-12 14:35:12.430,2026-08-12 14:48:51.959,2026-08-12 14:48:51.649,820.0,6,5,30,6,True,20,P012__trial_04,4,EDR-2,EDR-2,2,id_like_to_know,group_01_song_b_id_like_to_know,2,Song B,E,5,mix_b393d3919c78,id_like_to_know_pxl_s7,mix_b393d3919c78,id_like_to_know_pxl_s7,True,9,True,True,2026-08-12T13:45:37.330Z,I hate them all,I hate them all,41779,assets/audio/study-stimuli/main-study/group_01/song_b_id_like_to_know/pxl_s7.wav,0.0551121532917,16.2593574524,0.0769432634115,-0.0537673681974,-0.867056238017743,-0.6188407399054331,-0.3229009373128245,-1.0515106991885117
22,P012,70c4cd6d-33c4-4338-b661-762d054cc542,five_mix_frontend_v1_2026-08-06,five_mix_netlify_forms_v1,five_mix_frontend_v1_2026-08-06,completed,group_01,group_01,2026-08-12 14:35:12.430,2026-08-12 14:48:51.959,2026-08-12 14:48:51.649,820.0,6,5,30,6,True,21,P012__trial_05,5,FM-1,FM-1,3,id_like_to_know,group_01_song_b_id_like_to_know,1,Song B,A,1,mix_82d60d7c7fc5,id_like_to_know_pxl_s5,mix_82d60d7c7fc5,id_like_to_know_pxl_s5,True,0,True,True,2026-08-12T13:45:53.984Z,I want a piece of music that is calmer.,I want a piece of music that is calmer.,39640,assets/audio/study-stimuli/main-study/group_01/song_b_id_like_to_know/pxl_s5.wav,0.0574779175222,17.4848575592,0.146866813302,0.0736307501793,-0.3583378408524605,-0.1527662554529231,0.7972705919658362,1.6270752922517937
22,P012,70c4cd6d-33c4-4338-b661-762d054cc542,five_mix_frontend_v1_2026-08-06,five_mix_netlify_forms_v1,five_mix_frontend_v1_2026-08-06,completed,group_01,group_01,2026-08-12 14:35:12.430,2026-08-12 14:48:51.959,2026-08-12 14:48:51.649,820.0,6,5,30,6,True,22,P012__trial_05,5,FM-1,FM-1,3,id_like_to_know,group_01_song_b_id_like_to_know,1,Song B,B,2,mix_65f41f41d3ab,id_like_to_know_pxl_s3,mix_65f41f41d3ab,id_like_to_know_pxl_s3,True,0,True,True,2026-08-12T13:45:57.277Z,I want a piece of music that is calmer.,I want a piece of music that is calmer.,39640,assets/audio/study-stimuli/main-study/group_01/song_b_id_like_to_know/pxl_s3.wav,0.0606486909091,15.0860643387,0.0243665315211,-0.00842856336385,0.3234844364321996,-1.065060189455143,-1.1651773700507613,-0.0982478955990668
22,P012,70c4cd6d-33c4-4338-b661-762d054cc542,five_mix_frontend_v1_2026-08-06,five_mix_netlify_forms_v1,five_mix_frontend_v1_2026-08-06,completed,group_01,group_01,2026-08-12 14:35:12.430,2026-08-12 14:48:51.959,2026-08-12 14:48:51.649,820.0,6,5,30,6,True,23,P012__trial_05,5,FM-1,FM-1,3,id_like_to_know,group_01_song_b_id_like_to_know,1,Song B,C,3,mix_b393d3919c78,id_like_to_know_pxl_s7,mix_b393d3919c78,id_like_to_know_pxl_s7,True,0,True,True,2026-08-12T13:45:59.373Z,I want a piece of music that is calmer.,I want a piece of music that is calmer.,39640,assets/audio/study-stimuli/main-study/group_01/song_b_id_like_to_know/pxl_s7.wav,0.0551121532917,16.2593574524,0.0769432634115,-0.0537673681974,-0.867056238017743,-0.6188407399054331,-0.3229009373128245,-1.0515106991885117
22,P012,70c4cd6d-33c4-4338-b661-762d054cc542,five_mix_frontend_v1_2026-08-06,five_mix_netlify_forms_v1,five_mix_frontend_v1_2026-08-06,completed,group_01,group_01,2026-08-12 14:35:12.430,2026-08-12 14:48:51.959,2026-08-12 14:48:51.649,820.0,6,5,30,6,True,24,P012__trial_05,5,FM-1,FM-1,3,id_like_to_know,group_01_song_b_id_like_to_know,1,Song B,D,4,mix_9ffcd672af17,id_like_to_know_pxl_s1,mix_9ffcd672af17,id_like_to_know_pxl_s1,True,0,True,True,2026-08-12T13:46:01.459Z,I want a piece of music that is calmer.,I want a piece of music that is calmer.,39640,assets/audio/study-stimuli/main-study/group_01/song_b_id_like_to_know/pxl_s1.wav,0.0565126091242,16.3633155823,0.0668171644211,0.0607972890139,-0.5659114167269081,-0.579304038497624,-0.4851205015292653,1.357247686182373
22,P012,70c4cd6d-33c4-4338-b661-762d054cc542,five_mix_frontend_v1_2026-08-06,five_mix_netlify_forms_v1,five_mix_frontend_v1_2026-08-06,completed,group_01,group_01,2026-08-12 14:35:12.430,2026-08-12 14:48:51.959,2026-08-12 14:48:51.649,820.0,6,5,30,6,True,25,P012__trial_05,5,FM-1,FM-1,3,id_like_to_know,group_01_song_b_id_like_to_know,1,Song B,E,5,mix_6f8b655d7999,id_like_to_know_pxl_s2,mix_6f8b655d7999,id_like_to_know_pxl_s2,True,0,True,True,2026-08-12T13:46:03.389Z,I want a piece of music that is calmer.,I want a piece of music that is calmer.,39640,assets/audio/study-stimuli/main-study/group_01/song_b_id_like_to_know/pxl_s2.wav,0.0616230294108,14.7642059326,0.049424380064,0.0224525164813,0.5329997864789321,-1.1874673519330532,-0.7637519766505488,0.5510366380169074
22,P012,70c4cd6d-33c4-4338-b661-762d054cc542,five_mix_frontend_v1_2026-08-06,five_mix_netlify_forms_v1,five_mix_frontend_v1_2026-08-06,completed,group_01,group_01,2026-08-12 14:35:12.430,2026-08-12 14:48:51.959,2026-08-12 14:48:51.649,820.0,6,5,30,6,True,26,P012__trial_06,6,FM-1,FM-1,3,lead_me,group_01_song_a_lead_me,2,Song A,A,1,mix_d5b28dfc8a93,lead_me_pxl_l1,mix_d5b28dfc8a93,lead_me_pxl_l1,True,0,True,True,2026-08-12T13:46:36.250Z,some are better than others.,some are better than others.,62348,assets/audio/study-stimuli/main-study/group_01/song_a_lead_me/pxl_l1.wav,0.0591329820454,16.9195213318,0.0170932952315,-0.0129087874666,-0.0024436394808062,-0.3677713699084406,-1.2816942263900757,-0.1924460334762285
22,P012,70c4cd6d-33c4-4338-b661-762d054cc542,five_mix_frontend_v1_2026-08-06,five_mix_netlify_forms_v1,five_mix_frontend_v1_2026-08-06,completed,group_01,group_01,2026-08-12 14:35:12.430,2026-08-12 14:48:51.959,2026-08-12 14:48:51.649,820.0,6,5,30,6,True,27,P012__trial_06,6,FM-1,FM-1,3,lead_me,group_01_song_a_lead_me,2,Song A,B,2,mix_d3e3580b6e30,lead_me_mcg_pro2,mix_d3e3580b6e30,lead_me_mcg_pro2,True,0,True,True,2026-08-12T13:46:40.465Z,some are better than others.,some are better than others.,62348,assets/audio/study-stimuli/main-study/group_01/song_a_lead_me/mcg_pro2.wav,0.0730051249266,20.1463222504,0.0392760001123,-0.00143597240094,2.9805308263561203,0.8594252384169624,-0.9263284806752846,0.048773555233824
22,P012,70c4cd6d-33c4-4338-b661-762d054cc542,five_mix_frontend_v1_2026-08-06,five_mix_netlify_forms_v1,five_mix_frontend_v1_2026-08-06,completed,group_01,group_01,2026-08-12 14:35:12.430,2026-08-12 14:48:51.959,2026-08-12 14:48:51.649,820.0,6,5,30,6,True,28,P012__trial_06,6,FM-1,FM-1,3,lead_me,group_01_song_a_lead_me,2,Song A,C,3,mix_c7d9a071ba25,lead_me_pxl_l4,mix_c7d9a071ba25,lead_me_pxl_l4,True,74,True,True,2026-08-12T13:46:48.995Z,some are better than others.,some are better than others.,62348,assets/audio/study-stimuli/main-study/group_01/song_a_lead_me/pxl_l4.wav,0.0588876381516,15.6746520996,0.149041607976,0.109930999577,-0.0552007785055364,-0.8412121981784734,0.8321106863211235,2.390299590706203
22,P012,70c4cd6d-33c4-4338-b661-762d054cc542,five_mix_frontend_v1_2026-08-06,five_mix_netlify_forms_v1,five_mix_frontend_v1_2026-08-06,completed,group_01,group_01,2026-08-12 14:35:12.430,2026-08-12 14:48:51.959,2026-08-12 14:48:51.649,820.0,6,5,30,6,True,29,P012__trial_06,6,FM-1,FM-1,3,lead_me,group_01_song_a_lead_me,2,Song A,D,4,mix_f1f7973e5bac,lead_me_du_d,mix_f1f7973e5bac,lead_me_du_d,True,82,True,True,2026-08-12T13:47:07.253Z,some are better than others.,some are better than others.,62348,assets/audio/study-stimuli/main-study/group_01/song_a_lead_me/du_d.wav,0.0625870004296,13.8143320084,0.117576912045,-0.0521329641342,0.7402857811167308,-1.548717422055362,0.3280479404435016,-1.017146833506479
22,P012,70c4cd6d-33c4-4338-b661-762d054cc542,five_mix_frontend_v1_2026-08-06,five_mix_netlify_forms_v1,five_mix_frontend_v1_2026-08-06,completed,group_01,group_01,2026-08-12 14:35:12.430,2026-08-12 14:48:51.959,2026-08-12 14:48:51.649,820.0,6,5,30,6,True,30,P012__trial_06,6,FM-1,FM-1,3,lead_me,group_01_song_a_lead_me,2,Song A,E,5,mix_271852ba8676,lead_me_du_e,mix_271852ba8676,lead_me_du_e,True,2,True,True,2026-08-12T13:47:01.821Z,some are better than others.,some are better than others.,62348,assets/audio/study-stimuli/main-study/group_01/song_a_lead_me/du_e.wav,0.0543773770332,19.2538223267,0.0430038608611,0.0436125770211,-1.0250576971995913,0.5199952869185839,-0.8666083508697964,0.9959336464039888
23,P011,b5dced73-1531-4648-9cd4-ed953a7e944a,five_mix_frontend_v1_2026-08-06,five_mix_netlify_forms_v1,five_mix_frontend_v1_2026-08-06,completed,group_02,group_02,2026-08-12 12:20:54.902,2026-08-12 12:55:14.007,2026-08-12 12:55:14.706,2059.0,6,5,30,6,True,1,P011__trial_01,1,EDR-2,EDR-2,1,in_the_meantime,group_02_song_a_in_the_meantime,1,Song A,A,1,mix_c7bdcba64775,in_the_meantime_qut_b,mix_c7bdcba64775,in_the_meantime_qut_b,True,0,True,True,2026-08-12T11:32:42.478Z,B and C were very good. B topped it because the instrumentals were clearer but bith sound fantastic with the clarity in the vocals. D is a bit duller but still is good hearing the vocals. E is listenable but just lacks any sort of energy in the music and A is by far the worst it sounds very muffled ,B and C were very good. B topped it because the instrumentals were clearer but bith sound fantastic with the clarity in the vocals. D is a bit duller but still is good hearing the vocals. E is listenable but just lacks any sort of energy in the music and A is by far the worst it sounds very muffled,266343,assets/audio/study-stimuli/main-study/group_02/song_a_in_the_meantime/qut_b.wav,0.0560294315219,17.366355896,0.000543582602404,0.000562923552934,-0.6698107538710293,-0.1978340618743536,-1.5468197375217057,0.0908009789400507
23,P011,b5dced73-1531-4648-9cd4-ed953a7e944a,five_mix_frontend_v1_2026-08-06,five_mix_netlify_forms_v1,five_mix_frontend_v1_2026-08-06,completed,group_02,group_02,2026-08-12 12:20:54.902,2026-08-12 12:55:14.007,2026-08-12 12:55:14.706,2059.0,6,5,30,6,True,2,P011__trial_01,1,EDR-2,EDR-2,1,in_the_meantime,group_02_song_a_in_the_meantime,1,Song A,B,2,mix_9baa86357fd4,in_the_meantime_du_i,mix_9baa86357fd4,in_the_meantime_du_i,True,97,True,True,2026-08-12T11:32:31.459Z,B and C were very good. B topped it because the instrumentals were clearer but bith sound fantastic with the clarity in the vocals. D is a bit duller but still is good hearing the vocals. E is listenable but just lacks any sort of energy in the music and A is by far the worst it sounds very muffled ,B and C were very good. B topped it because the instrumentals were clearer but bith sound fantastic with the clarity in the vocals. D is a bit duller but still is good hearing the vocals. E is listenable but just lacks any sort of energy in the music and A is by far the worst it sounds very muffled,266343,assets/audio/study-stimuli/main-study/group_02/song_a_in_the_meantime/du_i.wav,0.0503131300211,22.9316368103,0.130904406309,-0.0380811542273,-1.8990066727669184,1.9187185345499165,0.5415536857115313,-0.721703057329889
23,P011,b5dced73-1531-4648-9cd4-ed953a7e944a,five_mix_frontend_v1_2026-08-06,five_mix_netlify_forms_v1,five_mix_frontend_v1_2026-08-06,completed,group_02,group_02,2026-08-12 12:20:54.902,2026-08-12 12:55:14.007,2026-08-12 12:55:14.706,2059.0,6,5,30,6,True,3,P011__trial_01,1,EDR-2,EDR-2,1,in_the_meantime,group_02_song_a_in_the_meantime,1,Song A,C,3,mix_302f0efe8a80,in_the_meantime_du_h,mix_302f0efe8a80,in_the_meantime_du_h,True,90,True,True,2026-08-12T11:32:06.808Z,B and C were very good. B topped it because the instrumentals were clearer but bith sound fantastic with the clarity in the vocals. D is a bit duller but still is good hearing the vocals. E is listenable but just lacks any sort of energy in the music and A is by far the worst it sounds very muffled ,B and C were very good. B topped it because the instrumentals were clearer but bith sound fantastic with the clarity in the vocals. D is a bit duller but still is good hearing the vocals. E is listenable but just lacks any sort of energy in the music and A is by far the worst it sounds very muffled,266343,assets/audio/study-stimuli/main-study/group_02/song_a_in_the_meantime/du_h.wav,0.0623472034931,18.601518631,0.0428314469755,0.0354086197913,0.6887214233465396,0.2719152524959843,-0.8693704120952901,0.8234428342152216
23,P011,b5dced73-1531-4648-9cd4-ed953a7e944a,five_mix_frontend_v1_2026-08-06,five_mix_netlify_forms_v1,five_mix_frontend_v1_2026-08-06,completed,group_02,group_02,2026-08-12 12:20:54.902,2026-08-12 12:55:14.007,2026-08-12 12:55:14.706,2059.0,6,5,30,6,True,4,P011__trial_01,1,EDR-2,EDR-2,1,in_the_meantime,group_02_song_a_in_the_meantime,1,Song A,D,4,mix_cdaef40f2b94,in_the_meantime_qut_pro,mix_cdaef40f2b94,in_the_meantime_qut_pro,True,72,True,True,2026-08-12T11:31:30.972Z,B and C were very good. B topped it because the instrumentals were clearer but bith sound fantastic with the clarity in the vocals. D is a bit duller but still is good hearing the vocals. E is listenable but just lacks any sort of energy in the music and A is by far the worst it sounds very muffled ,B and C were very good. B topped it because the instrumentals were clearer but bith sound fantastic with the clarity in the vocals. D is a bit duller but still is good hearing the vocals. E is listenable but just lacks any sort of energy in the music and A is by far the worst it sounds very muffled,266343,assets/audio/study-stimuli/main-study/group_02/song_a_in_the_meantime/qut_pro.wav,0.0560023784637,14.1143035889,0.212649226189,-0.0385963246226,-0.6756280657690176,-1.4346341192827423,1.8511013279434223,-0.7325346788768815
23,P011,b5dced73-1531-4648-9cd4-ed953a7e944a,five_mix_frontend_v1_2026-08-06,five_mix_netlify_forms_v1,five_mix_frontend_v1_2026-08-06,completed,group_02,group_02,2026-08-12 12:20:54.902,2026-08-12 12:55:14.007,2026-08-12 12:55:14.706,2059.0,6,5,30,6,True,5,P011__trial_01,1,EDR-2,EDR-2,1,in_the_meantime,group_02_song_a_in_the_meantime,1,Song A,E,5,mix_56e65a3ce054,in_the_meantime_du_k,mix_56e65a3ce054,in_the_meantime_du_k,True,21,True,True,2026-08-12T11:31:13.158Z,B and C were very good. B topped it because the instrumentals were clearer but bith sound fantastic with the clarity in the vocals. D is a bit duller but still is good hearing the vocals. E is listenable but just lacks any sort of energy in the music and A is by far the worst it sounds very muffled ,B and C were very good. B topped it because the instrumentals were clearer but bith sound fantastic with the clarity in the vocals. D is a bit duller but still is good hearing the vocals. E is listenable but just lacks any sort of energy in the music and A is by far the worst it sounds very muffled,266343,assets/audio/study-stimuli/main-study/group_02/song_a_in_the_meantime/du_k.wav,0.0539390221238,22.5979270935,0.15773075819,0.0170408543199,-1.1193186569455127,1.7918041562064675,0.9713104079970216,0.4372547184671072
23,P011,b5dced73-1531-4648-9cd4-ed953a7e944a,five_mix_frontend_v1_2026-08-06,five_mix_netlify_forms_v1,five_mix_frontend_v1_2026-08-06,completed,group_02,group_02,2026-08-12 12:20:54.902,2026-08-12 12:55:14.007,2026-08-12 12:55:14.706,2059.0,6,5,30,6,True,6,P011__trial_02,2,EDR-2,EDR-2,1,pouring_room,group_02_song_b_pouring_room,2,Song B,A,1,mix_e08faaf8bbb3,pouring_room_mcg_v,mix_e08faaf8bbb3,pouring_room_mcg_v,True,69,True,True,2026-08-12T11:35:40.144Z,C was very clear and melodical and vocals and instruments complement each other. A is a little bit stronger on the vocals and lacks the instrumentals. b the vocals sound a bit echoey but very nice. E sounds very echoey and D is just very bad quality ,C was very clear and melodical and vocals and instruments complement each other. A is a little bit stronger on the vocals and lacks the instrumentals. b the vocals sound a bit echoey but very nice. E sounds very echoey and D is just very bad quality,269916,assets/audio/study-stimuli/main-study/group_02/song_b_pouring_room/mcg_v.wav,0.0600788630545,20.8109931946,0.0795278027654,-0.0483895651996,0.2009523983216312,1.112208706920678,-0.2814967551013548,-0.938440679331238
23,P011,b5dced73-1531-4648-9cd4-ed953a7e944a,five_mix_frontend_v1_2026-08-06,five_mix_netlify_forms_v1,five_mix_frontend_v1_2026-08-06,completed,group_02,group_02,2026-08-12 12:20:54.902,2026-08-12 12:55:14.007,2026-08-12 12:55:14.706,2059.0,6,5,30,6,True,7,P011__trial_02,2,EDR-2,EDR-2,1,pouring_room,group_02_song_b_pouring_room,2,Song B,B,2,mix_0ba76f420c1d,pouring_room_mcg_r,mix_0ba76f420c1d,pouring_room_mcg_r,True,80,True,True,2026-08-12T11:36:06.223Z,C was very clear and melodical and vocals and instruments complement each other. A is a little bit stronger on the vocals and lacks the instrumentals. b the vocals sound a bit echoey but very nice. E sounds very echoey and D is just very bad quality ,C was very clear and melodical and vocals and instruments complement each other. A is a little bit stronger on the vocals and lacks the instrumentals. b the vocals sound a bit echoey but very nice. E sounds very echoey and D is just very bad quality,269916,assets/audio/study-stimuli/main-study/group_02/song_b_pouring_room/mcg_r.wav,0.060190629214,16.5152053833,0.14739459753,-0.0638295859098,0.2249858589620197,-0.521538265731174,0.8057256670690561,-1.2630720295337683
23,P011,b5dced73-1531-4648-9cd4-ed953a7e944a,five_mix_frontend_v1_2026-08-06,five_mix_netlify_forms_v1,five_mix_frontend_v1_2026-08-06,completed,group_02,group_02,2026-08-12 12:20:54.902,2026-08-12 12:55:14.007,2026-08-12 12:55:14.706,2059.0,6,5,30,6,True,8,P011__trial_02,2,EDR-2,EDR-2,1,pouring_room,group_02_song_b_pouring_room,2,Song B,C,3,mix_132e75f34470,pouring_room_mcg_pro1,mix_132e75f34470,pouring_room_mcg_pro1,True,100,True,True,2026-08-12T11:36:23.948Z,C was very clear and melodical and vocals and instruments complement each other. A is a little bit stronger on the vocals and lacks the instrumentals. b the vocals sound a bit echoey but very nice. E sounds very echoey and D is just very bad quality ,C was very clear and melodical and vocals and instruments complement each other. A is a little bit stronger on the vocals and lacks the instrumentals. b the vocals sound a bit echoey but very nice. E sounds very echoey and D is just very bad quality,269916,assets/audio/study-stimuli/main-study/group_02/song_b_pouring_room/mcg_pro1.wav,0.0646217316389,18.2459716797,0.0750391855836,-0.0488145165145,1.177821012274786,0.1366958746221527,-0.3534041622732912,-0.9473754159948484
23,P011,b5dced73-1531-4648-9cd4-ed953a7e944a,five_mix_frontend_v1_2026-08-06,five_mix_netlify_forms_v1,five_mix_frontend_v1_2026-08-06,completed,group_02,group_02,2026-08-12 12:20:54.902,2026-08-12 12:55:14.007,2026-08-12 12:55:14.706,2059.0,6,5,30,6,True,9,P011__trial_02,2,EDR-2,EDR-2,1,pouring_room,group_02_song_b_pouring_room,2,Song B,D,4,mix_be2ccd4c43ff,pouring_room_mcg_t,mix_be2ccd4c43ff,pouring_room_mcg_t,True,0,True,True,2026-08-12T11:37:29.516Z,C was very clear and melodical and vocals and instruments complement each other. A is a little bit stronger on the vocals and lacks the instrumentals. b the vocals sound a bit echoey but very nice. E sounds very echoey and D is just very bad quality ,C was very clear and melodical and vocals and instruments complement each other. A is a little bit stronger on the vocals and lacks the instrumentals. b the vocals sound a bit echoey but very nice. E sounds very echoey and D is just very bad quality,269916,assets/audio/study-stimuli/main-study/group_02/song_b_pouring_room/mcg_t.wav,0.0587656274438,20.841550827,0.217380493879,-0.0455747283995,-0.0814371595061495,1.1238301932737935,1.926895983278192,-0.8792578396079359
23,P011,b5dced73-1531-4648-9cd4-ed953a7e944a,five_mix_frontend_v1_2026-08-06,five_mix_netlify_forms_v1,five_mix_frontend_v1_2026-08-06,completed,group_02,group_02,2026-08-12 12:20:54.902,2026-08-12 12:55:14.007,2026-08-12 12:55:14.706,2059.0,6,5,30,6,True,10,P011__trial_02,2,EDR-2,EDR-2,1,pouring_room,group_02_song_b_pouring_room,2,Song B,E,5,mix_cbf8555ee2b2,pouring_room_mcg_x,mix_cbf8555ee2b2,pouring_room_mcg_x,True,18,True,True,2026-08-12T11:35:33.023Z,C was very clear and melodical and vocals and instruments complement each other. A is a little bit stronger on the vocals and lacks the instrumentals. b the vocals sound a bit echoey but very nice. E sounds very echoey and D is just very bad quality ,C was very clear and melodical and vocals and instruments complement each other. A is a little bit stronger on the vocals and lacks the instrumentals. b the vocals sound a bit echoey but very nice. E sounds very echoey and D is just very bad quality,269916,assets/audio/study-stimuli/main-study/group_02/song_b_pouring_room/mcg_x.wav,0.0612343810499,19.9389343262,0.147577553988,-0.0265915170312,0.4494273963527286,0.780552768870155,0.8086566197405122,-0.4801297779726206
23,P011,b5dced73-1531-4648-9cd4-ed953a7e944a,five_mix_frontend_v1_2026-08-06,five_mix_netlify_forms_v1,five_mix_frontend_v1_2026-08-06,completed,group_02,group_02,2026-08-12 12:20:54.902,2026-08-12 12:55:14.007,2026-08-12 12:55:14.706,2059.0,6,5,30,6,True,11,P011__trial_03,3,FM-1,FM-1,2,pouring_room,group_02_song_b_pouring_room,1,Song B,A,1,mix_cbf8555ee2b2,pouring_room_mcg_x,mix_cbf8555ee2b2,pouring_room_mcg_x,True,100,True,True,2026-08-12T11:40:29.535Z,"To be honest B,C,D are very similar for me since they feel nice to listen and not distracting. E sounds poor quality. A was the best because it captures everything whilst have this lofi sound","To be honest B,C,D are very similar for me since they feel nice to listen and not distracting. E sounds poor quality. A was the best because it captures everything whilst have this lofi sound",271064,assets/audio/study-stimuli/main-study/group_02/song_b_pouring_room/mcg_x.wav,0.0612343810499,19.9389343262,0.147577553988,-0.0265915170312,0.4494273963527286,0.780552768870155,0.8086566197405122,-0.4801297779726206
23,P011,b5dced73-1531-4648-9cd4-ed953a7e944a,five_mix_frontend_v1_2026-08-06,five_mix_netlify_forms_v1,five_mix_frontend_v1_2026-08-06,completed,group_02,group_02,2026-08-12 12:20:54.902,2026-08-12 12:55:14.007,2026-08-12 12:55:14.706,2059.0,6,5,30,6,True,12,P011__trial_03,3,FM-1,FM-1,2,pouring_room,group_02_song_b_pouring_room,1,Song B,B,2,mix_e08faaf8bbb3,pouring_room_mcg_v,mix_e08faaf8bbb3,pouring_room_mcg_v,True,71,True,True,2026-08-12T11:40:25.478Z,"To be honest B,C,D are very similar for me since they feel nice to listen and not distracting. E sounds poor quality. A was the best because it captures everything whilst have this lofi sound","To be honest B,C,D are very similar for me since they feel nice to listen and not distracting. E sounds poor quality. A was the best because it captures everything whilst have this lofi sound",271064,assets/audio/study-stimuli/main-study/group_02/song_b_pouring_room/mcg_v.wav,0.0600788630545,20.8109931946,0.0795278027654,-0.0483895651996,0.2009523983216312,1.112208706920678,-0.2814967551013548,-0.938440679331238
23,P011,b5dced73-1531-4648-9cd4-ed953a7e944a,five_mix_frontend_v1_2026-08-06,five_mix_netlify_forms_v1,five_mix_frontend_v1_2026-08-06,completed,group_02,group_02,2026-08-12 12:20:54.902,2026-08-12 12:55:14.007,2026-08-12 12:55:14.706,2059.0,6,5,30,6,True,13,P011__trial_03,3,FM-1,FM-1,2,pouring_room,group_02_song_b_pouring_room,1,Song B,C,3,mix_132e75f34470,pouring_room_mcg_pro1,mix_132e75f34470,pouring_room_mcg_pro1,True,79,True,True,2026-08-12T11:40:34.846Z,"To be honest B,C,D are very similar for me since they feel nice to listen and not distracting. E sounds poor quality. A was the best because it captures everything whilst have this lofi sound","To be honest B,C,D are very similar for me since they feel nice to listen and not distracting. E sounds poor quality. A was the best because it captures everything whilst have this lofi sound",271064,assets/audio/study-stimuli/main-study/group_02/song_b_pouring_room/mcg_pro1.wav,0.0646217316389,18.2459716797,0.0750391855836,-0.0488145165145,1.177821012274786,0.1366958746221527,-0.3534041622732912,-0.9473754159948484
23,P011,b5dced73-1531-4648-9cd4-ed953a7e944a,five_mix_frontend_v1_2026-08-06,five_mix_netlify_forms_v1,five_mix_frontend_v1_2026-08-06,completed,group_02,group_02,2026-08-12 12:20:54.902,2026-08-12 12:55:14.007,2026-08-12 12:55:14.706,2059.0,6,5,30,6,True,14,P011__trial_03,3,FM-1,FM-1,2,pouring_room,group_02_song_b_pouring_room,1,Song B,D,4,mix_0ba76f420c1d,pouring_room_mcg_r,mix_0ba76f420c1d,pouring_room_mcg_r,True,63,True,True,2026-08-12T11:40:09.578Z,"To be honest B,C,D are very similar for me since they feel nice to listen and not distracting. E sounds poor quality. A was the best because it captures everything whilst have this lofi sound","To be honest B,C,D are very similar for me since they feel nice to listen and not distracting. E sounds poor quality. A was the best because it captures everything whilst have this lofi sound",271064,assets/audio/study-stimuli/main-study/group_02/song_b_pouring_room/mcg_r.wav,0.060190629214,16.5152053833,0.14739459753,-0.0638295859098,0.2249858589620197,-0.521538265731174,0.8057256670690561,-1.2630720295337683
23,P011,b5dced73-1531-4648-9cd4-ed953a7e944a,five_mix_frontend_v1_2026-08-06,five_mix_netlify_forms_v1,five_mix_frontend_v1_2026-08-06,completed,group_02,group_02,2026-08-12 12:20:54.902,2026-08-12 12:55:14.007,2026-08-12 12:55:14.706,2059.0,6,5,30,6,True,15,P011__trial_03,3,FM-1,FM-1,2,pouring_room,group_02_song_b_pouring_room,1,Song B,E,5,mix_be2ccd4c43ff,pouring_room_mcg_t,mix_be2ccd4c43ff,pouring_room_mcg_t,True,6,True,True,2026-08-12T11:40:04.993Z,"To be honest B,C,D are very similar for me since they feel nice to listen and not distracting. E sounds poor quality. A was the best because it captures everything whilst have this lofi sound","To be honest B,C,D are very similar for me since they feel nice to listen and not distracting. E sounds poor quality. A was the best because it captures everything whilst have this lofi sound",271064,assets/audio/study-stimuli/main-study/group_02/song_b_pouring_room/mcg_t.wav,0.0587656274438,20.841550827,0.217380493879,-0.0455747283995,-0.0814371595061495,1.1238301932737935,1.926895983278192,-0.8792578396079359
23,P011,b5dced73-1531-4648-9cd4-ed953a7e944a,five_mix_frontend_v1_2026-08-06,five_mix_netlify_forms_v1,five_mix_frontend_v1_2026-08-06,completed,group_02,group_02,2026-08-12 12:20:54.902,2026-08-12 12:55:14.007,2026-08-12 12:55:14.706,2059.0,6,5,30,6,True,16,P011__trial_04,4,FM-1,FM-1,2,in_the_meantime,group_02_song_a_in_the_meantime,2,Song A,A,1,mix_9baa86357fd4,in_the_meantime_du_i,mix_9baa86357fd4,in_the_meantime_du_i,True,79,True,True,2026-08-12T11:45:20.600Z,D was good as it felt like it was sharp but more of a smooth version which didnt feel distracting and more vibey. A and E are similar but A sounds clearer and doesnt sound as loud as E. C is listenable just again lacks the energy and then B just sounds poor quality,D was good as it felt like it was sharp but more of a smooth version which didnt feel distracting and more vibey. A and E are similar but A sounds clearer and doesnt sound as loud as E. C is listenable just again lacks the energy and then B just sounds poor quality,212784,assets/audio/study-stimuli/main-study/group_02/song_a_in_the_meantime/du_i.wav,0.0503131300211,22.9316368103,0.130904406309,-0.0380811542273,-1.8990066727669184,1.9187185345499165,0.5415536857115313,-0.721703057329889
23,P011,b5dced73-1531-4648-9cd4-ed953a7e944a,five_mix_frontend_v1_2026-08-06,five_mix_netlify_forms_v1,five_mix_frontend_v1_2026-08-06,completed,group_02,group_02,2026-08-12 12:20:54.902,2026-08-12 12:55:14.007,2026-08-12 12:55:14.706,2059.0,6,5,30,6,True,17,P011__trial_04,4,FM-1,FM-1,2,in_the_meantime,group_02_song_a_in_the_meantime,2,Song A,B,2,mix_c7bdcba64775,in_the_meantime_qut_b,mix_c7bdcba64775,in_the_meantime_qut_b,True,0,True,True,2026-08-12T11:45:12.423Z,D was good as it felt like it was sharp but more of a smooth version which didnt feel distracting and more vibey. A and E are similar but A sounds clearer and doesnt sound as loud as E. C is listenable just again lacks the energy and then B just sounds poor quality,D was good as it felt like it was sharp but more of a smooth version which didnt feel distracting and more vibey. A and E are similar but A sounds clearer and doesnt sound as loud as E. C is listenable just again lacks the energy and then B just sounds poor quality,212784,assets/audio/study-stimuli/main-study/group_02/song_a_in_the_meantime/qut_b.wav,0.0560294315219,17.366355896,0.000543582602404,0.000562923552934,-0.6698107538710293,-0.1978340618743536,-1.5468197375217057,0.0908009789400507
23,P011,b5dced73-1531-4648-9cd4-ed953a7e944a,five_mix_frontend_v1_2026-08-06,five_mix_netlify_forms_v1,five_mix_frontend_v1_2026-08-06,completed,group_02,group_02,2026-08-12 12:20:54.902,2026-08-12 12:55:14.007,2026-08-12 12:55:14.706,2059.0,6,5,30,6,True,18,P011__trial_04,4,FM-1,FM-1,2,in_the_meantime,group_02_song_a_in_the_meantime,2,Song A,C,3,mix_56e65a3ce054,in_the_meantime_du_k,mix_56e65a3ce054,in_the_meantime_du_k,True,19,True,True,2026-08-12T11:45:04.281Z,D was good as it felt like it was sharp but more of a smooth version which didnt feel distracting and more vibey. A and E are similar but A sounds clearer and doesnt sound as loud as E. C is listenable just again lacks the energy and then B just sounds poor quality,D was good as it felt like it was sharp but more of a smooth version which didnt feel distracting and more vibey. A and E are similar but A sounds clearer and doesnt sound as loud as E. C is listenable just again lacks the energy and then B just sounds poor quality,212784,assets/audio/study-stimuli/main-study/group_02/song_a_in_the_meantime/du_k.wav,0.0539390221238,22.5979270935,0.15773075819,0.0170408543199,-1.1193186569455127,1.7918041562064675,0.9713104079970216,0.4372547184671072
23,P011,b5dced73-1531-4648-9cd4-ed953a7e944a,five_mix_frontend_v1_2026-08-06,five_mix_netlify_forms_v1,five_mix_frontend_v1_2026-08-06,completed,group_02,group_02,2026-08-12 12:20:54.902,2026-08-12 12:55:14.007,2026-08-12 12:55:14.706,2059.0,6,5,30,6,True,19,P011__trial_04,4,FM-1,FM-1,2,in_the_meantime,group_02_song_a_in_the_meantime,2,Song A,D,4,mix_302f0efe8a80,in_the_meantime_du_h,mix_302f0efe8a80,in_the_meantime_du_h,True,100,True,True,2026-08-12T11:44:55.510Z,D was good as it felt like it was sharp but more of a smooth version which didnt feel distracting and more vibey. A and E are similar but A sounds clearer and doesnt sound as loud as E. C is listenable just again lacks the energy and then B just sounds poor quality,D was good as it felt like it was sharp but more of a smooth version which didnt feel distracting and more vibey. A and E are similar but A sounds clearer and doesnt sound as loud as E. C is listenable just again lacks the energy and then B just sounds poor quality,212784,assets/audio/study-stimuli/main-study/group_02/song_a_in_the_meantime/du_h.wav,0.0623472034931,18.601518631,0.0428314469755,0.0354086197913,0.6887214233465396,0.2719152524959843,-0.8693704120952901,0.8234428342152216
23,P011,b5dced73-1531-4648-9cd4-ed953a7e944a,five_mix_frontend_v1_2026-08-06,five_mix_netlify_forms_v1,five_mix_frontend_v1_2026-08-06,completed,group_02,group_02,2026-08-12 12:20:54.902,2026-08-12 12:55:14.007,2026-08-12 12:55:14.706,2059.0,6,5,30,6,True,20,P011__trial_04,4,FM-1,FM-1,2,in_the_meantime,group_02_song_a_in_the_meantime,2,Song A,E,5,mix_cdaef40f2b94,in_the_meantime_qut_pro,mix_cdaef40f2b94,in_the_meantime_qut_pro,True,61,True,True,2026-08-12T11:44:38.292Z,D was good as it felt like it was sharp but more of a smooth version which didnt feel distracting and more vibey. A and E are similar but A sounds clearer and doesnt sound as loud as E. C is listenable just again lacks the energy and then B just sounds poor quality,D was good as it felt like it was sharp but more of a smooth version which didnt feel distracting and more vibey. A and E are similar but A sounds clearer and doesnt sound as loud as E. C is listenable just again lacks the energy and then B just sounds poor quality,212784,assets/audio/study-stimuli/main-study/group_02/song_a_in_the_meantime/qut_pro.wav,0.0560023784637,14.1143035889,0.212649226189,-0.0385963246226,-0.6756280657690176,-1.4346341192827423,1.8511013279434223,-0.7325346788768815
23,P011,b5dced73-1531-4648-9cd4-ed953a7e944a,five_mix_frontend_v1_2026-08-06,five_mix_netlify_forms_v1,five_mix_frontend_v1_2026-08-06,completed,group_02,group_02,2026-08-12 12:20:54.902,2026-08-12 12:55:14.007,2026-08-12 12:55:14.706,2059.0,6,5,30,6,True,21,P011__trial_05,5,EDR-1,EDR-1,3,in_the_meantime,group_02_song_a_in_the_meantime,1,Song A,A,1,mix_56e65a3ce054,in_the_meantime_du_k,mix_56e65a3ce054,in_the_meantime_du_k,True,0,True,True,2026-08-12T11:48:29.310Z,"E was by far the top, clear instrumentals. C was next and beat B since it sounder clearer and more melodical. B just sounds quite mellow and doesnt match the music style and then A just sounds even worse ","E was by far the top, clear instrumentals. C was next and beat B since it sounder clearer and more melodical. B just sounds quite mellow and doesnt match the music style and then A just sounds even worse",149721,assets/audio/study-stimuli/main-study/group_02/song_a_in_the_meantime/du_k.wav,0.0539390221238,22.5979270935,0.15773075819,0.0170408543199,-1.1193186569455127,1.7918041562064675,0.9713104079970216,0.4372547184671072
23,P011,b5dced73-1531-4648-9cd4-ed953a7e944a,five_mix_frontend_v1_2026-08-06,five_mix_netlify_forms_v1,five_mix_frontend_v1_2026-08-06,completed,group_02,group_02,2026-08-12 12:20:54.902,2026-08-12 12:55:14.007,2026-08-12 12:55:14.706,2059.0,6,5,30,6,True,22,P011__trial_05,5,EDR-1,EDR-1,3,in_the_meantime,group_02_song_a_in_the_meantime,1,Song A,B,2,mix_c7bdcba64775,in_the_meantime_qut_b,mix_c7bdcba64775,in_the_meantime_qut_b,True,16,True,True,2026-08-12T11:48:35.520Z,"E was by far the top, clear instrumentals. C was next and beat B since it sounder clearer and more melodical. B just sounds quite mellow and doesnt match the music style and then A just sounds even worse ","E was by far the top, clear instrumentals. C was next and beat B since it sounder clearer and more melodical. B just sounds quite mellow and doesnt match the music style and then A just sounds even worse",149721,assets/audio/study-stimuli/main-study/group_02/song_a_in_the_meantime/qut_b.wav,0.0560294315219,17.366355896,0.000543582602404,0.000562923552934,-0.6698107538710293,-0.1978340618743536,-1.5468197375217057,0.0908009789400507
23,P011,b5dced73-1531-4648-9cd4-ed953a7e944a,five_mix_frontend_v1_2026-08-06,five_mix_netlify_forms_v1,five_mix_frontend_v1_2026-08-06,completed,group_02,group_02,2026-08-12 12:20:54.902,2026-08-12 12:55:14.007,2026-08-12 12:55:14.706,2059.0,6,5,30,6,True,23,P011__trial_05,5,EDR-1,EDR-1,3,in_the_meantime,group_02_song_a_in_the_meantime,1,Song A,C,3,mix_302f0efe8a80,in_the_meantime_du_h,mix_302f0efe8a80,in_the_meantime_du_h,True,76,True,True,2026-08-12T11:48:40.624Z,"E was by far the top, clear instrumentals. C was next and beat B since it sounder clearer and more melodical. B just sounds quite mellow and doesnt match the music style and then A just sounds even worse ","E was by far the top, clear instrumentals. C was next and beat B since it sounder clearer and more melodical. B just sounds quite mellow and doesnt match the music style and then A just sounds even worse",149721,assets/audio/study-stimuli/main-study/group_02/song_a_in_the_meantime/du_h.wav,0.0623472034931,18.601518631,0.0428314469755,0.0354086197913,0.6887214233465396,0.2719152524959843,-0.8693704120952901,0.8234428342152216
23,P011,b5dced73-1531-4648-9cd4-ed953a7e944a,five_mix_frontend_v1_2026-08-06,five_mix_netlify_forms_v1,five_mix_frontend_v1_2026-08-06,completed,group_02,group_02,2026-08-12 12:20:54.902,2026-08-12 12:55:14.007,2026-08-12 12:55:14.706,2059.0,6,5,30,6,True,24,P011__trial_05,5,EDR-1,EDR-1,3,in_the_meantime,group_02_song_a_in_the_meantime,1,Song A,D,4,mix_cdaef40f2b94,in_the_meantime_qut_pro,mix_cdaef40f2b94,in_the_meantime_qut_pro,True,55,True,True,2026-08-12T11:48:48.461Z,"E was by far the top, clear instrumentals. C was next and beat B since it sounder clearer and more melodical. B just sounds quite mellow and doesnt match the music style and then A just sounds even worse ","E was by far the top, clear instrumentals. C was next and beat B since it sounder clearer and more melodical. B just sounds quite mellow and doesnt match the music style and then A just sounds even worse",149721,assets/audio/study-stimuli/main-study/group_02/song_a_in_the_meantime/qut_pro.wav,0.0560023784637,14.1143035889,0.212649226189,-0.0385963246226,-0.6756280657690176,-1.4346341192827423,1.8511013279434223,-0.7325346788768815
23,P011,b5dced73-1531-4648-9cd4-ed953a7e944a,five_mix_frontend_v1_2026-08-06,five_mix_netlify_forms_v1,five_mix_frontend_v1_2026-08-06,completed,group_02,group_02,2026-08-12 12:20:54.902,2026-08-12 12:55:14.007,2026-08-12 12:55:14.706,2059.0,6,5,30,6,True,25,P011__trial_05,5,EDR-1,EDR-1,3,in_the_meantime,group_02_song_a_in_the_meantime,1,Song A,E,5,mix_9baa86357fd4,in_the_meantime_du_i,mix_9baa86357fd4,in_the_meantime_du_i,True,100,True,True,2026-08-12T11:48:20.756Z,"E was by far the top, clear instrumentals. C was next and beat B since it sounder clearer and more melodical. B just sounds quite mellow and doesnt match the music style and then A just sounds even worse ","E was by far the top, clear instrumentals. C was next and beat B since it sounder clearer and more melodical. B just sounds quite mellow and doesnt match the music style and then A just sounds even worse",149721,assets/audio/study-stimuli/main-study/group_02/song_a_in_the_meantime/du_i.wav,0.0503131300211,22.9316368103,0.130904406309,-0.0380811542273,-1.8990066727669184,1.9187185345499165,0.5415536857115313,-0.721703057329889
23,P011,b5dced73-1531-4648-9cd4-ed953a7e944a,five_mix_frontend_v1_2026-08-06,five_mix_netlify_forms_v1,five_mix_frontend_v1_2026-08-06,completed,group_02,group_02,2026-08-12 12:20:54.902,2026-08-12 12:55:14.007,2026-08-12 12:55:14.706,2059.0,6,5,30,6,True,26,P011__trial_06,6,EDR-1,EDR-1,3,pouring_room,group_02_song_b_pouring_room,2,Song B,A,1,mix_132e75f34470,pouring_room_mcg_pro1,mix_132e75f34470,pouring_room_mcg_pro1,True,83,True,True,2026-08-12T11:50:45.305Z,"D sounds very balanced and clear, A sounds quite flat, E sounds slightly less clear, B is a mixture if A and E, C just feels very mellow and shallow","D sounds very balanced and clear, A sounds quite flat, E sounds slightly less clear, B is a mixture if A and E, C just feels very mellow and shallow",163773,assets/audio/study-stimuli/main-study/group_02/song_b_pouring_room/mcg_pro1.wav,0.0646217316389,18.2459716797,0.0750391855836,-0.0488145165145,1.177821012274786,0.1366958746221527,-0.3534041622732912,-0.9473754159948484
23,P011,b5dced73-1531-4648-9cd4-ed953a7e944a,five_mix_frontend_v1_2026-08-06,five_mix_netlify_forms_v1,five_mix_frontend_v1_2026-08-06,completed,group_02,group_02,2026-08-12 12:20:54.902,2026-08-12 12:55:14.007,2026-08-12 12:55:14.706,2059.0,6,5,30,6,True,27,P011__trial_06,6,EDR-1,EDR-1,3,pouring_room,group_02_song_b_pouring_room,2,Song B,B,2,mix_cbf8555ee2b2,pouring_room_mcg_x,mix_cbf8555ee2b2,pouring_room_mcg_x,True,34,True,True,2026-08-12T11:50:51.795Z,"D sounds very balanced and clear, A sounds quite flat, E sounds slightly less clear, B is a mixture if A and E, C just feels very mellow and shallow","D sounds very balanced and clear, A sounds quite flat, E sounds slightly less clear, B is a mixture if A and E, C just feels very mellow and shallow",163773,assets/audio/study-stimuli/main-study/group_02/song_b_pouring_room/mcg_x.wav,0.0612343810499,19.9389343262,0.147577553988,-0.0265915170312,0.4494273963527286,0.780552768870155,0.8086566197405122,-0.4801297779726206
23,P011,b5dced73-1531-4648-9cd4-ed953a7e944a,five_mix_frontend_v1_2026-08-06,five_mix_netlify_forms_v1,five_mix_frontend_v1_2026-08-06,completed,group_02,group_02,2026-08-12 12:20:54.902,2026-08-12 12:55:14.007,2026-08-12 12:55:14.706,2059.0,6,5,30,6,True,28,P011__trial_06,6,EDR-1,EDR-1,3,pouring_room,group_02_song_b_pouring_room,2,Song B,C,3,mix_be2ccd4c43ff,pouring_room_mcg_t,mix_be2ccd4c43ff,pouring_room_mcg_t,True,0,True,True,2026-08-12T11:50:55.590Z,"D sounds very balanced and clear, A sounds quite flat, E sounds slightly less clear, B is a mixture if A and E, C just feels very mellow and shallow","D sounds very balanced and clear, A sounds quite flat, E sounds slightly less clear, B is a mixture if A and E, C just feels very mellow and shallow",163773,assets/audio/study-stimuli/main-study/group_02/song_b_pouring_room/mcg_t.wav,0.0587656274438,20.841550827,0.217380493879,-0.0455747283995,-0.0814371595061495,1.1238301932737935,1.926895983278192,-0.8792578396079359
23,P011,b5dced73-1531-4648-9cd4-ed953a7e944a,five_mix_frontend_v1_2026-08-06,five_mix_netlify_forms_v1,five_mix_frontend_v1_2026-08-06,completed,group_02,group_02,2026-08-12 12:20:54.902,2026-08-12 12:55:14.007,2026-08-12 12:55:14.706,2059.0,6,5,30,6,True,29,P011__trial_06,6,EDR-1,EDR-1,3,pouring_room,group_02_song_b_pouring_room,2,Song B,D,4,mix_e08faaf8bbb3,pouring_room_mcg_v,mix_e08faaf8bbb3,pouring_room_mcg_v,True,100,True,True,2026-08-12T11:51:06.509Z,"D sounds very balanced and clear, A sounds quite flat, E sounds slightly less clear, B is a mixture if A and E, C just feels very mellow and shallow","D sounds very balanced and clear, A sounds quite flat, E sounds slightly less clear, B is a mixture if A and E, C just feels very mellow and shallow",163773,assets/audio/study-stimuli/main-study/group_02/song_b_pouring_room/mcg_v.wav,0.0600788630545,20.8109931946,0.0795278027654,-0.0483895651996,0.2009523983216312,1.112208706920678,-0.2814967551013548,-0.938440679331238
23,P011,b5dced73-1531-4648-9cd4-ed953a7e944a,five_mix_frontend_v1_2026-08-06,five_mix_netlify_forms_v1,five_mix_frontend_v1_2026-08-06,completed,group_02,group_02,2026-08-12 12:20:54.902,2026-08-12 12:55:14.007,2026-08-12 12:55:14.706,2059.0,6,5,30,6,True,30,P011__trial_06,6,EDR-1,EDR-1,3,pouring_room,group_02_song_b_pouring_room,2,Song B,E,5,mix_0ba76f420c1d,pouring_room_mcg_r,mix_0ba76f420c1d,pouring_room_mcg_r,True,64,True,True,2026-08-12T11:50:41.133Z,"D sounds very balanced and clear, A sounds quite flat, E sounds slightly less clear, B is a mixture if A and E, C just feels very mellow and shallow","D sounds very balanced and clear, A sounds quite flat, E sounds slightly less clear, B is a mixture if A and E, C just feels very mellow and shallow",163773,assets/audio/study-stimuli/main-study/group_02/song_b_pouring_room/mcg_r.wav,0.060190629214,16.5152053833,0.14739459753,-0.0638295859098,0.2249858589620197,-0.521538265731174,0.8057256670690561,-1.2630720295337683
24,P010,f9101e11-1a06-4ebf-be31-540c4cf0facf,five_mix_frontend_v1_2026-08-06,five_mix_netlify_forms_v1,five_mix_frontend_v1_2026-08-06,completed,group_01,group_01,2026-08-11 15:17:33.141,2026-08-11 15:28:35.970,2026-08-11 15:28:37.845,663.0,6,5,30,6,True,1,P010__trial_01,1,FM-1,FM-1,1,lead_me,group_01_song_a_lead_me,1,Song A,A,1,mix_c7d9a071ba25,lead_me_pxl_l4,mix_c7d9a071ba25,lead_me_pxl_l4,True,87,True,True,2026-08-11T14:22:46.858Z,I like D and B,I like D and B,71919,assets/audio/study-stimuli/main-study/group_01/song_a_lead_me/pxl_l4.wav,0.0588876381516,15.6746520996,0.149041607976,0.109930999577,-0.0552007785055364,-0.8412121981784734,0.8321106863211235,2.390299590706203
24,P010,f9101e11-1a06-4ebf-be31-540c4cf0facf,five_mix_frontend_v1_2026-08-06,five_mix_netlify_forms_v1,five_mix_frontend_v1_2026-08-06,completed,group_01,group_01,2026-08-11 15:17:33.141,2026-08-11 15:28:35.970,2026-08-11 15:28:37.845,663.0,6,5,30,6,True,2,P010__trial_01,1,FM-1,FM-1,1,lead_me,group_01_song_a_lead_me,1,Song A,B,2,mix_271852ba8676,lead_me_du_e,mix_271852ba8676,lead_me_du_e,True,93,True,True,2026-08-11T14:22:54.128Z,I like D and B,I like D and B,71919,assets/audio/study-stimuli/main-study/group_01/song_a_lead_me/du_e.wav,0.0543773770332,19.2538223267,0.0430038608611,0.0436125770211,-1.0250576971995913,0.5199952869185839,-0.8666083508697964,0.9959336464039888
24,P010,f9101e11-1a06-4ebf-be31-540c4cf0facf,five_mix_frontend_v1_2026-08-06,five_mix_netlify_forms_v1,five_mix_frontend_v1_2026-08-06,completed,group_01,group_01,2026-08-11 15:17:33.141,2026-08-11 15:28:35.970,2026-08-11 15:28:37.845,663.0,6,5,30,6,True,3,P010__trial_01,1,FM-1,FM-1,1,lead_me,group_01_song_a_lead_me,1,Song A,C,3,mix_f1f7973e5bac,lead_me_du_d,mix_f1f7973e5bac,lead_me_du_d,True,77,True,True,2026-08-11T14:22:57.075Z,I like D and B,I like D and B,71919,assets/audio/study-stimuli/main-study/group_01/song_a_lead_me/du_d.wav,0.0625870004296,13.8143320084,0.117576912045,-0.0521329641342,0.7402857811167308,-1.548717422055362,0.3280479404435016,-1.017146833506479
24,P010,f9101e11-1a06-4ebf-be31-540c4cf0facf,five_mix_frontend_v1_2026-08-06,five_mix_netlify_forms_v1,five_mix_frontend_v1_2026-08-06,completed,group_01,group_01,2026-08-11 15:17:33.141,2026-08-11 15:28:35.970,2026-08-11 15:28:37.845,663.0,6,5,30,6,True,4,P010__trial_01,1,FM-1,FM-1,1,lead_me,group_01_song_a_lead_me,1,Song A,D,4,mix_d5b28dfc8a93,lead_me_pxl_l1,mix_d5b28dfc8a93,lead_me_pxl_l1,True,100,True,True,2026-08-11T14:22:59.065Z,I like D and B,I like D and B,71919,assets/audio/study-stimuli/main-study/group_01/song_a_lead_me/pxl_l1.wav,0.0591329820454,16.9195213318,0.0170932952315,-0.0129087874666,-0.0024436394808062,-0.3677713699084406,-1.2816942263900757,-0.1924460334762285
24,P010,f9101e11-1a06-4ebf-be31-540c4cf0facf,five_mix_frontend_v1_2026-08-06,five_mix_netlify_forms_v1,five_mix_frontend_v1_2026-08-06,completed,group_01,group_01,2026-08-11 15:17:33.141,2026-08-11 15:28:35.970,2026-08-11 15:28:37.845,663.0,6,5,30,6,True,5,P010__trial_01,1,FM-1,FM-1,1,lead_me,group_01_song_a_lead_me,1,Song A,E,5,mix_d3e3580b6e30,lead_me_mcg_pro2,mix_d3e3580b6e30,lead_me_mcg_pro2,True,68,True,True,2026-08-11T14:23:01.695Z,I like D and B,I like D and B,71919,assets/audio/study-stimuli/main-study/group_01/song_a_lead_me/mcg_pro2.wav,0.0730051249266,20.1463222504,0.0392760001123,-0.00143597240094,2.9805308263561203,0.8594252384169624,-0.9263284806752846,0.048773555233824
24,P010,f9101e11-1a06-4ebf-be31-540c4cf0facf,five_mix_frontend_v1_2026-08-06,five_mix_netlify_forms_v1,five_mix_frontend_v1_2026-08-06,completed,group_01,group_01,2026-08-11 15:17:33.141,2026-08-11 15:28:35.970,2026-08-11 15:28:37.845,663.0,6,5,30,6,True,6,P010__trial_02,2,FM-1,FM-1,1,id_like_to_know,group_01_song_b_id_like_to_know,2,Song B,A,1,mix_6f8b655d7999,id_like_to_know_pxl_s2,mix_6f8b655d7999,id_like_to_know_pxl_s2,True,89,True,True,2026-08-11T14:23:56.028Z,C feels more clear,C feels more clear,55134,assets/audio/study-stimuli/main-study/group_01/song_b_id_like_to_know/pxl_s2.wav,0.0616230294108,14.7642059326,0.049424380064,0.0224525164813,0.5329997864789321,-1.1874673519330532,-0.7637519766505488,0.5510366380169074
24,P010,f9101e11-1a06-4ebf-be31-540c4cf0facf,five_mix_frontend_v1_2026-08-06,five_mix_netlify_forms_v1,five_mix_frontend_v1_2026-08-06,completed,group_01,group_01,2026-08-11 15:17:33.141,2026-08-11 15:28:35.970,2026-08-11 15:28:37.845,663.0,6,5,30,6,True,7,P010__trial_02,2,FM-1,FM-1,1,id_like_to_know,group_01_song_b_id_like_to_know,2,Song B,B,2,mix_65f41f41d3ab,id_like_to_know_pxl_s3,mix_65f41f41d3ab,id_like_to_know_pxl_s3,True,76,True,True,2026-08-11T14:24:00.023Z,C feels more clear,C feels more clear,55134,assets/audio/study-stimuli/main-study/group_01/song_b_id_like_to_know/pxl_s3.wav,0.0606486909091,15.0860643387,0.0243665315211,-0.00842856336385,0.3234844364321996,-1.065060189455143,-1.1651773700507613,-0.0982478955990668
24,P010,f9101e11-1a06-4ebf-be31-540c4cf0facf,five_mix_frontend_v1_2026-08-06,five_mix_netlify_forms_v1,five_mix_frontend_v1_2026-08-06,completed,group_01,group_01,2026-08-11 15:17:33.141,2026-08-11 15:28:35.970,2026-08-11 15:28:37.845,663.0,6,5,30,6,True,8,P010__trial_02,2,FM-1,FM-1,1,id_like_to_know,group_01_song_b_id_like_to_know,2,Song B,C,3,mix_9ffcd672af17,id_like_to_know_pxl_s1,mix_9ffcd672af17,id_like_to_know_pxl_s1,True,100,True,True,2026-08-11T14:24:02.490Z,C feels more clear,C feels more clear,55134,assets/audio/study-stimuli/main-study/group_01/song_b_id_like_to_know/pxl_s1.wav,0.0565126091242,16.3633155823,0.0668171644211,0.0607972890139,-0.5659114167269081,-0.579304038497624,-0.4851205015292653,1.357247686182373
24,P010,f9101e11-1a06-4ebf-be31-540c4cf0facf,five_mix_frontend_v1_2026-08-06,five_mix_netlify_forms_v1,five_mix_frontend_v1_2026-08-06,completed,group_01,group_01,2026-08-11 15:17:33.141,2026-08-11 15:28:35.970,2026-08-11 15:28:37.845,663.0,6,5,30,6,True,9,P010__trial_02,2,FM-1,FM-1,1,id_like_to_know,group_01_song_b_id_like_to_know,2,Song B,D,4,mix_b393d3919c78,id_like_to_know_pxl_s7,mix_b393d3919c78,id_like_to_know_pxl_s7,True,63,True,True,2026-08-11T14:24:04.952Z,C feels more clear,C feels more clear,55134,assets/audio/study-stimuli/main-study/group_01/song_b_id_like_to_know/pxl_s7.wav,0.0551121532917,16.2593574524,0.0769432634115,-0.0537673681974,-0.867056238017743,-0.6188407399054331,-0.3229009373128245,-1.0515106991885117
24,P010,f9101e11-1a06-4ebf-be31-540c4cf0facf,five_mix_frontend_v1_2026-08-06,five_mix_netlify_forms_v1,five_mix_frontend_v1_2026-08-06,completed,group_01,group_01,2026-08-11 15:17:33.141,2026-08-11 15:28:35.970,2026-08-11 15:28:37.845,663.0,6,5,30,6,True,10,P010__trial_02,2,FM-1,FM-1,1,id_like_to_know,group_01_song_b_id_like_to_know,2,Song B,E,5,mix_82d60d7c7fc5,id_like_to_know_pxl_s5,mix_82d60d7c7fc5,id_like_to_know_pxl_s5,True,51,True,True,2026-08-11T14:24:07.151Z,C feels more clear,C feels more clear,55134,assets/audio/study-stimuli/main-study/group_01/song_b_id_like_to_know/pxl_s5.wav,0.0574779175222,17.4848575592,0.146866813302,0.0736307501793,-0.3583378408524605,-0.1527662554529231,0.7972705919658362,1.6270752922517937
24,P010,f9101e11-1a06-4ebf-be31-540c4cf0facf,five_mix_frontend_v1_2026-08-06,five_mix_netlify_forms_v1,five_mix_frontend_v1_2026-08-06,completed,group_01,group_01,2026-08-11 15:17:33.141,2026-08-11 15:28:35.970,2026-08-11 15:28:37.845,663.0,6,5,30,6,True,11,P010__trial_03,3,EDR-1,EDR-1,2,id_like_to_know,group_01_song_b_id_like_to_know,1,Song B,A,1,mix_6f8b655d7999,id_like_to_know_pxl_s2,mix_6f8b655d7999,id_like_to_know_pxl_s2,True,90,True,True,2026-08-11T14:24:55.128Z,C feels more clear and natural,C feels more clear and natural,42002,assets/audio/study-stimuli/main-study/group_01/song_b_id_like_to_know/pxl_s2.wav,0.0616230294108,14.7642059326,0.049424380064,0.0224525164813,0.5329997864789321,-1.1874673519330532,-0.7637519766505488,0.5510366380169074
24,P010,f9101e11-1a06-4ebf-be31-540c4cf0facf,five_mix_frontend_v1_2026-08-06,five_mix_netlify_forms_v1,five_mix_frontend_v1_2026-08-06,completed,group_01,group_01,2026-08-11 15:17:33.141,2026-08-11 15:28:35.970,2026-08-11 15:28:37.845,663.0,6,5,30,6,True,12,P010__trial_03,3,EDR-1,EDR-1,2,id_like_to_know,group_01_song_b_id_like_to_know,1,Song B,B,2,mix_82d60d7c7fc5,id_like_to_know_pxl_s5,mix_82d60d7c7fc5,id_like_to_know_pxl_s5,True,82,True,True,2026-08-11T14:24:58.493Z,C feels more clear and natural,C feels more clear and natural,42002,assets/audio/study-stimuli/main-study/group_01/song_b_id_like_to_know/pxl_s5.wav,0.0574779175222,17.4848575592,0.146866813302,0.0736307501793,-0.3583378408524605,-0.1527662554529231,0.7972705919658362,1.6270752922517937
24,P010,f9101e11-1a06-4ebf-be31-540c4cf0facf,five_mix_frontend_v1_2026-08-06,five_mix_netlify_forms_v1,five_mix_frontend_v1_2026-08-06,completed,group_01,group_01,2026-08-11 15:17:33.141,2026-08-11 15:28:35.970,2026-08-11 15:28:37.845,663.0,6,5,30,6,True,13,P010__trial_03,3,EDR-1,EDR-1,2,id_like_to_know,group_01_song_b_id_like_to_know,1,Song B,C,3,mix_9ffcd672af17,id_like_to_know_pxl_s1,mix_9ffcd672af17,id_like_to_know_pxl_s1,True,100,True,True,2026-08-11T14:25:01.469Z,C feels more clear and natural,C feels more clear and natural,42002,assets/audio/study-stimuli/main-study/group_01/song_b_id_like_to_know/pxl_s1.wav,0.0565126091242,16.3633155823,0.0668171644211,0.0607972890139,-0.5659114167269081,-0.579304038497624,-0.4851205015292653,1.357247686182373
24,P010,f9101e11-1a06-4ebf-be31-540c4cf0facf,five_mix_frontend_v1_2026-08-06,five_mix_netlify_forms_v1,five_mix_frontend_v1_2026-08-06,completed,group_01,group_01,2026-08-11 15:17:33.141,2026-08-11 15:28:35.970,2026-08-11 15:28:37.845,663.0,6,5,30,6,True,14,P010__trial_03,3,EDR-1,EDR-1,2,id_like_to_know,group_01_song_b_id_like_to_know,1,Song B,D,4,mix_65f41f41d3ab,id_like_to_know_pxl_s3,mix_65f41f41d3ab,id_like_to_know_pxl_s3,True,74,True,True,2026-08-11T14:25:03.404Z,C feels more clear and natural,C feels more clear and natural,42002,assets/audio/study-stimuli/main-study/group_01/song_b_id_like_to_know/pxl_s3.wav,0.0606486909091,15.0860643387,0.0243665315211,-0.00842856336385,0.3234844364321996,-1.065060189455143,-1.1651773700507613,-0.0982478955990668
24,P010,f9101e11-1a06-4ebf-be31-540c4cf0facf,five_mix_frontend_v1_2026-08-06,five_mix_netlify_forms_v1,five_mix_frontend_v1_2026-08-06,completed,group_01,group_01,2026-08-11 15:17:33.141,2026-08-11 15:28:35.970,2026-08-11 15:28:37.845,663.0,6,5,30,6,True,15,P010__trial_03,3,EDR-1,EDR-1,2,id_like_to_know,group_01_song_b_id_like_to_know,1,Song B,E,5,mix_b393d3919c78,id_like_to_know_pxl_s7,mix_b393d3919c78,id_like_to_know_pxl_s7,True,67,True,True,2026-08-11T14:25:04.860Z,C feels more clear and natural,C feels more clear and natural,42002,assets/audio/study-stimuli/main-study/group_01/song_b_id_like_to_know/pxl_s7.wav,0.0551121532917,16.2593574524,0.0769432634115,-0.0537673681974,-0.867056238017743,-0.6188407399054331,-0.3229009373128245,-1.0515106991885117
24,P010,f9101e11-1a06-4ebf-be31-540c4cf0facf,five_mix_frontend_v1_2026-08-06,five_mix_netlify_forms_v1,five_mix_frontend_v1_2026-08-06,completed,group_01,group_01,2026-08-11 15:17:33.141,2026-08-11 15:28:35.970,2026-08-11 15:28:37.845,663.0,6,5,30,6,True,16,P010__trial_04,4,EDR-1,EDR-1,2,lead_me,group_01_song_a_lead_me,2,Song A,A,1,mix_271852ba8676,lead_me_du_e,mix_271852ba8676,lead_me_du_e,True,91,True,True,2026-08-11T14:25:34.156Z,I like D because it has more bass,I like D because it has more bass,31316,assets/audio/study-stimuli/main-study/group_01/song_a_lead_me/du_e.wav,0.0543773770332,19.2538223267,0.0430038608611,0.0436125770211,-1.0250576971995913,0.5199952869185839,-0.8666083508697964,0.9959336464039888
24,P010,f9101e11-1a06-4ebf-be31-540c4cf0facf,five_mix_frontend_v1_2026-08-06,five_mix_netlify_forms_v1,five_mix_frontend_v1_2026-08-06,completed,group_01,group_01,2026-08-11 15:17:33.141,2026-08-11 15:28:35.970,2026-08-11 15:28:37.845,663.0,6,5,30,6,True,17,P010__trial_04,4,EDR-1,EDR-1,2,lead_me,group_01_song_a_lead_me,2,Song A,B,2,mix_f1f7973e5bac,lead_me_du_d,mix_f1f7973e5bac,lead_me_du_d,True,64,True,True,2026-08-11T14:25:35.863Z,I like D because it has more bass,I like D because it has more bass,31316,assets/audio/study-stimuli/main-study/group_01/song_a_lead_me/du_d.wav,0.0625870004296,13.8143320084,0.117576912045,-0.0521329641342,0.7402857811167308,-1.548717422055362,0.3280479404435016,-1.017146833506479
24,P010,f9101e11-1a06-4ebf-be31-540c4cf0facf,five_mix_frontend_v1_2026-08-06,five_mix_netlify_forms_v1,five_mix_frontend_v1_2026-08-06,completed,group_01,group_01,2026-08-11 15:17:33.141,2026-08-11 15:28:35.970,2026-08-11 15:28:37.845,663.0,6,5,30,6,True,18,P010__trial_04,4,EDR-1,EDR-1,2,lead_me,group_01_song_a_lead_me,2,Song A,C,3,mix_d5b28dfc8a93,lead_me_pxl_l1,mix_d5b28dfc8a93,lead_me_pxl_l1,True,44,True,True,2026-08-11T14:25:37.207Z,I like D because it has more bass,I like D because it has more bass,31316,assets/audio/study-stimuli/main-study/group_01/song_a_lead_me/pxl_l1.wav,0.0591329820454,16.9195213318,0.0170932952315,-0.0129087874666,-0.0024436394808062,-0.3677713699084406,-1.2816942263900757,-0.1924460334762285
24,P010,f9101e11-1a06-4ebf-be31-540c4cf0facf,five_mix_frontend_v1_2026-08-06,five_mix_netlify_forms_v1,five_mix_frontend_v1_2026-08-06,completed,group_01,group_01,2026-08-11 15:17:33.141,2026-08-11 15:28:35.970,2026-08-11 15:28:37.845,663.0,6,5,30,6,True,19,P010__trial_04,4,EDR-1,EDR-1,2,lead_me,group_01_song_a_lead_me,2,Song A,D,4,mix_c7d9a071ba25,lead_me_pxl_l4,mix_c7d9a071ba25,lead_me_pxl_l4,True,100,True,True,2026-08-11T14:25:38.541Z,I like D because it has more bass,I like D because it has more bass,31316,assets/audio/study-stimuli/main-study/group_01/song_a_lead_me/pxl_l4.wav,0.0588876381516,15.6746520996,0.149041607976,0.109930999577,-0.0552007785055364,-0.8412121981784734,0.8321106863211235,2.390299590706203
24,P010,f9101e11-1a06-4ebf-be31-540c4cf0facf,five_mix_frontend_v1_2026-08-06,five_mix_netlify_forms_v1,five_mix_frontend_v1_2026-08-06,completed,group_01,group_01,2026-08-11 15:17:33.141,2026-08-11 15:28:35.970,2026-08-11 15:28:37.845,663.0,6,5,30,6,True,20,P010__trial_04,4,EDR-1,EDR-1,2,lead_me,group_01_song_a_lead_me,2,Song A,E,5,mix_d3e3580b6e30,lead_me_mcg_pro2,mix_d3e3580b6e30,lead_me_mcg_pro2,True,72,True,True,2026-08-11T14:25:41.875Z,I like D because it has more bass,I like D because it has more bass,31316,assets/audio/study-stimuli/main-study/group_01/song_a_lead_me/mcg_pro2.wav,0.0730051249266,20.1463222504,0.0392760001123,-0.00143597240094,2.9805308263561203,0.8594252384169624,-0.9263284806752846,0.048773555233824
24,P010,f9101e11-1a06-4ebf-be31-540c4cf0facf,five_mix_frontend_v1_2026-08-06,five_mix_netlify_forms_v1,five_mix_frontend_v1_2026-08-06,completed,group_01,group_01,2026-08-11 15:17:33.141,2026-08-11 15:28:35.970,2026-08-11 15:28:37.845,663.0,6,5,30,6,True,21,P010__trial_05,5,EDR-2,EDR-2,3,lead_me,group_01_song_a_lead_me,1,Song A,A,1,mix_d5b28dfc8a93,lead_me_pxl_l1,mix_d5b28dfc8a93,lead_me_pxl_l1,True,100,True,True,2026-08-11T14:26:06.459Z,  I liked And C both are good,I liked And C both are good,44864,assets/audio/study-stimuli/main-study/group_01/song_a_lead_me/pxl_l1.wav,0.0591329820454,16.9195213318,0.0170932952315,-0.0129087874666,-0.0024436394808062,-0.3677713699084406,-1.2816942263900757,-0.1924460334762285
24,P010,f9101e11-1a06-4ebf-be31-540c4cf0facf,five_mix_frontend_v1_2026-08-06,five_mix_netlify_forms_v1,five_mix_frontend_v1_2026-08-06,completed,group_01,group_01,2026-08-11 15:17:33.141,2026-08-11 15:28:35.970,2026-08-11 15:28:37.845,663.0,6,5,30,6,True,22,P010__trial_05,5,EDR-2,EDR-2,3,lead_me,group_01_song_a_lead_me,1,Song A,B,2,mix_d3e3580b6e30,lead_me_mcg_pro2,mix_d3e3580b6e30,lead_me_mcg_pro2,True,62,True,True,2026-08-11T14:26:15.890Z,  I liked And C both are good,I liked And C both are good,44864,assets/audio/study-stimuli/main-study/group_01/song_a_lead_me/mcg_pro2.wav,0.0730051249266,20.1463222504,0.0392760001123,-0.00143597240094,2.9805308263561203,0.8594252384169624,-0.9263284806752846,0.048773555233824
24,P010,f9101e11-1a06-4ebf-be31-540c4cf0facf,five_mix_frontend_v1_2026-08-06,five_mix_netlify_forms_v1,five_mix_frontend_v1_2026-08-06,completed,group_01,group_01,2026-08-11 15:17:33.141,2026-08-11 15:28:35.970,2026-08-11 15:28:37.845,663.0,6,5,30,6,True,23,P010__trial_05,5,EDR-2,EDR-2,3,lead_me,group_01_song_a_lead_me,1,Song A,C,3,mix_c7d9a071ba25,lead_me_pxl_l4,mix_c7d9a071ba25,lead_me_pxl_l4,True,100,True,True,2026-08-11T14:26:08.442Z,  I liked And C both are good,I liked And C both are good,44864,assets/audio/study-stimuli/main-study/group_01/song_a_lead_me/pxl_l4.wav,0.0588876381516,15.6746520996,0.149041607976,0.109930999577,-0.0552007785055364,-0.8412121981784734,0.8321106863211235,2.390299590706203
24,P010,f9101e11-1a06-4ebf-be31-540c4cf0facf,five_mix_frontend_v1_2026-08-06,five_mix_netlify_forms_v1,five_mix_frontend_v1_2026-08-06,completed,group_01,group_01,2026-08-11 15:17:33.141,2026-08-11 15:28:35.970,2026-08-11 15:28:37.845,663.0,6,5,30,6,True,24,P010__trial_05,5,EDR-2,EDR-2,3,lead_me,group_01_song_a_lead_me,1,Song A,D,4,mix_271852ba8676,lead_me_du_e,mix_271852ba8676,lead_me_du_e,True,82,True,True,2026-08-11T14:26:09.890Z,  I liked And C both are good,I liked And C both are good,44864,assets/audio/study-stimuli/main-study/group_01/song_a_lead_me/du_e.wav,0.0543773770332,19.2538223267,0.0430038608611,0.0436125770211,-1.0250576971995913,0.5199952869185839,-0.8666083508697964,0.9959336464039888
24,P010,f9101e11-1a06-4ebf-be31-540c4cf0facf,five_mix_frontend_v1_2026-08-06,five_mix_netlify_forms_v1,five_mix_frontend_v1_2026-08-06,completed,group_01,group_01,2026-08-11 15:17:33.141,2026-08-11 15:28:35.970,2026-08-11 15:28:37.845,663.0,6,5,30,6,True,25,P010__trial_05,5,EDR-2,EDR-2,3,lead_me,group_01_song_a_lead_me,1,Song A,E,5,mix_f1f7973e5bac,lead_me_du_d,mix_f1f7973e5bac,lead_me_du_d,True,89,True,True,2026-08-11T14:26:19.027Z,  I liked And C both are good,I liked And C both are good,44864,assets/audio/study-stimuli/main-study/group_01/song_a_lead_me/du_d.wav,0.0625870004296,13.8143320084,0.117576912045,-0.0521329641342,0.7402857811167308,-1.548717422055362,0.3280479404435016,-1.017146833506479
24,P010,f9101e11-1a06-4ebf-be31-540c4cf0facf,five_mix_frontend_v1_2026-08-06,five_mix_netlify_forms_v1,five_mix_frontend_v1_2026-08-06,completed,group_01,group_01,2026-08-11 15:17:33.141,2026-08-11 15:28:35.970,2026-08-11 15:28:37.845,663.0,6,5,30,6,True,26,P010__trial_06,6,EDR-2,EDR-2,3,id_like_to_know,group_01_song_b_id_like_to_know,2,Song B,A,1,mix_82d60d7c7fc5,id_like_to_know_pxl_s5,mix_82d60d7c7fc5,id_like_to_know_pxl_s5,True,100,True,True,2026-08-11T14:26:55.658Z,i like all the version all are different but i liked it,i like all the version all are different but i liked it,36955,assets/audio/study-stimuli/main-study/group_01/song_b_id_like_to_know/pxl_s5.wav,0.0574779175222,17.4848575592,0.146866813302,0.0736307501793,-0.3583378408524605,-0.1527662554529231,0.7972705919658362,1.6270752922517937
24,P010,f9101e11-1a06-4ebf-be31-540c4cf0facf,five_mix_frontend_v1_2026-08-06,five_mix_netlify_forms_v1,five_mix_frontend_v1_2026-08-06,completed,group_01,group_01,2026-08-11 15:17:33.141,2026-08-11 15:28:35.970,2026-08-11 15:28:37.845,663.0,6,5,30,6,True,27,P010__trial_06,6,EDR-2,EDR-2,3,id_like_to_know,group_01_song_b_id_like_to_know,2,Song B,B,2,mix_9ffcd672af17,id_like_to_know_pxl_s1,mix_9ffcd672af17,id_like_to_know_pxl_s1,True,100,True,True,2026-08-11T14:26:54.708Z,i like all the version all are different but i liked it,i like all the version all are different but i liked it,36955,assets/audio/study-stimuli/main-study/group_01/song_b_id_like_to_know/pxl_s1.wav,0.0565126091242,16.3633155823,0.0668171644211,0.0607972890139,-0.5659114167269081,-0.579304038497624,-0.4851205015292653,1.357247686182373
24,P010,f9101e11-1a06-4ebf-be31-540c4cf0facf,five_mix_frontend_v1_2026-08-06,five_mix_netlify_forms_v1,five_mix_frontend_v1_2026-08-06,completed,group_01,group_01,2026-08-11 15:17:33.141,2026-08-11 15:28:35.970,2026-08-11 15:28:37.845,663.0,6,5,30,6,True,28,P010__trial_06,6,EDR-2,EDR-2,3,id_like_to_know,group_01_song_b_id_like_to_know,2,Song B,C,3,mix_6f8b655d7999,id_like_to_know_pxl_s2,mix_6f8b655d7999,id_like_to_know_pxl_s2,True,100,True,True,2026-08-11T14:26:53.606Z,i like all the version all are different but i liked it,i like all the version all are different but i liked it,36955,assets/audio/study-stimuli/main-study/group_01/song_b_id_like_to_know/pxl_s2.wav,0.0616230294108,14.7642059326,0.049424380064,0.0224525164813,0.5329997864789321,-1.1874673519330532,-0.7637519766505488,0.5510366380169074
24,P010,f9101e11-1a06-4ebf-be31-540c4cf0facf,five_mix_frontend_v1_2026-08-06,five_mix_netlify_forms_v1,five_mix_frontend_v1_2026-08-06,completed,group_01,group_01,2026-08-11 15:17:33.141,2026-08-11 15:28:35.970,2026-08-11 15:28:37.845,663.0,6,5,30,6,True,29,P010__trial_06,6,EDR-2,EDR-2,3,id_like_to_know,group_01_song_b_id_like_to_know,2,Song B,D,4,mix_b393d3919c78,id_like_to_know_pxl_s7,mix_b393d3919c78,id_like_to_know_pxl_s7,True,100,True,True,2026-08-11T14:26:52.282Z,i like all the version all are different but i liked it,i like all the version all are different but i liked it,36955,assets/audio/study-stimuli/main-study/group_01/song_b_id_like_to_know/pxl_s7.wav,0.0551121532917,16.2593574524,0.0769432634115,-0.0537673681974,-0.867056238017743,-0.6188407399054331,-0.3229009373128245,-1.0515106991885117
24,P010,f9101e11-1a06-4ebf-be31-540c4cf0facf,five_mix_frontend_v1_2026-08-06,five_mix_netlify_forms_v1,five_mix_frontend_v1_2026-08-06,completed,group_01,group_01,2026-08-11 15:17:33.141,2026-08-11 15:28:35.970,2026-08-11 15:28:37.845,663.0,6,5,30,6,True,30,P010__trial_06,6,EDR-2,EDR-2,3,id_like_to_know,group_01_song_b_id_like_to_know,2,Song B,E,5,mix_65f41f41d3ab,id_like_to_know_pxl_s3,mix_65f41f41d3ab,id_like_to_know_pxl_s3,True,100,True,True,2026-08-11T14:26:51.108Z,i like all the version all are different but i liked it,i like all the version all are different but i liked it,36955,assets/audio/study-stimuli/main-study/group_01/song_b_id_like_to_know/pxl_s3.wav,0.0606486909091,15.0860643387,0.0243665315211,-0.00842856336385,0.3234844364321996,-1.065060189455143,-1.1651773700507613,-0.0982478955990668
25,P009,0d7e3d95-a72f-455b-9d6a-b8a843ca337b,five_mix_frontend_v1_2026-08-06,five_mix_netlify_forms_v1,five_mix_frontend_v1_2026-08-06,completed,group_02,group_02,2026-08-11 07:40:11.454,2026-08-11 12:55:59.000,2026-08-11 12:55:59.932,18948.0,6,5,30,6,True,1,P009__trial_01,1,FM-1,FM-1,1,pouring_room,group_02_song_b_pouring_room,1,Song B,A,1,mix_132e75f34470,pouring_room_mcg_pro1,mix_132e75f34470,pouring_room_mcg_pro1,True,100,True,True,2026-08-11T06:49:13.894Z,To focus I prefer songs with less background instrumental music to focus ,To focus I prefer songs with less background instrumental music to focus,127029,assets/audio/study-stimuli/main-study/group_02/song_b_pouring_room/mcg_pro1.wav,0.0646217316389,18.2459716797,0.0750391855836,-0.0488145165145,1.177821012274786,0.1366958746221527,-0.3534041622732912,-0.9473754159948484
25,P009,0d7e3d95-a72f-455b-9d6a-b8a843ca337b,five_mix_frontend_v1_2026-08-06,five_mix_netlify_forms_v1,five_mix_frontend_v1_2026-08-06,completed,group_02,group_02,2026-08-11 07:40:11.454,2026-08-11 12:55:59.000,2026-08-11 12:55:59.932,18948.0,6,5,30,6,True,2,P009__trial_01,1,FM-1,FM-1,1,pouring_room,group_02_song_b_pouring_room,1,Song B,B,2,mix_be2ccd4c43ff,pouring_room_mcg_t,mix_be2ccd4c43ff,pouring_room_mcg_t,True,0,True,True,2026-08-11T06:49:11.751Z,To focus I prefer songs with less background instrumental music to focus ,To focus I prefer songs with less background instrumental music to focus,127029,assets/audio/study-stimuli/main-study/group_02/song_b_pouring_room/mcg_t.wav,0.0587656274438,20.841550827,0.217380493879,-0.0455747283995,-0.0814371595061495,1.1238301932737935,1.926895983278192,-0.8792578396079359
25,P009,0d7e3d95-a72f-455b-9d6a-b8a843ca337b,five_mix_frontend_v1_2026-08-06,five_mix_netlify_forms_v1,five_mix_frontend_v1_2026-08-06,completed,group_02,group_02,2026-08-11 07:40:11.454,2026-08-11 12:55:59.000,2026-08-11 12:55:59.932,18948.0,6,5,30,6,True,3,P009__trial_01,1,FM-1,FM-1,1,pouring_room,group_02_song_b_pouring_room,1,Song B,C,3,mix_e08faaf8bbb3,pouring_room_mcg_v,mix_e08faaf8bbb3,pouring_room_mcg_v,True,26,True,True,2026-08-11T06:49:06.422Z,To focus I prefer songs with less background instrumental music to focus ,To focus I prefer songs with less background instrumental music to focus,127029,assets/audio/study-stimuli/main-study/group_02/song_b_pouring_room/mcg_v.wav,0.0600788630545,20.8109931946,0.0795278027654,-0.0483895651996,0.2009523983216312,1.112208706920678,-0.2814967551013548,-0.938440679331238
25,P009,0d7e3d95-a72f-455b-9d6a-b8a843ca337b,five_mix_frontend_v1_2026-08-06,five_mix_netlify_forms_v1,five_mix_frontend_v1_2026-08-06,completed,group_02,group_02,2026-08-11 07:40:11.454,2026-08-11 12:55:59.000,2026-08-11 12:55:59.932,18948.0,6,5,30,6,True,4,P009__trial_01,1,FM-1,FM-1,1,pouring_room,group_02_song_b_pouring_room,1,Song B,D,4,mix_0ba76f420c1d,pouring_room_mcg_r,mix_0ba76f420c1d,pouring_room_mcg_r,True,76,True,True,2026-08-11T06:49:01.876Z,To focus I prefer songs with less background instrumental music to focus ,To focus I prefer songs with less background instrumental music to focus,127029,assets/audio/study-stimuli/main-study/group_02/song_b_pouring_room/mcg_r.wav,0.060190629214,16.5152053833,0.14739459753,-0.0638295859098,0.2249858589620197,-0.521538265731174,0.8057256670690561,-1.2630720295337683
25,P009,0d7e3d95-a72f-455b-9d6a-b8a843ca337b,five_mix_frontend_v1_2026-08-06,five_mix_netlify_forms_v1,five_mix_frontend_v1_2026-08-06,completed,group_02,group_02,2026-08-11 07:40:11.454,2026-08-11 12:55:59.000,2026-08-11 12:55:59.932,18948.0,6,5,30,6,True,5,P009__trial_01,1,FM-1,FM-1,1,pouring_room,group_02_song_b_pouring_room,1,Song B,E,5,mix_cbf8555ee2b2,pouring_room_mcg_x,mix_cbf8555ee2b2,pouring_room_mcg_x,True,52,True,True,2026-08-11T06:48:56.518Z,To focus I prefer songs with less background instrumental music to focus ,To focus I prefer songs with less background instrumental music to focus,127029,assets/audio/study-stimuli/main-study/group_02/song_b_pouring_room/mcg_x.wav,0.0612343810499,19.9389343262,0.147577553988,-0.0265915170312,0.4494273963527286,0.780552768870155,0.8086566197405122,-0.4801297779726206
25,P009,0d7e3d95-a72f-455b-9d6a-b8a843ca337b,five_mix_frontend_v1_2026-08-06,five_mix_netlify_forms_v1,five_mix_frontend_v1_2026-08-06,completed,group_02,group_02,2026-08-11 07:40:11.454,2026-08-11 12:55:59.000,2026-08-11 12:55:59.932,18948.0,6,5,30,6,True,6,P009__trial_02,2,FM-1,FM-1,1,in_the_meantime,group_02_song_a_in_the_meantime,2,Song A,A,1,mix_c7bdcba64775,in_the_meantime_qut_b,mix_c7bdcba64775,in_the_meantime_qut_b,True,18,True,True,2026-08-11T06:51:18.918Z,I need to feel energy in the song,I need to feel energy in the song,169431,assets/audio/study-stimuli/main-study/group_02/song_a_in_the_meantime/qut_b.wav,0.0560294315219,17.366355896,0.000543582602404,0.000562923552934,-0.6698107538710293,-0.1978340618743536,-1.5468197375217057,0.0908009789400507
25,P009,0d7e3d95-a72f-455b-9d6a-b8a843ca337b,five_mix_frontend_v1_2026-08-06,five_mix_netlify_forms_v1,five_mix_frontend_v1_2026-08-06,completed,group_02,group_02,2026-08-11 07:40:11.454,2026-08-11 12:55:59.000,2026-08-11 12:55:59.932,18948.0,6,5,30,6,True,7,P009__trial_02,2,FM-1,FM-1,1,in_the_meantime,group_02_song_a_in_the_meantime,2,Song A,B,2,mix_302f0efe8a80,in_the_meantime_du_h,mix_302f0efe8a80,in_the_meantime_du_h,True,45,True,True,2026-08-11T06:51:16.668Z,I need to feel energy in the song,I need to feel energy in the song,169431,assets/audio/study-stimuli/main-study/group_02/song_a_in_the_meantime/du_h.wav,0.0623472034931,18.601518631,0.0428314469755,0.0354086197913,0.6887214233465396,0.2719152524959843,-0.8693704120952901,0.8234428342152216
25,P009,0d7e3d95-a72f-455b-9d6a-b8a843ca337b,five_mix_frontend_v1_2026-08-06,five_mix_netlify_forms_v1,five_mix_frontend_v1_2026-08-06,completed,group_02,group_02,2026-08-11 07:40:11.454,2026-08-11 12:55:59.000,2026-08-11 12:55:59.932,18948.0,6,5,30,6,True,8,P009__trial_02,2,FM-1,FM-1,1,in_the_meantime,group_02_song_a_in_the_meantime,2,Song A,C,3,mix_cdaef40f2b94,in_the_meantime_qut_pro,mix_cdaef40f2b94,in_the_meantime_qut_pro,True,72,True,True,2026-08-11T06:51:13.653Z,I need to feel energy in the song,I need to feel energy in the song,169431,assets/audio/study-stimuli/main-study/group_02/song_a_in_the_meantime/qut_pro.wav,0.0560023784637,14.1143035889,0.212649226189,-0.0385963246226,-0.6756280657690176,-1.4346341192827423,1.8511013279434223,-0.7325346788768815
25,P009,0d7e3d95-a72f-455b-9d6a-b8a843ca337b,five_mix_frontend_v1_2026-08-06,five_mix_netlify_forms_v1,five_mix_frontend_v1_2026-08-06,completed,group_02,group_02,2026-08-11 07:40:11.454,2026-08-11 12:55:59.000,2026-08-11 12:55:59.932,18948.0,6,5,30,6,True,9,P009__trial_02,2,FM-1,FM-1,1,in_the_meantime,group_02_song_a_in_the_meantime,2,Song A,D,4,mix_9baa86357fd4,in_the_meantime_du_i,mix_9baa86357fd4,in_the_meantime_du_i,True,98,True,True,2026-08-11T06:51:11.342Z,I need to feel energy in the song,I need to feel energy in the song,169431,assets/audio/study-stimuli/main-study/group_02/song_a_in_the_meantime/du_i.wav,0.0503131300211,22.9316368103,0.130904406309,-0.0380811542273,-1.8990066727669184,1.9187185345499165,0.5415536857115313,-0.721703057329889
25,P009,0d7e3d95-a72f-455b-9d6a-b8a843ca337b,five_mix_frontend_v1_2026-08-06,five_mix_netlify_forms_v1,five_mix_frontend_v1_2026-08-06,completed,group_02,group_02,2026-08-11 07:40:11.454,2026-08-11 12:55:59.000,2026-08-11 12:55:59.932,18948.0,6,5,30,6,True,10,P009__trial_02,2,FM-1,FM-1,1,in_the_meantime,group_02_song_a_in_the_meantime,2,Song A,E,5,mix_56e65a3ce054,in_the_meantime_du_k,mix_56e65a3ce054,in_the_meantime_du_k,True,0,True,True,2026-08-11T06:51:07.581Z,I need to feel energy in the song,I need to feel energy in the song,169431,assets/audio/study-stimuli/main-study/group_02/song_a_in_the_meantime/du_k.wav,0.0539390221238,22.5979270935,0.15773075819,0.0170408543199,-1.1193186569455127,1.7918041562064675,0.9713104079970216,0.4372547184671072
25,P009,0d7e3d95-a72f-455b-9d6a-b8a843ca337b,five_mix_frontend_v1_2026-08-06,five_mix_netlify_forms_v1,five_mix_frontend_v1_2026-08-06,completed,group_02,group_02,2026-08-11 07:40:11.454,2026-08-11 12:55:59.000,2026-08-11 12:55:59.932,18948.0,6,5,30,6,True,11,P009__trial_03,3,EDR-1,EDR-1,2,in_the_meantime,group_02_song_a_in_the_meantime,1,Song A,A,1,mix_9baa86357fd4,in_the_meantime_du_i,mix_9baa86357fd4,in_the_meantime_du_i,True,27,True,True,2026-08-11T06:53:54.999Z,I need chill vibe,I need chill vibe,122927,assets/audio/study-stimuli/main-study/group_02/song_a_in_the_meantime/du_i.wav,0.0503131300211,22.9316368103,0.130904406309,-0.0380811542273,-1.8990066727669184,1.9187185345499165,0.5415536857115313,-0.721703057329889
25,P009,0d7e3d95-a72f-455b-9d6a-b8a843ca337b,five_mix_frontend_v1_2026-08-06,five_mix_netlify_forms_v1,five_mix_frontend_v1_2026-08-06,completed,group_02,group_02,2026-08-11 07:40:11.454,2026-08-11 12:55:59.000,2026-08-11 12:55:59.932,18948.0,6,5,30,6,True,12,P009__trial_03,3,EDR-1,EDR-1,2,in_the_meantime,group_02_song_a_in_the_meantime,1,Song A,B,2,mix_cdaef40f2b94,in_the_meantime_qut_pro,mix_cdaef40f2b94,in_the_meantime_qut_pro,True,45,True,True,2026-08-11T06:53:53.224Z,I need chill vibe,I need chill vibe,122927,assets/audio/study-stimuli/main-study/group_02/song_a_in_the_meantime/qut_pro.wav,0.0560023784637,14.1143035889,0.212649226189,-0.0385963246226,-0.6756280657690176,-1.4346341192827423,1.8511013279434223,-0.7325346788768815
25,P009,0d7e3d95-a72f-455b-9d6a-b8a843ca337b,five_mix_frontend_v1_2026-08-06,five_mix_netlify_forms_v1,five_mix_frontend_v1_2026-08-06,completed,group_02,group_02,2026-08-11 07:40:11.454,2026-08-11 12:55:59.000,2026-08-11 12:55:59.932,18948.0,6,5,30,6,True,13,P009__trial_03,3,EDR-1,EDR-1,2,in_the_meantime,group_02_song_a_in_the_meantime,1,Song A,C,3,mix_c7bdcba64775,in_the_meantime_qut_b,mix_c7bdcba64775,in_the_meantime_qut_b,True,68,True,True,2026-08-11T06:53:51.129Z,I need chill vibe,I need chill vibe,122927,assets/audio/study-stimuli/main-study/group_02/song_a_in_the_meantime/qut_b.wav,0.0560294315219,17.366355896,0.000543582602404,0.000562923552934,-0.6698107538710293,-0.1978340618743536,-1.5468197375217057,0.0908009789400507
25,P009,0d7e3d95-a72f-455b-9d6a-b8a843ca337b,five_mix_frontend_v1_2026-08-06,five_mix_netlify_forms_v1,five_mix_frontend_v1_2026-08-06,completed,group_02,group_02,2026-08-11 07:40:11.454,2026-08-11 12:55:59.000,2026-08-11 12:55:59.932,18948.0,6,5,30,6,True,14,P009__trial_03,3,EDR-1,EDR-1,2,in_the_meantime,group_02_song_a_in_the_meantime,1,Song A,D,4,mix_302f0efe8a80,in_the_meantime_du_h,mix_302f0efe8a80,in_the_meantime_du_h,True,88,True,True,2026-08-11T06:53:48.370Z,I need chill vibe,I need chill vibe,122927,assets/audio/study-stimuli/main-study/group_02/song_a_in_the_meantime/du_h.wav,0.0623472034931,18.601518631,0.0428314469755,0.0354086197913,0.6887214233465396,0.2719152524959843,-0.8693704120952901,0.8234428342152216
25,P009,0d7e3d95-a72f-455b-9d6a-b8a843ca337b,five_mix_frontend_v1_2026-08-06,five_mix_netlify_forms_v1,five_mix_frontend_v1_2026-08-06,completed,group_02,group_02,2026-08-11 07:40:11.454,2026-08-11 12:55:59.000,2026-08-11 12:55:59.932,18948.0,6,5,30,6,True,15,P009__trial_03,3,EDR-1,EDR-1,2,in_the_meantime,group_02_song_a_in_the_meantime,1,Song A,E,5,mix_56e65a3ce054,in_the_meantime_du_k,mix_56e65a3ce054,in_the_meantime_du_k,True,8,True,True,2026-08-11T06:53:45.778Z,I need chill vibe,I need chill vibe,122927,assets/audio/study-stimuli/main-study/group_02/song_a_in_the_meantime/du_k.wav,0.0539390221238,22.5979270935,0.15773075819,0.0170408543199,-1.1193186569455127,1.7918041562064675,0.9713104079970216,0.4372547184671072
25,P009,0d7e3d95-a72f-455b-9d6a-b8a843ca337b,five_mix_frontend_v1_2026-08-06,five_mix_netlify_forms_v1,five_mix_frontend_v1_2026-08-06,completed,group_02,group_02,2026-08-11 07:40:11.454,2026-08-11 12:55:59.000,2026-08-11 12:55:59.932,18948.0,6,5,30,6,True,16,P009__trial_04,4,EDR-1,EDR-1,2,pouring_room,group_02_song_b_pouring_room,2,Song B,A,1,mix_132e75f34470,pouring_room_mcg_pro1,mix_132e75f34470,pouring_room_mcg_pro1,True,91,True,True,2026-08-11T06:55:52.763Z,I matches my vibe,I matches my vibe,106099,assets/audio/study-stimuli/main-study/group_02/song_b_pouring_room/mcg_pro1.wav,0.0646217316389,18.2459716797,0.0750391855836,-0.0488145165145,1.177821012274786,0.1366958746221527,-0.3534041622732912,-0.9473754159948484
25,P009,0d7e3d95-a72f-455b-9d6a-b8a843ca337b,five_mix_frontend_v1_2026-08-06,five_mix_netlify_forms_v1,five_mix_frontend_v1_2026-08-06,completed,group_02,group_02,2026-08-11 07:40:11.454,2026-08-11 12:55:59.000,2026-08-11 12:55:59.932,18948.0,6,5,30,6,True,17,P009__trial_04,4,EDR-1,EDR-1,2,pouring_room,group_02_song_b_pouring_room,2,Song B,B,2,mix_0ba76f420c1d,pouring_room_mcg_r,mix_0ba76f420c1d,pouring_room_mcg_r,True,70,True,True,2026-08-11T06:55:50.459Z,I matches my vibe,I matches my vibe,106099,assets/audio/study-stimuli/main-study/group_02/song_b_pouring_room/mcg_r.wav,0.060190629214,16.5152053833,0.14739459753,-0.0638295859098,0.2249858589620197,-0.521538265731174,0.8057256670690561,-1.2630720295337683
25,P009,0d7e3d95-a72f-455b-9d6a-b8a843ca337b,five_mix_frontend_v1_2026-08-06,five_mix_netlify_forms_v1,five_mix_frontend_v1_2026-08-06,completed,group_02,group_02,2026-08-11 07:40:11.454,2026-08-11 12:55:59.000,2026-08-11 12:55:59.932,18948.0,6,5,30,6,True,18,P009__trial_04,4,EDR-1,EDR-1,2,pouring_room,group_02_song_b_pouring_room,2,Song B,C,3,mix_cbf8555ee2b2,pouring_room_mcg_x,mix_cbf8555ee2b2,pouring_room_mcg_x,True,25,True,True,2026-08-11T06:55:48.845Z,I matches my vibe,I matches my vibe,106099,assets/audio/study-stimuli/main-study/group_02/song_b_pouring_room/mcg_x.wav,0.0612343810499,19.9389343262,0.147577553988,-0.0265915170312,0.4494273963527286,0.780552768870155,0.8086566197405122,-0.4801297779726206
25,P009,0d7e3d95-a72f-455b-9d6a-b8a843ca337b,five_mix_frontend_v1_2026-08-06,five_mix_netlify_forms_v1,five_mix_frontend_v1_2026-08-06,completed,group_02,group_02,2026-08-11 07:40:11.454,2026-08-11 12:55:59.000,2026-08-11 12:55:59.932,18948.0,6,5,30,6,True,19,P009__trial_04,4,EDR-1,EDR-1,2,pouring_room,group_02_song_b_pouring_room,2,Song B,D,4,mix_be2ccd4c43ff,pouring_room_mcg_t,mix_be2ccd4c43ff,pouring_room_mcg_t,True,4,True,True,2026-08-11T06:55:46.214Z,I matches my vibe,I matches my vibe,106099,assets/audio/study-stimuli/main-study/group_02/song_b_pouring_room/mcg_t.wav,0.0587656274438,20.841550827,0.217380493879,-0.0455747283995,-0.0814371595061495,1.1238301932737935,1.926895983278192,-0.8792578396079359
25,P009,0d7e3d95-a72f-455b-9d6a-b8a843ca337b,five_mix_frontend_v1_2026-08-06,five_mix_netlify_forms_v1,five_mix_frontend_v1_2026-08-06,completed,group_02,group_02,2026-08-11 07:40:11.454,2026-08-11 12:55:59.000,2026-08-11 12:55:59.932,18948.0,6,5,30,6,True,20,P009__trial_04,4,EDR-1,EDR-1,2,pouring_room,group_02_song_b_pouring_room,2,Song B,E,5,mix_e08faaf8bbb3,pouring_room_mcg_v,mix_e08faaf8bbb3,pouring_room_mcg_v,True,47,True,True,2026-08-11T06:55:43.997Z,I matches my vibe,I matches my vibe,106099,assets/audio/study-stimuli/main-study/group_02/song_b_pouring_room/mcg_v.wav,0.0600788630545,20.8109931946,0.0795278027654,-0.0483895651996,0.2009523983216312,1.112208706920678,-0.2814967551013548,-0.938440679331238
25,P009,0d7e3d95-a72f-455b-9d6a-b8a843ca337b,five_mix_frontend_v1_2026-08-06,five_mix_netlify_forms_v1,five_mix_frontend_v1_2026-08-06,completed,group_02,group_02,2026-08-11 07:40:11.454,2026-08-11 12:55:59.000,2026-08-11 12:55:59.932,18948.0,6,5,30,6,True,21,P009__trial_05,5,EDR-2,EDR-2,3,pouring_room,group_02_song_b_pouring_room,1,Song B,A,1,mix_cbf8555ee2b2,pouring_room_mcg_x,mix_cbf8555ee2b2,pouring_room_mcg_x,True,51,True,True,2026-08-11T11:52:58.770Z,It is calm music ,It is calm music,17770394,assets/audio/study-stimuli/main-study/group_02/song_b_pouring_room/mcg_x.wav,0.0612343810499,19.9389343262,0.147577553988,-0.0265915170312,0.4494273963527286,0.780552768870155,0.8086566197405122,-0.4801297779726206
25,P009,0d7e3d95-a72f-455b-9d6a-b8a843ca337b,five_mix_frontend_v1_2026-08-06,five_mix_netlify_forms_v1,five_mix_frontend_v1_2026-08-06,completed,group_02,group_02,2026-08-11 07:40:11.454,2026-08-11 12:55:59.000,2026-08-11 12:55:59.932,18948.0,6,5,30,6,True,22,P009__trial_05,5,EDR-2,EDR-2,3,pouring_room,group_02_song_b_pouring_room,1,Song B,B,2,mix_be2ccd4c43ff,pouring_room_mcg_t,mix_be2ccd4c43ff,pouring_room_mcg_t,True,24,True,True,2026-08-11T11:52:56.634Z,It is calm music ,It is calm music,17770394,assets/audio/study-stimuli/main-study/group_02/song_b_pouring_room/mcg_t.wav,0.0587656274438,20.841550827,0.217380493879,-0.0455747283995,-0.0814371595061495,1.1238301932737935,1.926895983278192,-0.8792578396079359
25,P009,0d7e3d95-a72f-455b-9d6a-b8a843ca337b,five_mix_frontend_v1_2026-08-06,five_mix_netlify_forms_v1,five_mix_frontend_v1_2026-08-06,completed,group_02,group_02,2026-08-11 07:40:11.454,2026-08-11 12:55:59.000,2026-08-11 12:55:59.932,18948.0,6,5,30,6,True,23,P009__trial_05,5,EDR-2,EDR-2,3,pouring_room,group_02_song_b_pouring_room,1,Song B,C,3,mix_0ba76f420c1d,pouring_room_mcg_r,mix_0ba76f420c1d,pouring_room_mcg_r,True,96,True,True,2026-08-11T11:52:55.140Z,It is calm music ,It is calm music,17770394,assets/audio/study-stimuli/main-study/group_02/song_b_pouring_room/mcg_r.wav,0.060190629214,16.5152053833,0.14739459753,-0.0638295859098,0.2249858589620197,-0.521538265731174,0.8057256670690561,-1.2630720295337683
25,P009,0d7e3d95-a72f-455b-9d6a-b8a843ca337b,five_mix_frontend_v1_2026-08-06,five_mix_netlify_forms_v1,five_mix_frontend_v1_2026-08-06,completed,group_02,group_02,2026-08-11 07:40:11.454,2026-08-11 12:55:59.000,2026-08-11 12:55:59.932,18948.0,6,5,30,6,True,24,P009__trial_05,5,EDR-2,EDR-2,3,pouring_room,group_02_song_b_pouring_room,1,Song B,D,4,mix_e08faaf8bbb3,pouring_room_mcg_v,mix_e08faaf8bbb3,pouring_room_mcg_v,True,76,True,True,2026-08-11T11:52:53.211Z,It is calm music ,It is calm music,17770394,assets/audio/study-stimuli/main-study/group_02/song_b_pouring_room/mcg_v.wav,0.0600788630545,20.8109931946,0.0795278027654,-0.0483895651996,0.2009523983216312,1.112208706920678,-0.2814967551013548,-0.938440679331238
25,P009,0d7e3d95-a72f-455b-9d6a-b8a843ca337b,five_mix_frontend_v1_2026-08-06,five_mix_netlify_forms_v1,five_mix_frontend_v1_2026-08-06,completed,group_02,group_02,2026-08-11 07:40:11.454,2026-08-11 12:55:59.000,2026-08-11 12:55:59.932,18948.0,6,5,30,6,True,25,P009__trial_05,5,EDR-2,EDR-2,3,pouring_room,group_02_song_b_pouring_room,1,Song B,E,5,mix_132e75f34470,pouring_room_mcg_pro1,mix_132e75f34470,pouring_room_mcg_pro1,True,98,True,True,2026-08-11T11:52:48.957Z,It is calm music ,It is calm music,17770394,assets/audio/study-stimuli/main-study/group_02/song_b_pouring_room/mcg_pro1.wav,0.0646217316389,18.2459716797,0.0750391855836,-0.0488145165145,1.177821012274786,0.1366958746221527,-0.3534041622732912,-0.9473754159948484
25,P009,0d7e3d95-a72f-455b-9d6a-b8a843ca337b,five_mix_frontend_v1_2026-08-06,five_mix_netlify_forms_v1,five_mix_frontend_v1_2026-08-06,completed,group_02,group_02,2026-08-11 07:40:11.454,2026-08-11 12:55:59.000,2026-08-11 12:55:59.932,18948.0,6,5,30,6,True,26,P009__trial_06,6,EDR-2,EDR-2,3,in_the_meantime,group_02_song_a_in_the_meantime,2,Song A,A,1,mix_cdaef40f2b94,in_the_meantime_qut_pro,mix_cdaef40f2b94,in_the_meantime_qut_pro,True,52,True,True,2026-08-11T11:54:03.721Z,It vining with music ,It vining with music,72564,assets/audio/study-stimuli/main-study/group_02/song_a_in_the_meantime/qut_pro.wav,0.0560023784637,14.1143035889,0.212649226189,-0.0385963246226,-0.6756280657690176,-1.4346341192827423,1.8511013279434223,-0.7325346788768815
25,P009,0d7e3d95-a72f-455b-9d6a-b8a843ca337b,five_mix_frontend_v1_2026-08-06,five_mix_netlify_forms_v1,five_mix_frontend_v1_2026-08-06,completed,group_02,group_02,2026-08-11 07:40:11.454,2026-08-11 12:55:59.000,2026-08-11 12:55:59.932,18948.0,6,5,30,6,True,27,P009__trial_06,6,EDR-2,EDR-2,3,in_the_meantime,group_02_song_a_in_the_meantime,2,Song A,B,2,mix_9baa86357fd4,in_the_meantime_du_i,mix_9baa86357fd4,in_the_meantime_du_i,True,97,True,True,2026-08-11T11:54:00.374Z,It vining with music ,It vining with music,72564,assets/audio/study-stimuli/main-study/group_02/song_a_in_the_meantime/du_i.wav,0.0503131300211,22.9316368103,0.130904406309,-0.0380811542273,-1.8990066727669184,1.9187185345499165,0.5415536857115313,-0.721703057329889
25,P009,0d7e3d95-a72f-455b-9d6a-b8a843ca337b,five_mix_frontend_v1_2026-08-06,five_mix_netlify_forms_v1,five_mix_frontend_v1_2026-08-06,completed,group_02,group_02,2026-08-11 07:40:11.454,2026-08-11 12:55:59.000,2026-08-11 12:55:59.932,18948.0,6,5,30,6,True,28,P009__trial_06,6,EDR-2,EDR-2,3,in_the_meantime,group_02_song_a_in_the_meantime,2,Song A,C,3,mix_c7bdcba64775,in_the_meantime_qut_b,mix_c7bdcba64775,in_the_meantime_qut_b,True,62,True,True,2026-08-11T11:53:58.160Z,It vining with music ,It vining with music,72564,assets/audio/study-stimuli/main-study/group_02/song_a_in_the_meantime/qut_b.wav,0.0560294315219,17.366355896,0.000543582602404,0.000562923552934,-0.6698107538710293,-0.1978340618743536,-1.5468197375217057,0.0908009789400507
25,P009,0d7e3d95-a72f-455b-9d6a-b8a843ca337b,five_mix_frontend_v1_2026-08-06,five_mix_netlify_forms_v1,five_mix_frontend_v1_2026-08-06,completed,group_02,group_02,2026-08-11 07:40:11.454,2026-08-11 12:55:59.000,2026-08-11 12:55:59.932,18948.0,6,5,30,6,True,29,P009__trial_06,6,EDR-2,EDR-2,3,in_the_meantime,group_02_song_a_in_the_meantime,2,Song A,D,4,mix_56e65a3ce054,in_the_meantime_du_k,mix_56e65a3ce054,in_the_meantime_du_k,True,73,True,True,2026-08-11T11:53:54.781Z,It vining with music ,It vining with music,72564,assets/audio/study-stimuli/main-study/group_02/song_a_in_the_meantime/du_k.wav,0.0539390221238,22.5979270935,0.15773075819,0.0170408543199,-1.1193186569455127,1.7918041562064675,0.9713104079970216,0.4372547184671072
25,P009,0d7e3d95-a72f-455b-9d6a-b8a843ca337b,five_mix_frontend_v1_2026-08-06,five_mix_netlify_forms_v1,five_mix_frontend_v1_2026-08-06,completed,group_02,group_02,2026-08-11 07:40:11.454,2026-08-11 12:55:59.000,2026-08-11 12:55:59.932,18948.0,6,5,30,6,True,30,P009__trial_06,6,EDR-2,EDR-2,3,in_the_meantime,group_02_song_a_in_the_meantime,2,Song A,E,5,mix_302f0efe8a80,in_the_meantime_du_h,mix_302f0efe8a80,in_the_meantime_du_h,True,89,True,True,2026-08-11T11:53:46.171Z,It vining with music ,It vining with music,72564,assets/audio/study-stimuli/main-study/group_02/song_a_in_the_meantime/du_h.wav,0.0623472034931,18.601518631,0.0428314469755,0.0354086197913,0.6887214233465396,0.2719152524959843,-0.8693704120952901,0.8234428342152216
26,P008,1e209e9d-cc8c-4711-916f-3901a507952b,five_mix_frontend_v1_2026-08-06,five_mix_netlify_forms_v1,five_mix_frontend_v1_2026-08-06,completed,group_01,group_01,2026-08-11 07:30:09.128,2026-08-11 07:47:53.016,2026-08-11 07:47:53.348,1064.0,6,5,30,6,True,1,P008__trial_01,1,FM-1,FM-1,1,lead_me,group_01_song_a_lead_me,1,Song A,A,1,mix_c7d9a071ba25,lead_me_pxl_l4,mix_c7d9a071ba25,lead_me_pxl_l4,True,9,True,True,2026-08-11T06:40:39.536Z,"I dont usually hear music to focus, but I preffer a little bit of fade in the sounds. ","I dont usually hear music to focus, but I preffer a little bit of fade in the sounds.",163826,assets/audio/study-stimuli/main-study/group_01/song_a_lead_me/pxl_l4.wav,0.0588876381516,15.6746520996,0.149041607976,0.109930999577,-0.0552007785055364,-0.8412121981784734,0.8321106863211235,2.390299590706203
26,P008,1e209e9d-cc8c-4711-916f-3901a507952b,five_mix_frontend_v1_2026-08-06,five_mix_netlify_forms_v1,five_mix_frontend_v1_2026-08-06,completed,group_01,group_01,2026-08-11 07:30:09.128,2026-08-11 07:47:53.016,2026-08-11 07:47:53.348,1064.0,6,5,30,6,True,2,P008__trial_01,1,FM-1,FM-1,1,lead_me,group_01_song_a_lead_me,1,Song A,B,2,mix_271852ba8676,lead_me_du_e,mix_271852ba8676,lead_me_du_e,True,27,True,True,2026-08-11T06:40:29.614Z,"I dont usually hear music to focus, but I preffer a little bit of fade in the sounds. ","I dont usually hear music to focus, but I preffer a little bit of fade in the sounds.",163826,assets/audio/study-stimuli/main-study/group_01/song_a_lead_me/du_e.wav,0.0543773770332,19.2538223267,0.0430038608611,0.0436125770211,-1.0250576971995913,0.5199952869185839,-0.8666083508697964,0.9959336464039888
26,P008,1e209e9d-cc8c-4711-916f-3901a507952b,five_mix_frontend_v1_2026-08-06,five_mix_netlify_forms_v1,five_mix_frontend_v1_2026-08-06,completed,group_01,group_01,2026-08-11 07:30:09.128,2026-08-11 07:47:53.016,2026-08-11 07:47:53.348,1064.0,6,5,30,6,True,3,P008__trial_01,1,FM-1,FM-1,1,lead_me,group_01_song_a_lead_me,1,Song A,C,3,mix_d3e3580b6e30,lead_me_mcg_pro2,mix_d3e3580b6e30,lead_me_mcg_pro2,True,56,True,True,2026-08-11T06:40:17.809Z,"I dont usually hear music to focus, but I preffer a little bit of fade in the sounds. ","I dont usually hear music to focus, but I preffer a little bit of fade in the sounds.",163826,assets/audio/study-stimuli/main-study/group_01/song_a_lead_me/mcg_pro2.wav,0.0730051249266,20.1463222504,0.0392760001123,-0.00143597240094,2.9805308263561203,0.8594252384169624,-0.9263284806752846,0.048773555233824
26,P008,1e209e9d-cc8c-4711-916f-3901a507952b,five_mix_frontend_v1_2026-08-06,five_mix_netlify_forms_v1,five_mix_frontend_v1_2026-08-06,completed,group_01,group_01,2026-08-11 07:30:09.128,2026-08-11 07:47:53.016,2026-08-11 07:47:53.348,1064.0,6,5,30,6,True,4,P008__trial_01,1,FM-1,FM-1,1,lead_me,group_01_song_a_lead_me,1,Song A,D,4,mix_f1f7973e5bac,lead_me_du_d,mix_f1f7973e5bac,lead_me_du_d,True,63,True,True,2026-08-11T06:39:57.159Z,"I dont usually hear music to focus, but I preffer a little bit of fade in the sounds. ","I dont usually hear music to focus, but I preffer a little bit of fade in the sounds.",163826,assets/audio/study-stimuli/main-study/group_01/song_a_lead_me/du_d.wav,0.0625870004296,13.8143320084,0.117576912045,-0.0521329641342,0.7402857811167308,-1.548717422055362,0.3280479404435016,-1.017146833506479
26,P008,1e209e9d-cc8c-4711-916f-3901a507952b,five_mix_frontend_v1_2026-08-06,five_mix_netlify_forms_v1,five_mix_frontend_v1_2026-08-06,completed,group_01,group_01,2026-08-11 07:30:09.128,2026-08-11 07:47:53.016,2026-08-11 07:47:53.348,1064.0,6,5,30,6,True,5,P008__trial_01,1,FM-1,FM-1,1,lead_me,group_01_song_a_lead_me,1,Song A,E,5,mix_d5b28dfc8a93,lead_me_pxl_l1,mix_d5b28dfc8a93,lead_me_pxl_l1,True,18,True,True,2026-08-11T06:39:20.208Z,"I dont usually hear music to focus, but I preffer a little bit of fade in the sounds. ","I dont usually hear music to focus, but I preffer a little bit of fade in the sounds.",163826,assets/audio/study-stimuli/main-study/group_01/song_a_lead_me/pxl_l1.wav,0.0591329820454,16.9195213318,0.0170932952315,-0.0129087874666,-0.0024436394808062,-0.3677713699084406,-1.2816942263900757,-0.1924460334762285
26,P008,1e209e9d-cc8c-4711-916f-3901a507952b,five_mix_frontend_v1_2026-08-06,five_mix_netlify_forms_v1,five_mix_frontend_v1_2026-08-06,completed,group_01,group_01,2026-08-11 07:30:09.128,2026-08-11 07:47:53.016,2026-08-11 07:47:53.348,1064.0,6,5,30,6,True,6,P008__trial_02,2,FM-1,FM-1,1,id_like_to_know,group_01_song_b_id_like_to_know,2,Song B,A,1,mix_65f41f41d3ab,id_like_to_know_pxl_s3,mix_65f41f41d3ab,id_like_to_know_pxl_s3,True,66,True,True,2026-08-11T06:41:41.749Z,Same as the last answer,Same as the last answer,51604,assets/audio/study-stimuli/main-study/group_01/song_b_id_like_to_know/pxl_s3.wav,0.0606486909091,15.0860643387,0.0243665315211,-0.00842856336385,0.3234844364321996,-1.065060189455143,-1.1651773700507613,-0.0982478955990668
26,P008,1e209e9d-cc8c-4711-916f-3901a507952b,five_mix_frontend_v1_2026-08-06,five_mix_netlify_forms_v1,five_mix_frontend_v1_2026-08-06,completed,group_01,group_01,2026-08-11 07:30:09.128,2026-08-11 07:47:53.016,2026-08-11 07:47:53.348,1064.0,6,5,30,6,True,7,P008__trial_02,2,FM-1,FM-1,1,id_like_to_know,group_01_song_b_id_like_to_know,2,Song B,B,2,mix_82d60d7c7fc5,id_like_to_know_pxl_s5,mix_82d60d7c7fc5,id_like_to_know_pxl_s5,True,26,True,True,2026-08-11T06:41:46.484Z,Same as the last answer,Same as the last answer,51604,assets/audio/study-stimuli/main-study/group_01/song_b_id_like_to_know/pxl_s5.wav,0.0574779175222,17.4848575592,0.146866813302,0.0736307501793,-0.3583378408524605,-0.1527662554529231,0.7972705919658362,1.6270752922517937
26,P008,1e209e9d-cc8c-4711-916f-3901a507952b,five_mix_frontend_v1_2026-08-06,five_mix_netlify_forms_v1,five_mix_frontend_v1_2026-08-06,completed,group_01,group_01,2026-08-11 07:30:09.128,2026-08-11 07:47:53.016,2026-08-11 07:47:53.348,1064.0,6,5,30,6,True,8,P008__trial_02,2,FM-1,FM-1,1,id_like_to_know,group_01_song_b_id_like_to_know,2,Song B,C,3,mix_b393d3919c78,id_like_to_know_pxl_s7,mix_b393d3919c78,id_like_to_know_pxl_s7,True,35,True,True,2026-08-11T06:41:50.908Z,Same as the last answer,Same as the last answer,51604,assets/audio/study-stimuli/main-study/group_01/song_b_id_like_to_know/pxl_s7.wav,0.0551121532917,16.2593574524,0.0769432634115,-0.0537673681974,-0.867056238017743,-0.6188407399054331,-0.3229009373128245,-1.0515106991885117
26,P008,1e209e9d-cc8c-4711-916f-3901a507952b,five_mix_frontend_v1_2026-08-06,five_mix_netlify_forms_v1,five_mix_frontend_v1_2026-08-06,completed,group_01,group_01,2026-08-11 07:30:09.128,2026-08-11 07:47:53.016,2026-08-11 07:47:53.348,1064.0,6,5,30,6,True,9,P008__trial_02,2,FM-1,FM-1,1,id_like_to_know,group_01_song_b_id_like_to_know,2,Song B,D,4,mix_6f8b655d7999,id_like_to_know_pxl_s2,mix_6f8b655d7999,id_like_to_know_pxl_s2,True,51,True,True,2026-08-11T06:41:39.752Z,Same as the last answer,Same as the last answer,51604,assets/audio/study-stimuli/main-study/group_01/song_b_id_like_to_know/pxl_s2.wav,0.0616230294108,14.7642059326,0.049424380064,0.0224525164813,0.5329997864789321,-1.1874673519330532,-0.7637519766505488,0.5510366380169074
26,P008,1e209e9d-cc8c-4711-916f-3901a507952b,five_mix_frontend_v1_2026-08-06,five_mix_netlify_forms_v1,five_mix_frontend_v1_2026-08-06,completed,group_01,group_01,2026-08-11 07:30:09.128,2026-08-11 07:47:53.016,2026-08-11 07:47:53.348,1064.0,6,5,30,6,True,10,P008__trial_02,2,FM-1,FM-1,1,id_like_to_know,group_01_song_b_id_like_to_know,2,Song B,E,5,mix_9ffcd672af17,id_like_to_know_pxl_s1,mix_9ffcd672af17,id_like_to_know_pxl_s1,True,4,True,True,2026-08-11T06:41:29.964Z,Same as the last answer,Same as the last answer,51604,assets/audio/study-stimuli/main-study/group_01/song_b_id_like_to_know/pxl_s1.wav,0.0565126091242,16.3633155823,0.0668171644211,0.0607972890139,-0.5659114167269081,-0.579304038497624,-0.4851205015292653,1.357247686182373
26,P008,1e209e9d-cc8c-4711-916f-3901a507952b,five_mix_frontend_v1_2026-08-06,five_mix_netlify_forms_v1,five_mix_frontend_v1_2026-08-06,completed,group_01,group_01,2026-08-11 07:30:09.128,2026-08-11 07:47:53.016,2026-08-11 07:47:53.348,1064.0,6,5,30,6,True,11,P008__trial_03,3,EDR-2,EDR-2,2,lead_me,group_01_song_a_lead_me,1,Song A,A,1,mix_d3e3580b6e30,lead_me_mcg_pro2,mix_d3e3580b6e30,lead_me_mcg_pro2,True,71,True,True,2026-08-11T06:42:42.044Z,I preffer a little bit of fade in the sounds,I preffer a little bit of fade in the sounds,67396,assets/audio/study-stimuli/main-study/group_01/song_a_lead_me/mcg_pro2.wav,0.0730051249266,20.1463222504,0.0392760001123,-0.00143597240094,2.9805308263561203,0.8594252384169624,-0.9263284806752846,0.048773555233824
26,P008,1e209e9d-cc8c-4711-916f-3901a507952b,five_mix_frontend_v1_2026-08-06,five_mix_netlify_forms_v1,five_mix_frontend_v1_2026-08-06,completed,group_01,group_01,2026-08-11 07:30:09.128,2026-08-11 07:47:53.016,2026-08-11 07:47:53.348,1064.0,6,5,30,6,True,12,P008__trial_03,3,EDR-2,EDR-2,2,lead_me,group_01_song_a_lead_me,1,Song A,B,2,mix_c7d9a071ba25,lead_me_pxl_l4,mix_c7d9a071ba25,lead_me_pxl_l4,True,31,True,True,2026-08-11T06:42:44.460Z,I preffer a little bit of fade in the sounds,I preffer a little bit of fade in the sounds,67396,assets/audio/study-stimuli/main-study/group_01/song_a_lead_me/pxl_l4.wav,0.0588876381516,15.6746520996,0.149041607976,0.109930999577,-0.0552007785055364,-0.8412121981784734,0.8321106863211235,2.390299590706203
26,P008,1e209e9d-cc8c-4711-916f-3901a507952b,five_mix_frontend_v1_2026-08-06,five_mix_netlify_forms_v1,five_mix_frontend_v1_2026-08-06,completed,group_01,group_01,2026-08-11 07:30:09.128,2026-08-11 07:47:53.016,2026-08-11 07:47:53.348,1064.0,6,5,30,6,True,13,P008__trial_03,3,EDR-2,EDR-2,2,lead_me,group_01_song_a_lead_me,1,Song A,C,3,mix_271852ba8676,lead_me_du_e,mix_271852ba8676,lead_me_du_e,True,8,True,True,2026-08-11T06:42:38.109Z,I preffer a little bit of fade in the sounds,I preffer a little bit of fade in the sounds,67396,assets/audio/study-stimuli/main-study/group_01/song_a_lead_me/du_e.wav,0.0543773770332,19.2538223267,0.0430038608611,0.0436125770211,-1.0250576971995913,0.5199952869185839,-0.8666083508697964,0.9959336464039888
26,P008,1e209e9d-cc8c-4711-916f-3901a507952b,five_mix_frontend_v1_2026-08-06,five_mix_netlify_forms_v1,five_mix_frontend_v1_2026-08-06,completed,group_01,group_01,2026-08-11 07:30:09.128,2026-08-11 07:47:53.016,2026-08-11 07:47:53.348,1064.0,6,5,30,6,True,14,P008__trial_03,3,EDR-2,EDR-2,2,lead_me,group_01_song_a_lead_me,1,Song A,D,4,mix_f1f7973e5bac,lead_me_du_d,mix_f1f7973e5bac,lead_me_du_d,True,48,True,True,2026-08-11T06:42:33.204Z,I preffer a little bit of fade in the sounds,I preffer a little bit of fade in the sounds,67396,assets/audio/study-stimuli/main-study/group_01/song_a_lead_me/du_d.wav,0.0625870004296,13.8143320084,0.117576912045,-0.0521329641342,0.7402857811167308,-1.548717422055362,0.3280479404435016,-1.017146833506479
26,P008,1e209e9d-cc8c-4711-916f-3901a507952b,five_mix_frontend_v1_2026-08-06,five_mix_netlify_forms_v1,five_mix_frontend_v1_2026-08-06,completed,group_01,group_01,2026-08-11 07:30:09.128,2026-08-11 07:47:53.016,2026-08-11 07:47:53.348,1064.0,6,5,30,6,True,15,P008__trial_03,3,EDR-2,EDR-2,2,lead_me,group_01_song_a_lead_me,1,Song A,E,5,mix_d5b28dfc8a93,lead_me_pxl_l1,mix_d5b28dfc8a93,lead_me_pxl_l1,True,17,True,True,2026-08-11T06:42:21.268Z,I preffer a little bit of fade in the sounds,I preffer a little bit of fade in the sounds,67396,assets/audio/study-stimuli/main-study/group_01/song_a_lead_me/pxl_l1.wav,0.0591329820454,16.9195213318,0.0170932952315,-0.0129087874666,-0.0024436394808062,-0.3677713699084406,-1.2816942263900757,-0.1924460334762285
26,P008,1e209e9d-cc8c-4711-916f-3901a507952b,five_mix_frontend_v1_2026-08-06,five_mix_netlify_forms_v1,five_mix_frontend_v1_2026-08-06,completed,group_01,group_01,2026-08-11 07:30:09.128,2026-08-11 07:47:53.016,2026-08-11 07:47:53.348,1064.0,6,5,30,6,True,16,P008__trial_04,4,EDR-2,EDR-2,2,id_like_to_know,group_01_song_b_id_like_to_know,2,Song B,A,1,mix_b393d3919c78,id_like_to_know_pxl_s7,mix_b393d3919c78,id_like_to_know_pxl_s7,True,48,True,True,2026-08-11T06:43:46.300Z,Same as last answer ,Same as last answer,32688,assets/audio/study-stimuli/main-study/group_01/song_b_id_like_to_know/pxl_s7.wav,0.0551121532917,16.2593574524,0.0769432634115,-0.0537673681974,-0.867056238017743,-0.6188407399054331,-0.3229009373128245,-1.0515106991885117
26,P008,1e209e9d-cc8c-4711-916f-3901a507952b,five_mix_frontend_v1_2026-08-06,five_mix_netlify_forms_v1,five_mix_frontend_v1_2026-08-06,completed,group_01,group_01,2026-08-11 07:30:09.128,2026-08-11 07:47:53.016,2026-08-11 07:47:53.348,1064.0,6,5,30,6,True,17,P008__trial_04,4,EDR-2,EDR-2,2,id_like_to_know,group_01_song_b_id_like_to_know,2,Song B,B,2,mix_82d60d7c7fc5,id_like_to_know_pxl_s5,mix_82d60d7c7fc5,id_like_to_know_pxl_s5,True,16,True,True,2026-08-11T06:43:44.170Z,Same as last answer ,Same as last answer,32688,assets/audio/study-stimuli/main-study/group_01/song_b_id_like_to_know/pxl_s5.wav,0.0574779175222,17.4848575592,0.146866813302,0.0736307501793,-0.3583378408524605,-0.1527662554529231,0.7972705919658362,1.6270752922517937
26,P008,1e209e9d-cc8c-4711-916f-3901a507952b,five_mix_frontend_v1_2026-08-06,five_mix_netlify_forms_v1,five_mix_frontend_v1_2026-08-06,completed,group_01,group_01,2026-08-11 07:30:09.128,2026-08-11 07:47:53.016,2026-08-11 07:47:53.348,1064.0,6,5,30,6,True,18,P008__trial_04,4,EDR-2,EDR-2,2,id_like_to_know,group_01_song_b_id_like_to_know,2,Song B,C,3,mix_65f41f41d3ab,id_like_to_know_pxl_s3,mix_65f41f41d3ab,id_like_to_know_pxl_s3,True,63,True,True,2026-08-11T06:43:40.949Z,Same as last answer ,Same as last answer,32688,assets/audio/study-stimuli/main-study/group_01/song_b_id_like_to_know/pxl_s3.wav,0.0606486909091,15.0860643387,0.0243665315211,-0.00842856336385,0.3234844364321996,-1.065060189455143,-1.1651773700507613,-0.0982478955990668
26,P008,1e209e9d-cc8c-4711-916f-3901a507952b,five_mix_frontend_v1_2026-08-06,five_mix_netlify_forms_v1,five_mix_frontend_v1_2026-08-06,completed,group_01,group_01,2026-08-11 07:30:09.128,2026-08-11 07:47:53.016,2026-08-11 07:47:53.348,1064.0,6,5,30,6,True,19,P008__trial_04,4,EDR-2,EDR-2,2,id_like_to_know,group_01_song_b_id_like_to_know,2,Song B,D,4,mix_6f8b655d7999,id_like_to_know_pxl_s2,mix_6f8b655d7999,id_like_to_know_pxl_s2,True,77,True,True,2026-08-11T06:43:36.443Z,Same as last answer ,Same as last answer,32688,assets/audio/study-stimuli/main-study/group_01/song_b_id_like_to_know/pxl_s2.wav,0.0616230294108,14.7642059326,0.049424380064,0.0224525164813,0.5329997864789321,-1.1874673519330532,-0.7637519766505488,0.5510366380169074
26,P008,1e209e9d-cc8c-4711-916f-3901a507952b,five_mix_frontend_v1_2026-08-06,five_mix_netlify_forms_v1,five_mix_frontend_v1_2026-08-06,completed,group_01,group_01,2026-08-11 07:30:09.128,2026-08-11 07:47:53.016,2026-08-11 07:47:53.348,1064.0,6,5,30,6,True,20,P008__trial_04,4,EDR-2,EDR-2,2,id_like_to_know,group_01_song_b_id_like_to_know,2,Song B,E,5,mix_9ffcd672af17,id_like_to_know_pxl_s1,mix_9ffcd672af17,id_like_to_know_pxl_s1,True,25,True,True,2026-08-11T06:43:26.127Z,Same as last answer ,Same as last answer,32688,assets/audio/study-stimuli/main-study/group_01/song_b_id_like_to_know/pxl_s1.wav,0.0565126091242,16.3633155823,0.0668171644211,0.0607972890139,-0.5659114167269081,-0.579304038497624,-0.4851205015292653,1.357247686182373
26,P008,1e209e9d-cc8c-4711-916f-3901a507952b,five_mix_frontend_v1_2026-08-06,five_mix_netlify_forms_v1,five_mix_frontend_v1_2026-08-06,completed,group_01,group_01,2026-08-11 07:30:09.128,2026-08-11 07:47:53.016,2026-08-11 07:47:53.348,1064.0,6,5,30,6,True,21,P008__trial_05,5,EDR-1,EDR-1,3,id_like_to_know,group_01_song_b_id_like_to_know,1,Song B,A,1,mix_9ffcd672af17,id_like_to_know_pxl_s1,mix_9ffcd672af17,id_like_to_know_pxl_s1,True,90,True,True,2026-08-11T06:44:24.069Z,For this one I like to hear clearer sounds ,For this one I like to hear clearer sounds,73578,assets/audio/study-stimuli/main-study/group_01/song_b_id_like_to_know/pxl_s1.wav,0.0565126091242,16.3633155823,0.0668171644211,0.0607972890139,-0.5659114167269081,-0.579304038497624,-0.4851205015292653,1.357247686182373
26,P008,1e209e9d-cc8c-4711-916f-3901a507952b,five_mix_frontend_v1_2026-08-06,five_mix_netlify_forms_v1,five_mix_frontend_v1_2026-08-06,completed,group_01,group_01,2026-08-11 07:30:09.128,2026-08-11 07:47:53.016,2026-08-11 07:47:53.348,1064.0,6,5,30,6,True,22,P008__trial_05,5,EDR-1,EDR-1,3,id_like_to_know,group_01_song_b_id_like_to_know,1,Song B,B,2,mix_82d60d7c7fc5,id_like_to_know_pxl_s5,mix_82d60d7c7fc5,id_like_to_know_pxl_s5,True,33,True,True,2026-08-11T06:44:23.047Z,For this one I like to hear clearer sounds ,For this one I like to hear clearer sounds,73578,assets/audio/study-stimuli/main-study/group_01/song_b_id_like_to_know/pxl_s5.wav,0.0574779175222,17.4848575592,0.146866813302,0.0736307501793,-0.3583378408524605,-0.1527662554529231,0.7972705919658362,1.6270752922517937
26,P008,1e209e9d-cc8c-4711-916f-3901a507952b,five_mix_frontend_v1_2026-08-06,five_mix_netlify_forms_v1,five_mix_frontend_v1_2026-08-06,completed,group_01,group_01,2026-08-11 07:30:09.128,2026-08-11 07:47:53.016,2026-08-11 07:47:53.348,1064.0,6,5,30,6,True,23,P008__trial_05,5,EDR-1,EDR-1,3,id_like_to_know,group_01_song_b_id_like_to_know,1,Song B,C,3,mix_6f8b655d7999,id_like_to_know_pxl_s2,mix_6f8b655d7999,id_like_to_know_pxl_s2,True,45,True,True,2026-08-11T06:44:21.939Z,For this one I like to hear clearer sounds ,For this one I like to hear clearer sounds,73578,assets/audio/study-stimuli/main-study/group_01/song_b_id_like_to_know/pxl_s2.wav,0.0616230294108,14.7642059326,0.049424380064,0.0224525164813,0.5329997864789321,-1.1874673519330532,-0.7637519766505488,0.5510366380169074
26,P008,1e209e9d-cc8c-4711-916f-3901a507952b,five_mix_frontend_v1_2026-08-06,five_mix_netlify_forms_v1,five_mix_frontend_v1_2026-08-06,completed,group_01,group_01,2026-08-11 07:30:09.128,2026-08-11 07:47:53.016,2026-08-11 07:47:53.348,1064.0,6,5,30,6,True,24,P008__trial_05,5,EDR-1,EDR-1,3,id_like_to_know,group_01_song_b_id_like_to_know,1,Song B,D,4,mix_b393d3919c78,id_like_to_know_pxl_s7,mix_b393d3919c78,id_like_to_know_pxl_s7,True,66,True,True,2026-08-11T06:44:20.271Z,For this one I like to hear clearer sounds ,For this one I like to hear clearer sounds,73578,assets/audio/study-stimuli/main-study/group_01/song_b_id_like_to_know/pxl_s7.wav,0.0551121532917,16.2593574524,0.0769432634115,-0.0537673681974,-0.867056238017743,-0.6188407399054331,-0.3229009373128245,-1.0515106991885117
26,P008,1e209e9d-cc8c-4711-916f-3901a507952b,five_mix_frontend_v1_2026-08-06,five_mix_netlify_forms_v1,five_mix_frontend_v1_2026-08-06,completed,group_01,group_01,2026-08-11 07:30:09.128,2026-08-11 07:47:53.016,2026-08-11 07:47:53.348,1064.0,6,5,30,6,True,25,P008__trial_05,5,EDR-1,EDR-1,3,id_like_to_know,group_01_song_b_id_like_to_know,1,Song B,E,5,mix_65f41f41d3ab,id_like_to_know_pxl_s3,mix_65f41f41d3ab,id_like_to_know_pxl_s3,True,22,True,True,2026-08-11T06:44:15.785Z,For this one I like to hear clearer sounds ,For this one I like to hear clearer sounds,73578,assets/audio/study-stimuli/main-study/group_01/song_b_id_like_to_know/pxl_s3.wav,0.0606486909091,15.0860643387,0.0243665315211,-0.00842856336385,0.3234844364321996,-1.065060189455143,-1.1651773700507613,-0.0982478955990668
26,P008,1e209e9d-cc8c-4711-916f-3901a507952b,five_mix_frontend_v1_2026-08-06,five_mix_netlify_forms_v1,five_mix_frontend_v1_2026-08-06,completed,group_01,group_01,2026-08-11 07:30:09.128,2026-08-11 07:47:53.016,2026-08-11 07:47:53.348,1064.0,6,5,30,6,True,26,P008__trial_06,6,EDR-1,EDR-1,3,lead_me,group_01_song_a_lead_me,2,Song A,A,1,mix_d5b28dfc8a93,lead_me_pxl_l1,mix_d5b28dfc8a93,lead_me_pxl_l1,True,93,True,True,2026-08-11T06:45:22.059Z,Same as last answer ,Same as last answer,35724,assets/audio/study-stimuli/main-study/group_01/song_a_lead_me/pxl_l1.wav,0.0591329820454,16.9195213318,0.0170932952315,-0.0129087874666,-0.0024436394808062,-0.3677713699084406,-1.2816942263900757,-0.1924460334762285
26,P008,1e209e9d-cc8c-4711-916f-3901a507952b,five_mix_frontend_v1_2026-08-06,five_mix_netlify_forms_v1,five_mix_frontend_v1_2026-08-06,completed,group_01,group_01,2026-08-11 07:30:09.128,2026-08-11 07:47:53.016,2026-08-11 07:47:53.348,1064.0,6,5,30,6,True,27,P008__trial_06,6,EDR-1,EDR-1,3,lead_me,group_01_song_a_lead_me,2,Song A,B,2,mix_f1f7973e5bac,lead_me_du_d,mix_f1f7973e5bac,lead_me_du_d,True,26,True,True,2026-08-11T06:45:21.053Z,Same as last answer ,Same as last answer,35724,assets/audio/study-stimuli/main-study/group_01/song_a_lead_me/du_d.wav,0.0625870004296,13.8143320084,0.117576912045,-0.0521329641342,0.7402857811167308,-1.548717422055362,0.3280479404435016,-1.017146833506479
26,P008,1e209e9d-cc8c-4711-916f-3901a507952b,five_mix_frontend_v1_2026-08-06,five_mix_netlify_forms_v1,five_mix_frontend_v1_2026-08-06,completed,group_01,group_01,2026-08-11 07:30:09.128,2026-08-11 07:47:53.016,2026-08-11 07:47:53.348,1064.0,6,5,30,6,True,28,P008__trial_06,6,EDR-1,EDR-1,3,lead_me,group_01_song_a_lead_me,2,Song A,C,3,mix_d3e3580b6e30,lead_me_mcg_pro2,mix_d3e3580b6e30,lead_me_mcg_pro2,True,38,True,True,2026-08-11T06:45:20.080Z,Same as last answer ,Same as last answer,35724,assets/audio/study-stimuli/main-study/group_01/song_a_lead_me/mcg_pro2.wav,0.0730051249266,20.1463222504,0.0392760001123,-0.00143597240094,2.9805308263561203,0.8594252384169624,-0.9263284806752846,0.048773555233824
26,P008,1e209e9d-cc8c-4711-916f-3901a507952b,five_mix_frontend_v1_2026-08-06,five_mix_netlify_forms_v1,five_mix_frontend_v1_2026-08-06,completed,group_01,group_01,2026-08-11 07:30:09.128,2026-08-11 07:47:53.016,2026-08-11 07:47:53.348,1064.0,6,5,30,6,True,29,P008__trial_06,6,EDR-1,EDR-1,3,lead_me,group_01_song_a_lead_me,2,Song A,D,4,mix_c7d9a071ba25,lead_me_pxl_l4,mix_c7d9a071ba25,lead_me_pxl_l4,True,49,True,True,2026-08-11T06:45:18.703Z,Same as last answer ,Same as last answer,35724,assets/audio/study-stimuli/main-study/group_01/song_a_lead_me/pxl_l4.wav,0.0588876381516,15.6746520996,0.149041607976,0.109930999577,-0.0552007785055364,-0.8412121981784734,0.8321106863211235,2.390299590706203
26,P008,1e209e9d-cc8c-4711-916f-3901a507952b,five_mix_frontend_v1_2026-08-06,five_mix_netlify_forms_v1,five_mix_frontend_v1_2026-08-06,completed,group_01,group_01,2026-08-11 07:30:09.128,2026-08-11 07:47:53.016,2026-08-11 07:47:53.348,1064.0,6,5,30,6,True,30,P008__trial_06,6,EDR-1,EDR-1,3,lead_me,group_01_song_a_lead_me,2,Song A,E,5,mix_271852ba8676,lead_me_du_e,mix_271852ba8676,lead_me_du_e,True,73,True,True,2026-08-11T06:45:13.012Z,Same as last answer ,Same as last answer,35724,assets/audio/study-stimuli/main-study/group_01/song_a_lead_me/du_e.wav,0.0543773770332,19.2538223267,0.0430038608611,0.0436125770211,-1.0250576971995913,0.5199952869185839,-0.8666083508697964,0.9959336464039888
27,P007,a1704340-8fbd-4118-9fde-eb566796a4e3,five_mix_frontend_v1_2026-08-06,five_mix_netlify_forms_v1,five_mix_frontend_v1_2026-08-06,completed,group_02,group_02,2026-08-11 02:48:29.574,2026-08-11 03:05:55.667,2026-08-11 03:05:56.159,1046.0,6,5,30,6,True,1,P007__trial_01,1,EDR-1,EDR-1,1,in_the_meantime,group_02_song_a_in_the_meantime,1,Song A,A,1,mix_9baa86357fd4,in_the_meantime_du_i,mix_9baa86357fd4,in_the_meantime_du_i,True,77,True,True,2026-08-11T01:57:01.606Z,"Same thing sound in the top are better balance between sounds,","Same thing sound in the top are better balance between sounds,",106598,assets/audio/study-stimuli/main-study/group_02/song_a_in_the_meantime/du_i.wav,0.0503131300211,22.9316368103,0.130904406309,-0.0380811542273,-1.8990066727669184,1.9187185345499165,0.5415536857115313,-0.721703057329889
27,P007,a1704340-8fbd-4118-9fde-eb566796a4e3,five_mix_frontend_v1_2026-08-06,five_mix_netlify_forms_v1,five_mix_frontend_v1_2026-08-06,completed,group_02,group_02,2026-08-11 02:48:29.574,2026-08-11 03:05:55.667,2026-08-11 03:05:56.159,1046.0,6,5,30,6,True,2,P007__trial_01,1,EDR-1,EDR-1,1,in_the_meantime,group_02_song_a_in_the_meantime,1,Song A,B,2,mix_56e65a3ce054,in_the_meantime_du_k,mix_56e65a3ce054,in_the_meantime_du_k,True,0,True,True,2026-08-11T01:56:56.491Z,"Same thing sound in the top are better balance between sounds,","Same thing sound in the top are better balance between sounds,",106598,assets/audio/study-stimuli/main-study/group_02/song_a_in_the_meantime/du_k.wav,0.0539390221238,22.5979270935,0.15773075819,0.0170408543199,-1.1193186569455127,1.7918041562064675,0.9713104079970216,0.4372547184671072
27,P007,a1704340-8fbd-4118-9fde-eb566796a4e3,five_mix_frontend_v1_2026-08-06,five_mix_netlify_forms_v1,five_mix_frontend_v1_2026-08-06,completed,group_02,group_02,2026-08-11 02:48:29.574,2026-08-11 03:05:55.667,2026-08-11 03:05:56.159,1046.0,6,5,30,6,True,3,P007__trial_01,1,EDR-1,EDR-1,1,in_the_meantime,group_02_song_a_in_the_meantime,1,Song A,C,3,mix_302f0efe8a80,in_the_meantime_du_h,mix_302f0efe8a80,in_the_meantime_du_h,True,100,True,True,2026-08-11T01:56:49.372Z,"Same thing sound in the top are better balance between sounds,","Same thing sound in the top are better balance between sounds,",106598,assets/audio/study-stimuli/main-study/group_02/song_a_in_the_meantime/du_h.wav,0.0623472034931,18.601518631,0.0428314469755,0.0354086197913,0.6887214233465396,0.2719152524959843,-0.8693704120952901,0.8234428342152216
27,P007,a1704340-8fbd-4118-9fde-eb566796a4e3,five_mix_frontend_v1_2026-08-06,five_mix_netlify_forms_v1,five_mix_frontend_v1_2026-08-06,completed,group_02,group_02,2026-08-11 02:48:29.574,2026-08-11 03:05:55.667,2026-08-11 03:05:56.159,1046.0,6,5,30,6,True,4,P007__trial_01,1,EDR-1,EDR-1,1,in_the_meantime,group_02_song_a_in_the_meantime,1,Song A,D,4,mix_cdaef40f2b94,in_the_meantime_qut_pro,mix_cdaef40f2b94,in_the_meantime_qut_pro,True,48,True,True,2026-08-11T01:57:15.483Z,"Same thing sound in the top are better balance between sounds,","Same thing sound in the top are better balance between sounds,",106598,assets/audio/study-stimuli/main-study/group_02/song_a_in_the_meantime/qut_pro.wav,0.0560023784637,14.1143035889,0.212649226189,-0.0385963246226,-0.6756280657690176,-1.4346341192827423,1.8511013279434223,-0.7325346788768815
27,P007,a1704340-8fbd-4118-9fde-eb566796a4e3,five_mix_frontend_v1_2026-08-06,five_mix_netlify_forms_v1,five_mix_frontend_v1_2026-08-06,completed,group_02,group_02,2026-08-11 02:48:29.574,2026-08-11 03:05:55.667,2026-08-11 03:05:56.159,1046.0,6,5,30,6,True,5,P007__trial_01,1,EDR-1,EDR-1,1,in_the_meantime,group_02_song_a_in_the_meantime,1,Song A,E,5,mix_c7bdcba64775,in_the_meantime_qut_b,mix_c7bdcba64775,in_the_meantime_qut_b,True,10,True,True,2026-08-11T01:56:39.683Z,"Same thing sound in the top are better balance between sounds,","Same thing sound in the top are better balance between sounds,",106598,assets/audio/study-stimuli/main-study/group_02/song_a_in_the_meantime/qut_b.wav,0.0560294315219,17.366355896,0.000543582602404,0.000562923552934,-0.6698107538710293,-0.1978340618743536,-1.5468197375217057,0.0908009789400507
27,P007,a1704340-8fbd-4118-9fde-eb566796a4e3,five_mix_frontend_v1_2026-08-06,five_mix_netlify_forms_v1,five_mix_frontend_v1_2026-08-06,completed,group_02,group_02,2026-08-11 02:48:29.574,2026-08-11 03:05:55.667,2026-08-11 03:05:56.159,1046.0,6,5,30,6,True,6,P007__trial_02,2,EDR-1,EDR-1,1,pouring_room,group_02_song_b_pouring_room,2,Song B,A,1,mix_e08faaf8bbb3,pouring_room_mcg_v,mix_e08faaf8bbb3,pouring_room_mcg_v,True,100,True,True,2026-08-11T01:58:43.989Z,Best score are for the sound with the voice that are more in armonía with the sound and the beginning of the song with the voice it is better,Best score are for the sound with the voice that are more in armonía with the sound and the beginning of the song with the voice it is better,110579,assets/audio/study-stimuli/main-study/group_02/song_b_pouring_room/mcg_v.wav,0.0600788630545,20.8109931946,0.0795278027654,-0.0483895651996,0.2009523983216312,1.112208706920678,-0.2814967551013548,-0.938440679331238
27,P007,a1704340-8fbd-4118-9fde-eb566796a4e3,five_mix_frontend_v1_2026-08-06,five_mix_netlify_forms_v1,five_mix_frontend_v1_2026-08-06,completed,group_02,group_02,2026-08-11 02:48:29.574,2026-08-11 03:05:55.667,2026-08-11 03:05:56.159,1046.0,6,5,30,6,True,7,P007__trial_02,2,EDR-1,EDR-1,1,pouring_room,group_02_song_b_pouring_room,2,Song B,B,2,mix_132e75f34470,pouring_room_mcg_pro1,mix_132e75f34470,pouring_room_mcg_pro1,True,58,True,True,2026-08-11T01:59:03.503Z,Best score are for the sound with the voice that are more in armonía with the sound and the beginning of the song with the voice it is better,Best score are for the sound with the voice that are more in armonía with the sound and the beginning of the song with the voice it is better,110579,assets/audio/study-stimuli/main-study/group_02/song_b_pouring_room/mcg_pro1.wav,0.0646217316389,18.2459716797,0.0750391855836,-0.0488145165145,1.177821012274786,0.1366958746221527,-0.3534041622732912,-0.9473754159948484
27,P007,a1704340-8fbd-4118-9fde-eb566796a4e3,five_mix_frontend_v1_2026-08-06,five_mix_netlify_forms_v1,five_mix_frontend_v1_2026-08-06,completed,group_02,group_02,2026-08-11 02:48:29.574,2026-08-11 03:05:55.667,2026-08-11 03:05:56.159,1046.0,6,5,30,6,True,8,P007__trial_02,2,EDR-1,EDR-1,1,pouring_room,group_02_song_b_pouring_room,2,Song B,C,3,mix_be2ccd4c43ff,pouring_room_mcg_t,mix_be2ccd4c43ff,pouring_room_mcg_t,True,0,True,True,2026-08-11T01:58:40.055Z,Best score are for the sound with the voice that are more in armonía with the sound and the beginning of the song with the voice it is better,Best score are for the sound with the voice that are more in armonía with the sound and the beginning of the song with the voice it is better,110579,assets/audio/study-stimuli/main-study/group_02/song_b_pouring_room/mcg_t.wav,0.0587656274438,20.841550827,0.217380493879,-0.0455747283995,-0.0814371595061495,1.1238301932737935,1.926895983278192,-0.8792578396079359
27,P007,a1704340-8fbd-4118-9fde-eb566796a4e3,five_mix_frontend_v1_2026-08-06,five_mix_netlify_forms_v1,five_mix_frontend_v1_2026-08-06,completed,group_02,group_02,2026-08-11 02:48:29.574,2026-08-11 03:05:55.667,2026-08-11 03:05:56.159,1046.0,6,5,30,6,True,9,P007__trial_02,2,EDR-1,EDR-1,1,pouring_room,group_02_song_b_pouring_room,2,Song B,D,4,mix_0ba76f420c1d,pouring_room_mcg_r,mix_0ba76f420c1d,pouring_room_mcg_r,True,73,True,True,2026-08-11T01:58:35.289Z,Best score are for the sound with the voice that are more in armonía with the sound and the beginning of the song with the voice it is better,Best score are for the sound with the voice that are more in armonía with the sound and the beginning of the song with the voice it is better,110579,assets/audio/study-stimuli/main-study/group_02/song_b_pouring_room/mcg_r.wav,0.060190629214,16.5152053833,0.14739459753,-0.0638295859098,0.2249858589620197,-0.521538265731174,0.8057256670690561,-1.2630720295337683
27,P007,a1704340-8fbd-4118-9fde-eb566796a4e3,five_mix_frontend_v1_2026-08-06,five_mix_netlify_forms_v1,five_mix_frontend_v1_2026-08-06,completed,group_02,group_02,2026-08-11 02:48:29.574,2026-08-11 03:05:55.667,2026-08-11 03:05:56.159,1046.0,6,5,30,6,True,10,P007__trial_02,2,EDR-1,EDR-1,1,pouring_room,group_02_song_b_pouring_room,2,Song B,E,5,mix_cbf8555ee2b2,pouring_room_mcg_x,mix_cbf8555ee2b2,pouring_room_mcg_x,True,19,True,True,2026-08-11T01:58:30.201Z,Best score are for the sound with the voice that are more in armonía with the sound and the beginning of the song with the voice it is better,Best score are for the sound with the voice that are more in armonía with the sound and the beginning of the song with the voice it is better,110579,assets/audio/study-stimuli/main-study/group_02/song_b_pouring_room/mcg_x.wav,0.0612343810499,19.9389343262,0.147577553988,-0.0265915170312,0.4494273963527286,0.780552768870155,0.8086566197405122,-0.4801297779726206
27,P007,a1704340-8fbd-4118-9fde-eb566796a4e3,five_mix_frontend_v1_2026-08-06,five_mix_netlify_forms_v1,five_mix_frontend_v1_2026-08-06,completed,group_02,group_02,2026-08-11 02:48:29.574,2026-08-11 03:05:55.667,2026-08-11 03:05:56.159,1046.0,6,5,30,6,True,11,P007__trial_03,3,FM-1,FM-1,2,pouring_room,group_02_song_b_pouring_room,1,Song B,A,1,mix_0ba76f420c1d,pouring_room_mcg_r,mix_0ba76f420c1d,pouring_room_mcg_r,True,81,True,True,2026-08-11T02:00:44.937Z,In this case I believe that  sound  c has a better mix for the armonía of the instruments and vioxe,In this case I believe that  sound  c has a better mix for the armonía of the instruments and vioxe,82719,assets/audio/study-stimuli/main-study/group_02/song_b_pouring_room/mcg_r.wav,0.060190629214,16.5152053833,0.14739459753,-0.0638295859098,0.2249858589620197,-0.521538265731174,0.8057256670690561,-1.2630720295337683
27,P007,a1704340-8fbd-4118-9fde-eb566796a4e3,five_mix_frontend_v1_2026-08-06,five_mix_netlify_forms_v1,five_mix_frontend_v1_2026-08-06,completed,group_02,group_02,2026-08-11 02:48:29.574,2026-08-11 03:05:55.667,2026-08-11 03:05:56.159,1046.0,6,5,30,6,True,12,P007__trial_03,3,FM-1,FM-1,2,pouring_room,group_02_song_b_pouring_room,1,Song B,B,2,mix_132e75f34470,pouring_room_mcg_pro1,mix_132e75f34470,pouring_room_mcg_pro1,True,58,True,True,2026-08-11T02:00:41.969Z,In this case I believe that  sound  c has a better mix for the armonía of the instruments and vioxe,In this case I believe that  sound  c has a better mix for the armonía of the instruments and vioxe,82719,assets/audio/study-stimuli/main-study/group_02/song_b_pouring_room/mcg_pro1.wav,0.0646217316389,18.2459716797,0.0750391855836,-0.0488145165145,1.177821012274786,0.1366958746221527,-0.3534041622732912,-0.9473754159948484
27,P007,a1704340-8fbd-4118-9fde-eb566796a4e3,five_mix_frontend_v1_2026-08-06,five_mix_netlify_forms_v1,five_mix_frontend_v1_2026-08-06,completed,group_02,group_02,2026-08-11 02:48:29.574,2026-08-11 03:05:55.667,2026-08-11 03:05:56.159,1046.0,6,5,30,6,True,13,P007__trial_03,3,FM-1,FM-1,2,pouring_room,group_02_song_b_pouring_room,1,Song B,C,3,mix_cbf8555ee2b2,pouring_room_mcg_x,mix_cbf8555ee2b2,pouring_room_mcg_x,True,100,True,True,2026-08-11T02:00:37.193Z,In this case I believe that  sound  c has a better mix for the armonía of the instruments and vioxe,In this case I believe that  sound  c has a better mix for the armonía of the instruments and vioxe,82719,assets/audio/study-stimuli/main-study/group_02/song_b_pouring_room/mcg_x.wav,0.0612343810499,19.9389343262,0.147577553988,-0.0265915170312,0.4494273963527286,0.780552768870155,0.8086566197405122,-0.4801297779726206
27,P007,a1704340-8fbd-4118-9fde-eb566796a4e3,five_mix_frontend_v1_2026-08-06,five_mix_netlify_forms_v1,five_mix_frontend_v1_2026-08-06,completed,group_02,group_02,2026-08-11 02:48:29.574,2026-08-11 03:05:55.667,2026-08-11 03:05:56.159,1046.0,6,5,30,6,True,14,P007__trial_03,3,FM-1,FM-1,2,pouring_room,group_02_song_b_pouring_room,1,Song B,D,4,mix_be2ccd4c43ff,pouring_room_mcg_t,mix_be2ccd4c43ff,pouring_room_mcg_t,True,2,True,True,2026-08-11T02:00:33.441Z,In this case I believe that  sound  c has a better mix for the armonía of the instruments and vioxe,In this case I believe that  sound  c has a better mix for the armonía of the instruments and vioxe,82719,assets/audio/study-stimuli/main-study/group_02/song_b_pouring_room/mcg_t.wav,0.0587656274438,20.841550827,0.217380493879,-0.0455747283995,-0.0814371595061495,1.1238301932737935,1.926895983278192,-0.8792578396079359
27,P007,a1704340-8fbd-4118-9fde-eb566796a4e3,five_mix_frontend_v1_2026-08-06,five_mix_netlify_forms_v1,five_mix_frontend_v1_2026-08-06,completed,group_02,group_02,2026-08-11 02:48:29.574,2026-08-11 03:05:55.667,2026-08-11 03:05:56.159,1046.0,6,5,30,6,True,15,P007__trial_03,3,FM-1,FM-1,2,pouring_room,group_02_song_b_pouring_room,1,Song B,E,5,mix_e08faaf8bbb3,pouring_room_mcg_v,mix_e08faaf8bbb3,pouring_room_mcg_v,True,22,True,True,2026-08-11T02:00:25.445Z,In this case I believe that  sound  c has a better mix for the armonía of the instruments and vioxe,In this case I believe that  sound  c has a better mix for the armonía of the instruments and vioxe,82719,assets/audio/study-stimuli/main-study/group_02/song_b_pouring_room/mcg_v.wav,0.0600788630545,20.8109931946,0.0795278027654,-0.0483895651996,0.2009523983216312,1.112208706920678,-0.2814967551013548,-0.938440679331238
27,P007,a1704340-8fbd-4118-9fde-eb566796a4e3,five_mix_frontend_v1_2026-08-06,five_mix_netlify_forms_v1,five_mix_frontend_v1_2026-08-06,completed,group_02,group_02,2026-08-11 02:48:29.574,2026-08-11 03:05:55.667,2026-08-11 03:05:56.159,1046.0,6,5,30,6,True,16,P007__trial_04,4,FM-1,FM-1,2,in_the_meantime,group_02_song_a_in_the_meantime,2,Song A,A,1,mix_56e65a3ce054,in_the_meantime_du_k,mix_56e65a3ce054,in_the_meantime_du_k,True,0,True,True,2026-08-11T02:01:56.611Z,Sound worst rated are incredible noise ,Sound worst rated are incredible noise,69098,assets/audio/study-stimuli/main-study/group_02/song_a_in_the_meantime/du_k.wav,0.0539390221238,22.5979270935,0.15773075819,0.0170408543199,-1.1193186569455127,1.7918041562064675,0.9713104079970216,0.4372547184671072
27,P007,a1704340-8fbd-4118-9fde-eb566796a4e3,five_mix_frontend_v1_2026-08-06,five_mix_netlify_forms_v1,five_mix_frontend_v1_2026-08-06,completed,group_02,group_02,2026-08-11 02:48:29.574,2026-08-11 03:05:55.667,2026-08-11 03:05:56.159,1046.0,6,5,30,6,True,17,P007__trial_04,4,FM-1,FM-1,2,in_the_meantime,group_02_song_a_in_the_meantime,2,Song A,B,2,mix_302f0efe8a80,in_the_meantime_du_h,mix_302f0efe8a80,in_the_meantime_du_h,True,53,True,True,2026-08-11T02:01:52.271Z,Sound worst rated are incredible noise ,Sound worst rated are incredible noise,69098,assets/audio/study-stimuli/main-study/group_02/song_a_in_the_meantime/du_h.wav,0.0623472034931,18.601518631,0.0428314469755,0.0354086197913,0.6887214233465396,0.2719152524959843,-0.8693704120952901,0.8234428342152216
27,P007,a1704340-8fbd-4118-9fde-eb566796a4e3,five_mix_frontend_v1_2026-08-06,five_mix_netlify_forms_v1,five_mix_frontend_v1_2026-08-06,completed,group_02,group_02,2026-08-11 02:48:29.574,2026-08-11 03:05:55.667,2026-08-11 03:05:56.159,1046.0,6,5,30,6,True,18,P007__trial_04,4,FM-1,FM-1,2,in_the_meantime,group_02_song_a_in_the_meantime,2,Song A,C,3,mix_c7bdcba64775,in_the_meantime_qut_b,mix_c7bdcba64775,in_the_meantime_qut_b,True,0,True,True,2026-08-11T02:01:50.628Z,Sound worst rated are incredible noise ,Sound worst rated are incredible noise,69098,assets/audio/study-stimuli/main-study/group_02/song_a_in_the_meantime/qut_b.wav,0.0560294315219,17.366355896,0.000543582602404,0.000562923552934,-0.6698107538710293,-0.1978340618743536,-1.5468197375217057,0.0908009789400507
27,P007,a1704340-8fbd-4118-9fde-eb566796a4e3,five_mix_frontend_v1_2026-08-06,five_mix_netlify_forms_v1,five_mix_frontend_v1_2026-08-06,completed,group_02,group_02,2026-08-11 02:48:29.574,2026-08-11 03:05:55.667,2026-08-11 03:05:56.159,1046.0,6,5,30,6,True,19,P007__trial_04,4,FM-1,FM-1,2,in_the_meantime,group_02_song_a_in_the_meantime,2,Song A,D,4,mix_9baa86357fd4,in_the_meantime_du_i,mix_9baa86357fd4,in_the_meantime_du_i,True,79,True,True,2026-08-11T02:02:10.542Z,Sound worst rated are incredible noise ,Sound worst rated are incredible noise,69098,assets/audio/study-stimuli/main-study/group_02/song_a_in_the_meantime/du_i.wav,0.0503131300211,22.9316368103,0.130904406309,-0.0380811542273,-1.8990066727669184,1.9187185345499165,0.5415536857115313,-0.721703057329889
27,P007,a1704340-8fbd-4118-9fde-eb566796a4e3,five_mix_frontend_v1_2026-08-06,five_mix_netlify_forms_v1,five_mix_frontend_v1_2026-08-06,completed,group_02,group_02,2026-08-11 02:48:29.574,2026-08-11 03:05:55.667,2026-08-11 03:05:56.159,1046.0,6,5,30,6,True,20,P007__trial_04,4,FM-1,FM-1,2,in_the_meantime,group_02_song_a_in_the_meantime,2,Song A,E,5,mix_cdaef40f2b94,in_the_meantime_qut_pro,mix_cdaef40f2b94,in_the_meantime_qut_pro,True,100,True,True,2026-08-11T02:01:43.515Z,Sound worst rated are incredible noise ,Sound worst rated are incredible noise,69098,assets/audio/study-stimuli/main-study/group_02/song_a_in_the_meantime/qut_pro.wav,0.0560023784637,14.1143035889,0.212649226189,-0.0385963246226,-0.6756280657690176,-1.4346341192827423,1.8511013279434223,-0.7325346788768815
27,P007,a1704340-8fbd-4118-9fde-eb566796a4e3,five_mix_frontend_v1_2026-08-06,five_mix_netlify_forms_v1,five_mix_frontend_v1_2026-08-06,completed,group_02,group_02,2026-08-11 02:48:29.574,2026-08-11 03:05:55.667,2026-08-11 03:05:56.159,1046.0,6,5,30,6,True,21,P007__trial_05,5,EDR-2,EDR-2,3,in_the_meantime,group_02_song_a_in_the_meantime,1,Song A,A,1,mix_56e65a3ce054,in_the_meantime_du_k,mix_56e65a3ce054,in_the_meantime_du_k,True,0,True,True,2026-08-11T02:02:52.336Z,Sound c has a better understanding between the balance of the drums bass and voice ,Sound c has a better understanding between the balance of the drums bass and voice,59630,assets/audio/study-stimuli/main-study/group_02/song_a_in_the_meantime/du_k.wav,0.0539390221238,22.5979270935,0.15773075819,0.0170408543199,-1.1193186569455127,1.7918041562064675,0.9713104079970216,0.4372547184671072
27,P007,a1704340-8fbd-4118-9fde-eb566796a4e3,five_mix_frontend_v1_2026-08-06,five_mix_netlify_forms_v1,five_mix_frontend_v1_2026-08-06,completed,group_02,group_02,2026-08-11 02:48:29.574,2026-08-11 03:05:55.667,2026-08-11 03:05:56.159,1046.0,6,5,30,6,True,22,P007__trial_05,5,EDR-2,EDR-2,3,in_the_meantime,group_02_song_a_in_the_meantime,1,Song A,B,2,mix_cdaef40f2b94,in_the_meantime_qut_pro,mix_cdaef40f2b94,in_the_meantime_qut_pro,True,72,True,True,2026-08-11T02:02:57.139Z,Sound c has a better understanding between the balance of the drums bass and voice ,Sound c has a better understanding between the balance of the drums bass and voice,59630,assets/audio/study-stimuli/main-study/group_02/song_a_in_the_meantime/qut_pro.wav,0.0560023784637,14.1143035889,0.212649226189,-0.0385963246226,-0.6756280657690176,-1.4346341192827423,1.8511013279434223,-0.7325346788768815
27,P007,a1704340-8fbd-4118-9fde-eb566796a4e3,five_mix_frontend_v1_2026-08-06,five_mix_netlify_forms_v1,five_mix_frontend_v1_2026-08-06,completed,group_02,group_02,2026-08-11 02:48:29.574,2026-08-11 03:05:55.667,2026-08-11 03:05:56.159,1046.0,6,5,30,6,True,23,P007__trial_05,5,EDR-2,EDR-2,3,in_the_meantime,group_02_song_a_in_the_meantime,1,Song A,C,3,mix_302f0efe8a80,in_the_meantime_du_h,mix_302f0efe8a80,in_the_meantime_du_h,True,100,True,True,2026-08-11T02:03:04.994Z,Sound c has a better understanding between the balance of the drums bass and voice ,Sound c has a better understanding between the balance of the drums bass and voice,59630,assets/audio/study-stimuli/main-study/group_02/song_a_in_the_meantime/du_h.wav,0.0623472034931,18.601518631,0.0428314469755,0.0354086197913,0.6887214233465396,0.2719152524959843,-0.8693704120952901,0.8234428342152216
27,P007,a1704340-8fbd-4118-9fde-eb566796a4e3,five_mix_frontend_v1_2026-08-06,five_mix_netlify_forms_v1,five_mix_frontend_v1_2026-08-06,completed,group_02,group_02,2026-08-11 02:48:29.574,2026-08-11 03:05:55.667,2026-08-11 03:05:56.159,1046.0,6,5,30,6,True,24,P007__trial_05,5,EDR-2,EDR-2,3,in_the_meantime,group_02_song_a_in_the_meantime,1,Song A,D,4,mix_c7bdcba64775,in_the_meantime_qut_b,mix_c7bdcba64775,in_the_meantime_qut_b,True,15,True,True,2026-08-11T02:03:12.252Z,Sound c has a better understanding between the balance of the drums bass and voice ,Sound c has a better understanding between the balance of the drums bass and voice,59630,assets/audio/study-stimuli/main-study/group_02/song_a_in_the_meantime/qut_b.wav,0.0560294315219,17.366355896,0.000543582602404,0.000562923552934,-0.6698107538710293,-0.1978340618743536,-1.5468197375217057,0.0908009789400507
27,P007,a1704340-8fbd-4118-9fde-eb566796a4e3,five_mix_frontend_v1_2026-08-06,five_mix_netlify_forms_v1,five_mix_frontend_v1_2026-08-06,completed,group_02,group_02,2026-08-11 02:48:29.574,2026-08-11 03:05:55.667,2026-08-11 03:05:56.159,1046.0,6,5,30,6,True,25,P007__trial_05,5,EDR-2,EDR-2,3,in_the_meantime,group_02_song_a_in_the_meantime,1,Song A,E,5,mix_9baa86357fd4,in_the_meantime_du_i,mix_9baa86357fd4,in_the_meantime_du_i,True,50,True,True,2026-08-11T02:02:48.935Z,Sound c has a better understanding between the balance of the drums bass and voice ,Sound c has a better understanding between the balance of the drums bass and voice,59630,assets/audio/study-stimuli/main-study/group_02/song_a_in_the_meantime/du_i.wav,0.0503131300211,22.9316368103,0.130904406309,-0.0380811542273,-1.8990066727669184,1.9187185345499165,0.5415536857115313,-0.721703057329889
27,P007,a1704340-8fbd-4118-9fde-eb566796a4e3,five_mix_frontend_v1_2026-08-06,five_mix_netlify_forms_v1,five_mix_frontend_v1_2026-08-06,completed,group_02,group_02,2026-08-11 02:48:29.574,2026-08-11 03:05:55.667,2026-08-11 03:05:56.159,1046.0,6,5,30,6,True,26,P007__trial_06,6,EDR-2,EDR-2,3,pouring_room,group_02_song_b_pouring_room,2,Song B,A,1,mix_132e75f34470,pouring_room_mcg_pro1,mix_132e75f34470,pouring_room_mcg_pro1,True,100,True,True,2026-08-11T02:04:10.894Z,Sound a it has balance in the voice that are superior to others,Sound a it has balance in the voice that are superior to others,58809,assets/audio/study-stimuli/main-study/group_02/song_b_pouring_room/mcg_pro1.wav,0.0646217316389,18.2459716797,0.0750391855836,-0.0488145165145,1.177821012274786,0.1366958746221527,-0.3534041622732912,-0.9473754159948484
27,P007,a1704340-8fbd-4118-9fde-eb566796a4e3,five_mix_frontend_v1_2026-08-06,five_mix_netlify_forms_v1,five_mix_frontend_v1_2026-08-06,completed,group_02,group_02,2026-08-11 02:48:29.574,2026-08-11 03:05:55.667,2026-08-11 03:05:56.159,1046.0,6,5,30,6,True,27,P007__trial_06,6,EDR-2,EDR-2,3,pouring_room,group_02_song_b_pouring_room,2,Song B,B,2,mix_0ba76f420c1d,pouring_room_mcg_r,mix_0ba76f420c1d,pouring_room_mcg_r,True,72,True,True,2026-08-11T02:04:06.388Z,Sound a it has balance in the voice that are superior to others,Sound a it has balance in the voice that are superior to others,58809,assets/audio/study-stimuli/main-study/group_02/song_b_pouring_room/mcg_r.wav,0.060190629214,16.5152053833,0.14739459753,-0.0638295859098,0.2249858589620197,-0.521538265731174,0.8057256670690561,-1.2630720295337683
27,P007,a1704340-8fbd-4118-9fde-eb566796a4e3,five_mix_frontend_v1_2026-08-06,five_mix_netlify_forms_v1,five_mix_frontend_v1_2026-08-06,completed,group_02,group_02,2026-08-11 02:48:29.574,2026-08-11 03:05:55.667,2026-08-11 03:05:56.159,1046.0,6,5,30,6,True,28,P007__trial_06,6,EDR-2,EDR-2,3,pouring_room,group_02_song_b_pouring_room,2,Song B,C,3,mix_cbf8555ee2b2,pouring_room_mcg_x,mix_cbf8555ee2b2,pouring_room_mcg_x,True,62,True,True,2026-08-11T02:04:02.308Z,Sound a it has balance in the voice that are superior to others,Sound a it has balance in the voice that are superior to others,58809,assets/audio/study-stimuli/main-study/group_02/song_b_pouring_room/mcg_x.wav,0.0612343810499,19.9389343262,0.147577553988,-0.0265915170312,0.4494273963527286,0.780552768870155,0.8086566197405122,-0.4801297779726206
27,P007,a1704340-8fbd-4118-9fde-eb566796a4e3,five_mix_frontend_v1_2026-08-06,five_mix_netlify_forms_v1,five_mix_frontend_v1_2026-08-06,completed,group_02,group_02,2026-08-11 02:48:29.574,2026-08-11 03:05:55.667,2026-08-11 03:05:56.159,1046.0,6,5,30,6,True,29,P007__trial_06,6,EDR-2,EDR-2,3,pouring_room,group_02_song_b_pouring_room,2,Song B,D,4,mix_e08faaf8bbb3,pouring_room_mcg_v,mix_e08faaf8bbb3,pouring_room_mcg_v,True,80,True,True,2026-08-11T02:03:59.135Z,Sound a it has balance in the voice that are superior to others,Sound a it has balance in the voice that are superior to others,58809,assets/audio/study-stimuli/main-study/group_02/song_b_pouring_room/mcg_v.wav,0.0600788630545,20.8109931946,0.0795278027654,-0.0483895651996,0.2009523983216312,1.112208706920678,-0.2814967551013548,-0.938440679331238
27,P007,a1704340-8fbd-4118-9fde-eb566796a4e3,five_mix_frontend_v1_2026-08-06,five_mix_netlify_forms_v1,five_mix_frontend_v1_2026-08-06,completed,group_02,group_02,2026-08-11 02:48:29.574,2026-08-11 03:05:55.667,2026-08-11 03:05:56.159,1046.0,6,5,30,6,True,30,P007__trial_06,6,EDR-2,EDR-2,3,pouring_room,group_02_song_b_pouring_room,2,Song B,E,5,mix_be2ccd4c43ff,pouring_room_mcg_t,mix_be2ccd4c43ff,pouring_room_mcg_t,True,0,True,True,2026-08-11T02:03:56.496Z,Sound a it has balance in the voice that are superior to others,Sound a it has balance in the voice that are superior to others,58809,assets/audio/study-stimuli/main-study/group_02/song_b_pouring_room/mcg_t.wav,0.0587656274438,20.841550827,0.217380493879,-0.0455747283995,-0.0814371595061495,1.1238301932737935,1.926895983278192,-0.8792578396079359
28,P006,fb2139bd-6644-4981-b8ce-4ef33de2229f,five_mix_frontend_v1_2026-08-06,five_mix_netlify_forms_v1,five_mix_frontend_v1_2026-08-06,completed,group_01,group_01,2026-08-10 13:25:28.013,2026-08-10 13:56:35.444,2026-08-10 13:56:35.910,1867.0,6,5,30,6,True,1,P006__trial_01,1,EDR-1,EDR-1,1,lead_me,group_01_song_a_lead_me,1,Song A,A,1,mix_f1f7973e5bac,lead_me_du_d,mix_f1f7973e5bac,lead_me_du_d,True,99,True,True,2026-08-10T12:34:35.010Z,"I would definitely choose A, as I find it close to my usual sound configuration. C still works, I find it enjoyable. For the rest of the options, that is, B, E & D, the sound is strange, like if there were something a layer between the singer and the microphone. ","I would definitely choose A, as I find it close to my usual sound configuration. C still works, I find it enjoyable. For the rest of the options, that is, B, E & D, the sound is strange, like if there were something a layer between the singer and the microphone.",246771,assets/audio/study-stimuli/main-study/group_01/song_a_lead_me/du_d.wav,0.0625870004296,13.8143320084,0.117576912045,-0.0521329641342,0.7402857811167308,-1.548717422055362,0.3280479404435016,-1.017146833506479
28,P006,fb2139bd-6644-4981-b8ce-4ef33de2229f,five_mix_frontend_v1_2026-08-06,five_mix_netlify_forms_v1,five_mix_frontend_v1_2026-08-06,completed,group_01,group_01,2026-08-10 13:25:28.013,2026-08-10 13:56:35.444,2026-08-10 13:56:35.910,1867.0,6,5,30,6,True,2,P006__trial_01,1,EDR-1,EDR-1,1,lead_me,group_01_song_a_lead_me,1,Song A,B,2,mix_d5b28dfc8a93,lead_me_pxl_l1,mix_d5b28dfc8a93,lead_me_pxl_l1,True,51,True,True,2026-08-10T12:35:07.660Z,"I would definitely choose A, as I find it close to my usual sound configuration. C still works, I find it enjoyable. For the rest of the options, that is, B, E & D, the sound is strange, like if there were something a layer between the singer and the microphone. ","I would definitely choose A, as I find it close to my usual sound configuration. C still works, I find it enjoyable. For the rest of the options, that is, B, E & D, the sound is strange, like if there were something a layer between the singer and the microphone.",246771,assets/audio/study-stimuli/main-study/group_01/song_a_lead_me/pxl_l1.wav,0.0591329820454,16.9195213318,0.0170932952315,-0.0129087874666,-0.0024436394808062,-0.3677713699084406,-1.2816942263900757,-0.1924460334762285
28,P006,fb2139bd-6644-4981-b8ce-4ef33de2229f,five_mix_frontend_v1_2026-08-06,five_mix_netlify_forms_v1,five_mix_frontend_v1_2026-08-06,completed,group_01,group_01,2026-08-10 13:25:28.013,2026-08-10 13:56:35.444,2026-08-10 13:56:35.910,1867.0,6,5,30,6,True,3,P006__trial_01,1,EDR-1,EDR-1,1,lead_me,group_01_song_a_lead_me,1,Song A,C,3,mix_d3e3580b6e30,lead_me_mcg_pro2,mix_d3e3580b6e30,lead_me_mcg_pro2,True,75,True,True,2026-08-10T12:35:06.236Z,"I would definitely choose A, as I find it close to my usual sound configuration. C still works, I find it enjoyable. For the rest of the options, that is, B, E & D, the sound is strange, like if there were something a layer between the singer and the microphone. ","I would definitely choose A, as I find it close to my usual sound configuration. C still works, I find it enjoyable. For the rest of the options, that is, B, E & D, the sound is strange, like if there were something a layer between the singer and the microphone.",246771,assets/audio/study-stimuli/main-study/group_01/song_a_lead_me/mcg_pro2.wav,0.0730051249266,20.1463222504,0.0392760001123,-0.00143597240094,2.9805308263561203,0.8594252384169624,-0.9263284806752846,0.048773555233824
28,P006,fb2139bd-6644-4981-b8ce-4ef33de2229f,five_mix_frontend_v1_2026-08-06,five_mix_netlify_forms_v1,five_mix_frontend_v1_2026-08-06,completed,group_01,group_01,2026-08-10 13:25:28.013,2026-08-10 13:56:35.444,2026-08-10 13:56:35.910,1867.0,6,5,30,6,True,4,P006__trial_01,1,EDR-1,EDR-1,1,lead_me,group_01_song_a_lead_me,1,Song A,D,4,mix_271852ba8676,lead_me_du_e,mix_271852ba8676,lead_me_du_e,True,25,True,True,2026-08-10T12:35:03.817Z,"I would definitely choose A, as I find it close to my usual sound configuration. C still works, I find it enjoyable. For the rest of the options, that is, B, E & D, the sound is strange, like if there were something a layer between the singer and the microphone. ","I would definitely choose A, as I find it close to my usual sound configuration. C still works, I find it enjoyable. For the rest of the options, that is, B, E & D, the sound is strange, like if there were something a layer between the singer and the microphone.",246771,assets/audio/study-stimuli/main-study/group_01/song_a_lead_me/du_e.wav,0.0543773770332,19.2538223267,0.0430038608611,0.0436125770211,-1.0250576971995913,0.5199952869185839,-0.8666083508697964,0.9959336464039888
28,P006,fb2139bd-6644-4981-b8ce-4ef33de2229f,five_mix_frontend_v1_2026-08-06,five_mix_netlify_forms_v1,five_mix_frontend_v1_2026-08-06,completed,group_01,group_01,2026-08-10 13:25:28.013,2026-08-10 13:56:35.444,2026-08-10 13:56:35.910,1867.0,6,5,30,6,True,5,P006__trial_01,1,EDR-1,EDR-1,1,lead_me,group_01_song_a_lead_me,1,Song A,E,5,mix_c7d9a071ba25,lead_me_pxl_l4,mix_c7d9a071ba25,lead_me_pxl_l4,True,40,True,True,2026-08-10T12:34:57.986Z,"I would definitely choose A, as I find it close to my usual sound configuration. C still works, I find it enjoyable. For the rest of the options, that is, B, E & D, the sound is strange, like if there were something a layer between the singer and the microphone. ","I would definitely choose A, as I find it close to my usual sound configuration. C still works, I find it enjoyable. For the rest of the options, that is, B, E & D, the sound is strange, like if there were something a layer between the singer and the microphone.",246771,assets/audio/study-stimuli/main-study/group_01/song_a_lead_me/pxl_l4.wav,0.0588876381516,15.6746520996,0.149041607976,0.109930999577,-0.0552007785055364,-0.8412121981784734,0.8321106863211235,2.390299590706203
28,P006,fb2139bd-6644-4981-b8ce-4ef33de2229f,five_mix_frontend_v1_2026-08-06,five_mix_netlify_forms_v1,five_mix_frontend_v1_2026-08-06,completed,group_01,group_01,2026-08-10 13:25:28.013,2026-08-10 13:56:35.444,2026-08-10 13:56:35.910,1867.0,6,5,30,6,True,6,P006__trial_02,2,EDR-1,EDR-1,1,id_like_to_know,group_01_song_b_id_like_to_know,2,Song B,A,1,mix_9ffcd672af17,id_like_to_know_pxl_s1,mix_9ffcd672af17,id_like_to_know_pxl_s1,True,86,True,True,2026-08-10T12:38:51.331Z,"C is close to my usual sound configuration. I still find amusing A and E. 
For the rest, that is, B & D, I reckon the sound weird, like if the some sounds were a bit compressed. ","C is close to my usual sound configuration. I still find amusing A and E. 
For the rest, that is, B & D, I reckon the sound weird, like if the some sounds were a bit compressed.",228000,assets/audio/study-stimuli/main-study/group_01/song_b_id_like_to_know/pxl_s1.wav,0.0565126091242,16.3633155823,0.0668171644211,0.0607972890139,-0.5659114167269081,-0.579304038497624,-0.4851205015292653,1.357247686182373
28,P006,fb2139bd-6644-4981-b8ce-4ef33de2229f,five_mix_frontend_v1_2026-08-06,five_mix_netlify_forms_v1,five_mix_frontend_v1_2026-08-06,completed,group_01,group_01,2026-08-10 13:25:28.013,2026-08-10 13:56:35.444,2026-08-10 13:56:35.910,1867.0,6,5,30,6,True,7,P006__trial_02,2,EDR-1,EDR-1,1,id_like_to_know,group_01_song_b_id_like_to_know,2,Song B,B,2,mix_b393d3919c78,id_like_to_know_pxl_s7,mix_b393d3919c78,id_like_to_know_pxl_s7,True,60,True,True,2026-08-10T12:39:03.490Z,"C is close to my usual sound configuration. I still find amusing A and E. 
For the rest, that is, B & D, I reckon the sound weird, like if the some sounds were a bit compressed. ","C is close to my usual sound configuration. I still find amusing A and E. 
For the rest, that is, B & D, I reckon the sound weird, like if the some sounds were a bit compressed.",228000,assets/audio/study-stimuli/main-study/group_01/song_b_id_like_to_know/pxl_s7.wav,0.0551121532917,16.2593574524,0.0769432634115,-0.0537673681974,-0.867056238017743,-0.6188407399054331,-0.3229009373128245,-1.0515106991885117
28,P006,fb2139bd-6644-4981-b8ce-4ef33de2229f,five_mix_frontend_v1_2026-08-06,five_mix_netlify_forms_v1,five_mix_frontend_v1_2026-08-06,completed,group_01,group_01,2026-08-10 13:25:28.013,2026-08-10 13:56:35.444,2026-08-10 13:56:35.910,1867.0,6,5,30,6,True,8,P006__trial_02,2,EDR-1,EDR-1,1,id_like_to_know,group_01_song_b_id_like_to_know,2,Song B,C,3,mix_6f8b655d7999,id_like_to_know_pxl_s2,mix_6f8b655d7999,id_like_to_know_pxl_s2,True,96,True,True,2026-08-10T12:39:11.668Z,"C is close to my usual sound configuration. I still find amusing A and E. 
For the rest, that is, B & D, I reckon the sound weird, like if the some sounds were a bit compressed. ","C is close to my usual sound configuration. I still find amusing A and E. 
For the rest, that is, B & D, I reckon the sound weird, like if the some sounds were a bit compressed.",228000,assets/audio/study-stimuli/main-study/group_01/song_b_id_like_to_know/pxl_s2.wav,0.0616230294108,14.7642059326,0.049424380064,0.0224525164813,0.5329997864789321,-1.1874673519330532,-0.7637519766505488,0.5510366380169074
28,P006,fb2139bd-6644-4981-b8ce-4ef33de2229f,five_mix_frontend_v1_2026-08-06,five_mix_netlify_forms_v1,five_mix_frontend_v1_2026-08-06,completed,group_01,group_01,2026-08-10 13:25:28.013,2026-08-10 13:56:35.444,2026-08-10 13:56:35.910,1867.0,6,5,30,6,True,9,P006__trial_02,2,EDR-1,EDR-1,1,id_like_to_know,group_01_song_b_id_like_to_know,2,Song B,D,4,mix_65f41f41d3ab,id_like_to_know_pxl_s3,mix_65f41f41d3ab,id_like_to_know_pxl_s3,True,51,True,True,2026-08-10T12:39:18.755Z,"C is close to my usual sound configuration. I still find amusing A and E. 
For the rest, that is, B & D, I reckon the sound weird, like if the some sounds were a bit compressed. ","C is close to my usual sound configuration. I still find amusing A and E. 
For the rest, that is, B & D, I reckon the sound weird, like if the some sounds were a bit compressed.",228000,assets/audio/study-stimuli/main-study/group_01/song_b_id_like_to_know/pxl_s3.wav,0.0606486909091,15.0860643387,0.0243665315211,-0.00842856336385,0.3234844364321996,-1.065060189455143,-1.1651773700507613,-0.0982478955990668
28,P006,fb2139bd-6644-4981-b8ce-4ef33de2229f,five_mix_frontend_v1_2026-08-06,five_mix_netlify_forms_v1,five_mix_frontend_v1_2026-08-06,completed,group_01,group_01,2026-08-10 13:25:28.013,2026-08-10 13:56:35.444,2026-08-10 13:56:35.910,1867.0,6,5,30,6,True,10,P006__trial_02,2,EDR-1,EDR-1,1,id_like_to_know,group_01_song_b_id_like_to_know,2,Song B,E,5,mix_82d60d7c7fc5,id_like_to_know_pxl_s5,mix_82d60d7c7fc5,id_like_to_know_pxl_s5,True,75,True,True,2026-08-10T12:39:23.286Z,"C is close to my usual sound configuration. I still find amusing A and E. 
For the rest, that is, B & D, I reckon the sound weird, like if the some sounds were a bit compressed. ","C is close to my usual sound configuration. I still find amusing A and E. 
For the rest, that is, B & D, I reckon the sound weird, like if the some sounds were a bit compressed.",228000,assets/audio/study-stimuli/main-study/group_01/song_b_id_like_to_know/pxl_s5.wav,0.0574779175222,17.4848575592,0.146866813302,0.0736307501793,-0.3583378408524605,-0.1527662554529231,0.7972705919658362,1.6270752922517937
28,P006,fb2139bd-6644-4981-b8ce-4ef33de2229f,five_mix_frontend_v1_2026-08-06,five_mix_netlify_forms_v1,five_mix_frontend_v1_2026-08-06,completed,group_01,group_01,2026-08-10 13:25:28.013,2026-08-10 13:56:35.444,2026-08-10 13:56:35.910,1867.0,6,5,30,6,True,11,P006__trial_03,3,EDR-2,EDR-2,2,id_like_to_know,group_01_song_b_id_like_to_know,1,Song B,A,1,mix_65f41f41d3ab,id_like_to_know_pxl_s3,mix_65f41f41d3ab,id_like_to_know_pxl_s3,True,39,True,True,2026-08-10T12:42:42.489Z,"B, C & E, sound quite normal to me, that is, I feel comfortable while listening. D and A not, they have a different configuration that made them sound a bit strange. ","B, C & E, sound quite normal to me, that is, I feel comfortable while listening. D and A not, they have a different configuration that made them sound a bit strange.",135714,assets/audio/study-stimuli/main-study/group_01/song_b_id_like_to_know/pxl_s3.wav,0.0606486909091,15.0860643387,0.0243665315211,-0.00842856336385,0.3234844364321996,-1.065060189455143,-1.1651773700507613,-0.0982478955990668
28,P006,fb2139bd-6644-4981-b8ce-4ef33de2229f,five_mix_frontend_v1_2026-08-06,five_mix_netlify_forms_v1,five_mix_frontend_v1_2026-08-06,completed,group_01,group_01,2026-08-10 13:25:28.013,2026-08-10 13:56:35.444,2026-08-10 13:56:35.910,1867.0,6,5,30,6,True,12,P006__trial_03,3,EDR-2,EDR-2,2,id_like_to_know,group_01_song_b_id_like_to_know,1,Song B,B,2,mix_82d60d7c7fc5,id_like_to_know_pxl_s5,mix_82d60d7c7fc5,id_like_to_know_pxl_s5,True,100,True,True,2026-08-10T12:42:47.468Z,"B, C & E, sound quite normal to me, that is, I feel comfortable while listening. D and A not, they have a different configuration that made them sound a bit strange. ","B, C & E, sound quite normal to me, that is, I feel comfortable while listening. D and A not, they have a different configuration that made them sound a bit strange.",135714,assets/audio/study-stimuli/main-study/group_01/song_b_id_like_to_know/pxl_s5.wav,0.0574779175222,17.4848575592,0.146866813302,0.0736307501793,-0.3583378408524605,-0.1527662554529231,0.7972705919658362,1.6270752922517937
28,P006,fb2139bd-6644-4981-b8ce-4ef33de2229f,five_mix_frontend_v1_2026-08-06,five_mix_netlify_forms_v1,five_mix_frontend_v1_2026-08-06,completed,group_01,group_01,2026-08-10 13:25:28.013,2026-08-10 13:56:35.444,2026-08-10 13:56:35.910,1867.0,6,5,30,6,True,13,P006__trial_03,3,EDR-2,EDR-2,2,id_like_to_know,group_01_song_b_id_like_to_know,1,Song B,C,3,mix_6f8b655d7999,id_like_to_know_pxl_s2,mix_6f8b655d7999,id_like_to_know_pxl_s2,True,88,True,True,2026-08-10T12:42:54.202Z,"B, C & E, sound quite normal to me, that is, I feel comfortable while listening. D and A not, they have a different configuration that made them sound a bit strange. ","B, C & E, sound quite normal to me, that is, I feel comfortable while listening. D and A not, they have a different configuration that made them sound a bit strange.",135714,assets/audio/study-stimuli/main-study/group_01/song_b_id_like_to_know/pxl_s2.wav,0.0616230294108,14.7642059326,0.049424380064,0.0224525164813,0.5329997864789321,-1.1874673519330532,-0.7637519766505488,0.5510366380169074
28,P006,fb2139bd-6644-4981-b8ce-4ef33de2229f,five_mix_frontend_v1_2026-08-06,five_mix_netlify_forms_v1,five_mix_frontend_v1_2026-08-06,completed,group_01,group_01,2026-08-10 13:25:28.013,2026-08-10 13:56:35.444,2026-08-10 13:56:35.910,1867.0,6,5,30,6,True,14,P006__trial_03,3,EDR-2,EDR-2,2,id_like_to_know,group_01_song_b_id_like_to_know,1,Song B,D,4,mix_9ffcd672af17,id_like_to_know_pxl_s1,mix_9ffcd672af17,id_like_to_know_pxl_s1,True,32,True,True,2026-08-10T12:42:58.298Z,"B, C & E, sound quite normal to me, that is, I feel comfortable while listening. D and A not, they have a different configuration that made them sound a bit strange. ","B, C & E, sound quite normal to me, that is, I feel comfortable while listening. D and A not, they have a different configuration that made them sound a bit strange.",135714,assets/audio/study-stimuli/main-study/group_01/song_b_id_like_to_know/pxl_s1.wav,0.0565126091242,16.3633155823,0.0668171644211,0.0607972890139,-0.5659114167269081,-0.579304038497624,-0.4851205015292653,1.357247686182373
28,P006,fb2139bd-6644-4981-b8ce-4ef33de2229f,five_mix_frontend_v1_2026-08-06,five_mix_netlify_forms_v1,five_mix_frontend_v1_2026-08-06,completed,group_01,group_01,2026-08-10 13:25:28.013,2026-08-10 13:56:35.444,2026-08-10 13:56:35.910,1867.0,6,5,30,6,True,15,P006__trial_03,3,EDR-2,EDR-2,2,id_like_to_know,group_01_song_b_id_like_to_know,1,Song B,E,5,mix_b393d3919c78,id_like_to_know_pxl_s7,mix_b393d3919c78,id_like_to_know_pxl_s7,True,76,True,True,2026-08-10T12:43:06.491Z,"B, C & E, sound quite normal to me, that is, I feel comfortable while listening. D and A not, they have a different configuration that made them sound a bit strange. ","B, C & E, sound quite normal to me, that is, I feel comfortable while listening. D and A not, they have a different configuration that made them sound a bit strange.",135714,assets/audio/study-stimuli/main-study/group_01/song_b_id_like_to_know/pxl_s7.wav,0.0551121532917,16.2593574524,0.0769432634115,-0.0537673681974,-0.867056238017743,-0.6188407399054331,-0.3229009373128245,-1.0515106991885117
28,P006,fb2139bd-6644-4981-b8ce-4ef33de2229f,five_mix_frontend_v1_2026-08-06,five_mix_netlify_forms_v1,five_mix_frontend_v1_2026-08-06,completed,group_01,group_01,2026-08-10 13:25:28.013,2026-08-10 13:56:35.444,2026-08-10 13:56:35.910,1867.0,6,5,30,6,True,16,P006__trial_04,4,EDR-2,EDR-2,2,lead_me,group_01_song_a_lead_me,2,Song A,A,1,mix_f1f7973e5bac,lead_me_du_d,mix_f1f7973e5bac,lead_me_du_d,True,93,True,True,2026-08-10T12:44:49.537Z,"In this case, I find A amusing, as the singer's voice and the instruments are sounding at the same level. For D, I feel the voice is clearer and the instruments are lower, cannot hear the drums. On E, drums are back. On B and C, the sound is weird, I feel some sort of echo or emptiness on the sound. ","In this case, I find A amusing, as the singer's voice and the instruments are sounding at the same level. For D, I feel the voice is clearer and the instruments are lower, cannot hear the drums. On E, drums are back. On B and C, the sound is weird, I feel some sort of echo or emptiness on the sound.",275984,assets/audio/study-stimuli/main-study/group_01/song_a_lead_me/du_d.wav,0.0625870004296,13.8143320084,0.117576912045,-0.0521329641342,0.7402857811167308,-1.548717422055362,0.3280479404435016,-1.017146833506479
28,P006,fb2139bd-6644-4981-b8ce-4ef33de2229f,five_mix_frontend_v1_2026-08-06,five_mix_netlify_forms_v1,five_mix_frontend_v1_2026-08-06,completed,group_01,group_01,2026-08-10 13:25:28.013,2026-08-10 13:56:35.444,2026-08-10 13:56:35.910,1867.0,6,5,30,6,True,17,P006__trial_04,4,EDR-2,EDR-2,2,lead_me,group_01_song_a_lead_me,2,Song A,B,2,mix_d5b28dfc8a93,lead_me_pxl_l1,mix_d5b28dfc8a93,lead_me_pxl_l1,True,48,True,True,2026-08-10T12:45:50.864Z,"In this case, I find A amusing, as the singer's voice and the instruments are sounding at the same level. For D, I feel the voice is clearer and the instruments are lower, cannot hear the drums. On E, drums are back. On B and C, the sound is weird, I feel some sort of echo or emptiness on the sound. ","In this case, I find A amusing, as the singer's voice and the instruments are sounding at the same level. For D, I feel the voice is clearer and the instruments are lower, cannot hear the drums. On E, drums are back. On B and C, the sound is weird, I feel some sort of echo or emptiness on the sound.",275984,assets/audio/study-stimuli/main-study/group_01/song_a_lead_me/pxl_l1.wav,0.0591329820454,16.9195213318,0.0170932952315,-0.0129087874666,-0.0024436394808062,-0.3677713699084406,-1.2816942263900757,-0.1924460334762285
28,P006,fb2139bd-6644-4981-b8ce-4ef33de2229f,five_mix_frontend_v1_2026-08-06,five_mix_netlify_forms_v1,five_mix_frontend_v1_2026-08-06,completed,group_01,group_01,2026-08-10 13:25:28.013,2026-08-10 13:56:35.444,2026-08-10 13:56:35.910,1867.0,6,5,30,6,True,18,P006__trial_04,4,EDR-2,EDR-2,2,lead_me,group_01_song_a_lead_me,2,Song A,C,3,mix_271852ba8676,lead_me_du_e,mix_271852ba8676,lead_me_du_e,True,38,True,True,2026-08-10T12:45:55.286Z,"In this case, I find A amusing, as the singer's voice and the instruments are sounding at the same level. For D, I feel the voice is clearer and the instruments are lower, cannot hear the drums. On E, drums are back. On B and C, the sound is weird, I feel some sort of echo or emptiness on the sound. ","In this case, I find A amusing, as the singer's voice and the instruments are sounding at the same level. For D, I feel the voice is clearer and the instruments are lower, cannot hear the drums. On E, drums are back. On B and C, the sound is weird, I feel some sort of echo or emptiness on the sound.",275984,assets/audio/study-stimuli/main-study/group_01/song_a_lead_me/du_e.wav,0.0543773770332,19.2538223267,0.0430038608611,0.0436125770211,-1.0250576971995913,0.5199952869185839,-0.8666083508697964,0.9959336464039888
28,P006,fb2139bd-6644-4981-b8ce-4ef33de2229f,five_mix_frontend_v1_2026-08-06,five_mix_netlify_forms_v1,five_mix_frontend_v1_2026-08-06,completed,group_01,group_01,2026-08-10 13:25:28.013,2026-08-10 13:56:35.444,2026-08-10 13:56:35.910,1867.0,6,5,30,6,True,19,P006__trial_04,4,EDR-2,EDR-2,2,lead_me,group_01_song_a_lead_me,2,Song A,D,4,mix_c7d9a071ba25,lead_me_pxl_l4,mix_c7d9a071ba25,lead_me_pxl_l4,True,80,True,True,2026-08-10T12:45:58.830Z,"In this case, I find A amusing, as the singer's voice and the instruments are sounding at the same level. For D, I feel the voice is clearer and the instruments are lower, cannot hear the drums. On E, drums are back. On B and C, the sound is weird, I feel some sort of echo or emptiness on the sound. ","In this case, I find A amusing, as the singer's voice and the instruments are sounding at the same level. For D, I feel the voice is clearer and the instruments are lower, cannot hear the drums. On E, drums are back. On B and C, the sound is weird, I feel some sort of echo or emptiness on the sound.",275984,assets/audio/study-stimuli/main-study/group_01/song_a_lead_me/pxl_l4.wav,0.0588876381516,15.6746520996,0.149041607976,0.109930999577,-0.0552007785055364,-0.8412121981784734,0.8321106863211235,2.390299590706203
28,P006,fb2139bd-6644-4981-b8ce-4ef33de2229f,five_mix_frontend_v1_2026-08-06,five_mix_netlify_forms_v1,five_mix_frontend_v1_2026-08-06,completed,group_01,group_01,2026-08-10 13:25:28.013,2026-08-10 13:56:35.444,2026-08-10 13:56:35.910,1867.0,6,5,30,6,True,20,P006__trial_04,4,EDR-2,EDR-2,2,lead_me,group_01_song_a_lead_me,2,Song A,E,5,mix_d3e3580b6e30,lead_me_mcg_pro2,mix_d3e3580b6e30,lead_me_mcg_pro2,True,62,True,True,2026-08-10T12:46:05.133Z,"In this case, I find A amusing, as the singer's voice and the instruments are sounding at the same level. For D, I feel the voice is clearer and the instruments are lower, cannot hear the drums. On E, drums are back. On B and C, the sound is weird, I feel some sort of echo or emptiness on the sound. ","In this case, I find A amusing, as the singer's voice and the instruments are sounding at the same level. For D, I feel the voice is clearer and the instruments are lower, cannot hear the drums. On E, drums are back. On B and C, the sound is weird, I feel some sort of echo or emptiness on the sound.",275984,assets/audio/study-stimuli/main-study/group_01/song_a_lead_me/mcg_pro2.wav,0.0730051249266,20.1463222504,0.0392760001123,-0.00143597240094,2.9805308263561203,0.8594252384169624,-0.9263284806752846,0.048773555233824
28,P006,fb2139bd-6644-4981-b8ce-4ef33de2229f,five_mix_frontend_v1_2026-08-06,five_mix_netlify_forms_v1,five_mix_frontend_v1_2026-08-06,completed,group_01,group_01,2026-08-10 13:25:28.013,2026-08-10 13:56:35.444,2026-08-10 13:56:35.910,1867.0,6,5,30,6,True,21,P006__trial_05,5,FM-1,FM-1,3,id_like_to_know,group_01_song_b_id_like_to_know,1,Song B,A,1,mix_82d60d7c7fc5,id_like_to_know_pxl_s5,mix_82d60d7c7fc5,id_like_to_know_pxl_s5,True,26,True,True,2026-08-10T12:49:23.077Z,"In this particular case, I'd prefer by far the C alternative, as while studying I need more instrumental music rather than voices. The rest of the options, that is, A, B, D & E are ""noisy"" for the activity. ","In this particular case, I'd prefer by far the C alternative, as while studying I need more instrumental music rather than voices. The rest of the options, that is, A, B, D & E are ""noisy"" for the activity.",139351,assets/audio/study-stimuli/main-study/group_01/song_b_id_like_to_know/pxl_s5.wav,0.0574779175222,17.4848575592,0.146866813302,0.0736307501793,-0.3583378408524605,-0.1527662554529231,0.7972705919658362,1.6270752922517937
28,P006,fb2139bd-6644-4981-b8ce-4ef33de2229f,five_mix_frontend_v1_2026-08-06,five_mix_netlify_forms_v1,five_mix_frontend_v1_2026-08-06,completed,group_01,group_01,2026-08-10 13:25:28.013,2026-08-10 13:56:35.444,2026-08-10 13:56:35.910,1867.0,6,5,30,6,True,22,P006__trial_05,5,FM-1,FM-1,3,id_like_to_know,group_01_song_b_id_like_to_know,1,Song B,B,2,mix_9ffcd672af17,id_like_to_know_pxl_s1,mix_9ffcd672af17,id_like_to_know_pxl_s1,True,19,True,True,2026-08-10T12:49:34.167Z,"In this particular case, I'd prefer by far the C alternative, as while studying I need more instrumental music rather than voices. The rest of the options, that is, A, B, D & E are ""noisy"" for the activity. ","In this particular case, I'd prefer by far the C alternative, as while studying I need more instrumental music rather than voices. The rest of the options, that is, A, B, D & E are ""noisy"" for the activity.",139351,assets/audio/study-stimuli/main-study/group_01/song_b_id_like_to_know/pxl_s1.wav,0.0565126091242,16.3633155823,0.0668171644211,0.0607972890139,-0.5659114167269081,-0.579304038497624,-0.4851205015292653,1.357247686182373
28,P006,fb2139bd-6644-4981-b8ce-4ef33de2229f,five_mix_frontend_v1_2026-08-06,five_mix_netlify_forms_v1,five_mix_frontend_v1_2026-08-06,completed,group_01,group_01,2026-08-10 13:25:28.013,2026-08-10 13:56:35.444,2026-08-10 13:56:35.910,1867.0,6,5,30,6,True,23,P006__trial_05,5,FM-1,FM-1,3,id_like_to_know,group_01_song_b_id_like_to_know,1,Song B,C,3,mix_65f41f41d3ab,id_like_to_know_pxl_s3,mix_65f41f41d3ab,id_like_to_know_pxl_s3,True,86,True,True,2026-08-10T12:49:38.624Z,"In this particular case, I'd prefer by far the C alternative, as while studying I need more instrumental music rather than voices. The rest of the options, that is, A, B, D & E are ""noisy"" for the activity. ","In this particular case, I'd prefer by far the C alternative, as while studying I need more instrumental music rather than voices. The rest of the options, that is, A, B, D & E are ""noisy"" for the activity.",139351,assets/audio/study-stimuli/main-study/group_01/song_b_id_like_to_know/pxl_s3.wav,0.0606486909091,15.0860643387,0.0243665315211,-0.00842856336385,0.3234844364321996,-1.065060189455143,-1.1651773700507613,-0.0982478955990668
28,P006,fb2139bd-6644-4981-b8ce-4ef33de2229f,five_mix_frontend_v1_2026-08-06,five_mix_netlify_forms_v1,five_mix_frontend_v1_2026-08-06,completed,group_01,group_01,2026-08-10 13:25:28.013,2026-08-10 13:56:35.444,2026-08-10 13:56:35.910,1867.0,6,5,30,6,True,24,P006__trial_05,5,FM-1,FM-1,3,id_like_to_know,group_01_song_b_id_like_to_know,1,Song B,D,4,mix_6f8b655d7999,id_like_to_know_pxl_s2,mix_6f8b655d7999,id_like_to_know_pxl_s2,True,33,True,True,2026-08-10T12:49:43.772Z,"In this particular case, I'd prefer by far the C alternative, as while studying I need more instrumental music rather than voices. The rest of the options, that is, A, B, D & E are ""noisy"" for the activity. ","In this particular case, I'd prefer by far the C alternative, as while studying I need more instrumental music rather than voices. The rest of the options, that is, A, B, D & E are ""noisy"" for the activity.",139351,assets/audio/study-stimuli/main-study/group_01/song_b_id_like_to_know/pxl_s2.wav,0.0616230294108,14.7642059326,0.049424380064,0.0224525164813,0.5329997864789321,-1.1874673519330532,-0.7637519766505488,0.5510366380169074
28,P006,fb2139bd-6644-4981-b8ce-4ef33de2229f,five_mix_frontend_v1_2026-08-06,five_mix_netlify_forms_v1,five_mix_frontend_v1_2026-08-06,completed,group_01,group_01,2026-08-10 13:25:28.013,2026-08-10 13:56:35.444,2026-08-10 13:56:35.910,1867.0,6,5,30,6,True,25,P006__trial_05,5,FM-1,FM-1,3,id_like_to_know,group_01_song_b_id_like_to_know,1,Song B,E,5,mix_b393d3919c78,id_like_to_know_pxl_s7,mix_b393d3919c78,id_like_to_know_pxl_s7,True,41,True,True,2026-08-10T12:49:46.653Z,"In this particular case, I'd prefer by far the C alternative, as while studying I need more instrumental music rather than voices. The rest of the options, that is, A, B, D & E are ""noisy"" for the activity. ","In this particular case, I'd prefer by far the C alternative, as while studying I need more instrumental music rather than voices. The rest of the options, that is, A, B, D & E are ""noisy"" for the activity.",139351,assets/audio/study-stimuli/main-study/group_01/song_b_id_like_to_know/pxl_s7.wav,0.0551121532917,16.2593574524,0.0769432634115,-0.0537673681974,-0.867056238017743,-0.6188407399054331,-0.3229009373128245,-1.0515106991885117
28,P006,fb2139bd-6644-4981-b8ce-4ef33de2229f,five_mix_frontend_v1_2026-08-06,five_mix_netlify_forms_v1,five_mix_frontend_v1_2026-08-06,completed,group_01,group_01,2026-08-10 13:25:28.013,2026-08-10 13:56:35.444,2026-08-10 13:56:35.910,1867.0,6,5,30,6,True,26,P006__trial_06,6,FM-1,FM-1,3,lead_me,group_01_song_a_lead_me,2,Song A,A,1,mix_271852ba8676,lead_me_du_e,mix_271852ba8676,lead_me_du_e,True,33,True,True,2026-08-10T12:51:55.772Z,"In general I find somewhat disturbing the vibration of the drum and high the singer's voice to choose this options for a focused-task. I might select the one where the voice and instrument are beating at the same level, as in E and B. ","In general I find somewhat disturbing the vibration of the drum and high the singer's voice to choose this options for a focused-task. I might select the one where the voice and instrument are beating at the same level, as in E and B.",189125,assets/audio/study-stimuli/main-study/group_01/song_a_lead_me/du_e.wav,0.0543773770332,19.2538223267,0.0430038608611,0.0436125770211,-1.0250576971995913,0.5199952869185839,-0.8666083508697964,0.9959336464039888
28,P006,fb2139bd-6644-4981-b8ce-4ef33de2229f,five_mix_frontend_v1_2026-08-06,five_mix_netlify_forms_v1,five_mix_frontend_v1_2026-08-06,completed,group_01,group_01,2026-08-10 13:25:28.013,2026-08-10 13:56:35.444,2026-08-10 13:56:35.910,1867.0,6,5,30,6,True,27,P006__trial_06,6,FM-1,FM-1,3,lead_me,group_01_song_a_lead_me,2,Song A,B,2,mix_f1f7973e5bac,lead_me_du_d,mix_f1f7973e5bac,lead_me_du_d,True,60,True,True,2026-08-10T12:51:52.684Z,"In general I find somewhat disturbing the vibration of the drum and high the singer's voice to choose this options for a focused-task. I might select the one where the voice and instrument are beating at the same level, as in E and B. ","In general I find somewhat disturbing the vibration of the drum and high the singer's voice to choose this options for a focused-task. I might select the one where the voice and instrument are beating at the same level, as in E and B.",189125,assets/audio/study-stimuli/main-study/group_01/song_a_lead_me/du_d.wav,0.0625870004296,13.8143320084,0.117576912045,-0.0521329641342,0.7402857811167308,-1.548717422055362,0.3280479404435016,-1.017146833506479
28,P006,fb2139bd-6644-4981-b8ce-4ef33de2229f,five_mix_frontend_v1_2026-08-06,five_mix_netlify_forms_v1,five_mix_frontend_v1_2026-08-06,completed,group_01,group_01,2026-08-10 13:25:28.013,2026-08-10 13:56:35.444,2026-08-10 13:56:35.910,1867.0,6,5,30,6,True,28,P006__trial_06,6,FM-1,FM-1,3,lead_me,group_01_song_a_lead_me,2,Song A,C,3,mix_c7d9a071ba25,lead_me_pxl_l4,mix_c7d9a071ba25,lead_me_pxl_l4,True,26,True,True,2026-08-10T12:51:50.066Z,"In general I find somewhat disturbing the vibration of the drum and high the singer's voice to choose this options for a focused-task. I might select the one where the voice and instrument are beating at the same level, as in E and B. ","In general I find somewhat disturbing the vibration of the drum and high the singer's voice to choose this options for a focused-task. I might select the one where the voice and instrument are beating at the same level, as in E and B.",189125,assets/audio/study-stimuli/main-study/group_01/song_a_lead_me/pxl_l4.wav,0.0588876381516,15.6746520996,0.149041607976,0.109930999577,-0.0552007785055364,-0.8412121981784734,0.8321106863211235,2.390299590706203
28,P006,fb2139bd-6644-4981-b8ce-4ef33de2229f,five_mix_frontend_v1_2026-08-06,five_mix_netlify_forms_v1,five_mix_frontend_v1_2026-08-06,completed,group_01,group_01,2026-08-10 13:25:28.013,2026-08-10 13:56:35.444,2026-08-10 13:56:35.910,1867.0,6,5,30,6,True,29,P006__trial_06,6,FM-1,FM-1,3,lead_me,group_01_song_a_lead_me,2,Song A,D,4,mix_d5b28dfc8a93,lead_me_pxl_l1,mix_d5b28dfc8a93,lead_me_pxl_l1,True,16,True,True,2026-08-10T12:51:47.959Z,"In general I find somewhat disturbing the vibration of the drum and high the singer's voice to choose this options for a focused-task. I might select the one where the voice and instrument are beating at the same level, as in E and B. ","In general I find somewhat disturbing the vibration of the drum and high the singer's voice to choose this options for a focused-task. I might select the one where the voice and instrument are beating at the same level, as in E and B.",189125,assets/audio/study-stimuli/main-study/group_01/song_a_lead_me/pxl_l1.wav,0.0591329820454,16.9195213318,0.0170932952315,-0.0129087874666,-0.0024436394808062,-0.3677713699084406,-1.2816942263900757,-0.1924460334762285
28,P006,fb2139bd-6644-4981-b8ce-4ef33de2229f,five_mix_frontend_v1_2026-08-06,five_mix_netlify_forms_v1,five_mix_frontend_v1_2026-08-06,completed,group_01,group_01,2026-08-10 13:25:28.013,2026-08-10 13:56:35.444,2026-08-10 13:56:35.910,1867.0,6,5,30,6,True,30,P006__trial_06,6,FM-1,FM-1,3,lead_me,group_01_song_a_lead_me,2,Song A,E,5,mix_d3e3580b6e30,lead_me_mcg_pro2,mix_d3e3580b6e30,lead_me_mcg_pro2,True,54,True,True,2026-08-10T12:51:39.500Z,"In general I find somewhat disturbing the vibration of the drum and high the singer's voice to choose this options for a focused-task. I might select the one where the voice and instrument are beating at the same level, as in E and B. ","In general I find somewhat disturbing the vibration of the drum and high the singer's voice to choose this options for a focused-task. I might select the one where the voice and instrument are beating at the same level, as in E and B.",189125,assets/audio/study-stimuli/main-study/group_01/song_a_lead_me/mcg_pro2.wav,0.0730051249266,20.1463222504,0.0392760001123,-0.00143597240094,2.9805308263561203,0.8594252384169624,-0.9263284806752846,0.048773555233824
29,P005,51917a65-05a6-4bc0-8a87-f868d56f6f0a,five_mix_frontend_v1_2026-08-06,five_mix_netlify_forms_v1,five_mix_frontend_v1_2026-08-06,completed,group_02,group_02,2026-08-09 17:59:57.874,2026-08-09 18:19:08.562,2026-08-09 18:19:09.082,1151.0,6,5,30,6,True,1,P005__trial_01,1,FM-1,FM-1,1,in_the_meantime,group_02_song_a_in_the_meantime,1,Song A,A,1,mix_cdaef40f2b94,in_the_meantime_qut_pro,mix_cdaef40f2b94,in_the_meantime_qut_pro,True,83,True,True,2026-08-09T17:06:52.702Z,Like the song overall. A sounds like I’m in the concert hall and I like C becuse i can hear the voice clearly.,Like the song overall. A sounds like I’m in the concert hall and I like C becuse i can hear the voice clearly.,115849,assets/audio/study-stimuli/main-study/group_02/song_a_in_the_meantime/qut_pro.wav,0.0560023784637,14.1143035889,0.212649226189,-0.0385963246226,-0.6756280657690176,-1.4346341192827423,1.8511013279434223,-0.7325346788768815
29,P005,51917a65-05a6-4bc0-8a87-f868d56f6f0a,five_mix_frontend_v1_2026-08-06,five_mix_netlify_forms_v1,five_mix_frontend_v1_2026-08-06,completed,group_02,group_02,2026-08-09 17:59:57.874,2026-08-09 18:19:08.562,2026-08-09 18:19:09.082,1151.0,6,5,30,6,True,2,P005__trial_01,1,FM-1,FM-1,1,in_the_meantime,group_02_song_a_in_the_meantime,1,Song A,B,2,mix_9baa86357fd4,in_the_meantime_du_i,mix_9baa86357fd4,in_the_meantime_du_i,True,52,True,True,2026-08-09T17:06:43.393Z,Like the song overall. A sounds like I’m in the concert hall and I like C becuse i can hear the voice clearly.,Like the song overall. A sounds like I’m in the concert hall and I like C becuse i can hear the voice clearly.,115849,assets/audio/study-stimuli/main-study/group_02/song_a_in_the_meantime/du_i.wav,0.0503131300211,22.9316368103,0.130904406309,-0.0380811542273,-1.8990066727669184,1.9187185345499165,0.5415536857115313,-0.721703057329889
29,P005,51917a65-05a6-4bc0-8a87-f868d56f6f0a,five_mix_frontend_v1_2026-08-06,five_mix_netlify_forms_v1,five_mix_frontend_v1_2026-08-06,completed,group_02,group_02,2026-08-09 17:59:57.874,2026-08-09 18:19:08.562,2026-08-09 18:19:09.082,1151.0,6,5,30,6,True,3,P005__trial_01,1,FM-1,FM-1,1,in_the_meantime,group_02_song_a_in_the_meantime,1,Song A,C,3,mix_c7bdcba64775,in_the_meantime_qut_b,mix_c7bdcba64775,in_the_meantime_qut_b,True,80,True,True,2026-08-09T17:06:37.358Z,Like the song overall. A sounds like I’m in the concert hall and I like C becuse i can hear the voice clearly.,Like the song overall. A sounds like I’m in the concert hall and I like C becuse i can hear the voice clearly.,115849,assets/audio/study-stimuli/main-study/group_02/song_a_in_the_meantime/qut_b.wav,0.0560294315219,17.366355896,0.000543582602404,0.000562923552934,-0.6698107538710293,-0.1978340618743536,-1.5468197375217057,0.0908009789400507
29,P005,51917a65-05a6-4bc0-8a87-f868d56f6f0a,five_mix_frontend_v1_2026-08-06,five_mix_netlify_forms_v1,five_mix_frontend_v1_2026-08-06,completed,group_02,group_02,2026-08-09 17:59:57.874,2026-08-09 18:19:08.562,2026-08-09 18:19:09.082,1151.0,6,5,30,6,True,4,P005__trial_01,1,FM-1,FM-1,1,in_the_meantime,group_02_song_a_in_the_meantime,1,Song A,D,4,mix_302f0efe8a80,in_the_meantime_du_h,mix_302f0efe8a80,in_the_meantime_du_h,True,55,True,True,2026-08-09T17:06:26.282Z,Like the song overall. A sounds like I’m in the concert hall and I like C becuse i can hear the voice clearly.,Like the song overall. A sounds like I’m in the concert hall and I like C becuse i can hear the voice clearly.,115849,assets/audio/study-stimuli/main-study/group_02/song_a_in_the_meantime/du_h.wav,0.0623472034931,18.601518631,0.0428314469755,0.0354086197913,0.6887214233465396,0.2719152524959843,-0.8693704120952901,0.8234428342152216
29,P005,51917a65-05a6-4bc0-8a87-f868d56f6f0a,five_mix_frontend_v1_2026-08-06,five_mix_netlify_forms_v1,five_mix_frontend_v1_2026-08-06,completed,group_02,group_02,2026-08-09 17:59:57.874,2026-08-09 18:19:08.562,2026-08-09 18:19:09.082,1151.0,6,5,30,6,True,5,P005__trial_01,1,FM-1,FM-1,1,in_the_meantime,group_02_song_a_in_the_meantime,1,Song A,E,5,mix_56e65a3ce054,in_the_meantime_du_k,mix_56e65a3ce054,in_the_meantime_du_k,True,62,True,True,2026-08-09T17:06:15.259Z,Like the song overall. A sounds like I’m in the concert hall and I like C becuse i can hear the voice clearly.,Like the song overall. A sounds like I’m in the concert hall and I like C becuse i can hear the voice clearly.,115849,assets/audio/study-stimuli/main-study/group_02/song_a_in_the_meantime/du_k.wav,0.0539390221238,22.5979270935,0.15773075819,0.0170408543199,-1.1193186569455127,1.7918041562064675,0.9713104079970216,0.4372547184671072
29,P005,51917a65-05a6-4bc0-8a87-f868d56f6f0a,five_mix_frontend_v1_2026-08-06,five_mix_netlify_forms_v1,five_mix_frontend_v1_2026-08-06,completed,group_02,group_02,2026-08-09 17:59:57.874,2026-08-09 18:19:08.562,2026-08-09 18:19:09.082,1151.0,6,5,30,6,True,6,P005__trial_02,2,FM-1,FM-1,1,pouring_room,group_02_song_b_pouring_room,2,Song B,A,1,mix_0ba76f420c1d,pouring_room_mcg_r,mix_0ba76f420c1d,pouring_room_mcg_r,True,46,True,True,2026-08-09T17:09:40.120Z,"The music makes me more relax
D: can’t hear the voice clearly in the beginning","The music makes me more relax
D: can’t hear the voice clearly in the beginning",158146,assets/audio/study-stimuli/main-study/group_02/song_b_pouring_room/mcg_r.wav,0.060190629214,16.5152053833,0.14739459753,-0.0638295859098,0.2249858589620197,-0.521538265731174,0.8057256670690561,-1.2630720295337683
29,P005,51917a65-05a6-4bc0-8a87-f868d56f6f0a,five_mix_frontend_v1_2026-08-06,five_mix_netlify_forms_v1,five_mix_frontend_v1_2026-08-06,completed,group_02,group_02,2026-08-09 17:59:57.874,2026-08-09 18:19:08.562,2026-08-09 18:19:09.082,1151.0,6,5,30,6,True,7,P005__trial_02,2,FM-1,FM-1,1,pouring_room,group_02_song_b_pouring_room,2,Song B,B,2,mix_cbf8555ee2b2,pouring_room_mcg_x,mix_cbf8555ee2b2,pouring_room_mcg_x,True,41,True,True,2026-08-09T17:09:28.192Z,"The music makes me more relax
D: can’t hear the voice clearly in the beginning","The music makes me more relax
D: can’t hear the voice clearly in the beginning",158146,assets/audio/study-stimuli/main-study/group_02/song_b_pouring_room/mcg_x.wav,0.0612343810499,19.9389343262,0.147577553988,-0.0265915170312,0.4494273963527286,0.780552768870155,0.8086566197405122,-0.4801297779726206
29,P005,51917a65-05a6-4bc0-8a87-f868d56f6f0a,five_mix_frontend_v1_2026-08-06,five_mix_netlify_forms_v1,five_mix_frontend_v1_2026-08-06,completed,group_02,group_02,2026-08-09 17:59:57.874,2026-08-09 18:19:08.562,2026-08-09 18:19:09.082,1151.0,6,5,30,6,True,8,P005__trial_02,2,FM-1,FM-1,1,pouring_room,group_02_song_b_pouring_room,2,Song B,C,3,mix_be2ccd4c43ff,pouring_room_mcg_t,mix_be2ccd4c43ff,pouring_room_mcg_t,True,52,True,True,2026-08-09T17:09:00.343Z,"The music makes me more relax
D: can’t hear the voice clearly in the beginning","The music makes me more relax
D: can’t hear the voice clearly in the beginning",158146,assets/audio/study-stimuli/main-study/group_02/song_b_pouring_room/mcg_t.wav,0.0587656274438,20.841550827,0.217380493879,-0.0455747283995,-0.0814371595061495,1.1238301932737935,1.926895983278192,-0.8792578396079359
29,P005,51917a65-05a6-4bc0-8a87-f868d56f6f0a,five_mix_frontend_v1_2026-08-06,five_mix_netlify_forms_v1,five_mix_frontend_v1_2026-08-06,completed,group_02,group_02,2026-08-09 17:59:57.874,2026-08-09 18:19:08.562,2026-08-09 18:19:09.082,1151.0,6,5,30,6,True,9,P005__trial_02,2,FM-1,FM-1,1,pouring_room,group_02_song_b_pouring_room,2,Song B,D,4,mix_132e75f34470,pouring_room_mcg_pro1,mix_132e75f34470,pouring_room_mcg_pro1,True,31,True,True,2026-08-09T17:08:26.685Z,"The music makes me more relax
D: can’t hear the voice clearly in the beginning","The music makes me more relax
D: can’t hear the voice clearly in the beginning",158146,assets/audio/study-stimuli/main-study/group_02/song_b_pouring_room/mcg_pro1.wav,0.0646217316389,18.2459716797,0.0750391855836,-0.0488145165145,1.177821012274786,0.1366958746221527,-0.3534041622732912,-0.9473754159948484
29,P005,51917a65-05a6-4bc0-8a87-f868d56f6f0a,five_mix_frontend_v1_2026-08-06,five_mix_netlify_forms_v1,five_mix_frontend_v1_2026-08-06,completed,group_02,group_02,2026-08-09 17:59:57.874,2026-08-09 18:19:08.562,2026-08-09 18:19:09.082,1151.0,6,5,30,6,True,10,P005__trial_02,2,FM-1,FM-1,1,pouring_room,group_02_song_b_pouring_room,2,Song B,E,5,mix_e08faaf8bbb3,pouring_room_mcg_v,mix_e08faaf8bbb3,pouring_room_mcg_v,True,53,True,True,2026-08-09T17:08:18.627Z,"The music makes me more relax
D: can’t hear the voice clearly in the beginning","The music makes me more relax
D: can’t hear the voice clearly in the beginning",158146,assets/audio/study-stimuli/main-study/group_02/song_b_pouring_room/mcg_v.wav,0.0600788630545,20.8109931946,0.0795278027654,-0.0483895651996,0.2009523983216312,1.112208706920678,-0.2814967551013548,-0.938440679331238
29,P005,51917a65-05a6-4bc0-8a87-f868d56f6f0a,five_mix_frontend_v1_2026-08-06,five_mix_netlify_forms_v1,five_mix_frontend_v1_2026-08-06,completed,group_02,group_02,2026-08-09 17:59:57.874,2026-08-09 18:19:08.562,2026-08-09 18:19:09.082,1151.0,6,5,30,6,True,11,P005__trial_03,3,EDR-2,EDR-2,2,pouring_room,group_02_song_b_pouring_room,1,Song B,A,1,mix_cbf8555ee2b2,pouring_room_mcg_x,mix_cbf8555ee2b2,pouring_room_mcg_x,True,32,True,True,2026-08-09T17:11:26.075Z,"B, C: can’t hear clearly
A : I like the echo
D : sounds the best to me
E : sounds good","B, C: can’t hear clearly
A : I like the echo
D : sounds the best to me
E : sounds good",123995,assets/audio/study-stimuli/main-study/group_02/song_b_pouring_room/mcg_x.wav,0.0612343810499,19.9389343262,0.147577553988,-0.0265915170312,0.4494273963527286,0.780552768870155,0.8086566197405122,-0.4801297779726206
29,P005,51917a65-05a6-4bc0-8a87-f868d56f6f0a,five_mix_frontend_v1_2026-08-06,five_mix_netlify_forms_v1,five_mix_frontend_v1_2026-08-06,completed,group_02,group_02,2026-08-09 17:59:57.874,2026-08-09 18:19:08.562,2026-08-09 18:19:09.082,1151.0,6,5,30,6,True,12,P005__trial_03,3,EDR-2,EDR-2,2,pouring_room,group_02_song_b_pouring_room,1,Song B,B,2,mix_0ba76f420c1d,pouring_room_mcg_r,mix_0ba76f420c1d,pouring_room_mcg_r,True,41,True,True,2026-08-09T17:11:19.860Z,"B, C: can’t hear clearly
A : I like the echo
D : sounds the best to me
E : sounds good","B, C: can’t hear clearly
A : I like the echo
D : sounds the best to me
E : sounds good",123995,assets/audio/study-stimuli/main-study/group_02/song_b_pouring_room/mcg_r.wav,0.060190629214,16.5152053833,0.14739459753,-0.0638295859098,0.2249858589620197,-0.521538265731174,0.8057256670690561,-1.2630720295337683
29,P005,51917a65-05a6-4bc0-8a87-f868d56f6f0a,five_mix_frontend_v1_2026-08-06,five_mix_netlify_forms_v1,five_mix_frontend_v1_2026-08-06,completed,group_02,group_02,2026-08-09 17:59:57.874,2026-08-09 18:19:08.562,2026-08-09 18:19:09.082,1151.0,6,5,30,6,True,13,P005__trial_03,3,EDR-2,EDR-2,2,pouring_room,group_02_song_b_pouring_room,1,Song B,C,3,mix_132e75f34470,pouring_room_mcg_pro1,mix_132e75f34470,pouring_room_mcg_pro1,True,48,True,True,2026-08-09T17:11:05.071Z,"B, C: can’t hear clearly
A : I like the echo
D : sounds the best to me
E : sounds good","B, C: can’t hear clearly
A : I like the echo
D : sounds the best to me
E : sounds good",123995,assets/audio/study-stimuli/main-study/group_02/song_b_pouring_room/mcg_pro1.wav,0.0646217316389,18.2459716797,0.0750391855836,-0.0488145165145,1.177821012274786,0.1366958746221527,-0.3534041622732912,-0.9473754159948484
29,P005,51917a65-05a6-4bc0-8a87-f868d56f6f0a,five_mix_frontend_v1_2026-08-06,five_mix_netlify_forms_v1,five_mix_frontend_v1_2026-08-06,completed,group_02,group_02,2026-08-09 17:59:57.874,2026-08-09 18:19:08.562,2026-08-09 18:19:09.082,1151.0,6,5,30,6,True,14,P005__trial_03,3,EDR-2,EDR-2,2,pouring_room,group_02_song_b_pouring_room,1,Song B,D,4,mix_be2ccd4c43ff,pouring_room_mcg_t,mix_be2ccd4c43ff,pouring_room_mcg_t,True,83,True,True,2026-08-09T17:10:58.297Z,"B, C: can’t hear clearly
A : I like the echo
D : sounds the best to me
E : sounds good","B, C: can’t hear clearly
A : I like the echo
D : sounds the best to me
E : sounds good",123995,assets/audio/study-stimuli/main-study/group_02/song_b_pouring_room/mcg_t.wav,0.0587656274438,20.841550827,0.217380493879,-0.0455747283995,-0.0814371595061495,1.1238301932737935,1.926895983278192,-0.8792578396079359
29,P005,51917a65-05a6-4bc0-8a87-f868d56f6f0a,five_mix_frontend_v1_2026-08-06,five_mix_netlify_forms_v1,five_mix_frontend_v1_2026-08-06,completed,group_02,group_02,2026-08-09 17:59:57.874,2026-08-09 18:19:08.562,2026-08-09 18:19:09.082,1151.0,6,5,30,6,True,15,P005__trial_03,3,EDR-2,EDR-2,2,pouring_room,group_02_song_b_pouring_room,1,Song B,E,5,mix_e08faaf8bbb3,pouring_room_mcg_v,mix_e08faaf8bbb3,pouring_room_mcg_v,True,78,True,True,2026-08-09T17:10:50.507Z,"B, C: can’t hear clearly
A : I like the echo
D : sounds the best to me
E : sounds good","B, C: can’t hear clearly
A : I like the echo
D : sounds the best to me
E : sounds good",123995,assets/audio/study-stimuli/main-study/group_02/song_b_pouring_room/mcg_v.wav,0.0600788630545,20.8109931946,0.0795278027654,-0.0483895651996,0.2009523983216312,1.112208706920678,-0.2814967551013548,-0.938440679331238
29,P005,51917a65-05a6-4bc0-8a87-f868d56f6f0a,five_mix_frontend_v1_2026-08-06,five_mix_netlify_forms_v1,five_mix_frontend_v1_2026-08-06,completed,group_02,group_02,2026-08-09 17:59:57.874,2026-08-09 18:19:08.562,2026-08-09 18:19:09.082,1151.0,6,5,30,6,True,16,P005__trial_04,4,EDR-2,EDR-2,2,in_the_meantime,group_02_song_a_in_the_meantime,2,Song A,A,1,mix_9baa86357fd4,in_the_meantime_du_i,mix_9baa86357fd4,in_the_meantime_du_i,True,82,True,True,2026-08-09T17:14:20.691Z,"A, E : can hear everything clearly
D : corus is too loud and can’t her the singer too much
B, C : good","A, E : can hear everything clearly
D : corus is too loud and can’t her the singer too much
B, C : good",114982,assets/audio/study-stimuli/main-study/group_02/song_a_in_the_meantime/du_i.wav,0.0503131300211,22.9316368103,0.130904406309,-0.0380811542273,-1.8990066727669184,1.9187185345499165,0.5415536857115313,-0.721703057329889
29,P005,51917a65-05a6-4bc0-8a87-f868d56f6f0a,five_mix_frontend_v1_2026-08-06,five_mix_netlify_forms_v1,five_mix_frontend_v1_2026-08-06,completed,group_02,group_02,2026-08-09 17:59:57.874,2026-08-09 18:19:08.562,2026-08-09 18:19:09.082,1151.0,6,5,30,6,True,17,P005__trial_04,4,EDR-2,EDR-2,2,in_the_meantime,group_02_song_a_in_the_meantime,2,Song A,B,2,mix_302f0efe8a80,in_the_meantime_du_h,mix_302f0efe8a80,in_the_meantime_du_h,True,76,True,True,2026-08-09T17:14:15.208Z,"A, E : can hear everything clearly
D : corus is too loud and can’t her the singer too much
B, C : good","A, E : can hear everything clearly
D : corus is too loud and can’t her the singer too much
B, C : good",114982,assets/audio/study-stimuli/main-study/group_02/song_a_in_the_meantime/du_h.wav,0.0623472034931,18.601518631,0.0428314469755,0.0354086197913,0.6887214233465396,0.2719152524959843,-0.8693704120952901,0.8234428342152216
29,P005,51917a65-05a6-4bc0-8a87-f868d56f6f0a,five_mix_frontend_v1_2026-08-06,five_mix_netlify_forms_v1,five_mix_frontend_v1_2026-08-06,completed,group_02,group_02,2026-08-09 17:59:57.874,2026-08-09 18:19:08.562,2026-08-09 18:19:09.082,1151.0,6,5,30,6,True,18,P005__trial_04,4,EDR-2,EDR-2,2,in_the_meantime,group_02_song_a_in_the_meantime,2,Song A,C,3,mix_cdaef40f2b94,in_the_meantime_qut_pro,mix_cdaef40f2b94,in_the_meantime_qut_pro,True,62,True,True,2026-08-09T17:14:05.106Z,"A, E : can hear everything clearly
D : corus is too loud and can’t her the singer too much
B, C : good","A, E : can hear everything clearly
D : corus is too loud and can’t her the singer too much
B, C : good",114982,assets/audio/study-stimuli/main-study/group_02/song_a_in_the_meantime/qut_pro.wav,0.0560023784637,14.1143035889,0.212649226189,-0.0385963246226,-0.6756280657690176,-1.4346341192827423,1.8511013279434223,-0.7325346788768815
29,P005,51917a65-05a6-4bc0-8a87-f868d56f6f0a,five_mix_frontend_v1_2026-08-06,five_mix_netlify_forms_v1,five_mix_frontend_v1_2026-08-06,completed,group_02,group_02,2026-08-09 17:59:57.874,2026-08-09 18:19:08.562,2026-08-09 18:19:09.082,1151.0,6,5,30,6,True,19,P005__trial_04,4,EDR-2,EDR-2,2,in_the_meantime,group_02_song_a_in_the_meantime,2,Song A,D,4,mix_56e65a3ce054,in_the_meantime_du_k,mix_56e65a3ce054,in_the_meantime_du_k,True,35,True,True,2026-08-09T17:13:12.666Z,"A, E : can hear everything clearly
D : corus is too loud and can’t her the singer too much
B, C : good","A, E : can hear everything clearly
D : corus is too loud and can’t her the singer too much
B, C : good",114982,assets/audio/study-stimuli/main-study/group_02/song_a_in_the_meantime/du_k.wav,0.0539390221238,22.5979270935,0.15773075819,0.0170408543199,-1.1193186569455127,1.7918041562064675,0.9713104079970216,0.4372547184671072
29,P005,51917a65-05a6-4bc0-8a87-f868d56f6f0a,five_mix_frontend_v1_2026-08-06,five_mix_netlify_forms_v1,five_mix_frontend_v1_2026-08-06,completed,group_02,group_02,2026-08-09 17:59:57.874,2026-08-09 18:19:08.562,2026-08-09 18:19:09.082,1151.0,6,5,30,6,True,20,P005__trial_04,4,EDR-2,EDR-2,2,in_the_meantime,group_02_song_a_in_the_meantime,2,Song A,E,5,mix_c7bdcba64775,in_the_meantime_qut_b,mix_c7bdcba64775,in_the_meantime_qut_b,True,85,True,True,2026-08-09T17:13:03.777Z,"A, E : can hear everything clearly
D : corus is too loud and can’t her the singer too much
B, C : good","A, E : can hear everything clearly
D : corus is too loud and can’t her the singer too much
B, C : good",114982,assets/audio/study-stimuli/main-study/group_02/song_a_in_the_meantime/qut_b.wav,0.0560294315219,17.366355896,0.000543582602404,0.000562923552934,-0.6698107538710293,-0.1978340618743536,-1.5468197375217057,0.0908009789400507
29,P005,51917a65-05a6-4bc0-8a87-f868d56f6f0a,five_mix_frontend_v1_2026-08-06,five_mix_netlify_forms_v1,five_mix_frontend_v1_2026-08-06,completed,group_02,group_02,2026-08-09 17:59:57.874,2026-08-09 18:19:08.562,2026-08-09 18:19:09.082,1151.0,6,5,30,6,True,21,P005__trial_05,5,EDR-1,EDR-1,3,in_the_meantime,group_02_song_a_in_the_meantime,1,Song A,A,1,mix_cdaef40f2b94,in_the_meantime_qut_pro,mix_cdaef40f2b94,in_the_meantime_qut_pro,True,56,True,True,2026-08-09T17:15:47.984Z,"C,D : background sound is little bit small

E : evrything sounds clear so i like it the best
","C,D : background sound is little bit small

E : evrything sounds clear so i like it the best",87977,assets/audio/study-stimuli/main-study/group_02/song_a_in_the_meantime/qut_pro.wav,0.0560023784637,14.1143035889,0.212649226189,-0.0385963246226,-0.6756280657690176,-1.4346341192827423,1.8511013279434223,-0.7325346788768815
29,P005,51917a65-05a6-4bc0-8a87-f868d56f6f0a,five_mix_frontend_v1_2026-08-06,five_mix_netlify_forms_v1,five_mix_frontend_v1_2026-08-06,completed,group_02,group_02,2026-08-09 17:59:57.874,2026-08-09 18:19:08.562,2026-08-09 18:19:09.082,1151.0,6,5,30,6,True,22,P005__trial_05,5,EDR-1,EDR-1,3,in_the_meantime,group_02_song_a_in_the_meantime,1,Song A,B,2,mix_c7bdcba64775,in_the_meantime_qut_b,mix_c7bdcba64775,in_the_meantime_qut_b,True,49,True,True,2026-08-09T17:15:09.391Z,"C,D : background sound is little bit small

E : evrything sounds clear so i like it the best
","C,D : background sound is little bit small

E : evrything sounds clear so i like it the best",87977,assets/audio/study-stimuli/main-study/group_02/song_a_in_the_meantime/qut_b.wav,0.0560294315219,17.366355896,0.000543582602404,0.000562923552934,-0.6698107538710293,-0.1978340618743536,-1.5468197375217057,0.0908009789400507
29,P005,51917a65-05a6-4bc0-8a87-f868d56f6f0a,five_mix_frontend_v1_2026-08-06,five_mix_netlify_forms_v1,five_mix_frontend_v1_2026-08-06,completed,group_02,group_02,2026-08-09 17:59:57.874,2026-08-09 18:19:08.562,2026-08-09 18:19:09.082,1151.0,6,5,30,6,True,23,P005__trial_05,5,EDR-1,EDR-1,3,in_the_meantime,group_02_song_a_in_the_meantime,1,Song A,C,3,mix_56e65a3ce054,in_the_meantime_du_k,mix_56e65a3ce054,in_the_meantime_du_k,True,42,True,True,2026-08-09T17:15:11.150Z,"C,D : background sound is little bit small

E : evrything sounds clear so i like it the best
","C,D : background sound is little bit small

E : evrything sounds clear so i like it the best",87977,assets/audio/study-stimuli/main-study/group_02/song_a_in_the_meantime/du_k.wav,0.0539390221238,22.5979270935,0.15773075819,0.0170408543199,-1.1193186569455127,1.7918041562064675,0.9713104079970216,0.4372547184671072
29,P005,51917a65-05a6-4bc0-8a87-f868d56f6f0a,five_mix_frontend_v1_2026-08-06,five_mix_netlify_forms_v1,five_mix_frontend_v1_2026-08-06,completed,group_02,group_02,2026-08-09 17:59:57.874,2026-08-09 18:19:08.562,2026-08-09 18:19:09.082,1151.0,6,5,30,6,True,24,P005__trial_05,5,EDR-1,EDR-1,3,in_the_meantime,group_02_song_a_in_the_meantime,1,Song A,D,4,mix_302f0efe8a80,in_the_meantime_du_h,mix_302f0efe8a80,in_the_meantime_du_h,True,37,True,True,2026-08-09T17:15:03.446Z,"C,D : background sound is little bit small

E : evrything sounds clear so i like it the best
","C,D : background sound is little bit small

E : evrything sounds clear so i like it the best",87977,assets/audio/study-stimuli/main-study/group_02/song_a_in_the_meantime/du_h.wav,0.0623472034931,18.601518631,0.0428314469755,0.0354086197913,0.6887214233465396,0.2719152524959843,-0.8693704120952901,0.8234428342152216
29,P005,51917a65-05a6-4bc0-8a87-f868d56f6f0a,five_mix_frontend_v1_2026-08-06,five_mix_netlify_forms_v1,five_mix_frontend_v1_2026-08-06,completed,group_02,group_02,2026-08-09 17:59:57.874,2026-08-09 18:19:08.562,2026-08-09 18:19:09.082,1151.0,6,5,30,6,True,25,P005__trial_05,5,EDR-1,EDR-1,3,in_the_meantime,group_02_song_a_in_the_meantime,1,Song A,E,5,mix_9baa86357fd4,in_the_meantime_du_i,mix_9baa86357fd4,in_the_meantime_du_i,True,84,True,True,2026-08-09T17:14:56.077Z,"C,D : background sound is little bit small

E : evrything sounds clear so i like it the best
","C,D : background sound is little bit small

E : evrything sounds clear so i like it the best",87977,assets/audio/study-stimuli/main-study/group_02/song_a_in_the_meantime/du_i.wav,0.0503131300211,22.9316368103,0.130904406309,-0.0380811542273,-1.8990066727669184,1.9187185345499165,0.5415536857115313,-0.721703057329889
29,P005,51917a65-05a6-4bc0-8a87-f868d56f6f0a,five_mix_frontend_v1_2026-08-06,five_mix_netlify_forms_v1,five_mix_frontend_v1_2026-08-06,completed,group_02,group_02,2026-08-09 17:59:57.874,2026-08-09 18:19:08.562,2026-08-09 18:19:09.082,1151.0,6,5,30,6,True,26,P005__trial_06,6,EDR-1,EDR-1,3,pouring_room,group_02_song_b_pouring_room,2,Song B,A,1,mix_132e75f34470,pouring_room_mcg_pro1,mix_132e75f34470,pouring_room_mcg_pro1,True,36,True,True,2026-08-09T17:17:34.853Z,"I like the tempo, suitable for enjoying free time. 
A, D: volume is a little bit low
C : like the style
B,E : good","I like the tempo, suitable for enjoying free time. 
A, D: volume is a little bit low
C : like the style
B,E : good",115475,assets/audio/study-stimuli/main-study/group_02/song_b_pouring_room/mcg_pro1.wav,0.0646217316389,18.2459716797,0.0750391855836,-0.0488145165145,1.177821012274786,0.1366958746221527,-0.3534041622732912,-0.9473754159948484
29,P005,51917a65-05a6-4bc0-8a87-f868d56f6f0a,five_mix_frontend_v1_2026-08-06,five_mix_netlify_forms_v1,five_mix_frontend_v1_2026-08-06,completed,group_02,group_02,2026-08-09 17:59:57.874,2026-08-09 18:19:08.562,2026-08-09 18:19:09.082,1151.0,6,5,30,6,True,27,P005__trial_06,6,EDR-1,EDR-1,3,pouring_room,group_02_song_b_pouring_room,2,Song B,B,2,mix_cbf8555ee2b2,pouring_room_mcg_x,mix_cbf8555ee2b2,pouring_room_mcg_x,True,47,True,True,2026-08-09T17:17:18.256Z,"I like the tempo, suitable for enjoying free time. 
A, D: volume is a little bit low
C : like the style
B,E : good","I like the tempo, suitable for enjoying free time. 
A, D: volume is a little bit low
C : like the style
B,E : good",115475,assets/audio/study-stimuli/main-study/group_02/song_b_pouring_room/mcg_x.wav,0.0612343810499,19.9389343262,0.147577553988,-0.0265915170312,0.4494273963527286,0.780552768870155,0.8086566197405122,-0.4801297779726206
29,P005,51917a65-05a6-4bc0-8a87-f868d56f6f0a,five_mix_frontend_v1_2026-08-06,five_mix_netlify_forms_v1,five_mix_frontend_v1_2026-08-06,completed,group_02,group_02,2026-08-09 17:59:57.874,2026-08-09 18:19:08.562,2026-08-09 18:19:09.082,1151.0,6,5,30,6,True,28,P005__trial_06,6,EDR-1,EDR-1,3,pouring_room,group_02_song_b_pouring_room,2,Song B,C,3,mix_be2ccd4c43ff,pouring_room_mcg_t,mix_be2ccd4c43ff,pouring_room_mcg_t,True,71,True,True,2026-08-09T17:17:11.992Z,"I like the tempo, suitable for enjoying free time. 
A, D: volume is a little bit low
C : like the style
B,E : good","I like the tempo, suitable for enjoying free time. 
A, D: volume is a little bit low
C : like the style
B,E : good",115475,assets/audio/study-stimuli/main-study/group_02/song_b_pouring_room/mcg_t.wav,0.0587656274438,20.841550827,0.217380493879,-0.0455747283995,-0.0814371595061495,1.1238301932737935,1.926895983278192,-0.8792578396079359
29,P005,51917a65-05a6-4bc0-8a87-f868d56f6f0a,five_mix_frontend_v1_2026-08-06,five_mix_netlify_forms_v1,five_mix_frontend_v1_2026-08-06,completed,group_02,group_02,2026-08-09 17:59:57.874,2026-08-09 18:19:08.562,2026-08-09 18:19:09.082,1151.0,6,5,30,6,True,29,P005__trial_06,6,EDR-1,EDR-1,3,pouring_room,group_02_song_b_pouring_room,2,Song B,D,4,mix_0ba76f420c1d,pouring_room_mcg_r,mix_0ba76f420c1d,pouring_room_mcg_r,True,59,True,True,2026-08-09T17:16:49.704Z,"I like the tempo, suitable for enjoying free time. 
A, D: volume is a little bit low
C : like the style
B,E : good","I like the tempo, suitable for enjoying free time. 
A, D: volume is a little bit low
C : like the style
B,E : good",115475,assets/audio/study-stimuli/main-study/group_02/song_b_pouring_room/mcg_r.wav,0.060190629214,16.5152053833,0.14739459753,-0.0638295859098,0.2249858589620197,-0.521538265731174,0.8057256670690561,-1.2630720295337683
29,P005,51917a65-05a6-4bc0-8a87-f868d56f6f0a,five_mix_frontend_v1_2026-08-06,five_mix_netlify_forms_v1,five_mix_frontend_v1_2026-08-06,completed,group_02,group_02,2026-08-09 17:59:57.874,2026-08-09 18:19:08.562,2026-08-09 18:19:09.082,1151.0,6,5,30,6,True,30,P005__trial_06,6,EDR-1,EDR-1,3,pouring_room,group_02_song_b_pouring_room,2,Song B,E,5,mix_e08faaf8bbb3,pouring_room_mcg_v,mix_e08faaf8bbb3,pouring_room_mcg_v,True,83,True,True,2026-08-09T17:16:15.223Z,"I like the tempo, suitable for enjoying free time. 
A, D: volume is a little bit low
C : like the style
B,E : good","I like the tempo, suitable for enjoying free time. 
A, D: volume is a little bit low
C : like the style
B,E : good",115475,assets/audio/study-stimuli/main-study/group_02/song_b_pouring_room/mcg_v.wav,0.0600788630545,20.8109931946,0.0795278027654,-0.0483895651996,0.2009523983216312,1.112208706920678,-0.2814967551013548,-0.938440679331238
30,P004,e139e254-fd8b-4fed-a1d1-e9bd67a879d1,five_mix_frontend_v1_2026-08-06,five_mix_netlify_forms_v1,five_mix_frontend_v1_2026-08-06,completed,group_01,group_01,2026-08-09 07:52:02.644,2026-08-09 08:24:49.021,2026-08-09 08:24:49.415,1966.0,6,5,30,6,True,1,P004__trial_01,1,FM-1,FM-1,1,lead_me,group_01_song_a_lead_me,1,Song A,A,1,mix_f1f7973e5bac,lead_me_du_d,mix_f1f7973e5bac,lead_me_du_d,True,88,True,True,2026-08-09T07:05:20.229Z,"Option a and e gives me more clarity. On the other hand, the rest of the options, the voice it gets more louder and it becomes a distraction ","Option a and e gives me more clarity. On the other hand, the rest of the options, the voice it gets more louder and it becomes a distraction",221733,assets/audio/study-stimuli/main-study/group_01/song_a_lead_me/du_d.wav,0.0625870004296,13.8143320084,0.117576912045,-0.0521329641342,0.7402857811167308,-1.548717422055362,0.3280479404435016,-1.017146833506479
30,P004,e139e254-fd8b-4fed-a1d1-e9bd67a879d1,five_mix_frontend_v1_2026-08-06,five_mix_netlify_forms_v1,five_mix_frontend_v1_2026-08-06,completed,group_01,group_01,2026-08-09 07:52:02.644,2026-08-09 08:24:49.021,2026-08-09 08:24:49.415,1966.0,6,5,30,6,True,2,P004__trial_01,1,FM-1,FM-1,1,lead_me,group_01_song_a_lead_me,1,Song A,B,2,mix_d5b28dfc8a93,lead_me_pxl_l1,mix_d5b28dfc8a93,lead_me_pxl_l1,True,9,True,True,2026-08-09T07:05:55.791Z,"Option a and e gives me more clarity. On the other hand, the rest of the options, the voice it gets more louder and it becomes a distraction ","Option a and e gives me more clarity. On the other hand, the rest of the options, the voice it gets more louder and it becomes a distraction",221733,assets/audio/study-stimuli/main-study/group_01/song_a_lead_me/pxl_l1.wav,0.0591329820454,16.9195213318,0.0170932952315,-0.0129087874666,-0.0024436394808062,-0.3677713699084406,-1.2816942263900757,-0.1924460334762285
30,P004,e139e254-fd8b-4fed-a1d1-e9bd67a879d1,five_mix_frontend_v1_2026-08-06,five_mix_netlify_forms_v1,five_mix_frontend_v1_2026-08-06,completed,group_01,group_01,2026-08-09 07:52:02.644,2026-08-09 08:24:49.021,2026-08-09 08:24:49.415,1966.0,6,5,30,6,True,3,P004__trial_01,1,FM-1,FM-1,1,lead_me,group_01_song_a_lead_me,1,Song A,C,3,mix_c7d9a071ba25,lead_me_pxl_l4,mix_c7d9a071ba25,lead_me_pxl_l4,True,15,True,True,2026-08-09T07:05:50.454Z,"Option a and e gives me more clarity. On the other hand, the rest of the options, the voice it gets more louder and it becomes a distraction ","Option a and e gives me more clarity. On the other hand, the rest of the options, the voice it gets more louder and it becomes a distraction",221733,assets/audio/study-stimuli/main-study/group_01/song_a_lead_me/pxl_l4.wav,0.0588876381516,15.6746520996,0.149041607976,0.109930999577,-0.0552007785055364,-0.8412121981784734,0.8321106863211235,2.390299590706203
30,P004,e139e254-fd8b-4fed-a1d1-e9bd67a879d1,five_mix_frontend_v1_2026-08-06,five_mix_netlify_forms_v1,five_mix_frontend_v1_2026-08-06,completed,group_01,group_01,2026-08-09 07:52:02.644,2026-08-09 08:24:49.021,2026-08-09 08:24:49.415,1966.0,6,5,30,6,True,4,P004__trial_01,1,FM-1,FM-1,1,lead_me,group_01_song_a_lead_me,1,Song A,D,4,mix_271852ba8676,lead_me_du_e,mix_271852ba8676,lead_me_du_e,True,0,True,True,2026-08-09T07:05:39.383Z,"Option a and e gives me more clarity. On the other hand, the rest of the options, the voice it gets more louder and it becomes a distraction ","Option a and e gives me more clarity. On the other hand, the rest of the options, the voice it gets more louder and it becomes a distraction",221733,assets/audio/study-stimuli/main-study/group_01/song_a_lead_me/du_e.wav,0.0543773770332,19.2538223267,0.0430038608611,0.0436125770211,-1.0250576971995913,0.5199952869185839,-0.8666083508697964,0.9959336464039888
30,P004,e139e254-fd8b-4fed-a1d1-e9bd67a879d1,five_mix_frontend_v1_2026-08-06,five_mix_netlify_forms_v1,five_mix_frontend_v1_2026-08-06,completed,group_01,group_01,2026-08-09 07:52:02.644,2026-08-09 08:24:49.021,2026-08-09 08:24:49.415,1966.0,6,5,30,6,True,5,P004__trial_01,1,FM-1,FM-1,1,lead_me,group_01_song_a_lead_me,1,Song A,E,5,mix_d3e3580b6e30,lead_me_mcg_pro2,mix_d3e3580b6e30,lead_me_mcg_pro2,True,60,True,True,2026-08-09T07:05:34.232Z,"Option a and e gives me more clarity. On the other hand, the rest of the options, the voice it gets more louder and it becomes a distraction ","Option a and e gives me more clarity. On the other hand, the rest of the options, the voice it gets more louder and it becomes a distraction",221733,assets/audio/study-stimuli/main-study/group_01/song_a_lead_me/mcg_pro2.wav,0.0730051249266,20.1463222504,0.0392760001123,-0.00143597240094,2.9805308263561203,0.8594252384169624,-0.9263284806752846,0.048773555233824
30,P004,e139e254-fd8b-4fed-a1d1-e9bd67a879d1,five_mix_frontend_v1_2026-08-06,five_mix_netlify_forms_v1,five_mix_frontend_v1_2026-08-06,completed,group_01,group_01,2026-08-09 07:52:02.644,2026-08-09 08:24:49.021,2026-08-09 08:24:49.415,1966.0,6,5,30,6,True,6,P004__trial_02,2,FM-1,FM-1,1,id_like_to_know,group_01_song_b_id_like_to_know,2,Song B,A,1,mix_6f8b655d7999,id_like_to_know_pxl_s2,mix_6f8b655d7999,id_like_to_know_pxl_s2,True,49,True,True,2026-08-09T07:08:54.307Z,With option E and A i can imagine myself hearing it while it’s in front of my desktop or a treadmill,With option E and A i can imagine myself hearing it while it’s in front of my desktop or a treadmill,99725,assets/audio/study-stimuli/main-study/group_01/song_b_id_like_to_know/pxl_s2.wav,0.0616230294108,14.7642059326,0.049424380064,0.0224525164813,0.5329997864789321,-1.1874673519330532,-0.7637519766505488,0.5510366380169074
30,P004,e139e254-fd8b-4fed-a1d1-e9bd67a879d1,five_mix_frontend_v1_2026-08-06,five_mix_netlify_forms_v1,five_mix_frontend_v1_2026-08-06,completed,group_01,group_01,2026-08-09 07:52:02.644,2026-08-09 08:24:49.021,2026-08-09 08:24:49.415,1966.0,6,5,30,6,True,7,P004__trial_02,2,FM-1,FM-1,1,id_like_to_know,group_01_song_b_id_like_to_know,2,Song B,B,2,mix_65f41f41d3ab,id_like_to_know_pxl_s3,mix_65f41f41d3ab,id_like_to_know_pxl_s3,True,0,True,True,2026-08-09T07:09:12.053Z,With option E and A i can imagine myself hearing it while it’s in front of my desktop or a treadmill,With option E and A i can imagine myself hearing it while it’s in front of my desktop or a treadmill,99725,assets/audio/study-stimuli/main-study/group_01/song_b_id_like_to_know/pxl_s3.wav,0.0606486909091,15.0860643387,0.0243665315211,-0.00842856336385,0.3234844364321996,-1.065060189455143,-1.1651773700507613,-0.0982478955990668
30,P004,e139e254-fd8b-4fed-a1d1-e9bd67a879d1,five_mix_frontend_v1_2026-08-06,five_mix_netlify_forms_v1,five_mix_frontend_v1_2026-08-06,completed,group_01,group_01,2026-08-09 07:52:02.644,2026-08-09 08:24:49.021,2026-08-09 08:24:49.415,1966.0,6,5,30,6,True,8,P004__trial_02,2,FM-1,FM-1,1,id_like_to_know,group_01_song_b_id_like_to_know,2,Song B,C,3,mix_b393d3919c78,id_like_to_know_pxl_s7,mix_b393d3919c78,id_like_to_know_pxl_s7,True,0,True,True,2026-08-09T07:09:03.040Z,With option E and A i can imagine myself hearing it while it’s in front of my desktop or a treadmill,With option E and A i can imagine myself hearing it while it’s in front of my desktop or a treadmill,99725,assets/audio/study-stimuli/main-study/group_01/song_b_id_like_to_know/pxl_s7.wav,0.0551121532917,16.2593574524,0.0769432634115,-0.0537673681974,-0.867056238017743,-0.6188407399054331,-0.3229009373128245,-1.0515106991885117
30,P004,e139e254-fd8b-4fed-a1d1-e9bd67a879d1,five_mix_frontend_v1_2026-08-06,five_mix_netlify_forms_v1,five_mix_frontend_v1_2026-08-06,completed,group_01,group_01,2026-08-09 07:52:02.644,2026-08-09 08:24:49.021,2026-08-09 08:24:49.415,1966.0,6,5,30,6,True,9,P004__trial_02,2,FM-1,FM-1,1,id_like_to_know,group_01_song_b_id_like_to_know,2,Song B,D,4,mix_9ffcd672af17,id_like_to_know_pxl_s1,mix_9ffcd672af17,id_like_to_know_pxl_s1,True,0,True,True,2026-08-09T07:08:58.900Z,With option E and A i can imagine myself hearing it while it’s in front of my desktop or a treadmill,With option E and A i can imagine myself hearing it while it’s in front of my desktop or a treadmill,99725,assets/audio/study-stimuli/main-study/group_01/song_b_id_like_to_know/pxl_s1.wav,0.0565126091242,16.3633155823,0.0668171644211,0.0607972890139,-0.5659114167269081,-0.579304038497624,-0.4851205015292653,1.357247686182373
30,P004,e139e254-fd8b-4fed-a1d1-e9bd67a879d1,five_mix_frontend_v1_2026-08-06,five_mix_netlify_forms_v1,five_mix_frontend_v1_2026-08-06,completed,group_01,group_01,2026-08-09 07:52:02.644,2026-08-09 08:24:49.021,2026-08-09 08:24:49.415,1966.0,6,5,30,6,True,10,P004__trial_02,2,FM-1,FM-1,1,id_like_to_know,group_01_song_b_id_like_to_know,2,Song B,E,5,mix_82d60d7c7fc5,id_like_to_know_pxl_s5,mix_82d60d7c7fc5,id_like_to_know_pxl_s5,True,75,True,True,2026-08-09T07:08:47.069Z,With option E and A i can imagine myself hearing it while it’s in front of my desktop or a treadmill,With option E and A i can imagine myself hearing it while it’s in front of my desktop or a treadmill,99725,assets/audio/study-stimuli/main-study/group_01/song_b_id_like_to_know/pxl_s5.wav,0.0574779175222,17.4848575592,0.146866813302,0.0736307501793,-0.3583378408524605,-0.1527662554529231,0.7972705919658362,1.6270752922517937
30,P004,e139e254-fd8b-4fed-a1d1-e9bd67a879d1,five_mix_frontend_v1_2026-08-06,five_mix_netlify_forms_v1,five_mix_frontend_v1_2026-08-06,completed,group_01,group_01,2026-08-09 07:52:02.644,2026-08-09 08:24:49.021,2026-08-09 08:24:49.415,1966.0,6,5,30,6,True,11,P004__trial_03,3,EDR-1,EDR-1,2,id_like_to_know,group_01_song_b_id_like_to_know,1,Song B,A,1,mix_82d60d7c7fc5,id_like_to_know_pxl_s5,mix_82d60d7c7fc5,id_like_to_know_pxl_s5,True,64,True,True,2026-08-09T07:10:53.758Z,"Option E sounds with more echo, and option B the voice it’s like in “front row”. While the other ones, feel more cozy","Option E sounds with more echo, and option B the voice it’s like in “front row”. While the other ones, feel more cozy",204341,assets/audio/study-stimuli/main-study/group_01/song_b_id_like_to_know/pxl_s5.wav,0.0574779175222,17.4848575592,0.146866813302,0.0736307501793,-0.3583378408524605,-0.1527662554529231,0.7972705919658362,1.6270752922517937
30,P004,e139e254-fd8b-4fed-a1d1-e9bd67a879d1,five_mix_frontend_v1_2026-08-06,five_mix_netlify_forms_v1,five_mix_frontend_v1_2026-08-06,completed,group_01,group_01,2026-08-09 07:52:02.644,2026-08-09 08:24:49.021,2026-08-09 08:24:49.415,1966.0,6,5,30,6,True,12,P004__trial_03,3,EDR-1,EDR-1,2,id_like_to_know,group_01_song_b_id_like_to_know,1,Song B,B,2,mix_65f41f41d3ab,id_like_to_know_pxl_s3,mix_65f41f41d3ab,id_like_to_know_pxl_s3,True,6,True,True,2026-08-09T07:10:50.269Z,"Option E sounds with more echo, and option B the voice it’s like in “front row”. While the other ones, feel more cozy","Option E sounds with more echo, and option B the voice it’s like in “front row”. While the other ones, feel more cozy",204341,assets/audio/study-stimuli/main-study/group_01/song_b_id_like_to_know/pxl_s3.wav,0.0606486909091,15.0860643387,0.0243665315211,-0.00842856336385,0.3234844364321996,-1.065060189455143,-1.1651773700507613,-0.0982478955990668
30,P004,e139e254-fd8b-4fed-a1d1-e9bd67a879d1,five_mix_frontend_v1_2026-08-06,five_mix_netlify_forms_v1,five_mix_frontend_v1_2026-08-06,completed,group_01,group_01,2026-08-09 07:52:02.644,2026-08-09 08:24:49.021,2026-08-09 08:24:49.415,1966.0,6,5,30,6,True,13,P004__trial_03,3,EDR-1,EDR-1,2,id_like_to_know,group_01_song_b_id_like_to_know,1,Song B,C,3,mix_b393d3919c78,id_like_to_know_pxl_s7,mix_b393d3919c78,id_like_to_know_pxl_s7,True,82,True,True,2026-08-09T07:10:45.687Z,"Option E sounds with more echo, and option B the voice it’s like in “front row”. While the other ones, feel more cozy","Option E sounds with more echo, and option B the voice it’s like in “front row”. While the other ones, feel more cozy",204341,assets/audio/study-stimuli/main-study/group_01/song_b_id_like_to_know/pxl_s7.wav,0.0551121532917,16.2593574524,0.0769432634115,-0.0537673681974,-0.867056238017743,-0.6188407399054331,-0.3229009373128245,-1.0515106991885117
30,P004,e139e254-fd8b-4fed-a1d1-e9bd67a879d1,five_mix_frontend_v1_2026-08-06,five_mix_netlify_forms_v1,five_mix_frontend_v1_2026-08-06,completed,group_01,group_01,2026-08-09 07:52:02.644,2026-08-09 08:24:49.021,2026-08-09 08:24:49.415,1966.0,6,5,30,6,True,14,P004__trial_03,3,EDR-1,EDR-1,2,id_like_to_know,group_01_song_b_id_like_to_know,1,Song B,D,4,mix_9ffcd672af17,id_like_to_know_pxl_s1,mix_9ffcd672af17,id_like_to_know_pxl_s1,True,47,True,True,2026-08-09T07:10:42.245Z,"Option E sounds with more echo, and option B the voice it’s like in “front row”. While the other ones, feel more cozy","Option E sounds with more echo, and option B the voice it’s like in “front row”. While the other ones, feel more cozy",204341,assets/audio/study-stimuli/main-study/group_01/song_b_id_like_to_know/pxl_s1.wav,0.0565126091242,16.3633155823,0.0668171644211,0.0607972890139,-0.5659114167269081,-0.579304038497624,-0.4851205015292653,1.357247686182373
30,P004,e139e254-fd8b-4fed-a1d1-e9bd67a879d1,five_mix_frontend_v1_2026-08-06,five_mix_netlify_forms_v1,five_mix_frontend_v1_2026-08-06,completed,group_01,group_01,2026-08-09 07:52:02.644,2026-08-09 08:24:49.021,2026-08-09 08:24:49.415,1966.0,6,5,30,6,True,15,P004__trial_03,3,EDR-1,EDR-1,2,id_like_to_know,group_01_song_b_id_like_to_know,1,Song B,E,5,mix_6f8b655d7999,id_like_to_know_pxl_s2,mix_6f8b655d7999,id_like_to_know_pxl_s2,True,13,True,True,2026-08-09T07:10:33.944Z,"Option E sounds with more echo, and option B the voice it’s like in “front row”. While the other ones, feel more cozy","Option E sounds with more echo, and option B the voice it’s like in “front row”. While the other ones, feel more cozy",204341,assets/audio/study-stimuli/main-study/group_01/song_b_id_like_to_know/pxl_s2.wav,0.0616230294108,14.7642059326,0.049424380064,0.0224525164813,0.5329997864789321,-1.1874673519330532,-0.7637519766505488,0.5510366380169074
30,P004,e139e254-fd8b-4fed-a1d1-e9bd67a879d1,five_mix_frontend_v1_2026-08-06,five_mix_netlify_forms_v1,five_mix_frontend_v1_2026-08-06,completed,group_01,group_01,2026-08-09 07:52:02.644,2026-08-09 08:24:49.021,2026-08-09 08:24:49.415,1966.0,6,5,30,6,True,16,P004__trial_04,4,EDR-1,EDR-1,2,lead_me,group_01_song_a_lead_me,2,Song A,A,1,mix_d5b28dfc8a93,lead_me_pxl_l1,mix_d5b28dfc8a93,lead_me_pxl_l1,True,19,True,True,2026-08-09T07:14:12.715Z,"Option A, B, C it makes me feel i am in a concert. The echoing, the louding… while option D sounds more delightful ","Option A, B, C it makes me feel i am in a concert. The echoing, the louding… while option D sounds more delightful",174702,assets/audio/study-stimuli/main-study/group_01/song_a_lead_me/pxl_l1.wav,0.0591329820454,16.9195213318,0.0170932952315,-0.0129087874666,-0.0024436394808062,-0.3677713699084406,-1.2816942263900757,-0.1924460334762285
30,P004,e139e254-fd8b-4fed-a1d1-e9bd67a879d1,five_mix_frontend_v1_2026-08-06,five_mix_netlify_forms_v1,five_mix_frontend_v1_2026-08-06,completed,group_01,group_01,2026-08-09 07:52:02.644,2026-08-09 08:24:49.021,2026-08-09 08:24:49.415,1966.0,6,5,30,6,True,17,P004__trial_04,4,EDR-1,EDR-1,2,lead_me,group_01_song_a_lead_me,2,Song A,B,2,mix_271852ba8676,lead_me_du_e,mix_271852ba8676,lead_me_du_e,True,0,True,True,2026-08-09T07:14:06.473Z,"Option A, B, C it makes me feel i am in a concert. The echoing, the louding… while option D sounds more delightful ","Option A, B, C it makes me feel i am in a concert. The echoing, the louding… while option D sounds more delightful",174702,assets/audio/study-stimuli/main-study/group_01/song_a_lead_me/du_e.wav,0.0543773770332,19.2538223267,0.0430038608611,0.0436125770211,-1.0250576971995913,0.5199952869185839,-0.8666083508697964,0.9959336464039888
30,P004,e139e254-fd8b-4fed-a1d1-e9bd67a879d1,five_mix_frontend_v1_2026-08-06,five_mix_netlify_forms_v1,five_mix_frontend_v1_2026-08-06,completed,group_01,group_01,2026-08-09 07:52:02.644,2026-08-09 08:24:49.021,2026-08-09 08:24:49.415,1966.0,6,5,30,6,True,18,P004__trial_04,4,EDR-1,EDR-1,2,lead_me,group_01_song_a_lead_me,2,Song A,C,3,mix_f1f7973e5bac,lead_me_du_d,mix_f1f7973e5bac,lead_me_du_d,True,0,True,True,2026-08-09T07:13:59.210Z,"Option A, B, C it makes me feel i am in a concert. The echoing, the louding… while option D sounds more delightful ","Option A, B, C it makes me feel i am in a concert. The echoing, the louding… while option D sounds more delightful",174702,assets/audio/study-stimuli/main-study/group_01/song_a_lead_me/du_d.wav,0.0625870004296,13.8143320084,0.117576912045,-0.0521329641342,0.7402857811167308,-1.548717422055362,0.3280479404435016,-1.017146833506479
30,P004,e139e254-fd8b-4fed-a1d1-e9bd67a879d1,five_mix_frontend_v1_2026-08-06,five_mix_netlify_forms_v1,five_mix_frontend_v1_2026-08-06,completed,group_01,group_01,2026-08-09 07:52:02.644,2026-08-09 08:24:49.021,2026-08-09 08:24:49.415,1966.0,6,5,30,6,True,19,P004__trial_04,4,EDR-1,EDR-1,2,lead_me,group_01_song_a_lead_me,2,Song A,D,4,mix_d3e3580b6e30,lead_me_mcg_pro2,mix_d3e3580b6e30,lead_me_mcg_pro2,True,82,True,True,2026-08-09T07:13:54.420Z,"Option A, B, C it makes me feel i am in a concert. The echoing, the louding… while option D sounds more delightful ","Option A, B, C it makes me feel i am in a concert. The echoing, the louding… while option D sounds more delightful",174702,assets/audio/study-stimuli/main-study/group_01/song_a_lead_me/mcg_pro2.wav,0.0730051249266,20.1463222504,0.0392760001123,-0.00143597240094,2.9805308263561203,0.8594252384169624,-0.9263284806752846,0.048773555233824
30,P004,e139e254-fd8b-4fed-a1d1-e9bd67a879d1,five_mix_frontend_v1_2026-08-06,five_mix_netlify_forms_v1,five_mix_frontend_v1_2026-08-06,completed,group_01,group_01,2026-08-09 07:52:02.644,2026-08-09 08:24:49.021,2026-08-09 08:24:49.415,1966.0,6,5,30,6,True,20,P004__trial_04,4,EDR-1,EDR-1,2,lead_me,group_01_song_a_lead_me,2,Song A,E,5,mix_c7d9a071ba25,lead_me_pxl_l4,mix_c7d9a071ba25,lead_me_pxl_l4,True,44,True,True,2026-08-09T07:13:40.879Z,"Option A, B, C it makes me feel i am in a concert. The echoing, the louding… while option D sounds more delightful ","Option A, B, C it makes me feel i am in a concert. The echoing, the louding… while option D sounds more delightful",174702,assets/audio/study-stimuli/main-study/group_01/song_a_lead_me/pxl_l4.wav,0.0588876381516,15.6746520996,0.149041607976,0.109930999577,-0.0552007785055364,-0.8412121981784734,0.8321106863211235,2.390299590706203
30,P004,e139e254-fd8b-4fed-a1d1-e9bd67a879d1,five_mix_frontend_v1_2026-08-06,five_mix_netlify_forms_v1,five_mix_frontend_v1_2026-08-06,completed,group_01,group_01,2026-08-09 07:52:02.644,2026-08-09 08:24:49.021,2026-08-09 08:24:49.415,1966.0,6,5,30,6,True,21,P004__trial_05,5,EDR-2,EDR-2,3,id_like_to_know,group_01_song_b_id_like_to_know,1,Song B,A,1,mix_b393d3919c78,id_like_to_know_pxl_s7,mix_b393d3919c78,id_like_to_know_pxl_s7,True,59,True,True,2026-08-09T07:17:14.685Z,"Option D and A takes me to a mood more reflexive, while option B, it gives me more tension ","Option D and A takes me to a mood more reflexive, while option B, it gives me more tension",156874,assets/audio/study-stimuli/main-study/group_01/song_b_id_like_to_know/pxl_s7.wav,0.0551121532917,16.2593574524,0.0769432634115,-0.0537673681974,-0.867056238017743,-0.6188407399054331,-0.3229009373128245,-1.0515106991885117
30,P004,e139e254-fd8b-4fed-a1d1-e9bd67a879d1,five_mix_frontend_v1_2026-08-06,five_mix_netlify_forms_v1,five_mix_frontend_v1_2026-08-06,completed,group_01,group_01,2026-08-09 07:52:02.644,2026-08-09 08:24:49.021,2026-08-09 08:24:49.415,1966.0,6,5,30,6,True,22,P004__trial_05,5,EDR-2,EDR-2,3,id_like_to_know,group_01_song_b_id_like_to_know,1,Song B,B,2,mix_65f41f41d3ab,id_like_to_know_pxl_s3,mix_65f41f41d3ab,id_like_to_know_pxl_s3,True,0,True,True,2026-08-09T07:17:20.244Z,"Option D and A takes me to a mood more reflexive, while option B, it gives me more tension ","Option D and A takes me to a mood more reflexive, while option B, it gives me more tension",156874,assets/audio/study-stimuli/main-study/group_01/song_b_id_like_to_know/pxl_s3.wav,0.0606486909091,15.0860643387,0.0243665315211,-0.00842856336385,0.3234844364321996,-1.065060189455143,-1.1651773700507613,-0.0982478955990668
30,P004,e139e254-fd8b-4fed-a1d1-e9bd67a879d1,five_mix_frontend_v1_2026-08-06,five_mix_netlify_forms_v1,five_mix_frontend_v1_2026-08-06,completed,group_01,group_01,2026-08-09 07:52:02.644,2026-08-09 08:24:49.021,2026-08-09 08:24:49.415,1966.0,6,5,30,6,True,23,P004__trial_05,5,EDR-2,EDR-2,3,id_like_to_know,group_01_song_b_id_like_to_know,1,Song B,C,3,mix_9ffcd672af17,id_like_to_know_pxl_s1,mix_9ffcd672af17,id_like_to_know_pxl_s1,True,15,True,True,2026-08-09T07:17:27.687Z,"Option D and A takes me to a mood more reflexive, while option B, it gives me more tension ","Option D and A takes me to a mood more reflexive, while option B, it gives me more tension",156874,assets/audio/study-stimuli/main-study/group_01/song_b_id_like_to_know/pxl_s1.wav,0.0565126091242,16.3633155823,0.0668171644211,0.0607972890139,-0.5659114167269081,-0.579304038497624,-0.4851205015292653,1.357247686182373
30,P004,e139e254-fd8b-4fed-a1d1-e9bd67a879d1,five_mix_frontend_v1_2026-08-06,five_mix_netlify_forms_v1,five_mix_frontend_v1_2026-08-06,completed,group_01,group_01,2026-08-09 07:52:02.644,2026-08-09 08:24:49.021,2026-08-09 08:24:49.415,1966.0,6,5,30,6,True,24,P004__trial_05,5,EDR-2,EDR-2,3,id_like_to_know,group_01_song_b_id_like_to_know,1,Song B,D,4,mix_6f8b655d7999,id_like_to_know_pxl_s2,mix_6f8b655d7999,id_like_to_know_pxl_s2,True,90,True,True,2026-08-09T07:17:23.810Z,"Option D and A takes me to a mood more reflexive, while option B, it gives me more tension ","Option D and A takes me to a mood more reflexive, while option B, it gives me more tension",156874,assets/audio/study-stimuli/main-study/group_01/song_b_id_like_to_know/pxl_s2.wav,0.0616230294108,14.7642059326,0.049424380064,0.0224525164813,0.5329997864789321,-1.1874673519330532,-0.7637519766505488,0.5510366380169074
30,P004,e139e254-fd8b-4fed-a1d1-e9bd67a879d1,five_mix_frontend_v1_2026-08-06,five_mix_netlify_forms_v1,five_mix_frontend_v1_2026-08-06,completed,group_01,group_01,2026-08-09 07:52:02.644,2026-08-09 08:24:49.021,2026-08-09 08:24:49.415,1966.0,6,5,30,6,True,25,P004__trial_05,5,EDR-2,EDR-2,3,id_like_to_know,group_01_song_b_id_like_to_know,1,Song B,E,5,mix_82d60d7c7fc5,id_like_to_know_pxl_s5,mix_82d60d7c7fc5,id_like_to_know_pxl_s5,True,27,True,True,2026-08-09T07:17:09.568Z,"Option D and A takes me to a mood more reflexive, while option B, it gives me more tension ","Option D and A takes me to a mood more reflexive, while option B, it gives me more tension",156874,assets/audio/study-stimuli/main-study/group_01/song_b_id_like_to_know/pxl_s5.wav,0.0574779175222,17.4848575592,0.146866813302,0.0736307501793,-0.3583378408524605,-0.1527662554529231,0.7972705919658362,1.6270752922517937
30,P004,e139e254-fd8b-4fed-a1d1-e9bd67a879d1,five_mix_frontend_v1_2026-08-06,five_mix_netlify_forms_v1,five_mix_frontend_v1_2026-08-06,completed,group_01,group_01,2026-08-09 07:52:02.644,2026-08-09 08:24:49.021,2026-08-09 08:24:49.415,1966.0,6,5,30,6,True,26,P004__trial_06,6,EDR-2,EDR-2,3,lead_me,group_01_song_a_lead_me,2,Song A,A,1,mix_c7d9a071ba25,lead_me_pxl_l4,mix_c7d9a071ba25,lead_me_pxl_l4,True,4,True,True,2026-08-09T07:19:22.823Z,"The voice it gets more louder in option C, D , A and it doesn’t slow my path after a long, demanding period. Although the first option i can imagine myself being seated and reflexive ","The voice it gets more louder in option C, D , A and it doesn’t slow my path after a long, demanding period. Although the first option i can imagine myself being seated and reflexive",188439,assets/audio/study-stimuli/main-study/group_01/song_a_lead_me/pxl_l4.wav,0.0588876381516,15.6746520996,0.149041607976,0.109930999577,-0.0552007785055364,-0.8412121981784734,0.8321106863211235,2.390299590706203
30,P004,e139e254-fd8b-4fed-a1d1-e9bd67a879d1,five_mix_frontend_v1_2026-08-06,five_mix_netlify_forms_v1,five_mix_frontend_v1_2026-08-06,completed,group_01,group_01,2026-08-09 07:52:02.644,2026-08-09 08:24:49.021,2026-08-09 08:24:49.415,1966.0,6,5,30,6,True,27,P004__trial_06,6,EDR-2,EDR-2,3,lead_me,group_01_song_a_lead_me,2,Song A,B,2,mix_f1f7973e5bac,lead_me_du_d,mix_f1f7973e5bac,lead_me_du_d,True,64,True,True,2026-08-09T07:19:40.398Z,"The voice it gets more louder in option C, D , A and it doesn’t slow my path after a long, demanding period. Although the first option i can imagine myself being seated and reflexive ","The voice it gets more louder in option C, D , A and it doesn’t slow my path after a long, demanding period. Although the first option i can imagine myself being seated and reflexive",188439,assets/audio/study-stimuli/main-study/group_01/song_a_lead_me/du_d.wav,0.0625870004296,13.8143320084,0.117576912045,-0.0521329641342,0.7402857811167308,-1.548717422055362,0.3280479404435016,-1.017146833506479
30,P004,e139e254-fd8b-4fed-a1d1-e9bd67a879d1,five_mix_frontend_v1_2026-08-06,five_mix_netlify_forms_v1,five_mix_frontend_v1_2026-08-06,completed,group_01,group_01,2026-08-09 07:52:02.644,2026-08-09 08:24:49.021,2026-08-09 08:24:49.415,1966.0,6,5,30,6,True,28,P004__trial_06,6,EDR-2,EDR-2,3,lead_me,group_01_song_a_lead_me,2,Song A,C,3,mix_271852ba8676,lead_me_du_e,mix_271852ba8676,lead_me_du_e,True,3,True,True,2026-08-09T07:19:35.810Z,"The voice it gets more louder in option C, D , A and it doesn’t slow my path after a long, demanding period. Although the first option i can imagine myself being seated and reflexive ","The voice it gets more louder in option C, D , A and it doesn’t slow my path after a long, demanding period. Although the first option i can imagine myself being seated and reflexive",188439,assets/audio/study-stimuli/main-study/group_01/song_a_lead_me/du_e.wav,0.0543773770332,19.2538223267,0.0430038608611,0.0436125770211,-1.0250576971995913,0.5199952869185839,-0.8666083508697964,0.9959336464039888
30,P004,e139e254-fd8b-4fed-a1d1-e9bd67a879d1,five_mix_frontend_v1_2026-08-06,five_mix_netlify_forms_v1,five_mix_frontend_v1_2026-08-06,completed,group_01,group_01,2026-08-09 07:52:02.644,2026-08-09 08:24:49.021,2026-08-09 08:24:49.415,1966.0,6,5,30,6,True,29,P004__trial_06,6,EDR-2,EDR-2,3,lead_me,group_01_song_a_lead_me,2,Song A,D,4,mix_d3e3580b6e30,lead_me_mcg_pro2,mix_d3e3580b6e30,lead_me_mcg_pro2,True,35,True,True,2026-08-09T07:19:29.598Z,"The voice it gets more louder in option C, D , A and it doesn’t slow my path after a long, demanding period. Although the first option i can imagine myself being seated and reflexive ","The voice it gets more louder in option C, D , A and it doesn’t slow my path after a long, demanding period. Although the first option i can imagine myself being seated and reflexive",188439,assets/audio/study-stimuli/main-study/group_01/song_a_lead_me/mcg_pro2.wav,0.0730051249266,20.1463222504,0.0392760001123,-0.00143597240094,2.9805308263561203,0.8594252384169624,-0.9263284806752846,0.048773555233824
30,P004,e139e254-fd8b-4fed-a1d1-e9bd67a879d1,five_mix_frontend_v1_2026-08-06,five_mix_netlify_forms_v1,five_mix_frontend_v1_2026-08-06,completed,group_01,group_01,2026-08-09 07:52:02.644,2026-08-09 08:24:49.021,2026-08-09 08:24:49.415,1966.0,6,5,30,6,True,30,P004__trial_06,6,EDR-2,EDR-2,3,lead_me,group_01_song_a_lead_me,2,Song A,E,5,mix_d5b28dfc8a93,lead_me_pxl_l1,mix_d5b28dfc8a93,lead_me_pxl_l1,True,92,True,True,2026-08-09T07:19:16.210Z,"The voice it gets more louder in option C, D , A and it doesn’t slow my path after a long, demanding period. Although the first option i can imagine myself being seated and reflexive ","The voice it gets more louder in option C, D , A and it doesn’t slow my path after a long, demanding period. Although the first option i can imagine myself being seated and reflexive",188439,assets/audio/study-stimuli/main-study/group_01/song_a_lead_me/pxl_l1.wav,0.0591329820454,16.9195213318,0.0170932952315,-0.0129087874666,-0.0024436394808062,-0.3677713699084406,-1.2816942263900757,-0.1924460334762285
31,P003,a4c74f3e-3eda-40fd-baeb-a92b59bde6db,five_mix_frontend_v1_2026-08-06,five_mix_netlify_forms_v1,five_mix_frontend_v1_2026-08-06,completed,group_01,group_01,2026-08-09 04:32:21.143,2026-08-09 05:04:01.395,2026-08-09 05:04:01.857,1900.0,6,5,30,6,True,1,P003__trial_01,1,EDR-1,EDR-1,1,lead_me,group_01_song_a_lead_me,1,Song A,A,1,mix_271852ba8676,lead_me_du_e,mix_271852ba8676,lead_me_du_e,True,15,True,True,2026-08-09T03:42:59.077Z,"I preferred E because it has more balanced sound, feels more natural, it doesn’t feels that I need to put much attention, in the rest of them I can easily heard the over equalization","I preferred E because it has more balanced sound, feels more natural, it doesn’t feels that I need to put much attention, in the rest of them I can easily heard the over equalization",225089,assets/audio/study-stimuli/main-study/group_01/song_a_lead_me/du_e.wav,0.0543773770332,19.2538223267,0.0430038608611,0.0436125770211,-1.0250576971995913,0.5199952869185839,-0.8666083508697964,0.9959336464039888
31,P003,a4c74f3e-3eda-40fd-baeb-a92b59bde6db,five_mix_frontend_v1_2026-08-06,five_mix_netlify_forms_v1,five_mix_frontend_v1_2026-08-06,completed,group_01,group_01,2026-08-09 04:32:21.143,2026-08-09 05:04:01.395,2026-08-09 05:04:01.857,1900.0,6,5,30,6,True,2,P003__trial_01,1,EDR-1,EDR-1,1,lead_me,group_01_song_a_lead_me,1,Song A,B,2,mix_f1f7973e5bac,lead_me_du_d,mix_f1f7973e5bac,lead_me_du_d,True,68,True,True,2026-08-09T03:42:56.059Z,"I preferred E because it has more balanced sound, feels more natural, it doesn’t feels that I need to put much attention, in the rest of them I can easily heard the over equalization","I preferred E because it has more balanced sound, feels more natural, it doesn’t feels that I need to put much attention, in the rest of them I can easily heard the over equalization",225089,assets/audio/study-stimuli/main-study/group_01/song_a_lead_me/du_d.wav,0.0625870004296,13.8143320084,0.117576912045,-0.0521329641342,0.7402857811167308,-1.548717422055362,0.3280479404435016,-1.017146833506479
31,P003,a4c74f3e-3eda-40fd-baeb-a92b59bde6db,five_mix_frontend_v1_2026-08-06,five_mix_netlify_forms_v1,five_mix_frontend_v1_2026-08-06,completed,group_01,group_01,2026-08-09 04:32:21.143,2026-08-09 05:04:01.395,2026-08-09 05:04:01.857,1900.0,6,5,30,6,True,3,P003__trial_01,1,EDR-1,EDR-1,1,lead_me,group_01_song_a_lead_me,1,Song A,C,3,mix_d5b28dfc8a93,lead_me_pxl_l1,mix_d5b28dfc8a93,lead_me_pxl_l1,True,26,True,True,2026-08-09T03:43:06.060Z,"I preferred E because it has more balanced sound, feels more natural, it doesn’t feels that I need to put much attention, in the rest of them I can easily heard the over equalization","I preferred E because it has more balanced sound, feels more natural, it doesn’t feels that I need to put much attention, in the rest of them I can easily heard the over equalization",225089,assets/audio/study-stimuli/main-study/group_01/song_a_lead_me/pxl_l1.wav,0.0591329820454,16.9195213318,0.0170932952315,-0.0129087874666,-0.0024436394808062,-0.3677713699084406,-1.2816942263900757,-0.1924460334762285
31,P003,a4c74f3e-3eda-40fd-baeb-a92b59bde6db,five_mix_frontend_v1_2026-08-06,five_mix_netlify_forms_v1,five_mix_frontend_v1_2026-08-06,completed,group_01,group_01,2026-08-09 04:32:21.143,2026-08-09 05:04:01.395,2026-08-09 05:04:01.857,1900.0,6,5,30,6,True,4,P003__trial_01,1,EDR-1,EDR-1,1,lead_me,group_01_song_a_lead_me,1,Song A,D,4,mix_c7d9a071ba25,lead_me_pxl_l4,mix_c7d9a071ba25,lead_me_pxl_l4,True,47,True,True,2026-08-09T03:42:48.600Z,"I preferred E because it has more balanced sound, feels more natural, it doesn’t feels that I need to put much attention, in the rest of them I can easily heard the over equalization","I preferred E because it has more balanced sound, feels more natural, it doesn’t feels that I need to put much attention, in the rest of them I can easily heard the over equalization",225089,assets/audio/study-stimuli/main-study/group_01/song_a_lead_me/pxl_l4.wav,0.0588876381516,15.6746520996,0.149041607976,0.109930999577,-0.0552007785055364,-0.8412121981784734,0.8321106863211235,2.390299590706203
31,P003,a4c74f3e-3eda-40fd-baeb-a92b59bde6db,five_mix_frontend_v1_2026-08-06,five_mix_netlify_forms_v1,five_mix_frontend_v1_2026-08-06,completed,group_01,group_01,2026-08-09 04:32:21.143,2026-08-09 05:04:01.395,2026-08-09 05:04:01.857,1900.0,6,5,30,6,True,5,P003__trial_01,1,EDR-1,EDR-1,1,lead_me,group_01_song_a_lead_me,1,Song A,E,5,mix_d3e3580b6e30,lead_me_mcg_pro2,mix_d3e3580b6e30,lead_me_mcg_pro2,True,86,True,True,2026-08-09T03:42:45.396Z,"I preferred E because it has more balanced sound, feels more natural, it doesn’t feels that I need to put much attention, in the rest of them I can easily heard the over equalization","I preferred E because it has more balanced sound, feels more natural, it doesn’t feels that I need to put much attention, in the rest of them I can easily heard the over equalization",225089,assets/audio/study-stimuli/main-study/group_01/song_a_lead_me/mcg_pro2.wav,0.0730051249266,20.1463222504,0.0392760001123,-0.00143597240094,2.9805308263561203,0.8594252384169624,-0.9263284806752846,0.048773555233824
31,P003,a4c74f3e-3eda-40fd-baeb-a92b59bde6db,five_mix_frontend_v1_2026-08-06,five_mix_netlify_forms_v1,five_mix_frontend_v1_2026-08-06,completed,group_01,group_01,2026-08-09 04:32:21.143,2026-08-09 05:04:01.395,2026-08-09 05:04:01.857,1900.0,6,5,30,6,True,6,P003__trial_02,2,EDR-1,EDR-1,1,id_like_to_know,group_01_song_b_id_like_to_know,2,Song B,A,1,mix_6f8b655d7999,id_like_to_know_pxl_s2,mix_6f8b655d7999,id_like_to_know_pxl_s2,True,51,True,True,2026-08-09T03:46:28.825Z,"I chose the versions where the guitars sound prevails, feels much more calm ","I chose the versions where the guitars sound prevails, feels much more calm",136126,assets/audio/study-stimuli/main-study/group_01/song_b_id_like_to_know/pxl_s2.wav,0.0616230294108,14.7642059326,0.049424380064,0.0224525164813,0.5329997864789321,-1.1874673519330532,-0.7637519766505488,0.5510366380169074
31,P003,a4c74f3e-3eda-40fd-baeb-a92b59bde6db,five_mix_frontend_v1_2026-08-06,five_mix_netlify_forms_v1,five_mix_frontend_v1_2026-08-06,completed,group_01,group_01,2026-08-09 04:32:21.143,2026-08-09 05:04:01.395,2026-08-09 05:04:01.857,1900.0,6,5,30,6,True,7,P003__trial_02,2,EDR-1,EDR-1,1,id_like_to_know,group_01_song_b_id_like_to_know,2,Song B,B,2,mix_9ffcd672af17,id_like_to_know_pxl_s1,mix_9ffcd672af17,id_like_to_know_pxl_s1,True,33,True,True,2026-08-09T03:46:32.390Z,"I chose the versions where the guitars sound prevails, feels much more calm ","I chose the versions where the guitars sound prevails, feels much more calm",136126,assets/audio/study-stimuli/main-study/group_01/song_b_id_like_to_know/pxl_s1.wav,0.0565126091242,16.3633155823,0.0668171644211,0.0607972890139,-0.5659114167269081,-0.579304038497624,-0.4851205015292653,1.357247686182373
31,P003,a4c74f3e-3eda-40fd-baeb-a92b59bde6db,five_mix_frontend_v1_2026-08-06,five_mix_netlify_forms_v1,five_mix_frontend_v1_2026-08-06,completed,group_01,group_01,2026-08-09 04:32:21.143,2026-08-09 05:04:01.395,2026-08-09 05:04:01.857,1900.0,6,5,30,6,True,8,P003__trial_02,2,EDR-1,EDR-1,1,id_like_to_know,group_01_song_b_id_like_to_know,2,Song B,C,3,mix_b393d3919c78,id_like_to_know_pxl_s7,mix_b393d3919c78,id_like_to_know_pxl_s7,True,86,True,True,2026-08-09T03:46:30.385Z,"I chose the versions where the guitars sound prevails, feels much more calm ","I chose the versions where the guitars sound prevails, feels much more calm",136126,assets/audio/study-stimuli/main-study/group_01/song_b_id_like_to_know/pxl_s7.wav,0.0551121532917,16.2593574524,0.0769432634115,-0.0537673681974,-0.867056238017743,-0.6188407399054331,-0.3229009373128245,-1.0515106991885117
31,P003,a4c74f3e-3eda-40fd-baeb-a92b59bde6db,five_mix_frontend_v1_2026-08-06,five_mix_netlify_forms_v1,five_mix_frontend_v1_2026-08-06,completed,group_01,group_01,2026-08-09 04:32:21.143,2026-08-09 05:04:01.395,2026-08-09 05:04:01.857,1900.0,6,5,30,6,True,9,P003__trial_02,2,EDR-1,EDR-1,1,id_like_to_know,group_01_song_b_id_like_to_know,2,Song B,D,4,mix_82d60d7c7fc5,id_like_to_know_pxl_s5,mix_82d60d7c7fc5,id_like_to_know_pxl_s5,True,68,True,True,2026-08-09T03:46:26.446Z,"I chose the versions where the guitars sound prevails, feels much more calm ","I chose the versions where the guitars sound prevails, feels much more calm",136126,assets/audio/study-stimuli/main-study/group_01/song_b_id_like_to_know/pxl_s5.wav,0.0574779175222,17.4848575592,0.146866813302,0.0736307501793,-0.3583378408524605,-0.1527662554529231,0.7972705919658362,1.6270752922517937
31,P003,a4c74f3e-3eda-40fd-baeb-a92b59bde6db,five_mix_frontend_v1_2026-08-06,five_mix_netlify_forms_v1,five_mix_frontend_v1_2026-08-06,completed,group_01,group_01,2026-08-09 04:32:21.143,2026-08-09 05:04:01.395,2026-08-09 05:04:01.857,1900.0,6,5,30,6,True,10,P003__trial_02,2,EDR-1,EDR-1,1,id_like_to_know,group_01_song_b_id_like_to_know,2,Song B,E,5,mix_65f41f41d3ab,id_like_to_know_pxl_s3,mix_65f41f41d3ab,id_like_to_know_pxl_s3,True,11,True,True,2026-08-09T03:46:23.083Z,"I chose the versions where the guitars sound prevails, feels much more calm ","I chose the versions where the guitars sound prevails, feels much more calm",136126,assets/audio/study-stimuli/main-study/group_01/song_b_id_like_to_know/pxl_s3.wav,0.0606486909091,15.0860643387,0.0243665315211,-0.00842856336385,0.3234844364321996,-1.065060189455143,-1.1651773700507613,-0.0982478955990668
31,P003,a4c74f3e-3eda-40fd-baeb-a92b59bde6db,five_mix_frontend_v1_2026-08-06,five_mix_netlify_forms_v1,five_mix_frontend_v1_2026-08-06,completed,group_01,group_01,2026-08-09 04:32:21.143,2026-08-09 05:04:01.395,2026-08-09 05:04:01.857,1900.0,6,5,30,6,True,11,P003__trial_03,3,EDR-2,EDR-2,2,lead_me,group_01_song_a_lead_me,1,Song A,A,1,mix_d5b28dfc8a93,lead_me_pxl_l1,mix_d5b28dfc8a93,lead_me_pxl_l1,True,12,True,True,2026-08-09T03:48:39.011Z,Ones just feels off..,Ones just feels off..,245656,assets/audio/study-stimuli/main-study/group_01/song_a_lead_me/pxl_l1.wav,0.0591329820454,16.9195213318,0.0170932952315,-0.0129087874666,-0.0024436394808062,-0.3677713699084406,-1.2816942263900757,-0.1924460334762285
31,P003,a4c74f3e-3eda-40fd-baeb-a92b59bde6db,five_mix_frontend_v1_2026-08-06,five_mix_netlify_forms_v1,five_mix_frontend_v1_2026-08-06,completed,group_01,group_01,2026-08-09 04:32:21.143,2026-08-09 05:04:01.395,2026-08-09 05:04:01.857,1900.0,6,5,30,6,True,12,P003__trial_03,3,EDR-2,EDR-2,2,lead_me,group_01_song_a_lead_me,1,Song A,B,2,mix_d3e3580b6e30,lead_me_mcg_pro2,mix_d3e3580b6e30,lead_me_mcg_pro2,True,31,True,True,2026-08-09T03:48:43.518Z,Ones just feels off..,Ones just feels off..,245656,assets/audio/study-stimuli/main-study/group_01/song_a_lead_me/mcg_pro2.wav,0.0730051249266,20.1463222504,0.0392760001123,-0.00143597240094,2.9805308263561203,0.8594252384169624,-0.9263284806752846,0.048773555233824
31,P003,a4c74f3e-3eda-40fd-baeb-a92b59bde6db,five_mix_frontend_v1_2026-08-06,five_mix_netlify_forms_v1,five_mix_frontend_v1_2026-08-06,completed,group_01,group_01,2026-08-09 04:32:21.143,2026-08-09 05:04:01.395,2026-08-09 05:04:01.857,1900.0,6,5,30,6,True,13,P003__trial_03,3,EDR-2,EDR-2,2,lead_me,group_01_song_a_lead_me,1,Song A,C,3,mix_c7d9a071ba25,lead_me_pxl_l4,mix_c7d9a071ba25,lead_me_pxl_l4,True,25,True,True,2026-08-09T03:48:45.862Z,Ones just feels off..,Ones just feels off..,245656,assets/audio/study-stimuli/main-study/group_01/song_a_lead_me/pxl_l4.wav,0.0588876381516,15.6746520996,0.149041607976,0.109930999577,-0.0552007785055364,-0.8412121981784734,0.8321106863211235,2.390299590706203
31,P003,a4c74f3e-3eda-40fd-baeb-a92b59bde6db,five_mix_frontend_v1_2026-08-06,five_mix_netlify_forms_v1,five_mix_frontend_v1_2026-08-06,completed,group_01,group_01,2026-08-09 04:32:21.143,2026-08-09 05:04:01.395,2026-08-09 05:04:01.857,1900.0,6,5,30,6,True,14,P003__trial_03,3,EDR-2,EDR-2,2,lead_me,group_01_song_a_lead_me,1,Song A,D,4,mix_271852ba8676,lead_me_du_e,mix_271852ba8676,lead_me_du_e,True,86,True,True,2026-08-09T03:48:41.663Z,Ones just feels off..,Ones just feels off..,245656,assets/audio/study-stimuli/main-study/group_01/song_a_lead_me/du_e.wav,0.0543773770332,19.2538223267,0.0430038608611,0.0436125770211,-1.0250576971995913,0.5199952869185839,-0.8666083508697964,0.9959336464039888
31,P003,a4c74f3e-3eda-40fd-baeb-a92b59bde6db,five_mix_frontend_v1_2026-08-06,five_mix_netlify_forms_v1,five_mix_frontend_v1_2026-08-06,completed,group_01,group_01,2026-08-09 04:32:21.143,2026-08-09 05:04:01.395,2026-08-09 05:04:01.857,1900.0,6,5,30,6,True,15,P003__trial_03,3,EDR-2,EDR-2,2,lead_me,group_01_song_a_lead_me,1,Song A,E,5,mix_f1f7973e5bac,lead_me_du_d,mix_f1f7973e5bac,lead_me_du_d,True,73,True,True,2026-08-09T03:48:35.688Z,Ones just feels off..,Ones just feels off..,245656,assets/audio/study-stimuli/main-study/group_01/song_a_lead_me/du_d.wav,0.0625870004296,13.8143320084,0.117576912045,-0.0521329641342,0.7402857811167308,-1.548717422055362,0.3280479404435016,-1.017146833506479
31,P003,a4c74f3e-3eda-40fd-baeb-a92b59bde6db,five_mix_frontend_v1_2026-08-06,five_mix_netlify_forms_v1,five_mix_frontend_v1_2026-08-06,completed,group_01,group_01,2026-08-09 04:32:21.143,2026-08-09 05:04:01.395,2026-08-09 05:04:01.857,1900.0,6,5,30,6,True,16,P003__trial_04,4,EDR-2,EDR-2,2,id_like_to_know,group_01_song_b_id_like_to_know,2,Song B,A,1,mix_9ffcd672af17,id_like_to_know_pxl_s1,mix_9ffcd672af17,id_like_to_know_pxl_s1,True,72,True,True,2026-08-09T03:52:47.470Z,Same case here. Low frecuencies are pretty easy to differentiate ,Same case here. Low frecuencies are pretty easy to differentiate,234434,assets/audio/study-stimuli/main-study/group_01/song_b_id_like_to_know/pxl_s1.wav,0.0565126091242,16.3633155823,0.0668171644211,0.0607972890139,-0.5659114167269081,-0.579304038497624,-0.4851205015292653,1.357247686182373
31,P003,a4c74f3e-3eda-40fd-baeb-a92b59bde6db,five_mix_frontend_v1_2026-08-06,five_mix_netlify_forms_v1,five_mix_frontend_v1_2026-08-06,completed,group_01,group_01,2026-08-09 04:32:21.143,2026-08-09 05:04:01.395,2026-08-09 05:04:01.857,1900.0,6,5,30,6,True,17,P003__trial_04,4,EDR-2,EDR-2,2,id_like_to_know,group_01_song_b_id_like_to_know,2,Song B,B,2,mix_b393d3919c78,id_like_to_know_pxl_s7,mix_b393d3919c78,id_like_to_know_pxl_s7,True,34,True,True,2026-08-09T03:52:48.498Z,Same case here. Low frecuencies are pretty easy to differentiate ,Same case here. Low frecuencies are pretty easy to differentiate,234434,assets/audio/study-stimuli/main-study/group_01/song_b_id_like_to_know/pxl_s7.wav,0.0551121532917,16.2593574524,0.0769432634115,-0.0537673681974,-0.867056238017743,-0.6188407399054331,-0.3229009373128245,-1.0515106991885117
31,P003,a4c74f3e-3eda-40fd-baeb-a92b59bde6db,five_mix_frontend_v1_2026-08-06,five_mix_netlify_forms_v1,five_mix_frontend_v1_2026-08-06,completed,group_01,group_01,2026-08-09 04:32:21.143,2026-08-09 05:04:01.395,2026-08-09 05:04:01.857,1900.0,6,5,30,6,True,18,P003__trial_04,4,EDR-2,EDR-2,2,id_like_to_know,group_01_song_b_id_like_to_know,2,Song B,C,3,mix_82d60d7c7fc5,id_like_to_know_pxl_s5,mix_82d60d7c7fc5,id_like_to_know_pxl_s5,True,76,True,True,2026-08-09T03:52:46.684Z,Same case here. Low frecuencies are pretty easy to differentiate ,Same case here. Low frecuencies are pretty easy to differentiate,234434,assets/audio/study-stimuli/main-study/group_01/song_b_id_like_to_know/pxl_s5.wav,0.0574779175222,17.4848575592,0.146866813302,0.0736307501793,-0.3583378408524605,-0.1527662554529231,0.7972705919658362,1.6270752922517937
31,P003,a4c74f3e-3eda-40fd-baeb-a92b59bde6db,five_mix_frontend_v1_2026-08-06,five_mix_netlify_forms_v1,five_mix_frontend_v1_2026-08-06,completed,group_01,group_01,2026-08-09 04:32:21.143,2026-08-09 05:04:01.395,2026-08-09 05:04:01.857,1900.0,6,5,30,6,True,19,P003__trial_04,4,EDR-2,EDR-2,2,id_like_to_know,group_01_song_b_id_like_to_know,2,Song B,D,4,mix_6f8b655d7999,id_like_to_know_pxl_s2,mix_6f8b655d7999,id_like_to_know_pxl_s2,True,91,True,True,2026-08-09T03:52:42.649Z,Same case here. Low frecuencies are pretty easy to differentiate ,Same case here. Low frecuencies are pretty easy to differentiate,234434,assets/audio/study-stimuli/main-study/group_01/song_b_id_like_to_know/pxl_s2.wav,0.0616230294108,14.7642059326,0.049424380064,0.0224525164813,0.5329997864789321,-1.1874673519330532,-0.7637519766505488,0.5510366380169074
31,P003,a4c74f3e-3eda-40fd-baeb-a92b59bde6db,five_mix_frontend_v1_2026-08-06,five_mix_netlify_forms_v1,five_mix_frontend_v1_2026-08-06,completed,group_01,group_01,2026-08-09 04:32:21.143,2026-08-09 05:04:01.395,2026-08-09 05:04:01.857,1900.0,6,5,30,6,True,20,P003__trial_04,4,EDR-2,EDR-2,2,id_like_to_know,group_01_song_b_id_like_to_know,2,Song B,E,5,mix_65f41f41d3ab,id_like_to_know_pxl_s3,mix_65f41f41d3ab,id_like_to_know_pxl_s3,True,24,True,True,2026-08-09T03:52:40.111Z,Same case here. Low frecuencies are pretty easy to differentiate ,Same case here. Low frecuencies are pretty easy to differentiate,234434,assets/audio/study-stimuli/main-study/group_01/song_b_id_like_to_know/pxl_s3.wav,0.0606486909091,15.0860643387,0.0243665315211,-0.00842856336385,0.3234844364321996,-1.065060189455143,-1.1651773700507613,-0.0982478955990668
31,P003,a4c74f3e-3eda-40fd-baeb-a92b59bde6db,five_mix_frontend_v1_2026-08-06,five_mix_netlify_forms_v1,five_mix_frontend_v1_2026-08-06,completed,group_01,group_01,2026-08-09 04:32:21.143,2026-08-09 05:04:01.395,2026-08-09 05:04:01.857,1900.0,6,5,30,6,True,21,P003__trial_05,5,FM-1,FM-1,3,id_like_to_know,group_01_song_b_id_like_to_know,1,Song B,A,1,mix_65f41f41d3ab,id_like_to_know_pxl_s3,mix_65f41f41d3ab,id_like_to_know_pxl_s3,True,14,True,True,2026-08-09T03:56:42.750Z,"I like more vivid sound versions with good balance, I don’t like kind of simulated spatial sounds","I like more vivid sound versions with good balance, I don’t like kind of simulated spatial sounds",135037,assets/audio/study-stimuli/main-study/group_01/song_b_id_like_to_know/pxl_s3.wav,0.0606486909091,15.0860643387,0.0243665315211,-0.00842856336385,0.3234844364321996,-1.065060189455143,-1.1651773700507613,-0.0982478955990668
31,P003,a4c74f3e-3eda-40fd-baeb-a92b59bde6db,five_mix_frontend_v1_2026-08-06,five_mix_netlify_forms_v1,five_mix_frontend_v1_2026-08-06,completed,group_01,group_01,2026-08-09 04:32:21.143,2026-08-09 05:04:01.395,2026-08-09 05:04:01.857,1900.0,6,5,30,6,True,22,P003__trial_05,5,FM-1,FM-1,3,id_like_to_know,group_01_song_b_id_like_to_know,1,Song B,B,2,mix_82d60d7c7fc5,id_like_to_know_pxl_s5,mix_82d60d7c7fc5,id_like_to_know_pxl_s5,True,46,True,True,2026-08-09T03:56:44.403Z,"I like more vivid sound versions with good balance, I don’t like kind of simulated spatial sounds","I like more vivid sound versions with good balance, I don’t like kind of simulated spatial sounds",135037,assets/audio/study-stimuli/main-study/group_01/song_b_id_like_to_know/pxl_s5.wav,0.0574779175222,17.4848575592,0.146866813302,0.0736307501793,-0.3583378408524605,-0.1527662554529231,0.7972705919658362,1.6270752922517937
31,P003,a4c74f3e-3eda-40fd-baeb-a92b59bde6db,five_mix_frontend_v1_2026-08-06,five_mix_netlify_forms_v1,five_mix_frontend_v1_2026-08-06,completed,group_01,group_01,2026-08-09 04:32:21.143,2026-08-09 05:04:01.395,2026-08-09 05:04:01.857,1900.0,6,5,30,6,True,23,P003__trial_05,5,FM-1,FM-1,3,id_like_to_know,group_01_song_b_id_like_to_know,1,Song B,C,3,mix_9ffcd672af17,id_like_to_know_pxl_s1,mix_9ffcd672af17,id_like_to_know_pxl_s1,True,61,True,True,2026-08-09T03:56:45.939Z,"I like more vivid sound versions with good balance, I don’t like kind of simulated spatial sounds","I like more vivid sound versions with good balance, I don’t like kind of simulated spatial sounds",135037,assets/audio/study-stimuli/main-study/group_01/song_b_id_like_to_know/pxl_s1.wav,0.0565126091242,16.3633155823,0.0668171644211,0.0607972890139,-0.5659114167269081,-0.579304038497624,-0.4851205015292653,1.357247686182373
31,P003,a4c74f3e-3eda-40fd-baeb-a92b59bde6db,five_mix_frontend_v1_2026-08-06,five_mix_netlify_forms_v1,five_mix_frontend_v1_2026-08-06,completed,group_01,group_01,2026-08-09 04:32:21.143,2026-08-09 05:04:01.395,2026-08-09 05:04:01.857,1900.0,6,5,30,6,True,24,P003__trial_05,5,FM-1,FM-1,3,id_like_to_know,group_01_song_b_id_like_to_know,1,Song B,D,4,mix_b393d3919c78,id_like_to_know_pxl_s7,mix_b393d3919c78,id_like_to_know_pxl_s7,True,87,True,True,2026-08-09T03:56:42.152Z,"I like more vivid sound versions with good balance, I don’t like kind of simulated spatial sounds","I like more vivid sound versions with good balance, I don’t like kind of simulated spatial sounds",135037,assets/audio/study-stimuli/main-study/group_01/song_b_id_like_to_know/pxl_s7.wav,0.0551121532917,16.2593574524,0.0769432634115,-0.0537673681974,-0.867056238017743,-0.6188407399054331,-0.3229009373128245,-1.0515106991885117
31,P003,a4c74f3e-3eda-40fd-baeb-a92b59bde6db,five_mix_frontend_v1_2026-08-06,five_mix_netlify_forms_v1,five_mix_frontend_v1_2026-08-06,completed,group_01,group_01,2026-08-09 04:32:21.143,2026-08-09 05:04:01.395,2026-08-09 05:04:01.857,1900.0,6,5,30,6,True,25,P003__trial_05,5,FM-1,FM-1,3,id_like_to_know,group_01_song_b_id_like_to_know,1,Song B,E,5,mix_6f8b655d7999,id_like_to_know_pxl_s2,mix_6f8b655d7999,id_like_to_know_pxl_s2,True,78,True,True,2026-08-09T03:56:39.012Z,"I like more vivid sound versions with good balance, I don’t like kind of simulated spatial sounds","I like more vivid sound versions with good balance, I don’t like kind of simulated spatial sounds",135037,assets/audio/study-stimuli/main-study/group_01/song_b_id_like_to_know/pxl_s2.wav,0.0616230294108,14.7642059326,0.049424380064,0.0224525164813,0.5329997864789321,-1.1874673519330532,-0.7637519766505488,0.5510366380169074
31,P003,a4c74f3e-3eda-40fd-baeb-a92b59bde6db,five_mix_frontend_v1_2026-08-06,five_mix_netlify_forms_v1,five_mix_frontend_v1_2026-08-06,completed,group_01,group_01,2026-08-09 04:32:21.143,2026-08-09 05:04:01.395,2026-08-09 05:04:01.857,1900.0,6,5,30,6,True,26,P003__trial_06,6,FM-1,FM-1,3,lead_me,group_01_song_a_lead_me,2,Song A,A,1,mix_c7d9a071ba25,lead_me_pxl_l4,mix_c7d9a071ba25,lead_me_pxl_l4,True,16,True,True,2026-08-09T03:58:58.405Z,"Her I just liked the B mix, others feels not natural. Much bass, much grovee, I don’t think it represents the song.","Her I just liked the B mix, others feels not natural. Much bass, much grovee, I don’t think it represents the song.",236510,assets/audio/study-stimuli/main-study/group_01/song_a_lead_me/pxl_l4.wav,0.0588876381516,15.6746520996,0.149041607976,0.109930999577,-0.0552007785055364,-0.8412121981784734,0.8321106863211235,2.390299590706203
31,P003,a4c74f3e-3eda-40fd-baeb-a92b59bde6db,five_mix_frontend_v1_2026-08-06,five_mix_netlify_forms_v1,five_mix_frontend_v1_2026-08-06,completed,group_01,group_01,2026-08-09 04:32:21.143,2026-08-09 05:04:01.395,2026-08-09 05:04:01.857,1900.0,6,5,30,6,True,27,P003__trial_06,6,FM-1,FM-1,3,lead_me,group_01_song_a_lead_me,2,Song A,B,2,mix_271852ba8676,lead_me_du_e,mix_271852ba8676,lead_me_du_e,True,86,True,True,2026-08-09T03:58:56.091Z,"Her I just liked the B mix, others feels not natural. Much bass, much grovee, I don’t think it represents the song.","Her I just liked the B mix, others feels not natural. Much bass, much grovee, I don’t think it represents the song.",236510,assets/audio/study-stimuli/main-study/group_01/song_a_lead_me/du_e.wav,0.0543773770332,19.2538223267,0.0430038608611,0.0436125770211,-1.0250576971995913,0.5199952869185839,-0.8666083508697964,0.9959336464039888
31,P003,a4c74f3e-3eda-40fd-baeb-a92b59bde6db,five_mix_frontend_v1_2026-08-06,five_mix_netlify_forms_v1,five_mix_frontend_v1_2026-08-06,completed,group_01,group_01,2026-08-09 04:32:21.143,2026-08-09 05:04:01.395,2026-08-09 05:04:01.857,1900.0,6,5,30,6,True,28,P003__trial_06,6,FM-1,FM-1,3,lead_me,group_01_song_a_lead_me,2,Song A,C,3,mix_f1f7973e5bac,lead_me_du_d,mix_f1f7973e5bac,lead_me_du_d,True,31,True,True,2026-08-09T03:59:08.641Z,"Her I just liked the B mix, others feels not natural. Much bass, much grovee, I don’t think it represents the song.","Her I just liked the B mix, others feels not natural. Much bass, much grovee, I don’t think it represents the song.",236510,assets/audio/study-stimuli/main-study/group_01/song_a_lead_me/du_d.wav,0.0625870004296,13.8143320084,0.117576912045,-0.0521329641342,0.7402857811167308,-1.548717422055362,0.3280479404435016,-1.017146833506479
31,P003,a4c74f3e-3eda-40fd-baeb-a92b59bde6db,five_mix_frontend_v1_2026-08-06,five_mix_netlify_forms_v1,five_mix_frontend_v1_2026-08-06,completed,group_01,group_01,2026-08-09 04:32:21.143,2026-08-09 05:04:01.395,2026-08-09 05:04:01.857,1900.0,6,5,30,6,True,29,P003__trial_06,6,FM-1,FM-1,3,lead_me,group_01_song_a_lead_me,2,Song A,D,4,mix_d5b28dfc8a93,lead_me_pxl_l1,mix_d5b28dfc8a93,lead_me_pxl_l1,True,41,True,True,2026-08-09T03:59:03.784Z,"Her I just liked the B mix, others feels not natural. Much bass, much grovee, I don’t think it represents the song.","Her I just liked the B mix, others feels not natural. Much bass, much grovee, I don’t think it represents the song.",236510,assets/audio/study-stimuli/main-study/group_01/song_a_lead_me/pxl_l1.wav,0.0591329820454,16.9195213318,0.0170932952315,-0.0129087874666,-0.0024436394808062,-0.3677713699084406,-1.2816942263900757,-0.1924460334762285
31,P003,a4c74f3e-3eda-40fd-baeb-a92b59bde6db,five_mix_frontend_v1_2026-08-06,five_mix_netlify_forms_v1,five_mix_frontend_v1_2026-08-06,completed,group_01,group_01,2026-08-09 04:32:21.143,2026-08-09 05:04:01.395,2026-08-09 05:04:01.857,1900.0,6,5,30,6,True,30,P003__trial_06,6,FM-1,FM-1,3,lead_me,group_01_song_a_lead_me,2,Song A,E,5,mix_d3e3580b6e30,lead_me_mcg_pro2,mix_d3e3580b6e30,lead_me_mcg_pro2,True,55,True,True,2026-08-09T03:58:51.873Z,"Her I just liked the B mix, others feels not natural. Much bass, much grovee, I don’t think it represents the song.","Her I just liked the B mix, others feels not natural. Much bass, much grovee, I don’t think it represents the song.",236510,assets/audio/study-stimuli/main-study/group_01/song_a_lead_me/mcg_pro2.wav,0.0730051249266,20.1463222504,0.0392760001123,-0.00143597240094,2.9805308263561203,0.8594252384169624,-0.9263284806752846,0.048773555233824
32,P002,751ef514-bd55-43b8-943a-033b00d1c4a4,five_mix_frontend_v1_2026-08-06,five_mix_netlify_forms_v1,five_mix_frontend_v1_2026-08-06,completed,group_01,group_01,2026-08-08 20:28:25.461,2026-08-08 20:53:20.536,2026-08-08 20:53:20.901,1495.0,6,5,30,6,True,1,P002__trial_01,1,EDR-2,EDR-2,1,id_like_to_know,group_01_song_b_id_like_to_know,1,Song B,A,1,mix_65f41f41d3ab,id_like_to_know_pxl_s3,mix_65f41f41d3ab,id_like_to_know_pxl_s3,True,27,True,True,2026-08-08T19:40:39.215Z,"A- sounds normal
E- sounds more crisp
D/C- sounds similar but seems to have a more chill vibe
B- it seems to have a more open feeling and sounds nicer. ","A- sounds normal
E- sounds more crisp
D/C- sounds similar but seems to have a more chill vibe
B- it seems to have a more open feeling and sounds nicer.",168195,assets/audio/study-stimuli/main-study/group_01/song_b_id_like_to_know/pxl_s3.wav,0.0606486909091,15.0860643387,0.0243665315211,-0.00842856336385,0.3234844364321996,-1.065060189455143,-1.1651773700507613,-0.0982478955990668
32,P002,751ef514-bd55-43b8-943a-033b00d1c4a4,five_mix_frontend_v1_2026-08-06,five_mix_netlify_forms_v1,five_mix_frontend_v1_2026-08-06,completed,group_01,group_01,2026-08-08 20:28:25.461,2026-08-08 20:53:20.536,2026-08-08 20:53:20.901,1495.0,6,5,30,6,True,2,P002__trial_01,1,EDR-2,EDR-2,1,id_like_to_know,group_01_song_b_id_like_to_know,1,Song B,B,2,mix_9ffcd672af17,id_like_to_know_pxl_s1,mix_9ffcd672af17,id_like_to_know_pxl_s1,True,75,True,True,2026-08-08T19:40:55.035Z,"A- sounds normal
E- sounds more crisp
D/C- sounds similar but seems to have a more chill vibe
B- it seems to have a more open feeling and sounds nicer. ","A- sounds normal
E- sounds more crisp
D/C- sounds similar but seems to have a more chill vibe
B- it seems to have a more open feeling and sounds nicer.",168195,assets/audio/study-stimuli/main-study/group_01/song_b_id_like_to_know/pxl_s1.wav,0.0565126091242,16.3633155823,0.0668171644211,0.0607972890139,-0.5659114167269081,-0.579304038497624,-0.4851205015292653,1.357247686182373
32,P002,751ef514-bd55-43b8-943a-033b00d1c4a4,five_mix_frontend_v1_2026-08-06,five_mix_netlify_forms_v1,five_mix_frontend_v1_2026-08-06,completed,group_01,group_01,2026-08-08 20:28:25.461,2026-08-08 20:53:20.536,2026-08-08 20:53:20.901,1495.0,6,5,30,6,True,3,P002__trial_01,1,EDR-2,EDR-2,1,id_like_to_know,group_01_song_b_id_like_to_know,1,Song B,C,3,mix_6f8b655d7999,id_like_to_know_pxl_s2,mix_6f8b655d7999,id_like_to_know_pxl_s2,True,58,True,True,2026-08-08T19:40:52.432Z,"A- sounds normal
E- sounds more crisp
D/C- sounds similar but seems to have a more chill vibe
B- it seems to have a more open feeling and sounds nicer. ","A- sounds normal
E- sounds more crisp
D/C- sounds similar but seems to have a more chill vibe
B- it seems to have a more open feeling and sounds nicer.",168195,assets/audio/study-stimuli/main-study/group_01/song_b_id_like_to_know/pxl_s2.wav,0.0616230294108,14.7642059326,0.049424380064,0.0224525164813,0.5329997864789321,-1.1874673519330532,-0.7637519766505488,0.5510366380169074
32,P002,751ef514-bd55-43b8-943a-033b00d1c4a4,five_mix_frontend_v1_2026-08-06,five_mix_netlify_forms_v1,five_mix_frontend_v1_2026-08-06,completed,group_01,group_01,2026-08-08 20:28:25.461,2026-08-08 20:53:20.536,2026-08-08 20:53:20.901,1495.0,6,5,30,6,True,4,P002__trial_01,1,EDR-2,EDR-2,1,id_like_to_know,group_01_song_b_id_like_to_know,1,Song B,D,4,mix_b393d3919c78,id_like_to_know_pxl_s7,mix_b393d3919c78,id_like_to_know_pxl_s7,True,53,True,True,2026-08-08T19:40:49.689Z,"A- sounds normal
E- sounds more crisp
D/C- sounds similar but seems to have a more chill vibe
B- it seems to have a more open feeling and sounds nicer. ","A- sounds normal
E- sounds more crisp
D/C- sounds similar but seems to have a more chill vibe
B- it seems to have a more open feeling and sounds nicer.",168195,assets/audio/study-stimuli/main-study/group_01/song_b_id_like_to_know/pxl_s7.wav,0.0551121532917,16.2593574524,0.0769432634115,-0.0537673681974,-0.867056238017743,-0.6188407399054331,-0.3229009373128245,-1.0515106991885117
32,P002,751ef514-bd55-43b8-943a-033b00d1c4a4,five_mix_frontend_v1_2026-08-06,five_mix_netlify_forms_v1,five_mix_frontend_v1_2026-08-06,completed,group_01,group_01,2026-08-08 20:28:25.461,2026-08-08 20:53:20.536,2026-08-08 20:53:20.901,1495.0,6,5,30,6,True,5,P002__trial_01,1,EDR-2,EDR-2,1,id_like_to_know,group_01_song_b_id_like_to_know,1,Song B,E,5,mix_82d60d7c7fc5,id_like_to_know_pxl_s5,mix_82d60d7c7fc5,id_like_to_know_pxl_s5,True,38,True,True,2026-08-08T19:40:45.630Z,"A- sounds normal
E- sounds more crisp
D/C- sounds similar but seems to have a more chill vibe
B- it seems to have a more open feeling and sounds nicer. ","A- sounds normal
E- sounds more crisp
D/C- sounds similar but seems to have a more chill vibe
B- it seems to have a more open feeling and sounds nicer.",168195,assets/audio/study-stimuli/main-study/group_01/song_b_id_like_to_know/pxl_s5.wav,0.0574779175222,17.4848575592,0.146866813302,0.0736307501793,-0.3583378408524605,-0.1527662554529231,0.7972705919658362,1.6270752922517937
32,P002,751ef514-bd55-43b8-943a-033b00d1c4a4,five_mix_frontend_v1_2026-08-06,five_mix_netlify_forms_v1,five_mix_frontend_v1_2026-08-06,completed,group_01,group_01,2026-08-08 20:28:25.461,2026-08-08 20:53:20.536,2026-08-08 20:53:20.901,1495.0,6,5,30,6,True,6,P002__trial_02,2,EDR-2,EDR-2,1,lead_me,group_01_song_a_lead_me,2,Song A,A,1,mix_f1f7973e5bac,lead_me_du_d,mix_f1f7973e5bac,lead_me_du_d,True,61,True,True,2026-08-08T19:43:15.756Z,"D- sounds too echoiy and noisy
E- also sounds echoiy
C- seems to have a noise-cancellation effect 
A- noise cancellation effect and nice bass
B - has both and lower tune so its more chill","D- sounds too echoiy and noisy
E- also sounds echoiy
C- seems to have a noise-cancellation effect 
A- noise cancellation effect and nice bass
B - has both and lower tune so its more chill",135578,assets/audio/study-stimuli/main-study/group_01/song_a_lead_me/du_d.wav,0.0625870004296,13.8143320084,0.117576912045,-0.0521329641342,0.7402857811167308,-1.548717422055362,0.3280479404435016,-1.017146833506479
32,P002,751ef514-bd55-43b8-943a-033b00d1c4a4,five_mix_frontend_v1_2026-08-06,five_mix_netlify_forms_v1,five_mix_frontend_v1_2026-08-06,completed,group_01,group_01,2026-08-08 20:28:25.461,2026-08-08 20:53:20.536,2026-08-08 20:53:20.901,1495.0,6,5,30,6,True,7,P002__trial_02,2,EDR-2,EDR-2,1,lead_me,group_01_song_a_lead_me,2,Song A,B,2,mix_d3e3580b6e30,lead_me_mcg_pro2,mix_d3e3580b6e30,lead_me_mcg_pro2,True,82,True,True,2026-08-08T19:43:20.890Z,"D- sounds too echoiy and noisy
E- also sounds echoiy
C- seems to have a noise-cancellation effect 
A- noise cancellation effect and nice bass
B - has both and lower tune so its more chill","D- sounds too echoiy and noisy
E- also sounds echoiy
C- seems to have a noise-cancellation effect 
A- noise cancellation effect and nice bass
B - has both and lower tune so its more chill",135578,assets/audio/study-stimuli/main-study/group_01/song_a_lead_me/mcg_pro2.wav,0.0730051249266,20.1463222504,0.0392760001123,-0.00143597240094,2.9805308263561203,0.8594252384169624,-0.9263284806752846,0.048773555233824
32,P002,751ef514-bd55-43b8-943a-033b00d1c4a4,five_mix_frontend_v1_2026-08-06,five_mix_netlify_forms_v1,five_mix_frontend_v1_2026-08-06,completed,group_01,group_01,2026-08-08 20:28:25.461,2026-08-08 20:53:20.536,2026-08-08 20:53:20.901,1495.0,6,5,30,6,True,8,P002__trial_02,2,EDR-2,EDR-2,1,lead_me,group_01_song_a_lead_me,2,Song A,C,3,mix_271852ba8676,lead_me_du_e,mix_271852ba8676,lead_me_du_e,True,50,True,True,2026-08-08T19:43:23.877Z,"D- sounds too echoiy and noisy
E- also sounds echoiy
C- seems to have a noise-cancellation effect 
A- noise cancellation effect and nice bass
B - has both and lower tune so its more chill","D- sounds too echoiy and noisy
E- also sounds echoiy
C- seems to have a noise-cancellation effect 
A- noise cancellation effect and nice bass
B - has both and lower tune so its more chill",135578,assets/audio/study-stimuli/main-study/group_01/song_a_lead_me/du_e.wav,0.0543773770332,19.2538223267,0.0430038608611,0.0436125770211,-1.0250576971995913,0.5199952869185839,-0.8666083508697964,0.9959336464039888
32,P002,751ef514-bd55-43b8-943a-033b00d1c4a4,five_mix_frontend_v1_2026-08-06,five_mix_netlify_forms_v1,five_mix_frontend_v1_2026-08-06,completed,group_01,group_01,2026-08-08 20:28:25.461,2026-08-08 20:53:20.536,2026-08-08 20:53:20.901,1495.0,6,5,30,6,True,9,P002__trial_02,2,EDR-2,EDR-2,1,lead_me,group_01_song_a_lead_me,2,Song A,D,4,mix_c7d9a071ba25,lead_me_pxl_l4,mix_c7d9a071ba25,lead_me_pxl_l4,True,8,True,True,2026-08-08T19:43:32.010Z,"D- sounds too echoiy and noisy
E- also sounds echoiy
C- seems to have a noise-cancellation effect 
A- noise cancellation effect and nice bass
B - has both and lower tune so its more chill","D- sounds too echoiy and noisy
E- also sounds echoiy
C- seems to have a noise-cancellation effect 
A- noise cancellation effect and nice bass
B - has both and lower tune so its more chill",135578,assets/audio/study-stimuli/main-study/group_01/song_a_lead_me/pxl_l4.wav,0.0588876381516,15.6746520996,0.149041607976,0.109930999577,-0.0552007785055364,-0.8412121981784734,0.8321106863211235,2.390299590706203
32,P002,751ef514-bd55-43b8-943a-033b00d1c4a4,five_mix_frontend_v1_2026-08-06,five_mix_netlify_forms_v1,five_mix_frontend_v1_2026-08-06,completed,group_01,group_01,2026-08-08 20:28:25.461,2026-08-08 20:53:20.536,2026-08-08 20:53:20.901,1495.0,6,5,30,6,True,10,P002__trial_02,2,EDR-2,EDR-2,1,lead_me,group_01_song_a_lead_me,2,Song A,E,5,mix_d5b28dfc8a93,lead_me_pxl_l1,mix_d5b28dfc8a93,lead_me_pxl_l1,True,25,True,True,2026-08-08T19:43:40.328Z,"D- sounds too echoiy and noisy
E- also sounds echoiy
C- seems to have a noise-cancellation effect 
A- noise cancellation effect and nice bass
B - has both and lower tune so its more chill","D- sounds too echoiy and noisy
E- also sounds echoiy
C- seems to have a noise-cancellation effect 
A- noise cancellation effect and nice bass
B - has both and lower tune so its more chill",135578,assets/audio/study-stimuli/main-study/group_01/song_a_lead_me/pxl_l1.wav,0.0591329820454,16.9195213318,0.0170932952315,-0.0129087874666,-0.0024436394808062,-0.3677713699084406,-1.2816942263900757,-0.1924460334762285
32,P002,751ef514-bd55-43b8-943a-033b00d1c4a4,five_mix_frontend_v1_2026-08-06,five_mix_netlify_forms_v1,five_mix_frontend_v1_2026-08-06,completed,group_01,group_01,2026-08-08 20:28:25.461,2026-08-08 20:53:20.536,2026-08-08 20:53:20.901,1495.0,6,5,30,6,True,11,P002__trial_03,3,EDR-1,EDR-1,2,id_like_to_know,group_01_song_b_id_like_to_know,1,Song B,A,1,mix_b393d3919c78,id_like_to_know_pxl_s7,mix_b393d3919c78,id_like_to_know_pxl_s7,True,76,True,True,2026-08-08T19:45:39.747Z,"D- if i want to enjoy myself, this would be too quiet and chill
E/B - less chill than D
C - has a more open vibe and happy
A - open and upbeat vibes, like happier","D- if i want to enjoy myself, this would be too quiet and chill
E/B - less chill than D
C - has a more open vibe and happy
A - open and upbeat vibes, like happier",138945,assets/audio/study-stimuli/main-study/group_01/song_b_id_like_to_know/pxl_s7.wav,0.0551121532917,16.2593574524,0.0769432634115,-0.0537673681974,-0.867056238017743,-0.6188407399054331,-0.3229009373128245,-1.0515106991885117
32,P002,751ef514-bd55-43b8-943a-033b00d1c4a4,five_mix_frontend_v1_2026-08-06,five_mix_netlify_forms_v1,five_mix_frontend_v1_2026-08-06,completed,group_01,group_01,2026-08-08 20:28:25.461,2026-08-08 20:53:20.536,2026-08-08 20:53:20.901,1495.0,6,5,30,6,True,12,P002__trial_03,3,EDR-1,EDR-1,2,id_like_to_know,group_01_song_b_id_like_to_know,1,Song B,B,2,mix_82d60d7c7fc5,id_like_to_know_pxl_s5,mix_82d60d7c7fc5,id_like_to_know_pxl_s5,True,41,True,True,2026-08-08T19:46:09.266Z,"D- if i want to enjoy myself, this would be too quiet and chill
E/B - less chill than D
C - has a more open vibe and happy
A - open and upbeat vibes, like happier","D- if i want to enjoy myself, this would be too quiet and chill
E/B - less chill than D
C - has a more open vibe and happy
A - open and upbeat vibes, like happier",138945,assets/audio/study-stimuli/main-study/group_01/song_b_id_like_to_know/pxl_s5.wav,0.0574779175222,17.4848575592,0.146866813302,0.0736307501793,-0.3583378408524605,-0.1527662554529231,0.7972705919658362,1.6270752922517937
32,P002,751ef514-bd55-43b8-943a-033b00d1c4a4,five_mix_frontend_v1_2026-08-06,five_mix_netlify_forms_v1,five_mix_frontend_v1_2026-08-06,completed,group_01,group_01,2026-08-08 20:28:25.461,2026-08-08 20:53:20.536,2026-08-08 20:53:20.901,1495.0,6,5,30,6,True,13,P002__trial_03,3,EDR-1,EDR-1,2,id_like_to_know,group_01_song_b_id_like_to_know,1,Song B,C,3,mix_9ffcd672af17,id_like_to_know_pxl_s1,mix_9ffcd672af17,id_like_to_know_pxl_s1,True,63,True,True,2026-08-08T19:46:00.624Z,"D- if i want to enjoy myself, this would be too quiet and chill
E/B - less chill than D
C - has a more open vibe and happy
A - open and upbeat vibes, like happier","D- if i want to enjoy myself, this would be too quiet and chill
E/B - less chill than D
C - has a more open vibe and happy
A - open and upbeat vibes, like happier",138945,assets/audio/study-stimuli/main-study/group_01/song_b_id_like_to_know/pxl_s1.wav,0.0565126091242,16.3633155823,0.0668171644211,0.0607972890139,-0.5659114167269081,-0.579304038497624,-0.4851205015292653,1.357247686182373
32,P002,751ef514-bd55-43b8-943a-033b00d1c4a4,five_mix_frontend_v1_2026-08-06,five_mix_netlify_forms_v1,five_mix_frontend_v1_2026-08-06,completed,group_01,group_01,2026-08-08 20:28:25.461,2026-08-08 20:53:20.536,2026-08-08 20:53:20.901,1495.0,6,5,30,6,True,14,P002__trial_03,3,EDR-1,EDR-1,2,id_like_to_know,group_01_song_b_id_like_to_know,1,Song B,D,4,mix_65f41f41d3ab,id_like_to_know_pxl_s3,mix_65f41f41d3ab,id_like_to_know_pxl_s3,True,12,True,True,2026-08-08T19:45:58.022Z,"D- if i want to enjoy myself, this would be too quiet and chill
E/B - less chill than D
C - has a more open vibe and happy
A - open and upbeat vibes, like happier","D- if i want to enjoy myself, this would be too quiet and chill
E/B - less chill than D
C - has a more open vibe and happy
A - open and upbeat vibes, like happier",138945,assets/audio/study-stimuli/main-study/group_01/song_b_id_like_to_know/pxl_s3.wav,0.0606486909091,15.0860643387,0.0243665315211,-0.00842856336385,0.3234844364321996,-1.065060189455143,-1.1651773700507613,-0.0982478955990668
32,P002,751ef514-bd55-43b8-943a-033b00d1c4a4,five_mix_frontend_v1_2026-08-06,five_mix_netlify_forms_v1,five_mix_frontend_v1_2026-08-06,completed,group_01,group_01,2026-08-08 20:28:25.461,2026-08-08 20:53:20.536,2026-08-08 20:53:20.901,1495.0,6,5,30,6,True,15,P002__trial_03,3,EDR-1,EDR-1,2,id_like_to_know,group_01_song_b_id_like_to_know,1,Song B,E,5,mix_6f8b655d7999,id_like_to_know_pxl_s2,mix_6f8b655d7999,id_like_to_know_pxl_s2,True,36,True,True,2026-08-08T19:45:55.736Z,"D- if i want to enjoy myself, this would be too quiet and chill
E/B - less chill than D
C - has a more open vibe and happy
A - open and upbeat vibes, like happier","D- if i want to enjoy myself, this would be too quiet and chill
E/B - less chill than D
C - has a more open vibe and happy
A - open and upbeat vibes, like happier",138945,assets/audio/study-stimuli/main-study/group_01/song_b_id_like_to_know/pxl_s2.wav,0.0616230294108,14.7642059326,0.049424380064,0.0224525164813,0.5329997864789321,-1.1874673519330532,-0.7637519766505488,0.5510366380169074
32,P002,751ef514-bd55-43b8-943a-033b00d1c4a4,five_mix_frontend_v1_2026-08-06,five_mix_netlify_forms_v1,five_mix_frontend_v1_2026-08-06,completed,group_01,group_01,2026-08-08 20:28:25.461,2026-08-08 20:53:20.536,2026-08-08 20:53:20.901,1495.0,6,5,30,6,True,16,P002__trial_04,4,EDR-1,EDR-1,2,lead_me,group_01_song_a_lead_me,2,Song A,A,1,mix_271852ba8676,lead_me_du_e,mix_271852ba8676,lead_me_du_e,True,59,True,True,2026-08-08T19:47:47.404Z,"E/D - echoiy
B - nice vibes 
A - has a more open and happier vibe
C - good vibes, upbeat","E/D - echoiy
B - nice vibes 
A - has a more open and happier vibe
C - good vibes, upbeat",69875,assets/audio/study-stimuli/main-study/group_01/song_a_lead_me/du_e.wav,0.0543773770332,19.2538223267,0.0430038608611,0.0436125770211,-1.0250576971995913,0.5199952869185839,-0.8666083508697964,0.9959336464039888
32,P002,751ef514-bd55-43b8-943a-033b00d1c4a4,five_mix_frontend_v1_2026-08-06,five_mix_netlify_forms_v1,five_mix_frontend_v1_2026-08-06,completed,group_01,group_01,2026-08-08 20:28:25.461,2026-08-08 20:53:20.536,2026-08-08 20:53:20.901,1495.0,6,5,30,6,True,17,P002__trial_04,4,EDR-1,EDR-1,2,lead_me,group_01_song_a_lead_me,2,Song A,B,2,mix_d3e3580b6e30,lead_me_mcg_pro2,mix_d3e3580b6e30,lead_me_mcg_pro2,True,49,True,True,2026-08-08T19:48:03.368Z,"E/D - echoiy
B - nice vibes 
A - has a more open and happier vibe
C - good vibes, upbeat","E/D - echoiy
B - nice vibes 
A - has a more open and happier vibe
C - good vibes, upbeat",69875,assets/audio/study-stimuli/main-study/group_01/song_a_lead_me/mcg_pro2.wav,0.0730051249266,20.1463222504,0.0392760001123,-0.00143597240094,2.9805308263561203,0.8594252384169624,-0.9263284806752846,0.048773555233824
32,P002,751ef514-bd55-43b8-943a-033b00d1c4a4,five_mix_frontend_v1_2026-08-06,five_mix_netlify_forms_v1,five_mix_frontend_v1_2026-08-06,completed,group_01,group_01,2026-08-08 20:28:25.461,2026-08-08 20:53:20.536,2026-08-08 20:53:20.901,1495.0,6,5,30,6,True,18,P002__trial_04,4,EDR-1,EDR-1,2,lead_me,group_01_song_a_lead_me,2,Song A,C,3,mix_f1f7973e5bac,lead_me_du_d,mix_f1f7973e5bac,lead_me_du_d,True,77,True,True,2026-08-08T19:47:57.124Z,"E/D - echoiy
B - nice vibes 
A - has a more open and happier vibe
C - good vibes, upbeat","E/D - echoiy
B - nice vibes 
A - has a more open and happier vibe
C - good vibes, upbeat",69875,assets/audio/study-stimuli/main-study/group_01/song_a_lead_me/du_d.wav,0.0625870004296,13.8143320084,0.117576912045,-0.0521329641342,0.7402857811167308,-1.548717422055362,0.3280479404435016,-1.017146833506479
32,P002,751ef514-bd55-43b8-943a-033b00d1c4a4,five_mix_frontend_v1_2026-08-06,five_mix_netlify_forms_v1,five_mix_frontend_v1_2026-08-06,completed,group_01,group_01,2026-08-08 20:28:25.461,2026-08-08 20:53:20.536,2026-08-08 20:53:20.901,1495.0,6,5,30,6,True,19,P002__trial_04,4,EDR-1,EDR-1,2,lead_me,group_01_song_a_lead_me,2,Song A,D,4,mix_c7d9a071ba25,lead_me_pxl_l4,mix_c7d9a071ba25,lead_me_pxl_l4,True,15,True,True,2026-08-08T19:47:54.564Z,"E/D - echoiy
B - nice vibes 
A - has a more open and happier vibe
C - good vibes, upbeat","E/D - echoiy
B - nice vibes 
A - has a more open and happier vibe
C - good vibes, upbeat",69875,assets/audio/study-stimuli/main-study/group_01/song_a_lead_me/pxl_l4.wav,0.0588876381516,15.6746520996,0.149041607976,0.109930999577,-0.0552007785055364,-0.8412121981784734,0.8321106863211235,2.390299590706203
32,P002,751ef514-bd55-43b8-943a-033b00d1c4a4,five_mix_frontend_v1_2026-08-06,five_mix_netlify_forms_v1,five_mix_frontend_v1_2026-08-06,completed,group_01,group_01,2026-08-08 20:28:25.461,2026-08-08 20:53:20.536,2026-08-08 20:53:20.901,1495.0,6,5,30,6,True,20,P002__trial_04,4,EDR-1,EDR-1,2,lead_me,group_01_song_a_lead_me,2,Song A,E,5,mix_d5b28dfc8a93,lead_me_pxl_l1,mix_d5b28dfc8a93,lead_me_pxl_l1,True,7,True,True,2026-08-08T19:47:50.163Z,"E/D - echoiy
B - nice vibes 
A - has a more open and happier vibe
C - good vibes, upbeat","E/D - echoiy
B - nice vibes 
A - has a more open and happier vibe
C - good vibes, upbeat",69875,assets/audio/study-stimuli/main-study/group_01/song_a_lead_me/pxl_l1.wav,0.0591329820454,16.9195213318,0.0170932952315,-0.0129087874666,-0.0024436394808062,-0.3677713699084406,-1.2816942263900757,-0.1924460334762285
32,P002,751ef514-bd55-43b8-943a-033b00d1c4a4,five_mix_frontend_v1_2026-08-06,five_mix_netlify_forms_v1,five_mix_frontend_v1_2026-08-06,completed,group_01,group_01,2026-08-08 20:28:25.461,2026-08-08 20:53:20.536,2026-08-08 20:53:20.901,1495.0,6,5,30,6,True,21,P002__trial_05,5,FM-1,FM-1,3,lead_me,group_01_song_a_lead_me,1,Song A,A,1,mix_271852ba8676,lead_me_du_e,mix_271852ba8676,lead_me_du_e,True,31,True,True,2026-08-08T19:49:00.572Z,"E/D - echoiy and noisy
A - cant focus, too noisy but less echoiy
B - nice but not something i would listen to maintain focus
C - just the right volume to maintain focus
","E/D - echoiy and noisy
A - cant focus, too noisy but less echoiy
B - nice but not something i would listen to maintain focus
C - just the right volume to maintain focus",81455,assets/audio/study-stimuli/main-study/group_01/song_a_lead_me/du_e.wav,0.0543773770332,19.2538223267,0.0430038608611,0.0436125770211,-1.0250576971995913,0.5199952869185839,-0.8666083508697964,0.9959336464039888
32,P002,751ef514-bd55-43b8-943a-033b00d1c4a4,five_mix_frontend_v1_2026-08-06,five_mix_netlify_forms_v1,five_mix_frontend_v1_2026-08-06,completed,group_01,group_01,2026-08-08 20:28:25.461,2026-08-08 20:53:20.536,2026-08-08 20:53:20.901,1495.0,6,5,30,6,True,22,P002__trial_05,5,FM-1,FM-1,3,lead_me,group_01_song_a_lead_me,1,Song A,B,2,mix_f1f7973e5bac,lead_me_du_d,mix_f1f7973e5bac,lead_me_du_d,True,50,True,True,2026-08-08T19:49:17.981Z,"E/D - echoiy and noisy
A - cant focus, too noisy but less echoiy
B - nice but not something i would listen to maintain focus
C - just the right volume to maintain focus
","E/D - echoiy and noisy
A - cant focus, too noisy but less echoiy
B - nice but not something i would listen to maintain focus
C - just the right volume to maintain focus",81455,assets/audio/study-stimuli/main-study/group_01/song_a_lead_me/du_d.wav,0.0625870004296,13.8143320084,0.117576912045,-0.0521329641342,0.7402857811167308,-1.548717422055362,0.3280479404435016,-1.017146833506479
32,P002,751ef514-bd55-43b8-943a-033b00d1c4a4,five_mix_frontend_v1_2026-08-06,five_mix_netlify_forms_v1,five_mix_frontend_v1_2026-08-06,completed,group_01,group_01,2026-08-08 20:28:25.461,2026-08-08 20:53:20.536,2026-08-08 20:53:20.901,1495.0,6,5,30,6,True,23,P002__trial_05,5,FM-1,FM-1,3,lead_me,group_01_song_a_lead_me,1,Song A,C,3,mix_d3e3580b6e30,lead_me_mcg_pro2,mix_d3e3580b6e30,lead_me_mcg_pro2,True,76,True,True,2026-08-08T19:49:13.945Z,"E/D - echoiy and noisy
A - cant focus, too noisy but less echoiy
B - nice but not something i would listen to maintain focus
C - just the right volume to maintain focus
","E/D - echoiy and noisy
A - cant focus, too noisy but less echoiy
B - nice but not something i would listen to maintain focus
C - just the right volume to maintain focus",81455,assets/audio/study-stimuli/main-study/group_01/song_a_lead_me/mcg_pro2.wav,0.0730051249266,20.1463222504,0.0392760001123,-0.00143597240094,2.9805308263561203,0.8594252384169624,-0.9263284806752846,0.048773555233824
32,P002,751ef514-bd55-43b8-943a-033b00d1c4a4,five_mix_frontend_v1_2026-08-06,five_mix_netlify_forms_v1,five_mix_frontend_v1_2026-08-06,completed,group_01,group_01,2026-08-08 20:28:25.461,2026-08-08 20:53:20.536,2026-08-08 20:53:20.901,1495.0,6,5,30,6,True,24,P002__trial_05,5,FM-1,FM-1,3,lead_me,group_01_song_a_lead_me,1,Song A,D,4,mix_d5b28dfc8a93,lead_me_pxl_l1,mix_d5b28dfc8a93,lead_me_pxl_l1,True,12,True,True,2026-08-08T19:49:10.793Z,"E/D - echoiy and noisy
A - cant focus, too noisy but less echoiy
B - nice but not something i would listen to maintain focus
C - just the right volume to maintain focus
","E/D - echoiy and noisy
A - cant focus, too noisy but less echoiy
B - nice but not something i would listen to maintain focus
C - just the right volume to maintain focus",81455,assets/audio/study-stimuli/main-study/group_01/song_a_lead_me/pxl_l1.wav,0.0591329820454,16.9195213318,0.0170932952315,-0.0129087874666,-0.0024436394808062,-0.3677713699084406,-1.2816942263900757,-0.1924460334762285
32,P002,751ef514-bd55-43b8-943a-033b00d1c4a4,five_mix_frontend_v1_2026-08-06,five_mix_netlify_forms_v1,five_mix_frontend_v1_2026-08-06,completed,group_01,group_01,2026-08-08 20:28:25.461,2026-08-08 20:53:20.536,2026-08-08 20:53:20.901,1495.0,6,5,30,6,True,25,P002__trial_05,5,FM-1,FM-1,3,lead_me,group_01_song_a_lead_me,1,Song A,E,5,mix_c7d9a071ba25,lead_me_pxl_l4,mix_c7d9a071ba25,lead_me_pxl_l4,True,6,True,True,2026-08-08T19:49:04.181Z,"E/D - echoiy and noisy
A - cant focus, too noisy but less echoiy
B - nice but not something i would listen to maintain focus
C - just the right volume to maintain focus
","E/D - echoiy and noisy
A - cant focus, too noisy but less echoiy
B - nice but not something i would listen to maintain focus
C - just the right volume to maintain focus",81455,assets/audio/study-stimuli/main-study/group_01/song_a_lead_me/pxl_l4.wav,0.0588876381516,15.6746520996,0.149041607976,0.109930999577,-0.0552007785055364,-0.8412121981784734,0.8321106863211235,2.390299590706203
32,P002,751ef514-bd55-43b8-943a-033b00d1c4a4,five_mix_frontend_v1_2026-08-06,five_mix_netlify_forms_v1,five_mix_frontend_v1_2026-08-06,completed,group_01,group_01,2026-08-08 20:28:25.461,2026-08-08 20:53:20.536,2026-08-08 20:53:20.901,1495.0,6,5,30,6,True,26,P002__trial_06,6,FM-1,FM-1,3,id_like_to_know,group_01_song_b_id_like_to_know,2,Song B,A,1,mix_b393d3919c78,id_like_to_know_pxl_s7,mix_b393d3919c78,id_like_to_know_pxl_s7,True,10,True,True,2026-08-08T19:50:19.057Z,"A- echoiy
B- open vibes but noisy to maintain focus
D/E - sounds similar but at least quieter
C- low quieter vibes to maintain focus","A- echoiy
B- open vibes but noisy to maintain focus
D/E - sounds similar but at least quieter
C- low quieter vibes to maintain focus",84344,assets/audio/study-stimuli/main-study/group_01/song_b_id_like_to_know/pxl_s7.wav,0.0551121532917,16.2593574524,0.0769432634115,-0.0537673681974,-0.867056238017743,-0.6188407399054331,-0.3229009373128245,-1.0515106991885117
32,P002,751ef514-bd55-43b8-943a-033b00d1c4a4,five_mix_frontend_v1_2026-08-06,five_mix_netlify_forms_v1,five_mix_frontend_v1_2026-08-06,completed,group_01,group_01,2026-08-08 20:28:25.461,2026-08-08 20:53:20.536,2026-08-08 20:53:20.901,1495.0,6,5,30,6,True,27,P002__trial_06,6,FM-1,FM-1,3,id_like_to_know,group_01_song_b_id_like_to_know,2,Song B,B,2,mix_9ffcd672af17,id_like_to_know_pxl_s1,mix_9ffcd672af17,id_like_to_know_pxl_s1,True,26,True,True,2026-08-08T19:50:24.242Z,"A- echoiy
B- open vibes but noisy to maintain focus
D/E - sounds similar but at least quieter
C- low quieter vibes to maintain focus","A- echoiy
B- open vibes but noisy to maintain focus
D/E - sounds similar but at least quieter
C- low quieter vibes to maintain focus",84344,assets/audio/study-stimuli/main-study/group_01/song_b_id_like_to_know/pxl_s1.wav,0.0565126091242,16.3633155823,0.0668171644211,0.0607972890139,-0.5659114167269081,-0.579304038497624,-0.4851205015292653,1.357247686182373
32,P002,751ef514-bd55-43b8-943a-033b00d1c4a4,five_mix_frontend_v1_2026-08-06,five_mix_netlify_forms_v1,five_mix_frontend_v1_2026-08-06,completed,group_01,group_01,2026-08-08 20:28:25.461,2026-08-08 20:53:20.536,2026-08-08 20:53:20.901,1495.0,6,5,30,6,True,28,P002__trial_06,6,FM-1,FM-1,3,id_like_to_know,group_01_song_b_id_like_to_know,2,Song B,C,3,mix_65f41f41d3ab,id_like_to_know_pxl_s3,mix_65f41f41d3ab,id_like_to_know_pxl_s3,True,74,True,True,2026-08-08T19:50:27.966Z,"A- echoiy
B- open vibes but noisy to maintain focus
D/E - sounds similar but at least quieter
C- low quieter vibes to maintain focus","A- echoiy
B- open vibes but noisy to maintain focus
D/E - sounds similar but at least quieter
C- low quieter vibes to maintain focus",84344,assets/audio/study-stimuli/main-study/group_01/song_b_id_like_to_know/pxl_s3.wav,0.0606486909091,15.0860643387,0.0243665315211,-0.00842856336385,0.3234844364321996,-1.065060189455143,-1.1651773700507613,-0.0982478955990668
32,P002,751ef514-bd55-43b8-943a-033b00d1c4a4,five_mix_frontend_v1_2026-08-06,five_mix_netlify_forms_v1,five_mix_frontend_v1_2026-08-06,completed,group_01,group_01,2026-08-08 20:28:25.461,2026-08-08 20:53:20.536,2026-08-08 20:53:20.901,1495.0,6,5,30,6,True,29,P002__trial_06,6,FM-1,FM-1,3,id_like_to_know,group_01_song_b_id_like_to_know,2,Song B,D,4,mix_82d60d7c7fc5,id_like_to_know_pxl_s5,mix_82d60d7c7fc5,id_like_to_know_pxl_s5,True,51,True,True,2026-08-08T19:50:30.451Z,"A- echoiy
B- open vibes but noisy to maintain focus
D/E - sounds similar but at least quieter
C- low quieter vibes to maintain focus","A- echoiy
B- open vibes but noisy to maintain focus
D/E - sounds similar but at least quieter
C- low quieter vibes to maintain focus",84344,assets/audio/study-stimuli/main-study/group_01/song_b_id_like_to_know/pxl_s5.wav,0.0574779175222,17.4848575592,0.146866813302,0.0736307501793,-0.3583378408524605,-0.1527662554529231,0.7972705919658362,1.6270752922517937
32,P002,751ef514-bd55-43b8-943a-033b00d1c4a4,five_mix_frontend_v1_2026-08-06,five_mix_netlify_forms_v1,five_mix_frontend_v1_2026-08-06,completed,group_01,group_01,2026-08-08 20:28:25.461,2026-08-08 20:53:20.536,2026-08-08 20:53:20.901,1495.0,6,5,30,6,True,30,P002__trial_06,6,FM-1,FM-1,3,id_like_to_know,group_01_song_b_id_like_to_know,2,Song B,E,5,mix_6f8b655d7999,id_like_to_know_pxl_s2,mix_6f8b655d7999,id_like_to_know_pxl_s2,True,57,True,True,2026-08-08T19:50:31.993Z,"A- echoiy
B- open vibes but noisy to maintain focus
D/E - sounds similar but at least quieter
C- low quieter vibes to maintain focus","A- echoiy
B- open vibes but noisy to maintain focus
D/E - sounds similar but at least quieter
C- low quieter vibes to maintain focus",84344,assets/audio/study-stimuli/main-study/group_01/song_b_id_like_to_know/pxl_s2.wav,0.0616230294108,14.7642059326,0.049424380064,0.0224525164813,0.5329997864789321,-1.1874673519330532,-0.7637519766505488,0.5510366380169074
33,P001,a689ecac-cafb-4e64-8c0b-71d91a9ddaec,five_mix_frontend_v1_2026-08-06,five_mix_netlify_forms_v1,five_mix_frontend_v1_2026-08-06,completed,group_01,group_01,2026-08-08 19:40:21.487,2026-08-08 20:28:23.839,2026-08-08 20:28:25.709,2882.0,6,5,30,6,True,1,P001__trial_01,1,FM-1,FM-1,1,lead_me,group_01_song_a_lead_me,1,Song A,A,1,mix_d5b28dfc8a93,lead_me_pxl_l1,mix_d5b28dfc8a93,lead_me_pxl_l1,True,19,True,True,2026-08-08T19:08:06.254Z,Prefer the softer tone,Prefer the softer tone,128857,assets/audio/study-stimuli/main-study/group_01/song_a_lead_me/pxl_l1.wav,0.0591329820454,16.9195213318,0.0170932952315,-0.0129087874666,-0.0024436394808062,-0.3677713699084406,-1.2816942263900757,-0.1924460334762285
33,P001,a689ecac-cafb-4e64-8c0b-71d91a9ddaec,five_mix_frontend_v1_2026-08-06,five_mix_netlify_forms_v1,five_mix_frontend_v1_2026-08-06,completed,group_01,group_01,2026-08-08 19:40:21.487,2026-08-08 20:28:23.839,2026-08-08 20:28:25.709,2882.0,6,5,30,6,True,2,P001__trial_01,1,FM-1,FM-1,1,lead_me,group_01_song_a_lead_me,1,Song A,B,2,mix_f1f7973e5bac,lead_me_du_d,mix_f1f7973e5bac,lead_me_du_d,True,30,True,True,2026-08-08T19:08:18.327Z,Prefer the softer tone,Prefer the softer tone,128857,assets/audio/study-stimuli/main-study/group_01/song_a_lead_me/du_d.wav,0.0625870004296,13.8143320084,0.117576912045,-0.0521329641342,0.7402857811167308,-1.548717422055362,0.3280479404435016,-1.017146833506479
33,P001,a689ecac-cafb-4e64-8c0b-71d91a9ddaec,five_mix_frontend_v1_2026-08-06,five_mix_netlify_forms_v1,five_mix_frontend_v1_2026-08-06,completed,group_01,group_01,2026-08-08 19:40:21.487,2026-08-08 20:28:23.839,2026-08-08 20:28:25.709,2882.0,6,5,30,6,True,3,P001__trial_01,1,FM-1,FM-1,1,lead_me,group_01_song_a_lead_me,1,Song A,C,3,mix_d3e3580b6e30,lead_me_mcg_pro2,mix_d3e3580b6e30,lead_me_mcg_pro2,True,36,True,True,2026-08-08T19:08:40.750Z,Prefer the softer tone,Prefer the softer tone,128857,assets/audio/study-stimuli/main-study/group_01/song_a_lead_me/mcg_pro2.wav,0.0730051249266,20.1463222504,0.0392760001123,-0.00143597240094,2.9805308263561203,0.8594252384169624,-0.9263284806752846,0.048773555233824
33,P001,a689ecac-cafb-4e64-8c0b-71d91a9ddaec,five_mix_frontend_v1_2026-08-06,five_mix_netlify_forms_v1,five_mix_frontend_v1_2026-08-06,completed,group_01,group_01,2026-08-08 19:40:21.487,2026-08-08 20:28:23.839,2026-08-08 20:28:25.709,2882.0,6,5,30,6,True,4,P001__trial_01,1,FM-1,FM-1,1,lead_me,group_01_song_a_lead_me,1,Song A,D,4,mix_271852ba8676,lead_me_du_e,mix_271852ba8676,lead_me_du_e,True,42,True,True,2026-08-08T19:08:44.510Z,Prefer the softer tone,Prefer the softer tone,128857,assets/audio/study-stimuli/main-study/group_01/song_a_lead_me/du_e.wav,0.0543773770332,19.2538223267,0.0430038608611,0.0436125770211,-1.0250576971995913,0.5199952869185839,-0.8666083508697964,0.9959336464039888
33,P001,a689ecac-cafb-4e64-8c0b-71d91a9ddaec,five_mix_frontend_v1_2026-08-06,five_mix_netlify_forms_v1,five_mix_frontend_v1_2026-08-06,completed,group_01,group_01,2026-08-08 19:40:21.487,2026-08-08 20:28:23.839,2026-08-08 20:28:25.709,2882.0,6,5,30,6,True,5,P001__trial_01,1,FM-1,FM-1,1,lead_me,group_01_song_a_lead_me,1,Song A,E,5,mix_c7d9a071ba25,lead_me_pxl_l4,mix_c7d9a071ba25,lead_me_pxl_l4,True,53,True,True,2026-08-08T19:08:58.422Z,Prefer the softer tone,Prefer the softer tone,128857,assets/audio/study-stimuli/main-study/group_01/song_a_lead_me/pxl_l4.wav,0.0588876381516,15.6746520996,0.149041607976,0.109930999577,-0.0552007785055364,-0.8412121981784734,0.8321106863211235,2.390299590706203
33,P001,a689ecac-cafb-4e64-8c0b-71d91a9ddaec,five_mix_frontend_v1_2026-08-06,five_mix_netlify_forms_v1,five_mix_frontend_v1_2026-08-06,completed,group_01,group_01,2026-08-08 19:40:21.487,2026-08-08 20:28:23.839,2026-08-08 20:28:25.709,2882.0,6,5,30,6,True,6,P001__trial_02,2,FM-1,FM-1,1,id_like_to_know,group_01_song_b_id_like_to_know,2,Song B,A,1,mix_82d60d7c7fc5,id_like_to_know_pxl_s5,mix_82d60d7c7fc5,id_like_to_know_pxl_s5,True,29,True,True,2026-08-08T19:10:25.871Z,Better if upbeat rhythm,Better if upbeat rhythm,135524,assets/audio/study-stimuli/main-study/group_01/song_b_id_like_to_know/pxl_s5.wav,0.0574779175222,17.4848575592,0.146866813302,0.0736307501793,-0.3583378408524605,-0.1527662554529231,0.7972705919658362,1.6270752922517937
33,P001,a689ecac-cafb-4e64-8c0b-71d91a9ddaec,five_mix_frontend_v1_2026-08-06,five_mix_netlify_forms_v1,five_mix_frontend_v1_2026-08-06,completed,group_01,group_01,2026-08-08 19:40:21.487,2026-08-08 20:28:23.839,2026-08-08 20:28:25.709,2882.0,6,5,30,6,True,7,P001__trial_02,2,FM-1,FM-1,1,id_like_to_know,group_01_song_b_id_like_to_know,2,Song B,B,2,mix_b393d3919c78,id_like_to_know_pxl_s7,mix_b393d3919c78,id_like_to_know_pxl_s7,True,66,True,True,2026-08-08T19:11:27.942Z,Better if upbeat rhythm,Better if upbeat rhythm,135524,assets/audio/study-stimuli/main-study/group_01/song_b_id_like_to_know/pxl_s7.wav,0.0551121532917,16.2593574524,0.0769432634115,-0.0537673681974,-0.867056238017743,-0.6188407399054331,-0.3229009373128245,-1.0515106991885117
33,P001,a689ecac-cafb-4e64-8c0b-71d91a9ddaec,five_mix_frontend_v1_2026-08-06,five_mix_netlify_forms_v1,five_mix_frontend_v1_2026-08-06,completed,group_01,group_01,2026-08-08 19:40:21.487,2026-08-08 20:28:23.839,2026-08-08 20:28:25.709,2882.0,6,5,30,6,True,8,P001__trial_02,2,FM-1,FM-1,1,id_like_to_know,group_01_song_b_id_like_to_know,2,Song B,C,3,mix_6f8b655d7999,id_like_to_know_pxl_s2,mix_6f8b655d7999,id_like_to_know_pxl_s2,True,46,True,True,2026-08-08T19:11:17.792Z,Better if upbeat rhythm,Better if upbeat rhythm,135524,assets/audio/study-stimuli/main-study/group_01/song_b_id_like_to_know/pxl_s2.wav,0.0616230294108,14.7642059326,0.049424380064,0.0224525164813,0.5329997864789321,-1.1874673519330532,-0.7637519766505488,0.5510366380169074
33,P001,a689ecac-cafb-4e64-8c0b-71d91a9ddaec,five_mix_frontend_v1_2026-08-06,five_mix_netlify_forms_v1,five_mix_frontend_v1_2026-08-06,completed,group_01,group_01,2026-08-08 19:40:21.487,2026-08-08 20:28:23.839,2026-08-08 20:28:25.709,2882.0,6,5,30,6,True,9,P001__trial_02,2,FM-1,FM-1,1,id_like_to_know,group_01_song_b_id_like_to_know,2,Song B,D,4,mix_65f41f41d3ab,id_like_to_know_pxl_s3,mix_65f41f41d3ab,id_like_to_know_pxl_s3,True,50,True,True,2026-08-08T19:11:37.131Z,Better if upbeat rhythm,Better if upbeat rhythm,135524,assets/audio/study-stimuli/main-study/group_01/song_b_id_like_to_know/pxl_s3.wav,0.0606486909091,15.0860643387,0.0243665315211,-0.00842856336385,0.3234844364321996,-1.065060189455143,-1.1651773700507613,-0.0982478955990668
33,P001,a689ecac-cafb-4e64-8c0b-71d91a9ddaec,five_mix_frontend_v1_2026-08-06,five_mix_netlify_forms_v1,five_mix_frontend_v1_2026-08-06,completed,group_01,group_01,2026-08-08 19:40:21.487,2026-08-08 20:28:23.839,2026-08-08 20:28:25.709,2882.0,6,5,30,6,True,10,P001__trial_02,2,FM-1,FM-1,1,id_like_to_know,group_01_song_b_id_like_to_know,2,Song B,E,5,mix_9ffcd672af17,id_like_to_know_pxl_s1,mix_9ffcd672af17,id_like_to_know_pxl_s1,True,80,True,True,2026-08-08T19:11:49.595Z,Better if upbeat rhythm,Better if upbeat rhythm,135524,assets/audio/study-stimuli/main-study/group_01/song_b_id_like_to_know/pxl_s1.wav,0.0565126091242,16.3633155823,0.0668171644211,0.0607972890139,-0.5659114167269081,-0.579304038497624,-0.4851205015292653,1.357247686182373
33,P001,a689ecac-cafb-4e64-8c0b-71d91a9ddaec,five_mix_frontend_v1_2026-08-06,five_mix_netlify_forms_v1,five_mix_frontend_v1_2026-08-06,completed,group_01,group_01,2026-08-08 19:40:21.487,2026-08-08 20:28:23.839,2026-08-08 20:28:25.709,2882.0,6,5,30,6,True,11,P001__trial_03,3,EDR-2,EDR-2,2,id_like_to_know,group_01_song_b_id_like_to_know,1,Song B,A,1,mix_65f41f41d3ab,id_like_to_know_pxl_s3,mix_65f41f41d3ab,id_like_to_know_pxl_s3,True,22,True,True,2026-08-08T19:12:30.024Z,More inspiring the D and B,More inspiring the D and B,117283,assets/audio/study-stimuli/main-study/group_01/song_b_id_like_to_know/pxl_s3.wav,0.0606486909091,15.0860643387,0.0243665315211,-0.00842856336385,0.3234844364321996,-1.065060189455143,-1.1651773700507613,-0.0982478955990668
33,P001,a689ecac-cafb-4e64-8c0b-71d91a9ddaec,five_mix_frontend_v1_2026-08-06,five_mix_netlify_forms_v1,five_mix_frontend_v1_2026-08-06,completed,group_01,group_01,2026-08-08 19:40:21.487,2026-08-08 20:28:23.839,2026-08-08 20:28:25.709,2882.0,6,5,30,6,True,12,P001__trial_03,3,EDR-2,EDR-2,2,id_like_to_know,group_01_song_b_id_like_to_know,1,Song B,B,2,mix_6f8b655d7999,id_like_to_know_pxl_s2,mix_6f8b655d7999,id_like_to_know_pxl_s2,True,82,True,True,2026-08-08T19:13:00.649Z,More inspiring the D and B,More inspiring the D and B,117283,assets/audio/study-stimuli/main-study/group_01/song_b_id_like_to_know/pxl_s2.wav,0.0616230294108,14.7642059326,0.049424380064,0.0224525164813,0.5329997864789321,-1.1874673519330532,-0.7637519766505488,0.5510366380169074
33,P001,a689ecac-cafb-4e64-8c0b-71d91a9ddaec,five_mix_frontend_v1_2026-08-06,five_mix_netlify_forms_v1,five_mix_frontend_v1_2026-08-06,completed,group_01,group_01,2026-08-08 19:40:21.487,2026-08-08 20:28:23.839,2026-08-08 20:28:25.709,2882.0,6,5,30,6,True,13,P001__trial_03,3,EDR-2,EDR-2,2,id_like_to_know,group_01_song_b_id_like_to_know,1,Song B,C,3,mix_9ffcd672af17,id_like_to_know_pxl_s1,mix_9ffcd672af17,id_like_to_know_pxl_s1,True,52,True,True,2026-08-08T19:12:56.919Z,More inspiring the D and B,More inspiring the D and B,117283,assets/audio/study-stimuli/main-study/group_01/song_b_id_like_to_know/pxl_s1.wav,0.0565126091242,16.3633155823,0.0668171644211,0.0607972890139,-0.5659114167269081,-0.579304038497624,-0.4851205015292653,1.357247686182373
33,P001,a689ecac-cafb-4e64-8c0b-71d91a9ddaec,five_mix_frontend_v1_2026-08-06,five_mix_netlify_forms_v1,five_mix_frontend_v1_2026-08-06,completed,group_01,group_01,2026-08-08 19:40:21.487,2026-08-08 20:28:23.839,2026-08-08 20:28:25.709,2882.0,6,5,30,6,True,14,P001__trial_03,3,EDR-2,EDR-2,2,id_like_to_know,group_01_song_b_id_like_to_know,1,Song B,D,4,mix_b393d3919c78,id_like_to_know_pxl_s7,mix_b393d3919c78,id_like_to_know_pxl_s7,True,75,True,True,2026-08-08T19:12:47.480Z,More inspiring the D and B,More inspiring the D and B,117283,assets/audio/study-stimuli/main-study/group_01/song_b_id_like_to_know/pxl_s7.wav,0.0551121532917,16.2593574524,0.0769432634115,-0.0537673681974,-0.867056238017743,-0.6188407399054331,-0.3229009373128245,-1.0515106991885117
33,P001,a689ecac-cafb-4e64-8c0b-71d91a9ddaec,five_mix_frontend_v1_2026-08-06,five_mix_netlify_forms_v1,five_mix_frontend_v1_2026-08-06,completed,group_01,group_01,2026-08-08 19:40:21.487,2026-08-08 20:28:23.839,2026-08-08 20:28:25.709,2882.0,6,5,30,6,True,15,P001__trial_03,3,EDR-2,EDR-2,2,id_like_to_know,group_01_song_b_id_like_to_know,1,Song B,E,5,mix_82d60d7c7fc5,id_like_to_know_pxl_s5,mix_82d60d7c7fc5,id_like_to_know_pxl_s5,True,59,True,True,2026-08-08T19:12:38.206Z,More inspiring the D and B,More inspiring the D and B,117283,assets/audio/study-stimuli/main-study/group_01/song_b_id_like_to_know/pxl_s5.wav,0.0574779175222,17.4848575592,0.146866813302,0.0736307501793,-0.3583378408524605,-0.1527662554529231,0.7972705919658362,1.6270752922517937
33,P001,a689ecac-cafb-4e64-8c0b-71d91a9ddaec,five_mix_frontend_v1_2026-08-06,five_mix_netlify_forms_v1,five_mix_frontend_v1_2026-08-06,completed,group_01,group_01,2026-08-08 19:40:21.487,2026-08-08 20:28:23.839,2026-08-08 20:28:25.709,2882.0,6,5,30,6,True,16,P001__trial_04,4,EDR-2,EDR-2,2,lead_me,group_01_song_a_lead_me,2,Song A,A,1,mix_271852ba8676,lead_me_du_e,mix_271852ba8676,lead_me_du_e,True,17,True,True,2026-08-08T19:14:30.579Z,Balanced,Balanced,50408,assets/audio/study-stimuli/main-study/group_01/song_a_lead_me/du_e.wav,0.0543773770332,19.2538223267,0.0430038608611,0.0436125770211,-1.0250576971995913,0.5199952869185839,-0.8666083508697964,0.9959336464039888
33,P001,a689ecac-cafb-4e64-8c0b-71d91a9ddaec,five_mix_frontend_v1_2026-08-06,five_mix_netlify_forms_v1,five_mix_frontend_v1_2026-08-06,completed,group_01,group_01,2026-08-08 19:40:21.487,2026-08-08 20:28:23.839,2026-08-08 20:28:25.709,2882.0,6,5,30,6,True,17,P001__trial_04,4,EDR-2,EDR-2,2,lead_me,group_01_song_a_lead_me,2,Song A,B,2,mix_d5b28dfc8a93,lead_me_pxl_l1,mix_d5b28dfc8a93,lead_me_pxl_l1,True,34,True,True,2026-08-08T19:14:36.261Z,Balanced,Balanced,50408,assets/audio/study-stimuli/main-study/group_01/song_a_lead_me/pxl_l1.wav,0.0591329820454,16.9195213318,0.0170932952315,-0.0129087874666,-0.0024436394808062,-0.3677713699084406,-1.2816942263900757,-0.1924460334762285
33,P001,a689ecac-cafb-4e64-8c0b-71d91a9ddaec,five_mix_frontend_v1_2026-08-06,five_mix_netlify_forms_v1,five_mix_frontend_v1_2026-08-06,completed,group_01,group_01,2026-08-08 19:40:21.487,2026-08-08 20:28:23.839,2026-08-08 20:28:25.709,2882.0,6,5,30,6,True,18,P001__trial_04,4,EDR-2,EDR-2,2,lead_me,group_01_song_a_lead_me,2,Song A,C,3,mix_d3e3580b6e30,lead_me_mcg_pro2,mix_d3e3580b6e30,lead_me_mcg_pro2,True,51,True,True,2026-08-08T19:14:42.121Z,Balanced,Balanced,50408,assets/audio/study-stimuli/main-study/group_01/song_a_lead_me/mcg_pro2.wav,0.0730051249266,20.1463222504,0.0392760001123,-0.00143597240094,2.9805308263561203,0.8594252384169624,-0.9263284806752846,0.048773555233824
33,P001,a689ecac-cafb-4e64-8c0b-71d91a9ddaec,five_mix_frontend_v1_2026-08-06,five_mix_netlify_forms_v1,five_mix_frontend_v1_2026-08-06,completed,group_01,group_01,2026-08-08 19:40:21.487,2026-08-08 20:28:23.839,2026-08-08 20:28:25.709,2882.0,6,5,30,6,True,19,P001__trial_04,4,EDR-2,EDR-2,2,lead_me,group_01_song_a_lead_me,2,Song A,D,4,mix_f1f7973e5bac,lead_me_du_d,mix_f1f7973e5bac,lead_me_du_d,True,25,True,True,2026-08-08T19:15:00.869Z,Balanced,Balanced,50408,assets/audio/study-stimuli/main-study/group_01/song_a_lead_me/du_d.wav,0.0625870004296,13.8143320084,0.117576912045,-0.0521329641342,0.7402857811167308,-1.548717422055362,0.3280479404435016,-1.017146833506479
33,P001,a689ecac-cafb-4e64-8c0b-71d91a9ddaec,five_mix_frontend_v1_2026-08-06,five_mix_netlify_forms_v1,five_mix_frontend_v1_2026-08-06,completed,group_01,group_01,2026-08-08 19:40:21.487,2026-08-08 20:28:23.839,2026-08-08 20:28:25.709,2882.0,6,5,30,6,True,20,P001__trial_04,4,EDR-2,EDR-2,2,lead_me,group_01_song_a_lead_me,2,Song A,E,5,mix_c7d9a071ba25,lead_me_pxl_l4,mix_c7d9a071ba25,lead_me_pxl_l4,True,77,True,True,2026-08-08T19:14:52.171Z,Balanced,Balanced,50408,assets/audio/study-stimuli/main-study/group_01/song_a_lead_me/pxl_l4.wav,0.0588876381516,15.6746520996,0.149041607976,0.109930999577,-0.0552007785055364,-0.8412121981784734,0.8321106863211235,2.390299590706203
33,P001,a689ecac-cafb-4e64-8c0b-71d91a9ddaec,five_mix_frontend_v1_2026-08-06,five_mix_netlify_forms_v1,five_mix_frontend_v1_2026-08-06,completed,group_01,group_01,2026-08-08 19:40:21.487,2026-08-08 20:28:23.839,2026-08-08 20:28:25.709,2882.0,6,5,30,6,True,21,P001__trial_05,5,EDR-1,EDR-1,3,lead_me,group_01_song_a_lead_me,1,Song A,A,1,mix_c7d9a071ba25,lead_me_pxl_l4,mix_c7d9a071ba25,lead_me_pxl_l4,True,39,True,True,2026-08-08T19:15:21.501Z,Prefer something to enjoy without paying to much attention to,Prefer something to enjoy without paying to much attention to,78724,assets/audio/study-stimuli/main-study/group_01/song_a_lead_me/pxl_l4.wav,0.0588876381516,15.6746520996,0.149041607976,0.109930999577,-0.0552007785055364,-0.8412121981784734,0.8321106863211235,2.390299590706203
33,P001,a689ecac-cafb-4e64-8c0b-71d91a9ddaec,five_mix_frontend_v1_2026-08-06,five_mix_netlify_forms_v1,five_mix_frontend_v1_2026-08-06,completed,group_01,group_01,2026-08-08 19:40:21.487,2026-08-08 20:28:23.839,2026-08-08 20:28:25.709,2882.0,6,5,30,6,True,22,P001__trial_05,5,EDR-1,EDR-1,3,lead_me,group_01_song_a_lead_me,1,Song A,B,2,mix_d3e3580b6e30,lead_me_mcg_pro2,mix_d3e3580b6e30,lead_me_mcg_pro2,True,24,True,True,2026-08-08T19:15:31.912Z,Prefer something to enjoy without paying to much attention to,Prefer something to enjoy without paying to much attention to,78724,assets/audio/study-stimuli/main-study/group_01/song_a_lead_me/mcg_pro2.wav,0.0730051249266,20.1463222504,0.0392760001123,-0.00143597240094,2.9805308263561203,0.8594252384169624,-0.9263284806752846,0.048773555233824
33,P001,a689ecac-cafb-4e64-8c0b-71d91a9ddaec,five_mix_frontend_v1_2026-08-06,five_mix_netlify_forms_v1,five_mix_frontend_v1_2026-08-06,completed,group_01,group_01,2026-08-08 19:40:21.487,2026-08-08 20:28:23.839,2026-08-08 20:28:25.709,2882.0,6,5,30,6,True,23,P001__trial_05,5,EDR-1,EDR-1,3,lead_me,group_01_song_a_lead_me,1,Song A,C,3,mix_f1f7973e5bac,lead_me_du_d,mix_f1f7973e5bac,lead_me_du_d,True,72,True,True,2026-08-08T19:15:46.293Z,Prefer something to enjoy without paying to much attention to,Prefer something to enjoy without paying to much attention to,78724,assets/audio/study-stimuli/main-study/group_01/song_a_lead_me/du_d.wav,0.0625870004296,13.8143320084,0.117576912045,-0.0521329641342,0.7402857811167308,-1.548717422055362,0.3280479404435016,-1.017146833506479
33,P001,a689ecac-cafb-4e64-8c0b-71d91a9ddaec,five_mix_frontend_v1_2026-08-06,five_mix_netlify_forms_v1,five_mix_frontend_v1_2026-08-06,completed,group_01,group_01,2026-08-08 19:40:21.487,2026-08-08 20:28:23.839,2026-08-08 20:28:25.709,2882.0,6,5,30,6,True,24,P001__trial_05,5,EDR-1,EDR-1,3,lead_me,group_01_song_a_lead_me,1,Song A,D,4,mix_d5b28dfc8a93,lead_me_pxl_l1,mix_d5b28dfc8a93,lead_me_pxl_l1,True,29,True,True,2026-08-08T19:16:00.211Z,Prefer something to enjoy without paying to much attention to,Prefer something to enjoy without paying to much attention to,78724,assets/audio/study-stimuli/main-study/group_01/song_a_lead_me/pxl_l1.wav,0.0591329820454,16.9195213318,0.0170932952315,-0.0129087874666,-0.0024436394808062,-0.3677713699084406,-1.2816942263900757,-0.1924460334762285
33,P001,a689ecac-cafb-4e64-8c0b-71d91a9ddaec,five_mix_frontend_v1_2026-08-06,five_mix_netlify_forms_v1,five_mix_frontend_v1_2026-08-06,completed,group_01,group_01,2026-08-08 19:40:21.487,2026-08-08 20:28:23.839,2026-08-08 20:28:25.709,2882.0,6,5,30,6,True,25,P001__trial_05,5,EDR-1,EDR-1,3,lead_me,group_01_song_a_lead_me,1,Song A,E,5,mix_271852ba8676,lead_me_du_e,mix_271852ba8676,lead_me_du_e,True,50,True,True,2026-08-08T19:16:05.085Z,Prefer something to enjoy without paying to much attention to,Prefer something to enjoy without paying to much attention to,78724,assets/audio/study-stimuli/main-study/group_01/song_a_lead_me/du_e.wav,0.0543773770332,19.2538223267,0.0430038608611,0.0436125770211,-1.0250576971995913,0.5199952869185839,-0.8666083508697964,0.9959336464039888
33,P001,a689ecac-cafb-4e64-8c0b-71d91a9ddaec,five_mix_frontend_v1_2026-08-06,five_mix_netlify_forms_v1,five_mix_frontend_v1_2026-08-06,completed,group_01,group_01,2026-08-08 19:40:21.487,2026-08-08 20:28:23.839,2026-08-08 20:28:25.709,2882.0,6,5,30,6,True,26,P001__trial_06,6,EDR-1,EDR-1,3,id_like_to_know,group_01_song_b_id_like_to_know,2,Song B,A,1,mix_82d60d7c7fc5,id_like_to_know_pxl_s5,mix_82d60d7c7fc5,id_like_to_know_pxl_s5,True,22,True,True,2026-08-08T19:26:13.651Z,Better transitions,Better transitions,631823,assets/audio/study-stimuli/main-study/group_01/song_b_id_like_to_know/pxl_s5.wav,0.0574779175222,17.4848575592,0.146866813302,0.0736307501793,-0.3583378408524605,-0.1527662554529231,0.7972705919658362,1.6270752922517937
33,P001,a689ecac-cafb-4e64-8c0b-71d91a9ddaec,five_mix_frontend_v1_2026-08-06,five_mix_netlify_forms_v1,five_mix_frontend_v1_2026-08-06,completed,group_01,group_01,2026-08-08 19:40:21.487,2026-08-08 20:28:23.839,2026-08-08 20:28:25.709,2882.0,6,5,30,6,True,27,P001__trial_06,6,EDR-1,EDR-1,3,id_like_to_know,group_01_song_b_id_like_to_know,2,Song B,B,2,mix_6f8b655d7999,id_like_to_know_pxl_s2,mix_6f8b655d7999,id_like_to_know_pxl_s2,True,50,True,True,2026-08-08T19:16:44.489Z,Better transitions,Better transitions,631823,assets/audio/study-stimuli/main-study/group_01/song_b_id_like_to_know/pxl_s2.wav,0.0616230294108,14.7642059326,0.049424380064,0.0224525164813,0.5329997864789321,-1.1874673519330532,-0.7637519766505488,0.5510366380169074
33,P001,a689ecac-cafb-4e64-8c0b-71d91a9ddaec,five_mix_frontend_v1_2026-08-06,five_mix_netlify_forms_v1,five_mix_frontend_v1_2026-08-06,completed,group_01,group_01,2026-08-08 19:40:21.487,2026-08-08 20:28:23.839,2026-08-08 20:28:25.709,2882.0,6,5,30,6,True,28,P001__trial_06,6,EDR-1,EDR-1,3,id_like_to_know,group_01_song_b_id_like_to_know,2,Song B,C,3,mix_65f41f41d3ab,id_like_to_know_pxl_s3,mix_65f41f41d3ab,id_like_to_know_pxl_s3,True,39,True,True,2026-08-08T19:16:35.943Z,Better transitions,Better transitions,631823,assets/audio/study-stimuli/main-study/group_01/song_b_id_like_to_know/pxl_s3.wav,0.0606486909091,15.0860643387,0.0243665315211,-0.00842856336385,0.3234844364321996,-1.065060189455143,-1.1651773700507613,-0.0982478955990668
33,P001,a689ecac-cafb-4e64-8c0b-71d91a9ddaec,five_mix_frontend_v1_2026-08-06,five_mix_netlify_forms_v1,five_mix_frontend_v1_2026-08-06,completed,group_01,group_01,2026-08-08 19:40:21.487,2026-08-08 20:28:23.839,2026-08-08 20:28:25.709,2882.0,6,5,30,6,True,29,P001__trial_06,6,EDR-1,EDR-1,3,id_like_to_know,group_01_song_b_id_like_to_know,2,Song B,D,4,mix_9ffcd672af17,id_like_to_know_pxl_s1,mix_9ffcd672af17,id_like_to_know_pxl_s1,True,75,True,True,2026-08-08T19:25:58.269Z,Better transitions,Better transitions,631823,assets/audio/study-stimuli/main-study/group_01/song_b_id_like_to_know/pxl_s1.wav,0.0565126091242,16.3633155823,0.0668171644211,0.0607972890139,-0.5659114167269081,-0.579304038497624,-0.4851205015292653,1.357247686182373
33,P001,a689ecac-cafb-4e64-8c0b-71d91a9ddaec,five_mix_frontend_v1_2026-08-06,five_mix_netlify_forms_v1,five_mix_frontend_v1_2026-08-06,completed,group_01,group_01,2026-08-08 19:40:21.487,2026-08-08 20:28:23.839,2026-08-08 20:28:25.709,2882.0,6,5,30,6,True,30,P001__trial_06,6,EDR-1,EDR-1,3,id_like_to_know,group_01_song_b_id_like_to_know,2,Song B,E,5,mix_b393d3919c78,id_like_to_know_pxl_s7,mix_b393d3919c78,id_like_to_know_pxl_s7,True,67,True,True,2026-08-08T19:26:03.123Z,Better transitions,Better transitions,631823,assets/audio/study-stimuli/main-study/group_01/song_b_id_like_to_know/pxl_s7.wav,0.0551121532917,16.2593574524,0.0769432634115,-0.0537673681974,-0.867056238017743,-0.6188407399054331,-0.3229009373128245,-1.0515106991885117
