mix,source_file,reference_mix,start_seconds,end_seconds,candidate_source_start_seconds,duration_seconds,alignment_offset_ms,alignment_confidence,is_current_nonmatch,is_perceptual_note_mix,is_main_study_mix,excluded,exclusion_reasons,stereo_width_diff_db,mono_corr,null_diff_db_rel,raw_level_delta_db,true_peak_ref_dbfs,true_peak_cand_dbfs,rms_mean,crest_factor_mean,stereo_width,stereo_imbalance,side_mid_db,bark_mid_01,bark_side_01,bark_mid_02,bark_side_02,bark_mid_03,bark_side_03,bark_mid_04,bark_side_04,bark_mid_05,bark_side_05,bark_mid_06,bark_side_06,bark_mid_07,bark_side_07,bark_mid_08,bark_side_08,bark_mid_09,bark_side_09,bark_mid_10,bark_side_10,bark_mid_11,bark_side_11,bark_mid_12,bark_side_12,bark_mid_13,bark_side_13,bark_mid_14,bark_side_14,bark_mid_15,bark_side_15,bark_mid_16,bark_side_16,bark_mid_17,bark_side_17,bark_mid_18,bark_side_18,bark_mid_19,bark_side_19,bark_mid_20,bark_side_20,bark_mid_21,bark_side_21,bark_mid_22,bark_side_22,bark_mid_23,bark_side_23,bark_mid_24,bark_side_24,standardised_full_distance,scalar_distance,bark_distance,distance_band,recommendation_score_lower_better,shortlisted,recommended
DU-I,C:\Users\oscar\OneDrive\Public share - Mix Eval Dataset\MixEvaluation\audio\InTheMeantime\DU-I.mp3,DU-H,10,16,10,6,0,0.5350754071,false,true,false,false,,5.71050922,0.5385191926,-1.487431199,-1.745432714e-13,-6.303614293,-0.8484883951,0.04969459027,25.22532909,0.08940494806,-0.08696118742,-10.48638488,6.069396375,3.558834027,5.949562912,4.564660074,5.576048243,4.353771484,5.530454269,4.458929831,5.281237326,4.161532291,4.769734299,3.755379614,4.589006982,3.720939932,4.352204616,3.74760053,4.446441,4.181825604,4.5684673,3.84263608,4.63328959,4.015478913,4.582684785,3.891874464,4.904239454,4.224440815,4.997911613,4.122129446,5.03509725,4.34285759,5.146052281,4.290966535,5.517441152,4.569572535,5.713793871,4.643582586,6.1290403,4.961594523,6.253679518,4.839352638,6.406818343,5.181738084,6.522471274,5.571809343,6.561797967,5.735962322,5.142450259,4.344310592,1.61362887,1.095418595,1.184844391,too_far,2.799082354,false,false
DU-J,C:\Users\oscar\OneDrive\Public share - Mix Eval Dataset\MixEvaluation\audio\InTheMeantime\DU-J.mp3,DU-H,10,16,9.998,6,-2,0.188704674,true,false,false,true,poor_global_alignment_confidence;extreme_stereo_width_difference;extreme_stereo_imbalance,9.735701016,0.1437341615,-0.09066244473,-1.745432714e-13,-6.303614293,-5.498644568,0.04969459027,20.57517301,0.2258814871,0.6061226726,-6.46119308,5.990567177,5.072936357,5.981535293,5.289057532,5.749526474,5.072719988,5.588139034,4.756655225,5.278932885,4.448923238,4.950151077,4.186543352,4.934813455,4.21071334,4.730285168,4.093378954,4.744800552,4.382324556,4.776276989,4.115414284,4.862790502,4.227091707,4.738824788,4.057059174,4.897442695,4.299476615,4.894030366,4.178078682,4.740788609,4.165817646,4.73748761,4.109001917,5.015429747,4.339778985,5.150674443,4.481994108,5.4546626,4.801529666,5.542551406,4.850025764,5.637023412,4.980257258,5.508964137,5.002401099,5.333865013,4.956112506,3.680207577,3.316787054,1.764827519,1.353073983,1.133052059,excluded,9999,false,false
DU-K,C:\Users\oscar\OneDrive\Public share - Mix Eval Dataset\MixEvaluation\audio\InTheMeantime\DU-K.mp3,DU-H,10,16,10.004,6,4,0.2325206703,false,false,true,true,extreme_stereo_width_difference,8.451355693,0.2382902266,-0.2538801023,-6.511266136e-07,-6.303614293,-2.577904741,0.04969458655,23.49591386,0.1680529565,0.01630482823,-7.745538403,5.825656373,4.887853402,5.764109994,4.815777864,5.647535811,4.105485889,5.292779733,3.840411163,4.818045974,3.316001221,4.495947371,2.688305284,4.428272346,2.843630257,4.208155868,3.165216359,4.529080948,2.645410827,4.202749274,3.011569733,4.278869944,3.220337754,4.086785198,2.845759628,4.439806132,3.011628673,4.32286062,3.32665047,4.49392622,3.318941629,4.495645109,3.588405754,4.791485611,3.922804272,4.883444628,3.87038724,5.164065169,4.065336669,5.180780646,3.694509194,5.152236905,3.71449901,4.867313752,3.341850395,4.429664794,1.963763871,2.68593458,-0.6026304229,1.370015799,1.179880774,0.6962935072,excluded,9999,false,false
DU-L,C:\Users\oscar\OneDrive\Public share - Mix Eval Dataset\MixEvaluation\audio\InTheMeantime\DU-L.mp3,DU-H,10,16,10,6,0,0.6474959252,false,true,false,false,,-0.6828964123,0.681470143,-2.711603794,-6.511266136e-07,-6.303614293,-5.687793393,0.04969458655,20.38602509,0.02051261254,-0.01426153257,-16.87979051,6.064976505,1.181105538,5.634388936,2.084955965,5.46035847,2.61775104,5.431936211,2.839249665,5.169487639,2.86075582,4.791262974,2.820779579,4.757205446,2.80423657,4.598582959,2.921939907,4.786727099,3.423161989,4.880272401,3.063130925,4.945545942,3.347154456,4.841815634,3.177893435,5.112413233,3.697289727,5.162861811,3.555282713,5.137586795,3.880849912,5.200089357,3.827985071,5.494812288,4.038098524,5.66298815,4.154089513,6.046666432,4.612116896,6.140889954,4.507033667,6.355431044,4.941612542,6.543949984,5.343204464,6.633287891,5.645985826,5.229132204,4.158402716,1.140087801,0.1158194899,1.134189596,too_far,0.5658768017,false,false
DU-M,C:\Users\oscar\OneDrive\Public share - Mix Eval Dataset\MixEvaluation\audio\InTheMeantime\DU-M.mp3,DU-H,10,16,10,6,0,0.4214250155,true,false,false,false,,4.255567422,0.4446716457,-0.9568096796,-6.511266136e-07,-6.303614293,-6.560784455,0.04969458655,19.51303435,0.063953951,-0.007017062511,-11.94132667,6.172179805,2.666492254,6.0127871,4.004833685,5.69325377,4.09781733,5.587481764,3.917971706,5.252492254,3.659486315,4.877590226,3.511752372,4.818691849,3.604055608,4.60607405,3.661723155,4.618456231,4.133126576,4.714313301,3.648342973,4.845085185,3.779031659,4.660934253,3.520121573,4.794966238,3.832767387,4.813724427,3.576602364,4.699923192,3.855465856,4.705511204,3.699941541,5.046979597,3.844146955,5.233725842,3.937721904,5.566928366,4.255841391,5.631981299,4.164508688,5.819710692,4.258492303,5.994723797,4.465969374,6.045505387,4.4634366,4.607628864,2.606702315,0.8036076008,0.2703259594,0.7567754302,close_to_moderate,1.849065741,false,false
DU-N,C:\Users\oscar\OneDrive\Public share - Mix Eval Dataset\MixEvaluation\audio\InTheMeantime\DU-N.mp3,DU-H,10,16,10,6,0,0.6569947399,false,true,true,false,,-2.38004758,0.6515861633,-2.400031827,-1.745432714e-13,-6.303614293,-8.417636943,0.04969459027,17.65618055,0.01387732755,-0.01385795977,-18.57694168,6.244436886,2.115328107,6.134063138,3.632281772,5.543272216,3.956368002,4.953695841,3.832485871,4.784260637,3.322822347,4.832809045,3.057383193,4.756843125,3.140836702,4.32958674,3.073911906,4.534191421,3.145791243,4.730793611,3.118668673,4.561081457,3.155707842,4.515573667,3.104997193,4.585561677,3.422125866,4.617773312,3.257713118,4.635068217,3.016994976,4.760203642,2.940444208,5.016217368,3.086682642,5.119193387,3.178244082,5.555226941,3.312107408,5.669272965,3.18574172,5.977399682,3.119223959,6.276327402,2.427046159,6.345497856,1.409258053,4.939668422,-0.7949904839,0.9234620925,0.3952849054,0.8345849746,close_to_moderate,1.193254002,false,false
PXL-S6,C:\Users\oscar\OneDrive\Public share - Mix Eval Dataset\MixEvaluation\audio\InTheMeantime\PXL-S6.mp3,DU-H,10,16,9.999,6,-1,0.3458613705,false,false,false,false,,0.85795006,0.3798652783,-0.6767717443,-1.745432714e-13,-6.303614293,-7.266144362,0.04969459027,18.80767352,0.02924863435,-0.006185508799,-15.33894404,6.308900222,3.089832034,5.904025339,4.223341499,5.461191977,4.058991678,5.28795892,3.971977078,5.015007174,3.747261864,4.610451532,3.480683276,4.487477265,3.360634655,4.283035781,3.049094741,4.461621809,3.400536488,4.410806869,3.342795701,4.465802612,3.516220135,4.341345871,3.328813341,4.5996273,3.446395863,4.636410449,3.515056453,4.67649975,3.687573184,4.771020404,3.632503694,5.191085663,4.021338429,5.390750422,4.32153616,5.699410674,4.702951027,5.709484504,4.60655976,5.731697281,4.842340441,5.705291583,5.185211514,5.69529796,5.299423048,4.19846468,3.804647902,0.6100318992,0.1807420564,0.5826415941,too_close,9999,false,false
UCP-A1,C:\Users\oscar\OneDrive\Public share - Mix Eval Dataset\MixEvaluation\audio\InTheMeantime\UCP-A1.mp3,DU-H,10,16,9.999,6,-1,0.3683306341,false,false,false,false,,-0.3899679209,0.4375854939,-0.9230945244,-1.745432714e-13,-6.303614293,-5.486650968,0.04969459027,20.58716676,0.02194389887,-0.0009238547063,-16.58686202,6.262696847,2.664880052,6.126152462,3.614364661,5.73891391,3.492809603,5.706224707,3.507472089,5.132962908,3.361049026,4.644934718,3.204903401,4.607069893,3.12039811,4.460849213,3.090601729,4.520760203,3.386245661,4.539622892,3.441944893,4.72389536,3.74655668,4.655342214,3.428016595,4.812092169,3.565574178,4.805962508,3.718619026,4.794976032,3.928775761,4.740892825,3.776758823,5.05901379,4.082077639,5.263139815,4.361124155,5.530057181,4.670636643,5.566026136,4.503056527,5.67734297,4.752961021,5.789245223,5.055276761,5.892640515,5.161546626,4.458019873,3.661092032,0.7267242685,0.1511410392,0.7108336997,close_to_moderate,0.2229892474,true,false
UCP-A2,C:\Users\oscar\OneDrive\Public share - Mix Eval Dataset\MixEvaluation\audio\InTheMeantime\UCP-A2.mp3,DU-H,10,16,9.999,6,-1,0.3280724438,false,false,false,false,,0.8739145889,0.4131590408,-0.8128844477,-1.745432714e-13,-6.303614293,-4.597301406,0.04969459027,21.47651654,0.02935634553,0.004172855522,-15.32297951,6.208070699,2.375747965,5.995922871,3.682211061,5.705518479,3.65605843,5.646450596,3.616997775,5.18531899,3.545955988,4.784190934,3.431636388,4.691961154,3.357958527,4.496715002,3.276167186,4.698118309,3.570682803,4.741375221,3.630344714,4.857159612,3.918392413,4.799268151,3.616333256,4.974479977,3.738633119,4.95367294,3.837534532,4.906614559,4.065031098,4.870853356,3.96219707,5.171725331,4.221736708,5.405633256,4.499012463,5.687033924,4.807272843,5.729468845,4.641630602,5.799296272,4.914511487,5.871825996,5.195393189,5.944898809,5.33659841,4.450001808,3.864666779,0.9208206026,0.3163824422,0.8647616622,close_to_moderate,0.4134659651,false,false
McG-A,C:\Users\oscar\OneDrive\Public share - Mix Eval Dataset\MixEvaluation\audio\InTheMeantime\McG-A.mp3,DU-H,10,16,10.022,6,22,0.2330510863,false,false,false,false,,-0.5314218196,0.2706340061,-0.330339155,-6.511266136e-07,-6.303614293,-9.530507091,0.04969458655,16.54331151,0.02124067955,0.0133663835,-16.72831592,6.276329835,3.244280287,5.783494607,3.932440046,5.515660076,3.825895273,5.358165572,3.69696329,4.998101715,3.703089936,4.74516725,3.494560131,4.798530788,3.577432788,4.574286629,3.262980171,4.795471371,3.579585049,4.769367881,3.458347982,4.93948313,3.611535917,4.792802908,3.473722441,4.957705319,3.615510607,4.931165969,3.551379128,4.775978198,3.456285308,4.684499722,3.364698871,5.00473048,3.570697561,5.154845029,3.813306575,5.398224684,4.02505965,5.414401093,4.029712056,5.428272987,4.193906227,5.332071322,4.336103857,5.342614196,4.497479742,4.651966933,3.95959578,0.8874394285,0.5948013893,0.6586046208,close_to_moderate,0.2667685175,false,false
McG-C,C:\Users\oscar\OneDrive\Public share - Mix Eval Dataset\MixEvaluation\audio\InTheMeantime\McG-C.mp3,DU-H,10,16,10.022,6,22,0.2738106804,false,false,false,false,,2.045707064,0.3121973402,-0.4453697261,-6.511266136e-07,-6.303614293,-7.802130734,0.04969458655,18.27168738,0.03844866902,-0.01357017085,-14.15118703,6.278562767,2.463025261,5.923759972,4.085185946,5.488123161,4.049177477,5.167734993,3.47530803,4.861323514,3.302409375,4.570781525,2.957357742,4.523033604,3.051337607,4.272479382,2.923871238,4.469475604,3.273097869,4.49985101,2.951222408,4.60570455,3.210278705,4.552791978,3.058417624,4.734498804,3.326564205,4.729996976,3.212698245,4.622125724,3.435160804,4.516522433,3.359120098,4.796445994,3.548110582,5.031007468,3.72138305,5.465667473,3.992848015,5.604971053,4.132258517,5.694900559,4.388705029,5.576224377,4.719019307,5.558978221,4.975215453,4.807181563,4.391215667,0.5692225986,0.2923710996,0.4883989218,too_close,9999,false,false
McG-H,C:\Users\oscar\OneDrive\Public share - Mix Eval Dataset\MixEvaluation\audio\InTheMeantime\McG-H.mp3,DU-H,10,16,10.022,6,22,0.2619281979,false,false,false,false,,0.1806063123,0.297306131,-0.401912554,-1.745432714e-13,-6.303614293,-3.726946969,0.04969459027,22.34687092,0.0250248313,-0.02650607005,-16.01628778,6.20862908,3.183138728,5.974553952,3.881077169,5.53587389,3.729974663,5.31556536,3.48440694,5.081519348,3.401459024,4.704650826,3.210263051,4.650727807,3.188336647,4.573519901,3.012113697,4.68288559,3.379155461,4.660182452,3.354174875,4.745928095,3.569697003,4.677687807,3.41422253,4.872725574,3.540991888,4.916202235,3.552576079,4.894293249,3.764312914,4.905329156,3.703335713,5.302129406,4.005482065,5.53040202,4.277590478,5.933006779,4.642915679,6.034004954,4.707571999,6.147862816,5.039044338,6.162578383,5.44280141,6.238823227,5.775401254,5.646864606,5.125365465,0.9586396337,0.4747686498,0.8328173127,too_far,0.2086270994,true,false
DU-I,C:\Users\oscar\OneDrive\Public share - Mix Eval Dataset\MixEvaluation\audio\InTheMeantime\DU-I.mp3,DU-H,14,20,14,6,0,0.5350754071,false,true,false,false,,5.628046445,0.5405039818,-1.500553413,-1.3403231e-06,-6.241330467,-0.8862427279,0.04828307778,25.43785834,0.0930397585,-0.08593214303,-10.31331394,6.102845556,3.54752736,5.87477596,4.495610183,5.449601921,4.331142653,5.40142328,4.321964244,5.30690077,4.119538329,4.761971221,3.736058749,4.449623,3.696356056,4.319987602,3.748063859,4.508985196,4.122594971,4.674317988,3.977375571,4.641112647,3.976344003,4.466700109,3.793005996,4.726122903,4.124312346,4.899647226,4.045166461,5.088806833,4.278033217,5.148606336,4.304117957,5.452185099,4.617117904,5.558440066,4.6876699,5.960255237,4.994916354,6.001537894,4.836334221,6.287367457,5.267772415,6.465382294,5.637202402,6.581346365,5.850018041,5.201002013,4.495767451,1.577389064,1.084481966,1.145449749,too_far,2.733980577,false,false
DU-J,C:\Users\oscar\OneDrive\Public share - Mix Eval Dataset\MixEvaluation\audio\InTheMeantime\DU-J.mp3,DU-H,14,20,13.998,6,-2,0.188704674,true,false,false,true,poor_global_alignment_confidence;extreme_stereo_width_difference;extreme_stereo_imbalance,9.467486414,0.1362297979,-0.081355024,6.701612024e-07,-6.241330467,-4.741395219,0.04828308895,21.58270402,0.2252229303,0.6100821495,-6.473873976,6.01156543,5.096062978,5.934894709,5.230313623,5.608175794,4.964044031,5.2568854,4.504332953,5.162241682,4.334902798,4.9102622,4.16416843,4.426569683,3.971862529,4.475914113,3.968123907,4.754154099,4.372757475,4.925863235,4.260101902,4.889019094,4.238422557,4.601582073,3.960471818,4.656595493,4.157558395,4.81988016,4.127759315,4.923530697,4.234616262,4.795483419,4.166759036,5.069337377,4.418754068,5.059371996,4.452084222,5.311927196,4.742431069,5.266950378,4.71486863,5.473441626,4.906371363,5.355207253,4.95769552,5.262314485,4.935543551,3.655455826,3.320726558,1.7338523,1.359230366,1.076446289,excluded,9999,false,false
DU-K,C:\Users\oscar\OneDrive\Public share - Mix Eval Dataset\MixEvaluation\audio\InTheMeantime\DU-K.mp3,DU-H,14,20,14.004,6,4,0.2325206703,false,false,true,true,extreme_stereo_width_difference,8.516701153,0.255298281,-0.2927054632,-1.793649088e-13,-6.241330467,-2.030070807,0.04828308523,24.29402858,0.1809397936,0.02374566346,-7.424659237,5.849470913,4.943715056,5.689955742,4.852958558,5.573064904,4.155711222,5.136829596,3.884148017,4.744051888,3.364786463,4.496419366,2.76265679,4.346950501,2.919212722,4.161406028,3.205950041,4.476493694,2.720800615,4.330519872,3.035920365,4.276504343,3.271141958,3.974795224,2.882746593,4.286156566,3.0830338,4.222126247,3.377153113,4.52324147,3.368758543,4.606076861,3.647142806,4.861128956,3.962624898,4.833755196,3.944687933,5.073778234,4.127402278,4.920684418,3.760569983,4.963037235,3.760582014,4.644366898,3.377506405,4.256546398,2.001219491,2.642879623,-0.596662842,1.506851059,1.294182726,0.7718103305,excluded,9999,false,false
DU-L,C:\Users\oscar\OneDrive\Public share - Mix Eval Dataset\MixEvaluation\audio\InTheMeantime\DU-L.mp3,DU-H,14,20,14,6,0,0.6474959252,false,true,false,false,,-0.5657483724,0.6815105081,-2.712047811,6.701612024e-07,-6.241330467,-5.337101545,0.04828308895,20.98699732,0.02235059813,-0.01283493824,-16.50710876,6.077378261,1.171853264,5.551953667,1.923202535,5.296294116,2.533276298,5.162143453,2.715368133,5.105444168,2.845873406,4.720273782,2.824607006,4.358691655,2.790062249,4.418796635,2.882109565,4.791462782,3.290585035,5.002310148,3.1000674,4.943905822,3.269414749,4.719945666,3.081355364,4.914008579,3.568268289,5.08369739,3.502018856,5.264176528,3.766859945,5.241385609,3.82778447,5.497138235,4.091731703,5.562263713,4.259776793,5.952000947,4.711052873,5.999381924,4.690153452,6.333754089,5.075495449,6.55123115,5.465956733,6.657986735,5.782148895,5.25814498,4.27985799,1.119718662,0.1678764439,1.107062501,too_far,0.5045058489,false,false
DU-M,C:\Users\oscar\OneDrive\Public share - Mix Eval Dataset\MixEvaluation\audio\InTheMeantime\DU-M.mp3,DU-H,14,20,14,6,0,0.4214250155,true,false,false,false,,3.295820597,0.4292324555,-0.8843773582,-1.793649088e-13,-6.241330467,-7.263056194,0.04828308523,19.06104392,0.05438085645,-0.00371699105,-12.64553979,6.161301134,2.568323375,5.932720611,3.78283655,5.541461431,4.011446627,5.335069741,3.741047852,5.184172449,3.545125335,4.882983912,3.425450437,4.40233,3.551859241,4.497018571,3.591892838,4.677553478,3.996406971,4.907923287,3.688355825,4.969845657,3.709494563,4.569253693,3.407432984,4.587810642,3.698270775,4.765011095,3.457602061,4.953493181,3.710629101,4.806413072,3.688189143,5.153116399,3.843952985,5.225190723,3.974108589,5.581445265,4.298175412,5.562648363,4.232751379,5.850596516,4.333374936,5.973173072,4.497669909,6.041266232,4.492544211,4.609217371,2.613255379,0.8121358921,0.2693641116,0.7661642661,close_to_moderate,1.50462606,false,false
DU-N,C:\Users\oscar\OneDrive\Public share - Mix Eval Dataset\MixEvaluation\audio\InTheMeantime\DU-N.mp3,DU-H,14,20,14,6,0,0.6569947399,false,true,true,false,,-3.191974529,0.6638723717,-2.523755809,-6.701616138e-07,-6.241330467,-8.658322552,0.0482830815,17.66577804,0.01220861915,-0.01140899491,-19.13333492,6.280314334,1.954872455,6.085165713,3.478568979,5.48303464,3.78716548,4.815764919,3.553251414,4.709611345,3.145627423,4.794638463,2.924776104,4.59899606,2.780624727,4.290090833,2.77978518,4.561680946,3.045300577,4.854528005,3.184326178,4.545681461,3.072169156,4.39813491,2.861614919,4.496895165,3.065981374,4.621164748,2.989818269,4.68977796,2.981413819,4.78648939,2.961075294,5.084898847,3.072765883,5.10874972,2.928303054,5.562570756,2.982123073,5.61908372,2.581650477,5.977030079,2.588127793,6.277083828,1.718296259,6.342178706,0.9019106166,4.94031896,-1.03041402,1.126441422,0.4539688046,1.030913479,too_far,1.680407764,false,false
PXL-S6,C:\Users\oscar\OneDrive\Public share - Mix Eval Dataset\MixEvaluation\audio\InTheMeantime\PXL-S6.mp3,DU-H,14,20,13.999,6,-1,0.3458613705,false,false,false,false,,0.7832758104,0.3814715144,-0.6829825141,1.340322534e-06,-6.241330467,-7.599102994,0.04828309268,18.72499573,0.03049239516,-0.006939707324,-15.15808458,6.321730872,3.133782032,5.829515046,4.1165577,5.300862205,3.970403522,5.0796749,3.828514637,4.931502114,3.748331837,4.604177035,3.48828549,4.226469651,3.294793829,4.197822654,3.089535855,4.45494467,3.418824246,4.525153784,3.461703139,4.492232269,3.577557675,4.222488128,3.337356203,4.400381325,3.444434517,4.547843428,3.588868715,4.819365827,3.809403579,4.800936297,3.700536108,5.209440977,4.069812614,5.290839082,4.349688897,5.606023256,4.719617912,5.531257483,4.627824777,5.674750133,4.876544447,5.647215372,5.165600807,5.674480016,5.301295078,4.20582363,3.83156022,0.6315261941,0.2523898398,0.5788995617,too_close,9999,false,false
UCP-A1,C:\Users\oscar\OneDrive\Public share - Mix Eval Dataset\MixEvaluation\audio\InTheMeantime\UCP-A1.mp3,DU-H,14,20,13.999,6,-1,0.3683306341,false,false,false,false,,-0.1989891626,0.4380141629,-0.9251048902,-1.793649088e-13,-6.241330467,-5.597337978,0.04828308523,20.72676161,0.02432008088,-0.0007502491935,-16.14034955,6.263721366,2.780639256,6.073272077,3.548955043,5.600439316,3.447936837,5.544906025,3.427980108,5.049636597,3.437793561,4.567396364,3.250542797,4.281732607,3.1454597,4.30677579,3.189573333,4.505372932,3.432552639,4.699723495,3.537342661,4.75955404,3.765152287,4.470324377,3.493957652,4.614459776,3.658042646,4.740145934,3.806693258,4.916333819,3.999721328,4.816671365,3.872051626,5.182002968,4.187830314,5.195091728,4.470723191,5.47218961,4.748969725,5.42457868,4.607930686,5.676669941,4.856431396,5.778871122,5.11926337,5.946436706,5.21174537,4.532616057,3.735335567,0.7333157518,0.1188908148,0.7236138238,close_to_moderate,0.1495551987,false,false
UCP-A2,C:\Users\oscar\OneDrive\Public share - Mix Eval Dataset\MixEvaluation\audio\InTheMeantime\UCP-A2.mp3,DU-H,14,20,13.999,6,-1,0.3280724438,false,false,false,false,,1.063254388,0.4163762943,-0.8268818786,-6.701616138e-07,-6.241330467,-4.379331912,0.0482830815,21.94476826,0.03252290934,0.008866165765,-14.878106,6.214936384,2.568017842,5.916835997,3.614234546,5.537018257,3.563721529,5.448418434,3.521466277,5.093938157,3.619626917,4.720350356,3.498290753,4.309647214,3.36005115,4.308676348,3.376668546,4.687308507,3.620363177,4.880692134,3.743918843,4.885938009,3.965017069,4.618026344,3.690162796,4.762864959,3.818586765,4.868646814,3.960831358,5.055232527,4.14627152,4.96377091,4.013636953,5.291545168,4.308687281,5.332752134,4.626750565,5.623903341,4.895082625,5.566332553,4.722702616,5.7707282,4.991871444,5.837158058,5.21880526,5.97761538,5.368380913,4.528464035,3.908181056,0.9319768686,0.3462626932,0.8652647172,too_far,0.4908911608,false,false
McG-A,C:\Users\oscar\OneDrive\Public share - Mix Eval Dataset\MixEvaluation\audio\InTheMeantime\McG-A.mp3,DU-H,14,20,14.022,6,22,0.2330510863,false,false,false,false,,-0.6885125188,0.2893586899,-0.3797579876,-6.701616138e-07,-6.241330467,-9.157989882,0.0482830815,17.16611081,0.02172764763,0.002816231921,-16.62987291,6.275681691,3.25844542,5.662504154,3.799773945,5.278019136,3.644378874,5.065820375,3.546377925,4.875328142,3.709497609,4.690705256,3.441180751,4.366491213,3.388974234,4.355344703,3.213704535,4.749590357,3.617578722,4.86270482,3.644188226,4.926143273,3.673479333,4.587266058,3.341887376,4.639318724,3.445460201,4.734218929,3.484242231,4.903122653,3.567083864,4.700566875,3.372161302,4.977419356,3.523589984,4.944121677,3.687690395,5.180639236,3.940377831,5.122759651,3.91884638,5.307998602,4.155473213,5.245770762,4.288387929,5.315238738,4.468833056,4.711878221,3.941694001,0.8073562048,0.5379344059,0.6020387166,close_to_moderate,0.2468479204,true,false
McG-C,C:\Users\oscar\OneDrive\Public share - Mix Eval Dataset\MixEvaluation\audio\InTheMeantime\McG-C.mp3,DU-H,14,20,14.022,6,22,0.2738106804,false,false,false,false,,4.359207684,0.3414441306,-0.5383468789,-6.701616138e-07,-6.241330467,-6.321850966,0.0482830815,20.00224951,0.06946798414,-0.004339203238,-11.58215271,6.299722484,2.676749348,5.866818967,4.037918572,5.249138152,4.216005171,4.813798636,3.568178176,4.679982516,3.707434017,4.392473235,3.647939226,4.134007128,3.211296315,4.047360907,3.188655312,4.411484175,3.652560746,4.491170687,3.594078653,4.448337679,3.82215978,4.272423167,3.568687745,4.397504213,3.6636352,4.50296278,3.826862811,4.606591434,4.018833185,4.469308181,3.789346085,4.629473283,4.116332113,4.696952235,4.22082322,5.06824856,4.484771505,5.056687043,4.497560859,5.286698766,4.748449565,5.310413164,4.780506189,5.397697478,4.98251489,4.822412175,4.420807582,0.5737881838,0.2935592845,0.4930069232,too_close,9999,false,false
McG-H,C:\Users\oscar\OneDrive\Public share - Mix Eval Dataset\MixEvaluation\audio\InTheMeantime\McG-H.mp3,DU-H,14,20,14.022,6,22,0.2619281979,false,false,false,false,,0.3820496203,0.3241999379,-0.4822805161,-6.701616138e-07,-6.241330467,-3.799011743,0.0482830815,22.52508861,0.0278015472,-0.01289386582,-15.55931077,6.170188285,3.334465201,5.929295557,3.845710433,5.386560345,3.675088212,5.076664158,3.421989887,5.040909848,3.507398804,4.719043593,3.348749075,4.388207582,3.212118413,4.435870984,3.109604044,4.692397993,3.466105914,4.797519997,3.532735513,4.763609061,3.62771065,4.549448131,3.40052437,4.66818058,3.554745638,4.865644414,3.646836636,5.066517857,3.847659095,5.00121301,3.752684895,5.359036848,4.036384146,5.449794305,4.313186477,5.844488372,4.653162595,5.824369047,4.711750294,6.05504213,5.048162901,6.058945838,5.424072818,6.172390484,5.756706608,5.631430833,5.097703834,0.9407602427,0.450238309,0.8260237885,too_far,0.2612528662,false,false
DU-I,C:\Users\oscar\OneDrive\Public share - Mix Eval Dataset\MixEvaluation\audio\InTheMeantime\DU-I.mp3,DU-H,18,24,18,6,0,0.5350754071,false,true,false,false,,5.32413083,0.5440143513,-1.523973309,-1.600783594e-13,-6.241330467,-0.8908977148,0.05410442874,24.44444549,0.09639922529,-0.09003137052,-10.15926442,6.235073708,3.740329723,5.95080186,4.635848579,5.567794719,4.445762485,5.379561069,4.443662398,5.412821619,4.258186556,4.994585935,3.985560207,4.570887869,3.878617607,4.677065935,3.966256419,4.672188979,4.196076791,4.903998867,4.075088498,4.934346267,4.192382793,4.80079089,4.073148067,4.974792627,4.299098086,5.152294511,4.268048285,5.260369246,4.480895192,5.403094585,4.573654109,5.969283308,5.002053404,6.026763575,5.08333258,6.377317232,5.36162845,6.53128129,5.295599821,6.674184505,5.59831677,6.707957787,5.880293969,6.655493823,5.946887131,5.195094648,4.517709007,1.518153393,1.085167552,1.061697278,too_far,2.56837444,false,false
DU-J,C:\Users\oscar\OneDrive\Public share - Mix Eval Dataset\MixEvaluation\audio\InTheMeantime\DU-J.mp3,DU-H,18,24,17.998,6,-2,0.188704674,true,false,false,true,poor_global_alignment_confidence;extreme_stereo_width_difference;extreme_stereo_imbalance,8.799522303,0.1518985001,-0.1013781891,-5.980558515e-07,-6.241330467,-4.878786202,0.05410442501,20.45655833,0.2145915627,0.5968024731,-6.683872947,6.056211477,5.169630847,6.010926799,5.30976392,5.859977259,5.135204319,4.984059957,4.527703739,5.416358681,4.571922463,5.414254347,4.587051629,4.63926219,4.198138699,5.059104887,4.392309751,4.962046942,4.495993033,5.270781324,4.496761631,5.277652082,4.536438199,4.993458336,4.294480665,4.964477063,4.36249616,5.107665389,4.356159203,5.117561409,4.430133189,5.037221177,4.410676063,5.571692602,4.834614102,5.510779594,4.850449862,5.817019942,5.154733309,5.920282675,5.243380275,5.964516471,5.320937804,5.698666058,5.228755076,5.438613092,5.114874779,3.706588888,3.409141379,1.65693359,1.266283285,1.068623209,excluded,9999,false,false
DU-K,C:\Users\oscar\OneDrive\Public share - Mix Eval Dataset\MixEvaluation\audio\InTheMeantime\DU-K.mp3,DU-H,18,24,18.004,6,4,0.2325206703,false,false,true,true,extreme_stereo_width_difference,8.120401977,0.2695850126,-0.3276844675,-1.600783594e-13,-6.241330467,-1.90970957,0.05410442874,23.42563433,0.1835272908,0.02191386744,-7.362993273,6.027096316,5.133418338,5.887236363,5.060032624,5.773706646,4.342763788,5.230295901,4.052227623,5.013080362,3.581290269,4.799771853,2.982141743,4.496929649,3.13492378,4.447140268,3.421173456,4.580657914,2.966926764,4.486043265,3.21845226,4.561325352,3.469394855,4.305572641,3.119456998,4.478470567,3.352344489,4.533337827,3.673136093,4.761008036,3.62229728,4.832767643,3.875565109,5.253595184,4.177817279,5.183518871,4.160821823,5.502729042,4.375946822,5.550469979,4.016824791,5.519568703,3.982947022,5.156284513,3.615633599,4.612900982,2.291107181,2.849159896,-0.428159611,1.502844678,1.306310238,0.7430314187,excluded,9999,false,false
DU-L,C:\Users\oscar\OneDrive\Public share - Mix Eval Dataset\MixEvaluation\audio\InTheMeantime\DU-L.mp3,DU-H,18,24,18,6,0,0.6474959252,false,true,false,false,,0.5069564044,0.6857662316,-2.759499351,5.980554902e-07,-6.241330467,-5.798062249,0.05410443246,19.53728121,0.03179480135,-0.03058660403,-14.97643885,6.170965725,2.317085237,5.598377718,2.827510788,5.437117664,3.052373613,4.887204485,3.157404402,5.26868435,3.292892901,5.113329414,3.498783196,4.503710506,3.481377832,4.939118585,3.626223591,4.972838337,3.795466629,5.260573386,3.660733007,5.310085271,3.738537011,5.155372448,3.589864249,5.233697938,3.952180262,5.365527077,3.824429888,5.460667629,4.093356241,5.538545472,4.212900908,6.013987861,4.488491856,5.96881091,4.597344338,6.348903257,4.974477249,6.482397217,4.960390532,6.646982063,5.275274095,6.722263371,5.547196294,6.676455416,5.724109438,5.229375977,4.128698851,0.9884241113,0.08493585959,0.9847680557,too_far,0.3526341093,false,false
DU-M,C:\Users\oscar\OneDrive\Public share - Mix Eval Dataset\MixEvaluation\audio\InTheMeantime\DU-M.mp3,DU-H,18,24,18,6,0,0.4214250155,true,false,false,false,,2.474283812,0.4492424516,-0.9789851504,5.980554902e-07,-6.241330467,-6.45045136,0.05410443246,18.88489213,0.05001368746,-0.006421656348,-13.00911144,6.262300516,2.90117674,6.059592478,4.055292537,5.758576179,4.115754835,5.32726164,3.998508319,5.382999496,3.734505089,5.324235271,3.705942112,4.608545302,3.765698534,5.071173659,3.808588104,4.922391587,4.053273668,5.241221926,3.759383353,5.298266931,3.834387908,4.952282877,3.596238728,4.916704097,3.839128997,5.065501745,3.645805104,5.132349787,3.859425521,5.091304678,3.912073927,5.639295286,4.149725927,5.614145894,4.321774119,5.971836942,4.597440213,6.045726933,4.561186024,6.155033746,4.670261576,6.136354547,4.688664099,6.046494296,4.496477216,4.547355682,2.497777277,0.7563111883,0.1497548123,0.7413367047,close_to_moderate,1.27291289,false,false
DU-N,C:\Users\oscar\OneDrive\Public share - Mix Eval Dataset\MixEvaluation\audio\InTheMeantime\DU-N.mp3,DU-H,18,24,18,6,0,0.6569947399,false,true,true,false,,-3.579353701,0.6567914773,-2.451740795,-1.600783594e-13,-6.241330467,-8.600691588,0.05410442874,16.73465227,0.01240866724,-0.006378507707,-19.06274895,6.420574734,1.521275378,6.224093551,3.565318977,5.639331469,3.964939534,4.963109872,3.512484837,4.921174041,3.359620403,5.126916406,3.339658444,4.759447494,2.959762841,4.578384659,3.291937556,4.758345477,3.191240006,5.123541579,3.452869057,4.790926854,3.498505443,4.692063969,3.321847468,4.795486862,3.355824249,4.87031939,3.310200807,4.905336858,3.199211895,5.040583656,3.147799258,5.483902926,3.571226353,5.484627897,3.35888224,5.872621578,3.489592351,5.969423435,3.311017939,6.251152902,3.11151472,6.45855971,2.26889721,6.425729545,1.294327568,4.982085086,-1.034245368,1.068634477,0.4473779497,0.9704806109,too_far,1.758183529,false,false
PXL-S6,C:\Users\oscar\OneDrive\Public share - Mix Eval Dataset\MixEvaluation\audio\InTheMeantime\PXL-S6.mp3,DU-H,18,24,17.999,6,-1,0.3458613705,false,false,false,false,,1.118852877,0.3483472926,-0.5618189699,-1.600783594e-13,-6.241330467,-3.803136179,0.05410442874,21.53220777,0.03660545498,0.00317960931,-14.36454237,6.422635234,3.248992567,5.929261891,4.1954544,5.547537539,4.134965016,5.121799124,3.939441629,5.188795441,3.935293194,4.949179672,3.79525352,4.419874702,3.530833602,4.631614405,3.535613814,4.621571689,3.617607204,4.812981514,3.711335994,4.887820271,3.792914213,4.625710982,3.634359052,4.725550049,3.792081999,4.899812156,3.866134922,5.088873707,4.043713893,5.134412756,4.040941056,5.761520186,4.563532172,5.768776443,4.770591092,6.106143186,5.102318968,6.183462223,5.089325882,6.185238951,5.25437791,6.00484834,5.383897612,5.827150084,5.394367599,4.253399455,3.833351962,0.7491233854,0.4526097279,0.5969340674,close_to_moderate,0.4556998651,false,false
UCP-A1,C:\Users\oscar\OneDrive\Public share - Mix Eval Dataset\MixEvaluation\audio\InTheMeantime\UCP-A1.mp3,DU-H,18,24,17.999,6,-1,0.3683306341,false,false,false,false,,0.04547489065,0.4150492721,-0.8210876151,-5.980558515e-07,-6.241330467,-5.750159467,0.05410442501,19.58518444,0.02858958952,-0.005927409045,-15.43792036,6.390217703,2.932582553,6.171881021,3.680832391,5.779112373,3.525309826,5.546820915,3.58977546,5.287488599,3.583694638,5.001681616,3.437658806,4.504793079,3.277617111,4.887969654,3.35536838,4.761129858,3.483633973,5.116176986,3.558169783,5.178244318,3.79316161,4.901394539,3.660019751,4.947592512,3.879704183,5.073230005,4.028089246,5.126750704,4.2109979,5.153322325,4.237749389,5.733059475,4.631567609,5.711418711,4.869639057,6.006954358,5.085956784,6.085729645,4.984563883,6.120790687,5.192077837,6.035158155,5.305681053,5.98059407,5.286825706,4.456698532,3.70904024,0.7265482828,0.09051412546,0.7208880637,close_to_moderate,0.1025926725,true,true
UCP-A2,C:\Users\oscar\OneDrive\Public share - Mix Eval Dataset\MixEvaluation\audio\InTheMeantime\UCP-A2.mp3,DU-H,18,24,17.999,6,-1,0.3280724438,false,false,false,false,,1.111031546,0.3756764454,-0.6607398278,-1.600783594e-13,-6.241330467,-5.186746315,0.05410442874,20.14859765,0.0365395844,-0.01324772649,-14.3723637,6.326844192,3.11173891,6.029937947,3.814462121,5.771194338,3.674489761,5.427167458,3.669999307,5.308544431,3.69742276,5.140115563,3.592351256,4.526718929,3.465417836,5.00185307,3.548065078,4.9488699,3.669249781,5.294712788,3.767143367,5.327300446,3.935799121,5.021127678,3.787296889,5.088319922,3.993811953,5.170508845,4.142935792,5.227867882,4.320902909,5.248757554,4.323970851,5.830443121,4.716070482,5.801568088,4.969977308,6.116757864,5.165012013,6.199404336,5.051483523,6.212892144,5.255730998,6.075101302,5.38251258,5.979487796,5.399479469,4.42059511,3.834854553,0.8467105832,0.2019148593,0.8222829204,close_to_moderate,0.4223468808,false,false
McG-A,C:\Users\oscar\OneDrive\Public share - Mix Eval Dataset\MixEvaluation\audio\InTheMeantime\McG-A.mp3,DU-H,18,24,18.022,6,22,0.2330510863,false,false,false,false,,-0.1757793338,0.2427414702,-0.2637496312,-1.600783594e-13,-6.241330467,-5.515046726,0.05410442874,19.82029691,0.02716955356,-0.001047395868,-15.65917458,6.378856016,3.271975727,5.816509215,3.811031521,5.568984679,3.912552568,4.92881567,3.681939256,5.094496299,3.911341651,5.103718928,3.932791513,4.551299765,3.773656346,4.914330461,3.880502498,4.922472246,3.934359783,5.181647341,4.040397774,5.326260092,4.047524541,4.996887306,3.768792338,4.964754224,3.858266431,5.059371812,3.78273428,5.114810907,3.815377666,4.971324978,3.692183055,5.57987098,4.122209059,5.436675038,4.17031324,5.722556794,4.420146029,5.796617604,4.478014443,5.773059857,4.569601557,5.566244479,4.581679173,5.42971279,4.608549096,4.622366112,3.901250583,0.6375076275,0.134017741,0.623261759,too_close,9999,false,false
McG-C,C:\Users\oscar\OneDrive\Public share - Mix Eval Dataset\MixEvaluation\audio\InTheMeantime\McG-C.mp3,DU-H,18,24,18.022,6,22,0.2738106804,false,false,false,false,,4.948482141,0.2946138528,-0.3943288969,1.794166665e-06,-6.241330467,-6.469719997,0.05410443991,18.86562177,0.08841148019,-0.01974247023,-10.53491311,6.440904972,3.178896247,5.992853421,4.355603108,5.437689262,4.571288468,4.673008546,3.943208778,4.918841017,4.055935647,4.811203143,4.222973137,4.312862853,3.66511922,4.585237164,3.887766841,4.636354795,3.953152752,4.817707758,4.140827194,4.847195202,4.236399498,4.646113141,3.936312392,4.624962091,4.085144755,4.747319938,4.169340698,4.749965122,4.312873834,4.645010217,4.118167135,5.088220592,4.606711391,5.117755972,4.66327086,5.542901036,5.093592184,5.697039146,5.173512881,5.733358715,5.258901596,5.61374887,5.115517835,5.537150024,5.112500693,4.780882204,4.382001318,0.6917929915,0.4027287354,0.5624829854,too_close,9999,false,false
McG-H,C:\Users\oscar\OneDrive\Public share - Mix Eval Dataset\MixEvaluation\audio\InTheMeantime\McG-H.mp3,DU-H,18,24,18.022,6,22,0.2619281979,false,false,false,false,,1.639093328,0.2909426293,-0.3841168269,1.196111097e-06,-6.241330467,-4.371971185,0.05410443619,20.96337103,0.04126385599,-0.0106706908,-13.84430192,6.266222923,3.496038567,5.987741875,3.988393542,5.536489122,3.838857769,4.954097132,3.578981752,5.205418658,3.791945246,5.0797019,3.848268347,4.546593424,3.678273959,4.836828473,3.772164341,4.815496771,3.809056049,5.06421688,3.841112953,5.132968023,3.855053664,4.897215267,3.687561362,4.904233717,3.889959502,5.094571656,3.87431721,5.210693675,4.050847385,5.234248107,4.059755866,5.858825584,4.489360286,5.860854543,4.739407266,6.287143105,5.034900367,6.396006382,5.158499254,6.476979977,5.46167976,6.360656178,5.704572341,6.298369536,5.903386496,5.563387338,5.092554095,0.8592991282,0.355084008,0.7825026128,close_to_moderate,0.6197570496,false,false
DU-I,C:\Users\oscar\OneDrive\Public share - Mix Eval Dataset\MixEvaluation\audio\InTheMeantime\DU-I.mp3,DU-H,22,28,22,6,0,0.5350754071,false,true,false,false,,6.598928476,0.5339858665,-1.4577965,-1.822578912e-13,-5.472789673,-1.651526152,0.0476715602,24.78328611,0.1146781668,-0.0980379805,-9.405192105,6.069383303,3.525058875,5.844631559,4.443187821,5.463641179,4.436674647,5.373407567,4.605958639,5.267564705,4.124904038,4.809973118,3.872384018,4.538536537,3.878173901,4.49921945,4.028758821,4.59988876,4.306400296,4.758034869,4.238807284,4.755931152,4.219460809,4.685972698,4.108225919,4.655894023,4.197777153,4.775441862,4.096794772,4.884127607,4.315544001,5.114285192,4.375788475,5.573640721,4.687869034,5.609733557,4.702979122,5.950864347,4.900569639,6.13918275,4.811502117,6.243376881,5.085137126,6.339418446,5.424574898,6.33134092,5.585805293,4.908534728,4.269487924,1.536027641,0.9229479807,1.227822438,too_far,3.032427865,false,false
DU-J,C:\Users\oscar\OneDrive\Public share - Mix Eval Dataset\MixEvaluation\audio\InTheMeantime\DU-J.mp3,DU-H,22,28,21.998,6,-2,0.188704674,true,false,false,true,poor_global_alignment_confidence;extreme_stereo_width_difference;extreme_stereo_imbalance,9.992086589,0.1712181102,-0.1292195937,1.357516028e-06,-5.472789673,-6.594277179,0.04767156765,19.84053382,0.2504935861,0.601337254,-6.012033993,5.935688281,5.044800542,5.914747901,5.161157971,5.599944899,5.037786879,4.919416811,4.694160131,5.3288195,4.446686043,5.11081809,4.356429652,4.639502852,4.1792163,4.768710012,4.291842921,4.931793233,4.514201343,5.036560247,4.460100245,5.033286105,4.409567813,4.737683589,4.185641233,4.48981373,4.097008322,4.555647719,3.993301492,4.596331912,4.104079821,4.654267144,4.132320745,5.065031708,4.435027668,5.017811033,4.417800678,5.277944204,4.648224453,5.411736404,4.735775487,5.401797889,4.792196579,5.322815664,4.85132789,5.179510271,4.817805977,3.515777374,3.19130611,1.880585664,1.515780349,1.113109327,excluded,9999,false,false
DU-K,C:\Users\oscar\OneDrive\Public share - Mix Eval Dataset\MixEvaluation\audio\InTheMeantime\DU-K.mp3,DU-H,22,28,22.004,6,4,0.2325206703,false,false,true,true,extreme_stereo_width_difference,8.135860862,0.1829697793,-0.1478802122,6.787579497e-07,-5.472789673,-2.323888275,0.04767156392,24.11092363,0.163370654,0.01190581825,-7.86825972,5.81513393,4.90986269,5.581158644,4.822234103,5.666536136,4.108132547,5.403617164,3.851572329,4.849573151,3.33345988,4.675084632,2.711343778,4.509355735,2.835869987,4.476226292,3.204028173,4.656990406,2.669729291,4.586153424,2.967201548,4.540356497,3.197707264,4.23996018,2.857323764,4.275499798,3.074266439,4.217110824,3.281472642,4.459645337,3.306447198,4.548023757,3.575007405,4.909756576,3.921759062,4.820062612,3.872180119,5.072612287,4.015492214,5.128258514,3.703373482,4.989473643,3.642046309,4.743205194,3.275668817,4.289590835,1.868756544,2.527687015,-0.8451667549,1.346101269,1.088666956,0.7917025243,excluded,9999,false,false
DU-L,C:\Users\oscar\OneDrive\Public share - Mix Eval Dataset\MixEvaluation\audio\InTheMeantime\DU-L.mp3,DU-H,22,28,22,6,0,0.6474959252,false,true,false,false,,1.496705484,0.683191418,-2.730694748,6.787579497e-07,-5.472789673,-5.755035789,0.04767156392,20.67977643,0.03542081267,-0.05262114853,-14.5074151,6.003607988,1.342887802,5.443243322,2.116443343,5.192184221,2.935507939,4.768459031,3.263345247,5.153449312,2.916978254,4.935663404,3.059359422,4.493794775,3.1543369,4.738703454,3.402516278,5.035421124,3.746025529,5.220753446,3.712426952,5.217250504,3.693673977,5.125610981,3.708187537,5.053828779,3.958972809,5.03910801,3.792184198,5.138605899,4.058914989,5.282254616,4.163715255,5.60361554,4.317821013,5.552753096,4.289137768,5.903035646,4.531080737,6.078784768,4.456345797,6.247851755,4.806009551,6.445699456,5.216335343,6.494294765,5.423317831,5.088947514,3.896652344,1.194156871,0.08623414441,1.19103917,too_far,0.904779047,false,false
DU-M,C:\Users\oscar\OneDrive\Public share - Mix Eval Dataset\MixEvaluation\audio\InTheMeantime\DU-M.mp3,DU-H,22,28,22,6,0,0.4214250155,true,false,false,false,,4.859322116,0.444503328,-0.9559980629,-1.822578912e-13,-5.472789673,-6.666281691,0.0476715602,19.76853104,0.07682810724,-0.008360768668,-11.14479847,6.082778012,2.757894048,5.91227151,3.698668283,5.575234238,4.178198036,5.293852748,4.292526653,5.307733826,3.566610497,5.120168167,3.624076985,4.644278706,3.737541113,4.809121884,3.873725623,4.899281522,4.11730261,5.027889052,3.962140443,5.039851302,3.852993793,4.783042284,3.701579766,4.554308428,3.801054773,4.572563394,3.554973555,4.624146412,3.783540663,4.686936521,3.789223724,5.104391544,3.920565675,5.102289684,3.981083659,5.430282852,4.190003192,5.573537946,4.090475665,5.7077885,4.24577669,5.839198301,4.426717043,5.848365883,4.32179009,4.391231113,2.413421115,0.9207073863,0.408821434,0.8249649242,close_to_moderate,2.158245383,false,false
DU-N,C:\Users\oscar\OneDrive\Public share - Mix Eval Dataset\MixEvaluation\audio\InTheMeantime\DU-N.mp3,DU-H,22,28,22,6,0,0.6569947399,false,true,true,false,,-1.662089081,0.6664455303,-2.550415311,1.357516028e-06,-5.472789673,-8.473900075,0.04767156765,17.96091106,0.01711508445,-0.02015454881,-17.66620966,6.270556647,1.456229844,6.014597173,3.387028595,5.470767763,3.899835954,4.922181463,3.760918002,4.758042631,3.315242975,4.971369666,3.155343217,4.711589681,3.048402858,4.365234571,3.143309921,4.622827623,3.350144547,4.875190369,3.475087734,4.580340769,3.477624373,4.528138012,3.279576682,4.513249564,3.124576649,4.551254921,2.891614782,4.591824726,2.871758502,4.721601621,2.918501456,5.062484409,3.212043796,5.03395654,3.03265192,5.434473452,3.103141437,5.554837156,2.946587378,5.859745245,2.669769159,6.172034529,2.001843996,6.224716835,1.110653688,4.8111607,-1.18568115,1.109442472,0.5554688522,0.9603733404,too_far,1.127948907,false,false
PXL-S6,C:\Users\oscar\OneDrive\Public share - Mix Eval Dataset\MixEvaluation\audio\InTheMeantime\PXL-S6.mp3,DU-H,22,28,21.999,6,-1,0.3458613705,false,false,false,false,,0.8757203208,0.3859214565,-0.7003734104,6.787579497e-07,-5.472789673,-7.014946492,0.04767156392,19.41986592,0.03070152551,-0.01703718863,-15.12840026,6.272094753,2.957780164,5.794445355,4.060820294,5.421450897,4.089901893,5.134789886,4.057123807,4.987673584,3.688765751,4.75951517,3.625126372,4.401414616,3.393034062,4.441780402,3.258013813,4.58498913,3.497007022,4.650125261,3.47121174,4.660660038,3.469473329,4.443161377,3.32894694,4.325049093,3.37188519,4.384932378,3.489209227,4.553828449,3.65937225,4.723660297,3.649969798,5.232777046,4.065843409,5.255249214,4.288156858,5.549670928,4.560568528,5.651444666,4.52927783,5.601722061,4.721191628,5.564071105,4.981967974,5.528867288,5.086578822,4.016818268,3.595763665,0.670702233,0.28656853,0.6063991779,too_close,9999,false,false
UCP-A1,C:\Users\oscar\OneDrive\Public share - Mix Eval Dataset\MixEvaluation\audio\InTheMeantime\UCP-A1.mp3,DU-H,22,28,21.999,6,-1,0.3683306341,false,false,false,false,,-0.3706246466,0.4051178486,-0.778559071,-1.822578912e-13,-5.472789673,-5.969248252,0.0476715602,20.4655644,0.02304228023,-0.004701480735,-16.37474523,6.250532405,2.670706724,6.025010996,3.424922318,5.662512744,3.521976925,5.529467666,3.656036956,5.191864689,3.334410709,4.805534198,3.25570665,4.448454191,3.217330131,4.611217627,3.222368117,4.733080054,3.419889138,4.882460461,3.456790366,4.922420858,3.593869491,4.706074285,3.444338339,4.521799413,3.600529675,4.600063755,3.784081737,4.679077737,3.920302192,4.72804043,3.867596766,5.151956598,4.164755496,5.145803887,4.365669717,5.375238041,4.527913972,5.54494474,4.392829591,5.546136325,4.620758802,5.634264998,4.894924034,5.707428771,4.989836863,4.253803909,3.522973923,0.7442573414,0.0924832793,0.738488885,close_to_moderate,0.1986860285,false,false
UCP-A2,C:\Users\oscar\OneDrive\Public share - Mix Eval Dataset\MixEvaluation\audio\InTheMeantime\UCP-A2.mp3,DU-H,22,28,21.999,6,-1,0.3280724438,false,false,false,false,,0.761863312,0.3872830384,-0.7057504939,-1.822578912e-13,-5.472789673,-5.189470888,0.0476715602,21.24534208,0.02990709431,-2.407627107e-05,-15.24225727,6.170270481,2.416548963,5.887046134,3.547118916,5.633421905,3.704644732,5.445924581,3.756000115,5.230321374,3.473094183,4.933112883,3.467221948,4.495580734,3.416754134,4.671427091,3.390358696,4.86182462,3.569536374,5.026822375,3.613065247,5.035523597,3.732021277,4.813370838,3.624215076,4.645087786,3.790365566,4.694909025,3.942043967,4.800269887,4.029757281,4.856375856,3.981690533,5.280066103,4.300690194,5.290104762,4.497181943,5.536233071,4.650301277,5.68948419,4.515466643,5.648103814,4.730551979,5.697074723,5.002577719,5.733170131,5.103170694,4.242314479,3.680529091,0.8689309902,0.06125674345,0.8667691026,close_to_moderate,0.3223584059,false,false
McG-A,C:\Users\oscar\OneDrive\Public share - Mix Eval Dataset\MixEvaluation\audio\InTheMeantime\McG-A.mp3,DU-H,22,28,22.022,6,22,0.2330510863,false,false,false,false,,-0.8962848708,0.2742921343,-0.3396917274,-6.787583672e-07,-5.472789673,-9.389817332,0.04767155647,17.04499605,0.02041547187,0.04114707187,-16.90040545,6.236335444,2.859101562,5.610282804,3.550604013,5.323945065,3.788720914,4.954583836,3.714888486,4.908544822,3.615142819,4.813446268,3.512579417,4.532523106,3.472738497,4.652473993,3.421659223,4.858794953,3.67261899,5.000605606,3.694863796,5.078464727,3.69140302,4.794001269,3.481600773,4.49727743,3.389116283,4.486365211,3.314200952,4.521246855,3.322428482,4.491821963,3.240712185,4.971540548,3.574907575,4.896236638,3.67836075,5.112048215,3.855400846,5.246872304,3.926661473,5.209475951,4.039221778,5.181694789,4.207798064,5.199043127,4.362967004,4.602136163,3.889658369,0.9284816649,0.7223383227,0.5833571373,too_far,0.4329521322,false,false
McG-C,C:\Users\oscar\OneDrive\Public share - Mix Eval Dataset\MixEvaluation\audio\InTheMeantime\McG-C.mp3,DU-H,22,28,22.022,6,22,0.2738106804,false,false,false,false,,2.361969727,0.3074419821,-0.4312140424,1.357516028e-06,-5.472789673,-8.734254351,0.04767156765,17.70055709,0.04322997108,-0.001713462058,-13.64215085,6.216711015,2.591791453,5.799317501,3.915523532,5.398108514,4.086886102,4.766395502,3.937556419,4.923682879,3.380659007,4.776819101,3.202409362,4.377995102,3.227635177,4.43495944,3.215155592,4.665244546,3.247118498,4.815432441,3.150816613,4.860154492,3.17682767,4.646595923,3.087972256,4.374399085,3.265411223,4.417232047,3.185318118,4.512901405,3.372351072,4.452644684,3.407491088,4.836326844,3.621262883,4.881056515,3.729498426,5.281051527,3.971570938,5.490471138,4.059854589,5.505522378,4.271905491,5.433764592,4.593644046,5.434568734,4.846071381,4.764945396,4.317202556,0.800535685,0.6129116722,0.5149724895,close_to_moderate,0.839378463,false,false
McG-H,C:\Users\oscar\OneDrive\Public share - Mix Eval Dataset\MixEvaluation\audio\InTheMeantime\McG-H.mp3,DU-H,22,28,22.022,6,22,0.2619281979,false,false,false,false,,0.5705873481,0.3110401813,-0.4418997935,-1.822578912e-13,-5.472789673,-6.118289487,0.0476715602,20.31652315,0.02861849032,-0.03747963905,-15.43353323,6.148970229,3.234784253,5.892266312,3.790474216,5.370300873,3.760622885,4.93343594,3.568132326,5.114905519,3.428766489,4.880081423,3.376696957,4.540622125,3.306813843,4.66406954,3.329927222,4.814799688,3.509874702,4.950141188,3.529988741,5.00972648,3.581320358,4.800803297,3.451415786,4.582215079,3.538046656,4.652960663,3.617169326,4.800498956,3.795680151,4.891652911,3.80200947,5.389008172,4.106602896,5.415557526,4.287360147,5.805306372,4.56592996,5.967320619,4.660498125,5.991268439,4.970658129,6.040645738,5.340978814,6.112112642,5.661983358,5.568637564,5.054929156,0.8580660836,0.1212201031,0.8494604702,close_to_moderate,0.2445469119,true,false
DU-I,C:\Users\oscar\OneDrive\Public share - Mix Eval Dataset\MixEvaluation\audio\InTheMeantime\DU-I.mp3,DU-H,26,32,26,6,0,0.5350754071,false,true,false,false,,6.715453602,0.5280534867,-1.419687386,-1.803292362e-13,-6.923652953,-1.312071848,0.0482160598,25.02409344,0.1090170443,-0.09931301326,-9.625055379,6.028430914,3.577828697,5.840456684,4.503344391,5.510609001,4.40381787,5.375146363,4.626549141,5.129628196,4.071555581,4.627345495,3.763973186,4.421222995,3.885135273,4.457294771,4.065610066,4.302506741,4.230947379,4.391710207,4.113980078,4.360412294,4.139228262,4.402712761,3.961725444,4.649165362,4.342461844,4.884886147,4.146699531,4.928667554,4.285773479,4.967895163,4.293480185,5.568076431,4.653907119,5.714222785,4.695895909,6.046544425,4.924702743,6.126369563,4.773924317,6.281938687,5.134884915,6.473989081,5.561624079,6.490629987,5.702651613,5.056313734,4.331922154,1.773819001,1.181338075,1.323206032,too_far,3.311003018,false,false
DU-J,C:\Users\oscar\OneDrive\Public share - Mix Eval Dataset\MixEvaluation\audio\InTheMeantime\DU-J.mp3,DU-H,26,32,25.998,6,-2,0.188704674,true,false,false,true,poor_global_alignment_confidence;extreme_stereo_width_difference;extreme_stereo_imbalance,10.19440514,0.1270945418,-0.0707250677,6.710927986e-07,-6.923652953,-6.400940501,0.04821606353,19.93522473,0.2428788096,0.6128983498,-6.146103844,5.907216183,5.041235161,5.895402475,5.172315153,5.816297234,5.091394888,5.0353564,4.734559814,4.892455905,4.162601713,4.739585161,4.091204178,4.492010205,4.115859167,4.619368563,4.255256134,4.431119565,4.344695094,4.408263041,4.173981736,4.319010633,4.111036857,4.293094569,3.93879161,4.47659631,4.228991142,4.709748811,4.080098291,4.67459557,4.105618306,4.521740625,4.062007765,5.050521912,4.419715979,5.110911748,4.472930495,5.372736416,4.727406702,5.428544726,4.751718956,5.503589123,4.887386796,5.496026869,4.98351995,5.351495774,4.960226782,3.64726948,3.28822869,1.860775559,1.466527438,1.145330937,excluded,9999,false,false
DU-K,C:\Users\oscar\OneDrive\Public share - Mix Eval Dataset\MixEvaluation\audio\InTheMeantime\DU-K.mp3,DU-H,26,32,26.004,6,4,0.2325206703,false,false,true,true,extreme_stereo_width_difference,8.800517512,0.2298410176,-0.2357071208,-6.710932101e-07,-6.923652953,-2.346619727,0.04821605608,23.98954657,0.1761979461,0.01503752638,-7.539991469,5.793788292,4.891064795,5.633011821,4.804183302,5.658944842,4.0870785,5.429046143,3.839870395,4.635596114,3.330495466,4.465046492,2.713213031,4.481343767,2.851779953,4.457780297,3.18957165,4.519197016,2.710739856,4.358391278,2.950465608,4.303108365,3.125550853,3.969684667,2.78786172,4.352952001,3.099196822,4.266346675,3.377606785,4.409564532,3.310595068,4.458195725,3.57527211,4.876953069,3.891147,4.891296916,3.872526471,5.134153646,4.049123332,5.066300672,3.751357062,4.964060448,3.689449738,4.791639414,3.345028986,4.399521846,1.913436937,2.632216517,-0.842431027,1.555307147,1.322766699,0.8180883704,excluded,9999,false,false
DU-L,C:\Users\oscar\OneDrive\Public share - Mix Eval Dataset\MixEvaluation\audio\InTheMeantime\DU-L.mp3,DU-H,26,32,26,6,0,0.6474959252,false,true,false,false,,1.170234657,0.6610900265,-2.495225119,6.710927986e-07,-6.923652953,-6.257200884,0.04821606353,20.0789637,0.03040692955,-0.0441999808,-15.17027432,5.931646363,1.252054845,5.400193814,2.025493253,5.460403254,2.721449614,4.801880378,3.173292199,4.762036039,2.829081635,4.549046873,2.887393592,4.34598101,3.106245507,4.645112165,3.374275957,4.678158768,3.635517929,4.740308258,3.575309192,4.64444898,3.652848926,4.719517591,3.541994936,5.048550333,4.064777003,5.168620857,3.741857351,5.165039134,3.922956412,5.086020141,4.00465849,5.624233542,4.181330091,5.703834782,4.1497717,6.003926781,4.443191487,6.036916572,4.348561955,6.229412283,4.820223244,6.475124546,5.250605457,6.53990725,5.482011718,5.108038327,3.905246481,1.251799704,0.1317795769,1.244844023,too_far,0.8481570903,false,false
DU-M,C:\Users\oscar\OneDrive\Public share - Mix Eval Dataset\MixEvaluation\audio\InTheMeantime\DU-M.mp3,DU-H,26,32,26,6,0,0.4214250155,true,false,false,false,,5.270322189,0.4367337681,-0.9191005086,-1.803292362e-13,-6.923652953,-7.255094395,0.0482160598,19.08107117,0.07815941423,-0.01039240044,-11.07018679,6.135288,2.858523183,5.947162204,3.817359838,5.708643623,4.047985009,5.3321541,4.343872439,5.099293959,3.644104848,4.812110588,3.567426201,4.546787011,3.825421588,4.66651462,3.980084956,4.447509979,4.184704651,4.437773901,3.969387471,4.369618622,3.960518756,4.284941764,3.698765824,4.480941971,4.06206363,4.692613725,3.676151354,4.643781897,3.843899253,4.490013328,3.8167257,5.089746095,3.969487568,5.209135763,4.022543274,5.50396318,4.272674648,5.535452249,4.181542501,5.739289219,4.356949598,5.984713208,4.587811573,6.032716375,4.551656908,4.583147587,2.621945532,0.9945645166,0.3710412357,0.9227605209,too_far,2.375952539,false,false
DU-N,C:\Users\oscar\OneDrive\Public share - Mix Eval Dataset\MixEvaluation\audio\InTheMeantime\DU-N.mp3,DU-H,26,32,26,6,0,0.6569947399,false,true,true,false,,-2.152619264,0.6334328934,-2.227449741,1.342185725e-06,-6.923652953,-8.313539922,0.04821606725,18.02262423,0.01414774451,-0.01385903731,-18.49312824,6.233078785,1.436063196,6.033690653,3.433024849,5.5044449,3.984949956,4.951051787,3.805023081,4.633319774,2.978556581,4.834832055,2.882171979,4.706028142,2.915621109,4.380621404,3.100311932,4.466207178,2.988578765,4.636622503,2.932484756,4.43367689,2.918460608,4.427807032,2.854194781,4.583794503,3.230015399,4.634002737,3.018928035,4.615874075,2.846084287,4.646980706,2.770225236,5.054599516,3.198207818,5.081614714,3.175484905,5.469009033,3.21438101,5.568747948,2.935644488,5.910657645,2.774064536,6.271228479,2.148630855,6.324924777,1.264533399,4.927250833,-0.8068909601,1.054234984,0.2631135987,1.020873467,too_far,1.244426983,false,false
PXL-S6,C:\Users\oscar\OneDrive\Public share - Mix Eval Dataset\MixEvaluation\audio\InTheMeantime\PXL-S6.mp3,DU-H,26,32,25.999,6,-1,0.3458613705,false,false,false,false,,1.187494967,0.3733880492,-0.652080776,6.710927986e-07,-6.923652953,-6.787163339,0.04821606353,19.54900152,0.03052802011,-0.01182040852,-15.15301401,6.255580451,2.920317587,5.779665516,4.032297484,5.503200067,4.143961274,5.163614461,4.049057236,4.805443956,3.618320371,4.502933841,3.451968927,4.347023532,3.397012319,4.385022268,3.270607418,4.343464861,3.383258711,4.270459262,3.325194297,4.163574264,3.32926483,4.010978299,3.17960088,4.273220371,3.405524379,4.48997013,3.572720251,4.557270734,3.677407303,4.517228928,3.523700531,5.196595147,4.035130934,5.345922266,4.296979922,5.615774636,4.624037656,5.567294712,4.561181983,5.574854267,4.833628037,5.642556926,5.148457597,5.648894556,5.24419452,4.146231783,3.745371153,0.6706038551,0.0547699313,0.6683635127,too_close,9999,false,false
UCP-A1,C:\Users\oscar\OneDrive\Public share - Mix Eval Dataset\MixEvaluation\audio\InTheMeantime\UCP-A1.mp3,DU-H,26,32,25.999,6,-1,0.3683306341,false,false,false,false,,0.1118794612,0.4158284657,-0.8244876432,-6.710932101e-07,-6.923652953,-5.314874008,0.04821605608,21.02129196,0.0238307137,-0.003048406448,-16.22862952,6.232053348,2.658213026,6.01692786,3.464323391,5.76612393,3.417168349,5.600202268,3.679892554,5.041694706,3.368123661,4.600079576,3.255737363,4.372746684,3.265150224,4.526154482,3.293456999,4.391056035,3.447210364,4.276919542,3.477981666,4.266256616,3.659423622,4.325830736,3.435106346,4.513596681,3.698130335,4.732900258,3.852533943,4.724375367,3.982014666,4.586922203,3.842665069,5.151437399,4.170215962,5.271014251,4.381633214,5.489093462,4.629547346,5.486079141,4.502116674,5.564693239,4.771396867,5.770392459,5.057985222,5.900261218,5.154037536,4.443280049,3.65065107,0.8963083561,0.2964257951,0.8458725774,close_to_moderate,0.122241424,true,false
UCP-A2,C:\Users\oscar\OneDrive\Public share - Mix Eval Dataset\MixEvaluation\audio\InTheMeantime\UCP-A2.mp3,DU-H,26,32,25.999,6,-1,0.3280724438,false,false,false,false,,1.350803498,0.3879202722,-0.7082759179,-1.803292362e-13,-6.923652953,-4.592725089,0.0482160598,21.74344072,0.0316978246,0.002559266519,-14.98970548,6.159328815,2.487504132,5.875348024,3.561270006,5.762189511,3.60862904,5.523273741,3.770440119,5.037520175,3.513840578,4.69665668,3.448273211,4.431083522,3.447208232,4.587933555,3.485801812,4.46299764,3.59438348,4.406841447,3.655429679,4.372349564,3.828025722,4.424706059,3.637620701,4.630591889,3.879350658,4.827673382,4.022927684,4.830250924,4.120090952,4.704515148,3.968140502,5.28537441,4.318433262,5.419021787,4.519913254,5.649593077,4.753286598,5.632858341,4.63144873,5.671966754,4.909480984,5.847892677,5.177524355,5.932798282,5.307767842,4.417756656,3.812758639,1.07414737,0.4331396994,0.9829458645,too_far,0.7337038505,false,false
McG-A,C:\Users\oscar\OneDrive\Public share - Mix Eval Dataset\MixEvaluation\audio\InTheMeantime\McG-A.mp3,DU-H,26,32,26.022,6,22,0.2330510863,false,false,false,false,,-1.729353362,0.186617041,-0.1539440466,-1.803292362e-13,-6.923652953,-9.012947575,0.0482160598,17.32321786,0.01559602004,0.03510349244,-18.06986234,6.178446052,2.799145055,5.553533537,3.494059127,5.582233675,3.780617495,4.992861706,3.646369,4.519140653,3.314752279,4.439082305,3.221611261,4.387989121,3.311990489,4.572559796,3.366241284,4.545496061,3.444033696,4.385625369,3.315158515,4.373117632,3.285490294,4.252878666,3.108792092,4.478601846,3.365303086,4.689595235,3.406229673,4.587516253,3.36498693,4.249557117,3.047396795,5.01466369,3.553802229,5.080592994,3.74801068,5.265520559,3.926097187,5.217462214,3.905131271,5.212090654,4.041475934,5.244394337,4.25640402,5.276881378,4.435181047,4.670166128,3.952193977,0.7296116523,0.388268119,0.6177224546,close_to_moderate,0.7542548393,false,false
McG-C,C:\Users\oscar\OneDrive\Public share - Mix Eval Dataset\MixEvaluation\audio\InTheMeantime\McG-C.mp3,DU-H,26,32,26.022,6,22,0.2738106804,false,false,false,false,,1.702261888,0.2276922589,-0.231201646,6.710927986e-07,-6.923652953,-7.370038382,0.04821606353,18.96612672,0.0343696624,-0.01411918364,-14.63824709,6.195976374,2.56711065,5.757292049,3.880715404,5.502241686,3.842720993,4.819575568,3.876163631,4.522308993,3.274389949,4.430965631,2.965277017,4.252164582,3.164165522,4.299070746,3.235023139,4.22541927,3.162128589,4.257913606,3.059398629,4.163804647,3.240527041,4.189166611,3.039802268,4.311024231,3.505781182,4.525601052,3.238453037,4.497513436,3.345778343,4.266232447,3.356775589,4.773342989,3.610046704,4.963985243,3.727508454,5.33150958,3.959836144,5.412733864,4.064248616,5.495150327,4.304877473,5.535500164,4.689906425,5.544306062,4.953609004,4.855645255,4.436735117,0.5129560844,0.110799819,0.5008466279,too_close,9999,false,false
McG-H,C:\Users\oscar\OneDrive\Public share - Mix Eval Dataset\MixEvaluation\audio\InTheMeantime\McG-H.mp3,DU-H,26,32,26.022,6,22,0.2619281979,false,false,false,false,,0.7476372104,0.2602313268,-0.3045385631,1.342185725e-06,-6.923652953,-5.838666168,0.04821606725,20.49749849,0.02758753113,-0.03772730008,-15.59287177,6.127936808,3.172704724,5.831956429,3.762633898,5.505442787,3.752155198,4.979199914,3.557885035,4.851244981,3.321480595,4.587866227,3.245348228,4.440307524,3.291178585,4.58588186,3.330886273,4.473859566,3.436103621,4.412102723,3.454426891,4.345727859,3.512114701,4.360751536,3.332402252,4.562809351,3.609460286,4.773676834,3.665745375,4.791262552,3.796150493,4.673721389,3.707205822,5.341968738,4.07487889,5.50036008,4.306381549,5.834996201,4.599186013,5.862561465,4.644991477,5.963196504,4.995235897,6.113796883,5.432379279,6.219303341,5.775890014,5.668977193,5.148143914,0.907786932,0.2019977724,0.885027691,close_to_moderate,0.3700732833,false,false
DU-I,C:\Users\oscar\OneDrive\Public share - Mix Eval Dataset\MixEvaluation\audio\InTheMeantime\DU-I.mp3,DU-H,30,36,30,6,0,0.5350754071,false,true,false,false,,5.568970732,0.5550427732,-1.599393924,1.198003679e-06,-6.326596849,-1.192026691,0.05401896313,24.15704889,0.101770632,-0.1055831611,-9.923774866,6.070372197,3.867307054,5.875635039,4.620067977,5.59666273,4.432986908,5.487375138,4.415549123,5.33950685,4.223372534,5.013458259,4.050101325,4.682127424,3.989369255,4.758000825,4.013524335,4.768505032,4.176586378,4.765237892,4.029160289,4.682263306,3.983501241,4.742148996,3.884290423,4.972891806,4.120113478,5.197794276,4.285407236,5.382846782,4.493984914,5.395046885,4.665946884,5.884122718,5.085427235,6.140141924,5.317746741,6.368107944,5.518630047,6.461108982,5.502447235,6.671848106,5.779041156,6.833289834,6.045824246,6.780420374,5.997323734,5.255087017,4.503538412,1.572719338,1.065323916,1.156949036,too_far,2.708634351,false,false
DU-J,C:\Users\oscar\OneDrive\Public share - Mix Eval Dataset\MixEvaluation\audio\InTheMeantime\DU-J.mp3,DU-H,30,36,29.998,6,-2,0.188704674,true,false,false,true,poor_global_alignment_confidence;extreme_stereo_width_difference;extreme_stereo_imbalance,9.187832114,0.1395641153,-0.08542654088,-1.198004166e-06,-6.326596849,-5.997934764,0.05401894823,19.35114315,0.2341578156,0.603736937,-6.304913484,5.950311705,5.130827543,5.964274651,5.320248105,5.753436267,5.107903275,5.390327026,4.644109472,5.525864794,4.659685858,5.108128965,4.431044435,4.722100149,4.233719187,5.065420732,4.3792361,4.909645958,4.444264466,4.676575119,4.224335148,4.634955056,4.102408229,4.76846414,3.998563195,4.922471071,4.168884598,5.026403243,4.231984382,5.087751089,4.357382868,4.940699873,4.40172652,5.329962831,4.737214953,5.472396137,4.884969378,5.625571978,5.067285886,5.679787048,5.147644088,5.741514079,5.252942261,5.718075334,5.280591563,5.502083966,5.125203468,3.669168899,3.322768494,1.705627542,1.373244813,1.011614549,excluded,9999,false,false
DU-K,C:\Users\oscar\OneDrive\Public share - Mix Eval Dataset\MixEvaluation\audio\InTheMeantime\DU-K.mp3,DU-H,30,36,30.004,6,4,0.2325206703,false,false,true,false,,7.510318564,0.2807086365,-0.3564482514,5.990017808e-07,-6.326596849,-2.281655723,0.0540189594,23.0674198,0.1591318995,0.01373024005,-7.982427035,6.006474034,5.065303563,5.984091896,4.948029646,5.745907551,4.216047065,5.201836933,3.890585676,5.001242142,3.513282648,4.693994493,2.875393804,4.370212825,3.035835725,4.395590145,3.35216221,4.425247665,2.902325306,4.109360695,3.135392143,4.078034378,3.305483707,3.977705898,2.976957736,4.236714365,3.168934647,4.353050805,3.629837102,4.632051398,3.507857513,4.736869088,3.849340623,5.024217384,4.108542316,5.10291397,4.032073062,5.304148335,4.298417743,5.273150772,3.924266855,5.250313086,3.961986431,5.097979998,3.611365939,4.633647619,2.302629084,2.739198485,-0.527386784,1.375865898,1.14712239,0.7596822962,too_far,3.441252652,false,false
DU-L,C:\Users\oscar\OneDrive\Public share - Mix Eval Dataset\MixEvaluation\audio\InTheMeantime\DU-L.mp3,DU-H,30,36,30,6,0,0.6474959252,false,true,false,false,,0.5296331856,0.680186214,-2.697453894,-1.198004166e-06,-6.326596849,-7.020385276,0.05401894823,18.3286924,0.03189251572,-0.01526049245,-14.96311241,6.009900066,1.905359194,5.531866866,2.970012267,5.492932688,3.137458235,5.236212082,3.196675982,5.374935659,3.253698702,4.955607578,3.555627834,4.599378572,3.791957582,5.015467648,3.732010033,5.008513169,3.904997122,4.85840625,3.703205307,4.783052173,3.534148268,4.953114011,3.301720422,5.221871986,3.645386252,5.409883179,3.721606496,5.538886073,3.999890511,5.485356778,4.25050998,5.857101658,4.533059824,6.012876242,4.764528308,6.233113427,4.987733854,6.251553696,5.075234152,6.496002614,5.313399666,6.680697682,5.57003465,6.651990484,5.639399888,5.149256721,4.018376663,1.026108947,0.1301287817,1.017824185,too_far,0.3982558186,false,false
DU-M,C:\Users\oscar\OneDrive\Public share - Mix Eval Dataset\MixEvaluation\audio\InTheMeantime\DU-M.mp3,DU-H,30,36,30,6,0,0.4214250155,true,false,false,false,,3.257986092,0.4398227286,-0.9336543943,1.198003679e-06,-6.326596849,-7.771972077,0.05401896313,17.57710283,0.05977560952,-0.01200566068,-12.23475951,6.115467085,3.26902114,5.945504669,4.264817538,5.667417787,4.231966289,5.520430921,3.941357598,5.463916013,3.764909713,5.10774238,3.861902321,4.733177238,3.949569434,5.053877648,3.883361259,4.931405711,4.096451838,4.73050426,3.849043816,4.67405353,3.695220051,4.683231229,3.417073925,4.927020391,3.661894939,5.037374259,3.66299339,5.128000908,3.888750259,5.04351894,4.079873636,5.413494141,4.34695299,5.547246556,4.555629949,5.799617307,4.734619465,5.841669472,4.771397683,6.047531101,4.813567066,6.220978876,4.753521775,6.150483144,4.526249658,4.634107619,2.462516982,0.8143333148,0.3392299107,0.7403119717,close_to_moderate,1.491403703,false,false
DU-N,C:\Users\oscar\OneDrive\Public share - Mix Eval Dataset\MixEvaluation\audio\InTheMeantime\DU-N.mp3,DU-H,30,36,30,6,0,0.6569947399,false,true,true,false,,-4.073056888,0.6340592013,-2.233213455,-1.797006231e-06,-6.326596849,-8.762750818,0.0540189445,16.58632703,0.01105146203,-0.009461167268,-19.56580249,6.265914632,2.012111653,6.160136401,3.725891271,5.570408918,4.005640641,4.891372989,3.608779922,4.894279033,3.44495175,5.066771578,3.165330754,4.843523837,2.936836634,4.58562812,3.162517322,4.836874863,2.963159697,4.994930401,2.787372622,4.585071254,2.825979916,4.682472366,3.014435256,4.75907162,3.16423975,4.889909892,3.134134286,4.95659732,3.166540259,5.074326975,3.064181149,5.406355514,3.294679166,5.526362119,3.324064406,5.839496811,3.343793772,5.90029502,2.967114579,6.230049337,2.895034651,6.469004751,2.26162619,6.410821776,1.323607649,4.933747178,-0.9225684238,1.204407722,0.463194574,1.111777293,too_far,2.06675289,false,false
PXL-S6,C:\Users\oscar\OneDrive\Public share - Mix Eval Dataset\MixEvaluation\audio\InTheMeantime\PXL-S6.mp3,DU-H,30,36,29.999,6,-1,0.3458613705,false,false,false,false,,1.81095833,0.3072870059,-0.4307578545,-1.198004166e-06,-6.326596849,-6.82348633,0.05401894823,18.52559116,0.04283721745,-0.006446344778,-13.68178727,6.308875636,3.324364057,5.903004839,4.288327673,5.472683125,4.161777763,5.230105374,3.983086068,5.222463615,3.898002687,4.853237373,3.89972228,4.451987874,3.70209888,4.618976546,3.68325373,4.632451307,3.734014962,4.482509088,3.670329552,4.389780435,3.550988308,4.458883394,3.500332968,4.718592567,3.716102931,4.880273274,3.919175696,5.050502561,4.086893075,5.035124233,4.087594205,5.505783441,4.587271463,5.737001527,4.942861383,5.943244098,5.158629738,5.925323078,5.190622162,5.97450094,5.333003669,6.006012977,5.490396874,5.860931144,5.41455396,4.256064501,3.809648062,0.6100778174,0.1336023852,0.5952691374,too_close,9999,false,false
UCP-A1,C:\Users\oscar\OneDrive\Public share - Mix Eval Dataset\MixEvaluation\audio\InTheMeantime\UCP-A1.mp3,DU-H,30,36,29.999,6,-1,0.3683306341,false,false,false,false,,1.511408566,0.3696148782,-0.6379533143,5.990017808e-07,-6.326596849,-5.174232355,0.0540189594,20.17484357,0.03998216242,-0.01404289901,-13.98133703,6.305389234,2.959726993,6.115078956,3.769479996,5.677747594,3.607729992,5.587575705,3.595540675,5.297409035,3.625341569,4.838327882,3.595771812,4.57025017,3.517516558,4.943667579,3.525307238,4.824954307,3.625399322,4.621959802,3.706529533,4.638549318,3.775774373,4.771280773,3.7249011,4.941769425,3.970583726,5.050681331,4.217890339,5.168259519,4.351769215,5.099147747,4.48529989,5.51080915,4.903485102,5.714955302,5.170934549,5.836925508,5.278383404,5.872309782,5.273829908,5.968561483,5.383482634,6.129386659,5.46849085,6.098146051,5.34348931,4.544141162,3.725177773,0.8048967415,0.2262835535,0.7724341512,close_to_moderate,0.5373210001,false,false
UCP-A2,C:\Users\oscar\OneDrive\Public share - Mix Eval Dataset\MixEvaluation\audio\InTheMeantime\UCP-A2.mp3,DU-H,30,36,29.999,6,-1,0.3280724438,false,false,false,false,,2.622876888,0.3288968433,-0.4971932937,-5.990021423e-07,-6.326596849,-4.895920469,0.05401895195,20.45315614,0.05164319649,-0.02243815362,-12.86986871,6.154836279,3.096920877,5.999881989,4.013503484,5.667599085,3.784369039,5.522507253,3.742810726,5.338196901,3.797897232,4.936772483,3.797589616,4.683058522,3.647014812,5.085097642,3.709461494,5.062552506,3.836722826,4.903935565,3.923082848,4.835976071,3.930640232,4.898276039,3.850520514,5.049694816,4.083864213,5.138183504,4.340832636,5.246991463,4.453482114,5.182825135,4.566852127,5.590216047,4.989861148,5.804073734,5.260396133,5.932733504,5.359108513,5.943152771,5.340851848,6.015433304,5.455889737,6.143666181,5.556917631,6.095391846,5.446110377,4.466690844,3.820468085,0.9470080598,0.3062765672,0.8961132349,too_far,1.051790227,false,false
McG-A,C:\Users\oscar\OneDrive\Public share - Mix Eval Dataset\MixEvaluation\audio\InTheMeantime\McG-A.mp3,DU-H,30,36,30.022,6,22,0.2330510863,false,false,false,false,,0.6997646338,0.1069446937,-0.0499573428,5.990017808e-07,-6.326596849,-8.558772568,0.0540189594,16.79030336,0.03316667303,-0.007772289682,-14.79298096,6.181673684,3.232137131,5.82481542,4.014185594,5.656773381,3.997394716,5.230165406,3.854239574,5.267413373,3.998129693,4.949679577,4.029939693,4.733842178,4.158253961,4.969182889,4.088283565,4.991587628,4.083767571,4.779436366,3.892051023,4.759710421,3.687988749,4.866001788,3.598197045,5.040813241,3.719978144,5.120563425,3.792713181,5.18957432,3.835827289,4.872873345,3.653082272,5.33041877,4.020265033,5.448195121,4.20792709,5.539986319,4.303882798,5.479446953,4.320442328,5.516845367,4.439373966,5.54021173,4.569244977,5.466696388,4.629473516,4.612358895,3.920647354,0.8363393944,0.4125641304,0.7274987429,close_to_moderate,0.3891709871,false,false
McG-C,C:\Users\oscar\OneDrive\Public share - Mix Eval Dataset\MixEvaluation\audio\InTheMeantime\McG-C.mp3,DU-H,30,36,30.022,6,22,0.2738106804,false,false,false,false,,2.602368598,0.1521974472,-0.1017835654,5.990017808e-07,-6.326596849,-7.204914986,0.0540189594,18.14416029,0.05139989778,-0.006213196088,-12.890377,6.237809772,3.099312133,5.926105649,4.369084461,5.49498914,4.329884034,5.055820193,3.75984361,5.133443276,3.651766527,4.835734397,3.715844518,4.471626437,3.773585773,4.795562185,3.656851235,4.737447822,3.735880782,4.620408162,3.624482634,4.520416569,3.379861977,4.68753301,3.223695329,4.832491581,3.334616529,4.966302223,3.450882633,5.027608589,3.560145173,4.775746788,3.766795617,5.063272997,4.045304083,5.294854786,4.201242177,5.54891521,4.446924194,5.611481201,4.554838633,5.711468374,4.76996804,5.750937447,4.998844086,5.670889544,5.105826588,4.755953086,4.382751613,0.5923751994,0.2236311238,0.5485412449,too_close,9999,false,false
McG-H,C:\Users\oscar\OneDrive\Public share - Mix Eval Dataset\MixEvaluation\audio\InTheMeantime\McG-H.mp3,DU-H,30,36,30.022,6,22,0.2619281979,false,false,false,false,,1.309712706,0.2404141858,-0.2585637758,5.990017808e-07,-6.326596849,-5.48103062,0.0540189594,19.86804542,0.03816775978,-0.03701527044,-14.18303289,6.1674354,3.46468306,5.900250352,4.025399697,5.523818068,3.881303875,5.192861195,3.61785805,5.239560239,3.604297433,4.906667512,3.784107018,4.574079972,3.80616288,4.879570459,3.758926079,4.798948789,3.835277867,4.62050815,3.729183241,4.598786348,3.619672305,4.812247596,3.532982356,5.012226832,3.744425587,5.15352987,3.894655749,5.323062106,4.047171589,5.182881058,4.093349288,5.654099937,4.509583717,5.848614221,4.796777324,6.090512555,5.01281987,6.12090976,5.138917364,6.243656294,5.408666022,6.329409768,5.683256333,6.314161631,5.864132702,5.536262124,5.07003883,0.8040432246,0.1692677365,0.7860241347,close_to_moderate,0.495291036,false,false
DU-I,C:\Users\oscar\OneDrive\Public share - Mix Eval Dataset\MixEvaluation\audio\InTheMeantime\DU-I.mp3,DU-H,34,40,34,6,0,0.5350754071,false,true,false,false,,4.504479177,0.5450589561,-1.530999325,-5.428972079e-07,-6.099578236,-1.615287048,0.05960146338,22.87957434,0.1153086126,-0.08400613815,-9.381382911,6.249185622,3.930817812,5.991952816,4.556134943,5.652743722,4.591629121,5.401990072,4.400263383,5.351435559,4.346672515,5.248420922,4.374035181,4.938203737,4.279638256,5.097331673,4.489170873,5.591032081,4.859685509,5.372973794,4.553872804,5.229460171,4.620983479,5.327495641,4.485841365,5.275889632,4.54691057,5.393742514,4.553013931,5.668942448,4.762803919,5.699039565,4.897939887,5.967476621,5.28546066,6.122131935,5.497943024,6.42620296,5.721419749,6.501202774,5.756252589,6.669784488,5.921081514,6.843507611,6.117994834,6.72792877,5.992567883,5.184132482,4.434275088,1.403834827,0.9635860439,1.020908495,too_far,2.167177795,false,false
DU-J,C:\Users\oscar\OneDrive\Public share - Mix Eval Dataset\MixEvaluation\audio\InTheMeantime\DU-J.mp3,DU-H,34,40,33.998,6,-2,0.188704674,true,false,false,true,poor_global_alignment_confidence;extreme_stereo_imbalance,7.203795402,0.2268148732,-0.2293735285,-5.428972079e-07,-6.099578236,-6.966204916,0.05960146338,17.52865665,0.2146808505,0.5823410749,-6.682066686,5.97135157,5.139500153,5.818769782,5.152726229,5.542220688,5.052328583,5.2077285,4.561928963,5.57983012,4.749842932,5.52083404,4.75994655,4.887771125,4.365864995,5.256358459,4.716667114,6.007420021,5.262249468,5.589558326,4.869750196,5.200013656,4.602098725,5.467303271,4.622908957,5.202492859,4.507824242,5.192454449,4.416223705,5.320723898,4.566961124,5.216323212,4.601049285,5.378245178,4.825038623,5.420510421,4.921733664,5.664581059,5.161120082,5.66436291,5.226826634,5.650739307,5.234737058,5.651730318,5.249178519,5.366020703,5.0346763,3.56049551,3.22971108,1.430222037,1.168898757,0.8241424457,excluded,9999,false,false
DU-K,C:\Users\oscar\OneDrive\Public share - Mix Eval Dataset\MixEvaluation\audio\InTheMeantime\DU-K.mp3,DU-H,34,40,34.004,6,4,0.2325206703,false,false,true,false,,5.406000167,0.2589395495,-0.3014148921,1.085793878e-06,-6.099578236,-2.971480426,0.05960147455,21.52337966,0.141910255,0.0001199108665,-8.47986192,6.147900241,5.181764981,5.850953088,5.01350478,5.805451795,4.241722408,5.297779759,3.907457972,5.182104782,3.466560646,5.143982424,2.910418471,5.008249011,3.038715557,4.903976206,3.38856559,5.458655819,2.882871469,5.075366158,3.223423806,4.892594179,3.386179746,4.955176877,3.021504213,4.828596186,3.165290232,4.792558745,3.567319775,5.076302612,3.518958803,5.17853148,3.841136103,5.311961762,4.169491692,5.312360222,4.044724147,5.653534073,4.25718297,5.595071541,3.887178667,5.420892483,3.952026172,5.300883909,3.529352871,4.747080522,2.185428563,2.812928267,-0.4965345313,1.28311954,0.8861437512,0.9279789901,too_far,2.62673717,false,false
DU-L,C:\Users\oscar\OneDrive\Public share - Mix Eval Dataset\MixEvaluation\audio\InTheMeantime\DU-L.mp3,DU-H,34,40,34,6,0,0.6474959252,false,true,false,false,,3.182793371,0.6794471833,-2.689338549,-5.428972079e-07,-6.099578236,-5.862535485,0.05960146338,18.63232568,0.08505367488,-0.02820148505,-10.70306872,6.035305861,2.491165095,5.513547304,3.372798605,5.315630673,3.608103909,4.972651438,3.843614865,5.357470212,3.993585507,5.366182587,4.057204799,4.875230208,4.680214056,5.203540631,4.619076318,6.0170596,4.936573248,5.588372837,4.259080071,5.319522595,4.459564026,5.635822225,4.086538291,5.480330188,4.198699251,5.520177292,4.085357067,5.736905889,4.370122594,5.705887658,4.526414253,5.849679219,4.802147803,5.900188655,5.057051882,6.226986193,5.253739334,6.192269185,5.3741799,6.381701901,5.455621084,6.582778827,5.546643067,6.496122607,5.477747014,4.961586472,3.790554522,0.9089461723,0.2975732589,0.8588558085,close_to_moderate,1.209699109,false,false
DU-M,C:\Users\oscar\OneDrive\Public share - Mix Eval Dataset\MixEvaluation\audio\InTheMeantime\DU-M.mp3,DU-H,34,40,34,6,0,0.4214250155,true,false,false,false,,-1.242161446,0.4349572592,-0.9107961114,5.428968827e-07,-6.099578236,-8.41759669,0.05960147083,16.07726396,0.03070419095,-0.01213013567,-15.12802353,6.016030014,3.166528239,5.816064133,3.918884411,5.528296686,4.149133905,5.276175994,3.776626996,5.511235217,3.565076602,5.635138329,3.692977005,5.13002158,3.774174066,5.374268448,3.931380035,6.10733017,4.143155404,5.632715678,3.809432014,5.351799211,3.703473232,5.520003055,3.399421119,5.188871488,3.653226335,5.229708613,3.495605606,5.433265535,3.63876566,5.379273845,3.756714699,5.46609795,4.14222951,5.488955318,4.395743207,5.832697694,4.527194671,5.808389584,4.572603881,5.870772632,4.564697104,6.027849938,4.40842564,5.90542071,4.09097109,4.391830564,1.99027711,0.8436941678,0.4324048319,0.7244624974,close_to_moderate,0.8152259303,false,false
DU-N,C:\Users\oscar\OneDrive\Public share - Mix Eval Dataset\MixEvaluation\audio\InTheMeantime\DU-N.mp3,DU-H,34,40,34,6,0,0.6569947399,false,true,true,false,,0.1983123417,0.6547141773,-2.430983778,-5.428972079e-07,-6.099578236,-9.235111439,0.05960146338,15.25975018,0.04278041795,-0.03889016807,-13.68754975,6.362598121,2.02887462,6.138886363,3.533334807,5.603999975,4.095058776,4.895798365,3.570054437,5.078885939,3.814065802,5.382701782,4.012628363,5.020240438,3.988744657,4.804454497,3.694829116,5.7435165,4.354068974,5.613704814,4.124496891,4.993104378,3.720248652,5.275595126,3.950825293,5.067644021,3.840602857,5.04869714,3.789300629,5.133683147,3.797399855,5.274986385,3.753532945,5.4979882,3.737573331,5.580554981,3.633747,5.910585363,4.012284665,5.961501356,3.940643303,6.227435563,3.50556884,6.443181412,3.149052714,6.325497609,2.288513887,4.825281365,0.3328051241,1.002796478,0.5778243428,0.8195851427,too_far,0.5089810545,false,false
PXL-S6,C:\Users\oscar\OneDrive\Public share - Mix Eval Dataset\MixEvaluation\audio\InTheMeantime\PXL-S6.mp3,DU-H,34,40,33.999,6,-1,0.3458613705,false,false,false,false,,1.053281566,0.283264767,-0.3632509888,1.085793878e-06,-6.099578236,-3.813820862,0.05960147455,20.6810387,0.05208850652,0.0120662665,-12.83258052,6.423297551,3.471940668,5.854309332,4.310424059,5.48700978,4.319031788,5.149779307,4.058962943,5.27858456,4.033721806,5.247927564,4.232391088,4.707481378,4.041193503,4.907958726,4.177634172,5.674888616,4.546510813,5.290866425,4.272239462,5.005450889,4.075517795,5.30778195,4.000960863,5.111875575,3.951152963,5.175508934,4.04789928,5.45534986,4.263182523,5.46788698,4.318256557,5.677135677,4.737713462,5.798530492,5.053489301,6.085058658,5.262529246,6.034167778,5.332583244,6.006339861,5.383914348,6.049578879,5.45875769,5.82222036,5.318612619,4.190573069,3.688063344,0.6669585646,0.427702838,0.5117655805,too_close,9999,false,false
UCP-A1,C:\Users\oscar\OneDrive\Public share - Mix Eval Dataset\MixEvaluation\audio\InTheMeantime\UCP-A1.mp3,DU-H,34,40,33.999,6,-1,0.3683306341,false,false,false,false,,-0.7931285639,0.2796696013,-0.3537032293,5.428968827e-07,-6.099578236,-6.341330314,0.05960147083,18.15352983,0.0340487361,-0.02007028088,-14.67899065,6.355962949,3.027831262,6.005676131,3.672571177,5.519394332,3.801195613,5.332022139,3.583739661,5.303273779,3.721785584,5.209758144,3.802690836,4.809365134,3.743334894,5.200814775,3.853913207,6.025017282,4.034548272,5.62631391,3.937088584,5.315200186,4.002058449,5.599222404,3.851632848,5.306286574,4.003173109,5.262066811,4.193211039,5.46180483,4.378209502,5.451105735,4.542019595,5.63371015,4.994811639,5.761028038,5.263045358,5.969860459,5.318035149,5.94134107,5.349011045,5.962586016,5.367145551,6.114268442,5.354024082,6.01115736,5.105238815,4.419868621,3.432195118,0.62829758,0.06363573326,0.6250666704,too_close,9999,false,false
UCP-A2,C:\Users\oscar\OneDrive\Public share - Mix Eval Dataset\MixEvaluation\audio\InTheMeantime\UCP-A2.mp3,DU-H,34,40,33.999,6,-1,0.3280724438,false,false,false,false,,-0.5478088925,0.275024452,-0.341582354,1.628690838e-06,-6.099578236,-7.134274678,0.05960147828,17.36058466,0.03602739796,-0.03707628697,-14.43367098,6.183045815,3.245766805,5.905395123,3.93801623,5.530374213,3.827717706,5.265021121,3.669169447,5.312472121,3.781240229,5.252803641,3.854240653,4.875439033,3.762237057,5.367430514,3.946595925,6.1080759,4.149224192,5.747903967,4.071181544,5.47031534,4.100047043,5.645256193,3.877304338,5.34578806,4.006265778,5.263980746,4.171986843,5.450486767,4.358894177,5.430591208,4.536661171,5.620953546,4.980581153,5.743401465,5.241502061,5.962229807,5.281999159,5.91294844,5.298531071,5.903669896,5.328738259,6.034419206,5.322004647,5.912608906,5.110401897,4.265692661,3.437823034,0.6710088721,0.1933423986,0.6425508722,too_close,9999,false,false
McG-A,C:\Users\oscar\OneDrive\Public share - Mix Eval Dataset\MixEvaluation\audio\InTheMeantime\McG-A.mp3,DU-H,34,40,34.022,6,22,0.2330510863,false,false,false,false,,0.9753540981,0.1495930603,-0.0982906433,-1.456134474e-13,-6.099578236,-7.815073175,0.0596014671,16.67978781,0.05116219819,-0.03023013286,-12.91050799,6.315860169,3.467400781,5.765339906,4.010259119,5.505939867,4.22011301,5.084012336,4.013658976,5.323654343,4.201206728,5.432476691,4.499314013,4.968267324,4.371962514,5.175275993,4.524668227,5.845224438,4.79126209,5.542610976,4.523199607,5.331374308,4.23489356,5.580144935,4.161420379,5.28666227,4.045313154,5.286606376,3.96965497,5.461391003,4.077385041,5.248769956,3.985283079,5.361416147,4.115279369,5.32910554,4.197071379,5.56719712,4.377357292,5.440217049,4.392616528,5.373774487,4.409509631,5.433279462,4.51327417,5.278468264,4.483750731,4.275209295,3.618864098,0.7212330608,0.3234104109,0.6446571447,close_to_moderate,0.5246504748,false,false
McG-C,C:\Users\oscar\OneDrive\Public share - Mix Eval Dataset\MixEvaluation\audio\InTheMeantime\McG-C.mp3,DU-H,34,40,34.022,6,22,0.2738106804,false,false,false,false,,2.204118393,0.1841807745,-0.1498796044,1.628690838e-06,-6.099578236,-7.652848618,0.05960147828,16.84201076,0.06789310277,0.01506436151,-11.6817437,6.336983556,3.379716117,5.913736929,4.382992571,5.506666157,4.616555731,4.994237618,4.060335559,5.168727782,4.044332429,5.21196147,4.239109683,4.756712455,4.26138709,5.047798094,4.459447995,5.795377625,4.644874866,5.437576231,4.197007962,5.144196237,4.145926203,5.422889929,3.780518011,5.169654893,3.813060349,5.159838074,3.691000939,5.266291451,3.876546388,5.060979157,4.03955539,5.148055088,4.251133379,5.249835451,4.387005341,5.635310181,4.67233687,5.608603534,4.73766659,5.640203864,4.876160061,5.71238577,5.04736841,5.554729503,5.059199839,4.553363062,4.229196449,0.5980717709,0.3380878557,0.4933421175,too_close,9999,false,false
McG-H,C:\Users\oscar\OneDrive\Public share - Mix Eval Dataset\MixEvaluation\audio\InTheMeantime\McG-H.mp3,DU-H,34,40,34.022,6,22,0.2619281979,false,false,false,false,,0.2794173729,0.2280409915,-0.2319290813,-1.628691435e-06,-6.099578236,-6.087105905,0.05960145593,18.40775629,0.04358685389,-0.01887818798,-13.60644471,6.207615832,3.570330369,5.868584521,4.033627774,5.450899408,4.01317338,5.018808111,3.769286245,5.289004476,3.840745827,5.304772547,4.198562627,4.859953316,4.307305954,5.163068366,4.364154434,5.925805701,4.710985126,5.581780796,4.235611826,5.253609435,4.115527908,5.590096098,3.958545533,5.357460946,3.937595599,5.378768698,3.957117201,5.619075279,4.171862265,5.566522712,4.284558813,5.772102682,4.612226692,5.850947437,4.883973884,6.209261455,5.114711867,6.20933014,5.258239469,6.236022859,5.456739456,6.318382931,5.673730649,6.220575202,5.781605099,5.3415748,4.901377326,0.7007640232,0.01823959705,0.7005266114,too_close,9999,false,false
DU-I,C:\Users\oscar\OneDrive\Public share - Mix Eval Dataset\MixEvaluation\audio\InTheMeantime\DU-I.mp3,DU-H,38,44,38,6,0,0.5350754071,false,true,false,false,,3.686393686,0.5210735697,-1.375809339,-6.01847977e-07,-5.596100396,-1.990182964,0.0537635237,23.4000624,0.1265899092,-0.05253041163,-8.9760093,6.086565593,3.563368954,5.919656776,4.592059775,5.554033559,4.511946681,5.502088141,4.452473898,5.510358323,4.467464934,5.20853923,4.44026289,5.094919888,4.358429291,5.47343622,4.850012117,5.377980992,4.948244761,5.372769695,4.621598356,5.259306712,4.679631691,4.972133376,4.407140058,5.041117113,4.500663034,5.118781025,4.374014645,5.447035682,4.671575135,5.532604371,4.842111393,5.774985616,5.023113933,5.897285404,5.023312354,6.315362697,5.313658277,6.421416901,5.290213735,6.53924605,5.326644072,6.769519388,5.645713003,6.686517184,5.708371411,5.132582531,4.313718257,1.370773921,0.8210565138,1.097673606,too_far,1.847786968,false,false
DU-J,C:\Users\oscar\OneDrive\Public share - Mix Eval Dataset\MixEvaluation\audio\InTheMeantime\DU-J.mp3,DU-H,38,44,37.998,6,-2,0.188704674,true,false,false,true,poor_global_alignment_confidence;extreme_stereo_imbalance,6.423382564,0.2219210164,-0.2193319016,-1.203695834e-06,-5.596100396,-5.565713228,0.05376351997,19.82453267,0.2377376258,0.5933867693,-6.239020423,5.847850521,4.94718197,5.936452492,5.23379077,5.651943229,4.998345571,5.2450356,4.531501844,5.628718973,4.794251612,5.643094559,4.85404221,5.344992505,4.586584391,5.763895245,5.173658505,5.646994041,5.094360192,5.523798923,4.860663782,5.15052158,4.595740299,4.870487958,4.3025631,4.806306692,4.390231034,4.878004849,4.266574374,5.087295255,4.477671872,4.969669151,4.517349428,5.181557165,4.64424769,5.210787971,4.632880507,5.567290718,4.967420698,5.640196364,5.056595351,5.585658716,5.013162494,5.7895829,5.22417677,5.541651375,5.057401026,3.658935182,3.24165791,1.486173129,1.222961357,0.8444383268,excluded,9999,false,false
DU-K,C:\Users\oscar\OneDrive\Public share - Mix Eval Dataset\MixEvaluation\audio\InTheMeantime\DU-K.mp3,DU-H,38,44,38.004,6,4,0.2325206703,false,false,true,false,,3.841350018,0.2257628802,-0.2271956922,-1.805543732e-06,-5.596100396,-3.271005809,0.05376351625,22.11924069,0.1311881691,0.01869505458,-8.821052968,5.83330765,4.937656906,5.699716807,4.87834063,5.660474698,4.158132514,5.336223578,3.865618936,5.149539243,3.359349459,5.28668639,2.778416785,5.385779825,2.913332058,5.399055086,3.259620061,5.528415374,2.74565812,5.345431275,3.112197738,5.001764971,3.287449154,4.684143664,2.923551361,4.714530156,3.0516939,4.74032883,3.359272869,5.096100216,3.376657642,5.245492631,3.697819442,5.359923545,4.019191502,5.344648481,3.861167853,5.757191366,4.070578205,5.726847282,3.735213978,5.50336751,3.755104471,5.544913735,3.445079477,5.144556561,2.399672668,3.161707017,0.03549683982,1.179728311,0.6684137895,0.9721017917,too_far,1.998942058,false,false
DU-L,C:\Users\oscar\OneDrive\Public share - Mix Eval Dataset\MixEvaluation\audio\InTheMeantime\DU-L.mp3,DU-H,38,44,38,6,0,0.6474959252,false,true,false,false,,4.740446074,0.6264502461,-2.164105544,-6.01847977e-07,-5.596100396,-5.724919084,0.0537635237,19.66532662,0.1613631397,-0.05140219629,-7.921956912,5.885113222,1.665924379,5.422512928,2.636575973,5.289141686,3.403812278,5.039449418,4.074862564,5.460359259,4.246535203,5.47465429,3.867598166,5.320635282,4.589775406,5.757452791,5.124302192,5.751722607,5.190900801,5.5480261,4.569633406,5.320041712,4.769337231,5.075425602,4.317273824,5.092716948,4.423973425,5.172853145,4.133843308,5.504420273,4.451354829,5.537334083,4.64248041,5.682307864,4.671738217,5.770243594,4.682223937,6.148474485,4.964735251,6.126593053,4.957323266,6.244846258,4.993356576,6.51551379,5.244623437,6.471610281,5.310396198,4.957433454,3.694657776,1.261234827,0.7145269456,1.039309643,too_far,2.10716621,false,false
DU-M,C:\Users\oscar\OneDrive\Public share - Mix Eval Dataset\MixEvaluation\audio\InTheMeantime\DU-M.mp3,DU-H,38,44,38,6,0,0.4214250155,true,false,false,false,,-2.517296,0.3893207166,-0.7138426817,6.018476113e-07,-5.596100396,-8.854632879,0.05376353115,16.53561142,0.03034101613,-0.0002671435068,-15.17969899,5.817945396,2.42563657,5.682665419,3.751578331,5.511612168,3.782372939,5.318731365,3.695246053,5.582006364,3.568736207,5.725588004,3.456717597,5.512092039,3.550806358,5.900116189,4.226162609,5.882648743,3.900615356,5.711934418,3.62260539,5.368584779,3.648529461,5.001079119,3.355006951,4.820283847,3.705396514,4.878294527,3.307580376,5.184336723,3.549119671,5.138993362,3.672864596,5.288012091,3.812011327,5.352689958,3.810088403,5.727750792,3.968795814,5.641699534,3.923398924,5.633967723,3.979907048,5.854719337,4.113939484,5.759372592,3.981097449,4.219086125,2.037294972,1.028611484,0.6209807296,0.8200149496,too_far,1.44644034,false,false
DU-N,C:\Users\oscar\OneDrive\Public share - Mix Eval Dataset\MixEvaluation\audio\InTheMeantime\DU-N.mp3,DU-H,38,44,38,6,0,0.6569947399,false,true,true,false,,2.159879282,0.649119487,-2.375885692,-6.01847977e-07,-5.596100396,-9.07614101,0.0537635237,16.31410419,0.08907333016,-0.02517657727,-10.5025237,6.281858334,1.786554747,6.116737911,3.737527764,5.571985746,4.01723084,4.945501614,3.8109629,5.116163381,4.107017279,5.405571891,4.355646024,5.176956746,4.430752326,5.084122295,4.345645037,5.366147781,4.761400365,5.499907601,4.706647804,5.030088595,3.954337085,4.815239805,3.845046654,4.882492353,3.918811268,4.798085547,3.901005815,4.903757779,3.951054053,5.053459307,4.053961661,5.277712902,4.082458927,5.261497751,4.015657989,5.657845782,4.453033779,5.754553234,4.473526987,5.976771793,3.997705506,6.295669096,3.768196142,6.279346108,3.062146654,4.847501871,0.9560322494,0.9075837362,0.6820194085,0.5987969311,close_to_moderate,1.100316741,false,false
PXL-S6,C:\Users\oscar\OneDrive\Public share - Mix Eval Dataset\MixEvaluation\audio\InTheMeantime\PXL-S6.mp3,DU-H,38,44,37.999,6,-1,0.3458613705,false,false,false,false,,-0.07635615801,0.29924037,-0.4074141842,-1.203695834e-06,-5.596100396,-3.605216178,0.05376351997,21.78503018,0.05322603509,0.008474729955,-12.73875914,6.304061673,3.064382156,5.905589547,4.231063949,5.516162215,4.164496023,5.179647409,4.07266037,5.340529902,4.168503199,5.332877059,4.230019311,5.067603499,4.104460968,5.38109249,4.62184283,5.395974901,4.459970764,5.270100675,4.389511927,4.952879242,4.224761272,4.665446986,3.878964374,4.698764194,3.957657955,4.81518184,3.884289657,5.190294979,4.137535115,5.184498548,4.128686783,5.509507318,4.433197505,5.615010138,4.580177004,5.969087158,4.932552246,5.904152499,4.956261673,5.84696844,4.940203739,5.994625968,5.181200993,5.87349697,5.228371042,4.275929492,3.756377681,0.66942839,0.3668507733,0.5599597124,too_close,9999,false,false
UCP-A1,C:\Users\oscar\OneDrive\Public share - Mix Eval Dataset\MixEvaluation\audio\InTheMeantime\UCP-A1.mp3,DU-H,38,44,37.999,6,-1,0.3683306341,false,false,false,false,,-1.486015135,0.3288481051,-0.4970384111,-1.610426869e-13,-5.596100396,-5.843621869,0.05376352742,19.54662277,0.0384731926,-0.008938008919,-14.14841812,6.233958963,2.663257046,6.067624425,3.621881614,5.659860601,3.765455312,5.534685764,3.693118263,5.445101181,3.799986965,5.329239711,3.870409007,5.190212188,3.849197812,5.660356534,4.220490867,5.702569974,4.353973715,5.527759071,4.228003374,5.310002474,4.124536368,5.002574289,3.861494322,4.93968842,3.946270893,4.942185862,4.006624374,5.243312599,4.193312376,5.226125327,4.215458876,5.418915376,4.48595872,5.527297202,4.645847849,5.827843969,4.838207807,5.757364846,4.816053248,5.747992967,4.856329762,6.018692445,5.022290999,5.994437488,5.042013936,4.454542216,3.542481943,0.7018417354,0.1140854117,0.6925072855,close_to_moderate,0.6314883055,false,false
UCP-A2,C:\Users\oscar\OneDrive\Public share - Mix Eval Dataset\MixEvaluation\audio\InTheMeantime\UCP-A2.mp3,DU-H,38,44,37.999,6,-1,0.3280724438,false,false,false,false,,-0.917175769,0.2706495321,-0.3303792142,-6.01847977e-07,-5.596100396,-6.137175458,0.0537635237,19.25307047,0.04385732114,-0.01314520836,-13.57957876,6.10807905,2.651438755,5.90370757,3.701849748,5.591957788,3.822384269,5.42964306,3.768131588,5.509411882,3.9193803,5.408746153,3.973925556,5.234020822,3.939325891,5.981371818,4.412260833,5.823318476,4.450720883,5.718240262,4.401316229,5.585411144,4.352567995,5.138436569,4.000554064,5.147364528,4.074922669,4.982874304,4.048113892,5.26517878,4.24951292,5.234337125,4.286932172,5.467388456,4.521747749,5.587687168,4.669711858,5.895268506,4.838701387,5.808611391,4.81290318,5.779308593,4.84045892,6.04091846,4.995615692,5.96869058,5.030402668,4.35357817,3.508174791,0.7822770038,0.1210691537,0.7728515839,close_to_moderate,0.3585045864,false,false
McG-A,C:\Users\oscar\OneDrive\Public share - Mix Eval Dataset\MixEvaluation\audio\InTheMeantime\McG-A.mp3,DU-H,38,44,38.022,6,22,0.2330510863,false,false,false,false,,1.154806401,0.2322265494,-0.2407633988,6.018476113e-07,-5.596100396,-7.62631354,0.05376353115,17.76393066,0.07067086548,-0.02974793687,-11.50759659,6.138018241,3.027142977,5.673723483,3.859910361,5.511768121,4.168623172,5.123282996,4.059335462,5.43854687,4.386541294,5.58152642,4.457036845,5.395505057,4.29231955,5.778091376,5.072145134,5.608803921,4.673545569,5.6312121,4.691621443,5.349093956,4.414245224,5.003258191,3.998618762,4.934945543,4.03284705,4.934981169,3.853939206,5.233486161,3.984852705,5.016736816,3.873092728,5.257029717,4.01801982,5.273179526,4.036618743,5.583691884,4.314478808,5.471420307,4.330416998,5.346180347,4.26531545,5.485935636,4.445542158,5.357308533,4.475124453,4.503718123,3.786702978,0.746413419,0.389862025,0.6365065542,close_to_moderate,0.5044349804,false,false
McG-C,C:\Users\oscar\OneDrive\Public share - Mix Eval Dataset\MixEvaluation\audio\InTheMeantime\McG-C.mp3,DU-H,38,44,38.022,6,22,0.2738106804,false,false,false,false,,2.167456625,0.2768699928,-0.3463699385,-6.01847977e-07,-5.596100396,-7.699799736,0.0537635237,17.69044577,0.08922886103,0.005477753468,-10.49494636,6.283573017,2.750414104,5.901921086,4.280898474,5.434598844,4.340807455,4.988382989,4.034768174,5.235998808,4.222328661,5.294149618,4.095622453,5.117389194,4.01345452,5.49776308,4.998999274,5.420996716,4.67257274,5.304640549,4.384529867,5.088828869,4.388141403,4.840973399,3.920610636,4.795536783,4.079378808,4.790757501,3.675460731,5.006867842,3.933114785,4.870802547,4.097371701,5.029628543,4.193020035,5.163186688,4.161300235,5.634057486,4.44609704,5.655386057,4.502394076,5.678981552,4.578158328,5.912564857,4.85314742,5.782147765,5.015288938,4.824860607,4.387880608,0.6298612821,0.4525174872,0.4381245924,too_close,9999,false,false
McG-H,C:\Users\oscar\OneDrive\Public share - Mix Eval Dataset\MixEvaluation\audio\InTheMeantime\McG-H.mp3,DU-H,38,44,38.022,6,22,0.2619281979,false,false,false,false,,-0.9652373344,0.2740195281,-0.3389893069,-1.610426869e-13,-5.596100396,-5.409767775,0.05376352742,19.98047704,0.04337464273,-0.02012134902,-13.62764032,6.115056558,3.196935792,5.919068393,3.856518425,5.496852632,3.804619035,5.032344491,3.688697223,5.349816404,3.913986047,5.432723932,3.868997756,5.255102189,3.882884658,5.695630595,4.717353638,5.644187043,4.488520471,5.571622188,4.232846397,5.21343966,4.23166197,4.967695067,3.883596807,4.905599786,3.971831604,5.017867912,3.832940176,5.369166306,4.086351353,5.323251476,4.186470003,5.616992371,4.369649793,5.729268847,4.520523237,6.169584376,4.844816814,6.199166013,4.958116336,6.17078417,5.129773119,6.40850639,5.485961841,6.371305269,5.730306004,5.598150058,5.040531429,0.8055098499,0.07969376889,0.8015578716,close_to_moderate,0.3497342911,false,false
DU-I,C:\Users\oscar\OneDrive\Public share - Mix Eval Dataset\MixEvaluation\audio\InTheMeantime\DU-I.mp3,DU-H,42,48,42,6,0,0.5350754071,false,true,false,false,,5.177296003,0.5187621816,-1.361503973,-1.087152367e-06,-5.165772411,-1.581055963,0.059527006,22.92466329,0.1486559808,-0.004953884985,-8.278176367,6.141171329,3.743890414,6.037096151,4.772414076,5.656679465,4.640838112,5.673167599,4.700056384,5.610542019,4.628845612,5.228540887,4.526318816,5.085789356,4.407333552,5.498393643,4.902595372,5.45306209,5.060675058,5.520536374,4.932013418,5.301024842,4.786195231,5.085532739,4.571664081,5.162656169,4.809144664,5.108639836,4.566569155,5.364427738,4.797667786,5.485734532,4.869879045,5.806741981,5.097492715,6.030245562,5.093536644,6.424659329,5.626464361,6.662019419,5.87302487,6.730551254,5.912652915,6.793052008,6.059615266,6.761079558,6.062976508,5.221496073,4.580429899,1.662750415,0.9549261632,1.361196153,too_far,2.661579273,false,false
DU-J,C:\Users\oscar\OneDrive\Public share - Mix Eval Dataset\MixEvaluation\audio\InTheMeantime\DU-J.mp3,DU-H,42,48,41.998,6,-2,0.188704674,true,false,false,true,poor_global_alignment_confidence;extreme_stereo_imbalance,6.990848238,0.1925564481,-0.1640875859,1.087151938e-06,-5.165772411,-4.326079104,0.0595270209,20.1796378,0.2257031351,0.6093711257,-6.464624132,5.945501841,5.045527713,6.068928736,5.272932365,5.685841047,4.980580462,5.392814524,4.665810477,5.727237323,4.846473793,5.636662145,4.820267073,5.397623125,4.679889926,5.853609937,5.194752215,5.751940467,5.163581195,5.69349822,5.070488286,5.368211146,4.788926894,5.096836096,4.499343887,5.034713909,4.674664392,4.871185614,4.385729611,4.996458114,4.525355244,4.961486319,4.49234372,5.27872862,4.699863981,5.435542289,4.792454217,5.782619083,5.212542231,5.942881418,5.415489486,5.841150532,5.344998611,5.742605087,5.294896909,5.519914962,5.130374337,3.70617238,3.340843139,1.613993423,1.212914682,1.064806434,excluded,9999,false,false
DU-K,C:\Users\oscar\OneDrive\Public share - Mix Eval Dataset\MixEvaluation\audio\InTheMeantime\DU-K.mp3,DU-H,42,48,42.004,6,4,0.2325206703,false,false,true,false,,5.3417174,0.2336410482,-0.2437902011,1.087151938e-06,-5.165772411,-0.5826205479,0.0595270209,23.92309662,0.1543919146,0.02510471642,-8.11375497,5.821586881,4.953434387,5.772779164,4.918291339,5.693649788,4.222037771,5.459137732,3.919037501,5.401254601,3.454733498,5.329443182,2.832454067,5.20979115,2.985590309,5.486411259,3.322977207,5.640605835,2.858594078,5.55414926,3.25390558,5.125934821,3.377017016,4.850434567,2.950552293,4.994642214,3.072641422,4.927040056,3.512527728,5.143594508,3.471121652,5.336272617,3.79830808,5.49943931,4.07063793,5.441561116,3.959503468,5.955799501,4.208489491,6.211365192,3.80933107,5.940765794,3.841050134,5.755826532,3.484162017,5.224839774,2.07483142,3.208500635,-0.6614914943,1.543087399,1.114840624,1.066887578,too_far,2.881915012,false,false
DU-L,C:\Users\oscar\OneDrive\Public share - Mix Eval Dataset\MixEvaluation\audio\InTheMeantime\DU-L.mp3,DU-H,42,48,42,6,0,0.6474959252,false,true,false,false,,4.01717189,0.6192453199,-2.100415281,-2.174304723e-06,-5.165772411,-4.769518075,0.05952699855,19.7362022,0.1138072684,-0.05675990507,-9.43830048,5.975402684,1.857724501,5.584497298,2.734939435,5.391300461,3.54335586,5.254399369,3.972885164,5.570443198,3.966062666,5.428351321,3.915255844,5.298962477,4.31060386,5.814359688,5.002760966,5.790575056,5.082247153,5.760015548,4.786075839,5.541742753,4.628156302,5.339261887,4.24292328,5.429096284,4.555930158,5.261248263,4.186497621,5.492673579,4.43033729,5.474424456,4.45558714,5.807640683,4.539166924,6.014842368,4.466751862,6.30684447,4.883942817,6.331381186,4.790325719,6.443583238,5.047812747,6.612088392,5.416147253,6.671144018,5.650467435,5.218561975,4.100102633,1.287859109,0.4633325486,1.20162558,too_far,1.880644527,false,false
DU-M,C:\Users\oscar\OneDrive\Public share - Mix Eval Dataset\MixEvaluation\audio\InTheMeantime\DU-M.mp3,DU-H,42,48,42,6,0,0.4214250155,true,false,false,false,,-0.7619836082,0.3954357054,-0.7384762809,2.174303887e-06,-5.165772411,-6.628718528,0.05952702835,17.87699747,0.03786643222,-0.0002709428954,-14.21745598,6.065227833,2.571933897,5.953788471,3.605874927,5.645654709,3.791020307,5.554673201,3.893458617,5.68828248,3.626058632,5.701443515,3.669370839,5.499136562,3.852557057,5.998987448,4.294913724,5.917816864,4.247800351,5.875705137,4.112861588,5.559202381,4.015973256,5.26279503,3.749014734,5.071012328,4.175738773,4.891078085,3.737917596,5.081165972,3.938659925,5.107501071,3.826618845,5.448119855,3.881349018,5.647797928,3.861435609,5.940040793,4.218097445,5.926416263,4.082376539,5.946148341,4.268753272,6.045146742,4.428405209,6.031563157,4.375436955,4.526591651,2.484046113,0.9067899184,0.273838581,0.8644538088,close_to_moderate,0.7102594377,false,false
DU-N,C:\Users\oscar\OneDrive\Public share - Mix Eval Dataset\MixEvaluation\audio\InTheMeantime\DU-N.mp3,DU-H,42,48,42,6,0,0.6569947399,false,true,true,false,,1.192479262,0.6676107507,-2.562578321,1.087151938e-06,-5.165772411,-7.311378488,0.0595270209,17.19433856,0.05938826874,-0.006366321351,-12.26299311,6.400908258,1.78976119,6.210008252,3.768036458,5.590152322,3.998796376,5.080002531,3.901761877,5.144280362,4.12194071,5.390092298,4.31006631,5.167278058,4.09215386,5.10748053,4.363278196,5.401455505,4.68905793,5.674633837,4.779905184,5.125527838,4.059330188,4.963033406,3.974102006,5.046710645,4.08867717,4.899212951,3.784436875,4.936261032,3.822404299,5.003565033,3.994120482,5.29458236,4.095414737,5.401396865,4.070881427,5.838560635,4.564624532,5.951708626,4.731995347,6.197715895,4.323303203,6.466383333,3.914225919,6.504751964,3.218713458,5.07594828,0.9404771168,0.8194590092,0.4065571699,0.711494438,close_to_moderate,0.6736020074,false,false
PXL-S6,C:\Users\oscar\OneDrive\Public share - Mix Eval Dataset\MixEvaluation\audio\InTheMeantime\PXL-S6.mp3,DU-H,42,48,41.999,6,-1,0.3458613705,false,false,false,false,,0.298512445,0.3912698873,-0.7216379927,-1.456134474e-13,-5.165772411,-4.132569208,0.05952701345,20.3731487,0.04833970591,0.01486198138,-13.15695992,6.410404937,3.230718,6.025395068,4.311035612,5.488760766,4.176582374,5.290131344,4.201416927,5.367922131,4.190284991,5.216965959,4.196586023,5.012593739,4.090773957,5.384433683,4.541143036,5.378180422,4.452708077,5.36242584,4.509986395,5.095068081,4.25938668,4.830367474,4.015071372,4.861773413,4.092477493,4.748462784,3.966096822,5.050657903,4.19287735,5.093507856,4.181497332,5.541343207,4.424610407,5.783551755,4.592536797,6.068832204,5.040923648,6.078683581,5.051898694,5.991120215,5.100644499,5.974842481,5.34685103,5.931574569,5.440677505,4.350693682,3.945008037,0.7140338548,0.1915535677,0.6878601431,close_to_moderate,0.2036702445,false,false
UCP-A1,C:\Users\oscar\OneDrive\Public share - Mix Eval Dataset\MixEvaluation\audio\InTheMeantime\UCP-A1.mp3,DU-H,42,48,41.999,6,-1,0.3683306341,false,false,false,false,,-1.18088235,0.402859148,-0.7690836052,-1.630728527e-06,-5.165772411,-5.080885228,0.05952700227,19.4248343,0.03438464552,-0.001052955631,-14.63635472,6.338925388,2.715287834,6.1993845,3.733463591,5.741557881,3.787535084,5.675838095,3.891850968,5.512412815,3.927079319,5.271589741,3.913893473,5.12374482,3.78649581,5.670587403,4.27800348,5.687886985,4.362934907,5.651149013,4.339469153,5.438349004,4.168412245,5.162656986,3.92153106,5.067445393,4.068734523,4.898848177,4.118839213,5.109442067,4.270272108,5.124184774,4.235910634,5.469541821,4.406562636,5.705109647,4.567290709,5.938296683,4.97437194,5.928181334,4.908387744,5.921179337,5.043981292,6.049412293,5.271270822,6.113448764,5.325012134,4.613674636,3.812040568,0.8235673694,0.07326682442,0.8203018861,close_to_moderate,0.4236514482,false,false
UCP-A2,C:\Users\oscar\OneDrive\Public share - Mix Eval Dataset\MixEvaluation\audio\InTheMeantime\UCP-A2.mp3,DU-H,42,48,41.999,6,-1,0.3280724438,false,false,false,false,,-0.4667183236,0.3532401853,-0.5788221222,-1.456134474e-13,-5.165772411,-4.993377418,0.05952701345,19.51234043,0.04053040594,-0.01079212129,-13.92219069,6.232466393,2.887919351,6.036910184,3.832501819,5.691727855,3.949803997,5.577944891,3.991062518,5.540439954,4.031646576,5.331236854,4.030037591,5.221689809,3.895730423,5.970660095,4.423752628,5.831827346,4.445960738,5.850003649,4.508882867,5.674928356,4.378533985,5.292527395,4.081670361,5.212933205,4.200551622,4.928549964,4.161225713,5.132964426,4.344127441,5.139987102,4.287329674,5.520427683,4.452836026,5.767058366,4.583109265,6.012134049,4.98328877,5.983084868,4.924155124,5.949292416,5.065843227,6.043121432,5.262978162,6.070415099,5.331700972,4.490184327,3.793630799,0.8971280669,0.04412786501,0.8960421307,close_to_moderate,0.2472547366,false,false
McG-A,C:\Users\oscar\OneDrive\Public share - Mix Eval Dataset\MixEvaluation\audio\InTheMeantime\McG-A.mp3,DU-H,42,48,42.022,6,22,0.2330510863,false,false,false,false,,1.428439754,0.2886669598,-0.3778636679,-5.435762391e-07,-5.165772411,-7.175503283,0.05952700973,17.33021523,0.06270422041,-0.035667032,-12.02703262,6.24615904,3.153738316,5.831989254,3.981205386,5.555752297,4.138350338,5.265683583,4.165775163,5.492175832,4.402031706,5.4655232,4.428760479,5.351805281,4.443994601,5.804124612,5.024895543,5.670725048,4.684633405,5.766320979,4.790683305,5.578939606,4.493624781,5.227088812,4.164475741,5.156318135,4.178636555,4.879054823,3.863179879,5.084378496,3.929041403,4.906265866,3.817180395,5.350435434,4.060645028,5.537888283,4.199308817,5.720223801,4.450193278,5.639499694,4.454021268,5.515226508,4.385904317,5.467654566,4.494918081,5.434544701,4.593058758,4.625409245,3.919382501,0.8395552706,0.3883413662,0.7443413435,close_to_moderate,0.5262844408,false,false
McG-C,C:\Users\oscar\OneDrive\Public share - Mix Eval Dataset\MixEvaluation\audio\InTheMeantime\McG-C.mp3,DU-H,42,48,42.022,6,22,0.2738106804,false,false,false,false,,1.585874282,0.3618283157,-0.6094003469,-1.456134474e-13,-5.165772411,-5.965729668,0.05952701345,18.53998814,0.06501898915,-0.0002960759739,-11.86959809,6.385900844,2.968243786,6.029586915,4.080096192,5.45340016,4.128285492,5.175803726,3.948227518,5.372215711,3.984740942,5.268431689,3.972924471,5.094162149,4.075679259,5.544291654,4.819475011,5.492732047,4.593066025,5.478551474,4.514739867,5.267274072,4.28086447,5.024739488,3.907583548,4.978058908,4.115908577,4.795942373,3.713369975,4.961723378,3.851499051,4.792479177,3.876405862,5.101505382,4.06599911,5.42096812,4.113527197,5.803144551,4.401917338,5.847771503,4.479457273,5.829636999,4.649105117,5.798181499,4.946330483,5.77307496,5.183294518,4.963721721,4.564278963,0.5815540861,0.1981941229,0.5467396499,too_close,9999,false,false
McG-H,C:\Users\oscar\OneDrive\Public share - Mix Eval Dataset\MixEvaluation\audio\InTheMeantime\McG-H.mp3,DU-H,42,48,42.022,6,22,0.2619281979,false,false,false,false,,-0.3317406681,0.2815315586,-0.3586285636,1.087151938e-06,-5.165772411,-3.862747704,0.0595270209,20.64296913,0.04180985689,-0.01820229553,-13.78721304,6.207780469,3.268123049,6.063233835,3.920311799,5.542907809,3.831025875,5.235265249,3.824861513,5.466671665,3.954180661,5.411803834,3.963910694,5.217596735,3.998601483,5.752868191,4.654879831,5.72953262,4.499065823,5.697906506,4.439178462,5.441453412,4.274552006,5.198255749,3.99576064,5.134364683,4.128818225,5.024707105,3.95126935,5.300416119,4.179789275,5.280992903,4.162818891,5.705670577,4.381425495,5.980476136,4.571144412,6.343190963,4.963846071,6.448131141,5.072437842,6.421852158,5.263979076,6.463228704,5.605108228,6.452765408,5.908086313,5.703192722,5.199213272,1.017351214,0.2410825422,0.9883737651,too_far,0.3202357038,false,false
DU-I,C:\Users\oscar\OneDrive\Public share - Mix Eval Dataset\MixEvaluation\audio\InTheMeantime\DU-I.mp3,DU-H,46,52,46,6,0,0.5350754071,false,true,false,false,,5.299183313,0.5068554438,-1.289542022,-5.610592079e-07,-5.189931026,-1.833106601,0.05767210945,22.94757695,0.1626076251,0.001502551255,-7.88859092,6.095708918,3.72647204,6.046145463,4.852012935,5.782546382,4.724349904,5.58513036,4.696336797,5.531078611,4.705651754,5.153583813,4.566294091,4.969874181,4.519970119,5.194104068,4.680859977,5.303736213,4.874333059,5.423380083,4.839468754,5.22007152,4.749270297,5.269781333,4.70508267,5.213317825,4.836444084,5.213694972,4.678023264,5.331424622,4.860011672,5.543574207,4.93050726,5.8414607,5.167527117,6.008422278,5.148901324,6.483885595,5.734202882,6.709218452,5.930431785,6.812670732,6.03616024,6.837725839,6.144917564,6.779071013,6.081181703,5.2269029,4.562251413,1.708512284,0.9825908486,1.397687179,too_far,2.7500017,false,false
DU-J,C:\Users\oscar\OneDrive\Public share - Mix Eval Dataset\MixEvaluation\audio\InTheMeantime\DU-J.mp3,DU-H,46,52,45.998,6,-2,0.188704674,true,false,false,true,poor_global_alignment_confidence;extreme_stereo_imbalance,6.682164346,0.2108168175,-0.1974368404,-5.610592079e-07,-5.189931026,-5.691980764,0.05767210945,19.08870209,0.223583132,0.607134223,-6.505609887,5.944633454,5.049248384,6.119327083,5.35646004,5.746383728,4.983051872,5.275047712,4.636508371,5.634071787,4.792228642,5.460466718,4.764165357,5.186095589,4.758407892,5.478323128,4.891647599,5.655860824,5.094174411,5.512663551,5.020956509,5.382117177,4.814078973,5.356372221,4.671934215,5.142089869,4.697160785,4.992368558,4.454536058,5.005518029,4.539794828,5.124760225,4.631257554,5.368519922,4.800583378,5.465847166,4.838080757,5.883414033,5.318298405,6.009988342,5.470060143,5.97312974,5.494593915,5.820774925,5.416676112,5.588446021,5.226835393,3.789125394,3.418575491,1.596379903,1.173420591,1.0823645,excluded,9999,false,false
DU-K,C:\Users\oscar\OneDrive\Public share - Mix Eval Dataset\MixEvaluation\audio\InTheMeantime\DU-K.mp3,DU-H,46,52,46.004,6,4,0.2325206703,false,false,true,false,,5.066454422,0.1829795585,-0.1478986274,-1.122118302e-06,-5.189931026,-0.1362957015,0.05767210573,24.64438784,0.1541231871,0.01565345749,-8.121319811,5.834715573,4.971543069,5.881002708,4.936655326,5.56820842,4.233996281,5.282403283,3.955850404,5.481048641,3.445835232,5.128131593,2.818117116,5.017245531,2.961710309,5.246393921,3.327869361,5.371873789,2.841695053,5.199156136,3.190444263,5.243391803,3.338415436,5.277636442,2.942066429,5.319864036,3.131218382,5.273053875,3.464909992,5.343159304,3.476094421,5.461675185,3.745149346,5.650259579,4.015399318,5.596437736,3.960600919,6.202880974,4.204596979,6.398939956,3.842997532,6.125901993,3.827470694,5.974510433,3.490119851,5.394737123,2.160299225,3.303972318,-0.6006467521,1.637723474,1.169089698,1.146894701,too_far,2.915672087,false,false
DU-L,C:\Users\oscar\OneDrive\Public share - Mix Eval Dataset\MixEvaluation\audio\InTheMeantime\DU-L.mp3,DU-H,46,52,46,6,0,0.6474959252,false,true,false,false,,1.693903094,0.6206119593,-2.112375185,-5.610592079e-07,-5.189931026,-4.282171607,0.05767210945,20.49851143,0.07089455426,-0.05724623799,-11.49387114,6.016667625,1.913247826,5.69527558,2.868851169,5.593021099,3.769726425,5.216706713,3.830494912,5.445475751,3.492804991,5.309934944,4.333716171,5.102977028,4.681976651,5.399329255,4.588636356,5.654835813,4.710612224,5.645584912,4.862321844,5.437929812,4.321194241,5.484958631,4.090077003,5.492368045,4.370649692,5.36142519,4.048610761,5.503482705,4.31225634,5.69761824,4.417094796,5.877850395,4.40943257,6.01167768,4.315453567,6.387315381,4.733800083,6.455879064,4.656414544,6.556767221,5.016216346,6.707898175,5.459117874,6.755964715,5.705089235,5.318091307,4.114478242,1.208569928,0.2263602732,1.187182504,too_far,0.9882112671,false,false
DU-M,C:\Users\oscar\OneDrive\Public share - Mix Eval Dataset\MixEvaluation\audio\InTheMeantime\DU-M.mp3,DU-H,46,52,46,6,0,0.4214250155,true,false,false,false,,0.2192606795,0.4201252517,-0.8433904658,-1.504350848e-13,-5.189931026,-7.387340187,0.05767211318,17.39334238,0.05048340559,-0.006657893769,-12.96851355,6.133059427,2.809395007,6.075419788,3.95138048,5.815895741,4.000062748,5.560604255,4.070537455,5.646603417,3.716118071,5.513909544,4.108508983,5.282023873,4.372443118,5.649568271,4.231429745,5.774071474,4.484666686,5.648317659,4.459029941,5.533229024,4.108338163,5.5197501,3.822345888,5.220701128,4.153293169,5.046478592,3.776758086,5.059506667,3.996384457,5.274991856,4.000763729,5.487230926,3.989933543,5.614147035,3.985894109,6.03991845,4.352030495,6.051061242,4.190337036,6.103439117,4.327187715,6.183791497,4.544532178,6.160750448,4.553947195,4.668434304,2.657079621,0.9650149002,0.4051847087,0.8758305255,too_far,0.5785313945,false,false
DU-N,C:\Users\oscar\OneDrive\Public share - Mix Eval Dataset\MixEvaluation\audio\InTheMeantime\DU-N.mp3,DU-H,46,52,46,6,0,0.6569947399,false,true,true,false,,-1.290195345,0.6507821215,-2.392137558,-1.504350848e-13,-5.189931026,-7.624172463,0.05767211318,17.15651011,0.03566178307,-0.009772199206,-14.47796958,6.373976176,1.84700711,6.238626626,3.976334057,5.772292396,3.970606647,5.137589512,3.772244594,5.089400952,4.167272406,5.363070504,4.131554717,5.190890227,3.779228186,4.895067423,3.980060565,5.399135707,4.243616837,5.727360559,4.209772919,5.023501992,3.972164446,5.049504495,4.16682305,4.986854551,4.12042144,4.89516695,3.833502064,4.913138711,3.827138136,5.102573605,3.997104183,5.314701277,4.106994033,5.400263266,4.02032363,5.879300779,4.589438416,5.995600216,4.745839766,6.257967467,4.458950325,6.514535723,4.188752479,6.54689014,3.47216452,5.126478386,1.000455662,0.8519181418,0.4559478334,0.7196360841,close_to_moderate,0.7402617688,false,false
PXL-S6,C:\Users\oscar\OneDrive\Public share - Mix Eval Dataset\MixEvaluation\audio\InTheMeantime\PXL-S6.mp3,DU-H,46,52,45.999,6,-1,0.3458613705,false,false,false,false,,0.1984854549,0.4056381949,-0.7807570088,-5.610592079e-07,-5.189931026,-5.234036585,0.05767210945,19.54664633,0.05024249107,0.001358732465,-12.98928878,6.426016803,3.217382501,6.042992776,4.36018469,5.482124632,4.245988276,5.233287758,4.183796308,5.306009863,4.194077624,5.068239901,4.216411279,4.836701413,4.221819803,5.022556642,4.274898881,5.238937315,4.452074317,5.194029409,4.566355676,5.061592344,4.252072907,5.01513303,4.144540961,4.937289317,4.068152793,4.834886693,4.06257252,5.017102703,4.172721948,5.264397874,4.260252648,5.585949894,4.491884283,5.748532949,4.662754246,6.134964671,5.160830961,6.160716045,5.154213062,6.100592242,5.237087026,6.047908147,5.463193755,5.976140476,5.517491004,4.369755162,3.988537271,0.7185658301,0.01701867915,0.7183642646,close_to_moderate,0.1641288227,true,true
UCP-A1,C:\Users\oscar\OneDrive\Public share - Mix Eval Dataset\MixEvaluation\audio\InTheMeantime\UCP-A1.mp3,DU-H,46,52,45.999,6,-1,0.3683306341,false,false,false,false,,-1.29575488,0.4131283413,-0.812744769,-1.504350848e-13,-5.189931026,-4.820900818,0.05767211318,19.95978171,0.03561616316,-0.01183952298,-14.48352911,6.32961978,2.744082943,6.214709129,3.951891476,5.776073762,3.885362665,5.692012452,3.913494655,5.447479315,4.090170998,5.138970742,3.957775097,4.932549065,3.846020468,5.278519713,4.061264914,5.532175059,4.146286647,5.494546058,4.136297863,5.356635888,4.206982432,5.314913241,4.068038074,5.114319677,4.12818915,4.989146002,4.198350175,5.053568106,4.30569653,5.260789902,4.276681326,5.503119948,4.493033744,5.654145778,4.658899484,5.999184681,5.095963137,6.010759935,5.04559132,6.020113228,5.196161764,6.130541306,5.417231486,6.190439594,5.401202872,4.673740018,3.786465961,0.8547373394,0.1068970143,0.8480265018,close_to_moderate,0.4950268038,false,false
UCP-A2,C:\Users\oscar\OneDrive\Public share - Mix Eval Dataset\MixEvaluation\audio\InTheMeantime\UCP-A2.mp3,DU-H,46,52,45.999,6,-1,0.3280724438,false,false,false,false,,-0.6231091741,0.3714344507,-0.6447444233,-1.122118302e-06,-5.189931026,-4.659850877,0.05767210573,20.12083292,0.04158259928,-0.03618905321,-13.81088341,6.222813007,2.972911517,6.06657734,4.021190953,5.873351844,4.160666827,5.642482329,4.004402577,5.444181029,4.139583594,5.269984552,4.05954025,5.178938229,3.930697935,5.552195313,4.185866535,5.773782255,4.301932516,5.851675583,4.425656217,5.56858263,4.343745546,5.452035129,4.195881438,5.168374065,4.201762196,5.011625092,4.253455955,5.07544922,4.362315589,5.296364334,4.309360688,5.532395799,4.546657915,5.719423421,4.690433883,6.073813491,5.091277871,6.060360747,5.036781831,6.02914032,5.221845332,6.103278294,5.429794132,6.13194903,5.43095994,4.528089707,3.85485442,0.9425091312,0.1066039048,0.9364609281,too_far,0.3473725986,false,false
McG-A,C:\Users\oscar\OneDrive\Public share - Mix Eval Dataset\MixEvaluation\audio\InTheMeantime\McG-A.mp3,DU-H,46,52,46.022,6,22,0.2330510863,false,false,false,false,,0.9877570022,0.2975346524,-0.4025627122,-1.122118302e-06,-5.189931026,-8.832529621,0.05767210573,15.94815444,0.06025572121,-0.03281104565,-12.20001723,6.32852934,3.169926372,5.915941549,4.140846399,5.656708901,4.345304939,5.25112594,4.220197712,5.375638497,4.337127622,5.295072601,4.542262649,5.194949824,4.664712631,5.358772116,4.611344415,5.549899907,4.658941745,5.592764877,4.788183677,5.410586522,4.354910906,5.353999161,4.245502761,5.200006299,4.104747522,4.983151664,3.905729892,4.977542825,3.853518906,5.033044993,3.871602914,5.352410866,4.046629446,5.460559991,4.147308797,5.744040275,4.510000495,5.733386723,4.550879062,5.610100001,4.54936937,5.526118072,4.630900887,5.501810085,4.675362495,4.749792023,4.022379192,0.9674438466,0.6760550399,0.6920239731,too_far,0.4999340538,false,false
McG-C,C:\Users\oscar\OneDrive\Public share - Mix Eval Dataset\MixEvaluation\audio\InTheMeantime\McG-C.mp3,DU-H,46,52,46.022,6,22,0.2738106804,false,false,false,false,,0.6905969705,0.327383143,-0.4923587344,2.244235715e-06,-5.189931026,-5.819660728,0.05767212808,18.96101953,0.05627069622,-0.00498117879,-12.49717726,6.37322059,2.955483054,6.030346856,4.203824948,5.586316028,4.186407993,5.088588361,4.00605741,5.235844781,3.659473348,5.145920371,4.195363748,4.936587852,4.485556413,5.154558554,4.32449342,5.411480762,4.431410579,5.406426859,4.681893726,5.213322124,4.078785479,5.201211972,3.812881687,5.008949481,3.720957113,4.840309363,3.581113401,4.846754318,3.670655816,4.903890305,3.770534574,5.108324609,3.882237889,5.368127296,3.966059546,5.842059759,4.316291352,5.92294837,4.360871858,5.897753839,4.595310991,5.776469505,4.919500949,5.763794149,5.166740641,4.998025657,4.575972652,0.535622595,0.1284458019,0.5199935002,too_close,9999,false,false
McG-H,C:\Users\oscar\OneDrive\Public share - Mix Eval Dataset\MixEvaluation\audio\InTheMeantime\McG-H.mp3,DU-H,46,52,46.022,6,22,0.2619281979,false,false,false,false,,-0.05641024014,0.2799138334,-0.3543481804,-5.610592079e-07,-5.189931026,-4.017236448,0.05767210945,20.76344692,0.04737852514,-0.02778363042,-13.24418447,6.241225244,3.353232019,6.06902084,4.017103826,5.589176617,4.030342007,5.1940416,3.901717865,5.371280271,3.79641011,5.220678068,4.21815,5.01798853,4.430233869,5.333579859,4.355017152,5.580783885,4.467107425,5.467111623,4.617901663,5.37010006,4.18546399,5.367173123,4.018036375,5.233296621,4.03689888,5.091803127,3.947114965,5.220574914,4.129177899,5.413172763,4.161929814,5.720679617,4.37324722,5.898278318,4.566769549,6.367989878,4.993630215,6.453601404,5.089209421,6.462520272,5.328582515,6.485974078,5.673007677,6.489562315,5.967450784,5.803936027,5.288603111,0.9880019717,0.2160945123,0.9640804209,too_far,0.1945811288,true,false
DU-I,C:\Users\oscar\OneDrive\Public share - Mix Eval Dataset\MixEvaluation\audio\InTheMeantime\DU-I.mp3,DU-H,50,56,50,6,0,0.5350754071,false,true,false,false,,5.991652525,0.5514789297,-1.574712753,-1.243982432e-13,-5.119584048,-0.8111100334,0.06981814653,22.30952368,0.1364920586,-0.0195253361,-8.648925879,6.453600422,3.891456599,6.211330937,4.942141228,5.988396787,5.00687715,5.818144764,4.880229532,5.587976022,4.690394029,5.315418783,4.700611696,5.29514143,4.820335684,5.30328686,4.744088018,5.428552757,4.970486037,5.514513521,4.857295952,5.478183954,4.888043534,5.303660768,4.70081379,5.210945847,4.686383191,5.306223152,4.680321758,5.394816144,4.855803831,5.749542382,5.057734112,6.068570466,5.352580118,6.128005115,5.376201289,6.626818281,5.955558174,6.689171946,5.909787957,6.694176614,5.83206589,6.803557887,6.047847603,6.806050843,6.09123328,5.279696236,4.576142206,1.750954487,1.045533052,1.404529193,too_far,3.034808128,false,false
DU-J,C:\Users\oscar\OneDrive\Public share - Mix Eval Dataset\MixEvaluation\audio\InTheMeantime\DU-J.mp3,DU-H,50,56,49.998,6,-2,0.188704674,true,false,false,true,poor_global_alignment_confidence;extreme_stereo_imbalance,7.835424967,0.1962546006,-0.1705785589,-1.243982432e-13,-5.119584048,-3.805703413,0.06981814653,19.31492993,0.2086818367,0.6072375774,-6.805153436,6.248948022,5.351494736,6.262472183,5.538203959,5.99813026,5.202858891,5.616920962,4.812603506,5.558665361,4.7279602,5.554652252,4.880567272,5.682750047,5.093865703,5.534960293,4.897595878,5.777457617,5.14604278,5.571850981,5.026065702,5.627945762,4.95934612,5.376327237,4.687660737,5.169580515,4.60202892,5.15510317,4.522805169,5.130941909,4.581285733,5.336042039,4.801221451,5.63460197,5.040832776,5.62590499,5.0631281,6.104837832,5.548647549,6.083226691,5.541755487,5.924302633,5.411037307,5.855839373,5.382904468,5.643586086,5.251819776,3.819717366,3.45151248,1.640560528,1.186369335,1.133122521,excluded,9999,false,false
DU-K,C:\Users\oscar\OneDrive\Public share - Mix Eval Dataset\MixEvaluation\audio\InTheMeantime\DU-K.mp3,DU-H,50,56,50.004,6,4,0.2325206703,false,false,true,false,,7.12904021,0.2021455466,-0.1811930065,-1.243982432e-13,-5.119584048,-0.3661526555,0.06981814653,22.75448127,0.1773561388,0.01882501505,-7.511538194,6.272278595,5.423645483,6.010648406,5.342944827,5.832577906,4.611297392,5.343037745,4.306979405,5.297947176,3.826778974,5.261650084,3.222293383,5.519652481,3.378998879,5.323400751,3.725345361,5.487560405,3.181170651,5.074646848,3.508114,5.268334375,3.739182357,5.164445884,3.330526102,5.15568254,3.474110936,5.192730347,3.872227264,5.229245761,3.864225654,5.490977357,4.162862713,5.750434143,4.491660532,5.754505781,4.37320479,6.380075717,4.587970054,6.290562421,4.190073986,5.895978098,4.222561296,5.650798767,3.858999941,5.204546817,2.540178862,3.199415373,-0.1006041339,1.600084432,1.294073997,0.9410859046,too_far,3.586521879,false,false
DU-L,C:\Users\oscar\OneDrive\Public share - Mix Eval Dataset\MixEvaluation\audio\InTheMeantime\DU-L.mp3,DU-H,50,56,50,6,0,0.6474959252,false,true,false,false,,1.449359807,0.6343181506,-2.235600422,-1.243982432e-13,-5.119584048,-3.928815033,0.06981814653,19.1918183,0.04795988649,-0.03170656785,-13.1912186,6.345258804,2.062616826,5.811436972,2.962723226,5.801127387,3.851276999,5.530538975,3.922974277,5.412132837,3.541440131,5.46005433,4.42295458,5.643829141,4.744354967,5.499352727,4.515632217,5.805610168,4.685944745,5.674031031,4.85001203,5.63248183,4.187412601,5.440937398,3.933119245,5.365090056,4.060193007,5.433247397,3.938592359,5.553191562,4.233999687,5.920809151,4.512665872,6.129437896,4.545050116,6.112890107,4.419376059,6.5249627,4.809130252,6.522236664,4.696260766,6.587982497,5.039449625,6.746401289,5.486423951,6.758178933,5.789632007,5.265254478,4.233908018,1.212578954,0.2373802677,1.189116617,too_far,0.9066301433,false,false
DU-M,C:\Users\oscar\OneDrive\Public share - Mix Eval Dataset\MixEvaluation\audio\InTheMeantime\DU-M.mp3,DU-H,50,56,50,6,0,0.4214250155,true,false,false,false,,-0.3384501218,0.4229515807,-0.8559764354,9.269067129e-07,-5.119584048,-6.274418005,0.06981815398,16.84621473,0.03177584708,0.002004572423,-14.97902853,6.325369865,2.86820686,6.181755126,4.156183684,6.052836513,4.103241776,5.855615788,4.048922243,5.612054549,3.734703086,5.65542184,4.150359331,5.78296354,4.389361033,5.740328965,4.109871529,5.965510001,4.297709325,5.719571431,4.287688006,5.803374591,3.80318525,5.523399273,3.589753114,5.213751161,3.742145574,5.201635552,3.574019238,5.168734817,3.867411696,5.477982647,4.037241504,5.759469894,4.019358925,5.81599865,3.963553593,6.272721619,4.259564076,6.17304223,4.109359049,6.106902063,4.263996286,6.138798252,4.498217143,6.092456152,4.564817316,4.572399851,2.691138103,0.9676899396,0.2134551824,0.9438541754,too_far,0.6229227387,false,false
DU-N,C:\Users\oscar\OneDrive\Public share - Mix Eval Dataset\MixEvaluation\audio\InTheMeantime\DU-N.mp3,DU-H,50,56,50,6,0,0.6569947399,false,true,true,false,,-0.4125723729,0.6852679326,-2.753896143,-1.243982432e-13,-5.119584048,-7.358249786,0.06981814653,15.76238368,0.03123812377,-0.001944771502,-15.05315078,6.650158226,1.91455362,6.483475792,3.940213907,5.979698958,4.18684257,5.290587141,3.908267969,5.1607888,3.967363417,5.528965549,4.138691156,5.477588768,4.316932371,4.966615417,3.993228815,5.485909339,4.393187916,5.771390301,4.175131348,5.193157023,4.158065623,5.073232218,4.115351354,4.949644485,3.962489965,4.971414781,3.87072594,4.978632973,3.813450342,5.2839388,4.079791628,5.498846683,4.379928785,5.501297766,4.34390292,5.975221383,4.956058461,6.007467479,4.838137107,6.205163552,4.36000765,6.46896359,3.971725775,6.504872586,3.325177991,5.077755352,1.06734565,0.8114285077,0.4129684997,0.6984792348,close_to_moderate,0.3961965663,false,false
PXL-S6,C:\Users\oscar\OneDrive\Public share - Mix Eval Dataset\MixEvaluation\audio\InTheMeantime\PXL-S6.mp3,DU-H,50,56,49.999,6,-1,0.3458613705,false,false,false,false,,0.6699743695,0.4189815937,-0.8383322532,-1.243982432e-13,-5.119584048,-5.648560623,0.06981814653,17.47207312,0.04008109868,-0.004968205001,-13.97060403,6.703575748,3.340067663,6.23728811,4.438846442,5.683030326,4.383909422,5.461024301,4.243455188,5.345439142,4.158420942,5.198573588,4.293757901,5.241161319,4.423343591,5.08801972,4.283162524,5.335404555,4.562919429,5.238562456,4.612297561,5.25671328,4.338956438,5.02298002,4.145766423,4.912527984,4.057810919,4.93985995,4.166832344,5.090496623,4.203025745,5.479967486,4.368162235,5.825579544,4.712241027,5.877014029,4.826433751,6.29078356,5.348251166,6.221545476,5.189992337,6.102023489,5.208451367,6.061529331,5.421212664,5.985160497,5.493419031,4.397065392,3.918218674,0.7553505415,0.1046669712,0.7480636775,close_to_moderate,0.2923652314,false,false
UCP-A1,C:\Users\oscar\OneDrive\Public share - Mix Eval Dataset\MixEvaluation\audio\InTheMeantime\UCP-A1.mp3,DU-H,50,56,49.999,6,-1,0.3683306341,false,false,false,false,,-0.7376354837,0.4104646852,-0.8012760637,9.269067129e-07,-5.119584048,-4.375821701,0.06981815398,18.74481094,0.02898535691,-0.009750700556,-15.37821389,6.594093799,2.800998395,6.402137898,4.02675744,6.044959957,4.162107026,5.948472199,4.028134774,5.516067099,4.00195868,5.3335256,4.030595445,5.416048644,4.138452737,5.414822075,4.086283057,5.692838102,4.246110851,5.569530712,4.172722803,5.59294791,4.336539266,5.373579265,4.136115427,5.175317556,4.16731953,5.150272739,4.320419931,5.189736137,4.3884277,5.457383609,4.371605716,5.746155095,4.69084047,5.809436404,4.785772314,6.196027388,5.175047516,6.117353343,5.02094384,6.067387508,5.088553867,6.177107022,5.335762307,6.209663565,5.359175779,4.671564912,3.748747342,0.9120644459,0.1416152662,0.9010031464,close_to_moderate,0.3570121217,false,false
UCP-A2,C:\Users\oscar\OneDrive\Public share - Mix Eval Dataset\MixEvaluation\audio\InTheMeantime\UCP-A2.mp3,DU-H,50,56,49.999,6,-1,0.3280724438,false,false,false,false,,-0.05623781637,0.3748734707,-0.6576927622,-9.269070596e-07,-5.119584048,-4.26807436,0.06981813908,18.85256043,0.03390926495,-0.03277549148,-14.69681622,6.478378392,3.04476325,6.267931295,4.113915679,6.12055869,4.381535887,5.924094793,4.13302229,5.50778702,4.084348317,5.465871937,4.159537724,5.591866191,4.22708075,5.631603704,4.215311715,5.89467288,4.407432824,5.911590293,4.471793938,5.764887606,4.444673156,5.508913057,4.255560911,5.233270852,4.245617288,5.192445039,4.383423609,5.203039957,4.440140522,5.500395796,4.393372816,5.805081096,4.684696803,5.874942908,4.800698956,6.267754378,5.202417675,6.179724001,5.025598131,6.084705327,5.095582341,6.172860715,5.330439413,6.183464539,5.352530124,4.596351187,3.752674695,1.008688237,0.1569082406,0.9964094361,too_far,0.2151467296,false,false
McG-A,C:\Users\oscar\OneDrive\Public share - Mix Eval Dataset\MixEvaluation\audio\InTheMeantime\McG-A.mp3,DU-H,50,56,50.022,6,22,0.2330510863,false,false,false,false,,0.751924813,0.3354659111,-0.5184995911,1.85381345e-06,-5.119584048,-7.157606402,0.06981816143,15.96302542,0.04084459692,-0.02245915867,-13.88865359,6.66502552,3.250835973,6.12681261,4.061819302,5.814799093,4.385374154,5.473899278,4.259890167,5.254645517,4.159360769,5.400036314,4.543942481,5.569792322,4.768337057,5.342165416,4.528330476,5.56444088,4.685974047,5.552851796,4.782013121,5.560765491,4.417055795,5.308828428,4.163846363,5.055547902,3.973767331,5.034234058,3.9574638,4.997804749,3.884189525,5.243752327,4.00925903,5.520847278,4.199660004,5.481824615,4.234790656,5.804587804,4.594175313,5.687406247,4.475455134,5.562521794,4.463173012,5.518408158,4.562716184,5.494608115,4.655189775,4.735107059,4.000863217,0.7267821065,0.3779653294,0.6207692326,close_to_moderate,0.3496163216,false,false
McG-C,C:\Users\oscar\OneDrive\Public share - Mix Eval Dataset\MixEvaluation\audio\InTheMeantime\McG-C.mp3,DU-H,50,56,50.022,6,22,0.2738106804,false,false,false,false,,2.764976219,0.3543447995,-0.58270073,-1.243982432e-13,-5.119584048,-6.231693109,0.06981814653,16.88894061,0.0649291575,-0.01593384333,-11.87560218,6.706814852,3.064940982,6.252622934,4.56322427,5.816951224,4.698761846,5.300797134,4.325382561,5.139368104,4.074207068,5.194832378,4.538598175,5.22786155,4.808648157,5.167008908,4.500567507,5.478387862,4.622437545,5.426253341,4.834820132,5.346113444,4.290764701,5.184273603,3.98434924,4.957787505,3.812403227,4.966194057,3.789196183,4.938137584,3.832471729,5.123250211,4.001039935,5.281423174,4.218511873,5.381490828,4.268833388,5.863073266,4.806776471,5.856205067,4.832702056,5.831608439,4.86745616,5.810364597,5.078804305,5.782268717,5.241605767,4.975783799,4.569197767,0.6101016278,0.2889297183,0.5373486895,too_close,9999,false,false
McG-H,C:\Users\oscar\OneDrive\Public share - Mix Eval Dataset\MixEvaluation\audio\InTheMeantime\McG-H.mp3,DU-H,50,56,50.022,6,22,0.2619281979,false,false,false,false,,0.2620772609,0.2546479389,-0.2911671833,-1.243982432e-13,-5.119584048,-4.546107501,0.06981814653,18.57452622,0.0364879854,-0.02275109664,-14.37850114,6.496486549,3.46908446,6.230224065,4.077501064,5.87720753,4.187118619,5.52230869,4.002691972,5.390469846,3.816225538,5.374411846,4.326408816,5.496963585,4.562713396,5.405076387,4.347586749,5.673958567,4.53334735,5.521899933,4.680008557,5.615543977,4.231575522,5.390803335,4.043189334,5.202365868,3.981212553,5.22236268,4.014932617,5.311836099,4.14448768,5.642716499,4.286124367,5.996400626,4.545598375,6.071726222,4.688935455,6.570729105,5.116925287,6.548759858,5.139662202,6.459779296,5.339794366,6.477378344,5.660598259,6.470157944,5.93187973,5.708770787,5.183957552,1.020430215,0.106610822,1.014845779,too_far,0.3166789552,false,false
DU-I,C:\Users\oscar\OneDrive\Public share - Mix Eval Dataset\MixEvaluation\audio\InTheMeantime\DU-I.mp3,DU-H,54,60,54,6,0,0.5350754071,false,true,false,false,,4.934683669,0.5277715284,-1.417893774,-1.272912256e-13,-5.139242476,-1.00596053,0.0681316033,22.32706734,0.1295391768,-0.06008414179,-8.875988938,6.379450127,3.893374464,6.213311101,4.903503939,5.908949136,4.887982851,5.876930332,4.870937745,5.787031053,4.778458409,5.463644107,4.789332588,5.47437727,4.894790113,5.379034269,4.75739636,5.700874564,5.183804446,5.406096675,4.78711733,5.282664395,4.667037095,5.111491784,4.488898672,5.197406629,4.792304944,5.319791024,4.70648347,5.445463527,4.869271821,5.611731648,4.992636176,5.945933241,5.298478858,6.060568496,5.312706022,6.516587975,5.690713298,6.612890475,5.715306128,6.677775641,5.592145687,6.947123433,5.885417134,6.834373342,5.912051637,5.162646244,4.42199827,1.61172538,0.9608575246,1.29399054,too_far,2.52563992,false,false
DU-J,C:\Users\oscar\OneDrive\Public share - Mix Eval Dataset\MixEvaluation\audio\InTheMeantime\DU-J.mp3,DU-H,54,60,53.998,6,-2,0.188704674,true,false,false,true,poor_global_alignment_confidence;extreme_stereo_imbalance,7.37440402,0.2211986235,-0.2178680836,9.49851544e-07,-5.139242476,-4.453810792,0.06813161075,18.87921579,0.2271815985,0.5974163413,-6.436268586,6.17515495,5.2730801,6.331189375,5.555521166,5.954962582,5.261931536,5.512354823,4.832409562,5.768083076,4.946735334,5.845691542,5.121661822,5.762916716,5.061125393,5.599238717,5.011487667,5.80056846,5.374449874,5.53533674,4.966202238,5.213678921,4.718813916,5.03188269,4.515064023,5.002652661,4.674513316,5.112772982,4.566946495,5.127501287,4.602405742,5.126834152,4.647010527,5.457860425,4.904794171,5.465687793,4.935014709,5.975994625,5.402967895,6.038201299,5.500117669,5.883248641,5.316474666,6.105147827,5.518400723,5.844836347,5.308023113,3.817470403,3.370404305,1.59575678,1.24290098,1.000818092,excluded,9999,false,false
DU-K,C:\Users\oscar\OneDrive\Public share - Mix Eval Dataset\MixEvaluation\audio\InTheMeantime\DU-K.mp3,DU-H,54,60,54.004,6,4,0.2325206703,false,false,true,false,,5.834136876,0.1879455232,-0.1561828532,9.49851544e-07,-5.139242476,-0.3056939408,0.06813161075,23.02733275,0.1593479365,0.02060799673,-7.97653573,6.22242714,5.344998939,5.968830985,5.286885258,5.857932712,4.576787029,5.50462842,4.291345531,5.433736618,3.783259669,5.632989751,3.202295688,5.739299296,3.347360301,5.345049901,3.664239453,5.553006048,3.156182591,5.200167122,3.476609707,4.917062998,3.701368438,4.70900427,3.373061406,4.939950394,3.508708085,4.886924361,3.814164916,5.161274219,3.828544314,5.412849356,4.1445652,5.658136651,4.445610265,5.52978327,4.304728781,6.109470023,4.518296608,6.118570958,4.205347056,5.711212773,4.18004514,5.755321856,3.799618707,5.37257463,2.472556109,3.285397372,-0.2224092147,1.494274112,1.186825582,0.9079097761,too_far,3.037435409,false,false
DU-L,C:\Users\oscar\OneDrive\Public share - Mix Eval Dataset\MixEvaluation\audio\InTheMeantime\DU-L.mp3,DU-H,54,60,54,6,0,0.6474959252,false,true,false,false,,3.988639073,0.5805492403,-1.785108872,1.899703111e-06,-5.139242476,-6.37105624,0.0681316182,16.96196941,0.1041829512,-0.04978322983,-9.822033534,6.21383004,2.026052254,5.799272835,3.027563078,5.669089778,3.735200855,5.378270268,4.083483001,5.660540241,4.402481345,5.723778289,4.405187686,5.776677199,4.863033135,5.616370622,4.845790215,5.988292822,5.414159822,5.658756124,4.601068423,5.376904676,4.596399981,5.27112702,4.38010151,5.37424977,4.641347761,5.438522669,4.401675795,5.572904349,4.532386391,5.731745331,4.674309339,5.975234197,4.897582956,5.982661848,4.834606145,6.413807522,5.049990227,6.407913081,5.096200265,6.492983535,5.118867676,6.751201007,5.37408938,6.662663263,5.526126035,5.030638151,3.88678525,1.293869753,0.4747898243,1.203608558,too_far,1.876668685,false,false
DU-M,C:\Users\oscar\OneDrive\Public share - Mix Eval Dataset\MixEvaluation\audio\InTheMeantime\DU-M.mp3,DU-H,54,60,54,6,0,0.4214250155,true,false,false,false,,-0.66342099,0.3854705127,-0.6985999285,-1.272912256e-13,-5.139242476,-6.152007105,0.0681316033,17.18102087,0.03569362313,-0.001775102806,-14.4740936,6.182551744,2.806650863,6.107771873,3.995432887,5.849612512,4.151410251,5.694430447,4.139132458,5.813589019,3.968103985,6.025789287,4.018336438,5.959113584,4.163466143,5.719204304,4.230863975,5.980152981,4.744452064,5.694704517,4.135184832,5.318591558,4.034093378,5.055585188,3.824424863,4.978671637,4.117351158,5.075000571,3.799393511,5.132039984,3.943124869,5.184603723,4.055410234,5.49457544,4.204585308,5.528068711,4.250979337,5.994514586,4.350835011,5.961838387,4.313200007,5.844201459,4.318330466,6.04835227,4.396329243,5.958476606,4.330768159,4.300688331,2.362856348,0.830476503,0.1906725688,0.8082915276,close_to_moderate,0.599449106,false,false
DU-N,C:\Users\oscar\OneDrive\Public share - Mix Eval Dataset\MixEvaluation\audio\InTheMeantime\DU-N.mp3,DU-H,54,60,54,6,0,0.6569947399,false,true,true,false,,0.8541668674,0.6693313222,-2.580644237,9.49851544e-07,-5.139242476,-7.598398925,0.06813161075,15.73462763,0.05062318221,0.002262591152,-12.95650574,6.544519255,1.939208312,6.488847286,3.929570009,5.917948488,4.222363153,5.336701458,3.946240665,5.409735235,4.17930192,5.696103732,4.550611873,5.581271997,4.621646455,5.14279385,4.124303126,5.781465264,4.474246419,5.660595873,4.270445501,5.14780717,3.727874011,5.013920524,3.695810461,5.003056764,3.757304274,5.087179994,3.819073331,5.070655554,3.805206513,5.228470245,3.877797145,5.491159104,4.187259777,5.489038846,4.004515175,5.898589059,4.656077831,5.965981484,4.701608758,6.118477168,3.866058888,6.404020167,3.653717476,6.369722018,3.061788891,4.861358316,0.5060186598,0.886162465,0.457054397,0.7592003638,close_to_moderate,0.621896125,false,false
PXL-S6,C:\Users\oscar\OneDrive\Public share - Mix Eval Dataset\MixEvaluation\audio\InTheMeantime\PXL-S6.mp3,DU-H,54,60,53.999,6,-1,0.3458613705,false,false,false,false,,0.7429089563,0.3525074434,-0.5762556137,-9.498519025e-07,-5.139242476,-5.291592057,0.06813159585,18.04143677,0.04934278876,-0.01027457695,-13.06776365,6.624332897,3.388161844,6.270389031,4.503282117,5.711231072,4.402167395,5.492168862,4.360467552,5.507953047,4.362038781,5.515911907,4.516198835,5.432661251,4.534012354,5.20852367,4.413541094,5.521078606,4.867454777,5.273842078,4.448992221,4.986933284,4.263396831,4.780136627,4.107047662,4.839605174,4.234042605,4.979652333,4.262408831,5.159064928,4.299075933,5.312592092,4.3790989,5.709918501,4.724757631,5.7968299,4.883281644,6.230401238,5.251156655,6.197085688,5.251825278,6.060868296,5.14325382,6.195694216,5.346948117,6.028658575,5.321921337,4.271040183,3.728299853,0.7189738238,0.05881551846,0.7165640893,close_to_moderate,0.3542690545,false,false
UCP-A1,C:\Users\oscar\OneDrive\Public share - Mix Eval Dataset\MixEvaluation\audio\InTheMeantime\UCP-A1.mp3,DU-H,54,60,53.999,6,-1,0.3683306341,false,false,false,false,,-0.7742287063,0.3515041809,-0.5727534393,9.49851544e-07,-5.139242476,-4.55912602,0.06813161075,18.77390123,0.03479444236,-0.002558675362,-14.58490131,6.502717823,2.785827769,6.455506422,3.909742871,6.018171664,4.054704239,5.945518273,4.031635876,5.719913956,4.138735115,5.619045736,4.254825405,5.595561894,4.29354324,5.521318013,4.157488015,5.833843578,4.487340649,5.548258656,4.192016046,5.323302314,4.202455203,5.124982629,4.1104917,5.123449871,4.293561926,5.194207724,4.356434331,5.255855949,4.555246085,5.313773485,4.558974655,5.649783001,4.855610908,5.715544078,4.988843409,6.111462502,5.155500154,6.063371186,5.133083271,5.997825076,5.06307163,6.272364869,5.213090964,6.214821516,5.180817856,4.544069389,3.565136228,0.8889678663,0.1160584934,0.8813593441,close_to_moderate,0.34672317,false,false
UCP-A2,C:\Users\oscar\OneDrive\Public share - Mix Eval Dataset\MixEvaluation\audio\InTheMeantime\UCP-A2.mp3,DU-H,54,60,53.999,6,-1,0.3280724438,false,false,false,false,,-0.0725007166,0.3088438179,-0.4353599919,-1.272912256e-13,-5.139242476,-4.574123056,0.0681316033,18.75890482,0.04089617357,-0.02742049471,-13.88317332,6.378902664,3.056046859,6.315591029,4.034899936,6.021629147,4.184124784,5.833317735,4.107996222,5.787080359,4.266593118,5.70374284,4.35451261,5.68400632,4.343927587,5.774964177,4.342997712,6.204652516,4.769827176,5.784898473,4.396529919,5.624041883,4.393367443,5.387084743,4.288037524,5.287642385,4.396464154,5.28008118,4.441379203,5.282530571,4.589435311,5.34323189,4.582475832,5.680396262,4.901764,5.784948097,5.017220547,6.186043434,5.172443703,6.112591333,5.149131729,6.029523717,5.068158005,6.303765813,5.190181923,6.220067837,5.194449739,4.466097093,3.580662614,0.9947095398,0.1042173958,0.9892349585,too_far,0.2068600471,true,false
McG-A,C:\Users\oscar\OneDrive\Public share - Mix Eval Dataset\MixEvaluation\audio\InTheMeantime\McG-A.mp3,DU-H,54,60,54.022,6,22,0.2330510863,false,false,false,false,,1.186897907,0.3288218813,-0.4969537079,1.899703111e-06,-5.139242476,-4.518847465,0.0681316182,18.81417828,0.0546540767,-0.0146845486,-12.6237747,6.566094773,3.270987809,6.123868539,4.063318046,5.775155036,4.348818007,5.417016974,4.219475912,5.532986568,4.527685021,5.730070019,4.745879111,5.683367788,4.696556181,5.492844146,4.725826502,5.845384102,5.16679807,5.583709005,4.649112707,5.307802991,4.380841469,5.061606374,4.152175886,4.998623765,4.204649776,5.021691566,4.112862259,5.044193893,3.981821247,5.013542963,3.895871366,5.369210072,4.142883752,5.359447619,4.193211574,5.75965037,4.565815438,5.69141755,4.586068316,5.54003582,4.404635499,5.661969987,4.565150262,5.492969938,4.574601233,4.482662275,3.773819805,0.6333401226,0.1436861137,0.6168257547,too_close,9999,false,false
McG-C,C:\Users\oscar\OneDrive\Public share - Mix Eval Dataset\MixEvaluation\audio\InTheMeantime\McG-C.mp3,DU-H,54,60,54.022,6,22,0.2738106804,false,false,false,false,,2.616993399,0.3460167666,-0.5538289673,9.49851544e-07,-5.139242476,-6.580307973,0.06813161075,16.75271881,0.07596825808,-0.01433629543,-11.19367921,6.608035486,3.064182139,6.253606533,4.483411046,5.754575921,4.579444411,5.292989051,4.229112166,5.363785258,4.46284875,5.490602686,4.58603826,5.40964171,4.655963935,5.298335989,4.745626766,5.662459909,5.250126575,5.380634092,4.547300978,5.155387723,4.471891582,5.009411368,4.209199019,4.917745647,4.353616374,4.938529596,4.097821855,4.993506728,4.044211829,4.941366034,4.130202479,5.242949018,4.344305112,5.359236809,4.3796035,5.872731945,4.743252326,5.887235528,4.812948539,5.928678316,4.731470053,6.178206135,4.96947433,5.997530306,5.101195054,4.837418291,4.344700535,0.6545882525,0.3506593188,0.552742094,too_close,9999,false,false
McG-H,C:\Users\oscar\OneDrive\Public share - Mix Eval Dataset\MixEvaluation\audio\InTheMeantime\McG-H.mp3,DU-H,54,60,54.022,6,22,0.2619281979,false,false,false,false,,0.387074922,0.2715551783,-0.3326807775,-9.498519025e-07,-5.139242476,-4.28568063,0.06813159585,19.04734813,0.04546112567,-0.03066916019,-13.42359768,6.439738673,3.538138505,6.317438019,4.139181021,5.858709582,4.17038059,5.461532073,4.022941457,5.616954169,4.228696433,5.704199997,4.401521328,5.637866239,4.491049207,5.521937643,4.575840048,5.817501704,5.077439802,5.568984711,4.483433505,5.266127368,4.347739667,5.094299867,4.181420346,5.097216069,4.320218456,5.199931937,4.215419539,5.333566756,4.313315469,5.442450952,4.36803492,5.820677453,4.671615361,5.900092922,4.802847246,6.467850448,5.122828939,6.499487314,5.213959927,6.386248033,5.306714262,6.604504602,5.608613753,6.527739431,5.821972469,5.563950867,5.013959511,0.982437439,0.1593651474,0.9694256399,too_far,0.3106002934,false,false
DU-I,C:\Users\oscar\OneDrive\Public share - Mix Eval Dataset\MixEvaluation\audio\InTheMeantime\DU-I.mp3,DU-H,58,64,58,6,0,0.5350754071,false,true,false,false,,4.311020688,0.5093908599,-1.304624527,-1.282555531e-13,-5.139242476,0.08157690564,0.06765982509,23.47495955,0.1154728085,-0.07059258968,-9.375202273,6.319175794,3.90566408,6.102919984,4.834531676,5.832227856,4.761929381,5.898600776,4.899886026,5.747052618,4.600740797,5.397876212,4.615573287,5.334187251,4.655192661,5.462022918,4.84280342,5.747063255,5.191856843,5.693481671,5.026177335,5.392066501,4.720938073,5.172352804,4.477940107,5.190424333,4.666819306,5.219362526,4.435036121,5.341578854,4.635142582,5.545562336,4.8754326,5.94253612,5.149982172,6.091143784,5.165212016,6.472169387,5.486930778,6.69060453,5.3879531,6.816496694,5.409672304,7.065228277,5.807554154,6.95662139,5.910348667,5.349342395,4.501582378,1.745420481,1.076869718,1.373624499,too_far,2.441052978,false,false
DU-J,C:\Users\oscar\OneDrive\Public share - Mix Eval Dataset\MixEvaluation\audio\InTheMeantime\DU-J.mp3,DU-H,58,64,57.998,6,-2,0.188704674,true,false,false,true,poor_global_alignment_confidence;extreme_stereo_imbalance,7.743696859,0.172480331,-0.1311614113,-9.564750277e-07,-5.139242476,-2.617672449,0.06765981764,20.77571095,0.25453493,0.5943462849,-5.942526102,6.135876742,5.266828218,6.187952166,5.511142328,5.880911259,5.282048462,5.661143875,4.984947328,5.872478122,5.007342923,5.735205404,5.003201786,5.607518545,5.002761755,5.861650563,5.248677786,5.947019301,5.430691097,5.848123719,5.291292166,5.45091433,4.904381118,5.127797377,4.564252737,5.006284793,4.602951784,4.978871223,4.388015049,5.081303893,4.483728911,5.119165052,4.643055205,5.452794097,4.861123722,5.499082498,4.913063012,5.8716296,5.2727026,5.9561542,5.289648446,5.967713181,5.30468979,6.214376118,5.586521187,5.950960356,5.399882188,3.986018027,3.524068214,1.883516613,1.48517615,1.158398306,excluded,9999,false,false
DU-K,C:\Users\oscar\OneDrive\Public share - Mix Eval Dataset\MixEvaluation\audio\InTheMeantime\DU-K.mp3,DU-H,58,64,58.004,6,4,0.2325206703,false,false,true,false,,5.567759369,0.1972236924,-0.1723024553,-1.282555531e-13,-5.139242476,-0.5680709691,0.06765982509,22.8253119,0.1542245895,0.02191308327,-8.118463592,6.19649802,5.258187068,6.094652967,5.178520577,5.838345754,4.447196077,5.632327055,4.154467635,5.262591693,3.647838323,5.331251035,3.069887181,5.252580512,3.198272913,5.379880702,3.558130703,5.548258346,3.044074018,5.480924787,3.35537013,5.028163074,3.564360132,4.606040852,3.182154082,4.837006735,3.342018258,4.695610997,3.607109323,4.986434688,3.662682562,5.312967438,3.990200863,5.557039477,4.289494451,5.493670124,4.132353024,5.883248012,4.360212938,5.861626463,4.010926239,5.637361128,4.000018117,5.759538688,3.627294339,5.360277276,2.405148311,3.337186655,-0.1515506145,1.435378682,1.122667489,0.8943878744,too_far,2.878813133,false,false
DU-L,C:\Users\oscar\OneDrive\Public share - Mix Eval Dataset\MixEvaluation\audio\InTheMeantime\DU-L.mp3,DU-H,58,64,58,6,0,0.6474959252,false,true,false,false,,4.900628322,0.5920760758,-1.874571761,-1.282555531e-13,-5.139242476,-4.528279822,0.06765982509,18.8651026,0.1322636604,-0.05255311355,-8.785594639,6.185304332,2.119261284,5.677177756,2.930768549,5.576918797,3.924984228,5.509732857,4.325808539,5.689774832,4.287438395,5.55151552,4.413970457,5.489002269,4.93521818,5.782852883,5.116928487,6.009665183,5.490278791,5.948978111,5.112154313,5.588442328,4.846945951,5.352576973,4.403415343,5.371253105,4.509186888,5.271057356,4.171392312,5.417105293,4.371374304,5.610736496,4.681426924,6.004859948,4.796252345,6.027571503,4.68122539,6.350463568,5.030996392,6.443635169,4.925888587,6.563540797,4.889438167,6.852620818,5.301786331,6.785885269,5.578531939,5.21425894,3.993687394,1.417992903,0.6065961587,1.281696131,too_far,2.319988072,false,false
DU-M,C:\Users\oscar\OneDrive\Public share - Mix Eval Dataset\MixEvaluation\audio\InTheMeantime\DU-M.mp3,DU-H,58,64,58,6,0,0.4214250155,true,false,false,false,,0.6962981443,0.3828605503,-0.6883835784,-9.564750277e-07,-5.139242476,-4.668949369,0.06765981764,18.72443451,0.05023512617,-0.001099903602,-12.98992482,6.2316087,3.026134231,5.997511717,4.208285315,5.839137148,4.3847944,5.81476138,4.270017125,5.820233235,3.883230531,5.78592745,4.233135487,5.682849944,4.38282491,6.002332283,4.41646545,6.169537164,4.713222538,6.067446202,4.568607997,5.633561066,4.07376725,5.209932993,3.832179654,5.021749974,4.073769085,4.939064703,3.660321904,5.093323625,3.777224923,5.23640731,3.930031671,5.661267675,4.076520897,5.687483727,4.098475058,6.035484438,4.228013942,5.989678132,4.125919466,5.990620209,4.201756256,6.256574971,4.423786752,6.196504191,4.47800813,4.631053331,2.69567804,0.9144305582,0.09982707532,0.9089652363,close_to_moderate,0.6949101652,false,false
DU-N,C:\Users\oscar\OneDrive\Public share - Mix Eval Dataset\MixEvaluation\audio\InTheMeantime\DU-N.mp3,DU-H,58,64,58,6,0,0.6569947399,false,true,true,false,,0.8212712752,0.6635278472,-2.520205445,-1.282555531e-13,-5.139242476,-6.665835565,0.06765982509,16.72754684,0.0517017059,-0.004011449404,-12.86495169,6.520523056,2.137197884,6.322055995,4.007674754,5.86054289,4.215508476,5.340055389,4.184827689,5.329344711,4.211371319,5.599040572,4.293923125,5.504599905,4.361717191,5.18455682,4.345895755,5.784708046,4.723146082,5.923662299,4.656022942,5.136137846,4.079656587,5.049917984,3.785296519,4.974296173,3.822744657,4.914390155,3.600811214,4.992217692,3.711718434,5.179142218,4.048965256,5.476492588,4.22971395,5.456587945,4.176489699,5.876905254,4.574000936,5.98897135,4.512309665,6.225880709,3.917802636,6.572708533,3.861971779,6.571129694,3.223307873,5.117373332,0.8517463229,0.8247461877,0.2874496836,0.7730323107,close_to_moderate,0.5489663904,false,false
PXL-S6,C:\Users\oscar\OneDrive\Public share - Mix Eval Dataset\MixEvaluation\audio\InTheMeantime\PXL-S6.mp3,DU-H,58,64,57.999,6,-1,0.3458613705,false,false,false,false,,0.7781969683,0.3668595706,-0.6277615848,1.912949354e-06,-5.139242476,-5.361482001,0.06765983999,18.0318987,0.05119144544,-0.002787190955,-12.90802599,6.573823543,3.365074,6.139036744,4.519364617,5.718055394,4.440541254,5.58871917,4.499676648,5.532533832,4.332353166,5.371347854,4.394145896,5.23451077,4.47121676,5.393458811,4.564590476,5.593550223,4.857024764,5.535663086,4.760485534,5.190199128,4.318888345,4.886392453,4.073489717,4.854129586,4.101829978,4.834775044,4.10694276,5.070759263,4.212361309,5.257533003,4.267081372,5.764934311,4.575051098,5.840026016,4.723241803,6.168596674,5.112407389,6.162496239,4.9966796,6.104799878,5.066746435,6.284708134,5.431456874,6.150903019,5.486500659,4.482017173,3.912627996,0.8281931918,0.06933047105,0.8252861617,close_to_moderate,0.2873373871,false,false
UCP-A1,C:\Users\oscar\OneDrive\Public share - Mix Eval Dataset\MixEvaluation\audio\InTheMeantime\UCP-A1.mp3,DU-H,58,64,57.999,6,-1,0.3683306341,false,false,false,false,,-1.295167322,0.3602996598,-0.6038901125,-1.282555531e-13,-5.139242476,-3.750386595,0.06765982509,19.6429957,0.03175856918,-0.009232964367,-14.98139028,6.485678176,2.851716496,6.293431089,3.876672944,5.889780016,3.928013591,5.906455624,3.99987317,5.695240662,3.942138682,5.459676716,4.012080307,5.394171353,4.076189168,5.742920762,4.273900805,5.942738291,4.531339688,5.873424486,4.374317531,5.564978723,4.197176172,5.210157065,3.958000797,5.122264944,4.094812502,5.098047674,4.145403784,5.204509071,4.319579464,5.27880431,4.313508393,5.683978393,4.559720023,5.75718538,4.718243602,6.037363125,4.963680566,6.048483968,4.814051916,6.051752001,4.890068571,6.353219752,5.215502014,6.311649507,5.277054032,4.701150791,3.779771678,0.986414875,0.2662314546,0.9498079376,too_far,0.6264986943,false,false
UCP-A2,C:\Users\oscar\OneDrive\Public share - Mix Eval Dataset\MixEvaluation\audio\InTheMeantime\UCP-A2.mp3,DU-H,58,64,57.999,6,-1,0.3280724438,false,false,false,false,,-0.4322528892,0.3316382131,-0.5060224657,-9.564750277e-07,-5.139242476,-3.649021144,0.06765981764,19.74436245,0.03873936459,-0.02054962702,-14.11847585,6.356364006,3.037626662,6.131219207,3.981310692,5.940996154,4.153584582,5.846736747,4.153854536,5.742176548,4.098602586,5.574159508,4.166252685,5.520277479,4.211465893,5.933068782,4.434731186,6.191575293,4.762739792,6.116232223,4.629004877,5.802182197,4.39155966,5.458983451,4.152406949,5.262353504,4.198831257,5.163086379,4.289577965,5.221362254,4.382808645,5.313906398,4.35422765,5.731283106,4.596376571,5.827840832,4.733824273,6.112197747,4.991866949,6.11564196,4.833052717,6.094357987,4.903460806,6.392525132,5.18960746,6.305362613,5.326094804,4.619949139,3.869685501,1.098895554,0.2758809415,1.063701624,too_far,0.4369593215,false,false
McG-A,C:\Users\oscar\OneDrive\Public share - Mix Eval Dataset\MixEvaluation\audio\InTheMeantime\McG-A.mp3,DU-H,58,64,58.022,6,22,0.2330510863,false,false,false,false,,1.911557454,0.3181938261,-0.4635974451,9.564746658e-07,-5.139242476,-6.765365181,0.06765983254,16.62801622,0.06645588577,-0.0203266982,-11.77466551,6.484940673,3.319921414,5.948531089,4.157505438,5.797229797,4.414289877,5.592706545,4.48069871,5.600948619,4.530916375,5.636292393,4.666823727,5.572726566,4.862125055,5.728503708,4.960827265,5.935823344,5.186905594,5.943892834,5.032654464,5.59048493,4.576411043,5.248809436,4.252693779,5.099712463,4.174975739,4.962074106,4.047006113,5.046697496,3.960935496,5.081546765,3.977242378,5.536839547,4.219706733,5.498558768,4.266309955,5.761532438,4.554377878,5.742187557,4.480374855,5.646476529,4.462592275,5.805454678,4.699898352,5.680469882,4.778751864,4.825321249,4.1125943,0.8784156537,0.3385370357,0.8105595204,close_to_moderate,0.7342360189,false,false
McG-C,C:\Users\oscar\OneDrive\Public share - Mix Eval Dataset\MixEvaluation\audio\InTheMeantime\McG-C.mp3,DU-H,58,64,58.022,6,22,0.2738106804,false,false,false,false,,2.584809169,0.3629388261,-0.6134240168,-1.282555531e-13,-5.139242476,-5.247153288,0.06765982509,18.14622881,0.07759945095,-0.009506135248,-11.10141379,6.546216298,3.06174195,6.132578786,4.390927587,5.73888424,4.544385671,5.452146047,4.331814345,5.475042477,4.243783749,5.426539918,4.435516725,5.297110269,4.676725925,5.519122348,4.862303236,5.730550007,5.162363345,5.656842198,4.856507458,5.334520086,4.503543253,5.103122321,4.167358753,4.987202218,4.156769903,4.911354192,3.906281153,4.957205701,3.890097736,4.960663406,4.092138712,5.285425555,4.226205019,5.405740407,4.269777249,5.834559409,4.582153226,6.003497817,4.585333535,6.045277757,4.654423687,6.265420283,5.003256016,6.095556878,5.213223111,5.06320509,4.595245964,0.7228873198,0.232732192,0.6843988632,close_to_moderate,0.9950206331,false,false
McG-H,C:\Users\oscar\OneDrive\Public share - Mix Eval Dataset\MixEvaluation\audio\InTheMeantime\McG-H.mp3,DU-H,58,64,58.022,6,22,0.2619281979,false,false,false,false,,1.17286871,0.2782658183,-0.3500149011,-1.282555531e-13,-5.139242476,-2.987217064,0.06765982509,20.40616527,0.05606148019,-0.03724485263,-12.51335425,6.428359138,3.564169276,6.141735801,4.240127745,5.727690638,4.241967165,5.464208408,4.169793774,5.566676476,4.132024212,5.526365897,4.353996354,5.404011549,4.613348599,5.698961748,4.744189615,5.92155431,5.073889765,5.861660468,4.834589782,5.463414929,4.430171406,5.177686541,4.157738552,5.116223804,4.175020066,5.048885813,4.044922153,5.268124882,4.202729627,5.445461069,4.313061139,5.886927119,4.580856665,5.970514552,4.708887146,6.395239896,5.041347382,6.461503666,5.071131776,6.470381019,5.245678629,6.731374828,5.659843285,6.681752504,5.96506421,5.853390975,5.292831577,1.151812122,0.4062186273,1.077802204,too_far,0.7503053539,false,false
DU-I,C:\Users\oscar\OneDrive\Public share - Mix Eval Dataset\MixEvaluation\audio\InTheMeantime\DU-I.mp3,DU-H,62,68,62,6,0,0.5350754071,false,true,false,false,,4.847210557,0.5284683702,-1.422326332,-1.350058453e-13,-6.380257594,-0.1638474596,0.06422198564,23.68247778,0.1101355329,-0.08209709078,-9.580725646,6.286646542,3.785287862,6.086730831,4.780615187,5.824509919,4.578886486,5.82784315,4.705170216,5.578240388,4.458495938,5.276374999,4.465935477,5.116425448,4.557672124,5.193416191,4.609498687,5.349141585,4.869719893,5.506264813,4.856148033,5.200670722,4.659619582,5.2003001,4.477194017,5.153118198,4.675648373,5.207284091,4.530678896,5.39236424,4.769036055,5.51726774,4.846719572,5.934621994,5.069295226,6.13002565,5.012035753,6.565130427,5.323056925,6.760998209,5.223776261,6.779105728,5.321086248,6.835661328,5.712304046,6.796871211,5.8859153,5.246347578,4.517630467,1.862308443,1.247057799,1.383126742,too_far,2.745607395,false,false
DU-J,C:\Users\oscar\OneDrive\Public share - Mix Eval Dataset\MixEvaluation\audio\InTheMeantime\DU-J.mp3,DU-H,62,68,61.998,6,-2,0.188704674,true,false,false,true,poor_global_alignment_confidence;extreme_stereo_width_difference;extreme_stereo_imbalance,8.221631027,0.1768627078,-0.1380194225,-1.007675683e-06,-6.380257594,-3.873675835,0.06422197819,19.9726504,0.2395352572,0.6140627265,-6.206305177,6.126931349,5.244572795,6.223993607,5.559633226,5.874842532,5.19479116,5.587102826,4.820297545,5.808890382,4.90393968,5.631828504,4.919489193,5.293894799,4.876948193,5.514785869,4.906754555,5.547920762,5.056267326,5.589982612,5.097208376,5.346488376,4.826410703,5.225953413,4.630099809,5.139940223,4.668174493,4.988172668,4.458980899,5.080006521,4.577959387,4.992996364,4.585708027,5.428979162,4.813131651,5.544906041,4.864086316,5.915054672,5.183794435,6.046799708,5.24993148,5.97309824,5.243634877,5.855959802,5.267531941,5.673060573,5.186698133,3.80067515,3.399399703,1.877013932,1.431985405,1.213506942,excluded,9999,false,false
DU-K,C:\Users\oscar\OneDrive\Public share - Mix Eval Dataset\MixEvaluation\audio\InTheMeantime\DU-K.mp3,DU-H,62,68,62.004,6,4,0.2325206703,false,false,true,false,,6.743647296,0.2261187896,-0.227932422,-1.007675683e-06,-6.380257594,-0.3477551019,0.06422197819,23.49857154,0.1704398394,0.0202039741,-7.684288907,6.176369022,5.290191446,6.189525007,5.19130569,5.825553233,4.461559389,5.404766412,4.177158341,5.305133414,3.674506245,5.194017635,3.092414526,5.038624814,3.20404473,5.098618428,3.538512352,5.238463236,3.014066726,5.143380267,3.362196035,5.008141523,3.577483129,4.58633449,3.174078845,4.904120767,3.367786978,4.729903077,3.671369478,5.04136663,3.690565649,5.203592689,3.98281368,5.489204849,4.306463051,5.423874698,4.181852217,5.76586633,4.394996734,5.8262441,4.039802778,5.616512206,4.045109706,5.371380066,3.660507278,4.94439645,2.38353702,2.976159607,-0.2567192308,1.645472563,1.427076665,0.8191655188,too_far,3.48024122,false,false
DU-L,C:\Users\oscar\OneDrive\Public share - Mix Eval Dataset\MixEvaluation\audio\InTheMeantime\DU-L.mp3,DU-H,62,68,62,6,0,0.6474959252,false,true,false,false,,3.59801799,0.6163531975,-2.075322595,-1.350058453e-13,-6.380257594,-4.220408404,0.06422198564,19.62591702,0.08260534704,-0.06849666685,-10.82991821,6.208899899,1.918013907,5.708925355,2.83701971,5.586152495,3.804993111,5.43827284,3.801346772,5.549122221,3.515788741,5.426532909,4.362417781,5.186650044,4.7332405,5.415705936,4.686896891,5.607089858,4.848623338,5.711387885,4.966984822,5.506791802,4.48942915,5.529125847,4.279023624,5.494211392,4.454110202,5.398510416,4.233796128,5.571833167,4.474742201,5.64672296,4.627435444,5.991806801,4.646224389,6.049598863,4.441515662,6.439580432,4.738706795,6.544587579,4.653989528,6.560031104,4.868994791,6.697873526,5.332791267,6.711496237,5.593093404,5.211886812,4.071882098,1.402039233,0.5044199645,1.308156913,too_far,1.848120786,false,false
DU-M,C:\Users\oscar\OneDrive\Public share - Mix Eval Dataset\MixEvaluation\audio\InTheMeantime\DU-M.mp3,DU-H,62,68,62,6,0,0.4214250155,true,false,false,false,,2.497012227,0.4255835772,-0.8678044335,1.007675295e-06,-6.380257594,-5.521877889,0.06422199309,18.324447,0.0641073212,0.003119996982,-11.93092398,6.255339919,2.98381901,6.048169844,4.355406168,5.870759109,4.348972526,5.780613862,4.241248276,5.708008177,3.952608805,5.678618457,4.340695841,5.351600674,4.532731517,5.636220225,4.402816676,5.720551209,4.614529058,5.750307186,4.584027338,5.453057281,4.292282096,5.242538906,4.075099203,5.09121018,4.262880097,4.927999032,3.975618285,5.072295951,4.155042197,5.087694256,4.190428197,5.624405149,4.201679588,5.735205503,4.113683312,6.070309271,4.369240789,6.081177109,4.241646426,6.068094139,4.346201954,6.154542724,4.57936879,6.139050763,4.598166912,4.598030306,2.798170252,0.9563204637,0.2447191107,0.9244789809,too_far,1.36705,false,false
DU-N,C:\Users\oscar\OneDrive\Public share - Mix Eval Dataset\MixEvaluation\audio\InTheMeantime\DU-N.mp3,DU-H,62,68,62,6,0,0.6569947399,false,true,true,false,,-1.450632931,0.6535890264,-2.41980755,1.007675295e-06,-6.380257594,-6.36683177,0.06422199309,17.47949255,0.02583111078,-0.005755756516,-15.87856914,6.492498058,1.903347835,6.324138933,4.084132862,5.923664913,4.083436238,5.321768408,3.891926719,5.202306976,3.918725753,5.533614695,3.875687577,5.355453369,3.823801284,4.989515825,3.96621712,5.391631532,4.022458498,5.764705032,4.090150521,5.023335817,3.857624993,5.078500558,3.697325242,5.016703739,3.770811404,4.933298109,3.517564159,5.006944498,3.52217169,5.131073998,3.655664615,5.430066828,3.91829684,5.447802415,3.874111003,5.854590043,4.105522257,5.994810217,4.039146246,6.207683022,3.623452253,6.514077344,3.159435205,6.552015027,2.393607151,5.116166502,-0.04399688134,0.8266144536,0.06829085145,0.8237886953,close_to_moderate,0.7711112359,false,false
PXL-S6,C:\Users\oscar\OneDrive\Public share - Mix Eval Dataset\MixEvaluation\audio\InTheMeantime\PXL-S6.mp3,DU-H,62,68,61.999,6,-1,0.3458613705,false,false,false,false,,0.4155437683,0.3919076274,-0.7241990809,1.007675295e-06,-6.380257594,-5.456192446,0.06422199309,18.39013175,0.03969727457,0.009432871826,-14.01239244,6.56944495,3.285759635,6.147275446,4.40208026,5.601142175,4.302571905,5.471652346,4.309639864,5.46940835,4.127318319,5.246397096,4.233081728,4.960624115,4.256086181,5.049888944,4.17160269,5.17438768,4.35813096,5.261867971,4.573723119,5.079898005,4.079078572,4.902776406,3.943534962,4.906725391,3.920135796,4.818327611,3.953263636,5.050629158,4.135089736,5.118230643,4.093813521,5.700817672,4.457995752,5.840437595,4.648854569,6.200649148,4.97411458,6.232350651,4.899378115,6.10888263,5.043344102,6.053332432,5.3633256,5.975638752,5.457391249,4.388798421,3.902590664,0.7844955428,0.1719494587,0.7654192579,close_to_moderate,0.1741695197,true,false
UCP-A1,C:\Users\oscar\OneDrive\Public share - Mix Eval Dataset\MixEvaluation\audio\InTheMeantime\UCP-A1.mp3,DU-H,62,68,61.999,6,-1,0.3683306341,false,false,false,false,,-1.547143582,0.3897364951,-0.7155012794,-1.350058453e-13,-6.380257594,-3.833756509,0.06422198564,20.01256858,0.02526341379,-0.003566243919,-15.97507979,6.484835287,2.770436952,6.276884183,3.855065918,5.901610984,3.74112819,5.878348249,3.834069118,5.623605182,3.736786155,5.338276794,3.840096015,5.088174716,3.863380206,5.3820683,3.874430599,5.492236838,4.049937194,5.597861422,4.136588321,5.384777636,4.059202233,5.241957696,3.884731215,5.155485632,4.030947009,5.057333892,4.122346894,5.177716283,4.285556306,5.15810299,4.207582845,5.6516316,4.461778959,5.782739301,4.623512449,6.120963959,4.843344341,6.15798373,4.701387853,6.058091469,4.872351146,6.096614042,5.221430125,6.15014647,5.321321175,4.638332226,3.823772509,1.036261026,0.474659034,0.9211599831,too_far,0.7645365356,false,false
UCP-A2,C:\Users\oscar\OneDrive\Public share - Mix Eval Dataset\MixEvaluation\audio\InTheMeantime\UCP-A2.mp3,DU-H,62,68,61.999,6,-1,0.3280724438,false,false,false,false,,-0.4754776756,0.3456096508,-0.5524412059,-1.350058453e-13,-6.380257594,-3.148630755,0.06422198564,20.69769446,0.03233394027,-0.02168502845,-14.90341388,6.360391099,2.951501474,6.126495764,3.983433655,6.01006515,4.118434843,5.862236692,4.004071462,5.614658142,3.816529996,5.467597589,4.001468315,5.288473332,3.962971609,5.608229102,4.075445864,5.715548666,4.277646536,5.94184388,4.444908707,5.60459862,4.220103066,5.412142964,4.054753947,5.228808958,4.148614946,5.090585989,4.245802009,5.209639466,4.360691852,5.196056972,4.263238306,5.704447763,4.509301125,5.860225986,4.629017711,6.211454705,4.855524682,6.240363953,4.719437005,6.116617992,4.910892316,6.11784472,5.222161045,6.109855519,5.370650796,4.516379813,3.908843701,1.199551532,0.5959098312,1.041064528,too_far,0.5527439749,false,false
McG-A,C:\Users\oscar\OneDrive\Public share - Mix Eval Dataset\MixEvaluation\audio\InTheMeantime\McG-A.mp3,DU-H,62,68,62.022,6,22,0.2330510863,false,false,false,false,,1.65524199,0.3061956767,-0.4275475408,1.007675295e-06,-6.380257594,-6.055735497,0.06422199309,17.79058879,0.05281175673,-0.02736372128,-12.77269421,6.476989479,3.262869375,5.973988429,4.112962479,5.749553613,4.291747422,5.4769359,4.303975258,5.44050136,4.163555572,5.483338263,4.501413894,5.284406296,4.706666059,5.403434317,4.592029673,5.521028528,4.641530976,5.688887215,4.872967774,5.473456737,4.3088283,5.282855375,4.138827321,5.190248032,4.032885946,4.979212752,3.87240379,5.034156927,3.897903446,4.920725286,3.824677262,5.480830844,4.130219814,5.540538725,4.226062019,5.850915683,4.475675478,5.845926696,4.445975206,5.662835462,4.447980136,5.584013447,4.56700304,5.55058937,4.696035951,4.789782501,4.128036622,0.7850315005,0.1265206417,0.7747689875,close_to_moderate,0.6075279395,false,false
McG-C,C:\Users\oscar\OneDrive\Public share - Mix Eval Dataset\MixEvaluation\audio\InTheMeantime\McG-C.mp3,DU-H,62,68,62.022,6,22,0.2738106804,false,false,false,false,,2.437048432,0.3355381828,-0.5187370341,1.007675295e-06,-6.380257594,-6.646518563,0.06422199309,17.19980606,0.0632282719,-0.006694257725,-11.99088777,6.477324284,2.951283797,6.152411324,4.497600435,5.789372121,4.459214391,5.356368655,4.128324937,5.390943796,3.892098784,5.31415205,4.311868103,5.007319004,4.572090433,5.240355753,4.441292107,5.349772703,4.528116021,5.46688272,4.761236776,5.246275417,4.140027644,5.159709713,3.983757058,5.088652166,3.911059234,4.948344364,3.779320375,5.009886819,3.920154136,4.901034298,3.998490232,5.282444138,4.113364724,5.48687263,4.106162303,6.020980811,4.416955959,6.180327789,4.472615833,6.082427135,4.636355187,5.926598709,4.932446162,5.82711517,5.159299636,4.93500888,4.537769356,0.7233223645,0.187431666,0.6986162134,close_to_moderate,0.9428693304,false,false
McG-H,C:\Users\oscar\OneDrive\Public share - Mix Eval Dataset\MixEvaluation\audio\InTheMeantime\McG-H.mp3,DU-H,62,68,62.022,6,22,0.2619281979,false,false,false,false,,1.578142781,0.263280078,-0.3119792915,1.007675295e-06,-6.380257594,-2.898507776,0.06422199309,20.94781687,0.05188247934,-0.027578637,-12.84979342,6.388225661,3.464795776,6.152844952,4.127494615,5.736493866,4.137891024,5.431560529,4.032902844,5.474560988,3.83488693,5.386004595,4.330843473,5.137412402,4.566492725,5.364014888,4.4285295,5.468650271,4.547952198,5.559627483,4.751038963,5.352828822,4.215226021,5.244291003,4.046833714,5.189227366,4.018341359,5.068170937,3.986922495,5.28839024,4.203436915,5.299139709,4.250965332,5.845393322,4.481896817,6.013031921,4.625186522,6.451402768,4.957269584,6.550548223,5.032443812,6.493881409,5.258607924,6.482072555,5.62629664,6.493715937,5.952312478,5.811173684,5.31346815,1.243736866,0.6500575382,1.060333245,too_far,0.9945660413,false,false
