evaluation_id,song,original_mix_name,mix_id,participant_id,evaluator_institution_code,mixer_identity_fields,self_rating_identifiable,self_rating_flag,evidence,exclusion_feasible,notes
evaluation_dc3a1e2f1b3a,Red To Blue,McG-A,mix_e2654ec905ad,participant_mcg_mcg_l,McG,mixer_id=McG-A; legacy_mix_code=McG-A; mixer_institution_code=McG,false,,"No explicit participant-to-mixer identity mapping or creator/evaluator flag found in evaluations.csv, mixes.csv, retained feature table, or SCHEMA.md.",false,Institution equality alone was not used as self-rating evidence.
evaluation_ba59f289bc72,Red To Blue,McG-A,mix_e2654ec905ad,participant_mcg_mcg_p,McG,mixer_id=McG-A; legacy_mix_code=McG-A; mixer_institution_code=McG,false,,"No explicit participant-to-mixer identity mapping or creator/evaluator flag found in evaluations.csv, mixes.csv, retained feature table, or SCHEMA.md.",false,Institution equality alone was not used as self-rating evidence.
evaluation_dbe331a792d4,Red To Blue,McG-A,mix_e2654ec905ad,participant_mcg_mcg_k,McG,mixer_id=McG-A; legacy_mix_code=McG-A; mixer_institution_code=McG,false,,"No explicit participant-to-mixer identity mapping or creator/evaluator flag found in evaluations.csv, mixes.csv, retained feature table, or SCHEMA.md.",false,Institution equality alone was not used as self-rating evidence.
evaluation_0bd851c8d1c8,Red To Blue,McG-A,mix_e2654ec905ad,participant_mcg_mcg_o,McG,mixer_id=McG-A; legacy_mix_code=McG-A; mixer_institution_code=McG,false,,"No explicit participant-to-mixer identity mapping or creator/evaluator flag found in evaluations.csv, mixes.csv, retained feature table, or SCHEMA.md.",false,Institution equality alone was not used as self-rating evidence.
evaluation_3c5dfb7e7c89,Red To Blue,McG-A,mix_e2654ec905ad,participant_mcg_mcg_subc,McG,mixer_id=McG-A; legacy_mix_code=McG-A; mixer_institution_code=McG,false,,"No explicit participant-to-mixer identity mapping or creator/evaluator flag found in evaluations.csv, mixes.csv, retained feature table, or SCHEMA.md.",false,Institution equality alone was not used as self-rating evidence.
evaluation_575d52180429,Red To Blue,McG-A,mix_e2654ec905ad,participant_mcg_mcg_n,McG,mixer_id=McG-A; legacy_mix_code=McG-A; mixer_institution_code=McG,false,,"No explicit participant-to-mixer identity mapping or creator/evaluator flag found in evaluations.csv, mixes.csv, retained feature table, or SCHEMA.md.",false,Institution equality alone was not used as self-rating evidence.
evaluation_85027e091e16,Red To Blue,McG-A,mix_e2654ec905ad,participant_mcg_mcg_suba,McG,mixer_id=McG-A; legacy_mix_code=McG-A; mixer_institution_code=McG,false,,"No explicit participant-to-mixer identity mapping or creator/evaluator flag found in evaluations.csv, mixes.csv, retained feature table, or SCHEMA.md.",false,Institution equality alone was not used as self-rating evidence.
evaluation_e954c10dcf98,Red To Blue,McG-A,mix_e2654ec905ad,participant_mcg_mcg_j,McG,mixer_id=McG-A; legacy_mix_code=McG-A; mixer_institution_code=McG,false,,"No explicit participant-to-mixer identity mapping or creator/evaluator flag found in evaluations.csv, mixes.csv, retained feature table, or SCHEMA.md.",false,Institution equality alone was not used as self-rating evidence.
evaluation_6f6267f3d528,Red To Blue,McG-A,mix_e2654ec905ad,participant_mcg_mcg_m,McG,mixer_id=McG-A; legacy_mix_code=McG-A; mixer_institution_code=McG,false,,"No explicit participant-to-mixer identity mapping or creator/evaluator flag found in evaluations.csv, mixes.csv, retained feature table, or SCHEMA.md.",false,Institution equality alone was not used as self-rating evidence.
evaluation_e1e946716e6e,Red To Blue,McG-A,mix_e2654ec905ad,participant_mcg_mcg_i,McG,mixer_id=McG-A; legacy_mix_code=McG-A; mixer_institution_code=McG,false,,"No explicit participant-to-mixer identity mapping or creator/evaluator flag found in evaluations.csv, mixes.csv, retained feature table, or SCHEMA.md.",false,Institution equality alone was not used as self-rating evidence.
evaluation_96c3049e003a,Red To Blue,McG-A,mix_e2654ec905ad,participant_mcg_mcg_pro2,McG,mixer_id=McG-A; legacy_mix_code=McG-A; mixer_institution_code=McG,false,,"No explicit participant-to-mixer identity mapping or creator/evaluator flag found in evaluations.csv, mixes.csv, retained feature table, or SCHEMA.md.",false,Institution equality alone was not used as self-rating evidence.
evaluation_ad164938557a,Red To Blue,McG-A,mix_e2654ec905ad,participant_mcg_mcg_pro1,McG,mixer_id=McG-A; legacy_mix_code=McG-A; mixer_institution_code=McG,false,,"No explicit participant-to-mixer identity mapping or creator/evaluator flag found in evaluations.csv, mixes.csv, retained feature table, or SCHEMA.md.",false,Institution equality alone was not used as self-rating evidence.
evaluation_95ea86092609,Red To Blue,McG-A,mix_e2654ec905ad,participant_qm_qm_21,QM,mixer_id=McG-A; legacy_mix_code=McG-A; mixer_institution_code=McG,false,,"No explicit participant-to-mixer identity mapping or creator/evaluator flag found in evaluations.csv, mixes.csv, retained feature table, or SCHEMA.md.",false,Institution equality alone was not used as self-rating evidence.
evaluation_35b15e63ebb9,Red To Blue,McG-A,mix_e2654ec905ad,participant_qm_qm_20,QM,mixer_id=McG-A; legacy_mix_code=McG-A; mixer_institution_code=McG,false,,"No explicit participant-to-mixer identity mapping or creator/evaluator flag found in evaluations.csv, mixes.csv, retained feature table, or SCHEMA.md.",false,Institution equality alone was not used as self-rating evidence.
evaluation_20e4007559b1,Red To Blue,McG-A,mix_e2654ec905ad,participant_qm_qm_5,QM,mixer_id=McG-A; legacy_mix_code=McG-A; mixer_institution_code=McG,false,,"No explicit participant-to-mixer identity mapping or creator/evaluator flag found in evaluations.csv, mixes.csv, retained feature table, or SCHEMA.md.",false,Institution equality alone was not used as self-rating evidence.
evaluation_fd94c420494f,Red To Blue,McG-A,mix_e2654ec905ad,participant_qm_qm_8,QM,mixer_id=McG-A; legacy_mix_code=McG-A; mixer_institution_code=McG,false,,"No explicit participant-to-mixer identity mapping or creator/evaluator flag found in evaluations.csv, mixes.csv, retained feature table, or SCHEMA.md.",false,Institution equality alone was not used as self-rating evidence.
evaluation_2772fb5fe2bc,Red To Blue,McG-A,mix_e2654ec905ad,participant_qm_qm_10,QM,mixer_id=McG-A; legacy_mix_code=McG-A; mixer_institution_code=McG,false,,"No explicit participant-to-mixer identity mapping or creator/evaluator flag found in evaluations.csv, mixes.csv, retained feature table, or SCHEMA.md.",false,Institution equality alone was not used as self-rating evidence.
evaluation_2745c8ea58d3,Red To Blue,McG-A,mix_e2654ec905ad,participant_qm_qm_3,QM,mixer_id=McG-A; legacy_mix_code=McG-A; mixer_institution_code=McG,false,,"No explicit participant-to-mixer identity mapping or creator/evaluator flag found in evaluations.csv, mixes.csv, retained feature table, or SCHEMA.md.",false,Institution equality alone was not used as self-rating evidence.
evaluation_3cca58b0551e,Red To Blue,McG-A,mix_e2654ec905ad,participant_qm_qm_18,QM,mixer_id=McG-A; legacy_mix_code=McG-A; mixer_institution_code=McG,false,,"No explicit participant-to-mixer identity mapping or creator/evaluator flag found in evaluations.csv, mixes.csv, retained feature table, or SCHEMA.md.",false,Institution equality alone was not used as self-rating evidence.
evaluation_039ba747e78b,Red To Blue,McG-A,mix_e2654ec905ad,participant_qm_qm_6,QM,mixer_id=McG-A; legacy_mix_code=McG-A; mixer_institution_code=McG,false,,"No explicit participant-to-mixer identity mapping or creator/evaluator flag found in evaluations.csv, mixes.csv, retained feature table, or SCHEMA.md.",false,Institution equality alone was not used as self-rating evidence.
evaluation_7586b0948df6,Red To Blue,McG-A,mix_e2654ec905ad,participant_qm_qm_13,QM,mixer_id=McG-A; legacy_mix_code=McG-A; mixer_institution_code=McG,false,,"No explicit participant-to-mixer identity mapping or creator/evaluator flag found in evaluations.csv, mixes.csv, retained feature table, or SCHEMA.md.",false,Institution equality alone was not used as self-rating evidence.
evaluation_7ded69142584,Red To Blue,McG-A,mix_e2654ec905ad,participant_qm_qm_2,QM,mixer_id=McG-A; legacy_mix_code=McG-A; mixer_institution_code=McG,false,,"No explicit participant-to-mixer identity mapping or creator/evaluator flag found in evaluations.csv, mixes.csv, retained feature table, or SCHEMA.md.",false,Institution equality alone was not used as self-rating evidence.
evaluation_0adb5c62f619,Red To Blue,McG-A,mix_e2654ec905ad,participant_smc_smc_25,SMC,mixer_id=McG-A; legacy_mix_code=McG-A; mixer_institution_code=McG,false,,"No explicit participant-to-mixer identity mapping or creator/evaluator flag found in evaluations.csv, mixes.csv, retained feature table, or SCHEMA.md.",false,Institution equality alone was not used as self-rating evidence.
evaluation_07a4ae803b55,Red To Blue,McG-A,mix_e2654ec905ad,participant_smc_smc_1,SMC,mixer_id=McG-A; legacy_mix_code=McG-A; mixer_institution_code=McG,false,,"No explicit participant-to-mixer identity mapping or creator/evaluator flag found in evaluations.csv, mixes.csv, retained feature table, or SCHEMA.md.",false,Institution equality alone was not used as self-rating evidence.
evaluation_c5f13d5078b0,Red To Blue,McG-A,mix_e2654ec905ad,participant_smc_smc_13,SMC,mixer_id=McG-A; legacy_mix_code=McG-A; mixer_institution_code=McG,false,,"No explicit participant-to-mixer identity mapping or creator/evaluator flag found in evaluations.csv, mixes.csv, retained feature table, or SCHEMA.md.",false,Institution equality alone was not used as self-rating evidence.
evaluation_201bb14670ae,Red To Blue,McG-A,mix_e2654ec905ad,participant_smc_smc_0,SMC,mixer_id=McG-A; legacy_mix_code=McG-A; mixer_institution_code=McG,false,,"No explicit participant-to-mixer identity mapping or creator/evaluator flag found in evaluations.csv, mixes.csv, retained feature table, or SCHEMA.md.",false,Institution equality alone was not used as self-rating evidence.
evaluation_de085d0652a1,Red To Blue,McG-B,mix_7ac13e0b6376,participant_mcg_mcg_l,McG,mixer_id=McG-B; legacy_mix_code=McG-B; mixer_institution_code=McG,false,,"No explicit participant-to-mixer identity mapping or creator/evaluator flag found in evaluations.csv, mixes.csv, retained feature table, or SCHEMA.md.",false,Institution equality alone was not used as self-rating evidence.
evaluation_521cbc99740f,Red To Blue,McG-B,mix_7ac13e0b6376,participant_mcg_mcg_p,McG,mixer_id=McG-B; legacy_mix_code=McG-B; mixer_institution_code=McG,false,,"No explicit participant-to-mixer identity mapping or creator/evaluator flag found in evaluations.csv, mixes.csv, retained feature table, or SCHEMA.md.",false,Institution equality alone was not used as self-rating evidence.
evaluation_a90c1110a84f,Red To Blue,McG-B,mix_7ac13e0b6376,participant_mcg_mcg_k,McG,mixer_id=McG-B; legacy_mix_code=McG-B; mixer_institution_code=McG,false,,"No explicit participant-to-mixer identity mapping or creator/evaluator flag found in evaluations.csv, mixes.csv, retained feature table, or SCHEMA.md.",false,Institution equality alone was not used as self-rating evidence.
evaluation_c7ebb4c29763,Red To Blue,McG-B,mix_7ac13e0b6376,participant_mcg_mcg_o,McG,mixer_id=McG-B; legacy_mix_code=McG-B; mixer_institution_code=McG,false,,"No explicit participant-to-mixer identity mapping or creator/evaluator flag found in evaluations.csv, mixes.csv, retained feature table, or SCHEMA.md.",false,Institution equality alone was not used as self-rating evidence.
evaluation_598fd0db0636,Red To Blue,McG-B,mix_7ac13e0b6376,participant_mcg_mcg_subc,McG,mixer_id=McG-B; legacy_mix_code=McG-B; mixer_institution_code=McG,false,,"No explicit participant-to-mixer identity mapping or creator/evaluator flag found in evaluations.csv, mixes.csv, retained feature table, or SCHEMA.md.",false,Institution equality alone was not used as self-rating evidence.
evaluation_8c324c318575,Red To Blue,McG-B,mix_7ac13e0b6376,participant_mcg_mcg_n,McG,mixer_id=McG-B; legacy_mix_code=McG-B; mixer_institution_code=McG,false,,"No explicit participant-to-mixer identity mapping or creator/evaluator flag found in evaluations.csv, mixes.csv, retained feature table, or SCHEMA.md.",false,Institution equality alone was not used as self-rating evidence.
evaluation_e7cad433c3ca,Red To Blue,McG-B,mix_7ac13e0b6376,participant_mcg_mcg_suba,McG,mixer_id=McG-B; legacy_mix_code=McG-B; mixer_institution_code=McG,false,,"No explicit participant-to-mixer identity mapping or creator/evaluator flag found in evaluations.csv, mixes.csv, retained feature table, or SCHEMA.md.",false,Institution equality alone was not used as self-rating evidence.
evaluation_677e0503eb1f,Red To Blue,McG-B,mix_7ac13e0b6376,participant_mcg_mcg_j,McG,mixer_id=McG-B; legacy_mix_code=McG-B; mixer_institution_code=McG,false,,"No explicit participant-to-mixer identity mapping or creator/evaluator flag found in evaluations.csv, mixes.csv, retained feature table, or SCHEMA.md.",false,Institution equality alone was not used as self-rating evidence.
evaluation_0af2729a52f0,Red To Blue,McG-B,mix_7ac13e0b6376,participant_mcg_mcg_m,McG,mixer_id=McG-B; legacy_mix_code=McG-B; mixer_institution_code=McG,false,,"No explicit participant-to-mixer identity mapping or creator/evaluator flag found in evaluations.csv, mixes.csv, retained feature table, or SCHEMA.md.",false,Institution equality alone was not used as self-rating evidence.
evaluation_9fc65f6ade13,Red To Blue,McG-B,mix_7ac13e0b6376,participant_mcg_mcg_i,McG,mixer_id=McG-B; legacy_mix_code=McG-B; mixer_institution_code=McG,false,,"No explicit participant-to-mixer identity mapping or creator/evaluator flag found in evaluations.csv, mixes.csv, retained feature table, or SCHEMA.md.",false,Institution equality alone was not used as self-rating evidence.
evaluation_15ae7918855c,Red To Blue,McG-B,mix_7ac13e0b6376,participant_mcg_mcg_pro2,McG,mixer_id=McG-B; legacy_mix_code=McG-B; mixer_institution_code=McG,false,,"No explicit participant-to-mixer identity mapping or creator/evaluator flag found in evaluations.csv, mixes.csv, retained feature table, or SCHEMA.md.",false,Institution equality alone was not used as self-rating evidence.
evaluation_3ebf84cc9c91,Red To Blue,McG-B,mix_7ac13e0b6376,participant_mcg_mcg_pro1,McG,mixer_id=McG-B; legacy_mix_code=McG-B; mixer_institution_code=McG,false,,"No explicit participant-to-mixer identity mapping or creator/evaluator flag found in evaluations.csv, mixes.csv, retained feature table, or SCHEMA.md.",false,Institution equality alone was not used as self-rating evidence.
evaluation_c1a5cb02346a,Red To Blue,McG-B,mix_7ac13e0b6376,participant_qm_qm_21,QM,mixer_id=McG-B; legacy_mix_code=McG-B; mixer_institution_code=McG,false,,"No explicit participant-to-mixer identity mapping or creator/evaluator flag found in evaluations.csv, mixes.csv, retained feature table, or SCHEMA.md.",false,Institution equality alone was not used as self-rating evidence.
evaluation_d29756c4e52e,Red To Blue,McG-B,mix_7ac13e0b6376,participant_qm_qm_20,QM,mixer_id=McG-B; legacy_mix_code=McG-B; mixer_institution_code=McG,false,,"No explicit participant-to-mixer identity mapping or creator/evaluator flag found in evaluations.csv, mixes.csv, retained feature table, or SCHEMA.md.",false,Institution equality alone was not used as self-rating evidence.
evaluation_08a46b75362a,Red To Blue,McG-B,mix_7ac13e0b6376,participant_qm_qm_5,QM,mixer_id=McG-B; legacy_mix_code=McG-B; mixer_institution_code=McG,false,,"No explicit participant-to-mixer identity mapping or creator/evaluator flag found in evaluations.csv, mixes.csv, retained feature table, or SCHEMA.md.",false,Institution equality alone was not used as self-rating evidence.
evaluation_82c808f9d37d,Red To Blue,McG-B,mix_7ac13e0b6376,participant_qm_qm_8,QM,mixer_id=McG-B; legacy_mix_code=McG-B; mixer_institution_code=McG,false,,"No explicit participant-to-mixer identity mapping or creator/evaluator flag found in evaluations.csv, mixes.csv, retained feature table, or SCHEMA.md.",false,Institution equality alone was not used as self-rating evidence.
evaluation_ba0a68ee8a43,Red To Blue,McG-B,mix_7ac13e0b6376,participant_qm_qm_10,QM,mixer_id=McG-B; legacy_mix_code=McG-B; mixer_institution_code=McG,false,,"No explicit participant-to-mixer identity mapping or creator/evaluator flag found in evaluations.csv, mixes.csv, retained feature table, or SCHEMA.md.",false,Institution equality alone was not used as self-rating evidence.
evaluation_d9bd882220a3,Red To Blue,McG-B,mix_7ac13e0b6376,participant_qm_qm_3,QM,mixer_id=McG-B; legacy_mix_code=McG-B; mixer_institution_code=McG,false,,"No explicit participant-to-mixer identity mapping or creator/evaluator flag found in evaluations.csv, mixes.csv, retained feature table, or SCHEMA.md.",false,Institution equality alone was not used as self-rating evidence.
evaluation_9bb08d9dca49,Red To Blue,McG-B,mix_7ac13e0b6376,participant_qm_qm_18,QM,mixer_id=McG-B; legacy_mix_code=McG-B; mixer_institution_code=McG,false,,"No explicit participant-to-mixer identity mapping or creator/evaluator flag found in evaluations.csv, mixes.csv, retained feature table, or SCHEMA.md.",false,Institution equality alone was not used as self-rating evidence.
evaluation_f8357839afbe,Red To Blue,McG-B,mix_7ac13e0b6376,participant_qm_qm_6,QM,mixer_id=McG-B; legacy_mix_code=McG-B; mixer_institution_code=McG,false,,"No explicit participant-to-mixer identity mapping or creator/evaluator flag found in evaluations.csv, mixes.csv, retained feature table, or SCHEMA.md.",false,Institution equality alone was not used as self-rating evidence.
evaluation_d1c6711ed873,Red To Blue,McG-B,mix_7ac13e0b6376,participant_qm_qm_13,QM,mixer_id=McG-B; legacy_mix_code=McG-B; mixer_institution_code=McG,false,,"No explicit participant-to-mixer identity mapping or creator/evaluator flag found in evaluations.csv, mixes.csv, retained feature table, or SCHEMA.md.",false,Institution equality alone was not used as self-rating evidence.
evaluation_eeeff69b2258,Red To Blue,McG-B,mix_7ac13e0b6376,participant_qm_qm_2,QM,mixer_id=McG-B; legacy_mix_code=McG-B; mixer_institution_code=McG,false,,"No explicit participant-to-mixer identity mapping or creator/evaluator flag found in evaluations.csv, mixes.csv, retained feature table, or SCHEMA.md.",false,Institution equality alone was not used as self-rating evidence.
evaluation_6bec0eeeecfe,Red To Blue,McG-B,mix_7ac13e0b6376,participant_smc_smc_25,SMC,mixer_id=McG-B; legacy_mix_code=McG-B; mixer_institution_code=McG,false,,"No explicit participant-to-mixer identity mapping or creator/evaluator flag found in evaluations.csv, mixes.csv, retained feature table, or SCHEMA.md.",false,Institution equality alone was not used as self-rating evidence.
evaluation_92a1d5210155,Red To Blue,McG-B,mix_7ac13e0b6376,participant_smc_smc_1,SMC,mixer_id=McG-B; legacy_mix_code=McG-B; mixer_institution_code=McG,false,,"No explicit participant-to-mixer identity mapping or creator/evaluator flag found in evaluations.csv, mixes.csv, retained feature table, or SCHEMA.md.",false,Institution equality alone was not used as self-rating evidence.
evaluation_32bb43dee04a,Red To Blue,McG-B,mix_7ac13e0b6376,participant_smc_smc_13,SMC,mixer_id=McG-B; legacy_mix_code=McG-B; mixer_institution_code=McG,false,,"No explicit participant-to-mixer identity mapping or creator/evaluator flag found in evaluations.csv, mixes.csv, retained feature table, or SCHEMA.md.",false,Institution equality alone was not used as self-rating evidence.
evaluation_8489614156a7,Red To Blue,McG-B,mix_7ac13e0b6376,participant_smc_smc_0,SMC,mixer_id=McG-B; legacy_mix_code=McG-B; mixer_institution_code=McG,false,,"No explicit participant-to-mixer identity mapping or creator/evaluator flag found in evaluations.csv, mixes.csv, retained feature table, or SCHEMA.md.",false,Institution equality alone was not used as self-rating evidence.
evaluation_ddc2a2b92062,Red To Blue,McG-C,mix_5143d2ee3859,participant_mcg_mcg_l,McG,mixer_id=McG-C; legacy_mix_code=McG-C; mixer_institution_code=McG,false,,"No explicit participant-to-mixer identity mapping or creator/evaluator flag found in evaluations.csv, mixes.csv, retained feature table, or SCHEMA.md.",false,Institution equality alone was not used as self-rating evidence.
evaluation_c82f6236a6da,Red To Blue,McG-C,mix_5143d2ee3859,participant_mcg_mcg_p,McG,mixer_id=McG-C; legacy_mix_code=McG-C; mixer_institution_code=McG,false,,"No explicit participant-to-mixer identity mapping or creator/evaluator flag found in evaluations.csv, mixes.csv, retained feature table, or SCHEMA.md.",false,Institution equality alone was not used as self-rating evidence.
evaluation_8f8ef23e91a2,Red To Blue,McG-C,mix_5143d2ee3859,participant_mcg_mcg_k,McG,mixer_id=McG-C; legacy_mix_code=McG-C; mixer_institution_code=McG,false,,"No explicit participant-to-mixer identity mapping or creator/evaluator flag found in evaluations.csv, mixes.csv, retained feature table, or SCHEMA.md.",false,Institution equality alone was not used as self-rating evidence.
evaluation_33231af96a4e,Red To Blue,McG-C,mix_5143d2ee3859,participant_mcg_mcg_o,McG,mixer_id=McG-C; legacy_mix_code=McG-C; mixer_institution_code=McG,false,,"No explicit participant-to-mixer identity mapping or creator/evaluator flag found in evaluations.csv, mixes.csv, retained feature table, or SCHEMA.md.",false,Institution equality alone was not used as self-rating evidence.
evaluation_aca6930ff3e2,Red To Blue,McG-C,mix_5143d2ee3859,participant_mcg_mcg_subc,McG,mixer_id=McG-C; legacy_mix_code=McG-C; mixer_institution_code=McG,false,,"No explicit participant-to-mixer identity mapping or creator/evaluator flag found in evaluations.csv, mixes.csv, retained feature table, or SCHEMA.md.",false,Institution equality alone was not used as self-rating evidence.
evaluation_e47fdcdc3459,Red To Blue,McG-C,mix_5143d2ee3859,participant_mcg_mcg_n,McG,mixer_id=McG-C; legacy_mix_code=McG-C; mixer_institution_code=McG,false,,"No explicit participant-to-mixer identity mapping or creator/evaluator flag found in evaluations.csv, mixes.csv, retained feature table, or SCHEMA.md.",false,Institution equality alone was not used as self-rating evidence.
evaluation_cf42f05ad6f2,Red To Blue,McG-C,mix_5143d2ee3859,participant_mcg_mcg_suba,McG,mixer_id=McG-C; legacy_mix_code=McG-C; mixer_institution_code=McG,false,,"No explicit participant-to-mixer identity mapping or creator/evaluator flag found in evaluations.csv, mixes.csv, retained feature table, or SCHEMA.md.",false,Institution equality alone was not used as self-rating evidence.
evaluation_9764eb76b2d5,Red To Blue,McG-C,mix_5143d2ee3859,participant_mcg_mcg_j,McG,mixer_id=McG-C; legacy_mix_code=McG-C; mixer_institution_code=McG,false,,"No explicit participant-to-mixer identity mapping or creator/evaluator flag found in evaluations.csv, mixes.csv, retained feature table, or SCHEMA.md.",false,Institution equality alone was not used as self-rating evidence.
evaluation_b15ae3fa7ce2,Red To Blue,McG-C,mix_5143d2ee3859,participant_mcg_mcg_m,McG,mixer_id=McG-C; legacy_mix_code=McG-C; mixer_institution_code=McG,false,,"No explicit participant-to-mixer identity mapping or creator/evaluator flag found in evaluations.csv, mixes.csv, retained feature table, or SCHEMA.md.",false,Institution equality alone was not used as self-rating evidence.
evaluation_91514202a83a,Red To Blue,McG-C,mix_5143d2ee3859,participant_mcg_mcg_i,McG,mixer_id=McG-C; legacy_mix_code=McG-C; mixer_institution_code=McG,false,,"No explicit participant-to-mixer identity mapping or creator/evaluator flag found in evaluations.csv, mixes.csv, retained feature table, or SCHEMA.md.",false,Institution equality alone was not used as self-rating evidence.
evaluation_781085f5a75e,Red To Blue,McG-C,mix_5143d2ee3859,participant_mcg_mcg_pro2,McG,mixer_id=McG-C; legacy_mix_code=McG-C; mixer_institution_code=McG,false,,"No explicit participant-to-mixer identity mapping or creator/evaluator flag found in evaluations.csv, mixes.csv, retained feature table, or SCHEMA.md.",false,Institution equality alone was not used as self-rating evidence.
evaluation_8b9fd6032832,Red To Blue,McG-C,mix_5143d2ee3859,participant_mcg_mcg_pro1,McG,mixer_id=McG-C; legacy_mix_code=McG-C; mixer_institution_code=McG,false,,"No explicit participant-to-mixer identity mapping or creator/evaluator flag found in evaluations.csv, mixes.csv, retained feature table, or SCHEMA.md.",false,Institution equality alone was not used as self-rating evidence.
evaluation_1b21e867cbca,Red To Blue,McG-C,mix_5143d2ee3859,participant_qm_qm_21,QM,mixer_id=McG-C; legacy_mix_code=McG-C; mixer_institution_code=McG,false,,"No explicit participant-to-mixer identity mapping or creator/evaluator flag found in evaluations.csv, mixes.csv, retained feature table, or SCHEMA.md.",false,Institution equality alone was not used as self-rating evidence.
evaluation_fa4c9aa78a03,Red To Blue,McG-C,mix_5143d2ee3859,participant_qm_qm_20,QM,mixer_id=McG-C; legacy_mix_code=McG-C; mixer_institution_code=McG,false,,"No explicit participant-to-mixer identity mapping or creator/evaluator flag found in evaluations.csv, mixes.csv, retained feature table, or SCHEMA.md.",false,Institution equality alone was not used as self-rating evidence.
evaluation_986156850e6b,Red To Blue,McG-C,mix_5143d2ee3859,participant_qm_qm_5,QM,mixer_id=McG-C; legacy_mix_code=McG-C; mixer_institution_code=McG,false,,"No explicit participant-to-mixer identity mapping or creator/evaluator flag found in evaluations.csv, mixes.csv, retained feature table, or SCHEMA.md.",false,Institution equality alone was not used as self-rating evidence.
evaluation_4ebb17b7fd84,Red To Blue,McG-C,mix_5143d2ee3859,participant_qm_qm_8,QM,mixer_id=McG-C; legacy_mix_code=McG-C; mixer_institution_code=McG,false,,"No explicit participant-to-mixer identity mapping or creator/evaluator flag found in evaluations.csv, mixes.csv, retained feature table, or SCHEMA.md.",false,Institution equality alone was not used as self-rating evidence.
evaluation_1811f97440bd,Red To Blue,McG-C,mix_5143d2ee3859,participant_qm_qm_10,QM,mixer_id=McG-C; legacy_mix_code=McG-C; mixer_institution_code=McG,false,,"No explicit participant-to-mixer identity mapping or creator/evaluator flag found in evaluations.csv, mixes.csv, retained feature table, or SCHEMA.md.",false,Institution equality alone was not used as self-rating evidence.
evaluation_03460fc4f3e4,Red To Blue,McG-C,mix_5143d2ee3859,participant_qm_qm_3,QM,mixer_id=McG-C; legacy_mix_code=McG-C; mixer_institution_code=McG,false,,"No explicit participant-to-mixer identity mapping or creator/evaluator flag found in evaluations.csv, mixes.csv, retained feature table, or SCHEMA.md.",false,Institution equality alone was not used as self-rating evidence.
evaluation_4ca6c45e6c23,Red To Blue,McG-C,mix_5143d2ee3859,participant_qm_qm_18,QM,mixer_id=McG-C; legacy_mix_code=McG-C; mixer_institution_code=McG,false,,"No explicit participant-to-mixer identity mapping or creator/evaluator flag found in evaluations.csv, mixes.csv, retained feature table, or SCHEMA.md.",false,Institution equality alone was not used as self-rating evidence.
evaluation_affde830d64c,Red To Blue,McG-C,mix_5143d2ee3859,participant_qm_qm_6,QM,mixer_id=McG-C; legacy_mix_code=McG-C; mixer_institution_code=McG,false,,"No explicit participant-to-mixer identity mapping or creator/evaluator flag found in evaluations.csv, mixes.csv, retained feature table, or SCHEMA.md.",false,Institution equality alone was not used as self-rating evidence.
evaluation_92c1716eb809,Red To Blue,McG-C,mix_5143d2ee3859,participant_qm_qm_13,QM,mixer_id=McG-C; legacy_mix_code=McG-C; mixer_institution_code=McG,false,,"No explicit participant-to-mixer identity mapping or creator/evaluator flag found in evaluations.csv, mixes.csv, retained feature table, or SCHEMA.md.",false,Institution equality alone was not used as self-rating evidence.
evaluation_1375130d7f3a,Red To Blue,McG-C,mix_5143d2ee3859,participant_qm_qm_2,QM,mixer_id=McG-C; legacy_mix_code=McG-C; mixer_institution_code=McG,false,,"No explicit participant-to-mixer identity mapping or creator/evaluator flag found in evaluations.csv, mixes.csv, retained feature table, or SCHEMA.md.",false,Institution equality alone was not used as self-rating evidence.
evaluation_deaf0aa1550e,Red To Blue,McG-C,mix_5143d2ee3859,participant_smc_smc_25,SMC,mixer_id=McG-C; legacy_mix_code=McG-C; mixer_institution_code=McG,false,,"No explicit participant-to-mixer identity mapping or creator/evaluator flag found in evaluations.csv, mixes.csv, retained feature table, or SCHEMA.md.",false,Institution equality alone was not used as self-rating evidence.
evaluation_e81fbea48bc7,Red To Blue,McG-C,mix_5143d2ee3859,participant_smc_smc_1,SMC,mixer_id=McG-C; legacy_mix_code=McG-C; mixer_institution_code=McG,false,,"No explicit participant-to-mixer identity mapping or creator/evaluator flag found in evaluations.csv, mixes.csv, retained feature table, or SCHEMA.md.",false,Institution equality alone was not used as self-rating evidence.
evaluation_5fe98d5a0b05,Red To Blue,McG-C,mix_5143d2ee3859,participant_smc_smc_13,SMC,mixer_id=McG-C; legacy_mix_code=McG-C; mixer_institution_code=McG,false,,"No explicit participant-to-mixer identity mapping or creator/evaluator flag found in evaluations.csv, mixes.csv, retained feature table, or SCHEMA.md.",false,Institution equality alone was not used as self-rating evidence.
evaluation_80fcaa779210,Red To Blue,McG-C,mix_5143d2ee3859,participant_smc_smc_0,SMC,mixer_id=McG-C; legacy_mix_code=McG-C; mixer_institution_code=McG,false,,"No explicit participant-to-mixer identity mapping or creator/evaluator flag found in evaluations.csv, mixes.csv, retained feature table, or SCHEMA.md.",false,Institution equality alone was not used as self-rating evidence.
evaluation_013f5030f3d1,Red To Blue,McG-D,mix_8978729ff911,participant_mcg_mcg_l,McG,mixer_id=McG-D; legacy_mix_code=McG-D; mixer_institution_code=McG,false,,"No explicit participant-to-mixer identity mapping or creator/evaluator flag found in evaluations.csv, mixes.csv, retained feature table, or SCHEMA.md.",false,Institution equality alone was not used as self-rating evidence.
evaluation_58295df0c2fc,Red To Blue,McG-D,mix_8978729ff911,participant_mcg_mcg_p,McG,mixer_id=McG-D; legacy_mix_code=McG-D; mixer_institution_code=McG,false,,"No explicit participant-to-mixer identity mapping or creator/evaluator flag found in evaluations.csv, mixes.csv, retained feature table, or SCHEMA.md.",false,Institution equality alone was not used as self-rating evidence.
evaluation_3d271fe43c92,Red To Blue,McG-D,mix_8978729ff911,participant_mcg_mcg_k,McG,mixer_id=McG-D; legacy_mix_code=McG-D; mixer_institution_code=McG,false,,"No explicit participant-to-mixer identity mapping or creator/evaluator flag found in evaluations.csv, mixes.csv, retained feature table, or SCHEMA.md.",false,Institution equality alone was not used as self-rating evidence.
evaluation_0bc62ab6bbef,Red To Blue,McG-D,mix_8978729ff911,participant_mcg_mcg_o,McG,mixer_id=McG-D; legacy_mix_code=McG-D; mixer_institution_code=McG,false,,"No explicit participant-to-mixer identity mapping or creator/evaluator flag found in evaluations.csv, mixes.csv, retained feature table, or SCHEMA.md.",false,Institution equality alone was not used as self-rating evidence.
evaluation_5abae13b24f9,Red To Blue,McG-D,mix_8978729ff911,participant_mcg_mcg_subc,McG,mixer_id=McG-D; legacy_mix_code=McG-D; mixer_institution_code=McG,false,,"No explicit participant-to-mixer identity mapping or creator/evaluator flag found in evaluations.csv, mixes.csv, retained feature table, or SCHEMA.md.",false,Institution equality alone was not used as self-rating evidence.
evaluation_eb1e7d1e92bb,Red To Blue,McG-D,mix_8978729ff911,participant_mcg_mcg_n,McG,mixer_id=McG-D; legacy_mix_code=McG-D; mixer_institution_code=McG,false,,"No explicit participant-to-mixer identity mapping or creator/evaluator flag found in evaluations.csv, mixes.csv, retained feature table, or SCHEMA.md.",false,Institution equality alone was not used as self-rating evidence.
evaluation_acde2e0144cb,Red To Blue,McG-D,mix_8978729ff911,participant_mcg_mcg_suba,McG,mixer_id=McG-D; legacy_mix_code=McG-D; mixer_institution_code=McG,false,,"No explicit participant-to-mixer identity mapping or creator/evaluator flag found in evaluations.csv, mixes.csv, retained feature table, or SCHEMA.md.",false,Institution equality alone was not used as self-rating evidence.
evaluation_356c703d1602,Red To Blue,McG-D,mix_8978729ff911,participant_mcg_mcg_j,McG,mixer_id=McG-D; legacy_mix_code=McG-D; mixer_institution_code=McG,false,,"No explicit participant-to-mixer identity mapping or creator/evaluator flag found in evaluations.csv, mixes.csv, retained feature table, or SCHEMA.md.",false,Institution equality alone was not used as self-rating evidence.
evaluation_53d39e72d2c3,Red To Blue,McG-D,mix_8978729ff911,participant_mcg_mcg_m,McG,mixer_id=McG-D; legacy_mix_code=McG-D; mixer_institution_code=McG,false,,"No explicit participant-to-mixer identity mapping or creator/evaluator flag found in evaluations.csv, mixes.csv, retained feature table, or SCHEMA.md.",false,Institution equality alone was not used as self-rating evidence.
evaluation_5aeaed3252c1,Red To Blue,McG-D,mix_8978729ff911,participant_mcg_mcg_i,McG,mixer_id=McG-D; legacy_mix_code=McG-D; mixer_institution_code=McG,false,,"No explicit participant-to-mixer identity mapping or creator/evaluator flag found in evaluations.csv, mixes.csv, retained feature table, or SCHEMA.md.",false,Institution equality alone was not used as self-rating evidence.
evaluation_a32dd296f1d3,Red To Blue,McG-D,mix_8978729ff911,participant_mcg_mcg_pro2,McG,mixer_id=McG-D; legacy_mix_code=McG-D; mixer_institution_code=McG,false,,"No explicit participant-to-mixer identity mapping or creator/evaluator flag found in evaluations.csv, mixes.csv, retained feature table, or SCHEMA.md.",false,Institution equality alone was not used as self-rating evidence.
evaluation_9f8e20472562,Red To Blue,McG-D,mix_8978729ff911,participant_mcg_mcg_pro1,McG,mixer_id=McG-D; legacy_mix_code=McG-D; mixer_institution_code=McG,false,,"No explicit participant-to-mixer identity mapping or creator/evaluator flag found in evaluations.csv, mixes.csv, retained feature table, or SCHEMA.md.",false,Institution equality alone was not used as self-rating evidence.
evaluation_f44bf59ab41e,Red To Blue,McG-D,mix_8978729ff911,participant_qm_qm_21,QM,mixer_id=McG-D; legacy_mix_code=McG-D; mixer_institution_code=McG,false,,"No explicit participant-to-mixer identity mapping or creator/evaluator flag found in evaluations.csv, mixes.csv, retained feature table, or SCHEMA.md.",false,Institution equality alone was not used as self-rating evidence.
evaluation_d9dede7af5f1,Red To Blue,McG-D,mix_8978729ff911,participant_qm_qm_20,QM,mixer_id=McG-D; legacy_mix_code=McG-D; mixer_institution_code=McG,false,,"No explicit participant-to-mixer identity mapping or creator/evaluator flag found in evaluations.csv, mixes.csv, retained feature table, or SCHEMA.md.",false,Institution equality alone was not used as self-rating evidence.
evaluation_5e3f1b64edfb,Red To Blue,McG-D,mix_8978729ff911,participant_qm_qm_5,QM,mixer_id=McG-D; legacy_mix_code=McG-D; mixer_institution_code=McG,false,,"No explicit participant-to-mixer identity mapping or creator/evaluator flag found in evaluations.csv, mixes.csv, retained feature table, or SCHEMA.md.",false,Institution equality alone was not used as self-rating evidence.
evaluation_f6046f2b8cde,Red To Blue,McG-D,mix_8978729ff911,participant_qm_qm_8,QM,mixer_id=McG-D; legacy_mix_code=McG-D; mixer_institution_code=McG,false,,"No explicit participant-to-mixer identity mapping or creator/evaluator flag found in evaluations.csv, mixes.csv, retained feature table, or SCHEMA.md.",false,Institution equality alone was not used as self-rating evidence.
evaluation_692677748e32,Red To Blue,McG-D,mix_8978729ff911,participant_qm_qm_10,QM,mixer_id=McG-D; legacy_mix_code=McG-D; mixer_institution_code=McG,false,,"No explicit participant-to-mixer identity mapping or creator/evaluator flag found in evaluations.csv, mixes.csv, retained feature table, or SCHEMA.md.",false,Institution equality alone was not used as self-rating evidence.
evaluation_2e44b7cc8b34,Red To Blue,McG-D,mix_8978729ff911,participant_qm_qm_3,QM,mixer_id=McG-D; legacy_mix_code=McG-D; mixer_institution_code=McG,false,,"No explicit participant-to-mixer identity mapping or creator/evaluator flag found in evaluations.csv, mixes.csv, retained feature table, or SCHEMA.md.",false,Institution equality alone was not used as self-rating evidence.
evaluation_ec17d7273e7a,Red To Blue,McG-D,mix_8978729ff911,participant_qm_qm_18,QM,mixer_id=McG-D; legacy_mix_code=McG-D; mixer_institution_code=McG,false,,"No explicit participant-to-mixer identity mapping or creator/evaluator flag found in evaluations.csv, mixes.csv, retained feature table, or SCHEMA.md.",false,Institution equality alone was not used as self-rating evidence.
evaluation_ff8529297b08,Red To Blue,McG-D,mix_8978729ff911,participant_qm_qm_6,QM,mixer_id=McG-D; legacy_mix_code=McG-D; mixer_institution_code=McG,false,,"No explicit participant-to-mixer identity mapping or creator/evaluator flag found in evaluations.csv, mixes.csv, retained feature table, or SCHEMA.md.",false,Institution equality alone was not used as self-rating evidence.
evaluation_818241a61024,Red To Blue,McG-D,mix_8978729ff911,participant_qm_qm_13,QM,mixer_id=McG-D; legacy_mix_code=McG-D; mixer_institution_code=McG,false,,"No explicit participant-to-mixer identity mapping or creator/evaluator flag found in evaluations.csv, mixes.csv, retained feature table, or SCHEMA.md.",false,Institution equality alone was not used as self-rating evidence.
evaluation_4d0c574ed567,Red To Blue,McG-D,mix_8978729ff911,participant_qm_qm_2,QM,mixer_id=McG-D; legacy_mix_code=McG-D; mixer_institution_code=McG,false,,"No explicit participant-to-mixer identity mapping or creator/evaluator flag found in evaluations.csv, mixes.csv, retained feature table, or SCHEMA.md.",false,Institution equality alone was not used as self-rating evidence.
evaluation_d904e418669f,Red To Blue,McG-D,mix_8978729ff911,participant_smc_smc_25,SMC,mixer_id=McG-D; legacy_mix_code=McG-D; mixer_institution_code=McG,false,,"No explicit participant-to-mixer identity mapping or creator/evaluator flag found in evaluations.csv, mixes.csv, retained feature table, or SCHEMA.md.",false,Institution equality alone was not used as self-rating evidence.
evaluation_56563860d05f,Red To Blue,McG-D,mix_8978729ff911,participant_smc_smc_1,SMC,mixer_id=McG-D; legacy_mix_code=McG-D; mixer_institution_code=McG,false,,"No explicit participant-to-mixer identity mapping or creator/evaluator flag found in evaluations.csv, mixes.csv, retained feature table, or SCHEMA.md.",false,Institution equality alone was not used as self-rating evidence.
evaluation_af53e3c27462,Red To Blue,McG-D,mix_8978729ff911,participant_smc_smc_13,SMC,mixer_id=McG-D; legacy_mix_code=McG-D; mixer_institution_code=McG,false,,"No explicit participant-to-mixer identity mapping or creator/evaluator flag found in evaluations.csv, mixes.csv, retained feature table, or SCHEMA.md.",false,Institution equality alone was not used as self-rating evidence.
evaluation_7b6d67a13a1c,Red To Blue,McG-D,mix_8978729ff911,participant_smc_smc_0,SMC,mixer_id=McG-D; legacy_mix_code=McG-D; mixer_institution_code=McG,false,,"No explicit participant-to-mixer identity mapping or creator/evaluator flag found in evaluations.csv, mixes.csv, retained feature table, or SCHEMA.md.",false,Institution equality alone was not used as self-rating evidence.
evaluation_4d5b985cfcac,Red To Blue,McG-E,mix_f4f9bdec5b71,participant_mcg_mcg_l,McG,mixer_id=McG-E; legacy_mix_code=McG-E; mixer_institution_code=McG,false,,"No explicit participant-to-mixer identity mapping or creator/evaluator flag found in evaluations.csv, mixes.csv, retained feature table, or SCHEMA.md.",false,Institution equality alone was not used as self-rating evidence.
evaluation_69d981a13590,Red To Blue,McG-E,mix_f4f9bdec5b71,participant_mcg_mcg_p,McG,mixer_id=McG-E; legacy_mix_code=McG-E; mixer_institution_code=McG,false,,"No explicit participant-to-mixer identity mapping or creator/evaluator flag found in evaluations.csv, mixes.csv, retained feature table, or SCHEMA.md.",false,Institution equality alone was not used as self-rating evidence.
evaluation_67621f8c1272,Red To Blue,McG-E,mix_f4f9bdec5b71,participant_mcg_mcg_k,McG,mixer_id=McG-E; legacy_mix_code=McG-E; mixer_institution_code=McG,false,,"No explicit participant-to-mixer identity mapping or creator/evaluator flag found in evaluations.csv, mixes.csv, retained feature table, or SCHEMA.md.",false,Institution equality alone was not used as self-rating evidence.
evaluation_8b8d515532a3,Red To Blue,McG-E,mix_f4f9bdec5b71,participant_mcg_mcg_o,McG,mixer_id=McG-E; legacy_mix_code=McG-E; mixer_institution_code=McG,false,,"No explicit participant-to-mixer identity mapping or creator/evaluator flag found in evaluations.csv, mixes.csv, retained feature table, or SCHEMA.md.",false,Institution equality alone was not used as self-rating evidence.
evaluation_a86ff65c5793,Red To Blue,McG-E,mix_f4f9bdec5b71,participant_mcg_mcg_subc,McG,mixer_id=McG-E; legacy_mix_code=McG-E; mixer_institution_code=McG,false,,"No explicit participant-to-mixer identity mapping or creator/evaluator flag found in evaluations.csv, mixes.csv, retained feature table, or SCHEMA.md.",false,Institution equality alone was not used as self-rating evidence.
evaluation_7e2cf15df9b8,Red To Blue,McG-E,mix_f4f9bdec5b71,participant_mcg_mcg_n,McG,mixer_id=McG-E; legacy_mix_code=McG-E; mixer_institution_code=McG,false,,"No explicit participant-to-mixer identity mapping or creator/evaluator flag found in evaluations.csv, mixes.csv, retained feature table, or SCHEMA.md.",false,Institution equality alone was not used as self-rating evidence.
evaluation_e43c816c0553,Red To Blue,McG-E,mix_f4f9bdec5b71,participant_mcg_mcg_suba,McG,mixer_id=McG-E; legacy_mix_code=McG-E; mixer_institution_code=McG,false,,"No explicit participant-to-mixer identity mapping or creator/evaluator flag found in evaluations.csv, mixes.csv, retained feature table, or SCHEMA.md.",false,Institution equality alone was not used as self-rating evidence.
evaluation_3f5be30fb56f,Red To Blue,McG-E,mix_f4f9bdec5b71,participant_mcg_mcg_j,McG,mixer_id=McG-E; legacy_mix_code=McG-E; mixer_institution_code=McG,false,,"No explicit participant-to-mixer identity mapping or creator/evaluator flag found in evaluations.csv, mixes.csv, retained feature table, or SCHEMA.md.",false,Institution equality alone was not used as self-rating evidence.
evaluation_d21afa473569,Red To Blue,McG-E,mix_f4f9bdec5b71,participant_mcg_mcg_m,McG,mixer_id=McG-E; legacy_mix_code=McG-E; mixer_institution_code=McG,false,,"No explicit participant-to-mixer identity mapping or creator/evaluator flag found in evaluations.csv, mixes.csv, retained feature table, or SCHEMA.md.",false,Institution equality alone was not used as self-rating evidence.
evaluation_d181cdb5fc00,Red To Blue,McG-E,mix_f4f9bdec5b71,participant_mcg_mcg_i,McG,mixer_id=McG-E; legacy_mix_code=McG-E; mixer_institution_code=McG,false,,"No explicit participant-to-mixer identity mapping or creator/evaluator flag found in evaluations.csv, mixes.csv, retained feature table, or SCHEMA.md.",false,Institution equality alone was not used as self-rating evidence.
evaluation_55e2951d22e4,Red To Blue,McG-E,mix_f4f9bdec5b71,participant_mcg_mcg_pro2,McG,mixer_id=McG-E; legacy_mix_code=McG-E; mixer_institution_code=McG,false,,"No explicit participant-to-mixer identity mapping or creator/evaluator flag found in evaluations.csv, mixes.csv, retained feature table, or SCHEMA.md.",false,Institution equality alone was not used as self-rating evidence.
evaluation_e225b17886f9,Red To Blue,McG-E,mix_f4f9bdec5b71,participant_mcg_mcg_pro1,McG,mixer_id=McG-E; legacy_mix_code=McG-E; mixer_institution_code=McG,false,,"No explicit participant-to-mixer identity mapping or creator/evaluator flag found in evaluations.csv, mixes.csv, retained feature table, or SCHEMA.md.",false,Institution equality alone was not used as self-rating evidence.
evaluation_d9d8fa8baa68,Red To Blue,McG-E,mix_f4f9bdec5b71,participant_qm_qm_21,QM,mixer_id=McG-E; legacy_mix_code=McG-E; mixer_institution_code=McG,false,,"No explicit participant-to-mixer identity mapping or creator/evaluator flag found in evaluations.csv, mixes.csv, retained feature table, or SCHEMA.md.",false,Institution equality alone was not used as self-rating evidence.
evaluation_50594e45b96b,Red To Blue,McG-E,mix_f4f9bdec5b71,participant_qm_qm_20,QM,mixer_id=McG-E; legacy_mix_code=McG-E; mixer_institution_code=McG,false,,"No explicit participant-to-mixer identity mapping or creator/evaluator flag found in evaluations.csv, mixes.csv, retained feature table, or SCHEMA.md.",false,Institution equality alone was not used as self-rating evidence.
evaluation_0b7318070135,Red To Blue,McG-E,mix_f4f9bdec5b71,participant_qm_qm_5,QM,mixer_id=McG-E; legacy_mix_code=McG-E; mixer_institution_code=McG,false,,"No explicit participant-to-mixer identity mapping or creator/evaluator flag found in evaluations.csv, mixes.csv, retained feature table, or SCHEMA.md.",false,Institution equality alone was not used as self-rating evidence.
evaluation_90147b8834fb,Red To Blue,McG-E,mix_f4f9bdec5b71,participant_qm_qm_8,QM,mixer_id=McG-E; legacy_mix_code=McG-E; mixer_institution_code=McG,false,,"No explicit participant-to-mixer identity mapping or creator/evaluator flag found in evaluations.csv, mixes.csv, retained feature table, or SCHEMA.md.",false,Institution equality alone was not used as self-rating evidence.
evaluation_11488c339e45,Red To Blue,McG-E,mix_f4f9bdec5b71,participant_qm_qm_10,QM,mixer_id=McG-E; legacy_mix_code=McG-E; mixer_institution_code=McG,false,,"No explicit participant-to-mixer identity mapping or creator/evaluator flag found in evaluations.csv, mixes.csv, retained feature table, or SCHEMA.md.",false,Institution equality alone was not used as self-rating evidence.
evaluation_c9c590826416,Red To Blue,McG-E,mix_f4f9bdec5b71,participant_qm_qm_3,QM,mixer_id=McG-E; legacy_mix_code=McG-E; mixer_institution_code=McG,false,,"No explicit participant-to-mixer identity mapping or creator/evaluator flag found in evaluations.csv, mixes.csv, retained feature table, or SCHEMA.md.",false,Institution equality alone was not used as self-rating evidence.
evaluation_9a143353f652,Red To Blue,McG-E,mix_f4f9bdec5b71,participant_qm_qm_18,QM,mixer_id=McG-E; legacy_mix_code=McG-E; mixer_institution_code=McG,false,,"No explicit participant-to-mixer identity mapping or creator/evaluator flag found in evaluations.csv, mixes.csv, retained feature table, or SCHEMA.md.",false,Institution equality alone was not used as self-rating evidence.
evaluation_52e9e8938778,Red To Blue,McG-E,mix_f4f9bdec5b71,participant_qm_qm_6,QM,mixer_id=McG-E; legacy_mix_code=McG-E; mixer_institution_code=McG,false,,"No explicit participant-to-mixer identity mapping or creator/evaluator flag found in evaluations.csv, mixes.csv, retained feature table, or SCHEMA.md.",false,Institution equality alone was not used as self-rating evidence.
evaluation_d7abbfabd899,Red To Blue,McG-E,mix_f4f9bdec5b71,participant_qm_qm_13,QM,mixer_id=McG-E; legacy_mix_code=McG-E; mixer_institution_code=McG,false,,"No explicit participant-to-mixer identity mapping or creator/evaluator flag found in evaluations.csv, mixes.csv, retained feature table, or SCHEMA.md.",false,Institution equality alone was not used as self-rating evidence.
evaluation_922208896726,Red To Blue,McG-E,mix_f4f9bdec5b71,participant_qm_qm_2,QM,mixer_id=McG-E; legacy_mix_code=McG-E; mixer_institution_code=McG,false,,"No explicit participant-to-mixer identity mapping or creator/evaluator flag found in evaluations.csv, mixes.csv, retained feature table, or SCHEMA.md.",false,Institution equality alone was not used as self-rating evidence.
evaluation_87f12c3e0366,Red To Blue,McG-E,mix_f4f9bdec5b71,participant_smc_smc_25,SMC,mixer_id=McG-E; legacy_mix_code=McG-E; mixer_institution_code=McG,false,,"No explicit participant-to-mixer identity mapping or creator/evaluator flag found in evaluations.csv, mixes.csv, retained feature table, or SCHEMA.md.",false,Institution equality alone was not used as self-rating evidence.
evaluation_147e786d04a0,Red To Blue,McG-E,mix_f4f9bdec5b71,participant_smc_smc_1,SMC,mixer_id=McG-E; legacy_mix_code=McG-E; mixer_institution_code=McG,false,,"No explicit participant-to-mixer identity mapping or creator/evaluator flag found in evaluations.csv, mixes.csv, retained feature table, or SCHEMA.md.",false,Institution equality alone was not used as self-rating evidence.
evaluation_786b02efd775,Red To Blue,McG-E,mix_f4f9bdec5b71,participant_smc_smc_13,SMC,mixer_id=McG-E; legacy_mix_code=McG-E; mixer_institution_code=McG,false,,"No explicit participant-to-mixer identity mapping or creator/evaluator flag found in evaluations.csv, mixes.csv, retained feature table, or SCHEMA.md.",false,Institution equality alone was not used as self-rating evidence.
evaluation_a57f8a409b75,Red To Blue,McG-E,mix_f4f9bdec5b71,participant_smc_smc_0,SMC,mixer_id=McG-E; legacy_mix_code=McG-E; mixer_institution_code=McG,false,,"No explicit participant-to-mixer identity mapping or creator/evaluator flag found in evaluations.csv, mixes.csv, retained feature table, or SCHEMA.md.",false,Institution equality alone was not used as self-rating evidence.
evaluation_6172f08574be,Red To Blue,McG-F,mix_dcc6aef84d67,participant_mcg_mcg_l,McG,mixer_id=McG-F; legacy_mix_code=McG-F; mixer_institution_code=McG,false,,"No explicit participant-to-mixer identity mapping or creator/evaluator flag found in evaluations.csv, mixes.csv, retained feature table, or SCHEMA.md.",false,Institution equality alone was not used as self-rating evidence.
evaluation_67d6a2879a87,Red To Blue,McG-F,mix_dcc6aef84d67,participant_mcg_mcg_p,McG,mixer_id=McG-F; legacy_mix_code=McG-F; mixer_institution_code=McG,false,,"No explicit participant-to-mixer identity mapping or creator/evaluator flag found in evaluations.csv, mixes.csv, retained feature table, or SCHEMA.md.",false,Institution equality alone was not used as self-rating evidence.
evaluation_770f787f5366,Red To Blue,McG-F,mix_dcc6aef84d67,participant_mcg_mcg_k,McG,mixer_id=McG-F; legacy_mix_code=McG-F; mixer_institution_code=McG,false,,"No explicit participant-to-mixer identity mapping or creator/evaluator flag found in evaluations.csv, mixes.csv, retained feature table, or SCHEMA.md.",false,Institution equality alone was not used as self-rating evidence.
evaluation_f47e8eeb21e2,Red To Blue,McG-F,mix_dcc6aef84d67,participant_mcg_mcg_o,McG,mixer_id=McG-F; legacy_mix_code=McG-F; mixer_institution_code=McG,false,,"No explicit participant-to-mixer identity mapping or creator/evaluator flag found in evaluations.csv, mixes.csv, retained feature table, or SCHEMA.md.",false,Institution equality alone was not used as self-rating evidence.
evaluation_22b595bfa4b6,Red To Blue,McG-F,mix_dcc6aef84d67,participant_mcg_mcg_subc,McG,mixer_id=McG-F; legacy_mix_code=McG-F; mixer_institution_code=McG,false,,"No explicit participant-to-mixer identity mapping or creator/evaluator flag found in evaluations.csv, mixes.csv, retained feature table, or SCHEMA.md.",false,Institution equality alone was not used as self-rating evidence.
evaluation_0087a6dbd21a,Red To Blue,McG-F,mix_dcc6aef84d67,participant_mcg_mcg_n,McG,mixer_id=McG-F; legacy_mix_code=McG-F; mixer_institution_code=McG,false,,"No explicit participant-to-mixer identity mapping or creator/evaluator flag found in evaluations.csv, mixes.csv, retained feature table, or SCHEMA.md.",false,Institution equality alone was not used as self-rating evidence.
evaluation_464bec6901ea,Red To Blue,McG-F,mix_dcc6aef84d67,participant_mcg_mcg_suba,McG,mixer_id=McG-F; legacy_mix_code=McG-F; mixer_institution_code=McG,false,,"No explicit participant-to-mixer identity mapping or creator/evaluator flag found in evaluations.csv, mixes.csv, retained feature table, or SCHEMA.md.",false,Institution equality alone was not used as self-rating evidence.
evaluation_29cfa88e4cd4,Red To Blue,McG-F,mix_dcc6aef84d67,participant_mcg_mcg_j,McG,mixer_id=McG-F; legacy_mix_code=McG-F; mixer_institution_code=McG,false,,"No explicit participant-to-mixer identity mapping or creator/evaluator flag found in evaluations.csv, mixes.csv, retained feature table, or SCHEMA.md.",false,Institution equality alone was not used as self-rating evidence.
evaluation_2537556d261b,Red To Blue,McG-F,mix_dcc6aef84d67,participant_mcg_mcg_m,McG,mixer_id=McG-F; legacy_mix_code=McG-F; mixer_institution_code=McG,false,,"No explicit participant-to-mixer identity mapping or creator/evaluator flag found in evaluations.csv, mixes.csv, retained feature table, or SCHEMA.md.",false,Institution equality alone was not used as self-rating evidence.
evaluation_2d971aec0dae,Red To Blue,McG-F,mix_dcc6aef84d67,participant_mcg_mcg_i,McG,mixer_id=McG-F; legacy_mix_code=McG-F; mixer_institution_code=McG,false,,"No explicit participant-to-mixer identity mapping or creator/evaluator flag found in evaluations.csv, mixes.csv, retained feature table, or SCHEMA.md.",false,Institution equality alone was not used as self-rating evidence.
evaluation_472a1d3ee771,Red To Blue,McG-F,mix_dcc6aef84d67,participant_mcg_mcg_pro2,McG,mixer_id=McG-F; legacy_mix_code=McG-F; mixer_institution_code=McG,false,,"No explicit participant-to-mixer identity mapping or creator/evaluator flag found in evaluations.csv, mixes.csv, retained feature table, or SCHEMA.md.",false,Institution equality alone was not used as self-rating evidence.
evaluation_e53049e68e78,Red To Blue,McG-F,mix_dcc6aef84d67,participant_mcg_mcg_pro1,McG,mixer_id=McG-F; legacy_mix_code=McG-F; mixer_institution_code=McG,false,,"No explicit participant-to-mixer identity mapping or creator/evaluator flag found in evaluations.csv, mixes.csv, retained feature table, or SCHEMA.md.",false,Institution equality alone was not used as self-rating evidence.
evaluation_e10d69e4a00a,Red To Blue,McG-F,mix_dcc6aef84d67,participant_qm_qm_21,QM,mixer_id=McG-F; legacy_mix_code=McG-F; mixer_institution_code=McG,false,,"No explicit participant-to-mixer identity mapping or creator/evaluator flag found in evaluations.csv, mixes.csv, retained feature table, or SCHEMA.md.",false,Institution equality alone was not used as self-rating evidence.
evaluation_562b1781cf89,Red To Blue,McG-F,mix_dcc6aef84d67,participant_qm_qm_20,QM,mixer_id=McG-F; legacy_mix_code=McG-F; mixer_institution_code=McG,false,,"No explicit participant-to-mixer identity mapping or creator/evaluator flag found in evaluations.csv, mixes.csv, retained feature table, or SCHEMA.md.",false,Institution equality alone was not used as self-rating evidence.
evaluation_6b4f16c98184,Red To Blue,McG-F,mix_dcc6aef84d67,participant_qm_qm_5,QM,mixer_id=McG-F; legacy_mix_code=McG-F; mixer_institution_code=McG,false,,"No explicit participant-to-mixer identity mapping or creator/evaluator flag found in evaluations.csv, mixes.csv, retained feature table, or SCHEMA.md.",false,Institution equality alone was not used as self-rating evidence.
evaluation_406735fe941b,Red To Blue,McG-F,mix_dcc6aef84d67,participant_qm_qm_8,QM,mixer_id=McG-F; legacy_mix_code=McG-F; mixer_institution_code=McG,false,,"No explicit participant-to-mixer identity mapping or creator/evaluator flag found in evaluations.csv, mixes.csv, retained feature table, or SCHEMA.md.",false,Institution equality alone was not used as self-rating evidence.
evaluation_1eb0946a5404,Red To Blue,McG-F,mix_dcc6aef84d67,participant_qm_qm_10,QM,mixer_id=McG-F; legacy_mix_code=McG-F; mixer_institution_code=McG,false,,"No explicit participant-to-mixer identity mapping or creator/evaluator flag found in evaluations.csv, mixes.csv, retained feature table, or SCHEMA.md.",false,Institution equality alone was not used as self-rating evidence.
evaluation_dfef026ef0dc,Red To Blue,McG-F,mix_dcc6aef84d67,participant_qm_qm_3,QM,mixer_id=McG-F; legacy_mix_code=McG-F; mixer_institution_code=McG,false,,"No explicit participant-to-mixer identity mapping or creator/evaluator flag found in evaluations.csv, mixes.csv, retained feature table, or SCHEMA.md.",false,Institution equality alone was not used as self-rating evidence.
evaluation_fb8c32de310b,Red To Blue,McG-F,mix_dcc6aef84d67,participant_qm_qm_18,QM,mixer_id=McG-F; legacy_mix_code=McG-F; mixer_institution_code=McG,false,,"No explicit participant-to-mixer identity mapping or creator/evaluator flag found in evaluations.csv, mixes.csv, retained feature table, or SCHEMA.md.",false,Institution equality alone was not used as self-rating evidence.
evaluation_79087312adf5,Red To Blue,McG-F,mix_dcc6aef84d67,participant_qm_qm_6,QM,mixer_id=McG-F; legacy_mix_code=McG-F; mixer_institution_code=McG,false,,"No explicit participant-to-mixer identity mapping or creator/evaluator flag found in evaluations.csv, mixes.csv, retained feature table, or SCHEMA.md.",false,Institution equality alone was not used as self-rating evidence.
evaluation_e6e5bf93629d,Red To Blue,McG-F,mix_dcc6aef84d67,participant_qm_qm_13,QM,mixer_id=McG-F; legacy_mix_code=McG-F; mixer_institution_code=McG,false,,"No explicit participant-to-mixer identity mapping or creator/evaluator flag found in evaluations.csv, mixes.csv, retained feature table, or SCHEMA.md.",false,Institution equality alone was not used as self-rating evidence.
evaluation_22947c91e24c,Red To Blue,McG-F,mix_dcc6aef84d67,participant_qm_qm_2,QM,mixer_id=McG-F; legacy_mix_code=McG-F; mixer_institution_code=McG,false,,"No explicit participant-to-mixer identity mapping or creator/evaluator flag found in evaluations.csv, mixes.csv, retained feature table, or SCHEMA.md.",false,Institution equality alone was not used as self-rating evidence.
evaluation_c5170fdb3820,Red To Blue,McG-F,mix_dcc6aef84d67,participant_smc_smc_25,SMC,mixer_id=McG-F; legacy_mix_code=McG-F; mixer_institution_code=McG,false,,"No explicit participant-to-mixer identity mapping or creator/evaluator flag found in evaluations.csv, mixes.csv, retained feature table, or SCHEMA.md.",false,Institution equality alone was not used as self-rating evidence.
evaluation_bc0bacf90508,Red To Blue,McG-F,mix_dcc6aef84d67,participant_smc_smc_1,SMC,mixer_id=McG-F; legacy_mix_code=McG-F; mixer_institution_code=McG,false,,"No explicit participant-to-mixer identity mapping or creator/evaluator flag found in evaluations.csv, mixes.csv, retained feature table, or SCHEMA.md.",false,Institution equality alone was not used as self-rating evidence.
evaluation_ba002ac47568,Red To Blue,McG-F,mix_dcc6aef84d67,participant_smc_smc_13,SMC,mixer_id=McG-F; legacy_mix_code=McG-F; mixer_institution_code=McG,false,,"No explicit participant-to-mixer identity mapping or creator/evaluator flag found in evaluations.csv, mixes.csv, retained feature table, or SCHEMA.md.",false,Institution equality alone was not used as self-rating evidence.
evaluation_69fdebf7eb46,Red To Blue,McG-F,mix_dcc6aef84d67,participant_smc_smc_0,SMC,mixer_id=McG-F; legacy_mix_code=McG-F; mixer_institution_code=McG,false,,"No explicit participant-to-mixer identity mapping or creator/evaluator flag found in evaluations.csv, mixes.csv, retained feature table, or SCHEMA.md.",false,Institution equality alone was not used as self-rating evidence.
evaluation_59ef9289ba23,Red To Blue,McG-G,mix_b4b312ffa4d6,participant_mcg_mcg_l,McG,mixer_id=McG-G; legacy_mix_code=McG-G; mixer_institution_code=McG,false,,"No explicit participant-to-mixer identity mapping or creator/evaluator flag found in evaluations.csv, mixes.csv, retained feature table, or SCHEMA.md.",false,Institution equality alone was not used as self-rating evidence.
evaluation_e8fd17a2ce52,Red To Blue,McG-G,mix_b4b312ffa4d6,participant_mcg_mcg_p,McG,mixer_id=McG-G; legacy_mix_code=McG-G; mixer_institution_code=McG,false,,"No explicit participant-to-mixer identity mapping or creator/evaluator flag found in evaluations.csv, mixes.csv, retained feature table, or SCHEMA.md.",false,Institution equality alone was not used as self-rating evidence.
evaluation_8e695f2113df,Red To Blue,McG-G,mix_b4b312ffa4d6,participant_mcg_mcg_k,McG,mixer_id=McG-G; legacy_mix_code=McG-G; mixer_institution_code=McG,false,,"No explicit participant-to-mixer identity mapping or creator/evaluator flag found in evaluations.csv, mixes.csv, retained feature table, or SCHEMA.md.",false,Institution equality alone was not used as self-rating evidence.
evaluation_bb77637c1ae5,Red To Blue,McG-G,mix_b4b312ffa4d6,participant_mcg_mcg_o,McG,mixer_id=McG-G; legacy_mix_code=McG-G; mixer_institution_code=McG,false,,"No explicit participant-to-mixer identity mapping or creator/evaluator flag found in evaluations.csv, mixes.csv, retained feature table, or SCHEMA.md.",false,Institution equality alone was not used as self-rating evidence.
evaluation_37c8dec6e65f,Red To Blue,McG-G,mix_b4b312ffa4d6,participant_mcg_mcg_subc,McG,mixer_id=McG-G; legacy_mix_code=McG-G; mixer_institution_code=McG,false,,"No explicit participant-to-mixer identity mapping or creator/evaluator flag found in evaluations.csv, mixes.csv, retained feature table, or SCHEMA.md.",false,Institution equality alone was not used as self-rating evidence.
evaluation_feed31ada13b,Red To Blue,McG-G,mix_b4b312ffa4d6,participant_mcg_mcg_n,McG,mixer_id=McG-G; legacy_mix_code=McG-G; mixer_institution_code=McG,false,,"No explicit participant-to-mixer identity mapping or creator/evaluator flag found in evaluations.csv, mixes.csv, retained feature table, or SCHEMA.md.",false,Institution equality alone was not used as self-rating evidence.
evaluation_3de9d4be100f,Red To Blue,McG-G,mix_b4b312ffa4d6,participant_mcg_mcg_suba,McG,mixer_id=McG-G; legacy_mix_code=McG-G; mixer_institution_code=McG,false,,"No explicit participant-to-mixer identity mapping or creator/evaluator flag found in evaluations.csv, mixes.csv, retained feature table, or SCHEMA.md.",false,Institution equality alone was not used as self-rating evidence.
evaluation_435e39a084f8,Red To Blue,McG-G,mix_b4b312ffa4d6,participant_mcg_mcg_j,McG,mixer_id=McG-G; legacy_mix_code=McG-G; mixer_institution_code=McG,false,,"No explicit participant-to-mixer identity mapping or creator/evaluator flag found in evaluations.csv, mixes.csv, retained feature table, or SCHEMA.md.",false,Institution equality alone was not used as self-rating evidence.
evaluation_26b2a120ca20,Red To Blue,McG-G,mix_b4b312ffa4d6,participant_mcg_mcg_m,McG,mixer_id=McG-G; legacy_mix_code=McG-G; mixer_institution_code=McG,false,,"No explicit participant-to-mixer identity mapping or creator/evaluator flag found in evaluations.csv, mixes.csv, retained feature table, or SCHEMA.md.",false,Institution equality alone was not used as self-rating evidence.
evaluation_46c5fc39f35d,Red To Blue,McG-G,mix_b4b312ffa4d6,participant_mcg_mcg_i,McG,mixer_id=McG-G; legacy_mix_code=McG-G; mixer_institution_code=McG,false,,"No explicit participant-to-mixer identity mapping or creator/evaluator flag found in evaluations.csv, mixes.csv, retained feature table, or SCHEMA.md.",false,Institution equality alone was not used as self-rating evidence.
evaluation_be51335ec314,Red To Blue,McG-G,mix_b4b312ffa4d6,participant_mcg_mcg_pro2,McG,mixer_id=McG-G; legacy_mix_code=McG-G; mixer_institution_code=McG,false,,"No explicit participant-to-mixer identity mapping or creator/evaluator flag found in evaluations.csv, mixes.csv, retained feature table, or SCHEMA.md.",false,Institution equality alone was not used as self-rating evidence.
evaluation_555a48ebdc88,Red To Blue,McG-G,mix_b4b312ffa4d6,participant_mcg_mcg_pro1,McG,mixer_id=McG-G; legacy_mix_code=McG-G; mixer_institution_code=McG,false,,"No explicit participant-to-mixer identity mapping or creator/evaluator flag found in evaluations.csv, mixes.csv, retained feature table, or SCHEMA.md.",false,Institution equality alone was not used as self-rating evidence.
evaluation_fd7f42d7171a,Red To Blue,McG-G,mix_b4b312ffa4d6,participant_qm_qm_21,QM,mixer_id=McG-G; legacy_mix_code=McG-G; mixer_institution_code=McG,false,,"No explicit participant-to-mixer identity mapping or creator/evaluator flag found in evaluations.csv, mixes.csv, retained feature table, or SCHEMA.md.",false,Institution equality alone was not used as self-rating evidence.
evaluation_b69764637c46,Red To Blue,McG-G,mix_b4b312ffa4d6,participant_qm_qm_20,QM,mixer_id=McG-G; legacy_mix_code=McG-G; mixer_institution_code=McG,false,,"No explicit participant-to-mixer identity mapping or creator/evaluator flag found in evaluations.csv, mixes.csv, retained feature table, or SCHEMA.md.",false,Institution equality alone was not used as self-rating evidence.
evaluation_e9700a1b113c,Red To Blue,McG-G,mix_b4b312ffa4d6,participant_qm_qm_5,QM,mixer_id=McG-G; legacy_mix_code=McG-G; mixer_institution_code=McG,false,,"No explicit participant-to-mixer identity mapping or creator/evaluator flag found in evaluations.csv, mixes.csv, retained feature table, or SCHEMA.md.",false,Institution equality alone was not used as self-rating evidence.
evaluation_09d73392be64,Red To Blue,McG-G,mix_b4b312ffa4d6,participant_qm_qm_8,QM,mixer_id=McG-G; legacy_mix_code=McG-G; mixer_institution_code=McG,false,,"No explicit participant-to-mixer identity mapping or creator/evaluator flag found in evaluations.csv, mixes.csv, retained feature table, or SCHEMA.md.",false,Institution equality alone was not used as self-rating evidence.
evaluation_28ff026d4006,Red To Blue,McG-G,mix_b4b312ffa4d6,participant_qm_qm_10,QM,mixer_id=McG-G; legacy_mix_code=McG-G; mixer_institution_code=McG,false,,"No explicit participant-to-mixer identity mapping or creator/evaluator flag found in evaluations.csv, mixes.csv, retained feature table, or SCHEMA.md.",false,Institution equality alone was not used as self-rating evidence.
evaluation_ab47b0b68e1b,Red To Blue,McG-G,mix_b4b312ffa4d6,participant_qm_qm_3,QM,mixer_id=McG-G; legacy_mix_code=McG-G; mixer_institution_code=McG,false,,"No explicit participant-to-mixer identity mapping or creator/evaluator flag found in evaluations.csv, mixes.csv, retained feature table, or SCHEMA.md.",false,Institution equality alone was not used as self-rating evidence.
evaluation_3dce394aa4e0,Red To Blue,McG-G,mix_b4b312ffa4d6,participant_qm_qm_18,QM,mixer_id=McG-G; legacy_mix_code=McG-G; mixer_institution_code=McG,false,,"No explicit participant-to-mixer identity mapping or creator/evaluator flag found in evaluations.csv, mixes.csv, retained feature table, or SCHEMA.md.",false,Institution equality alone was not used as self-rating evidence.
evaluation_74a346aa7a9f,Red To Blue,McG-G,mix_b4b312ffa4d6,participant_qm_qm_6,QM,mixer_id=McG-G; legacy_mix_code=McG-G; mixer_institution_code=McG,false,,"No explicit participant-to-mixer identity mapping or creator/evaluator flag found in evaluations.csv, mixes.csv, retained feature table, or SCHEMA.md.",false,Institution equality alone was not used as self-rating evidence.
evaluation_2df1f760dda1,Red To Blue,McG-G,mix_b4b312ffa4d6,participant_qm_qm_13,QM,mixer_id=McG-G; legacy_mix_code=McG-G; mixer_institution_code=McG,false,,"No explicit participant-to-mixer identity mapping or creator/evaluator flag found in evaluations.csv, mixes.csv, retained feature table, or SCHEMA.md.",false,Institution equality alone was not used as self-rating evidence.
evaluation_2397b78ec8ac,Red To Blue,McG-G,mix_b4b312ffa4d6,participant_qm_qm_2,QM,mixer_id=McG-G; legacy_mix_code=McG-G; mixer_institution_code=McG,false,,"No explicit participant-to-mixer identity mapping or creator/evaluator flag found in evaluations.csv, mixes.csv, retained feature table, or SCHEMA.md.",false,Institution equality alone was not used as self-rating evidence.
evaluation_fb65a61202f6,Red To Blue,McG-G,mix_b4b312ffa4d6,participant_smc_smc_25,SMC,mixer_id=McG-G; legacy_mix_code=McG-G; mixer_institution_code=McG,false,,"No explicit participant-to-mixer identity mapping or creator/evaluator flag found in evaluations.csv, mixes.csv, retained feature table, or SCHEMA.md.",false,Institution equality alone was not used as self-rating evidence.
evaluation_62da1a1d1e7c,Red To Blue,McG-G,mix_b4b312ffa4d6,participant_smc_smc_1,SMC,mixer_id=McG-G; legacy_mix_code=McG-G; mixer_institution_code=McG,false,,"No explicit participant-to-mixer identity mapping or creator/evaluator flag found in evaluations.csv, mixes.csv, retained feature table, or SCHEMA.md.",false,Institution equality alone was not used as self-rating evidence.
evaluation_5ca963cd3a2b,Red To Blue,McG-G,mix_b4b312ffa4d6,participant_smc_smc_13,SMC,mixer_id=McG-G; legacy_mix_code=McG-G; mixer_institution_code=McG,false,,"No explicit participant-to-mixer identity mapping or creator/evaluator flag found in evaluations.csv, mixes.csv, retained feature table, or SCHEMA.md.",false,Institution equality alone was not used as self-rating evidence.
evaluation_fdf66424024e,Red To Blue,McG-G,mix_b4b312ffa4d6,participant_smc_smc_0,SMC,mixer_id=McG-G; legacy_mix_code=McG-G; mixer_institution_code=McG,false,,"No explicit participant-to-mixer identity mapping or creator/evaluator flag found in evaluations.csv, mixes.csv, retained feature table, or SCHEMA.md.",false,Institution equality alone was not used as self-rating evidence.
evaluation_50fd9d193f1f,Red To Blue,McG-H,mix_5b76bf1a027d,participant_mcg_mcg_l,McG,mixer_id=McG-H; legacy_mix_code=McG-H; mixer_institution_code=McG,false,,"No explicit participant-to-mixer identity mapping or creator/evaluator flag found in evaluations.csv, mixes.csv, retained feature table, or SCHEMA.md.",false,Institution equality alone was not used as self-rating evidence.
evaluation_20c7f974d3ac,Red To Blue,McG-H,mix_5b76bf1a027d,participant_mcg_mcg_p,McG,mixer_id=McG-H; legacy_mix_code=McG-H; mixer_institution_code=McG,false,,"No explicit participant-to-mixer identity mapping or creator/evaluator flag found in evaluations.csv, mixes.csv, retained feature table, or SCHEMA.md.",false,Institution equality alone was not used as self-rating evidence.
evaluation_859bfab15774,Red To Blue,McG-H,mix_5b76bf1a027d,participant_mcg_mcg_k,McG,mixer_id=McG-H; legacy_mix_code=McG-H; mixer_institution_code=McG,false,,"No explicit participant-to-mixer identity mapping or creator/evaluator flag found in evaluations.csv, mixes.csv, retained feature table, or SCHEMA.md.",false,Institution equality alone was not used as self-rating evidence.
evaluation_73c3d33c0212,Red To Blue,McG-H,mix_5b76bf1a027d,participant_mcg_mcg_o,McG,mixer_id=McG-H; legacy_mix_code=McG-H; mixer_institution_code=McG,false,,"No explicit participant-to-mixer identity mapping or creator/evaluator flag found in evaluations.csv, mixes.csv, retained feature table, or SCHEMA.md.",false,Institution equality alone was not used as self-rating evidence.
evaluation_87f0bd2028a7,Red To Blue,McG-H,mix_5b76bf1a027d,participant_mcg_mcg_subc,McG,mixer_id=McG-H; legacy_mix_code=McG-H; mixer_institution_code=McG,false,,"No explicit participant-to-mixer identity mapping or creator/evaluator flag found in evaluations.csv, mixes.csv, retained feature table, or SCHEMA.md.",false,Institution equality alone was not used as self-rating evidence.
evaluation_00c490921b05,Red To Blue,McG-H,mix_5b76bf1a027d,participant_mcg_mcg_n,McG,mixer_id=McG-H; legacy_mix_code=McG-H; mixer_institution_code=McG,false,,"No explicit participant-to-mixer identity mapping or creator/evaluator flag found in evaluations.csv, mixes.csv, retained feature table, or SCHEMA.md.",false,Institution equality alone was not used as self-rating evidence.
evaluation_9c752ea1bd3a,Red To Blue,McG-H,mix_5b76bf1a027d,participant_mcg_mcg_suba,McG,mixer_id=McG-H; legacy_mix_code=McG-H; mixer_institution_code=McG,false,,"No explicit participant-to-mixer identity mapping or creator/evaluator flag found in evaluations.csv, mixes.csv, retained feature table, or SCHEMA.md.",false,Institution equality alone was not used as self-rating evidence.
evaluation_9f78f8d3733d,Red To Blue,McG-H,mix_5b76bf1a027d,participant_mcg_mcg_j,McG,mixer_id=McG-H; legacy_mix_code=McG-H; mixer_institution_code=McG,false,,"No explicit participant-to-mixer identity mapping or creator/evaluator flag found in evaluations.csv, mixes.csv, retained feature table, or SCHEMA.md.",false,Institution equality alone was not used as self-rating evidence.
evaluation_131975fa4a59,Red To Blue,McG-H,mix_5b76bf1a027d,participant_mcg_mcg_m,McG,mixer_id=McG-H; legacy_mix_code=McG-H; mixer_institution_code=McG,false,,"No explicit participant-to-mixer identity mapping or creator/evaluator flag found in evaluations.csv, mixes.csv, retained feature table, or SCHEMA.md.",false,Institution equality alone was not used as self-rating evidence.
evaluation_1e876b1fd25a,Red To Blue,McG-H,mix_5b76bf1a027d,participant_mcg_mcg_i,McG,mixer_id=McG-H; legacy_mix_code=McG-H; mixer_institution_code=McG,false,,"No explicit participant-to-mixer identity mapping or creator/evaluator flag found in evaluations.csv, mixes.csv, retained feature table, or SCHEMA.md.",false,Institution equality alone was not used as self-rating evidence.
evaluation_d1c57ac644ff,Red To Blue,McG-H,mix_5b76bf1a027d,participant_mcg_mcg_pro2,McG,mixer_id=McG-H; legacy_mix_code=McG-H; mixer_institution_code=McG,false,,"No explicit participant-to-mixer identity mapping or creator/evaluator flag found in evaluations.csv, mixes.csv, retained feature table, or SCHEMA.md.",false,Institution equality alone was not used as self-rating evidence.
evaluation_68750074eb6e,Red To Blue,McG-H,mix_5b76bf1a027d,participant_mcg_mcg_pro1,McG,mixer_id=McG-H; legacy_mix_code=McG-H; mixer_institution_code=McG,false,,"No explicit participant-to-mixer identity mapping or creator/evaluator flag found in evaluations.csv, mixes.csv, retained feature table, or SCHEMA.md.",false,Institution equality alone was not used as self-rating evidence.
evaluation_6058adcd04bd,Red To Blue,McG-H,mix_5b76bf1a027d,participant_qm_qm_21,QM,mixer_id=McG-H; legacy_mix_code=McG-H; mixer_institution_code=McG,false,,"No explicit participant-to-mixer identity mapping or creator/evaluator flag found in evaluations.csv, mixes.csv, retained feature table, or SCHEMA.md.",false,Institution equality alone was not used as self-rating evidence.
evaluation_10ac87751264,Red To Blue,McG-H,mix_5b76bf1a027d,participant_qm_qm_20,QM,mixer_id=McG-H; legacy_mix_code=McG-H; mixer_institution_code=McG,false,,"No explicit participant-to-mixer identity mapping or creator/evaluator flag found in evaluations.csv, mixes.csv, retained feature table, or SCHEMA.md.",false,Institution equality alone was not used as self-rating evidence.
evaluation_9b6b9e4a0e70,Red To Blue,McG-H,mix_5b76bf1a027d,participant_qm_qm_5,QM,mixer_id=McG-H; legacy_mix_code=McG-H; mixer_institution_code=McG,false,,"No explicit participant-to-mixer identity mapping or creator/evaluator flag found in evaluations.csv, mixes.csv, retained feature table, or SCHEMA.md.",false,Institution equality alone was not used as self-rating evidence.
evaluation_5b49715458aa,Red To Blue,McG-H,mix_5b76bf1a027d,participant_qm_qm_8,QM,mixer_id=McG-H; legacy_mix_code=McG-H; mixer_institution_code=McG,false,,"No explicit participant-to-mixer identity mapping or creator/evaluator flag found in evaluations.csv, mixes.csv, retained feature table, or SCHEMA.md.",false,Institution equality alone was not used as self-rating evidence.
evaluation_5fc07a1feabc,Red To Blue,McG-H,mix_5b76bf1a027d,participant_qm_qm_10,QM,mixer_id=McG-H; legacy_mix_code=McG-H; mixer_institution_code=McG,false,,"No explicit participant-to-mixer identity mapping or creator/evaluator flag found in evaluations.csv, mixes.csv, retained feature table, or SCHEMA.md.",false,Institution equality alone was not used as self-rating evidence.
evaluation_e672a61d7595,Red To Blue,McG-H,mix_5b76bf1a027d,participant_qm_qm_3,QM,mixer_id=McG-H; legacy_mix_code=McG-H; mixer_institution_code=McG,false,,"No explicit participant-to-mixer identity mapping or creator/evaluator flag found in evaluations.csv, mixes.csv, retained feature table, or SCHEMA.md.",false,Institution equality alone was not used as self-rating evidence.
evaluation_51c217d21cee,Red To Blue,McG-H,mix_5b76bf1a027d,participant_qm_qm_18,QM,mixer_id=McG-H; legacy_mix_code=McG-H; mixer_institution_code=McG,false,,"No explicit participant-to-mixer identity mapping or creator/evaluator flag found in evaluations.csv, mixes.csv, retained feature table, or SCHEMA.md.",false,Institution equality alone was not used as self-rating evidence.
evaluation_d853961443e9,Red To Blue,McG-H,mix_5b76bf1a027d,participant_qm_qm_6,QM,mixer_id=McG-H; legacy_mix_code=McG-H; mixer_institution_code=McG,false,,"No explicit participant-to-mixer identity mapping or creator/evaluator flag found in evaluations.csv, mixes.csv, retained feature table, or SCHEMA.md.",false,Institution equality alone was not used as self-rating evidence.
evaluation_b2a784688f2e,Red To Blue,McG-H,mix_5b76bf1a027d,participant_qm_qm_13,QM,mixer_id=McG-H; legacy_mix_code=McG-H; mixer_institution_code=McG,false,,"No explicit participant-to-mixer identity mapping or creator/evaluator flag found in evaluations.csv, mixes.csv, retained feature table, or SCHEMA.md.",false,Institution equality alone was not used as self-rating evidence.
evaluation_e34ddb99a888,Red To Blue,McG-H,mix_5b76bf1a027d,participant_qm_qm_2,QM,mixer_id=McG-H; legacy_mix_code=McG-H; mixer_institution_code=McG,false,,"No explicit participant-to-mixer identity mapping or creator/evaluator flag found in evaluations.csv, mixes.csv, retained feature table, or SCHEMA.md.",false,Institution equality alone was not used as self-rating evidence.
evaluation_79978c208227,Red To Blue,McG-H,mix_5b76bf1a027d,participant_smc_smc_25,SMC,mixer_id=McG-H; legacy_mix_code=McG-H; mixer_institution_code=McG,false,,"No explicit participant-to-mixer identity mapping or creator/evaluator flag found in evaluations.csv, mixes.csv, retained feature table, or SCHEMA.md.",false,Institution equality alone was not used as self-rating evidence.
evaluation_f9cc5e64f91a,Red To Blue,McG-H,mix_5b76bf1a027d,participant_smc_smc_1,SMC,mixer_id=McG-H; legacy_mix_code=McG-H; mixer_institution_code=McG,false,,"No explicit participant-to-mixer identity mapping or creator/evaluator flag found in evaluations.csv, mixes.csv, retained feature table, or SCHEMA.md.",false,Institution equality alone was not used as self-rating evidence.
evaluation_ade5252e052d,Red To Blue,McG-H,mix_5b76bf1a027d,participant_smc_smc_13,SMC,mixer_id=McG-H; legacy_mix_code=McG-H; mixer_institution_code=McG,false,,"No explicit participant-to-mixer identity mapping or creator/evaluator flag found in evaluations.csv, mixes.csv, retained feature table, or SCHEMA.md.",false,Institution equality alone was not used as self-rating evidence.
evaluation_d620ea3cf9b9,Red To Blue,McG-H,mix_5b76bf1a027d,participant_smc_smc_0,SMC,mixer_id=McG-H; legacy_mix_code=McG-H; mixer_institution_code=McG,false,,"No explicit participant-to-mixer identity mapping or creator/evaluator flag found in evaluations.csv, mixes.csv, retained feature table, or SCHEMA.md.",false,Institution equality alone was not used as self-rating evidence.
evaluation_702d272bd067,Red To Blue,McG-pro1,mix_808780e357c9,participant_mcg_mcg_l,McG,mixer_id=McG-pro1; legacy_mix_code=McG-pro1; mixer_institution_code=McG,false,,"No explicit participant-to-mixer identity mapping or creator/evaluator flag found in evaluations.csv, mixes.csv, retained feature table, or SCHEMA.md.",false,Institution equality alone was not used as self-rating evidence.
evaluation_3cbcd1c0bfb3,Red To Blue,McG-pro1,mix_808780e357c9,participant_mcg_mcg_p,McG,mixer_id=McG-pro1; legacy_mix_code=McG-pro1; mixer_institution_code=McG,false,,"No explicit participant-to-mixer identity mapping or creator/evaluator flag found in evaluations.csv, mixes.csv, retained feature table, or SCHEMA.md.",false,Institution equality alone was not used as self-rating evidence.
evaluation_20d1681fa04c,Red To Blue,McG-pro1,mix_808780e357c9,participant_mcg_mcg_k,McG,mixer_id=McG-pro1; legacy_mix_code=McG-pro1; mixer_institution_code=McG,false,,"No explicit participant-to-mixer identity mapping or creator/evaluator flag found in evaluations.csv, mixes.csv, retained feature table, or SCHEMA.md.",false,Institution equality alone was not used as self-rating evidence.
evaluation_ef280bd16dda,Red To Blue,McG-pro1,mix_808780e357c9,participant_mcg_mcg_o,McG,mixer_id=McG-pro1; legacy_mix_code=McG-pro1; mixer_institution_code=McG,false,,"No explicit participant-to-mixer identity mapping or creator/evaluator flag found in evaluations.csv, mixes.csv, retained feature table, or SCHEMA.md.",false,Institution equality alone was not used as self-rating evidence.
evaluation_011407150dc1,Red To Blue,McG-pro1,mix_808780e357c9,participant_mcg_mcg_subc,McG,mixer_id=McG-pro1; legacy_mix_code=McG-pro1; mixer_institution_code=McG,false,,"No explicit participant-to-mixer identity mapping or creator/evaluator flag found in evaluations.csv, mixes.csv, retained feature table, or SCHEMA.md.",false,Institution equality alone was not used as self-rating evidence.
evaluation_3cbc954f2dcb,Red To Blue,McG-pro1,mix_808780e357c9,participant_mcg_mcg_n,McG,mixer_id=McG-pro1; legacy_mix_code=McG-pro1; mixer_institution_code=McG,false,,"No explicit participant-to-mixer identity mapping or creator/evaluator flag found in evaluations.csv, mixes.csv, retained feature table, or SCHEMA.md.",false,Institution equality alone was not used as self-rating evidence.
evaluation_194777b654f4,Red To Blue,McG-pro1,mix_808780e357c9,participant_mcg_mcg_suba,McG,mixer_id=McG-pro1; legacy_mix_code=McG-pro1; mixer_institution_code=McG,false,,"No explicit participant-to-mixer identity mapping or creator/evaluator flag found in evaluations.csv, mixes.csv, retained feature table, or SCHEMA.md.",false,Institution equality alone was not used as self-rating evidence.
evaluation_f42433a5bb3c,Red To Blue,McG-pro1,mix_808780e357c9,participant_mcg_mcg_j,McG,mixer_id=McG-pro1; legacy_mix_code=McG-pro1; mixer_institution_code=McG,false,,"No explicit participant-to-mixer identity mapping or creator/evaluator flag found in evaluations.csv, mixes.csv, retained feature table, or SCHEMA.md.",false,Institution equality alone was not used as self-rating evidence.
evaluation_a35c335601a9,Red To Blue,McG-pro1,mix_808780e357c9,participant_mcg_mcg_m,McG,mixer_id=McG-pro1; legacy_mix_code=McG-pro1; mixer_institution_code=McG,false,,"No explicit participant-to-mixer identity mapping or creator/evaluator flag found in evaluations.csv, mixes.csv, retained feature table, or SCHEMA.md.",false,Institution equality alone was not used as self-rating evidence.
evaluation_e85f90fb2bdd,Red To Blue,McG-pro1,mix_808780e357c9,participant_mcg_mcg_i,McG,mixer_id=McG-pro1; legacy_mix_code=McG-pro1; mixer_institution_code=McG,false,,"No explicit participant-to-mixer identity mapping or creator/evaluator flag found in evaluations.csv, mixes.csv, retained feature table, or SCHEMA.md.",false,Institution equality alone was not used as self-rating evidence.
evaluation_5e7806ad8401,Red To Blue,McG-pro1,mix_808780e357c9,participant_mcg_mcg_pro2,McG,mixer_id=McG-pro1; legacy_mix_code=McG-pro1; mixer_institution_code=McG,false,,"No explicit participant-to-mixer identity mapping or creator/evaluator flag found in evaluations.csv, mixes.csv, retained feature table, or SCHEMA.md.",false,Institution equality alone was not used as self-rating evidence.
evaluation_c0760ddd79ec,Red To Blue,McG-pro1,mix_808780e357c9,participant_mcg_mcg_pro1,McG,mixer_id=McG-pro1; legacy_mix_code=McG-pro1; mixer_institution_code=McG,false,,"No explicit participant-to-mixer identity mapping or creator/evaluator flag found in evaluations.csv, mixes.csv, retained feature table, or SCHEMA.md.",false,Institution equality alone was not used as self-rating evidence.
evaluation_ee432b9b3b7d,Red To Blue,McG-pro1,mix_808780e357c9,participant_qm_qm_21,QM,mixer_id=McG-pro1; legacy_mix_code=McG-pro1; mixer_institution_code=McG,false,,"No explicit participant-to-mixer identity mapping or creator/evaluator flag found in evaluations.csv, mixes.csv, retained feature table, or SCHEMA.md.",false,Institution equality alone was not used as self-rating evidence.
evaluation_69cf0b71ddd1,Red To Blue,McG-pro1,mix_808780e357c9,participant_qm_qm_20,QM,mixer_id=McG-pro1; legacy_mix_code=McG-pro1; mixer_institution_code=McG,false,,"No explicit participant-to-mixer identity mapping or creator/evaluator flag found in evaluations.csv, mixes.csv, retained feature table, or SCHEMA.md.",false,Institution equality alone was not used as self-rating evidence.
evaluation_0c562e127e39,Red To Blue,McG-pro1,mix_808780e357c9,participant_qm_qm_5,QM,mixer_id=McG-pro1; legacy_mix_code=McG-pro1; mixer_institution_code=McG,false,,"No explicit participant-to-mixer identity mapping or creator/evaluator flag found in evaluations.csv, mixes.csv, retained feature table, or SCHEMA.md.",false,Institution equality alone was not used as self-rating evidence.
evaluation_a23c81be176d,Red To Blue,McG-pro1,mix_808780e357c9,participant_qm_qm_8,QM,mixer_id=McG-pro1; legacy_mix_code=McG-pro1; mixer_institution_code=McG,false,,"No explicit participant-to-mixer identity mapping or creator/evaluator flag found in evaluations.csv, mixes.csv, retained feature table, or SCHEMA.md.",false,Institution equality alone was not used as self-rating evidence.
evaluation_1b69bd1637b9,Red To Blue,McG-pro1,mix_808780e357c9,participant_qm_qm_10,QM,mixer_id=McG-pro1; legacy_mix_code=McG-pro1; mixer_institution_code=McG,false,,"No explicit participant-to-mixer identity mapping or creator/evaluator flag found in evaluations.csv, mixes.csv, retained feature table, or SCHEMA.md.",false,Institution equality alone was not used as self-rating evidence.
evaluation_43131cd6208c,Red To Blue,McG-pro1,mix_808780e357c9,participant_qm_qm_3,QM,mixer_id=McG-pro1; legacy_mix_code=McG-pro1; mixer_institution_code=McG,false,,"No explicit participant-to-mixer identity mapping or creator/evaluator flag found in evaluations.csv, mixes.csv, retained feature table, or SCHEMA.md.",false,Institution equality alone was not used as self-rating evidence.
evaluation_17b4112af66c,Red To Blue,McG-pro1,mix_808780e357c9,participant_qm_qm_18,QM,mixer_id=McG-pro1; legacy_mix_code=McG-pro1; mixer_institution_code=McG,false,,"No explicit participant-to-mixer identity mapping or creator/evaluator flag found in evaluations.csv, mixes.csv, retained feature table, or SCHEMA.md.",false,Institution equality alone was not used as self-rating evidence.
evaluation_7ce8ae20309e,Red To Blue,McG-pro1,mix_808780e357c9,participant_qm_qm_6,QM,mixer_id=McG-pro1; legacy_mix_code=McG-pro1; mixer_institution_code=McG,false,,"No explicit participant-to-mixer identity mapping or creator/evaluator flag found in evaluations.csv, mixes.csv, retained feature table, or SCHEMA.md.",false,Institution equality alone was not used as self-rating evidence.
evaluation_f95b230bd889,Red To Blue,McG-pro1,mix_808780e357c9,participant_qm_qm_13,QM,mixer_id=McG-pro1; legacy_mix_code=McG-pro1; mixer_institution_code=McG,false,,"No explicit participant-to-mixer identity mapping or creator/evaluator flag found in evaluations.csv, mixes.csv, retained feature table, or SCHEMA.md.",false,Institution equality alone was not used as self-rating evidence.
evaluation_4b21480d4998,Red To Blue,McG-pro1,mix_808780e357c9,participant_qm_qm_2,QM,mixer_id=McG-pro1; legacy_mix_code=McG-pro1; mixer_institution_code=McG,false,,"No explicit participant-to-mixer identity mapping or creator/evaluator flag found in evaluations.csv, mixes.csv, retained feature table, or SCHEMA.md.",false,Institution equality alone was not used as self-rating evidence.
evaluation_ea1c3892ace9,Red To Blue,McG-pro1,mix_808780e357c9,participant_smc_smc_25,SMC,mixer_id=McG-pro1; legacy_mix_code=McG-pro1; mixer_institution_code=McG,false,,"No explicit participant-to-mixer identity mapping or creator/evaluator flag found in evaluations.csv, mixes.csv, retained feature table, or SCHEMA.md.",false,Institution equality alone was not used as self-rating evidence.
evaluation_83e94c5cec57,Red To Blue,McG-pro1,mix_808780e357c9,participant_smc_smc_1,SMC,mixer_id=McG-pro1; legacy_mix_code=McG-pro1; mixer_institution_code=McG,false,,"No explicit participant-to-mixer identity mapping or creator/evaluator flag found in evaluations.csv, mixes.csv, retained feature table, or SCHEMA.md.",false,Institution equality alone was not used as self-rating evidence.
evaluation_c265123827d0,Red To Blue,McG-pro1,mix_808780e357c9,participant_smc_smc_13,SMC,mixer_id=McG-pro1; legacy_mix_code=McG-pro1; mixer_institution_code=McG,false,,"No explicit participant-to-mixer identity mapping or creator/evaluator flag found in evaluations.csv, mixes.csv, retained feature table, or SCHEMA.md.",false,Institution equality alone was not used as self-rating evidence.
evaluation_94d4d0381bb0,Red To Blue,McG-pro1,mix_808780e357c9,participant_smc_smc_0,SMC,mixer_id=McG-pro1; legacy_mix_code=McG-pro1; mixer_institution_code=McG,false,,"No explicit participant-to-mixer identity mapping or creator/evaluator flag found in evaluations.csv, mixes.csv, retained feature table, or SCHEMA.md.",false,Institution equality alone was not used as self-rating evidence.
evaluation_822cfc7a39b5,In The Meantime,DU-H,mix_302f0efe8a80,participant_du_du_g1,DU,mixer_id=DU-H; legacy_mix_code=DU-H; mixer_institution_code=DU,false,,"No explicit participant-to-mixer identity mapping or creator/evaluator flag found in evaluations.csv, mixes.csv, retained feature table, or SCHEMA.md.",false,Institution equality alone was not used as self-rating evidence.
evaluation_b1a4c86dd3b3,In The Meantime,DU-H,mix_302f0efe8a80,participant_du_du_k2,DU,mixer_id=DU-H; legacy_mix_code=DU-H; mixer_institution_code=DU,false,,"No explicit participant-to-mixer identity mapping or creator/evaluator flag found in evaluations.csv, mixes.csv, retained feature table, or SCHEMA.md.",false,Institution equality alone was not used as self-rating evidence.
evaluation_8968f7f242d1,In The Meantime,DU-H,mix_302f0efe8a80,participant_du_du_l1,DU,mixer_id=DU-H; legacy_mix_code=DU-H; mixer_institution_code=DU,false,,"No explicit participant-to-mixer identity mapping or creator/evaluator flag found in evaluations.csv, mixes.csv, retained feature table, or SCHEMA.md.",false,Institution equality alone was not used as self-rating evidence.
evaluation_022c8a3b8bc0,In The Meantime,DU-H,mix_302f0efe8a80,participant_du_du_c1,DU,mixer_id=DU-H; legacy_mix_code=DU-H; mixer_institution_code=DU,false,,"No explicit participant-to-mixer identity mapping or creator/evaluator flag found in evaluations.csv, mixes.csv, retained feature table, or SCHEMA.md.",false,Institution equality alone was not used as self-rating evidence.
evaluation_875ce5a59671,In The Meantime,DU-H,mix_302f0efe8a80,participant_du_du_f1,DU,mixer_id=DU-H; legacy_mix_code=DU-H; mixer_institution_code=DU,false,,"No explicit participant-to-mixer identity mapping or creator/evaluator flag found in evaluations.csv, mixes.csv, retained feature table, or SCHEMA.md.",false,Institution equality alone was not used as self-rating evidence.
evaluation_04f3d1cafd03,In The Meantime,DU-H,mix_302f0efe8a80,participant_du_du_u3,DU,mixer_id=DU-H; legacy_mix_code=DU-H; mixer_institution_code=DU,false,,"No explicit participant-to-mixer identity mapping or creator/evaluator flag found in evaluations.csv, mixes.csv, retained feature table, or SCHEMA.md.",false,Institution equality alone was not used as self-rating evidence.
evaluation_ccc2f046d75f,In The Meantime,DU-H,mix_302f0efe8a80,participant_du_du_d1,DU,mixer_id=DU-H; legacy_mix_code=DU-H; mixer_institution_code=DU,false,,"No explicit participant-to-mixer identity mapping or creator/evaluator flag found in evaluations.csv, mixes.csv, retained feature table, or SCHEMA.md.",false,Institution equality alone was not used as self-rating evidence.
evaluation_34e7e9710db2,In The Meantime,DU-H,mix_302f0efe8a80,participant_du_du_r2,DU,mixer_id=DU-H; legacy_mix_code=DU-H; mixer_institution_code=DU,false,,"No explicit participant-to-mixer identity mapping or creator/evaluator flag found in evaluations.csv, mixes.csv, retained feature table, or SCHEMA.md.",false,Institution equality alone was not used as self-rating evidence.
evaluation_8cf408f1feaf,In The Meantime,DU-H,mix_302f0efe8a80,participant_du_du_s1,DU,mixer_id=DU-H; legacy_mix_code=DU-H; mixer_institution_code=DU,false,,"No explicit participant-to-mixer identity mapping or creator/evaluator flag found in evaluations.csv, mixes.csv, retained feature table, or SCHEMA.md.",false,Institution equality alone was not used as self-rating evidence.
evaluation_d1b6424fb913,In The Meantime,DU-H,mix_302f0efe8a80,participant_du_du_b1,DU,mixer_id=DU-H; legacy_mix_code=DU-H; mixer_institution_code=DU,false,,"No explicit participant-to-mixer identity mapping or creator/evaluator flag found in evaluations.csv, mixes.csv, retained feature table, or SCHEMA.md.",false,Institution equality alone was not used as self-rating evidence.
evaluation_4adce64cb919,In The Meantime,DU-H,mix_302f0efe8a80,participant_du_du_t1,DU,mixer_id=DU-H; legacy_mix_code=DU-H; mixer_institution_code=DU,false,,"No explicit participant-to-mixer identity mapping or creator/evaluator flag found in evaluations.csv, mixes.csv, retained feature table, or SCHEMA.md.",false,Institution equality alone was not used as self-rating evidence.
evaluation_b65adcdd3378,In The Meantime,DU-H,mix_302f0efe8a80,participant_du_du_n1,DU,mixer_id=DU-H; legacy_mix_code=DU-H; mixer_institution_code=DU,false,,"No explicit participant-to-mixer identity mapping or creator/evaluator flag found in evaluations.csv, mixes.csv, retained feature table, or SCHEMA.md.",false,Institution equality alone was not used as self-rating evidence.
evaluation_14d1075a0f5c,In The Meantime,DU-H,mix_302f0efe8a80,participant_du_du_m2,DU,mixer_id=DU-H; legacy_mix_code=DU-H; mixer_institution_code=DU,false,,"No explicit participant-to-mixer identity mapping or creator/evaluator flag found in evaluations.csv, mixes.csv, retained feature table, or SCHEMA.md.",false,Institution equality alone was not used as self-rating evidence.
evaluation_a6a732204f7f,In The Meantime,DU-H,mix_302f0efe8a80,participant_du_du_h2,DU,mixer_id=DU-H; legacy_mix_code=DU-H; mixer_institution_code=DU,false,,"No explicit participant-to-mixer identity mapping or creator/evaluator flag found in evaluations.csv, mixes.csv, retained feature table, or SCHEMA.md.",false,Institution equality alone was not used as self-rating evidence.
evaluation_7a0863e07336,In The Meantime,DU-H,mix_302f0efe8a80,participant_du_du_q2,DU,mixer_id=DU-H; legacy_mix_code=DU-H; mixer_institution_code=DU,false,,"No explicit participant-to-mixer identity mapping or creator/evaluator flag found in evaluations.csv, mixes.csv, retained feature table, or SCHEMA.md.",false,Institution equality alone was not used as self-rating evidence.
evaluation_fcc8bc3d1013,In The Meantime,DU-H,mix_302f0efe8a80,participant_du_du_t2,DU,mixer_id=DU-H; legacy_mix_code=DU-H; mixer_institution_code=DU,false,,"No explicit participant-to-mixer identity mapping or creator/evaluator flag found in evaluations.csv, mixes.csv, retained feature table, or SCHEMA.md.",false,Institution equality alone was not used as self-rating evidence.
evaluation_679698c5c21a,In The Meantime,DU-H,mix_302f0efe8a80,participant_du_du_o2,DU,mixer_id=DU-H; legacy_mix_code=DU-H; mixer_institution_code=DU,false,,"No explicit participant-to-mixer identity mapping or creator/evaluator flag found in evaluations.csv, mixes.csv, retained feature table, or SCHEMA.md.",false,Institution equality alone was not used as self-rating evidence.
evaluation_08876cbf5b86,In The Meantime,DU-H,mix_302f0efe8a80,participant_du_du_p1,DU,mixer_id=DU-H; legacy_mix_code=DU-H; mixer_institution_code=DU,false,,"No explicit participant-to-mixer identity mapping or creator/evaluator flag found in evaluations.csv, mixes.csv, retained feature table, or SCHEMA.md.",false,Institution equality alone was not used as self-rating evidence.
evaluation_83f698fc653a,In The Meantime,DU-H,mix_302f0efe8a80,participant_du_du_p2,DU,mixer_id=DU-H; legacy_mix_code=DU-H; mixer_institution_code=DU,false,,"No explicit participant-to-mixer identity mapping or creator/evaluator flag found in evaluations.csv, mixes.csv, retained feature table, or SCHEMA.md.",false,Institution equality alone was not used as self-rating evidence.
evaluation_325c2689799c,In The Meantime,DU-H,mix_302f0efe8a80,participant_du_du_i2,DU,mixer_id=DU-H; legacy_mix_code=DU-H; mixer_institution_code=DU,false,,"No explicit participant-to-mixer identity mapping or creator/evaluator flag found in evaluations.csv, mixes.csv, retained feature table, or SCHEMA.md.",false,Institution equality alone was not used as self-rating evidence.
evaluation_0955fd370f00,In The Meantime,DU-H,mix_302f0efe8a80,participant_du_du_c2,DU,mixer_id=DU-H; legacy_mix_code=DU-H; mixer_institution_code=DU,false,,"No explicit participant-to-mixer identity mapping or creator/evaluator flag found in evaluations.csv, mixes.csv, retained feature table, or SCHEMA.md.",false,Institution equality alone was not used as self-rating evidence.
evaluation_6bd98685887e,In The Meantime,DU-H,mix_302f0efe8a80,participant_du_du_k1,DU,mixer_id=DU-H; legacy_mix_code=DU-H; mixer_institution_code=DU,false,,"No explicit participant-to-mixer identity mapping or creator/evaluator flag found in evaluations.csv, mixes.csv, retained feature table, or SCHEMA.md.",false,Institution equality alone was not used as self-rating evidence.
evaluation_b84370180a1e,In The Meantime,DU-H,mix_302f0efe8a80,participant_du_du_e1,DU,mixer_id=DU-H; legacy_mix_code=DU-H; mixer_institution_code=DU,false,,"No explicit participant-to-mixer identity mapping or creator/evaluator flag found in evaluations.csv, mixes.csv, retained feature table, or SCHEMA.md.",false,Institution equality alone was not used as self-rating evidence.
evaluation_bc7f39c3ee0c,In The Meantime,DU-H,mix_302f0efe8a80,participant_du_du_j2,DU,mixer_id=DU-H; legacy_mix_code=DU-H; mixer_institution_code=DU,false,,"No explicit participant-to-mixer identity mapping or creator/evaluator flag found in evaluations.csv, mixes.csv, retained feature table, or SCHEMA.md.",false,Institution equality alone was not used as self-rating evidence.
evaluation_c3a423c2d35c,In The Meantime,DU-H,mix_302f0efe8a80,participant_du_du_d2,DU,mixer_id=DU-H; legacy_mix_code=DU-H; mixer_institution_code=DU,false,,"No explicit participant-to-mixer identity mapping or creator/evaluator flag found in evaluations.csv, mixes.csv, retained feature table, or SCHEMA.md.",false,Institution equality alone was not used as self-rating evidence.
evaluation_d8069f5a89e4,In The Meantime,DU-H,mix_302f0efe8a80,participant_du_du_o1,DU,mixer_id=DU-H; legacy_mix_code=DU-H; mixer_institution_code=DU,false,,"No explicit participant-to-mixer identity mapping or creator/evaluator flag found in evaluations.csv, mixes.csv, retained feature table, or SCHEMA.md.",false,Institution equality alone was not used as self-rating evidence.
evaluation_8111c88898a3,In The Meantime,DU-H,mix_302f0efe8a80,participant_du_du_a2,DU,mixer_id=DU-H; legacy_mix_code=DU-H; mixer_institution_code=DU,false,,"No explicit participant-to-mixer identity mapping or creator/evaluator flag found in evaluations.csv, mixes.csv, retained feature table, or SCHEMA.md.",false,Institution equality alone was not used as self-rating evidence.
evaluation_bb1632b6a326,In The Meantime,DU-H,mix_302f0efe8a80,participant_du_du_s2,DU,mixer_id=DU-H; legacy_mix_code=DU-H; mixer_institution_code=DU,false,,"No explicit participant-to-mixer identity mapping or creator/evaluator flag found in evaluations.csv, mixes.csv, retained feature table, or SCHEMA.md.",false,Institution equality alone was not used as self-rating evidence.
evaluation_4f6dc6465dd8,In The Meantime,DU-H,mix_302f0efe8a80,participant_du_du_u2,DU,mixer_id=DU-H; legacy_mix_code=DU-H; mixer_institution_code=DU,false,,"No explicit participant-to-mixer identity mapping or creator/evaluator flag found in evaluations.csv, mixes.csv, retained feature table, or SCHEMA.md.",false,Institution equality alone was not used as self-rating evidence.
evaluation_86c61da1dbc6,In The Meantime,DU-H,mix_302f0efe8a80,participant_du_du_h1,DU,mixer_id=DU-H; legacy_mix_code=DU-H; mixer_institution_code=DU,false,,"No explicit participant-to-mixer identity mapping or creator/evaluator flag found in evaluations.csv, mixes.csv, retained feature table, or SCHEMA.md.",false,Institution equality alone was not used as self-rating evidence.
evaluation_d6ca720a54d3,In The Meantime,DU-H,mix_302f0efe8a80,participant_du_du_u1,DU,mixer_id=DU-H; legacy_mix_code=DU-H; mixer_institution_code=DU,false,,"No explicit participant-to-mixer identity mapping or creator/evaluator flag found in evaluations.csv, mixes.csv, retained feature table, or SCHEMA.md.",false,Institution equality alone was not used as self-rating evidence.
evaluation_a5f4dce77767,In The Meantime,DU-H,mix_302f0efe8a80,participant_du_du_g2,DU,mixer_id=DU-H; legacy_mix_code=DU-H; mixer_institution_code=DU,false,,"No explicit participant-to-mixer identity mapping or creator/evaluator flag found in evaluations.csv, mixes.csv, retained feature table, or SCHEMA.md.",false,Institution equality alone was not used as self-rating evidence.
evaluation_fa69fe1b5984,In The Meantime,DU-H,mix_302f0efe8a80,participant_du_du_q1,DU,mixer_id=DU-H; legacy_mix_code=DU-H; mixer_institution_code=DU,false,,"No explicit participant-to-mixer identity mapping or creator/evaluator flag found in evaluations.csv, mixes.csv, retained feature table, or SCHEMA.md.",false,Institution equality alone was not used as self-rating evidence.
evaluation_cf4907c7cc04,In The Meantime,DU-H,mix_302f0efe8a80,participant_du_du_f2,DU,mixer_id=DU-H; legacy_mix_code=DU-H; mixer_institution_code=DU,false,,"No explicit participant-to-mixer identity mapping or creator/evaluator flag found in evaluations.csv, mixes.csv, retained feature table, or SCHEMA.md.",false,Institution equality alone was not used as self-rating evidence.
evaluation_702d59495de7,In The Meantime,DU-H,mix_302f0efe8a80,participant_du_du_r1,DU,mixer_id=DU-H; legacy_mix_code=DU-H; mixer_institution_code=DU,false,,"No explicit participant-to-mixer identity mapping or creator/evaluator flag found in evaluations.csv, mixes.csv, retained feature table, or SCHEMA.md.",false,Institution equality alone was not used as self-rating evidence.
evaluation_ba1bc799a288,In The Meantime,DU-H,mix_302f0efe8a80,participant_du_du_l2,DU,mixer_id=DU-H; legacy_mix_code=DU-H; mixer_institution_code=DU,false,,"No explicit participant-to-mixer identity mapping or creator/evaluator flag found in evaluations.csv, mixes.csv, retained feature table, or SCHEMA.md.",false,Institution equality alone was not used as self-rating evidence.
evaluation_d769ca7c8611,In The Meantime,DU-H,mix_302f0efe8a80,participant_du_du_b2,DU,mixer_id=DU-H; legacy_mix_code=DU-H; mixer_institution_code=DU,false,,"No explicit participant-to-mixer identity mapping or creator/evaluator flag found in evaluations.csv, mixes.csv, retained feature table, or SCHEMA.md.",false,Institution equality alone was not used as self-rating evidence.
evaluation_6fa23b4b32e2,In The Meantime,DU-H,mix_302f0efe8a80,participant_du_du_a1,DU,mixer_id=DU-H; legacy_mix_code=DU-H; mixer_institution_code=DU,false,,"No explicit participant-to-mixer identity mapping or creator/evaluator flag found in evaluations.csv, mixes.csv, retained feature table, or SCHEMA.md.",false,Institution equality alone was not used as self-rating evidence.
evaluation_3b3819e9b4e7,In The Meantime,DU-H,mix_302f0efe8a80,participant_qut_qut_k,QUT,mixer_id=DU-H; legacy_mix_code=DU-H; mixer_institution_code=DU,false,,"No explicit participant-to-mixer identity mapping or creator/evaluator flag found in evaluations.csv, mixes.csv, retained feature table, or SCHEMA.md.",false,Institution equality alone was not used as self-rating evidence.
evaluation_4d845b2c943f,In The Meantime,DU-H,mix_302f0efe8a80,participant_qut_qut_s,QUT,mixer_id=DU-H; legacy_mix_code=DU-H; mixer_institution_code=DU,false,,"No explicit participant-to-mixer identity mapping or creator/evaluator flag found in evaluations.csv, mixes.csv, retained feature table, or SCHEMA.md.",false,Institution equality alone was not used as self-rating evidence.
evaluation_703397cf59fc,In The Meantime,DU-H,mix_302f0efe8a80,participant_qut_qut_h,QUT,mixer_id=DU-H; legacy_mix_code=DU-H; mixer_institution_code=DU,false,,"No explicit participant-to-mixer identity mapping or creator/evaluator flag found in evaluations.csv, mixes.csv, retained feature table, or SCHEMA.md.",false,Institution equality alone was not used as self-rating evidence.
evaluation_9dbe9acbd93f,In The Meantime,DU-H,mix_302f0efe8a80,participant_qut_qut_q,QUT,mixer_id=DU-H; legacy_mix_code=DU-H; mixer_institution_code=DU,false,,"No explicit participant-to-mixer identity mapping or creator/evaluator flag found in evaluations.csv, mixes.csv, retained feature table, or SCHEMA.md.",false,Institution equality alone was not used as self-rating evidence.
evaluation_174c055ffa53,In The Meantime,DU-H,mix_302f0efe8a80,participant_qut_qut_i,QUT,mixer_id=DU-H; legacy_mix_code=DU-H; mixer_institution_code=DU,false,,"No explicit participant-to-mixer identity mapping or creator/evaluator flag found in evaluations.csv, mixes.csv, retained feature table, or SCHEMA.md.",false,Institution equality alone was not used as self-rating evidence.
evaluation_001ffb8d7546,In The Meantime,DU-H,mix_302f0efe8a80,participant_qut_qut_r,QUT,mixer_id=DU-H; legacy_mix_code=DU-H; mixer_institution_code=DU,false,,"No explicit participant-to-mixer identity mapping or creator/evaluator flag found in evaluations.csv, mixes.csv, retained feature table, or SCHEMA.md.",false,Institution equality alone was not used as self-rating evidence.
evaluation_aa073806144e,In The Meantime,DU-H,mix_302f0efe8a80,participant_qut_qut_e,QUT,mixer_id=DU-H; legacy_mix_code=DU-H; mixer_institution_code=DU,false,,"No explicit participant-to-mixer identity mapping or creator/evaluator flag found in evaluations.csv, mixes.csv, retained feature table, or SCHEMA.md.",false,Institution equality alone was not used as self-rating evidence.
evaluation_140b67ec2964,In The Meantime,DU-H,mix_302f0efe8a80,participant_qut_qut_n,QUT,mixer_id=DU-H; legacy_mix_code=DU-H; mixer_institution_code=DU,false,,"No explicit participant-to-mixer identity mapping or creator/evaluator flag found in evaluations.csv, mixes.csv, retained feature table, or SCHEMA.md.",false,Institution equality alone was not used as self-rating evidence.
evaluation_bd55a1a62036,In The Meantime,DU-H,mix_302f0efe8a80,participant_qut_qut_m,QUT,mixer_id=DU-H; legacy_mix_code=DU-H; mixer_institution_code=DU,false,,"No explicit participant-to-mixer identity mapping or creator/evaluator flag found in evaluations.csv, mixes.csv, retained feature table, or SCHEMA.md.",false,Institution equality alone was not used as self-rating evidence.
evaluation_7458872f845a,In The Meantime,DU-H,mix_302f0efe8a80,participant_qut_qut_f,QUT,mixer_id=DU-H; legacy_mix_code=DU-H; mixer_institution_code=DU,false,,"No explicit participant-to-mixer identity mapping or creator/evaluator flag found in evaluations.csv, mixes.csv, retained feature table, or SCHEMA.md.",false,Institution equality alone was not used as self-rating evidence.
evaluation_2b328b3eb211,In The Meantime,DU-H,mix_302f0efe8a80,participant_qut_qut_p,QUT,mixer_id=DU-H; legacy_mix_code=DU-H; mixer_institution_code=DU,false,,"No explicit participant-to-mixer identity mapping or creator/evaluator flag found in evaluations.csv, mixes.csv, retained feature table, or SCHEMA.md.",false,Institution equality alone was not used as self-rating evidence.
evaluation_49a9756593a1,In The Meantime,DU-H,mix_302f0efe8a80,participant_qut_qut_o,QUT,mixer_id=DU-H; legacy_mix_code=DU-H; mixer_institution_code=DU,false,,"No explicit participant-to-mixer identity mapping or creator/evaluator flag found in evaluations.csv, mixes.csv, retained feature table, or SCHEMA.md.",false,Institution equality alone was not used as self-rating evidence.
evaluation_33431e5dad6d,In The Meantime,DU-H,mix_302f0efe8a80,participant_qut_qut_a,QUT,mixer_id=DU-H; legacy_mix_code=DU-H; mixer_institution_code=DU,false,,"No explicit participant-to-mixer identity mapping or creator/evaluator flag found in evaluations.csv, mixes.csv, retained feature table, or SCHEMA.md.",false,Institution equality alone was not used as self-rating evidence.
evaluation_a10687c7ed8c,In The Meantime,DU-H,mix_302f0efe8a80,participant_qut_qut_pro,QUT,mixer_id=DU-H; legacy_mix_code=DU-H; mixer_institution_code=DU,false,,"No explicit participant-to-mixer identity mapping or creator/evaluator flag found in evaluations.csv, mixes.csv, retained feature table, or SCHEMA.md.",false,Institution equality alone was not used as self-rating evidence.
evaluation_0b7586a4761b,In The Meantime,DU-H,mix_302f0efe8a80,participant_qut_qut_c,QUT,mixer_id=DU-H; legacy_mix_code=DU-H; mixer_institution_code=DU,false,,"No explicit participant-to-mixer identity mapping or creator/evaluator flag found in evaluations.csv, mixes.csv, retained feature table, or SCHEMA.md.",false,Institution equality alone was not used as self-rating evidence.
evaluation_2ac9ace34cc5,In The Meantime,DU-H,mix_302f0efe8a80,participant_qut_qut_l,QUT,mixer_id=DU-H; legacy_mix_code=DU-H; mixer_institution_code=DU,false,,"No explicit participant-to-mixer identity mapping or creator/evaluator flag found in evaluations.csv, mixes.csv, retained feature table, or SCHEMA.md.",false,Institution equality alone was not used as self-rating evidence.
evaluation_3288c7c3351e,In The Meantime,DU-I,mix_9baa86357fd4,participant_du_du_g1,DU,mixer_id=DU-I; legacy_mix_code=DU-I; mixer_institution_code=DU,false,,"No explicit participant-to-mixer identity mapping or creator/evaluator flag found in evaluations.csv, mixes.csv, retained feature table, or SCHEMA.md.",false,Institution equality alone was not used as self-rating evidence.
evaluation_09308d1debde,In The Meantime,DU-I,mix_9baa86357fd4,participant_du_du_k2,DU,mixer_id=DU-I; legacy_mix_code=DU-I; mixer_institution_code=DU,false,,"No explicit participant-to-mixer identity mapping or creator/evaluator flag found in evaluations.csv, mixes.csv, retained feature table, or SCHEMA.md.",false,Institution equality alone was not used as self-rating evidence.
evaluation_ba65d7f8cc34,In The Meantime,DU-I,mix_9baa86357fd4,participant_du_du_l1,DU,mixer_id=DU-I; legacy_mix_code=DU-I; mixer_institution_code=DU,false,,"No explicit participant-to-mixer identity mapping or creator/evaluator flag found in evaluations.csv, mixes.csv, retained feature table, or SCHEMA.md.",false,Institution equality alone was not used as self-rating evidence.
evaluation_849b39640598,In The Meantime,DU-I,mix_9baa86357fd4,participant_du_du_c1,DU,mixer_id=DU-I; legacy_mix_code=DU-I; mixer_institution_code=DU,false,,"No explicit participant-to-mixer identity mapping or creator/evaluator flag found in evaluations.csv, mixes.csv, retained feature table, or SCHEMA.md.",false,Institution equality alone was not used as self-rating evidence.
evaluation_fe106fb8ee41,In The Meantime,DU-I,mix_9baa86357fd4,participant_du_du_f1,DU,mixer_id=DU-I; legacy_mix_code=DU-I; mixer_institution_code=DU,false,,"No explicit participant-to-mixer identity mapping or creator/evaluator flag found in evaluations.csv, mixes.csv, retained feature table, or SCHEMA.md.",false,Institution equality alone was not used as self-rating evidence.
evaluation_abb93f1c54b5,In The Meantime,DU-I,mix_9baa86357fd4,participant_du_du_u3,DU,mixer_id=DU-I; legacy_mix_code=DU-I; mixer_institution_code=DU,false,,"No explicit participant-to-mixer identity mapping or creator/evaluator flag found in evaluations.csv, mixes.csv, retained feature table, or SCHEMA.md.",false,Institution equality alone was not used as self-rating evidence.
evaluation_9516ddfe9222,In The Meantime,DU-I,mix_9baa86357fd4,participant_du_du_d1,DU,mixer_id=DU-I; legacy_mix_code=DU-I; mixer_institution_code=DU,false,,"No explicit participant-to-mixer identity mapping or creator/evaluator flag found in evaluations.csv, mixes.csv, retained feature table, or SCHEMA.md.",false,Institution equality alone was not used as self-rating evidence.
evaluation_f68367ac8751,In The Meantime,DU-I,mix_9baa86357fd4,participant_du_du_r2,DU,mixer_id=DU-I; legacy_mix_code=DU-I; mixer_institution_code=DU,false,,"No explicit participant-to-mixer identity mapping or creator/evaluator flag found in evaluations.csv, mixes.csv, retained feature table, or SCHEMA.md.",false,Institution equality alone was not used as self-rating evidence.
evaluation_e6faefdc4a1b,In The Meantime,DU-I,mix_9baa86357fd4,participant_du_du_s1,DU,mixer_id=DU-I; legacy_mix_code=DU-I; mixer_institution_code=DU,false,,"No explicit participant-to-mixer identity mapping or creator/evaluator flag found in evaluations.csv, mixes.csv, retained feature table, or SCHEMA.md.",false,Institution equality alone was not used as self-rating evidence.
evaluation_484301ebce13,In The Meantime,DU-I,mix_9baa86357fd4,participant_du_du_b1,DU,mixer_id=DU-I; legacy_mix_code=DU-I; mixer_institution_code=DU,false,,"No explicit participant-to-mixer identity mapping or creator/evaluator flag found in evaluations.csv, mixes.csv, retained feature table, or SCHEMA.md.",false,Institution equality alone was not used as self-rating evidence.
evaluation_101d27e24007,In The Meantime,DU-I,mix_9baa86357fd4,participant_du_du_t1,DU,mixer_id=DU-I; legacy_mix_code=DU-I; mixer_institution_code=DU,false,,"No explicit participant-to-mixer identity mapping or creator/evaluator flag found in evaluations.csv, mixes.csv, retained feature table, or SCHEMA.md.",false,Institution equality alone was not used as self-rating evidence.
evaluation_8ed5b55496c7,In The Meantime,DU-I,mix_9baa86357fd4,participant_du_du_n1,DU,mixer_id=DU-I; legacy_mix_code=DU-I; mixer_institution_code=DU,false,,"No explicit participant-to-mixer identity mapping or creator/evaluator flag found in evaluations.csv, mixes.csv, retained feature table, or SCHEMA.md.",false,Institution equality alone was not used as self-rating evidence.
evaluation_be5341543548,In The Meantime,DU-I,mix_9baa86357fd4,participant_du_du_m2,DU,mixer_id=DU-I; legacy_mix_code=DU-I; mixer_institution_code=DU,false,,"No explicit participant-to-mixer identity mapping or creator/evaluator flag found in evaluations.csv, mixes.csv, retained feature table, or SCHEMA.md.",false,Institution equality alone was not used as self-rating evidence.
evaluation_7eec7dab3172,In The Meantime,DU-I,mix_9baa86357fd4,participant_du_du_h2,DU,mixer_id=DU-I; legacy_mix_code=DU-I; mixer_institution_code=DU,false,,"No explicit participant-to-mixer identity mapping or creator/evaluator flag found in evaluations.csv, mixes.csv, retained feature table, or SCHEMA.md.",false,Institution equality alone was not used as self-rating evidence.
evaluation_b5b6d549cebd,In The Meantime,DU-I,mix_9baa86357fd4,participant_du_du_q2,DU,mixer_id=DU-I; legacy_mix_code=DU-I; mixer_institution_code=DU,false,,"No explicit participant-to-mixer identity mapping or creator/evaluator flag found in evaluations.csv, mixes.csv, retained feature table, or SCHEMA.md.",false,Institution equality alone was not used as self-rating evidence.
evaluation_dd01b182a3d3,In The Meantime,DU-I,mix_9baa86357fd4,participant_du_du_t2,DU,mixer_id=DU-I; legacy_mix_code=DU-I; mixer_institution_code=DU,false,,"No explicit participant-to-mixer identity mapping or creator/evaluator flag found in evaluations.csv, mixes.csv, retained feature table, or SCHEMA.md.",false,Institution equality alone was not used as self-rating evidence.
evaluation_f9c59ae0458a,In The Meantime,DU-I,mix_9baa86357fd4,participant_du_du_o2,DU,mixer_id=DU-I; legacy_mix_code=DU-I; mixer_institution_code=DU,false,,"No explicit participant-to-mixer identity mapping or creator/evaluator flag found in evaluations.csv, mixes.csv, retained feature table, or SCHEMA.md.",false,Institution equality alone was not used as self-rating evidence.
evaluation_c71b75ed94f6,In The Meantime,DU-I,mix_9baa86357fd4,participant_du_du_p1,DU,mixer_id=DU-I; legacy_mix_code=DU-I; mixer_institution_code=DU,false,,"No explicit participant-to-mixer identity mapping or creator/evaluator flag found in evaluations.csv, mixes.csv, retained feature table, or SCHEMA.md.",false,Institution equality alone was not used as self-rating evidence.
evaluation_5154ba96d97a,In The Meantime,DU-I,mix_9baa86357fd4,participant_du_du_p2,DU,mixer_id=DU-I; legacy_mix_code=DU-I; mixer_institution_code=DU,false,,"No explicit participant-to-mixer identity mapping or creator/evaluator flag found in evaluations.csv, mixes.csv, retained feature table, or SCHEMA.md.",false,Institution equality alone was not used as self-rating evidence.
evaluation_bf01688cf3b2,In The Meantime,DU-I,mix_9baa86357fd4,participant_du_du_i2,DU,mixer_id=DU-I; legacy_mix_code=DU-I; mixer_institution_code=DU,false,,"No explicit participant-to-mixer identity mapping or creator/evaluator flag found in evaluations.csv, mixes.csv, retained feature table, or SCHEMA.md.",false,Institution equality alone was not used as self-rating evidence.
evaluation_588465b9b3fb,In The Meantime,DU-I,mix_9baa86357fd4,participant_du_du_c2,DU,mixer_id=DU-I; legacy_mix_code=DU-I; mixer_institution_code=DU,false,,"No explicit participant-to-mixer identity mapping or creator/evaluator flag found in evaluations.csv, mixes.csv, retained feature table, or SCHEMA.md.",false,Institution equality alone was not used as self-rating evidence.
evaluation_cb068ecbc617,In The Meantime,DU-I,mix_9baa86357fd4,participant_du_du_k1,DU,mixer_id=DU-I; legacy_mix_code=DU-I; mixer_institution_code=DU,false,,"No explicit participant-to-mixer identity mapping or creator/evaluator flag found in evaluations.csv, mixes.csv, retained feature table, or SCHEMA.md.",false,Institution equality alone was not used as self-rating evidence.
evaluation_45294a6715eb,In The Meantime,DU-I,mix_9baa86357fd4,participant_du_du_e1,DU,mixer_id=DU-I; legacy_mix_code=DU-I; mixer_institution_code=DU,false,,"No explicit participant-to-mixer identity mapping or creator/evaluator flag found in evaluations.csv, mixes.csv, retained feature table, or SCHEMA.md.",false,Institution equality alone was not used as self-rating evidence.
evaluation_0e1960bff367,In The Meantime,DU-I,mix_9baa86357fd4,participant_du_du_j2,DU,mixer_id=DU-I; legacy_mix_code=DU-I; mixer_institution_code=DU,false,,"No explicit participant-to-mixer identity mapping or creator/evaluator flag found in evaluations.csv, mixes.csv, retained feature table, or SCHEMA.md.",false,Institution equality alone was not used as self-rating evidence.
evaluation_dca4efa64078,In The Meantime,DU-I,mix_9baa86357fd4,participant_du_du_d2,DU,mixer_id=DU-I; legacy_mix_code=DU-I; mixer_institution_code=DU,false,,"No explicit participant-to-mixer identity mapping or creator/evaluator flag found in evaluations.csv, mixes.csv, retained feature table, or SCHEMA.md.",false,Institution equality alone was not used as self-rating evidence.
evaluation_492e0308fadd,In The Meantime,DU-I,mix_9baa86357fd4,participant_du_du_o1,DU,mixer_id=DU-I; legacy_mix_code=DU-I; mixer_institution_code=DU,false,,"No explicit participant-to-mixer identity mapping or creator/evaluator flag found in evaluations.csv, mixes.csv, retained feature table, or SCHEMA.md.",false,Institution equality alone was not used as self-rating evidence.
evaluation_6147bca229fb,In The Meantime,DU-I,mix_9baa86357fd4,participant_du_du_a2,DU,mixer_id=DU-I; legacy_mix_code=DU-I; mixer_institution_code=DU,false,,"No explicit participant-to-mixer identity mapping or creator/evaluator flag found in evaluations.csv, mixes.csv, retained feature table, or SCHEMA.md.",false,Institution equality alone was not used as self-rating evidence.
evaluation_1ffe4af3e4f9,In The Meantime,DU-I,mix_9baa86357fd4,participant_du_du_s2,DU,mixer_id=DU-I; legacy_mix_code=DU-I; mixer_institution_code=DU,false,,"No explicit participant-to-mixer identity mapping or creator/evaluator flag found in evaluations.csv, mixes.csv, retained feature table, or SCHEMA.md.",false,Institution equality alone was not used as self-rating evidence.
evaluation_ddb42588e413,In The Meantime,DU-I,mix_9baa86357fd4,participant_du_du_u2,DU,mixer_id=DU-I; legacy_mix_code=DU-I; mixer_institution_code=DU,false,,"No explicit participant-to-mixer identity mapping or creator/evaluator flag found in evaluations.csv, mixes.csv, retained feature table, or SCHEMA.md.",false,Institution equality alone was not used as self-rating evidence.
evaluation_8d983010731b,In The Meantime,DU-I,mix_9baa86357fd4,participant_du_du_h1,DU,mixer_id=DU-I; legacy_mix_code=DU-I; mixer_institution_code=DU,false,,"No explicit participant-to-mixer identity mapping or creator/evaluator flag found in evaluations.csv, mixes.csv, retained feature table, or SCHEMA.md.",false,Institution equality alone was not used as self-rating evidence.
evaluation_fdfa5e3e7e95,In The Meantime,DU-I,mix_9baa86357fd4,participant_du_du_u1,DU,mixer_id=DU-I; legacy_mix_code=DU-I; mixer_institution_code=DU,false,,"No explicit participant-to-mixer identity mapping or creator/evaluator flag found in evaluations.csv, mixes.csv, retained feature table, or SCHEMA.md.",false,Institution equality alone was not used as self-rating evidence.
evaluation_df330d3809b2,In The Meantime,DU-I,mix_9baa86357fd4,participant_du_du_g2,DU,mixer_id=DU-I; legacy_mix_code=DU-I; mixer_institution_code=DU,false,,"No explicit participant-to-mixer identity mapping or creator/evaluator flag found in evaluations.csv, mixes.csv, retained feature table, or SCHEMA.md.",false,Institution equality alone was not used as self-rating evidence.
evaluation_7ceb3f57416f,In The Meantime,DU-I,mix_9baa86357fd4,participant_du_du_q1,DU,mixer_id=DU-I; legacy_mix_code=DU-I; mixer_institution_code=DU,false,,"No explicit participant-to-mixer identity mapping or creator/evaluator flag found in evaluations.csv, mixes.csv, retained feature table, or SCHEMA.md.",false,Institution equality alone was not used as self-rating evidence.
evaluation_599b2299e516,In The Meantime,DU-I,mix_9baa86357fd4,participant_du_du_f2,DU,mixer_id=DU-I; legacy_mix_code=DU-I; mixer_institution_code=DU,false,,"No explicit participant-to-mixer identity mapping or creator/evaluator flag found in evaluations.csv, mixes.csv, retained feature table, or SCHEMA.md.",false,Institution equality alone was not used as self-rating evidence.
evaluation_2c57b4f7f9f3,In The Meantime,DU-I,mix_9baa86357fd4,participant_du_du_r1,DU,mixer_id=DU-I; legacy_mix_code=DU-I; mixer_institution_code=DU,false,,"No explicit participant-to-mixer identity mapping or creator/evaluator flag found in evaluations.csv, mixes.csv, retained feature table, or SCHEMA.md.",false,Institution equality alone was not used as self-rating evidence.
evaluation_e669f4cde1cb,In The Meantime,DU-I,mix_9baa86357fd4,participant_du_du_l2,DU,mixer_id=DU-I; legacy_mix_code=DU-I; mixer_institution_code=DU,false,,"No explicit participant-to-mixer identity mapping or creator/evaluator flag found in evaluations.csv, mixes.csv, retained feature table, or SCHEMA.md.",false,Institution equality alone was not used as self-rating evidence.
evaluation_91e4b21a37a5,In The Meantime,DU-I,mix_9baa86357fd4,participant_du_du_b2,DU,mixer_id=DU-I; legacy_mix_code=DU-I; mixer_institution_code=DU,false,,"No explicit participant-to-mixer identity mapping or creator/evaluator flag found in evaluations.csv, mixes.csv, retained feature table, or SCHEMA.md.",false,Institution equality alone was not used as self-rating evidence.
evaluation_5c5ca5d85215,In The Meantime,DU-I,mix_9baa86357fd4,participant_du_du_a1,DU,mixer_id=DU-I; legacy_mix_code=DU-I; mixer_institution_code=DU,false,,"No explicit participant-to-mixer identity mapping or creator/evaluator flag found in evaluations.csv, mixes.csv, retained feature table, or SCHEMA.md.",false,Institution equality alone was not used as self-rating evidence.
evaluation_b0565e7533ed,In The Meantime,DU-J,mix_22efc79c8253,participant_du_du_g1,DU,mixer_id=DU-J; legacy_mix_code=DU-J; mixer_institution_code=DU,false,,"No explicit participant-to-mixer identity mapping or creator/evaluator flag found in evaluations.csv, mixes.csv, retained feature table, or SCHEMA.md.",false,Institution equality alone was not used as self-rating evidence.
evaluation_748d0dc1f0f6,In The Meantime,DU-J,mix_22efc79c8253,participant_du_du_k2,DU,mixer_id=DU-J; legacy_mix_code=DU-J; mixer_institution_code=DU,false,,"No explicit participant-to-mixer identity mapping or creator/evaluator flag found in evaluations.csv, mixes.csv, retained feature table, or SCHEMA.md.",false,Institution equality alone was not used as self-rating evidence.
evaluation_9143a6c4980f,In The Meantime,DU-J,mix_22efc79c8253,participant_du_du_l1,DU,mixer_id=DU-J; legacy_mix_code=DU-J; mixer_institution_code=DU,false,,"No explicit participant-to-mixer identity mapping or creator/evaluator flag found in evaluations.csv, mixes.csv, retained feature table, or SCHEMA.md.",false,Institution equality alone was not used as self-rating evidence.
evaluation_c90e8137c221,In The Meantime,DU-J,mix_22efc79c8253,participant_du_du_c1,DU,mixer_id=DU-J; legacy_mix_code=DU-J; mixer_institution_code=DU,false,,"No explicit participant-to-mixer identity mapping or creator/evaluator flag found in evaluations.csv, mixes.csv, retained feature table, or SCHEMA.md.",false,Institution equality alone was not used as self-rating evidence.
evaluation_f3e09c5d157f,In The Meantime,DU-J,mix_22efc79c8253,participant_du_du_f1,DU,mixer_id=DU-J; legacy_mix_code=DU-J; mixer_institution_code=DU,false,,"No explicit participant-to-mixer identity mapping or creator/evaluator flag found in evaluations.csv, mixes.csv, retained feature table, or SCHEMA.md.",false,Institution equality alone was not used as self-rating evidence.
evaluation_3c859560fff7,In The Meantime,DU-J,mix_22efc79c8253,participant_du_du_u3,DU,mixer_id=DU-J; legacy_mix_code=DU-J; mixer_institution_code=DU,false,,"No explicit participant-to-mixer identity mapping or creator/evaluator flag found in evaluations.csv, mixes.csv, retained feature table, or SCHEMA.md.",false,Institution equality alone was not used as self-rating evidence.
evaluation_0da921989dfa,In The Meantime,DU-J,mix_22efc79c8253,participant_du_du_d1,DU,mixer_id=DU-J; legacy_mix_code=DU-J; mixer_institution_code=DU,false,,"No explicit participant-to-mixer identity mapping or creator/evaluator flag found in evaluations.csv, mixes.csv, retained feature table, or SCHEMA.md.",false,Institution equality alone was not used as self-rating evidence.
evaluation_0eb9bbf51bf3,In The Meantime,DU-J,mix_22efc79c8253,participant_du_du_r2,DU,mixer_id=DU-J; legacy_mix_code=DU-J; mixer_institution_code=DU,false,,"No explicit participant-to-mixer identity mapping or creator/evaluator flag found in evaluations.csv, mixes.csv, retained feature table, or SCHEMA.md.",false,Institution equality alone was not used as self-rating evidence.
evaluation_50406165ed7c,In The Meantime,DU-J,mix_22efc79c8253,participant_du_du_s1,DU,mixer_id=DU-J; legacy_mix_code=DU-J; mixer_institution_code=DU,false,,"No explicit participant-to-mixer identity mapping or creator/evaluator flag found in evaluations.csv, mixes.csv, retained feature table, or SCHEMA.md.",false,Institution equality alone was not used as self-rating evidence.
evaluation_959eb553fe27,In The Meantime,DU-J,mix_22efc79c8253,participant_du_du_b1,DU,mixer_id=DU-J; legacy_mix_code=DU-J; mixer_institution_code=DU,false,,"No explicit participant-to-mixer identity mapping or creator/evaluator flag found in evaluations.csv, mixes.csv, retained feature table, or SCHEMA.md.",false,Institution equality alone was not used as self-rating evidence.
evaluation_3d3d8cd8f134,In The Meantime,DU-J,mix_22efc79c8253,participant_du_du_t1,DU,mixer_id=DU-J; legacy_mix_code=DU-J; mixer_institution_code=DU,false,,"No explicit participant-to-mixer identity mapping or creator/evaluator flag found in evaluations.csv, mixes.csv, retained feature table, or SCHEMA.md.",false,Institution equality alone was not used as self-rating evidence.
evaluation_83926bde9cef,In The Meantime,DU-J,mix_22efc79c8253,participant_du_du_n1,DU,mixer_id=DU-J; legacy_mix_code=DU-J; mixer_institution_code=DU,false,,"No explicit participant-to-mixer identity mapping or creator/evaluator flag found in evaluations.csv, mixes.csv, retained feature table, or SCHEMA.md.",false,Institution equality alone was not used as self-rating evidence.
evaluation_9b8277f6fece,In The Meantime,DU-J,mix_22efc79c8253,participant_du_du_m2,DU,mixer_id=DU-J; legacy_mix_code=DU-J; mixer_institution_code=DU,false,,"No explicit participant-to-mixer identity mapping or creator/evaluator flag found in evaluations.csv, mixes.csv, retained feature table, or SCHEMA.md.",false,Institution equality alone was not used as self-rating evidence.
evaluation_1f02fa81f7bf,In The Meantime,DU-J,mix_22efc79c8253,participant_du_du_h2,DU,mixer_id=DU-J; legacy_mix_code=DU-J; mixer_institution_code=DU,false,,"No explicit participant-to-mixer identity mapping or creator/evaluator flag found in evaluations.csv, mixes.csv, retained feature table, or SCHEMA.md.",false,Institution equality alone was not used as self-rating evidence.
evaluation_ba196543a076,In The Meantime,DU-J,mix_22efc79c8253,participant_du_du_q2,DU,mixer_id=DU-J; legacy_mix_code=DU-J; mixer_institution_code=DU,false,,"No explicit participant-to-mixer identity mapping or creator/evaluator flag found in evaluations.csv, mixes.csv, retained feature table, or SCHEMA.md.",false,Institution equality alone was not used as self-rating evidence.
evaluation_c0cd4fd52bc6,In The Meantime,DU-J,mix_22efc79c8253,participant_du_du_t2,DU,mixer_id=DU-J; legacy_mix_code=DU-J; mixer_institution_code=DU,false,,"No explicit participant-to-mixer identity mapping or creator/evaluator flag found in evaluations.csv, mixes.csv, retained feature table, or SCHEMA.md.",false,Institution equality alone was not used as self-rating evidence.
evaluation_45bd1490e10c,In The Meantime,DU-J,mix_22efc79c8253,participant_du_du_o2,DU,mixer_id=DU-J; legacy_mix_code=DU-J; mixer_institution_code=DU,false,,"No explicit participant-to-mixer identity mapping or creator/evaluator flag found in evaluations.csv, mixes.csv, retained feature table, or SCHEMA.md.",false,Institution equality alone was not used as self-rating evidence.
evaluation_2591a2e6136f,In The Meantime,DU-J,mix_22efc79c8253,participant_du_du_p1,DU,mixer_id=DU-J; legacy_mix_code=DU-J; mixer_institution_code=DU,false,,"No explicit participant-to-mixer identity mapping or creator/evaluator flag found in evaluations.csv, mixes.csv, retained feature table, or SCHEMA.md.",false,Institution equality alone was not used as self-rating evidence.
evaluation_4cfa687186e4,In The Meantime,DU-J,mix_22efc79c8253,participant_du_du_p2,DU,mixer_id=DU-J; legacy_mix_code=DU-J; mixer_institution_code=DU,false,,"No explicit participant-to-mixer identity mapping or creator/evaluator flag found in evaluations.csv, mixes.csv, retained feature table, or SCHEMA.md.",false,Institution equality alone was not used as self-rating evidence.
evaluation_7debac9192a5,In The Meantime,DU-J,mix_22efc79c8253,participant_du_du_i2,DU,mixer_id=DU-J; legacy_mix_code=DU-J; mixer_institution_code=DU,false,,"No explicit participant-to-mixer identity mapping or creator/evaluator flag found in evaluations.csv, mixes.csv, retained feature table, or SCHEMA.md.",false,Institution equality alone was not used as self-rating evidence.
evaluation_c6d3f5c3d10b,In The Meantime,DU-J,mix_22efc79c8253,participant_du_du_c2,DU,mixer_id=DU-J; legacy_mix_code=DU-J; mixer_institution_code=DU,false,,"No explicit participant-to-mixer identity mapping or creator/evaluator flag found in evaluations.csv, mixes.csv, retained feature table, or SCHEMA.md.",false,Institution equality alone was not used as self-rating evidence.
evaluation_9e87695330a1,In The Meantime,DU-J,mix_22efc79c8253,participant_du_du_k1,DU,mixer_id=DU-J; legacy_mix_code=DU-J; mixer_institution_code=DU,false,,"No explicit participant-to-mixer identity mapping or creator/evaluator flag found in evaluations.csv, mixes.csv, retained feature table, or SCHEMA.md.",false,Institution equality alone was not used as self-rating evidence.
evaluation_b3f7e7eb279d,In The Meantime,DU-J,mix_22efc79c8253,participant_du_du_e1,DU,mixer_id=DU-J; legacy_mix_code=DU-J; mixer_institution_code=DU,false,,"No explicit participant-to-mixer identity mapping or creator/evaluator flag found in evaluations.csv, mixes.csv, retained feature table, or SCHEMA.md.",false,Institution equality alone was not used as self-rating evidence.
evaluation_27a447fcafcf,In The Meantime,DU-J,mix_22efc79c8253,participant_du_du_j2,DU,mixer_id=DU-J; legacy_mix_code=DU-J; mixer_institution_code=DU,false,,"No explicit participant-to-mixer identity mapping or creator/evaluator flag found in evaluations.csv, mixes.csv, retained feature table, or SCHEMA.md.",false,Institution equality alone was not used as self-rating evidence.
evaluation_03fde3f6616f,In The Meantime,DU-J,mix_22efc79c8253,participant_du_du_d2,DU,mixer_id=DU-J; legacy_mix_code=DU-J; mixer_institution_code=DU,false,,"No explicit participant-to-mixer identity mapping or creator/evaluator flag found in evaluations.csv, mixes.csv, retained feature table, or SCHEMA.md.",false,Institution equality alone was not used as self-rating evidence.
evaluation_27a82924e1d2,In The Meantime,DU-J,mix_22efc79c8253,participant_du_du_o1,DU,mixer_id=DU-J; legacy_mix_code=DU-J; mixer_institution_code=DU,false,,"No explicit participant-to-mixer identity mapping or creator/evaluator flag found in evaluations.csv, mixes.csv, retained feature table, or SCHEMA.md.",false,Institution equality alone was not used as self-rating evidence.
evaluation_3eeee1ec1c12,In The Meantime,DU-J,mix_22efc79c8253,participant_du_du_a2,DU,mixer_id=DU-J; legacy_mix_code=DU-J; mixer_institution_code=DU,false,,"No explicit participant-to-mixer identity mapping or creator/evaluator flag found in evaluations.csv, mixes.csv, retained feature table, or SCHEMA.md.",false,Institution equality alone was not used as self-rating evidence.
evaluation_b74bf5673dee,In The Meantime,DU-J,mix_22efc79c8253,participant_du_du_s2,DU,mixer_id=DU-J; legacy_mix_code=DU-J; mixer_institution_code=DU,false,,"No explicit participant-to-mixer identity mapping or creator/evaluator flag found in evaluations.csv, mixes.csv, retained feature table, or SCHEMA.md.",false,Institution equality alone was not used as self-rating evidence.
evaluation_d24506a9efdb,In The Meantime,DU-J,mix_22efc79c8253,participant_du_du_u2,DU,mixer_id=DU-J; legacy_mix_code=DU-J; mixer_institution_code=DU,false,,"No explicit participant-to-mixer identity mapping or creator/evaluator flag found in evaluations.csv, mixes.csv, retained feature table, or SCHEMA.md.",false,Institution equality alone was not used as self-rating evidence.
evaluation_8f23d05a1c0a,In The Meantime,DU-J,mix_22efc79c8253,participant_du_du_h1,DU,mixer_id=DU-J; legacy_mix_code=DU-J; mixer_institution_code=DU,false,,"No explicit participant-to-mixer identity mapping or creator/evaluator flag found in evaluations.csv, mixes.csv, retained feature table, or SCHEMA.md.",false,Institution equality alone was not used as self-rating evidence.
evaluation_8e7182b90bad,In The Meantime,DU-J,mix_22efc79c8253,participant_du_du_u1,DU,mixer_id=DU-J; legacy_mix_code=DU-J; mixer_institution_code=DU,false,,"No explicit participant-to-mixer identity mapping or creator/evaluator flag found in evaluations.csv, mixes.csv, retained feature table, or SCHEMA.md.",false,Institution equality alone was not used as self-rating evidence.
evaluation_73259cec1255,In The Meantime,DU-J,mix_22efc79c8253,participant_du_du_g2,DU,mixer_id=DU-J; legacy_mix_code=DU-J; mixer_institution_code=DU,false,,"No explicit participant-to-mixer identity mapping or creator/evaluator flag found in evaluations.csv, mixes.csv, retained feature table, or SCHEMA.md.",false,Institution equality alone was not used as self-rating evidence.
evaluation_821d56c78fc7,In The Meantime,DU-J,mix_22efc79c8253,participant_du_du_q1,DU,mixer_id=DU-J; legacy_mix_code=DU-J; mixer_institution_code=DU,false,,"No explicit participant-to-mixer identity mapping or creator/evaluator flag found in evaluations.csv, mixes.csv, retained feature table, or SCHEMA.md.",false,Institution equality alone was not used as self-rating evidence.
evaluation_200845e113f8,In The Meantime,DU-J,mix_22efc79c8253,participant_du_du_f2,DU,mixer_id=DU-J; legacy_mix_code=DU-J; mixer_institution_code=DU,false,,"No explicit participant-to-mixer identity mapping or creator/evaluator flag found in evaluations.csv, mixes.csv, retained feature table, or SCHEMA.md.",false,Institution equality alone was not used as self-rating evidence.
evaluation_137bd55e2c5e,In The Meantime,DU-J,mix_22efc79c8253,participant_du_du_r1,DU,mixer_id=DU-J; legacy_mix_code=DU-J; mixer_institution_code=DU,false,,"No explicit participant-to-mixer identity mapping or creator/evaluator flag found in evaluations.csv, mixes.csv, retained feature table, or SCHEMA.md.",false,Institution equality alone was not used as self-rating evidence.
evaluation_5956148caf89,In The Meantime,DU-J,mix_22efc79c8253,participant_du_du_l2,DU,mixer_id=DU-J; legacy_mix_code=DU-J; mixer_institution_code=DU,false,,"No explicit participant-to-mixer identity mapping or creator/evaluator flag found in evaluations.csv, mixes.csv, retained feature table, or SCHEMA.md.",false,Institution equality alone was not used as self-rating evidence.
evaluation_232a942f98fb,In The Meantime,DU-J,mix_22efc79c8253,participant_du_du_b2,DU,mixer_id=DU-J; legacy_mix_code=DU-J; mixer_institution_code=DU,false,,"No explicit participant-to-mixer identity mapping or creator/evaluator flag found in evaluations.csv, mixes.csv, retained feature table, or SCHEMA.md.",false,Institution equality alone was not used as self-rating evidence.
evaluation_b3eef83a8549,In The Meantime,DU-J,mix_22efc79c8253,participant_du_du_a1,DU,mixer_id=DU-J; legacy_mix_code=DU-J; mixer_institution_code=DU,false,,"No explicit participant-to-mixer identity mapping or creator/evaluator flag found in evaluations.csv, mixes.csv, retained feature table, or SCHEMA.md.",false,Institution equality alone was not used as self-rating evidence.
evaluation_d74e5dceccdc,In The Meantime,DU-K,mix_56e65a3ce054,participant_du_du_g1,DU,mixer_id=DU-K; legacy_mix_code=DU-K; mixer_institution_code=DU,false,,"No explicit participant-to-mixer identity mapping or creator/evaluator flag found in evaluations.csv, mixes.csv, retained feature table, or SCHEMA.md.",false,Institution equality alone was not used as self-rating evidence.
evaluation_573f2097d518,In The Meantime,DU-K,mix_56e65a3ce054,participant_du_du_k2,DU,mixer_id=DU-K; legacy_mix_code=DU-K; mixer_institution_code=DU,false,,"No explicit participant-to-mixer identity mapping or creator/evaluator flag found in evaluations.csv, mixes.csv, retained feature table, or SCHEMA.md.",false,Institution equality alone was not used as self-rating evidence.
evaluation_c9fc2350d74d,In The Meantime,DU-K,mix_56e65a3ce054,participant_du_du_l1,DU,mixer_id=DU-K; legacy_mix_code=DU-K; mixer_institution_code=DU,false,,"No explicit participant-to-mixer identity mapping or creator/evaluator flag found in evaluations.csv, mixes.csv, retained feature table, or SCHEMA.md.",false,Institution equality alone was not used as self-rating evidence.
evaluation_54634c82dbdd,In The Meantime,DU-K,mix_56e65a3ce054,participant_du_du_c1,DU,mixer_id=DU-K; legacy_mix_code=DU-K; mixer_institution_code=DU,false,,"No explicit participant-to-mixer identity mapping or creator/evaluator flag found in evaluations.csv, mixes.csv, retained feature table, or SCHEMA.md.",false,Institution equality alone was not used as self-rating evidence.
evaluation_34f1d9ed7725,In The Meantime,DU-K,mix_56e65a3ce054,participant_du_du_f1,DU,mixer_id=DU-K; legacy_mix_code=DU-K; mixer_institution_code=DU,false,,"No explicit participant-to-mixer identity mapping or creator/evaluator flag found in evaluations.csv, mixes.csv, retained feature table, or SCHEMA.md.",false,Institution equality alone was not used as self-rating evidence.
evaluation_53dee5d88ee8,In The Meantime,DU-K,mix_56e65a3ce054,participant_du_du_u3,DU,mixer_id=DU-K; legacy_mix_code=DU-K; mixer_institution_code=DU,false,,"No explicit participant-to-mixer identity mapping or creator/evaluator flag found in evaluations.csv, mixes.csv, retained feature table, or SCHEMA.md.",false,Institution equality alone was not used as self-rating evidence.
evaluation_2d0d7730f21c,In The Meantime,DU-K,mix_56e65a3ce054,participant_du_du_d1,DU,mixer_id=DU-K; legacy_mix_code=DU-K; mixer_institution_code=DU,false,,"No explicit participant-to-mixer identity mapping or creator/evaluator flag found in evaluations.csv, mixes.csv, retained feature table, or SCHEMA.md.",false,Institution equality alone was not used as self-rating evidence.
evaluation_030641517c29,In The Meantime,DU-K,mix_56e65a3ce054,participant_du_du_r2,DU,mixer_id=DU-K; legacy_mix_code=DU-K; mixer_institution_code=DU,false,,"No explicit participant-to-mixer identity mapping or creator/evaluator flag found in evaluations.csv, mixes.csv, retained feature table, or SCHEMA.md.",false,Institution equality alone was not used as self-rating evidence.
evaluation_89483c8adb98,In The Meantime,DU-K,mix_56e65a3ce054,participant_du_du_s1,DU,mixer_id=DU-K; legacy_mix_code=DU-K; mixer_institution_code=DU,false,,"No explicit participant-to-mixer identity mapping or creator/evaluator flag found in evaluations.csv, mixes.csv, retained feature table, or SCHEMA.md.",false,Institution equality alone was not used as self-rating evidence.
evaluation_6a5fbfc67f2c,In The Meantime,DU-K,mix_56e65a3ce054,participant_du_du_b1,DU,mixer_id=DU-K; legacy_mix_code=DU-K; mixer_institution_code=DU,false,,"No explicit participant-to-mixer identity mapping or creator/evaluator flag found in evaluations.csv, mixes.csv, retained feature table, or SCHEMA.md.",false,Institution equality alone was not used as self-rating evidence.
evaluation_ec225f2a5ec4,In The Meantime,DU-K,mix_56e65a3ce054,participant_du_du_t1,DU,mixer_id=DU-K; legacy_mix_code=DU-K; mixer_institution_code=DU,false,,"No explicit participant-to-mixer identity mapping or creator/evaluator flag found in evaluations.csv, mixes.csv, retained feature table, or SCHEMA.md.",false,Institution equality alone was not used as self-rating evidence.
evaluation_9f2be6a6b657,In The Meantime,DU-K,mix_56e65a3ce054,participant_du_du_n1,DU,mixer_id=DU-K; legacy_mix_code=DU-K; mixer_institution_code=DU,false,,"No explicit participant-to-mixer identity mapping or creator/evaluator flag found in evaluations.csv, mixes.csv, retained feature table, or SCHEMA.md.",false,Institution equality alone was not used as self-rating evidence.
evaluation_033592d84131,In The Meantime,DU-K,mix_56e65a3ce054,participant_du_du_m2,DU,mixer_id=DU-K; legacy_mix_code=DU-K; mixer_institution_code=DU,false,,"No explicit participant-to-mixer identity mapping or creator/evaluator flag found in evaluations.csv, mixes.csv, retained feature table, or SCHEMA.md.",false,Institution equality alone was not used as self-rating evidence.
evaluation_f0f0dbecef99,In The Meantime,DU-K,mix_56e65a3ce054,participant_du_du_h2,DU,mixer_id=DU-K; legacy_mix_code=DU-K; mixer_institution_code=DU,false,,"No explicit participant-to-mixer identity mapping or creator/evaluator flag found in evaluations.csv, mixes.csv, retained feature table, or SCHEMA.md.",false,Institution equality alone was not used as self-rating evidence.
evaluation_6480244e5ec4,In The Meantime,DU-K,mix_56e65a3ce054,participant_du_du_q2,DU,mixer_id=DU-K; legacy_mix_code=DU-K; mixer_institution_code=DU,false,,"No explicit participant-to-mixer identity mapping or creator/evaluator flag found in evaluations.csv, mixes.csv, retained feature table, or SCHEMA.md.",false,Institution equality alone was not used as self-rating evidence.
evaluation_ecccc9922cd7,In The Meantime,DU-K,mix_56e65a3ce054,participant_du_du_t2,DU,mixer_id=DU-K; legacy_mix_code=DU-K; mixer_institution_code=DU,false,,"No explicit participant-to-mixer identity mapping or creator/evaluator flag found in evaluations.csv, mixes.csv, retained feature table, or SCHEMA.md.",false,Institution equality alone was not used as self-rating evidence.
evaluation_d8a624f6f5de,In The Meantime,DU-K,mix_56e65a3ce054,participant_du_du_o2,DU,mixer_id=DU-K; legacy_mix_code=DU-K; mixer_institution_code=DU,false,,"No explicit participant-to-mixer identity mapping or creator/evaluator flag found in evaluations.csv, mixes.csv, retained feature table, or SCHEMA.md.",false,Institution equality alone was not used as self-rating evidence.
evaluation_c0d1eea4708a,In The Meantime,DU-K,mix_56e65a3ce054,participant_du_du_p1,DU,mixer_id=DU-K; legacy_mix_code=DU-K; mixer_institution_code=DU,false,,"No explicit participant-to-mixer identity mapping or creator/evaluator flag found in evaluations.csv, mixes.csv, retained feature table, or SCHEMA.md.",false,Institution equality alone was not used as self-rating evidence.
evaluation_284cf0c5505f,In The Meantime,DU-K,mix_56e65a3ce054,participant_du_du_p2,DU,mixer_id=DU-K; legacy_mix_code=DU-K; mixer_institution_code=DU,false,,"No explicit participant-to-mixer identity mapping or creator/evaluator flag found in evaluations.csv, mixes.csv, retained feature table, or SCHEMA.md.",false,Institution equality alone was not used as self-rating evidence.
evaluation_4e4fa79eaf39,In The Meantime,DU-K,mix_56e65a3ce054,participant_du_du_i2,DU,mixer_id=DU-K; legacy_mix_code=DU-K; mixer_institution_code=DU,false,,"No explicit participant-to-mixer identity mapping or creator/evaluator flag found in evaluations.csv, mixes.csv, retained feature table, or SCHEMA.md.",false,Institution equality alone was not used as self-rating evidence.
evaluation_22bd09fa10ed,In The Meantime,DU-K,mix_56e65a3ce054,participant_du_du_c2,DU,mixer_id=DU-K; legacy_mix_code=DU-K; mixer_institution_code=DU,false,,"No explicit participant-to-mixer identity mapping or creator/evaluator flag found in evaluations.csv, mixes.csv, retained feature table, or SCHEMA.md.",false,Institution equality alone was not used as self-rating evidence.
evaluation_d2f6dc22cd61,In The Meantime,DU-K,mix_56e65a3ce054,participant_du_du_k1,DU,mixer_id=DU-K; legacy_mix_code=DU-K; mixer_institution_code=DU,false,,"No explicit participant-to-mixer identity mapping or creator/evaluator flag found in evaluations.csv, mixes.csv, retained feature table, or SCHEMA.md.",false,Institution equality alone was not used as self-rating evidence.
evaluation_215e0e50e427,In The Meantime,DU-K,mix_56e65a3ce054,participant_du_du_e1,DU,mixer_id=DU-K; legacy_mix_code=DU-K; mixer_institution_code=DU,false,,"No explicit participant-to-mixer identity mapping or creator/evaluator flag found in evaluations.csv, mixes.csv, retained feature table, or SCHEMA.md.",false,Institution equality alone was not used as self-rating evidence.
evaluation_4992bf3d99e3,In The Meantime,DU-K,mix_56e65a3ce054,participant_du_du_j2,DU,mixer_id=DU-K; legacy_mix_code=DU-K; mixer_institution_code=DU,false,,"No explicit participant-to-mixer identity mapping or creator/evaluator flag found in evaluations.csv, mixes.csv, retained feature table, or SCHEMA.md.",false,Institution equality alone was not used as self-rating evidence.
evaluation_61a4bd1e60c7,In The Meantime,DU-K,mix_56e65a3ce054,participant_du_du_d2,DU,mixer_id=DU-K; legacy_mix_code=DU-K; mixer_institution_code=DU,false,,"No explicit participant-to-mixer identity mapping or creator/evaluator flag found in evaluations.csv, mixes.csv, retained feature table, or SCHEMA.md.",false,Institution equality alone was not used as self-rating evidence.
evaluation_58d9be242510,In The Meantime,DU-K,mix_56e65a3ce054,participant_du_du_o1,DU,mixer_id=DU-K; legacy_mix_code=DU-K; mixer_institution_code=DU,false,,"No explicit participant-to-mixer identity mapping or creator/evaluator flag found in evaluations.csv, mixes.csv, retained feature table, or SCHEMA.md.",false,Institution equality alone was not used as self-rating evidence.
evaluation_dfbe0bf2b2ea,In The Meantime,DU-K,mix_56e65a3ce054,participant_du_du_a2,DU,mixer_id=DU-K; legacy_mix_code=DU-K; mixer_institution_code=DU,false,,"No explicit participant-to-mixer identity mapping or creator/evaluator flag found in evaluations.csv, mixes.csv, retained feature table, or SCHEMA.md.",false,Institution equality alone was not used as self-rating evidence.
evaluation_e14271a79934,In The Meantime,DU-K,mix_56e65a3ce054,participant_du_du_s2,DU,mixer_id=DU-K; legacy_mix_code=DU-K; mixer_institution_code=DU,false,,"No explicit participant-to-mixer identity mapping or creator/evaluator flag found in evaluations.csv, mixes.csv, retained feature table, or SCHEMA.md.",false,Institution equality alone was not used as self-rating evidence.
evaluation_d10e85e0754c,In The Meantime,DU-K,mix_56e65a3ce054,participant_du_du_u2,DU,mixer_id=DU-K; legacy_mix_code=DU-K; mixer_institution_code=DU,false,,"No explicit participant-to-mixer identity mapping or creator/evaluator flag found in evaluations.csv, mixes.csv, retained feature table, or SCHEMA.md.",false,Institution equality alone was not used as self-rating evidence.
evaluation_b8c6f3329202,In The Meantime,DU-K,mix_56e65a3ce054,participant_du_du_h1,DU,mixer_id=DU-K; legacy_mix_code=DU-K; mixer_institution_code=DU,false,,"No explicit participant-to-mixer identity mapping or creator/evaluator flag found in evaluations.csv, mixes.csv, retained feature table, or SCHEMA.md.",false,Institution equality alone was not used as self-rating evidence.
evaluation_3d0ee675e6c1,In The Meantime,DU-K,mix_56e65a3ce054,participant_du_du_u1,DU,mixer_id=DU-K; legacy_mix_code=DU-K; mixer_institution_code=DU,false,,"No explicit participant-to-mixer identity mapping or creator/evaluator flag found in evaluations.csv, mixes.csv, retained feature table, or SCHEMA.md.",false,Institution equality alone was not used as self-rating evidence.
evaluation_dd6febf62400,In The Meantime,DU-K,mix_56e65a3ce054,participant_du_du_g2,DU,mixer_id=DU-K; legacy_mix_code=DU-K; mixer_institution_code=DU,false,,"No explicit participant-to-mixer identity mapping or creator/evaluator flag found in evaluations.csv, mixes.csv, retained feature table, or SCHEMA.md.",false,Institution equality alone was not used as self-rating evidence.
evaluation_9a47c24ba905,In The Meantime,DU-K,mix_56e65a3ce054,participant_du_du_q1,DU,mixer_id=DU-K; legacy_mix_code=DU-K; mixer_institution_code=DU,false,,"No explicit participant-to-mixer identity mapping or creator/evaluator flag found in evaluations.csv, mixes.csv, retained feature table, or SCHEMA.md.",false,Institution equality alone was not used as self-rating evidence.
evaluation_16eddcac27fd,In The Meantime,DU-K,mix_56e65a3ce054,participant_du_du_f2,DU,mixer_id=DU-K; legacy_mix_code=DU-K; mixer_institution_code=DU,false,,"No explicit participant-to-mixer identity mapping or creator/evaluator flag found in evaluations.csv, mixes.csv, retained feature table, or SCHEMA.md.",false,Institution equality alone was not used as self-rating evidence.
evaluation_3cb8180a98b2,In The Meantime,DU-K,mix_56e65a3ce054,participant_du_du_r1,DU,mixer_id=DU-K; legacy_mix_code=DU-K; mixer_institution_code=DU,false,,"No explicit participant-to-mixer identity mapping or creator/evaluator flag found in evaluations.csv, mixes.csv, retained feature table, or SCHEMA.md.",false,Institution equality alone was not used as self-rating evidence.
evaluation_e0adfbc501a3,In The Meantime,DU-K,mix_56e65a3ce054,participant_du_du_l2,DU,mixer_id=DU-K; legacy_mix_code=DU-K; mixer_institution_code=DU,false,,"No explicit participant-to-mixer identity mapping or creator/evaluator flag found in evaluations.csv, mixes.csv, retained feature table, or SCHEMA.md.",false,Institution equality alone was not used as self-rating evidence.
evaluation_b2d29e6db288,In The Meantime,DU-K,mix_56e65a3ce054,participant_du_du_b2,DU,mixer_id=DU-K; legacy_mix_code=DU-K; mixer_institution_code=DU,false,,"No explicit participant-to-mixer identity mapping or creator/evaluator flag found in evaluations.csv, mixes.csv, retained feature table, or SCHEMA.md.",false,Institution equality alone was not used as self-rating evidence.
evaluation_8fa48a6bb443,In The Meantime,DU-K,mix_56e65a3ce054,participant_du_du_a1,DU,mixer_id=DU-K; legacy_mix_code=DU-K; mixer_institution_code=DU,false,,"No explicit participant-to-mixer identity mapping or creator/evaluator flag found in evaluations.csv, mixes.csv, retained feature table, or SCHEMA.md.",false,Institution equality alone was not used as self-rating evidence.
evaluation_f8bb20c8b013,In The Meantime,DU-L,mix_561c0e17caee,participant_du_du_g1,DU,mixer_id=DU-L; legacy_mix_code=DU-L; mixer_institution_code=DU,false,,"No explicit participant-to-mixer identity mapping or creator/evaluator flag found in evaluations.csv, mixes.csv, retained feature table, or SCHEMA.md.",false,Institution equality alone was not used as self-rating evidence.
evaluation_3d6e66bdea49,In The Meantime,DU-L,mix_561c0e17caee,participant_du_du_k2,DU,mixer_id=DU-L; legacy_mix_code=DU-L; mixer_institution_code=DU,false,,"No explicit participant-to-mixer identity mapping or creator/evaluator flag found in evaluations.csv, mixes.csv, retained feature table, or SCHEMA.md.",false,Institution equality alone was not used as self-rating evidence.
evaluation_69278a76f152,In The Meantime,DU-L,mix_561c0e17caee,participant_du_du_l1,DU,mixer_id=DU-L; legacy_mix_code=DU-L; mixer_institution_code=DU,false,,"No explicit participant-to-mixer identity mapping or creator/evaluator flag found in evaluations.csv, mixes.csv, retained feature table, or SCHEMA.md.",false,Institution equality alone was not used as self-rating evidence.
evaluation_a07fdb22c4e0,In The Meantime,DU-L,mix_561c0e17caee,participant_du_du_c1,DU,mixer_id=DU-L; legacy_mix_code=DU-L; mixer_institution_code=DU,false,,"No explicit participant-to-mixer identity mapping or creator/evaluator flag found in evaluations.csv, mixes.csv, retained feature table, or SCHEMA.md.",false,Institution equality alone was not used as self-rating evidence.
evaluation_8dd5fbb37ea8,In The Meantime,DU-L,mix_561c0e17caee,participant_du_du_f1,DU,mixer_id=DU-L; legacy_mix_code=DU-L; mixer_institution_code=DU,false,,"No explicit participant-to-mixer identity mapping or creator/evaluator flag found in evaluations.csv, mixes.csv, retained feature table, or SCHEMA.md.",false,Institution equality alone was not used as self-rating evidence.
evaluation_6b9c183a0b47,In The Meantime,DU-L,mix_561c0e17caee,participant_du_du_u3,DU,mixer_id=DU-L; legacy_mix_code=DU-L; mixer_institution_code=DU,false,,"No explicit participant-to-mixer identity mapping or creator/evaluator flag found in evaluations.csv, mixes.csv, retained feature table, or SCHEMA.md.",false,Institution equality alone was not used as self-rating evidence.
evaluation_e4674f80548f,In The Meantime,DU-L,mix_561c0e17caee,participant_du_du_d1,DU,mixer_id=DU-L; legacy_mix_code=DU-L; mixer_institution_code=DU,false,,"No explicit participant-to-mixer identity mapping or creator/evaluator flag found in evaluations.csv, mixes.csv, retained feature table, or SCHEMA.md.",false,Institution equality alone was not used as self-rating evidence.
evaluation_968fe9ccd174,In The Meantime,DU-L,mix_561c0e17caee,participant_du_du_r2,DU,mixer_id=DU-L; legacy_mix_code=DU-L; mixer_institution_code=DU,false,,"No explicit participant-to-mixer identity mapping or creator/evaluator flag found in evaluations.csv, mixes.csv, retained feature table, or SCHEMA.md.",false,Institution equality alone was not used as self-rating evidence.
evaluation_b87dc58f3e4f,In The Meantime,DU-L,mix_561c0e17caee,participant_du_du_s1,DU,mixer_id=DU-L; legacy_mix_code=DU-L; mixer_institution_code=DU,false,,"No explicit participant-to-mixer identity mapping or creator/evaluator flag found in evaluations.csv, mixes.csv, retained feature table, or SCHEMA.md.",false,Institution equality alone was not used as self-rating evidence.
evaluation_ab7584cae819,In The Meantime,DU-L,mix_561c0e17caee,participant_du_du_b1,DU,mixer_id=DU-L; legacy_mix_code=DU-L; mixer_institution_code=DU,false,,"No explicit participant-to-mixer identity mapping or creator/evaluator flag found in evaluations.csv, mixes.csv, retained feature table, or SCHEMA.md.",false,Institution equality alone was not used as self-rating evidence.
evaluation_250eecbdc623,In The Meantime,DU-L,mix_561c0e17caee,participant_du_du_t1,DU,mixer_id=DU-L; legacy_mix_code=DU-L; mixer_institution_code=DU,false,,"No explicit participant-to-mixer identity mapping or creator/evaluator flag found in evaluations.csv, mixes.csv, retained feature table, or SCHEMA.md.",false,Institution equality alone was not used as self-rating evidence.
evaluation_0eead87b7ac2,In The Meantime,DU-L,mix_561c0e17caee,participant_du_du_n1,DU,mixer_id=DU-L; legacy_mix_code=DU-L; mixer_institution_code=DU,false,,"No explicit participant-to-mixer identity mapping or creator/evaluator flag found in evaluations.csv, mixes.csv, retained feature table, or SCHEMA.md.",false,Institution equality alone was not used as self-rating evidence.
evaluation_3ffabc705933,In The Meantime,DU-L,mix_561c0e17caee,participant_du_du_m2,DU,mixer_id=DU-L; legacy_mix_code=DU-L; mixer_institution_code=DU,false,,"No explicit participant-to-mixer identity mapping or creator/evaluator flag found in evaluations.csv, mixes.csv, retained feature table, or SCHEMA.md.",false,Institution equality alone was not used as self-rating evidence.
evaluation_81c5d8ba9e73,In The Meantime,DU-L,mix_561c0e17caee,participant_du_du_h2,DU,mixer_id=DU-L; legacy_mix_code=DU-L; mixer_institution_code=DU,false,,"No explicit participant-to-mixer identity mapping or creator/evaluator flag found in evaluations.csv, mixes.csv, retained feature table, or SCHEMA.md.",false,Institution equality alone was not used as self-rating evidence.
evaluation_241100552f6c,In The Meantime,DU-L,mix_561c0e17caee,participant_du_du_q2,DU,mixer_id=DU-L; legacy_mix_code=DU-L; mixer_institution_code=DU,false,,"No explicit participant-to-mixer identity mapping or creator/evaluator flag found in evaluations.csv, mixes.csv, retained feature table, or SCHEMA.md.",false,Institution equality alone was not used as self-rating evidence.
evaluation_588fb0bc9af9,In The Meantime,DU-L,mix_561c0e17caee,participant_du_du_t2,DU,mixer_id=DU-L; legacy_mix_code=DU-L; mixer_institution_code=DU,false,,"No explicit participant-to-mixer identity mapping or creator/evaluator flag found in evaluations.csv, mixes.csv, retained feature table, or SCHEMA.md.",false,Institution equality alone was not used as self-rating evidence.
evaluation_b63555f6ab55,In The Meantime,DU-L,mix_561c0e17caee,participant_du_du_o2,DU,mixer_id=DU-L; legacy_mix_code=DU-L; mixer_institution_code=DU,false,,"No explicit participant-to-mixer identity mapping or creator/evaluator flag found in evaluations.csv, mixes.csv, retained feature table, or SCHEMA.md.",false,Institution equality alone was not used as self-rating evidence.
evaluation_2f8b2ed5f13c,In The Meantime,DU-L,mix_561c0e17caee,participant_du_du_p1,DU,mixer_id=DU-L; legacy_mix_code=DU-L; mixer_institution_code=DU,false,,"No explicit participant-to-mixer identity mapping or creator/evaluator flag found in evaluations.csv, mixes.csv, retained feature table, or SCHEMA.md.",false,Institution equality alone was not used as self-rating evidence.
evaluation_322bff8b14d2,In The Meantime,DU-L,mix_561c0e17caee,participant_du_du_p2,DU,mixer_id=DU-L; legacy_mix_code=DU-L; mixer_institution_code=DU,false,,"No explicit participant-to-mixer identity mapping or creator/evaluator flag found in evaluations.csv, mixes.csv, retained feature table, or SCHEMA.md.",false,Institution equality alone was not used as self-rating evidence.
evaluation_805fa08fa66e,In The Meantime,DU-L,mix_561c0e17caee,participant_du_du_i2,DU,mixer_id=DU-L; legacy_mix_code=DU-L; mixer_institution_code=DU,false,,"No explicit participant-to-mixer identity mapping or creator/evaluator flag found in evaluations.csv, mixes.csv, retained feature table, or SCHEMA.md.",false,Institution equality alone was not used as self-rating evidence.
evaluation_686b311f80ba,In The Meantime,DU-L,mix_561c0e17caee,participant_du_du_c2,DU,mixer_id=DU-L; legacy_mix_code=DU-L; mixer_institution_code=DU,false,,"No explicit participant-to-mixer identity mapping or creator/evaluator flag found in evaluations.csv, mixes.csv, retained feature table, or SCHEMA.md.",false,Institution equality alone was not used as self-rating evidence.
evaluation_b47c23eb0a80,In The Meantime,DU-L,mix_561c0e17caee,participant_du_du_k1,DU,mixer_id=DU-L; legacy_mix_code=DU-L; mixer_institution_code=DU,false,,"No explicit participant-to-mixer identity mapping or creator/evaluator flag found in evaluations.csv, mixes.csv, retained feature table, or SCHEMA.md.",false,Institution equality alone was not used as self-rating evidence.
evaluation_26be4fa8c811,In The Meantime,DU-L,mix_561c0e17caee,participant_du_du_e1,DU,mixer_id=DU-L; legacy_mix_code=DU-L; mixer_institution_code=DU,false,,"No explicit participant-to-mixer identity mapping or creator/evaluator flag found in evaluations.csv, mixes.csv, retained feature table, or SCHEMA.md.",false,Institution equality alone was not used as self-rating evidence.
evaluation_2a7172dd18ca,In The Meantime,DU-L,mix_561c0e17caee,participant_du_du_j2,DU,mixer_id=DU-L; legacy_mix_code=DU-L; mixer_institution_code=DU,false,,"No explicit participant-to-mixer identity mapping or creator/evaluator flag found in evaluations.csv, mixes.csv, retained feature table, or SCHEMA.md.",false,Institution equality alone was not used as self-rating evidence.
evaluation_4204154158c9,In The Meantime,DU-L,mix_561c0e17caee,participant_du_du_d2,DU,mixer_id=DU-L; legacy_mix_code=DU-L; mixer_institution_code=DU,false,,"No explicit participant-to-mixer identity mapping or creator/evaluator flag found in evaluations.csv, mixes.csv, retained feature table, or SCHEMA.md.",false,Institution equality alone was not used as self-rating evidence.
evaluation_77e902838900,In The Meantime,DU-L,mix_561c0e17caee,participant_du_du_o1,DU,mixer_id=DU-L; legacy_mix_code=DU-L; mixer_institution_code=DU,false,,"No explicit participant-to-mixer identity mapping or creator/evaluator flag found in evaluations.csv, mixes.csv, retained feature table, or SCHEMA.md.",false,Institution equality alone was not used as self-rating evidence.
evaluation_ae045994e3e9,In The Meantime,DU-L,mix_561c0e17caee,participant_du_du_a2,DU,mixer_id=DU-L; legacy_mix_code=DU-L; mixer_institution_code=DU,false,,"No explicit participant-to-mixer identity mapping or creator/evaluator flag found in evaluations.csv, mixes.csv, retained feature table, or SCHEMA.md.",false,Institution equality alone was not used as self-rating evidence.
evaluation_a1b811b62775,In The Meantime,DU-L,mix_561c0e17caee,participant_du_du_s2,DU,mixer_id=DU-L; legacy_mix_code=DU-L; mixer_institution_code=DU,false,,"No explicit participant-to-mixer identity mapping or creator/evaluator flag found in evaluations.csv, mixes.csv, retained feature table, or SCHEMA.md.",false,Institution equality alone was not used as self-rating evidence.
evaluation_f3b6cea6c6ad,In The Meantime,DU-L,mix_561c0e17caee,participant_du_du_u2,DU,mixer_id=DU-L; legacy_mix_code=DU-L; mixer_institution_code=DU,false,,"No explicit participant-to-mixer identity mapping or creator/evaluator flag found in evaluations.csv, mixes.csv, retained feature table, or SCHEMA.md.",false,Institution equality alone was not used as self-rating evidence.
evaluation_deb6b8c5cf91,In The Meantime,DU-L,mix_561c0e17caee,participant_du_du_h1,DU,mixer_id=DU-L; legacy_mix_code=DU-L; mixer_institution_code=DU,false,,"No explicit participant-to-mixer identity mapping or creator/evaluator flag found in evaluations.csv, mixes.csv, retained feature table, or SCHEMA.md.",false,Institution equality alone was not used as self-rating evidence.
evaluation_14d0e4aa0df0,In The Meantime,DU-L,mix_561c0e17caee,participant_du_du_u1,DU,mixer_id=DU-L; legacy_mix_code=DU-L; mixer_institution_code=DU,false,,"No explicit participant-to-mixer identity mapping or creator/evaluator flag found in evaluations.csv, mixes.csv, retained feature table, or SCHEMA.md.",false,Institution equality alone was not used as self-rating evidence.
evaluation_b547d039f2b1,In The Meantime,DU-L,mix_561c0e17caee,participant_du_du_g2,DU,mixer_id=DU-L; legacy_mix_code=DU-L; mixer_institution_code=DU,false,,"No explicit participant-to-mixer identity mapping or creator/evaluator flag found in evaluations.csv, mixes.csv, retained feature table, or SCHEMA.md.",false,Institution equality alone was not used as self-rating evidence.
evaluation_3178bf898498,In The Meantime,DU-L,mix_561c0e17caee,participant_du_du_q1,DU,mixer_id=DU-L; legacy_mix_code=DU-L; mixer_institution_code=DU,false,,"No explicit participant-to-mixer identity mapping or creator/evaluator flag found in evaluations.csv, mixes.csv, retained feature table, or SCHEMA.md.",false,Institution equality alone was not used as self-rating evidence.
evaluation_dee89ba04bbd,In The Meantime,DU-L,mix_561c0e17caee,participant_du_du_f2,DU,mixer_id=DU-L; legacy_mix_code=DU-L; mixer_institution_code=DU,false,,"No explicit participant-to-mixer identity mapping or creator/evaluator flag found in evaluations.csv, mixes.csv, retained feature table, or SCHEMA.md.",false,Institution equality alone was not used as self-rating evidence.
evaluation_ff3265308848,In The Meantime,DU-L,mix_561c0e17caee,participant_du_du_r1,DU,mixer_id=DU-L; legacy_mix_code=DU-L; mixer_institution_code=DU,false,,"No explicit participant-to-mixer identity mapping or creator/evaluator flag found in evaluations.csv, mixes.csv, retained feature table, or SCHEMA.md.",false,Institution equality alone was not used as self-rating evidence.
evaluation_c0b55e035d87,In The Meantime,DU-L,mix_561c0e17caee,participant_du_du_l2,DU,mixer_id=DU-L; legacy_mix_code=DU-L; mixer_institution_code=DU,false,,"No explicit participant-to-mixer identity mapping or creator/evaluator flag found in evaluations.csv, mixes.csv, retained feature table, or SCHEMA.md.",false,Institution equality alone was not used as self-rating evidence.
evaluation_46b1deee1a20,In The Meantime,DU-L,mix_561c0e17caee,participant_du_du_b2,DU,mixer_id=DU-L; legacy_mix_code=DU-L; mixer_institution_code=DU,false,,"No explicit participant-to-mixer identity mapping or creator/evaluator flag found in evaluations.csv, mixes.csv, retained feature table, or SCHEMA.md.",false,Institution equality alone was not used as self-rating evidence.
evaluation_d99531ab3188,In The Meantime,DU-L,mix_561c0e17caee,participant_du_du_a1,DU,mixer_id=DU-L; legacy_mix_code=DU-L; mixer_institution_code=DU,false,,"No explicit participant-to-mixer identity mapping or creator/evaluator flag found in evaluations.csv, mixes.csv, retained feature table, or SCHEMA.md.",false,Institution equality alone was not used as self-rating evidence.
evaluation_8c443b8d7744,In The Meantime,DU-M,mix_6cfa655049d5,participant_du_du_g1,DU,mixer_id=DU-M; legacy_mix_code=DU-M; mixer_institution_code=DU,false,,"No explicit participant-to-mixer identity mapping or creator/evaluator flag found in evaluations.csv, mixes.csv, retained feature table, or SCHEMA.md.",false,Institution equality alone was not used as self-rating evidence.
evaluation_945dc0bc037e,In The Meantime,DU-M,mix_6cfa655049d5,participant_du_du_k2,DU,mixer_id=DU-M; legacy_mix_code=DU-M; mixer_institution_code=DU,false,,"No explicit participant-to-mixer identity mapping or creator/evaluator flag found in evaluations.csv, mixes.csv, retained feature table, or SCHEMA.md.",false,Institution equality alone was not used as self-rating evidence.
evaluation_a2ea2a2013f7,In The Meantime,DU-M,mix_6cfa655049d5,participant_du_du_l1,DU,mixer_id=DU-M; legacy_mix_code=DU-M; mixer_institution_code=DU,false,,"No explicit participant-to-mixer identity mapping or creator/evaluator flag found in evaluations.csv, mixes.csv, retained feature table, or SCHEMA.md.",false,Institution equality alone was not used as self-rating evidence.
evaluation_94277d7ca9eb,In The Meantime,DU-M,mix_6cfa655049d5,participant_du_du_c1,DU,mixer_id=DU-M; legacy_mix_code=DU-M; mixer_institution_code=DU,false,,"No explicit participant-to-mixer identity mapping or creator/evaluator flag found in evaluations.csv, mixes.csv, retained feature table, or SCHEMA.md.",false,Institution equality alone was not used as self-rating evidence.
evaluation_aafbd3e071e2,In The Meantime,DU-M,mix_6cfa655049d5,participant_du_du_f1,DU,mixer_id=DU-M; legacy_mix_code=DU-M; mixer_institution_code=DU,false,,"No explicit participant-to-mixer identity mapping or creator/evaluator flag found in evaluations.csv, mixes.csv, retained feature table, or SCHEMA.md.",false,Institution equality alone was not used as self-rating evidence.
evaluation_6664f4abfe98,In The Meantime,DU-M,mix_6cfa655049d5,participant_du_du_u3,DU,mixer_id=DU-M; legacy_mix_code=DU-M; mixer_institution_code=DU,false,,"No explicit participant-to-mixer identity mapping or creator/evaluator flag found in evaluations.csv, mixes.csv, retained feature table, or SCHEMA.md.",false,Institution equality alone was not used as self-rating evidence.
evaluation_2709b75624f1,In The Meantime,DU-M,mix_6cfa655049d5,participant_du_du_d1,DU,mixer_id=DU-M; legacy_mix_code=DU-M; mixer_institution_code=DU,false,,"No explicit participant-to-mixer identity mapping or creator/evaluator flag found in evaluations.csv, mixes.csv, retained feature table, or SCHEMA.md.",false,Institution equality alone was not used as self-rating evidence.
evaluation_a237fb6f7aa9,In The Meantime,DU-M,mix_6cfa655049d5,participant_du_du_r2,DU,mixer_id=DU-M; legacy_mix_code=DU-M; mixer_institution_code=DU,false,,"No explicit participant-to-mixer identity mapping or creator/evaluator flag found in evaluations.csv, mixes.csv, retained feature table, or SCHEMA.md.",false,Institution equality alone was not used as self-rating evidence.
evaluation_6f1e638579ed,In The Meantime,DU-M,mix_6cfa655049d5,participant_du_du_s1,DU,mixer_id=DU-M; legacy_mix_code=DU-M; mixer_institution_code=DU,false,,"No explicit participant-to-mixer identity mapping or creator/evaluator flag found in evaluations.csv, mixes.csv, retained feature table, or SCHEMA.md.",false,Institution equality alone was not used as self-rating evidence.
evaluation_d5903a08bf4e,In The Meantime,DU-M,mix_6cfa655049d5,participant_du_du_b1,DU,mixer_id=DU-M; legacy_mix_code=DU-M; mixer_institution_code=DU,false,,"No explicit participant-to-mixer identity mapping or creator/evaluator flag found in evaluations.csv, mixes.csv, retained feature table, or SCHEMA.md.",false,Institution equality alone was not used as self-rating evidence.
evaluation_c6e993a98c93,In The Meantime,DU-M,mix_6cfa655049d5,participant_du_du_t1,DU,mixer_id=DU-M; legacy_mix_code=DU-M; mixer_institution_code=DU,false,,"No explicit participant-to-mixer identity mapping or creator/evaluator flag found in evaluations.csv, mixes.csv, retained feature table, or SCHEMA.md.",false,Institution equality alone was not used as self-rating evidence.
evaluation_326ea5e6d65f,In The Meantime,DU-M,mix_6cfa655049d5,participant_du_du_n1,DU,mixer_id=DU-M; legacy_mix_code=DU-M; mixer_institution_code=DU,false,,"No explicit participant-to-mixer identity mapping or creator/evaluator flag found in evaluations.csv, mixes.csv, retained feature table, or SCHEMA.md.",false,Institution equality alone was not used as self-rating evidence.
evaluation_a3fa07f4ce82,In The Meantime,DU-M,mix_6cfa655049d5,participant_du_du_m2,DU,mixer_id=DU-M; legacy_mix_code=DU-M; mixer_institution_code=DU,false,,"No explicit participant-to-mixer identity mapping or creator/evaluator flag found in evaluations.csv, mixes.csv, retained feature table, or SCHEMA.md.",false,Institution equality alone was not used as self-rating evidence.
evaluation_cd440c961bef,In The Meantime,DU-M,mix_6cfa655049d5,participant_du_du_h2,DU,mixer_id=DU-M; legacy_mix_code=DU-M; mixer_institution_code=DU,false,,"No explicit participant-to-mixer identity mapping or creator/evaluator flag found in evaluations.csv, mixes.csv, retained feature table, or SCHEMA.md.",false,Institution equality alone was not used as self-rating evidence.
evaluation_53b52446d82e,In The Meantime,DU-M,mix_6cfa655049d5,participant_du_du_q2,DU,mixer_id=DU-M; legacy_mix_code=DU-M; mixer_institution_code=DU,false,,"No explicit participant-to-mixer identity mapping or creator/evaluator flag found in evaluations.csv, mixes.csv, retained feature table, or SCHEMA.md.",false,Institution equality alone was not used as self-rating evidence.
evaluation_b737582191d4,In The Meantime,DU-M,mix_6cfa655049d5,participant_du_du_t2,DU,mixer_id=DU-M; legacy_mix_code=DU-M; mixer_institution_code=DU,false,,"No explicit participant-to-mixer identity mapping or creator/evaluator flag found in evaluations.csv, mixes.csv, retained feature table, or SCHEMA.md.",false,Institution equality alone was not used as self-rating evidence.
evaluation_2d0e66489c06,In The Meantime,DU-M,mix_6cfa655049d5,participant_du_du_o2,DU,mixer_id=DU-M; legacy_mix_code=DU-M; mixer_institution_code=DU,false,,"No explicit participant-to-mixer identity mapping or creator/evaluator flag found in evaluations.csv, mixes.csv, retained feature table, or SCHEMA.md.",false,Institution equality alone was not used as self-rating evidence.
evaluation_c0e8d75f5cec,In The Meantime,DU-M,mix_6cfa655049d5,participant_du_du_p1,DU,mixer_id=DU-M; legacy_mix_code=DU-M; mixer_institution_code=DU,false,,"No explicit participant-to-mixer identity mapping or creator/evaluator flag found in evaluations.csv, mixes.csv, retained feature table, or SCHEMA.md.",false,Institution equality alone was not used as self-rating evidence.
evaluation_cca7d601a8b8,In The Meantime,DU-M,mix_6cfa655049d5,participant_du_du_p2,DU,mixer_id=DU-M; legacy_mix_code=DU-M; mixer_institution_code=DU,false,,"No explicit participant-to-mixer identity mapping or creator/evaluator flag found in evaluations.csv, mixes.csv, retained feature table, or SCHEMA.md.",false,Institution equality alone was not used as self-rating evidence.
evaluation_f64409b61889,In The Meantime,DU-M,mix_6cfa655049d5,participant_du_du_i2,DU,mixer_id=DU-M; legacy_mix_code=DU-M; mixer_institution_code=DU,false,,"No explicit participant-to-mixer identity mapping or creator/evaluator flag found in evaluations.csv, mixes.csv, retained feature table, or SCHEMA.md.",false,Institution equality alone was not used as self-rating evidence.
evaluation_e69e9173824f,In The Meantime,DU-M,mix_6cfa655049d5,participant_du_du_c2,DU,mixer_id=DU-M; legacy_mix_code=DU-M; mixer_institution_code=DU,false,,"No explicit participant-to-mixer identity mapping or creator/evaluator flag found in evaluations.csv, mixes.csv, retained feature table, or SCHEMA.md.",false,Institution equality alone was not used as self-rating evidence.
evaluation_18d8290edabb,In The Meantime,DU-M,mix_6cfa655049d5,participant_du_du_k1,DU,mixer_id=DU-M; legacy_mix_code=DU-M; mixer_institution_code=DU,false,,"No explicit participant-to-mixer identity mapping or creator/evaluator flag found in evaluations.csv, mixes.csv, retained feature table, or SCHEMA.md.",false,Institution equality alone was not used as self-rating evidence.
evaluation_14634d322540,In The Meantime,DU-M,mix_6cfa655049d5,participant_du_du_e1,DU,mixer_id=DU-M; legacy_mix_code=DU-M; mixer_institution_code=DU,false,,"No explicit participant-to-mixer identity mapping or creator/evaluator flag found in evaluations.csv, mixes.csv, retained feature table, or SCHEMA.md.",false,Institution equality alone was not used as self-rating evidence.
evaluation_308e81f906ce,In The Meantime,DU-M,mix_6cfa655049d5,participant_du_du_j2,DU,mixer_id=DU-M; legacy_mix_code=DU-M; mixer_institution_code=DU,false,,"No explicit participant-to-mixer identity mapping or creator/evaluator flag found in evaluations.csv, mixes.csv, retained feature table, or SCHEMA.md.",false,Institution equality alone was not used as self-rating evidence.
evaluation_6a76c43b4759,In The Meantime,DU-M,mix_6cfa655049d5,participant_du_du_d2,DU,mixer_id=DU-M; legacy_mix_code=DU-M; mixer_institution_code=DU,false,,"No explicit participant-to-mixer identity mapping or creator/evaluator flag found in evaluations.csv, mixes.csv, retained feature table, or SCHEMA.md.",false,Institution equality alone was not used as self-rating evidence.
evaluation_0b092987cf27,In The Meantime,DU-M,mix_6cfa655049d5,participant_du_du_o1,DU,mixer_id=DU-M; legacy_mix_code=DU-M; mixer_institution_code=DU,false,,"No explicit participant-to-mixer identity mapping or creator/evaluator flag found in evaluations.csv, mixes.csv, retained feature table, or SCHEMA.md.",false,Institution equality alone was not used as self-rating evidence.
evaluation_abbbfd8e4577,In The Meantime,DU-M,mix_6cfa655049d5,participant_du_du_a2,DU,mixer_id=DU-M; legacy_mix_code=DU-M; mixer_institution_code=DU,false,,"No explicit participant-to-mixer identity mapping or creator/evaluator flag found in evaluations.csv, mixes.csv, retained feature table, or SCHEMA.md.",false,Institution equality alone was not used as self-rating evidence.
evaluation_69ff358e5ccd,In The Meantime,DU-M,mix_6cfa655049d5,participant_du_du_s2,DU,mixer_id=DU-M; legacy_mix_code=DU-M; mixer_institution_code=DU,false,,"No explicit participant-to-mixer identity mapping or creator/evaluator flag found in evaluations.csv, mixes.csv, retained feature table, or SCHEMA.md.",false,Institution equality alone was not used as self-rating evidence.
evaluation_cbdf5f4a40db,In The Meantime,DU-M,mix_6cfa655049d5,participant_du_du_u2,DU,mixer_id=DU-M; legacy_mix_code=DU-M; mixer_institution_code=DU,false,,"No explicit participant-to-mixer identity mapping or creator/evaluator flag found in evaluations.csv, mixes.csv, retained feature table, or SCHEMA.md.",false,Institution equality alone was not used as self-rating evidence.
evaluation_e39adc1502a9,In The Meantime,DU-M,mix_6cfa655049d5,participant_du_du_h1,DU,mixer_id=DU-M; legacy_mix_code=DU-M; mixer_institution_code=DU,false,,"No explicit participant-to-mixer identity mapping or creator/evaluator flag found in evaluations.csv, mixes.csv, retained feature table, or SCHEMA.md.",false,Institution equality alone was not used as self-rating evidence.
evaluation_fee8545af847,In The Meantime,DU-M,mix_6cfa655049d5,participant_du_du_u1,DU,mixer_id=DU-M; legacy_mix_code=DU-M; mixer_institution_code=DU,false,,"No explicit participant-to-mixer identity mapping or creator/evaluator flag found in evaluations.csv, mixes.csv, retained feature table, or SCHEMA.md.",false,Institution equality alone was not used as self-rating evidence.
evaluation_d5b64dfc80e3,In The Meantime,DU-M,mix_6cfa655049d5,participant_du_du_g2,DU,mixer_id=DU-M; legacy_mix_code=DU-M; mixer_institution_code=DU,false,,"No explicit participant-to-mixer identity mapping or creator/evaluator flag found in evaluations.csv, mixes.csv, retained feature table, or SCHEMA.md.",false,Institution equality alone was not used as self-rating evidence.
evaluation_90065d87a3d6,In The Meantime,DU-M,mix_6cfa655049d5,participant_du_du_q1,DU,mixer_id=DU-M; legacy_mix_code=DU-M; mixer_institution_code=DU,false,,"No explicit participant-to-mixer identity mapping or creator/evaluator flag found in evaluations.csv, mixes.csv, retained feature table, or SCHEMA.md.",false,Institution equality alone was not used as self-rating evidence.
evaluation_23f17a2c6398,In The Meantime,DU-M,mix_6cfa655049d5,participant_du_du_f2,DU,mixer_id=DU-M; legacy_mix_code=DU-M; mixer_institution_code=DU,false,,"No explicit participant-to-mixer identity mapping or creator/evaluator flag found in evaluations.csv, mixes.csv, retained feature table, or SCHEMA.md.",false,Institution equality alone was not used as self-rating evidence.
evaluation_215e406fdf81,In The Meantime,DU-M,mix_6cfa655049d5,participant_du_du_r1,DU,mixer_id=DU-M; legacy_mix_code=DU-M; mixer_institution_code=DU,false,,"No explicit participant-to-mixer identity mapping or creator/evaluator flag found in evaluations.csv, mixes.csv, retained feature table, or SCHEMA.md.",false,Institution equality alone was not used as self-rating evidence.
evaluation_a4b447da04b5,In The Meantime,DU-M,mix_6cfa655049d5,participant_du_du_l2,DU,mixer_id=DU-M; legacy_mix_code=DU-M; mixer_institution_code=DU,false,,"No explicit participant-to-mixer identity mapping or creator/evaluator flag found in evaluations.csv, mixes.csv, retained feature table, or SCHEMA.md.",false,Institution equality alone was not used as self-rating evidence.
evaluation_79661d1865c5,In The Meantime,DU-M,mix_6cfa655049d5,participant_du_du_b2,DU,mixer_id=DU-M; legacy_mix_code=DU-M; mixer_institution_code=DU,false,,"No explicit participant-to-mixer identity mapping or creator/evaluator flag found in evaluations.csv, mixes.csv, retained feature table, or SCHEMA.md.",false,Institution equality alone was not used as self-rating evidence.
evaluation_900ded295af2,In The Meantime,DU-M,mix_6cfa655049d5,participant_du_du_a1,DU,mixer_id=DU-M; legacy_mix_code=DU-M; mixer_institution_code=DU,false,,"No explicit participant-to-mixer identity mapping or creator/evaluator flag found in evaluations.csv, mixes.csv, retained feature table, or SCHEMA.md.",false,Institution equality alone was not used as self-rating evidence.
evaluation_3d40b3aaf2ca,In The Meantime,DU-N,mix_29131e66c9d7,participant_du_du_g1,DU,mixer_id=DU-N; legacy_mix_code=DU-N; mixer_institution_code=DU,false,,"No explicit participant-to-mixer identity mapping or creator/evaluator flag found in evaluations.csv, mixes.csv, retained feature table, or SCHEMA.md.",false,Institution equality alone was not used as self-rating evidence.
evaluation_b36d50b26afa,In The Meantime,DU-N,mix_29131e66c9d7,participant_du_du_k2,DU,mixer_id=DU-N; legacy_mix_code=DU-N; mixer_institution_code=DU,false,,"No explicit participant-to-mixer identity mapping or creator/evaluator flag found in evaluations.csv, mixes.csv, retained feature table, or SCHEMA.md.",false,Institution equality alone was not used as self-rating evidence.
evaluation_9b117d686a3b,In The Meantime,DU-N,mix_29131e66c9d7,participant_du_du_l1,DU,mixer_id=DU-N; legacy_mix_code=DU-N; mixer_institution_code=DU,false,,"No explicit participant-to-mixer identity mapping or creator/evaluator flag found in evaluations.csv, mixes.csv, retained feature table, or SCHEMA.md.",false,Institution equality alone was not used as self-rating evidence.
evaluation_0ee78ec43284,In The Meantime,DU-N,mix_29131e66c9d7,participant_du_du_c1,DU,mixer_id=DU-N; legacy_mix_code=DU-N; mixer_institution_code=DU,false,,"No explicit participant-to-mixer identity mapping or creator/evaluator flag found in evaluations.csv, mixes.csv, retained feature table, or SCHEMA.md.",false,Institution equality alone was not used as self-rating evidence.
evaluation_3da9cc481cdd,In The Meantime,DU-N,mix_29131e66c9d7,participant_du_du_f1,DU,mixer_id=DU-N; legacy_mix_code=DU-N; mixer_institution_code=DU,false,,"No explicit participant-to-mixer identity mapping or creator/evaluator flag found in evaluations.csv, mixes.csv, retained feature table, or SCHEMA.md.",false,Institution equality alone was not used as self-rating evidence.
evaluation_5f1826074efc,In The Meantime,DU-N,mix_29131e66c9d7,participant_du_du_u3,DU,mixer_id=DU-N; legacy_mix_code=DU-N; mixer_institution_code=DU,false,,"No explicit participant-to-mixer identity mapping or creator/evaluator flag found in evaluations.csv, mixes.csv, retained feature table, or SCHEMA.md.",false,Institution equality alone was not used as self-rating evidence.
evaluation_36e984e36e18,In The Meantime,DU-N,mix_29131e66c9d7,participant_du_du_d1,DU,mixer_id=DU-N; legacy_mix_code=DU-N; mixer_institution_code=DU,false,,"No explicit participant-to-mixer identity mapping or creator/evaluator flag found in evaluations.csv, mixes.csv, retained feature table, or SCHEMA.md.",false,Institution equality alone was not used as self-rating evidence.
evaluation_1b97cdaf45cb,In The Meantime,DU-N,mix_29131e66c9d7,participant_du_du_r2,DU,mixer_id=DU-N; legacy_mix_code=DU-N; mixer_institution_code=DU,false,,"No explicit participant-to-mixer identity mapping or creator/evaluator flag found in evaluations.csv, mixes.csv, retained feature table, or SCHEMA.md.",false,Institution equality alone was not used as self-rating evidence.
evaluation_620922194873,In The Meantime,DU-N,mix_29131e66c9d7,participant_du_du_s1,DU,mixer_id=DU-N; legacy_mix_code=DU-N; mixer_institution_code=DU,false,,"No explicit participant-to-mixer identity mapping or creator/evaluator flag found in evaluations.csv, mixes.csv, retained feature table, or SCHEMA.md.",false,Institution equality alone was not used as self-rating evidence.
evaluation_efbf6ca19f39,In The Meantime,DU-N,mix_29131e66c9d7,participant_du_du_b1,DU,mixer_id=DU-N; legacy_mix_code=DU-N; mixer_institution_code=DU,false,,"No explicit participant-to-mixer identity mapping or creator/evaluator flag found in evaluations.csv, mixes.csv, retained feature table, or SCHEMA.md.",false,Institution equality alone was not used as self-rating evidence.
evaluation_8fe79ae0bfc0,In The Meantime,DU-N,mix_29131e66c9d7,participant_du_du_t1,DU,mixer_id=DU-N; legacy_mix_code=DU-N; mixer_institution_code=DU,false,,"No explicit participant-to-mixer identity mapping or creator/evaluator flag found in evaluations.csv, mixes.csv, retained feature table, or SCHEMA.md.",false,Institution equality alone was not used as self-rating evidence.
evaluation_335df3409490,In The Meantime,DU-N,mix_29131e66c9d7,participant_du_du_n1,DU,mixer_id=DU-N; legacy_mix_code=DU-N; mixer_institution_code=DU,false,,"No explicit participant-to-mixer identity mapping or creator/evaluator flag found in evaluations.csv, mixes.csv, retained feature table, or SCHEMA.md.",false,Institution equality alone was not used as self-rating evidence.
evaluation_1516f8c883a2,In The Meantime,DU-N,mix_29131e66c9d7,participant_du_du_m2,DU,mixer_id=DU-N; legacy_mix_code=DU-N; mixer_institution_code=DU,false,,"No explicit participant-to-mixer identity mapping or creator/evaluator flag found in evaluations.csv, mixes.csv, retained feature table, or SCHEMA.md.",false,Institution equality alone was not used as self-rating evidence.
evaluation_3a8ceb63075a,In The Meantime,DU-N,mix_29131e66c9d7,participant_du_du_h2,DU,mixer_id=DU-N; legacy_mix_code=DU-N; mixer_institution_code=DU,false,,"No explicit participant-to-mixer identity mapping or creator/evaluator flag found in evaluations.csv, mixes.csv, retained feature table, or SCHEMA.md.",false,Institution equality alone was not used as self-rating evidence.
evaluation_4a05859df8e3,In The Meantime,DU-N,mix_29131e66c9d7,participant_du_du_q2,DU,mixer_id=DU-N; legacy_mix_code=DU-N; mixer_institution_code=DU,false,,"No explicit participant-to-mixer identity mapping or creator/evaluator flag found in evaluations.csv, mixes.csv, retained feature table, or SCHEMA.md.",false,Institution equality alone was not used as self-rating evidence.
evaluation_a778f0a807e5,In The Meantime,DU-N,mix_29131e66c9d7,participant_du_du_t2,DU,mixer_id=DU-N; legacy_mix_code=DU-N; mixer_institution_code=DU,false,,"No explicit participant-to-mixer identity mapping or creator/evaluator flag found in evaluations.csv, mixes.csv, retained feature table, or SCHEMA.md.",false,Institution equality alone was not used as self-rating evidence.
evaluation_d5f60a9f5cfd,In The Meantime,DU-N,mix_29131e66c9d7,participant_du_du_o2,DU,mixer_id=DU-N; legacy_mix_code=DU-N; mixer_institution_code=DU,false,,"No explicit participant-to-mixer identity mapping or creator/evaluator flag found in evaluations.csv, mixes.csv, retained feature table, or SCHEMA.md.",false,Institution equality alone was not used as self-rating evidence.
evaluation_56e72ec3ea90,In The Meantime,DU-N,mix_29131e66c9d7,participant_du_du_p1,DU,mixer_id=DU-N; legacy_mix_code=DU-N; mixer_institution_code=DU,false,,"No explicit participant-to-mixer identity mapping or creator/evaluator flag found in evaluations.csv, mixes.csv, retained feature table, or SCHEMA.md.",false,Institution equality alone was not used as self-rating evidence.
evaluation_9784703df2a8,In The Meantime,DU-N,mix_29131e66c9d7,participant_du_du_p2,DU,mixer_id=DU-N; legacy_mix_code=DU-N; mixer_institution_code=DU,false,,"No explicit participant-to-mixer identity mapping or creator/evaluator flag found in evaluations.csv, mixes.csv, retained feature table, or SCHEMA.md.",false,Institution equality alone was not used as self-rating evidence.
evaluation_2f095a1c8506,In The Meantime,DU-N,mix_29131e66c9d7,participant_du_du_i2,DU,mixer_id=DU-N; legacy_mix_code=DU-N; mixer_institution_code=DU,false,,"No explicit participant-to-mixer identity mapping or creator/evaluator flag found in evaluations.csv, mixes.csv, retained feature table, or SCHEMA.md.",false,Institution equality alone was not used as self-rating evidence.
evaluation_ec99f13a1154,In The Meantime,DU-N,mix_29131e66c9d7,participant_du_du_c2,DU,mixer_id=DU-N; legacy_mix_code=DU-N; mixer_institution_code=DU,false,,"No explicit participant-to-mixer identity mapping or creator/evaluator flag found in evaluations.csv, mixes.csv, retained feature table, or SCHEMA.md.",false,Institution equality alone was not used as self-rating evidence.
evaluation_84ed1849bbfa,In The Meantime,DU-N,mix_29131e66c9d7,participant_du_du_k1,DU,mixer_id=DU-N; legacy_mix_code=DU-N; mixer_institution_code=DU,false,,"No explicit participant-to-mixer identity mapping or creator/evaluator flag found in evaluations.csv, mixes.csv, retained feature table, or SCHEMA.md.",false,Institution equality alone was not used as self-rating evidence.
evaluation_8e618647afa4,In The Meantime,DU-N,mix_29131e66c9d7,participant_du_du_e1,DU,mixer_id=DU-N; legacy_mix_code=DU-N; mixer_institution_code=DU,false,,"No explicit participant-to-mixer identity mapping or creator/evaluator flag found in evaluations.csv, mixes.csv, retained feature table, or SCHEMA.md.",false,Institution equality alone was not used as self-rating evidence.
evaluation_2f0aea0ecb50,In The Meantime,DU-N,mix_29131e66c9d7,participant_du_du_j2,DU,mixer_id=DU-N; legacy_mix_code=DU-N; mixer_institution_code=DU,false,,"No explicit participant-to-mixer identity mapping or creator/evaluator flag found in evaluations.csv, mixes.csv, retained feature table, or SCHEMA.md.",false,Institution equality alone was not used as self-rating evidence.
evaluation_bbeb0d60b596,In The Meantime,DU-N,mix_29131e66c9d7,participant_du_du_d2,DU,mixer_id=DU-N; legacy_mix_code=DU-N; mixer_institution_code=DU,false,,"No explicit participant-to-mixer identity mapping or creator/evaluator flag found in evaluations.csv, mixes.csv, retained feature table, or SCHEMA.md.",false,Institution equality alone was not used as self-rating evidence.
evaluation_b58864fcc7ba,In The Meantime,DU-N,mix_29131e66c9d7,participant_du_du_o1,DU,mixer_id=DU-N; legacy_mix_code=DU-N; mixer_institution_code=DU,false,,"No explicit participant-to-mixer identity mapping or creator/evaluator flag found in evaluations.csv, mixes.csv, retained feature table, or SCHEMA.md.",false,Institution equality alone was not used as self-rating evidence.
evaluation_6847f53d4ceb,In The Meantime,DU-N,mix_29131e66c9d7,participant_du_du_a2,DU,mixer_id=DU-N; legacy_mix_code=DU-N; mixer_institution_code=DU,false,,"No explicit participant-to-mixer identity mapping or creator/evaluator flag found in evaluations.csv, mixes.csv, retained feature table, or SCHEMA.md.",false,Institution equality alone was not used as self-rating evidence.
evaluation_a351eece3372,In The Meantime,DU-N,mix_29131e66c9d7,participant_du_du_s2,DU,mixer_id=DU-N; legacy_mix_code=DU-N; mixer_institution_code=DU,false,,"No explicit participant-to-mixer identity mapping or creator/evaluator flag found in evaluations.csv, mixes.csv, retained feature table, or SCHEMA.md.",false,Institution equality alone was not used as self-rating evidence.
evaluation_ade809791255,In The Meantime,DU-N,mix_29131e66c9d7,participant_du_du_u2,DU,mixer_id=DU-N; legacy_mix_code=DU-N; mixer_institution_code=DU,false,,"No explicit participant-to-mixer identity mapping or creator/evaluator flag found in evaluations.csv, mixes.csv, retained feature table, or SCHEMA.md.",false,Institution equality alone was not used as self-rating evidence.
evaluation_02a1dfe69bd6,In The Meantime,DU-N,mix_29131e66c9d7,participant_du_du_h1,DU,mixer_id=DU-N; legacy_mix_code=DU-N; mixer_institution_code=DU,false,,"No explicit participant-to-mixer identity mapping or creator/evaluator flag found in evaluations.csv, mixes.csv, retained feature table, or SCHEMA.md.",false,Institution equality alone was not used as self-rating evidence.
evaluation_5312e642bfdb,In The Meantime,DU-N,mix_29131e66c9d7,participant_du_du_u1,DU,mixer_id=DU-N; legacy_mix_code=DU-N; mixer_institution_code=DU,false,,"No explicit participant-to-mixer identity mapping or creator/evaluator flag found in evaluations.csv, mixes.csv, retained feature table, or SCHEMA.md.",false,Institution equality alone was not used as self-rating evidence.
evaluation_fea3035d5d3a,In The Meantime,DU-N,mix_29131e66c9d7,participant_du_du_g2,DU,mixer_id=DU-N; legacy_mix_code=DU-N; mixer_institution_code=DU,false,,"No explicit participant-to-mixer identity mapping or creator/evaluator flag found in evaluations.csv, mixes.csv, retained feature table, or SCHEMA.md.",false,Institution equality alone was not used as self-rating evidence.
evaluation_0cae7dec010c,In The Meantime,DU-N,mix_29131e66c9d7,participant_du_du_q1,DU,mixer_id=DU-N; legacy_mix_code=DU-N; mixer_institution_code=DU,false,,"No explicit participant-to-mixer identity mapping or creator/evaluator flag found in evaluations.csv, mixes.csv, retained feature table, or SCHEMA.md.",false,Institution equality alone was not used as self-rating evidence.
evaluation_c420b5a7fcbd,In The Meantime,DU-N,mix_29131e66c9d7,participant_du_du_f2,DU,mixer_id=DU-N; legacy_mix_code=DU-N; mixer_institution_code=DU,false,,"No explicit participant-to-mixer identity mapping or creator/evaluator flag found in evaluations.csv, mixes.csv, retained feature table, or SCHEMA.md.",false,Institution equality alone was not used as self-rating evidence.
evaluation_8b6d0f17a61a,In The Meantime,DU-N,mix_29131e66c9d7,participant_du_du_r1,DU,mixer_id=DU-N; legacy_mix_code=DU-N; mixer_institution_code=DU,false,,"No explicit participant-to-mixer identity mapping or creator/evaluator flag found in evaluations.csv, mixes.csv, retained feature table, or SCHEMA.md.",false,Institution equality alone was not used as self-rating evidence.
evaluation_9c44caea1b25,In The Meantime,DU-N,mix_29131e66c9d7,participant_du_du_l2,DU,mixer_id=DU-N; legacy_mix_code=DU-N; mixer_institution_code=DU,false,,"No explicit participant-to-mixer identity mapping or creator/evaluator flag found in evaluations.csv, mixes.csv, retained feature table, or SCHEMA.md.",false,Institution equality alone was not used as self-rating evidence.
evaluation_0bdcb9735f30,In The Meantime,DU-N,mix_29131e66c9d7,participant_du_du_b2,DU,mixer_id=DU-N; legacy_mix_code=DU-N; mixer_institution_code=DU,false,,"No explicit participant-to-mixer identity mapping or creator/evaluator flag found in evaluations.csv, mixes.csv, retained feature table, or SCHEMA.md.",false,Institution equality alone was not used as self-rating evidence.
evaluation_7956062d6d9c,In The Meantime,DU-N,mix_29131e66c9d7,participant_du_du_a1,DU,mixer_id=DU-N; legacy_mix_code=DU-N; mixer_institution_code=DU,false,,"No explicit participant-to-mixer identity mapping or creator/evaluator flag found in evaluations.csv, mixes.csv, retained feature table, or SCHEMA.md.",false,Institution equality alone was not used as self-rating evidence.
evaluation_a71d4176dace,In The Meantime,McG-A,mix_8ffed8205048,participant_mcg_mcg_f,McG,mixer_id=McG-A; legacy_mix_code=McG-A; mixer_institution_code=McG,false,,"No explicit participant-to-mixer identity mapping or creator/evaluator flag found in evaluations.csv, mixes.csv, retained feature table, or SCHEMA.md.",false,Institution equality alone was not used as self-rating evidence.
evaluation_7aab97c4421e,In The Meantime,McG-A,mix_8ffed8205048,participant_mcg_mcg_pro1,McG,mixer_id=McG-A; legacy_mix_code=McG-A; mixer_institution_code=McG,false,,"No explicit participant-to-mixer identity mapping or creator/evaluator flag found in evaluations.csv, mixes.csv, retained feature table, or SCHEMA.md.",false,Institution equality alone was not used as self-rating evidence.
evaluation_2530eb0d0125,In The Meantime,McG-A,mix_8ffed8205048,participant_mcg_mcg_t,McG,mixer_id=McG-A; legacy_mix_code=McG-A; mixer_institution_code=McG,false,,"No explicit participant-to-mixer identity mapping or creator/evaluator flag found in evaluations.csv, mixes.csv, retained feature table, or SCHEMA.md.",false,Institution equality alone was not used as self-rating evidence.
evaluation_94b989cc71ea,In The Meantime,McG-A,mix_8ffed8205048,participant_mcg_mcg_pro2,McG,mixer_id=McG-A; legacy_mix_code=McG-A; mixer_institution_code=McG,false,,"No explicit participant-to-mixer identity mapping or creator/evaluator flag found in evaluations.csv, mixes.csv, retained feature table, or SCHEMA.md.",false,Institution equality alone was not used as self-rating evidence.
evaluation_0a04f6188a2c,In The Meantime,McG-A,mix_8ffed8205048,participant_mcg_mcg_r,McG,mixer_id=McG-A; legacy_mix_code=McG-A; mixer_institution_code=McG,false,,"No explicit participant-to-mixer identity mapping or creator/evaluator flag found in evaluations.csv, mixes.csv, retained feature table, or SCHEMA.md.",false,Institution equality alone was not used as self-rating evidence.
evaluation_e87d1c5e36f6,In The Meantime,McG-A,mix_8ffed8205048,participant_mcg_mcg_c,McG,mixer_id=McG-A; legacy_mix_code=McG-A; mixer_institution_code=McG,false,,"No explicit participant-to-mixer identity mapping or creator/evaluator flag found in evaluations.csv, mixes.csv, retained feature table, or SCHEMA.md.",false,Institution equality alone was not used as self-rating evidence.
evaluation_e28d593ba21c,In The Meantime,McG-A,mix_8ffed8205048,participant_mcg_mcg_q,McG,mixer_id=McG-A; legacy_mix_code=McG-A; mixer_institution_code=McG,false,,"No explicit participant-to-mixer identity mapping or creator/evaluator flag found in evaluations.csv, mixes.csv, retained feature table, or SCHEMA.md.",false,Institution equality alone was not used as self-rating evidence.
evaluation_f78a42abe8bb,In The Meantime,McG-A,mix_8ffed8205048,participant_mcg_mcg_b,McG,mixer_id=McG-A; legacy_mix_code=McG-A; mixer_institution_code=McG,false,,"No explicit participant-to-mixer identity mapping or creator/evaluator flag found in evaluations.csv, mixes.csv, retained feature table, or SCHEMA.md.",false,Institution equality alone was not used as self-rating evidence.
evaluation_3e348db646b7,In The Meantime,McG-A,mix_8ffed8205048,participant_mcg_mcg_s,McG,mixer_id=McG-A; legacy_mix_code=McG-A; mixer_institution_code=McG,false,,"No explicit participant-to-mixer identity mapping or creator/evaluator flag found in evaluations.csv, mixes.csv, retained feature table, or SCHEMA.md.",false,Institution equality alone was not used as self-rating evidence.
evaluation_7f321034d63a,In The Meantime,McG-A,mix_8ffed8205048,participant_mcg_mcg_h,McG,mixer_id=McG-A; legacy_mix_code=McG-A; mixer_institution_code=McG,false,,"No explicit participant-to-mixer identity mapping or creator/evaluator flag found in evaluations.csv, mixes.csv, retained feature table, or SCHEMA.md.",false,Institution equality alone was not used as self-rating evidence.
evaluation_f19f6e4cf88b,In The Meantime,McG-A,mix_8ffed8205048,participant_mcg_mcg_subc,McG,mixer_id=McG-A; legacy_mix_code=McG-A; mixer_institution_code=McG,false,,"No explicit participant-to-mixer identity mapping or creator/evaluator flag found in evaluations.csv, mixes.csv, retained feature table, or SCHEMA.md.",false,Institution equality alone was not used as self-rating evidence.
evaluation_1bb60ce4fc20,In The Meantime,McG-A,mix_8ffed8205048,participant_mcg_mcg_w,McG,mixer_id=McG-A; legacy_mix_code=McG-A; mixer_institution_code=McG,false,,"No explicit participant-to-mixer identity mapping or creator/evaluator flag found in evaluations.csv, mixes.csv, retained feature table, or SCHEMA.md.",false,Institution equality alone was not used as self-rating evidence.
evaluation_194a21a48447,In The Meantime,McG-A,mix_8ffed8205048,participant_mcg_mcg_sube,McG,mixer_id=McG-A; legacy_mix_code=McG-A; mixer_institution_code=McG,false,,"No explicit participant-to-mixer identity mapping or creator/evaluator flag found in evaluations.csv, mixes.csv, retained feature table, or SCHEMA.md.",false,Institution equality alone was not used as self-rating evidence.
evaluation_f3ceeaff1fc2,In The Meantime,McG-A,mix_8ffed8205048,participant_mcg_mcg_d,McG,mixer_id=McG-A; legacy_mix_code=McG-A; mixer_institution_code=McG,false,,"No explicit participant-to-mixer identity mapping or creator/evaluator flag found in evaluations.csv, mixes.csv, retained feature table, or SCHEMA.md.",false,Institution equality alone was not used as self-rating evidence.
evaluation_7752bc8e523a,In The Meantime,McG-A,mix_8ffed8205048,participant_mcg_mcg_e,McG,mixer_id=McG-A; legacy_mix_code=McG-A; mixer_institution_code=McG,false,,"No explicit participant-to-mixer identity mapping or creator/evaluator flag found in evaluations.csv, mixes.csv, retained feature table, or SCHEMA.md.",false,Institution equality alone was not used as self-rating evidence.
evaluation_a79441e43840,In The Meantime,McG-A,mix_8ffed8205048,participant_mcg_mcg_subd,McG,mixer_id=McG-A; legacy_mix_code=McG-A; mixer_institution_code=McG,false,,"No explicit participant-to-mixer identity mapping or creator/evaluator flag found in evaluations.csv, mixes.csv, retained feature table, or SCHEMA.md.",false,Institution equality alone was not used as self-rating evidence.
evaluation_6114401ad281,In The Meantime,McG-A,mix_8ffed8205048,participant_mcg_mcg_v,McG,mixer_id=McG-A; legacy_mix_code=McG-A; mixer_institution_code=McG,false,,"No explicit participant-to-mixer identity mapping or creator/evaluator flag found in evaluations.csv, mixes.csv, retained feature table, or SCHEMA.md.",false,Institution equality alone was not used as self-rating evidence.
evaluation_aea436f76718,In The Meantime,McG-A,mix_8ffed8205048,participant_mcg_mcg_subg,McG,mixer_id=McG-A; legacy_mix_code=McG-A; mixer_institution_code=McG,false,,"No explicit participant-to-mixer identity mapping or creator/evaluator flag found in evaluations.csv, mixes.csv, retained feature table, or SCHEMA.md.",false,Institution equality alone was not used as self-rating evidence.
evaluation_b4ad26b106d8,In The Meantime,McG-A,mix_8ffed8205048,participant_mcg_mcg_subb,McG,mixer_id=McG-A; legacy_mix_code=McG-A; mixer_institution_code=McG,false,,"No explicit participant-to-mixer identity mapping or creator/evaluator flag found in evaluations.csv, mixes.csv, retained feature table, or SCHEMA.md.",false,Institution equality alone was not used as self-rating evidence.
evaluation_770e814b5c97,In The Meantime,McG-A,mix_8ffed8205048,participant_mcg_mcg_u,McG,mixer_id=McG-A; legacy_mix_code=McG-A; mixer_institution_code=McG,false,,"No explicit participant-to-mixer identity mapping or creator/evaluator flag found in evaluations.csv, mixes.csv, retained feature table, or SCHEMA.md.",false,Institution equality alone was not used as self-rating evidence.
evaluation_43617a44fe23,In The Meantime,McG-A,mix_8ffed8205048,participant_mcg_mcg_g,McG,mixer_id=McG-A; legacy_mix_code=McG-A; mixer_institution_code=McG,false,,"No explicit participant-to-mixer identity mapping or creator/evaluator flag found in evaluations.csv, mixes.csv, retained feature table, or SCHEMA.md.",false,Institution equality alone was not used as self-rating evidence.
evaluation_97ab3ee7af6a,In The Meantime,McG-A,mix_8ffed8205048,participant_mcg_mcg_a,McG,mixer_id=McG-A; legacy_mix_code=McG-A; mixer_institution_code=McG,false,,"No explicit participant-to-mixer identity mapping or creator/evaluator flag found in evaluations.csv, mixes.csv, retained feature table, or SCHEMA.md.",false,Institution equality alone was not used as self-rating evidence.
evaluation_27fafd0ed0ba,In The Meantime,McG-A,mix_8ffed8205048,participant_mcg_mcg_x,McG,mixer_id=McG-A; legacy_mix_code=McG-A; mixer_institution_code=McG,false,,"No explicit participant-to-mixer identity mapping or creator/evaluator flag found in evaluations.csv, mixes.csv, retained feature table, or SCHEMA.md.",false,Institution equality alone was not used as self-rating evidence.
evaluation_4a044193b7fe,In The Meantime,McG-A,mix_8ffed8205048,participant_qm_qm_21,QM,mixer_id=McG-A; legacy_mix_code=McG-A; mixer_institution_code=McG,false,,"No explicit participant-to-mixer identity mapping or creator/evaluator flag found in evaluations.csv, mixes.csv, retained feature table, or SCHEMA.md.",false,Institution equality alone was not used as self-rating evidence.
evaluation_9c828810e2a6,In The Meantime,McG-A,mix_8ffed8205048,participant_qm_qm_11,QM,mixer_id=McG-A; legacy_mix_code=McG-A; mixer_institution_code=McG,false,,"No explicit participant-to-mixer identity mapping or creator/evaluator flag found in evaluations.csv, mixes.csv, retained feature table, or SCHEMA.md.",false,Institution equality alone was not used as self-rating evidence.
evaluation_8a8026c68594,In The Meantime,McG-A,mix_8ffed8205048,participant_qm_qm_16,QM,mixer_id=McG-A; legacy_mix_code=McG-A; mixer_institution_code=McG,false,,"No explicit participant-to-mixer identity mapping or creator/evaluator flag found in evaluations.csv, mixes.csv, retained feature table, or SCHEMA.md.",false,Institution equality alone was not used as self-rating evidence.
evaluation_f857553fd7ec,In The Meantime,McG-A,mix_8ffed8205048,participant_qm_qm_1,QM,mixer_id=McG-A; legacy_mix_code=McG-A; mixer_institution_code=McG,false,,"No explicit participant-to-mixer identity mapping or creator/evaluator flag found in evaluations.csv, mixes.csv, retained feature table, or SCHEMA.md.",false,Institution equality alone was not used as self-rating evidence.
evaluation_a483a6aaf543,In The Meantime,McG-A,mix_8ffed8205048,participant_qm_qm_6,QM,mixer_id=McG-A; legacy_mix_code=McG-A; mixer_institution_code=McG,false,,"No explicit participant-to-mixer identity mapping or creator/evaluator flag found in evaluations.csv, mixes.csv, retained feature table, or SCHEMA.md.",false,Institution equality alone was not used as self-rating evidence.
evaluation_57ddb8e0a9a3,In The Meantime,McG-A,mix_8ffed8205048,participant_qm_qm_18,QM,mixer_id=McG-A; legacy_mix_code=McG-A; mixer_institution_code=McG,false,,"No explicit participant-to-mixer identity mapping or creator/evaluator flag found in evaluations.csv, mixes.csv, retained feature table, or SCHEMA.md.",false,Institution equality alone was not used as self-rating evidence.
evaluation_715858d21028,In The Meantime,McG-A,mix_8ffed8205048,participant_qm_qm_3,QM,mixer_id=McG-A; legacy_mix_code=McG-A; mixer_institution_code=McG,false,,"No explicit participant-to-mixer identity mapping or creator/evaluator flag found in evaluations.csv, mixes.csv, retained feature table, or SCHEMA.md.",false,Institution equality alone was not used as self-rating evidence.
evaluation_008eb3db96e7,In The Meantime,McG-A,mix_8ffed8205048,participant_qm_qm_9,QM,mixer_id=McG-A; legacy_mix_code=McG-A; mixer_institution_code=McG,false,,"No explicit participant-to-mixer identity mapping or creator/evaluator flag found in evaluations.csv, mixes.csv, retained feature table, or SCHEMA.md.",false,Institution equality alone was not used as self-rating evidence.
evaluation_9f1038c8c116,In The Meantime,McG-A,mix_8ffed8205048,participant_qm_qm_13,QM,mixer_id=McG-A; legacy_mix_code=McG-A; mixer_institution_code=McG,false,,"No explicit participant-to-mixer identity mapping or creator/evaluator flag found in evaluations.csv, mixes.csv, retained feature table, or SCHEMA.md.",false,Institution equality alone was not used as self-rating evidence.
evaluation_60b46811f9a3,In The Meantime,McG-A,mix_8ffed8205048,participant_qm_qm_20,QM,mixer_id=McG-A; legacy_mix_code=McG-A; mixer_institution_code=McG,false,,"No explicit participant-to-mixer identity mapping or creator/evaluator flag found in evaluations.csv, mixes.csv, retained feature table, or SCHEMA.md.",false,Institution equality alone was not used as self-rating evidence.
evaluation_4a76f869d405,In The Meantime,McG-A,mix_8ffed8205048,participant_smc_smc_6,SMC,mixer_id=McG-A; legacy_mix_code=McG-A; mixer_institution_code=McG,false,,"No explicit participant-to-mixer identity mapping or creator/evaluator flag found in evaluations.csv, mixes.csv, retained feature table, or SCHEMA.md.",false,Institution equality alone was not used as self-rating evidence.
evaluation_54dde843feea,In The Meantime,McG-A,mix_8ffed8205048,participant_smc_smc_5,SMC,mixer_id=McG-A; legacy_mix_code=McG-A; mixer_institution_code=McG,false,,"No explicit participant-to-mixer identity mapping or creator/evaluator flag found in evaluations.csv, mixes.csv, retained feature table, or SCHEMA.md.",false,Institution equality alone was not used as self-rating evidence.
evaluation_f6630d2c43b6,In The Meantime,McG-A,mix_8ffed8205048,participant_smc_smc_20,SMC,mixer_id=McG-A; legacy_mix_code=McG-A; mixer_institution_code=McG,false,,"No explicit participant-to-mixer identity mapping or creator/evaluator flag found in evaluations.csv, mixes.csv, retained feature table, or SCHEMA.md.",false,Institution equality alone was not used as self-rating evidence.
evaluation_c629fa25d101,In The Meantime,McG-A,mix_8ffed8205048,participant_smc_smc_24,SMC,mixer_id=McG-A; legacy_mix_code=McG-A; mixer_institution_code=McG,false,,"No explicit participant-to-mixer identity mapping or creator/evaluator flag found in evaluations.csv, mixes.csv, retained feature table, or SCHEMA.md.",false,Institution equality alone was not used as self-rating evidence.
evaluation_5e83fe253a75,In The Meantime,McG-A,mix_8ffed8205048,participant_smc_smc_8,SMC,mixer_id=McG-A; legacy_mix_code=McG-A; mixer_institution_code=McG,false,,"No explicit participant-to-mixer identity mapping or creator/evaluator flag found in evaluations.csv, mixes.csv, retained feature table, or SCHEMA.md.",false,Institution equality alone was not used as self-rating evidence.
evaluation_d994befd8da9,In The Meantime,McG-A,mix_8ffed8205048,participant_smc_smc_21,SMC,mixer_id=McG-A; legacy_mix_code=McG-A; mixer_institution_code=McG,false,,"No explicit participant-to-mixer identity mapping or creator/evaluator flag found in evaluations.csv, mixes.csv, retained feature table, or SCHEMA.md.",false,Institution equality alone was not used as self-rating evidence.
evaluation_0070842b7d6b,In The Meantime,McG-B,mix_5383540067d5,participant_mcg_mcg_f,McG,mixer_id=McG-B; legacy_mix_code=McG-B; mixer_institution_code=McG,false,,"No explicit participant-to-mixer identity mapping or creator/evaluator flag found in evaluations.csv, mixes.csv, retained feature table, or SCHEMA.md.",false,Institution equality alone was not used as self-rating evidence.
evaluation_f2f2dba92a7a,In The Meantime,McG-B,mix_5383540067d5,participant_mcg_mcg_pro1,McG,mixer_id=McG-B; legacy_mix_code=McG-B; mixer_institution_code=McG,false,,"No explicit participant-to-mixer identity mapping or creator/evaluator flag found in evaluations.csv, mixes.csv, retained feature table, or SCHEMA.md.",false,Institution equality alone was not used as self-rating evidence.
evaluation_93e3842540ad,In The Meantime,McG-B,mix_5383540067d5,participant_mcg_mcg_t,McG,mixer_id=McG-B; legacy_mix_code=McG-B; mixer_institution_code=McG,false,,"No explicit participant-to-mixer identity mapping or creator/evaluator flag found in evaluations.csv, mixes.csv, retained feature table, or SCHEMA.md.",false,Institution equality alone was not used as self-rating evidence.
evaluation_7ed385494046,In The Meantime,McG-B,mix_5383540067d5,participant_mcg_mcg_pro2,McG,mixer_id=McG-B; legacy_mix_code=McG-B; mixer_institution_code=McG,false,,"No explicit participant-to-mixer identity mapping or creator/evaluator flag found in evaluations.csv, mixes.csv, retained feature table, or SCHEMA.md.",false,Institution equality alone was not used as self-rating evidence.
evaluation_835e62e82f1e,In The Meantime,McG-B,mix_5383540067d5,participant_mcg_mcg_r,McG,mixer_id=McG-B; legacy_mix_code=McG-B; mixer_institution_code=McG,false,,"No explicit participant-to-mixer identity mapping or creator/evaluator flag found in evaluations.csv, mixes.csv, retained feature table, or SCHEMA.md.",false,Institution equality alone was not used as self-rating evidence.
evaluation_bbe56f9e03d6,In The Meantime,McG-B,mix_5383540067d5,participant_mcg_mcg_c,McG,mixer_id=McG-B; legacy_mix_code=McG-B; mixer_institution_code=McG,false,,"No explicit participant-to-mixer identity mapping or creator/evaluator flag found in evaluations.csv, mixes.csv, retained feature table, or SCHEMA.md.",false,Institution equality alone was not used as self-rating evidence.
evaluation_b3eb05949679,In The Meantime,McG-B,mix_5383540067d5,participant_mcg_mcg_q,McG,mixer_id=McG-B; legacy_mix_code=McG-B; mixer_institution_code=McG,false,,"No explicit participant-to-mixer identity mapping or creator/evaluator flag found in evaluations.csv, mixes.csv, retained feature table, or SCHEMA.md.",false,Institution equality alone was not used as self-rating evidence.
evaluation_ab868201e43b,In The Meantime,McG-B,mix_5383540067d5,participant_mcg_mcg_b,McG,mixer_id=McG-B; legacy_mix_code=McG-B; mixer_institution_code=McG,false,,"No explicit participant-to-mixer identity mapping or creator/evaluator flag found in evaluations.csv, mixes.csv, retained feature table, or SCHEMA.md.",false,Institution equality alone was not used as self-rating evidence.
evaluation_3f697302b2a8,In The Meantime,McG-B,mix_5383540067d5,participant_mcg_mcg_s,McG,mixer_id=McG-B; legacy_mix_code=McG-B; mixer_institution_code=McG,false,,"No explicit participant-to-mixer identity mapping or creator/evaluator flag found in evaluations.csv, mixes.csv, retained feature table, or SCHEMA.md.",false,Institution equality alone was not used as self-rating evidence.
evaluation_79342dabb188,In The Meantime,McG-B,mix_5383540067d5,participant_mcg_mcg_h,McG,mixer_id=McG-B; legacy_mix_code=McG-B; mixer_institution_code=McG,false,,"No explicit participant-to-mixer identity mapping or creator/evaluator flag found in evaluations.csv, mixes.csv, retained feature table, or SCHEMA.md.",false,Institution equality alone was not used as self-rating evidence.
evaluation_352c1ec13114,In The Meantime,McG-B,mix_5383540067d5,participant_mcg_mcg_subc,McG,mixer_id=McG-B; legacy_mix_code=McG-B; mixer_institution_code=McG,false,,"No explicit participant-to-mixer identity mapping or creator/evaluator flag found in evaluations.csv, mixes.csv, retained feature table, or SCHEMA.md.",false,Institution equality alone was not used as self-rating evidence.
evaluation_832646dda82d,In The Meantime,McG-B,mix_5383540067d5,participant_mcg_mcg_w,McG,mixer_id=McG-B; legacy_mix_code=McG-B; mixer_institution_code=McG,false,,"No explicit participant-to-mixer identity mapping or creator/evaluator flag found in evaluations.csv, mixes.csv, retained feature table, or SCHEMA.md.",false,Institution equality alone was not used as self-rating evidence.
evaluation_ce075986cfe9,In The Meantime,McG-B,mix_5383540067d5,participant_mcg_mcg_sube,McG,mixer_id=McG-B; legacy_mix_code=McG-B; mixer_institution_code=McG,false,,"No explicit participant-to-mixer identity mapping or creator/evaluator flag found in evaluations.csv, mixes.csv, retained feature table, or SCHEMA.md.",false,Institution equality alone was not used as self-rating evidence.
evaluation_a29561ff4a7b,In The Meantime,McG-B,mix_5383540067d5,participant_mcg_mcg_d,McG,mixer_id=McG-B; legacy_mix_code=McG-B; mixer_institution_code=McG,false,,"No explicit participant-to-mixer identity mapping or creator/evaluator flag found in evaluations.csv, mixes.csv, retained feature table, or SCHEMA.md.",false,Institution equality alone was not used as self-rating evidence.
evaluation_913f4ee52498,In The Meantime,McG-B,mix_5383540067d5,participant_mcg_mcg_e,McG,mixer_id=McG-B; legacy_mix_code=McG-B; mixer_institution_code=McG,false,,"No explicit participant-to-mixer identity mapping or creator/evaluator flag found in evaluations.csv, mixes.csv, retained feature table, or SCHEMA.md.",false,Institution equality alone was not used as self-rating evidence.
evaluation_4b3759c1244a,In The Meantime,McG-B,mix_5383540067d5,participant_mcg_mcg_subd,McG,mixer_id=McG-B; legacy_mix_code=McG-B; mixer_institution_code=McG,false,,"No explicit participant-to-mixer identity mapping or creator/evaluator flag found in evaluations.csv, mixes.csv, retained feature table, or SCHEMA.md.",false,Institution equality alone was not used as self-rating evidence.
evaluation_480e0bfa9080,In The Meantime,McG-B,mix_5383540067d5,participant_mcg_mcg_v,McG,mixer_id=McG-B; legacy_mix_code=McG-B; mixer_institution_code=McG,false,,"No explicit participant-to-mixer identity mapping or creator/evaluator flag found in evaluations.csv, mixes.csv, retained feature table, or SCHEMA.md.",false,Institution equality alone was not used as self-rating evidence.
evaluation_1d3aeb57bdd4,In The Meantime,McG-B,mix_5383540067d5,participant_mcg_mcg_subg,McG,mixer_id=McG-B; legacy_mix_code=McG-B; mixer_institution_code=McG,false,,"No explicit participant-to-mixer identity mapping or creator/evaluator flag found in evaluations.csv, mixes.csv, retained feature table, or SCHEMA.md.",false,Institution equality alone was not used as self-rating evidence.
evaluation_15d2f74fe687,In The Meantime,McG-B,mix_5383540067d5,participant_mcg_mcg_subb,McG,mixer_id=McG-B; legacy_mix_code=McG-B; mixer_institution_code=McG,false,,"No explicit participant-to-mixer identity mapping or creator/evaluator flag found in evaluations.csv, mixes.csv, retained feature table, or SCHEMA.md.",false,Institution equality alone was not used as self-rating evidence.
evaluation_7f578866fd58,In The Meantime,McG-B,mix_5383540067d5,participant_mcg_mcg_u,McG,mixer_id=McG-B; legacy_mix_code=McG-B; mixer_institution_code=McG,false,,"No explicit participant-to-mixer identity mapping or creator/evaluator flag found in evaluations.csv, mixes.csv, retained feature table, or SCHEMA.md.",false,Institution equality alone was not used as self-rating evidence.
evaluation_6e508234f0e2,In The Meantime,McG-B,mix_5383540067d5,participant_mcg_mcg_g,McG,mixer_id=McG-B; legacy_mix_code=McG-B; mixer_institution_code=McG,false,,"No explicit participant-to-mixer identity mapping or creator/evaluator flag found in evaluations.csv, mixes.csv, retained feature table, or SCHEMA.md.",false,Institution equality alone was not used as self-rating evidence.
evaluation_e7d351bc8f3c,In The Meantime,McG-B,mix_5383540067d5,participant_mcg_mcg_a,McG,mixer_id=McG-B; legacy_mix_code=McG-B; mixer_institution_code=McG,false,,"No explicit participant-to-mixer identity mapping or creator/evaluator flag found in evaluations.csv, mixes.csv, retained feature table, or SCHEMA.md.",false,Institution equality alone was not used as self-rating evidence.
evaluation_db48e185f734,In The Meantime,McG-B,mix_5383540067d5,participant_mcg_mcg_x,McG,mixer_id=McG-B; legacy_mix_code=McG-B; mixer_institution_code=McG,false,,"No explicit participant-to-mixer identity mapping or creator/evaluator flag found in evaluations.csv, mixes.csv, retained feature table, or SCHEMA.md.",false,Institution equality alone was not used as self-rating evidence.
evaluation_07d406f6ccd8,In The Meantime,McG-B,mix_5383540067d5,participant_qm_qm_21,QM,mixer_id=McG-B; legacy_mix_code=McG-B; mixer_institution_code=McG,false,,"No explicit participant-to-mixer identity mapping or creator/evaluator flag found in evaluations.csv, mixes.csv, retained feature table, or SCHEMA.md.",false,Institution equality alone was not used as self-rating evidence.
evaluation_8d478d3aef34,In The Meantime,McG-B,mix_5383540067d5,participant_qm_qm_11,QM,mixer_id=McG-B; legacy_mix_code=McG-B; mixer_institution_code=McG,false,,"No explicit participant-to-mixer identity mapping or creator/evaluator flag found in evaluations.csv, mixes.csv, retained feature table, or SCHEMA.md.",false,Institution equality alone was not used as self-rating evidence.
evaluation_bb741fef7182,In The Meantime,McG-B,mix_5383540067d5,participant_qm_qm_16,QM,mixer_id=McG-B; legacy_mix_code=McG-B; mixer_institution_code=McG,false,,"No explicit participant-to-mixer identity mapping or creator/evaluator flag found in evaluations.csv, mixes.csv, retained feature table, or SCHEMA.md.",false,Institution equality alone was not used as self-rating evidence.
evaluation_1bf83e3cede3,In The Meantime,McG-B,mix_5383540067d5,participant_qm_qm_1,QM,mixer_id=McG-B; legacy_mix_code=McG-B; mixer_institution_code=McG,false,,"No explicit participant-to-mixer identity mapping or creator/evaluator flag found in evaluations.csv, mixes.csv, retained feature table, or SCHEMA.md.",false,Institution equality alone was not used as self-rating evidence.
evaluation_69c9d4f81a90,In The Meantime,McG-B,mix_5383540067d5,participant_qm_qm_6,QM,mixer_id=McG-B; legacy_mix_code=McG-B; mixer_institution_code=McG,false,,"No explicit participant-to-mixer identity mapping or creator/evaluator flag found in evaluations.csv, mixes.csv, retained feature table, or SCHEMA.md.",false,Institution equality alone was not used as self-rating evidence.
evaluation_70e476690656,In The Meantime,McG-B,mix_5383540067d5,participant_qm_qm_18,QM,mixer_id=McG-B; legacy_mix_code=McG-B; mixer_institution_code=McG,false,,"No explicit participant-to-mixer identity mapping or creator/evaluator flag found in evaluations.csv, mixes.csv, retained feature table, or SCHEMA.md.",false,Institution equality alone was not used as self-rating evidence.
evaluation_ebdc1131887f,In The Meantime,McG-B,mix_5383540067d5,participant_qm_qm_3,QM,mixer_id=McG-B; legacy_mix_code=McG-B; mixer_institution_code=McG,false,,"No explicit participant-to-mixer identity mapping or creator/evaluator flag found in evaluations.csv, mixes.csv, retained feature table, or SCHEMA.md.",false,Institution equality alone was not used as self-rating evidence.
evaluation_2698f27aa909,In The Meantime,McG-B,mix_5383540067d5,participant_qm_qm_9,QM,mixer_id=McG-B; legacy_mix_code=McG-B; mixer_institution_code=McG,false,,"No explicit participant-to-mixer identity mapping or creator/evaluator flag found in evaluations.csv, mixes.csv, retained feature table, or SCHEMA.md.",false,Institution equality alone was not used as self-rating evidence.
evaluation_0a1e9792fd7d,In The Meantime,McG-B,mix_5383540067d5,participant_qm_qm_13,QM,mixer_id=McG-B; legacy_mix_code=McG-B; mixer_institution_code=McG,false,,"No explicit participant-to-mixer identity mapping or creator/evaluator flag found in evaluations.csv, mixes.csv, retained feature table, or SCHEMA.md.",false,Institution equality alone was not used as self-rating evidence.
evaluation_e294a9715e23,In The Meantime,McG-B,mix_5383540067d5,participant_qm_qm_20,QM,mixer_id=McG-B; legacy_mix_code=McG-B; mixer_institution_code=McG,false,,"No explicit participant-to-mixer identity mapping or creator/evaluator flag found in evaluations.csv, mixes.csv, retained feature table, or SCHEMA.md.",false,Institution equality alone was not used as self-rating evidence.
evaluation_037b3a4d0306,In The Meantime,McG-B,mix_5383540067d5,participant_smc_smc_6,SMC,mixer_id=McG-B; legacy_mix_code=McG-B; mixer_institution_code=McG,false,,"No explicit participant-to-mixer identity mapping or creator/evaluator flag found in evaluations.csv, mixes.csv, retained feature table, or SCHEMA.md.",false,Institution equality alone was not used as self-rating evidence.
evaluation_29f5eae966dc,In The Meantime,McG-B,mix_5383540067d5,participant_smc_smc_5,SMC,mixer_id=McG-B; legacy_mix_code=McG-B; mixer_institution_code=McG,false,,"No explicit participant-to-mixer identity mapping or creator/evaluator flag found in evaluations.csv, mixes.csv, retained feature table, or SCHEMA.md.",false,Institution equality alone was not used as self-rating evidence.
evaluation_4ad33c855fa6,In The Meantime,McG-B,mix_5383540067d5,participant_smc_smc_20,SMC,mixer_id=McG-B; legacy_mix_code=McG-B; mixer_institution_code=McG,false,,"No explicit participant-to-mixer identity mapping or creator/evaluator flag found in evaluations.csv, mixes.csv, retained feature table, or SCHEMA.md.",false,Institution equality alone was not used as self-rating evidence.
evaluation_db3356620ab4,In The Meantime,McG-B,mix_5383540067d5,participant_smc_smc_24,SMC,mixer_id=McG-B; legacy_mix_code=McG-B; mixer_institution_code=McG,false,,"No explicit participant-to-mixer identity mapping or creator/evaluator flag found in evaluations.csv, mixes.csv, retained feature table, or SCHEMA.md.",false,Institution equality alone was not used as self-rating evidence.
evaluation_7e908d3e5eda,In The Meantime,McG-B,mix_5383540067d5,participant_smc_smc_8,SMC,mixer_id=McG-B; legacy_mix_code=McG-B; mixer_institution_code=McG,false,,"No explicit participant-to-mixer identity mapping or creator/evaluator flag found in evaluations.csv, mixes.csv, retained feature table, or SCHEMA.md.",false,Institution equality alone was not used as self-rating evidence.
evaluation_a56de0bf386d,In The Meantime,McG-B,mix_5383540067d5,participant_smc_smc_21,SMC,mixer_id=McG-B; legacy_mix_code=McG-B; mixer_institution_code=McG,false,,"No explicit participant-to-mixer identity mapping or creator/evaluator flag found in evaluations.csv, mixes.csv, retained feature table, or SCHEMA.md.",false,Institution equality alone was not used as self-rating evidence.
evaluation_5e0c777e1395,In The Meantime,McG-B,mix_5383540067d5,participant_ucp_ucp_a4,UCP,mixer_id=McG-B; legacy_mix_code=McG-B; mixer_institution_code=McG,false,,"No explicit participant-to-mixer identity mapping or creator/evaluator flag found in evaluations.csv, mixes.csv, retained feature table, or SCHEMA.md.",false,Institution equality alone was not used as self-rating evidence.
evaluation_04d4856ea051,In The Meantime,McG-B,mix_5383540067d5,participant_ucp_ucp_a2,UCP,mixer_id=McG-B; legacy_mix_code=McG-B; mixer_institution_code=McG,false,,"No explicit participant-to-mixer identity mapping or creator/evaluator flag found in evaluations.csv, mixes.csv, retained feature table, or SCHEMA.md.",false,Institution equality alone was not used as self-rating evidence.
evaluation_3cfce0f5cf51,In The Meantime,McG-B,mix_5383540067d5,participant_ucp_ucp_b2,UCP,mixer_id=McG-B; legacy_mix_code=McG-B; mixer_institution_code=McG,false,,"No explicit participant-to-mixer identity mapping or creator/evaluator flag found in evaluations.csv, mixes.csv, retained feature table, or SCHEMA.md.",false,Institution equality alone was not used as self-rating evidence.
evaluation_3bab646fbe96,In The Meantime,McG-B,mix_5383540067d5,participant_ucp_ucp_a5,UCP,mixer_id=McG-B; legacy_mix_code=McG-B; mixer_institution_code=McG,false,,"No explicit participant-to-mixer identity mapping or creator/evaluator flag found in evaluations.csv, mixes.csv, retained feature table, or SCHEMA.md.",false,Institution equality alone was not used as self-rating evidence.
evaluation_b9fa88a00b5e,In The Meantime,McG-B,mix_5383540067d5,participant_ucp_ucp_a1,UCP,mixer_id=McG-B; legacy_mix_code=McG-B; mixer_institution_code=McG,false,,"No explicit participant-to-mixer identity mapping or creator/evaluator flag found in evaluations.csv, mixes.csv, retained feature table, or SCHEMA.md.",false,Institution equality alone was not used as self-rating evidence.
evaluation_02ed9446db8d,In The Meantime,McG-B,mix_5383540067d5,participant_ucp_ucp_b3,UCP,mixer_id=McG-B; legacy_mix_code=McG-B; mixer_institution_code=McG,false,,"No explicit participant-to-mixer identity mapping or creator/evaluator flag found in evaluations.csv, mixes.csv, retained feature table, or SCHEMA.md.",false,Institution equality alone was not used as self-rating evidence.
evaluation_c643ea063e7f,In The Meantime,McG-B,mix_5383540067d5,participant_ucp_ucp_b4,UCP,mixer_id=McG-B; legacy_mix_code=McG-B; mixer_institution_code=McG,false,,"No explicit participant-to-mixer identity mapping or creator/evaluator flag found in evaluations.csv, mixes.csv, retained feature table, or SCHEMA.md.",false,Institution equality alone was not used as self-rating evidence.
evaluation_a769f39c5e00,In The Meantime,McG-B,mix_5383540067d5,participant_ucp_ucp_b5,UCP,mixer_id=McG-B; legacy_mix_code=McG-B; mixer_institution_code=McG,false,,"No explicit participant-to-mixer identity mapping or creator/evaluator flag found in evaluations.csv, mixes.csv, retained feature table, or SCHEMA.md.",false,Institution equality alone was not used as self-rating evidence.
evaluation_bb7491c2fd57,In The Meantime,McG-B,mix_5383540067d5,participant_ucp_ucp_b1,UCP,mixer_id=McG-B; legacy_mix_code=McG-B; mixer_institution_code=McG,false,,"No explicit participant-to-mixer identity mapping or creator/evaluator flag found in evaluations.csv, mixes.csv, retained feature table, or SCHEMA.md.",false,Institution equality alone was not used as self-rating evidence.
evaluation_8c19c5a3a4c8,In The Meantime,McG-B,mix_5383540067d5,participant_ucp_ucp_a3,UCP,mixer_id=McG-B; legacy_mix_code=McG-B; mixer_institution_code=McG,false,,"No explicit participant-to-mixer identity mapping or creator/evaluator flag found in evaluations.csv, mixes.csv, retained feature table, or SCHEMA.md.",false,Institution equality alone was not used as self-rating evidence.
evaluation_064148a77b2d,In The Meantime,McG-C,mix_145577f61939,participant_mcg_mcg_f,McG,mixer_id=McG-C; legacy_mix_code=McG-C; mixer_institution_code=McG,false,,"No explicit participant-to-mixer identity mapping or creator/evaluator flag found in evaluations.csv, mixes.csv, retained feature table, or SCHEMA.md.",false,Institution equality alone was not used as self-rating evidence.
evaluation_bf0b6a8ff273,In The Meantime,McG-C,mix_145577f61939,participant_mcg_mcg_pro1,McG,mixer_id=McG-C; legacy_mix_code=McG-C; mixer_institution_code=McG,false,,"No explicit participant-to-mixer identity mapping or creator/evaluator flag found in evaluations.csv, mixes.csv, retained feature table, or SCHEMA.md.",false,Institution equality alone was not used as self-rating evidence.
evaluation_26d25479ea5a,In The Meantime,McG-C,mix_145577f61939,participant_mcg_mcg_t,McG,mixer_id=McG-C; legacy_mix_code=McG-C; mixer_institution_code=McG,false,,"No explicit participant-to-mixer identity mapping or creator/evaluator flag found in evaluations.csv, mixes.csv, retained feature table, or SCHEMA.md.",false,Institution equality alone was not used as self-rating evidence.
evaluation_bfc3ccc53bc6,In The Meantime,McG-C,mix_145577f61939,participant_mcg_mcg_pro2,McG,mixer_id=McG-C; legacy_mix_code=McG-C; mixer_institution_code=McG,false,,"No explicit participant-to-mixer identity mapping or creator/evaluator flag found in evaluations.csv, mixes.csv, retained feature table, or SCHEMA.md.",false,Institution equality alone was not used as self-rating evidence.
evaluation_0b097177982a,In The Meantime,McG-C,mix_145577f61939,participant_mcg_mcg_r,McG,mixer_id=McG-C; legacy_mix_code=McG-C; mixer_institution_code=McG,false,,"No explicit participant-to-mixer identity mapping or creator/evaluator flag found in evaluations.csv, mixes.csv, retained feature table, or SCHEMA.md.",false,Institution equality alone was not used as self-rating evidence.
evaluation_72f796e9358d,In The Meantime,McG-C,mix_145577f61939,participant_mcg_mcg_c,McG,mixer_id=McG-C; legacy_mix_code=McG-C; mixer_institution_code=McG,false,,"No explicit participant-to-mixer identity mapping or creator/evaluator flag found in evaluations.csv, mixes.csv, retained feature table, or SCHEMA.md.",false,Institution equality alone was not used as self-rating evidence.
evaluation_50206d930ea8,In The Meantime,McG-C,mix_145577f61939,participant_mcg_mcg_q,McG,mixer_id=McG-C; legacy_mix_code=McG-C; mixer_institution_code=McG,false,,"No explicit participant-to-mixer identity mapping or creator/evaluator flag found in evaluations.csv, mixes.csv, retained feature table, or SCHEMA.md.",false,Institution equality alone was not used as self-rating evidence.
evaluation_def416370411,In The Meantime,McG-C,mix_145577f61939,participant_mcg_mcg_b,McG,mixer_id=McG-C; legacy_mix_code=McG-C; mixer_institution_code=McG,false,,"No explicit participant-to-mixer identity mapping or creator/evaluator flag found in evaluations.csv, mixes.csv, retained feature table, or SCHEMA.md.",false,Institution equality alone was not used as self-rating evidence.
evaluation_d598eb4e47e6,In The Meantime,McG-C,mix_145577f61939,participant_mcg_mcg_s,McG,mixer_id=McG-C; legacy_mix_code=McG-C; mixer_institution_code=McG,false,,"No explicit participant-to-mixer identity mapping or creator/evaluator flag found in evaluations.csv, mixes.csv, retained feature table, or SCHEMA.md.",false,Institution equality alone was not used as self-rating evidence.
evaluation_96a20d8fc8be,In The Meantime,McG-C,mix_145577f61939,participant_mcg_mcg_h,McG,mixer_id=McG-C; legacy_mix_code=McG-C; mixer_institution_code=McG,false,,"No explicit participant-to-mixer identity mapping or creator/evaluator flag found in evaluations.csv, mixes.csv, retained feature table, or SCHEMA.md.",false,Institution equality alone was not used as self-rating evidence.
evaluation_4853118c8dbf,In The Meantime,McG-C,mix_145577f61939,participant_mcg_mcg_subc,McG,mixer_id=McG-C; legacy_mix_code=McG-C; mixer_institution_code=McG,false,,"No explicit participant-to-mixer identity mapping or creator/evaluator flag found in evaluations.csv, mixes.csv, retained feature table, or SCHEMA.md.",false,Institution equality alone was not used as self-rating evidence.
evaluation_c32146462645,In The Meantime,McG-C,mix_145577f61939,participant_mcg_mcg_w,McG,mixer_id=McG-C; legacy_mix_code=McG-C; mixer_institution_code=McG,false,,"No explicit participant-to-mixer identity mapping or creator/evaluator flag found in evaluations.csv, mixes.csv, retained feature table, or SCHEMA.md.",false,Institution equality alone was not used as self-rating evidence.
evaluation_fcfb70c1c263,In The Meantime,McG-C,mix_145577f61939,participant_mcg_mcg_sube,McG,mixer_id=McG-C; legacy_mix_code=McG-C; mixer_institution_code=McG,false,,"No explicit participant-to-mixer identity mapping or creator/evaluator flag found in evaluations.csv, mixes.csv, retained feature table, or SCHEMA.md.",false,Institution equality alone was not used as self-rating evidence.
evaluation_56728669e433,In The Meantime,McG-C,mix_145577f61939,participant_mcg_mcg_d,McG,mixer_id=McG-C; legacy_mix_code=McG-C; mixer_institution_code=McG,false,,"No explicit participant-to-mixer identity mapping or creator/evaluator flag found in evaluations.csv, mixes.csv, retained feature table, or SCHEMA.md.",false,Institution equality alone was not used as self-rating evidence.
evaluation_de070982dc01,In The Meantime,McG-C,mix_145577f61939,participant_mcg_mcg_e,McG,mixer_id=McG-C; legacy_mix_code=McG-C; mixer_institution_code=McG,false,,"No explicit participant-to-mixer identity mapping or creator/evaluator flag found in evaluations.csv, mixes.csv, retained feature table, or SCHEMA.md.",false,Institution equality alone was not used as self-rating evidence.
evaluation_5afb5199b0d4,In The Meantime,McG-C,mix_145577f61939,participant_mcg_mcg_subd,McG,mixer_id=McG-C; legacy_mix_code=McG-C; mixer_institution_code=McG,false,,"No explicit participant-to-mixer identity mapping or creator/evaluator flag found in evaluations.csv, mixes.csv, retained feature table, or SCHEMA.md.",false,Institution equality alone was not used as self-rating evidence.
evaluation_9840cce841e2,In The Meantime,McG-C,mix_145577f61939,participant_mcg_mcg_v,McG,mixer_id=McG-C; legacy_mix_code=McG-C; mixer_institution_code=McG,false,,"No explicit participant-to-mixer identity mapping or creator/evaluator flag found in evaluations.csv, mixes.csv, retained feature table, or SCHEMA.md.",false,Institution equality alone was not used as self-rating evidence.
evaluation_2c7b792fe40f,In The Meantime,McG-C,mix_145577f61939,participant_mcg_mcg_subg,McG,mixer_id=McG-C; legacy_mix_code=McG-C; mixer_institution_code=McG,false,,"No explicit participant-to-mixer identity mapping or creator/evaluator flag found in evaluations.csv, mixes.csv, retained feature table, or SCHEMA.md.",false,Institution equality alone was not used as self-rating evidence.
evaluation_585928e1bf03,In The Meantime,McG-C,mix_145577f61939,participant_mcg_mcg_subb,McG,mixer_id=McG-C; legacy_mix_code=McG-C; mixer_institution_code=McG,false,,"No explicit participant-to-mixer identity mapping or creator/evaluator flag found in evaluations.csv, mixes.csv, retained feature table, or SCHEMA.md.",false,Institution equality alone was not used as self-rating evidence.
evaluation_365323b21094,In The Meantime,McG-C,mix_145577f61939,participant_mcg_mcg_u,McG,mixer_id=McG-C; legacy_mix_code=McG-C; mixer_institution_code=McG,false,,"No explicit participant-to-mixer identity mapping or creator/evaluator flag found in evaluations.csv, mixes.csv, retained feature table, or SCHEMA.md.",false,Institution equality alone was not used as self-rating evidence.
evaluation_950301b59171,In The Meantime,McG-C,mix_145577f61939,participant_mcg_mcg_g,McG,mixer_id=McG-C; legacy_mix_code=McG-C; mixer_institution_code=McG,false,,"No explicit participant-to-mixer identity mapping or creator/evaluator flag found in evaluations.csv, mixes.csv, retained feature table, or SCHEMA.md.",false,Institution equality alone was not used as self-rating evidence.
evaluation_36f6365faed8,In The Meantime,McG-C,mix_145577f61939,participant_mcg_mcg_a,McG,mixer_id=McG-C; legacy_mix_code=McG-C; mixer_institution_code=McG,false,,"No explicit participant-to-mixer identity mapping or creator/evaluator flag found in evaluations.csv, mixes.csv, retained feature table, or SCHEMA.md.",false,Institution equality alone was not used as self-rating evidence.
evaluation_a5d76ef57bc7,In The Meantime,McG-C,mix_145577f61939,participant_mcg_mcg_x,McG,mixer_id=McG-C; legacy_mix_code=McG-C; mixer_institution_code=McG,false,,"No explicit participant-to-mixer identity mapping or creator/evaluator flag found in evaluations.csv, mixes.csv, retained feature table, or SCHEMA.md.",false,Institution equality alone was not used as self-rating evidence.
evaluation_f47e82aa0356,In The Meantime,McG-C,mix_145577f61939,participant_qm_qm_21,QM,mixer_id=McG-C; legacy_mix_code=McG-C; mixer_institution_code=McG,false,,"No explicit participant-to-mixer identity mapping or creator/evaluator flag found in evaluations.csv, mixes.csv, retained feature table, or SCHEMA.md.",false,Institution equality alone was not used as self-rating evidence.
evaluation_39b841cc587d,In The Meantime,McG-C,mix_145577f61939,participant_qm_qm_11,QM,mixer_id=McG-C; legacy_mix_code=McG-C; mixer_institution_code=McG,false,,"No explicit participant-to-mixer identity mapping or creator/evaluator flag found in evaluations.csv, mixes.csv, retained feature table, or SCHEMA.md.",false,Institution equality alone was not used as self-rating evidence.
evaluation_2ba7aedfba84,In The Meantime,McG-C,mix_145577f61939,participant_qm_qm_16,QM,mixer_id=McG-C; legacy_mix_code=McG-C; mixer_institution_code=McG,false,,"No explicit participant-to-mixer identity mapping or creator/evaluator flag found in evaluations.csv, mixes.csv, retained feature table, or SCHEMA.md.",false,Institution equality alone was not used as self-rating evidence.
evaluation_3393af59882c,In The Meantime,McG-C,mix_145577f61939,participant_qm_qm_1,QM,mixer_id=McG-C; legacy_mix_code=McG-C; mixer_institution_code=McG,false,,"No explicit participant-to-mixer identity mapping or creator/evaluator flag found in evaluations.csv, mixes.csv, retained feature table, or SCHEMA.md.",false,Institution equality alone was not used as self-rating evidence.
evaluation_5daaac64af6e,In The Meantime,McG-C,mix_145577f61939,participant_qm_qm_6,QM,mixer_id=McG-C; legacy_mix_code=McG-C; mixer_institution_code=McG,false,,"No explicit participant-to-mixer identity mapping or creator/evaluator flag found in evaluations.csv, mixes.csv, retained feature table, or SCHEMA.md.",false,Institution equality alone was not used as self-rating evidence.
evaluation_5f400d57b766,In The Meantime,McG-C,mix_145577f61939,participant_qm_qm_18,QM,mixer_id=McG-C; legacy_mix_code=McG-C; mixer_institution_code=McG,false,,"No explicit participant-to-mixer identity mapping or creator/evaluator flag found in evaluations.csv, mixes.csv, retained feature table, or SCHEMA.md.",false,Institution equality alone was not used as self-rating evidence.
evaluation_ba845c61fa90,In The Meantime,McG-C,mix_145577f61939,participant_qm_qm_3,QM,mixer_id=McG-C; legacy_mix_code=McG-C; mixer_institution_code=McG,false,,"No explicit participant-to-mixer identity mapping or creator/evaluator flag found in evaluations.csv, mixes.csv, retained feature table, or SCHEMA.md.",false,Institution equality alone was not used as self-rating evidence.
evaluation_31cceeb99f4f,In The Meantime,McG-C,mix_145577f61939,participant_qm_qm_9,QM,mixer_id=McG-C; legacy_mix_code=McG-C; mixer_institution_code=McG,false,,"No explicit participant-to-mixer identity mapping or creator/evaluator flag found in evaluations.csv, mixes.csv, retained feature table, or SCHEMA.md.",false,Institution equality alone was not used as self-rating evidence.
evaluation_822525662e8e,In The Meantime,McG-C,mix_145577f61939,participant_qm_qm_13,QM,mixer_id=McG-C; legacy_mix_code=McG-C; mixer_institution_code=McG,false,,"No explicit participant-to-mixer identity mapping or creator/evaluator flag found in evaluations.csv, mixes.csv, retained feature table, or SCHEMA.md.",false,Institution equality alone was not used as self-rating evidence.
evaluation_2b7bfd9f3bac,In The Meantime,McG-C,mix_145577f61939,participant_qm_qm_20,QM,mixer_id=McG-C; legacy_mix_code=McG-C; mixer_institution_code=McG,false,,"No explicit participant-to-mixer identity mapping or creator/evaluator flag found in evaluations.csv, mixes.csv, retained feature table, or SCHEMA.md.",false,Institution equality alone was not used as self-rating evidence.
evaluation_e2420b0d8f20,In The Meantime,McG-C,mix_145577f61939,participant_smc_smc_6,SMC,mixer_id=McG-C; legacy_mix_code=McG-C; mixer_institution_code=McG,false,,"No explicit participant-to-mixer identity mapping or creator/evaluator flag found in evaluations.csv, mixes.csv, retained feature table, or SCHEMA.md.",false,Institution equality alone was not used as self-rating evidence.
evaluation_212a83ea7609,In The Meantime,McG-C,mix_145577f61939,participant_smc_smc_5,SMC,mixer_id=McG-C; legacy_mix_code=McG-C; mixer_institution_code=McG,false,,"No explicit participant-to-mixer identity mapping or creator/evaluator flag found in evaluations.csv, mixes.csv, retained feature table, or SCHEMA.md.",false,Institution equality alone was not used as self-rating evidence.
evaluation_1348ab3508d6,In The Meantime,McG-C,mix_145577f61939,participant_smc_smc_20,SMC,mixer_id=McG-C; legacy_mix_code=McG-C; mixer_institution_code=McG,false,,"No explicit participant-to-mixer identity mapping or creator/evaluator flag found in evaluations.csv, mixes.csv, retained feature table, or SCHEMA.md.",false,Institution equality alone was not used as self-rating evidence.
evaluation_385018027d3f,In The Meantime,McG-C,mix_145577f61939,participant_smc_smc_24,SMC,mixer_id=McG-C; legacy_mix_code=McG-C; mixer_institution_code=McG,false,,"No explicit participant-to-mixer identity mapping or creator/evaluator flag found in evaluations.csv, mixes.csv, retained feature table, or SCHEMA.md.",false,Institution equality alone was not used as self-rating evidence.
evaluation_8278548e1f55,In The Meantime,McG-C,mix_145577f61939,participant_smc_smc_8,SMC,mixer_id=McG-C; legacy_mix_code=McG-C; mixer_institution_code=McG,false,,"No explicit participant-to-mixer identity mapping or creator/evaluator flag found in evaluations.csv, mixes.csv, retained feature table, or SCHEMA.md.",false,Institution equality alone was not used as self-rating evidence.
evaluation_f2b72e4f939f,In The Meantime,McG-C,mix_145577f61939,participant_smc_smc_21,SMC,mixer_id=McG-C; legacy_mix_code=McG-C; mixer_institution_code=McG,false,,"No explicit participant-to-mixer identity mapping or creator/evaluator flag found in evaluations.csv, mixes.csv, retained feature table, or SCHEMA.md.",false,Institution equality alone was not used as self-rating evidence.
evaluation_5ea3ebbc5714,In The Meantime,McG-C,mix_145577f61939,participant_ucp_ucp_a4,UCP,mixer_id=McG-C; legacy_mix_code=McG-C; mixer_institution_code=McG,false,,"No explicit participant-to-mixer identity mapping or creator/evaluator flag found in evaluations.csv, mixes.csv, retained feature table, or SCHEMA.md.",false,Institution equality alone was not used as self-rating evidence.
evaluation_ed2de292fc6a,In The Meantime,McG-C,mix_145577f61939,participant_ucp_ucp_a2,UCP,mixer_id=McG-C; legacy_mix_code=McG-C; mixer_institution_code=McG,false,,"No explicit participant-to-mixer identity mapping or creator/evaluator flag found in evaluations.csv, mixes.csv, retained feature table, or SCHEMA.md.",false,Institution equality alone was not used as self-rating evidence.
evaluation_6b9ae1ba83d8,In The Meantime,McG-C,mix_145577f61939,participant_ucp_ucp_b2,UCP,mixer_id=McG-C; legacy_mix_code=McG-C; mixer_institution_code=McG,false,,"No explicit participant-to-mixer identity mapping or creator/evaluator flag found in evaluations.csv, mixes.csv, retained feature table, or SCHEMA.md.",false,Institution equality alone was not used as self-rating evidence.
evaluation_e16f18c276c7,In The Meantime,McG-C,mix_145577f61939,participant_ucp_ucp_a5,UCP,mixer_id=McG-C; legacy_mix_code=McG-C; mixer_institution_code=McG,false,,"No explicit participant-to-mixer identity mapping or creator/evaluator flag found in evaluations.csv, mixes.csv, retained feature table, or SCHEMA.md.",false,Institution equality alone was not used as self-rating evidence.
evaluation_06000f42e06f,In The Meantime,McG-C,mix_145577f61939,participant_ucp_ucp_a1,UCP,mixer_id=McG-C; legacy_mix_code=McG-C; mixer_institution_code=McG,false,,"No explicit participant-to-mixer identity mapping or creator/evaluator flag found in evaluations.csv, mixes.csv, retained feature table, or SCHEMA.md.",false,Institution equality alone was not used as self-rating evidence.
evaluation_83616613d105,In The Meantime,McG-C,mix_145577f61939,participant_ucp_ucp_b3,UCP,mixer_id=McG-C; legacy_mix_code=McG-C; mixer_institution_code=McG,false,,"No explicit participant-to-mixer identity mapping or creator/evaluator flag found in evaluations.csv, mixes.csv, retained feature table, or SCHEMA.md.",false,Institution equality alone was not used as self-rating evidence.
evaluation_fc3493f5c367,In The Meantime,McG-C,mix_145577f61939,participant_ucp_ucp_b4,UCP,mixer_id=McG-C; legacy_mix_code=McG-C; mixer_institution_code=McG,false,,"No explicit participant-to-mixer identity mapping or creator/evaluator flag found in evaluations.csv, mixes.csv, retained feature table, or SCHEMA.md.",false,Institution equality alone was not used as self-rating evidence.
evaluation_c8930b609aed,In The Meantime,McG-C,mix_145577f61939,participant_ucp_ucp_b5,UCP,mixer_id=McG-C; legacy_mix_code=McG-C; mixer_institution_code=McG,false,,"No explicit participant-to-mixer identity mapping or creator/evaluator flag found in evaluations.csv, mixes.csv, retained feature table, or SCHEMA.md.",false,Institution equality alone was not used as self-rating evidence.
evaluation_60287c265520,In The Meantime,McG-C,mix_145577f61939,participant_ucp_ucp_b1,UCP,mixer_id=McG-C; legacy_mix_code=McG-C; mixer_institution_code=McG,false,,"No explicit participant-to-mixer identity mapping or creator/evaluator flag found in evaluations.csv, mixes.csv, retained feature table, or SCHEMA.md.",false,Institution equality alone was not used as self-rating evidence.
evaluation_abc02b123b01,In The Meantime,McG-C,mix_145577f61939,participant_ucp_ucp_a3,UCP,mixer_id=McG-C; legacy_mix_code=McG-C; mixer_institution_code=McG,false,,"No explicit participant-to-mixer identity mapping or creator/evaluator flag found in evaluations.csv, mixes.csv, retained feature table, or SCHEMA.md.",false,Institution equality alone was not used as self-rating evidence.
evaluation_9d4bf2416a4a,In The Meantime,McG-D,mix_da9f94cae537,participant_mcg_mcg_f,McG,mixer_id=McG-D; legacy_mix_code=McG-D; mixer_institution_code=McG,false,,"No explicit participant-to-mixer identity mapping or creator/evaluator flag found in evaluations.csv, mixes.csv, retained feature table, or SCHEMA.md.",false,Institution equality alone was not used as self-rating evidence.
evaluation_b2fb3ff7a51f,In The Meantime,McG-D,mix_da9f94cae537,participant_mcg_mcg_pro1,McG,mixer_id=McG-D; legacy_mix_code=McG-D; mixer_institution_code=McG,false,,"No explicit participant-to-mixer identity mapping or creator/evaluator flag found in evaluations.csv, mixes.csv, retained feature table, or SCHEMA.md.",false,Institution equality alone was not used as self-rating evidence.
evaluation_2a6d183f6d5c,In The Meantime,McG-D,mix_da9f94cae537,participant_mcg_mcg_t,McG,mixer_id=McG-D; legacy_mix_code=McG-D; mixer_institution_code=McG,false,,"No explicit participant-to-mixer identity mapping or creator/evaluator flag found in evaluations.csv, mixes.csv, retained feature table, or SCHEMA.md.",false,Institution equality alone was not used as self-rating evidence.
evaluation_e43b7a5d8036,In The Meantime,McG-D,mix_da9f94cae537,participant_mcg_mcg_pro2,McG,mixer_id=McG-D; legacy_mix_code=McG-D; mixer_institution_code=McG,false,,"No explicit participant-to-mixer identity mapping or creator/evaluator flag found in evaluations.csv, mixes.csv, retained feature table, or SCHEMA.md.",false,Institution equality alone was not used as self-rating evidence.
evaluation_010242d55a77,In The Meantime,McG-D,mix_da9f94cae537,participant_mcg_mcg_r,McG,mixer_id=McG-D; legacy_mix_code=McG-D; mixer_institution_code=McG,false,,"No explicit participant-to-mixer identity mapping or creator/evaluator flag found in evaluations.csv, mixes.csv, retained feature table, or SCHEMA.md.",false,Institution equality alone was not used as self-rating evidence.
evaluation_4efbe1b79dfa,In The Meantime,McG-D,mix_da9f94cae537,participant_mcg_mcg_c,McG,mixer_id=McG-D; legacy_mix_code=McG-D; mixer_institution_code=McG,false,,"No explicit participant-to-mixer identity mapping or creator/evaluator flag found in evaluations.csv, mixes.csv, retained feature table, or SCHEMA.md.",false,Institution equality alone was not used as self-rating evidence.
evaluation_010433b5b986,In The Meantime,McG-D,mix_da9f94cae537,participant_mcg_mcg_q,McG,mixer_id=McG-D; legacy_mix_code=McG-D; mixer_institution_code=McG,false,,"No explicit participant-to-mixer identity mapping or creator/evaluator flag found in evaluations.csv, mixes.csv, retained feature table, or SCHEMA.md.",false,Institution equality alone was not used as self-rating evidence.
evaluation_6aaa6d82c399,In The Meantime,McG-D,mix_da9f94cae537,participant_mcg_mcg_b,McG,mixer_id=McG-D; legacy_mix_code=McG-D; mixer_institution_code=McG,false,,"No explicit participant-to-mixer identity mapping or creator/evaluator flag found in evaluations.csv, mixes.csv, retained feature table, or SCHEMA.md.",false,Institution equality alone was not used as self-rating evidence.
evaluation_85e19f504648,In The Meantime,McG-D,mix_da9f94cae537,participant_mcg_mcg_s,McG,mixer_id=McG-D; legacy_mix_code=McG-D; mixer_institution_code=McG,false,,"No explicit participant-to-mixer identity mapping or creator/evaluator flag found in evaluations.csv, mixes.csv, retained feature table, or SCHEMA.md.",false,Institution equality alone was not used as self-rating evidence.
evaluation_f06d80cd971d,In The Meantime,McG-D,mix_da9f94cae537,participant_mcg_mcg_h,McG,mixer_id=McG-D; legacy_mix_code=McG-D; mixer_institution_code=McG,false,,"No explicit participant-to-mixer identity mapping or creator/evaluator flag found in evaluations.csv, mixes.csv, retained feature table, or SCHEMA.md.",false,Institution equality alone was not used as self-rating evidence.
evaluation_a91d97679722,In The Meantime,McG-D,mix_da9f94cae537,participant_mcg_mcg_subc,McG,mixer_id=McG-D; legacy_mix_code=McG-D; mixer_institution_code=McG,false,,"No explicit participant-to-mixer identity mapping or creator/evaluator flag found in evaluations.csv, mixes.csv, retained feature table, or SCHEMA.md.",false,Institution equality alone was not used as self-rating evidence.
evaluation_ac328d3f2825,In The Meantime,McG-D,mix_da9f94cae537,participant_mcg_mcg_w,McG,mixer_id=McG-D; legacy_mix_code=McG-D; mixer_institution_code=McG,false,,"No explicit participant-to-mixer identity mapping or creator/evaluator flag found in evaluations.csv, mixes.csv, retained feature table, or SCHEMA.md.",false,Institution equality alone was not used as self-rating evidence.
evaluation_ea08f89c82a4,In The Meantime,McG-D,mix_da9f94cae537,participant_mcg_mcg_sube,McG,mixer_id=McG-D; legacy_mix_code=McG-D; mixer_institution_code=McG,false,,"No explicit participant-to-mixer identity mapping or creator/evaluator flag found in evaluations.csv, mixes.csv, retained feature table, or SCHEMA.md.",false,Institution equality alone was not used as self-rating evidence.
evaluation_fabecb83cc07,In The Meantime,McG-D,mix_da9f94cae537,participant_mcg_mcg_d,McG,mixer_id=McG-D; legacy_mix_code=McG-D; mixer_institution_code=McG,false,,"No explicit participant-to-mixer identity mapping or creator/evaluator flag found in evaluations.csv, mixes.csv, retained feature table, or SCHEMA.md.",false,Institution equality alone was not used as self-rating evidence.
evaluation_842e78cd1720,In The Meantime,McG-D,mix_da9f94cae537,participant_mcg_mcg_e,McG,mixer_id=McG-D; legacy_mix_code=McG-D; mixer_institution_code=McG,false,,"No explicit participant-to-mixer identity mapping or creator/evaluator flag found in evaluations.csv, mixes.csv, retained feature table, or SCHEMA.md.",false,Institution equality alone was not used as self-rating evidence.
evaluation_5da5148fa41b,In The Meantime,McG-D,mix_da9f94cae537,participant_mcg_mcg_subd,McG,mixer_id=McG-D; legacy_mix_code=McG-D; mixer_institution_code=McG,false,,"No explicit participant-to-mixer identity mapping or creator/evaluator flag found in evaluations.csv, mixes.csv, retained feature table, or SCHEMA.md.",false,Institution equality alone was not used as self-rating evidence.
evaluation_f23347c758b6,In The Meantime,McG-D,mix_da9f94cae537,participant_mcg_mcg_v,McG,mixer_id=McG-D; legacy_mix_code=McG-D; mixer_institution_code=McG,false,,"No explicit participant-to-mixer identity mapping or creator/evaluator flag found in evaluations.csv, mixes.csv, retained feature table, or SCHEMA.md.",false,Institution equality alone was not used as self-rating evidence.
evaluation_d10fe078d737,In The Meantime,McG-D,mix_da9f94cae537,participant_mcg_mcg_subg,McG,mixer_id=McG-D; legacy_mix_code=McG-D; mixer_institution_code=McG,false,,"No explicit participant-to-mixer identity mapping or creator/evaluator flag found in evaluations.csv, mixes.csv, retained feature table, or SCHEMA.md.",false,Institution equality alone was not used as self-rating evidence.
evaluation_e2ef83f7490d,In The Meantime,McG-D,mix_da9f94cae537,participant_mcg_mcg_subb,McG,mixer_id=McG-D; legacy_mix_code=McG-D; mixer_institution_code=McG,false,,"No explicit participant-to-mixer identity mapping or creator/evaluator flag found in evaluations.csv, mixes.csv, retained feature table, or SCHEMA.md.",false,Institution equality alone was not used as self-rating evidence.
evaluation_fc54ad1c24a2,In The Meantime,McG-D,mix_da9f94cae537,participant_mcg_mcg_u,McG,mixer_id=McG-D; legacy_mix_code=McG-D; mixer_institution_code=McG,false,,"No explicit participant-to-mixer identity mapping or creator/evaluator flag found in evaluations.csv, mixes.csv, retained feature table, or SCHEMA.md.",false,Institution equality alone was not used as self-rating evidence.
evaluation_5845c79544d0,In The Meantime,McG-D,mix_da9f94cae537,participant_mcg_mcg_g,McG,mixer_id=McG-D; legacy_mix_code=McG-D; mixer_institution_code=McG,false,,"No explicit participant-to-mixer identity mapping or creator/evaluator flag found in evaluations.csv, mixes.csv, retained feature table, or SCHEMA.md.",false,Institution equality alone was not used as self-rating evidence.
evaluation_d0198ccca806,In The Meantime,McG-D,mix_da9f94cae537,participant_mcg_mcg_a,McG,mixer_id=McG-D; legacy_mix_code=McG-D; mixer_institution_code=McG,false,,"No explicit participant-to-mixer identity mapping or creator/evaluator flag found in evaluations.csv, mixes.csv, retained feature table, or SCHEMA.md.",false,Institution equality alone was not used as self-rating evidence.
evaluation_a2f4d019ebb6,In The Meantime,McG-D,mix_da9f94cae537,participant_mcg_mcg_x,McG,mixer_id=McG-D; legacy_mix_code=McG-D; mixer_institution_code=McG,false,,"No explicit participant-to-mixer identity mapping or creator/evaluator flag found in evaluations.csv, mixes.csv, retained feature table, or SCHEMA.md.",false,Institution equality alone was not used as self-rating evidence.
evaluation_5ba5114a33b6,In The Meantime,McG-D,mix_da9f94cae537,participant_qm_qm_21,QM,mixer_id=McG-D; legacy_mix_code=McG-D; mixer_institution_code=McG,false,,"No explicit participant-to-mixer identity mapping or creator/evaluator flag found in evaluations.csv, mixes.csv, retained feature table, or SCHEMA.md.",false,Institution equality alone was not used as self-rating evidence.
evaluation_cddfb00787e3,In The Meantime,McG-D,mix_da9f94cae537,participant_qm_qm_11,QM,mixer_id=McG-D; legacy_mix_code=McG-D; mixer_institution_code=McG,false,,"No explicit participant-to-mixer identity mapping or creator/evaluator flag found in evaluations.csv, mixes.csv, retained feature table, or SCHEMA.md.",false,Institution equality alone was not used as self-rating evidence.
evaluation_a1c625639f11,In The Meantime,McG-D,mix_da9f94cae537,participant_qm_qm_16,QM,mixer_id=McG-D; legacy_mix_code=McG-D; mixer_institution_code=McG,false,,"No explicit participant-to-mixer identity mapping or creator/evaluator flag found in evaluations.csv, mixes.csv, retained feature table, or SCHEMA.md.",false,Institution equality alone was not used as self-rating evidence.
evaluation_6c84d56b1147,In The Meantime,McG-D,mix_da9f94cae537,participant_qm_qm_1,QM,mixer_id=McG-D; legacy_mix_code=McG-D; mixer_institution_code=McG,false,,"No explicit participant-to-mixer identity mapping or creator/evaluator flag found in evaluations.csv, mixes.csv, retained feature table, or SCHEMA.md.",false,Institution equality alone was not used as self-rating evidence.
evaluation_45a53d5feede,In The Meantime,McG-D,mix_da9f94cae537,participant_qm_qm_6,QM,mixer_id=McG-D; legacy_mix_code=McG-D; mixer_institution_code=McG,false,,"No explicit participant-to-mixer identity mapping or creator/evaluator flag found in evaluations.csv, mixes.csv, retained feature table, or SCHEMA.md.",false,Institution equality alone was not used as self-rating evidence.
evaluation_b687d3709420,In The Meantime,McG-D,mix_da9f94cae537,participant_qm_qm_18,QM,mixer_id=McG-D; legacy_mix_code=McG-D; mixer_institution_code=McG,false,,"No explicit participant-to-mixer identity mapping or creator/evaluator flag found in evaluations.csv, mixes.csv, retained feature table, or SCHEMA.md.",false,Institution equality alone was not used as self-rating evidence.
evaluation_d3706dbe0e23,In The Meantime,McG-D,mix_da9f94cae537,participant_qm_qm_3,QM,mixer_id=McG-D; legacy_mix_code=McG-D; mixer_institution_code=McG,false,,"No explicit participant-to-mixer identity mapping or creator/evaluator flag found in evaluations.csv, mixes.csv, retained feature table, or SCHEMA.md.",false,Institution equality alone was not used as self-rating evidence.
evaluation_4e0aa49562f6,In The Meantime,McG-D,mix_da9f94cae537,participant_qm_qm_9,QM,mixer_id=McG-D; legacy_mix_code=McG-D; mixer_institution_code=McG,false,,"No explicit participant-to-mixer identity mapping or creator/evaluator flag found in evaluations.csv, mixes.csv, retained feature table, or SCHEMA.md.",false,Institution equality alone was not used as self-rating evidence.
evaluation_96035a9df57f,In The Meantime,McG-D,mix_da9f94cae537,participant_qm_qm_13,QM,mixer_id=McG-D; legacy_mix_code=McG-D; mixer_institution_code=McG,false,,"No explicit participant-to-mixer identity mapping or creator/evaluator flag found in evaluations.csv, mixes.csv, retained feature table, or SCHEMA.md.",false,Institution equality alone was not used as self-rating evidence.
evaluation_92ada0151a4e,In The Meantime,McG-D,mix_da9f94cae537,participant_qm_qm_20,QM,mixer_id=McG-D; legacy_mix_code=McG-D; mixer_institution_code=McG,false,,"No explicit participant-to-mixer identity mapping or creator/evaluator flag found in evaluations.csv, mixes.csv, retained feature table, or SCHEMA.md.",false,Institution equality alone was not used as self-rating evidence.
evaluation_fc4804c5a629,In The Meantime,McG-D,mix_da9f94cae537,participant_smc_smc_6,SMC,mixer_id=McG-D; legacy_mix_code=McG-D; mixer_institution_code=McG,false,,"No explicit participant-to-mixer identity mapping or creator/evaluator flag found in evaluations.csv, mixes.csv, retained feature table, or SCHEMA.md.",false,Institution equality alone was not used as self-rating evidence.
evaluation_798f51014133,In The Meantime,McG-D,mix_da9f94cae537,participant_smc_smc_5,SMC,mixer_id=McG-D; legacy_mix_code=McG-D; mixer_institution_code=McG,false,,"No explicit participant-to-mixer identity mapping or creator/evaluator flag found in evaluations.csv, mixes.csv, retained feature table, or SCHEMA.md.",false,Institution equality alone was not used as self-rating evidence.
evaluation_579e3db44750,In The Meantime,McG-D,mix_da9f94cae537,participant_smc_smc_20,SMC,mixer_id=McG-D; legacy_mix_code=McG-D; mixer_institution_code=McG,false,,"No explicit participant-to-mixer identity mapping or creator/evaluator flag found in evaluations.csv, mixes.csv, retained feature table, or SCHEMA.md.",false,Institution equality alone was not used as self-rating evidence.
evaluation_138dd4424fee,In The Meantime,McG-D,mix_da9f94cae537,participant_smc_smc_24,SMC,mixer_id=McG-D; legacy_mix_code=McG-D; mixer_institution_code=McG,false,,"No explicit participant-to-mixer identity mapping or creator/evaluator flag found in evaluations.csv, mixes.csv, retained feature table, or SCHEMA.md.",false,Institution equality alone was not used as self-rating evidence.
evaluation_d372db4aa248,In The Meantime,McG-D,mix_da9f94cae537,participant_smc_smc_8,SMC,mixer_id=McG-D; legacy_mix_code=McG-D; mixer_institution_code=McG,false,,"No explicit participant-to-mixer identity mapping or creator/evaluator flag found in evaluations.csv, mixes.csv, retained feature table, or SCHEMA.md.",false,Institution equality alone was not used as self-rating evidence.
evaluation_f6459e8e1264,In The Meantime,McG-D,mix_da9f94cae537,participant_smc_smc_21,SMC,mixer_id=McG-D; legacy_mix_code=McG-D; mixer_institution_code=McG,false,,"No explicit participant-to-mixer identity mapping or creator/evaluator flag found in evaluations.csv, mixes.csv, retained feature table, or SCHEMA.md.",false,Institution equality alone was not used as self-rating evidence.
evaluation_ba2aed808bdd,In The Meantime,McG-E,mix_7a5719f17171,participant_mcg_mcg_f,McG,mixer_id=McG-E; legacy_mix_code=McG-E; mixer_institution_code=McG,false,,"No explicit participant-to-mixer identity mapping or creator/evaluator flag found in evaluations.csv, mixes.csv, retained feature table, or SCHEMA.md.",false,Institution equality alone was not used as self-rating evidence.
evaluation_912af185050a,In The Meantime,McG-E,mix_7a5719f17171,participant_mcg_mcg_pro1,McG,mixer_id=McG-E; legacy_mix_code=McG-E; mixer_institution_code=McG,false,,"No explicit participant-to-mixer identity mapping or creator/evaluator flag found in evaluations.csv, mixes.csv, retained feature table, or SCHEMA.md.",false,Institution equality alone was not used as self-rating evidence.
evaluation_e26d7930f310,In The Meantime,McG-E,mix_7a5719f17171,participant_mcg_mcg_t,McG,mixer_id=McG-E; legacy_mix_code=McG-E; mixer_institution_code=McG,false,,"No explicit participant-to-mixer identity mapping or creator/evaluator flag found in evaluations.csv, mixes.csv, retained feature table, or SCHEMA.md.",false,Institution equality alone was not used as self-rating evidence.
evaluation_4edd8ff08400,In The Meantime,McG-E,mix_7a5719f17171,participant_mcg_mcg_pro2,McG,mixer_id=McG-E; legacy_mix_code=McG-E; mixer_institution_code=McG,false,,"No explicit participant-to-mixer identity mapping or creator/evaluator flag found in evaluations.csv, mixes.csv, retained feature table, or SCHEMA.md.",false,Institution equality alone was not used as self-rating evidence.
evaluation_75a1ea3b428b,In The Meantime,McG-E,mix_7a5719f17171,participant_mcg_mcg_r,McG,mixer_id=McG-E; legacy_mix_code=McG-E; mixer_institution_code=McG,false,,"No explicit participant-to-mixer identity mapping or creator/evaluator flag found in evaluations.csv, mixes.csv, retained feature table, or SCHEMA.md.",false,Institution equality alone was not used as self-rating evidence.
evaluation_8844cf9cf319,In The Meantime,McG-E,mix_7a5719f17171,participant_mcg_mcg_c,McG,mixer_id=McG-E; legacy_mix_code=McG-E; mixer_institution_code=McG,false,,"No explicit participant-to-mixer identity mapping or creator/evaluator flag found in evaluations.csv, mixes.csv, retained feature table, or SCHEMA.md.",false,Institution equality alone was not used as self-rating evidence.
evaluation_f6c2cc82a016,In The Meantime,McG-E,mix_7a5719f17171,participant_mcg_mcg_q,McG,mixer_id=McG-E; legacy_mix_code=McG-E; mixer_institution_code=McG,false,,"No explicit participant-to-mixer identity mapping or creator/evaluator flag found in evaluations.csv, mixes.csv, retained feature table, or SCHEMA.md.",false,Institution equality alone was not used as self-rating evidence.
evaluation_42132d4fab95,In The Meantime,McG-E,mix_7a5719f17171,participant_mcg_mcg_b,McG,mixer_id=McG-E; legacy_mix_code=McG-E; mixer_institution_code=McG,false,,"No explicit participant-to-mixer identity mapping or creator/evaluator flag found in evaluations.csv, mixes.csv, retained feature table, or SCHEMA.md.",false,Institution equality alone was not used as self-rating evidence.
evaluation_54d29d34999b,In The Meantime,McG-E,mix_7a5719f17171,participant_mcg_mcg_s,McG,mixer_id=McG-E; legacy_mix_code=McG-E; mixer_institution_code=McG,false,,"No explicit participant-to-mixer identity mapping or creator/evaluator flag found in evaluations.csv, mixes.csv, retained feature table, or SCHEMA.md.",false,Institution equality alone was not used as self-rating evidence.
evaluation_b8254ccadf15,In The Meantime,McG-E,mix_7a5719f17171,participant_mcg_mcg_h,McG,mixer_id=McG-E; legacy_mix_code=McG-E; mixer_institution_code=McG,false,,"No explicit participant-to-mixer identity mapping or creator/evaluator flag found in evaluations.csv, mixes.csv, retained feature table, or SCHEMA.md.",false,Institution equality alone was not used as self-rating evidence.
evaluation_e2ed40cdc9f0,In The Meantime,McG-E,mix_7a5719f17171,participant_mcg_mcg_subc,McG,mixer_id=McG-E; legacy_mix_code=McG-E; mixer_institution_code=McG,false,,"No explicit participant-to-mixer identity mapping or creator/evaluator flag found in evaluations.csv, mixes.csv, retained feature table, or SCHEMA.md.",false,Institution equality alone was not used as self-rating evidence.
evaluation_c2c53bb5eae1,In The Meantime,McG-E,mix_7a5719f17171,participant_mcg_mcg_w,McG,mixer_id=McG-E; legacy_mix_code=McG-E; mixer_institution_code=McG,false,,"No explicit participant-to-mixer identity mapping or creator/evaluator flag found in evaluations.csv, mixes.csv, retained feature table, or SCHEMA.md.",false,Institution equality alone was not used as self-rating evidence.
evaluation_8dea9acb64aa,In The Meantime,McG-E,mix_7a5719f17171,participant_mcg_mcg_sube,McG,mixer_id=McG-E; legacy_mix_code=McG-E; mixer_institution_code=McG,false,,"No explicit participant-to-mixer identity mapping or creator/evaluator flag found in evaluations.csv, mixes.csv, retained feature table, or SCHEMA.md.",false,Institution equality alone was not used as self-rating evidence.
evaluation_df1ee5d4fcda,In The Meantime,McG-E,mix_7a5719f17171,participant_mcg_mcg_d,McG,mixer_id=McG-E; legacy_mix_code=McG-E; mixer_institution_code=McG,false,,"No explicit participant-to-mixer identity mapping or creator/evaluator flag found in evaluations.csv, mixes.csv, retained feature table, or SCHEMA.md.",false,Institution equality alone was not used as self-rating evidence.
evaluation_6c7f4e76fb06,In The Meantime,McG-E,mix_7a5719f17171,participant_mcg_mcg_e,McG,mixer_id=McG-E; legacy_mix_code=McG-E; mixer_institution_code=McG,false,,"No explicit participant-to-mixer identity mapping or creator/evaluator flag found in evaluations.csv, mixes.csv, retained feature table, or SCHEMA.md.",false,Institution equality alone was not used as self-rating evidence.
evaluation_ad766053dc8d,In The Meantime,McG-E,mix_7a5719f17171,participant_mcg_mcg_subd,McG,mixer_id=McG-E; legacy_mix_code=McG-E; mixer_institution_code=McG,false,,"No explicit participant-to-mixer identity mapping or creator/evaluator flag found in evaluations.csv, mixes.csv, retained feature table, or SCHEMA.md.",false,Institution equality alone was not used as self-rating evidence.
evaluation_d828e99eba45,In The Meantime,McG-E,mix_7a5719f17171,participant_mcg_mcg_v,McG,mixer_id=McG-E; legacy_mix_code=McG-E; mixer_institution_code=McG,false,,"No explicit participant-to-mixer identity mapping or creator/evaluator flag found in evaluations.csv, mixes.csv, retained feature table, or SCHEMA.md.",false,Institution equality alone was not used as self-rating evidence.
evaluation_1da1b1965564,In The Meantime,McG-E,mix_7a5719f17171,participant_mcg_mcg_subg,McG,mixer_id=McG-E; legacy_mix_code=McG-E; mixer_institution_code=McG,false,,"No explicit participant-to-mixer identity mapping or creator/evaluator flag found in evaluations.csv, mixes.csv, retained feature table, or SCHEMA.md.",false,Institution equality alone was not used as self-rating evidence.
evaluation_8f525724fe5f,In The Meantime,McG-E,mix_7a5719f17171,participant_mcg_mcg_subb,McG,mixer_id=McG-E; legacy_mix_code=McG-E; mixer_institution_code=McG,false,,"No explicit participant-to-mixer identity mapping or creator/evaluator flag found in evaluations.csv, mixes.csv, retained feature table, or SCHEMA.md.",false,Institution equality alone was not used as self-rating evidence.
evaluation_ad8e37fdb9fe,In The Meantime,McG-E,mix_7a5719f17171,participant_mcg_mcg_u,McG,mixer_id=McG-E; legacy_mix_code=McG-E; mixer_institution_code=McG,false,,"No explicit participant-to-mixer identity mapping or creator/evaluator flag found in evaluations.csv, mixes.csv, retained feature table, or SCHEMA.md.",false,Institution equality alone was not used as self-rating evidence.
evaluation_5f5c9a8c4e4d,In The Meantime,McG-E,mix_7a5719f17171,participant_mcg_mcg_g,McG,mixer_id=McG-E; legacy_mix_code=McG-E; mixer_institution_code=McG,false,,"No explicit participant-to-mixer identity mapping or creator/evaluator flag found in evaluations.csv, mixes.csv, retained feature table, or SCHEMA.md.",false,Institution equality alone was not used as self-rating evidence.
evaluation_f5600b53b7aa,In The Meantime,McG-E,mix_7a5719f17171,participant_mcg_mcg_a,McG,mixer_id=McG-E; legacy_mix_code=McG-E; mixer_institution_code=McG,false,,"No explicit participant-to-mixer identity mapping or creator/evaluator flag found in evaluations.csv, mixes.csv, retained feature table, or SCHEMA.md.",false,Institution equality alone was not used as self-rating evidence.
evaluation_b81265b92f68,In The Meantime,McG-E,mix_7a5719f17171,participant_mcg_mcg_x,McG,mixer_id=McG-E; legacy_mix_code=McG-E; mixer_institution_code=McG,false,,"No explicit participant-to-mixer identity mapping or creator/evaluator flag found in evaluations.csv, mixes.csv, retained feature table, or SCHEMA.md.",false,Institution equality alone was not used as self-rating evidence.
evaluation_3fd694df01ff,In The Meantime,McG-E,mix_7a5719f17171,participant_qm_qm_21,QM,mixer_id=McG-E; legacy_mix_code=McG-E; mixer_institution_code=McG,false,,"No explicit participant-to-mixer identity mapping or creator/evaluator flag found in evaluations.csv, mixes.csv, retained feature table, or SCHEMA.md.",false,Institution equality alone was not used as self-rating evidence.
evaluation_fbaf974d9115,In The Meantime,McG-E,mix_7a5719f17171,participant_qm_qm_11,QM,mixer_id=McG-E; legacy_mix_code=McG-E; mixer_institution_code=McG,false,,"No explicit participant-to-mixer identity mapping or creator/evaluator flag found in evaluations.csv, mixes.csv, retained feature table, or SCHEMA.md.",false,Institution equality alone was not used as self-rating evidence.
evaluation_bd2284b04ee5,In The Meantime,McG-E,mix_7a5719f17171,participant_qm_qm_16,QM,mixer_id=McG-E; legacy_mix_code=McG-E; mixer_institution_code=McG,false,,"No explicit participant-to-mixer identity mapping or creator/evaluator flag found in evaluations.csv, mixes.csv, retained feature table, or SCHEMA.md.",false,Institution equality alone was not used as self-rating evidence.
evaluation_573f882e94f9,In The Meantime,McG-E,mix_7a5719f17171,participant_qm_qm_1,QM,mixer_id=McG-E; legacy_mix_code=McG-E; mixer_institution_code=McG,false,,"No explicit participant-to-mixer identity mapping or creator/evaluator flag found in evaluations.csv, mixes.csv, retained feature table, or SCHEMA.md.",false,Institution equality alone was not used as self-rating evidence.
evaluation_720461d23942,In The Meantime,McG-E,mix_7a5719f17171,participant_qm_qm_6,QM,mixer_id=McG-E; legacy_mix_code=McG-E; mixer_institution_code=McG,false,,"No explicit participant-to-mixer identity mapping or creator/evaluator flag found in evaluations.csv, mixes.csv, retained feature table, or SCHEMA.md.",false,Institution equality alone was not used as self-rating evidence.
evaluation_9bc75dd758ce,In The Meantime,McG-E,mix_7a5719f17171,participant_qm_qm_18,QM,mixer_id=McG-E; legacy_mix_code=McG-E; mixer_institution_code=McG,false,,"No explicit participant-to-mixer identity mapping or creator/evaluator flag found in evaluations.csv, mixes.csv, retained feature table, or SCHEMA.md.",false,Institution equality alone was not used as self-rating evidence.
evaluation_073c797caff8,In The Meantime,McG-E,mix_7a5719f17171,participant_qm_qm_3,QM,mixer_id=McG-E; legacy_mix_code=McG-E; mixer_institution_code=McG,false,,"No explicit participant-to-mixer identity mapping or creator/evaluator flag found in evaluations.csv, mixes.csv, retained feature table, or SCHEMA.md.",false,Institution equality alone was not used as self-rating evidence.
evaluation_b56264508f31,In The Meantime,McG-E,mix_7a5719f17171,participant_qm_qm_9,QM,mixer_id=McG-E; legacy_mix_code=McG-E; mixer_institution_code=McG,false,,"No explicit participant-to-mixer identity mapping or creator/evaluator flag found in evaluations.csv, mixes.csv, retained feature table, or SCHEMA.md.",false,Institution equality alone was not used as self-rating evidence.
evaluation_a780b8f0deca,In The Meantime,McG-E,mix_7a5719f17171,participant_qm_qm_13,QM,mixer_id=McG-E; legacy_mix_code=McG-E; mixer_institution_code=McG,false,,"No explicit participant-to-mixer identity mapping or creator/evaluator flag found in evaluations.csv, mixes.csv, retained feature table, or SCHEMA.md.",false,Institution equality alone was not used as self-rating evidence.
evaluation_1aad940babf5,In The Meantime,McG-E,mix_7a5719f17171,participant_qm_qm_20,QM,mixer_id=McG-E; legacy_mix_code=McG-E; mixer_institution_code=McG,false,,"No explicit participant-to-mixer identity mapping or creator/evaluator flag found in evaluations.csv, mixes.csv, retained feature table, or SCHEMA.md.",false,Institution equality alone was not used as self-rating evidence.
evaluation_e05352823ac1,In The Meantime,McG-E,mix_7a5719f17171,participant_smc_smc_6,SMC,mixer_id=McG-E; legacy_mix_code=McG-E; mixer_institution_code=McG,false,,"No explicit participant-to-mixer identity mapping or creator/evaluator flag found in evaluations.csv, mixes.csv, retained feature table, or SCHEMA.md.",false,Institution equality alone was not used as self-rating evidence.
evaluation_056cad366bb5,In The Meantime,McG-E,mix_7a5719f17171,participant_smc_smc_5,SMC,mixer_id=McG-E; legacy_mix_code=McG-E; mixer_institution_code=McG,false,,"No explicit participant-to-mixer identity mapping or creator/evaluator flag found in evaluations.csv, mixes.csv, retained feature table, or SCHEMA.md.",false,Institution equality alone was not used as self-rating evidence.
evaluation_dc35c94f5cfb,In The Meantime,McG-E,mix_7a5719f17171,participant_smc_smc_20,SMC,mixer_id=McG-E; legacy_mix_code=McG-E; mixer_institution_code=McG,false,,"No explicit participant-to-mixer identity mapping or creator/evaluator flag found in evaluations.csv, mixes.csv, retained feature table, or SCHEMA.md.",false,Institution equality alone was not used as self-rating evidence.
evaluation_bd423d6876bd,In The Meantime,McG-E,mix_7a5719f17171,participant_smc_smc_24,SMC,mixer_id=McG-E; legacy_mix_code=McG-E; mixer_institution_code=McG,false,,"No explicit participant-to-mixer identity mapping or creator/evaluator flag found in evaluations.csv, mixes.csv, retained feature table, or SCHEMA.md.",false,Institution equality alone was not used as self-rating evidence.
evaluation_09ffaf6636d0,In The Meantime,McG-E,mix_7a5719f17171,participant_smc_smc_8,SMC,mixer_id=McG-E; legacy_mix_code=McG-E; mixer_institution_code=McG,false,,"No explicit participant-to-mixer identity mapping or creator/evaluator flag found in evaluations.csv, mixes.csv, retained feature table, or SCHEMA.md.",false,Institution equality alone was not used as self-rating evidence.
evaluation_51fa925ee573,In The Meantime,McG-E,mix_7a5719f17171,participant_smc_smc_21,SMC,mixer_id=McG-E; legacy_mix_code=McG-E; mixer_institution_code=McG,false,,"No explicit participant-to-mixer identity mapping or creator/evaluator flag found in evaluations.csv, mixes.csv, retained feature table, or SCHEMA.md.",false,Institution equality alone was not used as self-rating evidence.
evaluation_2fb655f015d9,In The Meantime,McG-F,mix_ce153583405d,participant_mcg_mcg_f,McG,mixer_id=McG-F; legacy_mix_code=McG-F; mixer_institution_code=McG,false,,"No explicit participant-to-mixer identity mapping or creator/evaluator flag found in evaluations.csv, mixes.csv, retained feature table, or SCHEMA.md.",false,Institution equality alone was not used as self-rating evidence.
evaluation_5c9852ffb896,In The Meantime,McG-F,mix_ce153583405d,participant_mcg_mcg_pro1,McG,mixer_id=McG-F; legacy_mix_code=McG-F; mixer_institution_code=McG,false,,"No explicit participant-to-mixer identity mapping or creator/evaluator flag found in evaluations.csv, mixes.csv, retained feature table, or SCHEMA.md.",false,Institution equality alone was not used as self-rating evidence.
evaluation_a5f52e864a60,In The Meantime,McG-F,mix_ce153583405d,participant_mcg_mcg_t,McG,mixer_id=McG-F; legacy_mix_code=McG-F; mixer_institution_code=McG,false,,"No explicit participant-to-mixer identity mapping or creator/evaluator flag found in evaluations.csv, mixes.csv, retained feature table, or SCHEMA.md.",false,Institution equality alone was not used as self-rating evidence.
evaluation_0ed13e8a1957,In The Meantime,McG-F,mix_ce153583405d,participant_mcg_mcg_pro2,McG,mixer_id=McG-F; legacy_mix_code=McG-F; mixer_institution_code=McG,false,,"No explicit participant-to-mixer identity mapping or creator/evaluator flag found in evaluations.csv, mixes.csv, retained feature table, or SCHEMA.md.",false,Institution equality alone was not used as self-rating evidence.
evaluation_cf95f192ccf0,In The Meantime,McG-F,mix_ce153583405d,participant_mcg_mcg_r,McG,mixer_id=McG-F; legacy_mix_code=McG-F; mixer_institution_code=McG,false,,"No explicit participant-to-mixer identity mapping or creator/evaluator flag found in evaluations.csv, mixes.csv, retained feature table, or SCHEMA.md.",false,Institution equality alone was not used as self-rating evidence.
evaluation_4960eb958eb8,In The Meantime,McG-F,mix_ce153583405d,participant_mcg_mcg_c,McG,mixer_id=McG-F; legacy_mix_code=McG-F; mixer_institution_code=McG,false,,"No explicit participant-to-mixer identity mapping or creator/evaluator flag found in evaluations.csv, mixes.csv, retained feature table, or SCHEMA.md.",false,Institution equality alone was not used as self-rating evidence.
evaluation_74445842faf8,In The Meantime,McG-F,mix_ce153583405d,participant_mcg_mcg_q,McG,mixer_id=McG-F; legacy_mix_code=McG-F; mixer_institution_code=McG,false,,"No explicit participant-to-mixer identity mapping or creator/evaluator flag found in evaluations.csv, mixes.csv, retained feature table, or SCHEMA.md.",false,Institution equality alone was not used as self-rating evidence.
evaluation_a550a29d3777,In The Meantime,McG-F,mix_ce153583405d,participant_mcg_mcg_b,McG,mixer_id=McG-F; legacy_mix_code=McG-F; mixer_institution_code=McG,false,,"No explicit participant-to-mixer identity mapping or creator/evaluator flag found in evaluations.csv, mixes.csv, retained feature table, or SCHEMA.md.",false,Institution equality alone was not used as self-rating evidence.
evaluation_37ca594b2489,In The Meantime,McG-F,mix_ce153583405d,participant_mcg_mcg_s,McG,mixer_id=McG-F; legacy_mix_code=McG-F; mixer_institution_code=McG,false,,"No explicit participant-to-mixer identity mapping or creator/evaluator flag found in evaluations.csv, mixes.csv, retained feature table, or SCHEMA.md.",false,Institution equality alone was not used as self-rating evidence.
evaluation_3578c1aa24ad,In The Meantime,McG-F,mix_ce153583405d,participant_mcg_mcg_h,McG,mixer_id=McG-F; legacy_mix_code=McG-F; mixer_institution_code=McG,false,,"No explicit participant-to-mixer identity mapping or creator/evaluator flag found in evaluations.csv, mixes.csv, retained feature table, or SCHEMA.md.",false,Institution equality alone was not used as self-rating evidence.
evaluation_04327d2d899a,In The Meantime,McG-F,mix_ce153583405d,participant_mcg_mcg_subc,McG,mixer_id=McG-F; legacy_mix_code=McG-F; mixer_institution_code=McG,false,,"No explicit participant-to-mixer identity mapping or creator/evaluator flag found in evaluations.csv, mixes.csv, retained feature table, or SCHEMA.md.",false,Institution equality alone was not used as self-rating evidence.
evaluation_dde60e04085b,In The Meantime,McG-F,mix_ce153583405d,participant_mcg_mcg_w,McG,mixer_id=McG-F; legacy_mix_code=McG-F; mixer_institution_code=McG,false,,"No explicit participant-to-mixer identity mapping or creator/evaluator flag found in evaluations.csv, mixes.csv, retained feature table, or SCHEMA.md.",false,Institution equality alone was not used as self-rating evidence.
evaluation_9e9e1b772817,In The Meantime,McG-F,mix_ce153583405d,participant_mcg_mcg_sube,McG,mixer_id=McG-F; legacy_mix_code=McG-F; mixer_institution_code=McG,false,,"No explicit participant-to-mixer identity mapping or creator/evaluator flag found in evaluations.csv, mixes.csv, retained feature table, or SCHEMA.md.",false,Institution equality alone was not used as self-rating evidence.
evaluation_16ad934c65f9,In The Meantime,McG-F,mix_ce153583405d,participant_mcg_mcg_d,McG,mixer_id=McG-F; legacy_mix_code=McG-F; mixer_institution_code=McG,false,,"No explicit participant-to-mixer identity mapping or creator/evaluator flag found in evaluations.csv, mixes.csv, retained feature table, or SCHEMA.md.",false,Institution equality alone was not used as self-rating evidence.
evaluation_1101fa08a3ae,In The Meantime,McG-F,mix_ce153583405d,participant_mcg_mcg_e,McG,mixer_id=McG-F; legacy_mix_code=McG-F; mixer_institution_code=McG,false,,"No explicit participant-to-mixer identity mapping or creator/evaluator flag found in evaluations.csv, mixes.csv, retained feature table, or SCHEMA.md.",false,Institution equality alone was not used as self-rating evidence.
evaluation_676f21435383,In The Meantime,McG-F,mix_ce153583405d,participant_mcg_mcg_subd,McG,mixer_id=McG-F; legacy_mix_code=McG-F; mixer_institution_code=McG,false,,"No explicit participant-to-mixer identity mapping or creator/evaluator flag found in evaluations.csv, mixes.csv, retained feature table, or SCHEMA.md.",false,Institution equality alone was not used as self-rating evidence.
evaluation_f8c3041a9643,In The Meantime,McG-F,mix_ce153583405d,participant_mcg_mcg_v,McG,mixer_id=McG-F; legacy_mix_code=McG-F; mixer_institution_code=McG,false,,"No explicit participant-to-mixer identity mapping or creator/evaluator flag found in evaluations.csv, mixes.csv, retained feature table, or SCHEMA.md.",false,Institution equality alone was not used as self-rating evidence.
evaluation_a8aecafa0f70,In The Meantime,McG-F,mix_ce153583405d,participant_mcg_mcg_subg,McG,mixer_id=McG-F; legacy_mix_code=McG-F; mixer_institution_code=McG,false,,"No explicit participant-to-mixer identity mapping or creator/evaluator flag found in evaluations.csv, mixes.csv, retained feature table, or SCHEMA.md.",false,Institution equality alone was not used as self-rating evidence.
evaluation_8bfa76bf9ea7,In The Meantime,McG-F,mix_ce153583405d,participant_mcg_mcg_subb,McG,mixer_id=McG-F; legacy_mix_code=McG-F; mixer_institution_code=McG,false,,"No explicit participant-to-mixer identity mapping or creator/evaluator flag found in evaluations.csv, mixes.csv, retained feature table, or SCHEMA.md.",false,Institution equality alone was not used as self-rating evidence.
evaluation_ac3462d90d57,In The Meantime,McG-F,mix_ce153583405d,participant_mcg_mcg_u,McG,mixer_id=McG-F; legacy_mix_code=McG-F; mixer_institution_code=McG,false,,"No explicit participant-to-mixer identity mapping or creator/evaluator flag found in evaluations.csv, mixes.csv, retained feature table, or SCHEMA.md.",false,Institution equality alone was not used as self-rating evidence.
evaluation_e2fe0049d5bf,In The Meantime,McG-F,mix_ce153583405d,participant_mcg_mcg_g,McG,mixer_id=McG-F; legacy_mix_code=McG-F; mixer_institution_code=McG,false,,"No explicit participant-to-mixer identity mapping or creator/evaluator flag found in evaluations.csv, mixes.csv, retained feature table, or SCHEMA.md.",false,Institution equality alone was not used as self-rating evidence.
evaluation_4112a0a92a2c,In The Meantime,McG-F,mix_ce153583405d,participant_mcg_mcg_a,McG,mixer_id=McG-F; legacy_mix_code=McG-F; mixer_institution_code=McG,false,,"No explicit participant-to-mixer identity mapping or creator/evaluator flag found in evaluations.csv, mixes.csv, retained feature table, or SCHEMA.md.",false,Institution equality alone was not used as self-rating evidence.
evaluation_8cc5aa99a60c,In The Meantime,McG-F,mix_ce153583405d,participant_mcg_mcg_x,McG,mixer_id=McG-F; legacy_mix_code=McG-F; mixer_institution_code=McG,false,,"No explicit participant-to-mixer identity mapping or creator/evaluator flag found in evaluations.csv, mixes.csv, retained feature table, or SCHEMA.md.",false,Institution equality alone was not used as self-rating evidence.
evaluation_571ed74c8234,In The Meantime,McG-F,mix_ce153583405d,participant_qm_qm_21,QM,mixer_id=McG-F; legacy_mix_code=McG-F; mixer_institution_code=McG,false,,"No explicit participant-to-mixer identity mapping or creator/evaluator flag found in evaluations.csv, mixes.csv, retained feature table, or SCHEMA.md.",false,Institution equality alone was not used as self-rating evidence.
evaluation_b82248e253f7,In The Meantime,McG-F,mix_ce153583405d,participant_qm_qm_11,QM,mixer_id=McG-F; legacy_mix_code=McG-F; mixer_institution_code=McG,false,,"No explicit participant-to-mixer identity mapping or creator/evaluator flag found in evaluations.csv, mixes.csv, retained feature table, or SCHEMA.md.",false,Institution equality alone was not used as self-rating evidence.
evaluation_807b1096325d,In The Meantime,McG-F,mix_ce153583405d,participant_qm_qm_16,QM,mixer_id=McG-F; legacy_mix_code=McG-F; mixer_institution_code=McG,false,,"No explicit participant-to-mixer identity mapping or creator/evaluator flag found in evaluations.csv, mixes.csv, retained feature table, or SCHEMA.md.",false,Institution equality alone was not used as self-rating evidence.
evaluation_a236a83ea8fc,In The Meantime,McG-F,mix_ce153583405d,participant_qm_qm_1,QM,mixer_id=McG-F; legacy_mix_code=McG-F; mixer_institution_code=McG,false,,"No explicit participant-to-mixer identity mapping or creator/evaluator flag found in evaluations.csv, mixes.csv, retained feature table, or SCHEMA.md.",false,Institution equality alone was not used as self-rating evidence.
evaluation_6f24e14ab99e,In The Meantime,McG-F,mix_ce153583405d,participant_qm_qm_6,QM,mixer_id=McG-F; legacy_mix_code=McG-F; mixer_institution_code=McG,false,,"No explicit participant-to-mixer identity mapping or creator/evaluator flag found in evaluations.csv, mixes.csv, retained feature table, or SCHEMA.md.",false,Institution equality alone was not used as self-rating evidence.
evaluation_132f122ef92f,In The Meantime,McG-F,mix_ce153583405d,participant_qm_qm_18,QM,mixer_id=McG-F; legacy_mix_code=McG-F; mixer_institution_code=McG,false,,"No explicit participant-to-mixer identity mapping or creator/evaluator flag found in evaluations.csv, mixes.csv, retained feature table, or SCHEMA.md.",false,Institution equality alone was not used as self-rating evidence.
evaluation_60c8bbe21c91,In The Meantime,McG-F,mix_ce153583405d,participant_qm_qm_3,QM,mixer_id=McG-F; legacy_mix_code=McG-F; mixer_institution_code=McG,false,,"No explicit participant-to-mixer identity mapping or creator/evaluator flag found in evaluations.csv, mixes.csv, retained feature table, or SCHEMA.md.",false,Institution equality alone was not used as self-rating evidence.
evaluation_1a91908ae74d,In The Meantime,McG-F,mix_ce153583405d,participant_qm_qm_9,QM,mixer_id=McG-F; legacy_mix_code=McG-F; mixer_institution_code=McG,false,,"No explicit participant-to-mixer identity mapping or creator/evaluator flag found in evaluations.csv, mixes.csv, retained feature table, or SCHEMA.md.",false,Institution equality alone was not used as self-rating evidence.
evaluation_b004258606ab,In The Meantime,McG-F,mix_ce153583405d,participant_qm_qm_13,QM,mixer_id=McG-F; legacy_mix_code=McG-F; mixer_institution_code=McG,false,,"No explicit participant-to-mixer identity mapping or creator/evaluator flag found in evaluations.csv, mixes.csv, retained feature table, or SCHEMA.md.",false,Institution equality alone was not used as self-rating evidence.
evaluation_b52fee9346f4,In The Meantime,McG-F,mix_ce153583405d,participant_qm_qm_20,QM,mixer_id=McG-F; legacy_mix_code=McG-F; mixer_institution_code=McG,false,,"No explicit participant-to-mixer identity mapping or creator/evaluator flag found in evaluations.csv, mixes.csv, retained feature table, or SCHEMA.md.",false,Institution equality alone was not used as self-rating evidence.
evaluation_d7814d7b5480,In The Meantime,McG-F,mix_ce153583405d,participant_smc_smc_6,SMC,mixer_id=McG-F; legacy_mix_code=McG-F; mixer_institution_code=McG,false,,"No explicit participant-to-mixer identity mapping or creator/evaluator flag found in evaluations.csv, mixes.csv, retained feature table, or SCHEMA.md.",false,Institution equality alone was not used as self-rating evidence.
evaluation_0baa6d6a6495,In The Meantime,McG-F,mix_ce153583405d,participant_smc_smc_5,SMC,mixer_id=McG-F; legacy_mix_code=McG-F; mixer_institution_code=McG,false,,"No explicit participant-to-mixer identity mapping or creator/evaluator flag found in evaluations.csv, mixes.csv, retained feature table, or SCHEMA.md.",false,Institution equality alone was not used as self-rating evidence.
evaluation_2fe91344f9bb,In The Meantime,McG-F,mix_ce153583405d,participant_smc_smc_20,SMC,mixer_id=McG-F; legacy_mix_code=McG-F; mixer_institution_code=McG,false,,"No explicit participant-to-mixer identity mapping or creator/evaluator flag found in evaluations.csv, mixes.csv, retained feature table, or SCHEMA.md.",false,Institution equality alone was not used as self-rating evidence.
evaluation_2fd3d5f68c79,In The Meantime,McG-F,mix_ce153583405d,participant_smc_smc_24,SMC,mixer_id=McG-F; legacy_mix_code=McG-F; mixer_institution_code=McG,false,,"No explicit participant-to-mixer identity mapping or creator/evaluator flag found in evaluations.csv, mixes.csv, retained feature table, or SCHEMA.md.",false,Institution equality alone was not used as self-rating evidence.
evaluation_af408cef9866,In The Meantime,McG-F,mix_ce153583405d,participant_smc_smc_8,SMC,mixer_id=McG-F; legacy_mix_code=McG-F; mixer_institution_code=McG,false,,"No explicit participant-to-mixer identity mapping or creator/evaluator flag found in evaluations.csv, mixes.csv, retained feature table, or SCHEMA.md.",false,Institution equality alone was not used as self-rating evidence.
evaluation_29739c6f62fe,In The Meantime,McG-F,mix_ce153583405d,participant_smc_smc_21,SMC,mixer_id=McG-F; legacy_mix_code=McG-F; mixer_institution_code=McG,false,,"No explicit participant-to-mixer identity mapping or creator/evaluator flag found in evaluations.csv, mixes.csv, retained feature table, or SCHEMA.md.",false,Institution equality alone was not used as self-rating evidence.
evaluation_1048385bb975,In The Meantime,McG-F,mix_ce153583405d,participant_ucp_ucp_a4,UCP,mixer_id=McG-F; legacy_mix_code=McG-F; mixer_institution_code=McG,false,,"No explicit participant-to-mixer identity mapping or creator/evaluator flag found in evaluations.csv, mixes.csv, retained feature table, or SCHEMA.md.",false,Institution equality alone was not used as self-rating evidence.
evaluation_f7ad0b254f3e,In The Meantime,McG-F,mix_ce153583405d,participant_ucp_ucp_a2,UCP,mixer_id=McG-F; legacy_mix_code=McG-F; mixer_institution_code=McG,false,,"No explicit participant-to-mixer identity mapping or creator/evaluator flag found in evaluations.csv, mixes.csv, retained feature table, or SCHEMA.md.",false,Institution equality alone was not used as self-rating evidence.
evaluation_a4d7ed087568,In The Meantime,McG-F,mix_ce153583405d,participant_ucp_ucp_b2,UCP,mixer_id=McG-F; legacy_mix_code=McG-F; mixer_institution_code=McG,false,,"No explicit participant-to-mixer identity mapping or creator/evaluator flag found in evaluations.csv, mixes.csv, retained feature table, or SCHEMA.md.",false,Institution equality alone was not used as self-rating evidence.
evaluation_08024199073b,In The Meantime,McG-F,mix_ce153583405d,participant_ucp_ucp_a5,UCP,mixer_id=McG-F; legacy_mix_code=McG-F; mixer_institution_code=McG,false,,"No explicit participant-to-mixer identity mapping or creator/evaluator flag found in evaluations.csv, mixes.csv, retained feature table, or SCHEMA.md.",false,Institution equality alone was not used as self-rating evidence.
evaluation_da284df1ec93,In The Meantime,McG-F,mix_ce153583405d,participant_ucp_ucp_a1,UCP,mixer_id=McG-F; legacy_mix_code=McG-F; mixer_institution_code=McG,false,,"No explicit participant-to-mixer identity mapping or creator/evaluator flag found in evaluations.csv, mixes.csv, retained feature table, or SCHEMA.md.",false,Institution equality alone was not used as self-rating evidence.
evaluation_dd29ef9c1672,In The Meantime,McG-F,mix_ce153583405d,participant_ucp_ucp_b3,UCP,mixer_id=McG-F; legacy_mix_code=McG-F; mixer_institution_code=McG,false,,"No explicit participant-to-mixer identity mapping or creator/evaluator flag found in evaluations.csv, mixes.csv, retained feature table, or SCHEMA.md.",false,Institution equality alone was not used as self-rating evidence.
evaluation_927f26b5bda4,In The Meantime,McG-F,mix_ce153583405d,participant_ucp_ucp_b4,UCP,mixer_id=McG-F; legacy_mix_code=McG-F; mixer_institution_code=McG,false,,"No explicit participant-to-mixer identity mapping or creator/evaluator flag found in evaluations.csv, mixes.csv, retained feature table, or SCHEMA.md.",false,Institution equality alone was not used as self-rating evidence.
evaluation_f80557bb54f0,In The Meantime,McG-F,mix_ce153583405d,participant_ucp_ucp_b5,UCP,mixer_id=McG-F; legacy_mix_code=McG-F; mixer_institution_code=McG,false,,"No explicit participant-to-mixer identity mapping or creator/evaluator flag found in evaluations.csv, mixes.csv, retained feature table, or SCHEMA.md.",false,Institution equality alone was not used as self-rating evidence.
evaluation_41fa4367aea9,In The Meantime,McG-F,mix_ce153583405d,participant_ucp_ucp_b1,UCP,mixer_id=McG-F; legacy_mix_code=McG-F; mixer_institution_code=McG,false,,"No explicit participant-to-mixer identity mapping or creator/evaluator flag found in evaluations.csv, mixes.csv, retained feature table, or SCHEMA.md.",false,Institution equality alone was not used as self-rating evidence.
evaluation_53c1be0fc09f,In The Meantime,McG-F,mix_ce153583405d,participant_ucp_ucp_a3,UCP,mixer_id=McG-F; legacy_mix_code=McG-F; mixer_institution_code=McG,false,,"No explicit participant-to-mixer identity mapping or creator/evaluator flag found in evaluations.csv, mixes.csv, retained feature table, or SCHEMA.md.",false,Institution equality alone was not used as self-rating evidence.
evaluation_52b86eaad79e,In The Meantime,McG-G,mix_c45aea9558f2,participant_mcg_mcg_f,McG,mixer_id=McG-G; legacy_mix_code=McG-G; mixer_institution_code=McG,false,,"No explicit participant-to-mixer identity mapping or creator/evaluator flag found in evaluations.csv, mixes.csv, retained feature table, or SCHEMA.md.",false,Institution equality alone was not used as self-rating evidence.
evaluation_70c035eda1a6,In The Meantime,McG-G,mix_c45aea9558f2,participant_mcg_mcg_pro1,McG,mixer_id=McG-G; legacy_mix_code=McG-G; mixer_institution_code=McG,false,,"No explicit participant-to-mixer identity mapping or creator/evaluator flag found in evaluations.csv, mixes.csv, retained feature table, or SCHEMA.md.",false,Institution equality alone was not used as self-rating evidence.
evaluation_5ac926480dec,In The Meantime,McG-G,mix_c45aea9558f2,participant_mcg_mcg_t,McG,mixer_id=McG-G; legacy_mix_code=McG-G; mixer_institution_code=McG,false,,"No explicit participant-to-mixer identity mapping or creator/evaluator flag found in evaluations.csv, mixes.csv, retained feature table, or SCHEMA.md.",false,Institution equality alone was not used as self-rating evidence.
evaluation_0b7cdf526304,In The Meantime,McG-G,mix_c45aea9558f2,participant_mcg_mcg_pro2,McG,mixer_id=McG-G; legacy_mix_code=McG-G; mixer_institution_code=McG,false,,"No explicit participant-to-mixer identity mapping or creator/evaluator flag found in evaluations.csv, mixes.csv, retained feature table, or SCHEMA.md.",false,Institution equality alone was not used as self-rating evidence.
evaluation_0e4a607600e6,In The Meantime,McG-G,mix_c45aea9558f2,participant_mcg_mcg_r,McG,mixer_id=McG-G; legacy_mix_code=McG-G; mixer_institution_code=McG,false,,"No explicit participant-to-mixer identity mapping or creator/evaluator flag found in evaluations.csv, mixes.csv, retained feature table, or SCHEMA.md.",false,Institution equality alone was not used as self-rating evidence.
evaluation_afe1cf358601,In The Meantime,McG-G,mix_c45aea9558f2,participant_mcg_mcg_c,McG,mixer_id=McG-G; legacy_mix_code=McG-G; mixer_institution_code=McG,false,,"No explicit participant-to-mixer identity mapping or creator/evaluator flag found in evaluations.csv, mixes.csv, retained feature table, or SCHEMA.md.",false,Institution equality alone was not used as self-rating evidence.
evaluation_ba4663f1a9ae,In The Meantime,McG-G,mix_c45aea9558f2,participant_mcg_mcg_q,McG,mixer_id=McG-G; legacy_mix_code=McG-G; mixer_institution_code=McG,false,,"No explicit participant-to-mixer identity mapping or creator/evaluator flag found in evaluations.csv, mixes.csv, retained feature table, or SCHEMA.md.",false,Institution equality alone was not used as self-rating evidence.
evaluation_6e8da1431646,In The Meantime,McG-G,mix_c45aea9558f2,participant_mcg_mcg_b,McG,mixer_id=McG-G; legacy_mix_code=McG-G; mixer_institution_code=McG,false,,"No explicit participant-to-mixer identity mapping or creator/evaluator flag found in evaluations.csv, mixes.csv, retained feature table, or SCHEMA.md.",false,Institution equality alone was not used as self-rating evidence.
evaluation_9860d3b3a4ed,In The Meantime,McG-G,mix_c45aea9558f2,participant_mcg_mcg_s,McG,mixer_id=McG-G; legacy_mix_code=McG-G; mixer_institution_code=McG,false,,"No explicit participant-to-mixer identity mapping or creator/evaluator flag found in evaluations.csv, mixes.csv, retained feature table, or SCHEMA.md.",false,Institution equality alone was not used as self-rating evidence.
evaluation_e4dfe2730185,In The Meantime,McG-G,mix_c45aea9558f2,participant_mcg_mcg_h,McG,mixer_id=McG-G; legacy_mix_code=McG-G; mixer_institution_code=McG,false,,"No explicit participant-to-mixer identity mapping or creator/evaluator flag found in evaluations.csv, mixes.csv, retained feature table, or SCHEMA.md.",false,Institution equality alone was not used as self-rating evidence.
evaluation_63daf9130438,In The Meantime,McG-G,mix_c45aea9558f2,participant_mcg_mcg_subc,McG,mixer_id=McG-G; legacy_mix_code=McG-G; mixer_institution_code=McG,false,,"No explicit participant-to-mixer identity mapping or creator/evaluator flag found in evaluations.csv, mixes.csv, retained feature table, or SCHEMA.md.",false,Institution equality alone was not used as self-rating evidence.
evaluation_2788d6eca2ab,In The Meantime,McG-G,mix_c45aea9558f2,participant_mcg_mcg_w,McG,mixer_id=McG-G; legacy_mix_code=McG-G; mixer_institution_code=McG,false,,"No explicit participant-to-mixer identity mapping or creator/evaluator flag found in evaluations.csv, mixes.csv, retained feature table, or SCHEMA.md.",false,Institution equality alone was not used as self-rating evidence.
evaluation_80cc3b1c040c,In The Meantime,McG-G,mix_c45aea9558f2,participant_mcg_mcg_sube,McG,mixer_id=McG-G; legacy_mix_code=McG-G; mixer_institution_code=McG,false,,"No explicit participant-to-mixer identity mapping or creator/evaluator flag found in evaluations.csv, mixes.csv, retained feature table, or SCHEMA.md.",false,Institution equality alone was not used as self-rating evidence.
evaluation_57a4d148e3e4,In The Meantime,McG-G,mix_c45aea9558f2,participant_mcg_mcg_d,McG,mixer_id=McG-G; legacy_mix_code=McG-G; mixer_institution_code=McG,false,,"No explicit participant-to-mixer identity mapping or creator/evaluator flag found in evaluations.csv, mixes.csv, retained feature table, or SCHEMA.md.",false,Institution equality alone was not used as self-rating evidence.
evaluation_356c5d5c149e,In The Meantime,McG-G,mix_c45aea9558f2,participant_mcg_mcg_e,McG,mixer_id=McG-G; legacy_mix_code=McG-G; mixer_institution_code=McG,false,,"No explicit participant-to-mixer identity mapping or creator/evaluator flag found in evaluations.csv, mixes.csv, retained feature table, or SCHEMA.md.",false,Institution equality alone was not used as self-rating evidence.
evaluation_1cbb12d67af1,In The Meantime,McG-G,mix_c45aea9558f2,participant_mcg_mcg_subd,McG,mixer_id=McG-G; legacy_mix_code=McG-G; mixer_institution_code=McG,false,,"No explicit participant-to-mixer identity mapping or creator/evaluator flag found in evaluations.csv, mixes.csv, retained feature table, or SCHEMA.md.",false,Institution equality alone was not used as self-rating evidence.
evaluation_8b8a5c1dae25,In The Meantime,McG-G,mix_c45aea9558f2,participant_mcg_mcg_v,McG,mixer_id=McG-G; legacy_mix_code=McG-G; mixer_institution_code=McG,false,,"No explicit participant-to-mixer identity mapping or creator/evaluator flag found in evaluations.csv, mixes.csv, retained feature table, or SCHEMA.md.",false,Institution equality alone was not used as self-rating evidence.
evaluation_87c18ba2f5e1,In The Meantime,McG-G,mix_c45aea9558f2,participant_mcg_mcg_subg,McG,mixer_id=McG-G; legacy_mix_code=McG-G; mixer_institution_code=McG,false,,"No explicit participant-to-mixer identity mapping or creator/evaluator flag found in evaluations.csv, mixes.csv, retained feature table, or SCHEMA.md.",false,Institution equality alone was not used as self-rating evidence.
evaluation_b984d610532d,In The Meantime,McG-G,mix_c45aea9558f2,participant_mcg_mcg_subb,McG,mixer_id=McG-G; legacy_mix_code=McG-G; mixer_institution_code=McG,false,,"No explicit participant-to-mixer identity mapping or creator/evaluator flag found in evaluations.csv, mixes.csv, retained feature table, or SCHEMA.md.",false,Institution equality alone was not used as self-rating evidence.
evaluation_bb231f337e14,In The Meantime,McG-G,mix_c45aea9558f2,participant_mcg_mcg_u,McG,mixer_id=McG-G; legacy_mix_code=McG-G; mixer_institution_code=McG,false,,"No explicit participant-to-mixer identity mapping or creator/evaluator flag found in evaluations.csv, mixes.csv, retained feature table, or SCHEMA.md.",false,Institution equality alone was not used as self-rating evidence.
evaluation_e281e8b5a7b2,In The Meantime,McG-G,mix_c45aea9558f2,participant_mcg_mcg_g,McG,mixer_id=McG-G; legacy_mix_code=McG-G; mixer_institution_code=McG,false,,"No explicit participant-to-mixer identity mapping or creator/evaluator flag found in evaluations.csv, mixes.csv, retained feature table, or SCHEMA.md.",false,Institution equality alone was not used as self-rating evidence.
evaluation_0d0e6545a585,In The Meantime,McG-G,mix_c45aea9558f2,participant_mcg_mcg_a,McG,mixer_id=McG-G; legacy_mix_code=McG-G; mixer_institution_code=McG,false,,"No explicit participant-to-mixer identity mapping or creator/evaluator flag found in evaluations.csv, mixes.csv, retained feature table, or SCHEMA.md.",false,Institution equality alone was not used as self-rating evidence.
evaluation_9b3c568f7466,In The Meantime,McG-G,mix_c45aea9558f2,participant_mcg_mcg_x,McG,mixer_id=McG-G; legacy_mix_code=McG-G; mixer_institution_code=McG,false,,"No explicit participant-to-mixer identity mapping or creator/evaluator flag found in evaluations.csv, mixes.csv, retained feature table, or SCHEMA.md.",false,Institution equality alone was not used as self-rating evidence.
evaluation_21cc69223b60,In The Meantime,McG-G,mix_c45aea9558f2,participant_qm_qm_21,QM,mixer_id=McG-G; legacy_mix_code=McG-G; mixer_institution_code=McG,false,,"No explicit participant-to-mixer identity mapping or creator/evaluator flag found in evaluations.csv, mixes.csv, retained feature table, or SCHEMA.md.",false,Institution equality alone was not used as self-rating evidence.
evaluation_d054fd3133c1,In The Meantime,McG-G,mix_c45aea9558f2,participant_qm_qm_11,QM,mixer_id=McG-G; legacy_mix_code=McG-G; mixer_institution_code=McG,false,,"No explicit participant-to-mixer identity mapping or creator/evaluator flag found in evaluations.csv, mixes.csv, retained feature table, or SCHEMA.md.",false,Institution equality alone was not used as self-rating evidence.
evaluation_ec095e356df7,In The Meantime,McG-G,mix_c45aea9558f2,participant_qm_qm_16,QM,mixer_id=McG-G; legacy_mix_code=McG-G; mixer_institution_code=McG,false,,"No explicit participant-to-mixer identity mapping or creator/evaluator flag found in evaluations.csv, mixes.csv, retained feature table, or SCHEMA.md.",false,Institution equality alone was not used as self-rating evidence.
evaluation_3537bdfa1724,In The Meantime,McG-G,mix_c45aea9558f2,participant_qm_qm_1,QM,mixer_id=McG-G; legacy_mix_code=McG-G; mixer_institution_code=McG,false,,"No explicit participant-to-mixer identity mapping or creator/evaluator flag found in evaluations.csv, mixes.csv, retained feature table, or SCHEMA.md.",false,Institution equality alone was not used as self-rating evidence.
evaluation_8ea2e73dcf71,In The Meantime,McG-G,mix_c45aea9558f2,participant_qm_qm_6,QM,mixer_id=McG-G; legacy_mix_code=McG-G; mixer_institution_code=McG,false,,"No explicit participant-to-mixer identity mapping or creator/evaluator flag found in evaluations.csv, mixes.csv, retained feature table, or SCHEMA.md.",false,Institution equality alone was not used as self-rating evidence.
evaluation_6595c3a83519,In The Meantime,McG-G,mix_c45aea9558f2,participant_qm_qm_18,QM,mixer_id=McG-G; legacy_mix_code=McG-G; mixer_institution_code=McG,false,,"No explicit participant-to-mixer identity mapping or creator/evaluator flag found in evaluations.csv, mixes.csv, retained feature table, or SCHEMA.md.",false,Institution equality alone was not used as self-rating evidence.
evaluation_c7f563f6ff12,In The Meantime,McG-G,mix_c45aea9558f2,participant_qm_qm_3,QM,mixer_id=McG-G; legacy_mix_code=McG-G; mixer_institution_code=McG,false,,"No explicit participant-to-mixer identity mapping or creator/evaluator flag found in evaluations.csv, mixes.csv, retained feature table, or SCHEMA.md.",false,Institution equality alone was not used as self-rating evidence.
evaluation_62c0f62b570f,In The Meantime,McG-G,mix_c45aea9558f2,participant_qm_qm_9,QM,mixer_id=McG-G; legacy_mix_code=McG-G; mixer_institution_code=McG,false,,"No explicit participant-to-mixer identity mapping or creator/evaluator flag found in evaluations.csv, mixes.csv, retained feature table, or SCHEMA.md.",false,Institution equality alone was not used as self-rating evidence.
evaluation_b6a1034013d1,In The Meantime,McG-G,mix_c45aea9558f2,participant_qm_qm_13,QM,mixer_id=McG-G; legacy_mix_code=McG-G; mixer_institution_code=McG,false,,"No explicit participant-to-mixer identity mapping or creator/evaluator flag found in evaluations.csv, mixes.csv, retained feature table, or SCHEMA.md.",false,Institution equality alone was not used as self-rating evidence.
evaluation_cc3762412792,In The Meantime,McG-G,mix_c45aea9558f2,participant_qm_qm_20,QM,mixer_id=McG-G; legacy_mix_code=McG-G; mixer_institution_code=McG,false,,"No explicit participant-to-mixer identity mapping or creator/evaluator flag found in evaluations.csv, mixes.csv, retained feature table, or SCHEMA.md.",false,Institution equality alone was not used as self-rating evidence.
evaluation_f365d9126348,In The Meantime,McG-G,mix_c45aea9558f2,participant_smc_smc_6,SMC,mixer_id=McG-G; legacy_mix_code=McG-G; mixer_institution_code=McG,false,,"No explicit participant-to-mixer identity mapping or creator/evaluator flag found in evaluations.csv, mixes.csv, retained feature table, or SCHEMA.md.",false,Institution equality alone was not used as self-rating evidence.
evaluation_94b26c66ecce,In The Meantime,McG-G,mix_c45aea9558f2,participant_smc_smc_5,SMC,mixer_id=McG-G; legacy_mix_code=McG-G; mixer_institution_code=McG,false,,"No explicit participant-to-mixer identity mapping or creator/evaluator flag found in evaluations.csv, mixes.csv, retained feature table, or SCHEMA.md.",false,Institution equality alone was not used as self-rating evidence.
evaluation_d489a4066875,In The Meantime,McG-G,mix_c45aea9558f2,participant_smc_smc_20,SMC,mixer_id=McG-G; legacy_mix_code=McG-G; mixer_institution_code=McG,false,,"No explicit participant-to-mixer identity mapping or creator/evaluator flag found in evaluations.csv, mixes.csv, retained feature table, or SCHEMA.md.",false,Institution equality alone was not used as self-rating evidence.
evaluation_c876e9155479,In The Meantime,McG-G,mix_c45aea9558f2,participant_smc_smc_24,SMC,mixer_id=McG-G; legacy_mix_code=McG-G; mixer_institution_code=McG,false,,"No explicit participant-to-mixer identity mapping or creator/evaluator flag found in evaluations.csv, mixes.csv, retained feature table, or SCHEMA.md.",false,Institution equality alone was not used as self-rating evidence.
evaluation_1fafcf4b9b89,In The Meantime,McG-G,mix_c45aea9558f2,participant_smc_smc_8,SMC,mixer_id=McG-G; legacy_mix_code=McG-G; mixer_institution_code=McG,false,,"No explicit participant-to-mixer identity mapping or creator/evaluator flag found in evaluations.csv, mixes.csv, retained feature table, or SCHEMA.md.",false,Institution equality alone was not used as self-rating evidence.
evaluation_2d81cc19afe6,In The Meantime,McG-G,mix_c45aea9558f2,participant_smc_smc_21,SMC,mixer_id=McG-G; legacy_mix_code=McG-G; mixer_institution_code=McG,false,,"No explicit participant-to-mixer identity mapping or creator/evaluator flag found in evaluations.csv, mixes.csv, retained feature table, or SCHEMA.md.",false,Institution equality alone was not used as self-rating evidence.
evaluation_8d4a5738bc18,In The Meantime,McG-H,mix_96c30e75e4a7,participant_mcg_mcg_f,McG,mixer_id=McG-H; legacy_mix_code=McG-H; mixer_institution_code=McG,false,,"No explicit participant-to-mixer identity mapping or creator/evaluator flag found in evaluations.csv, mixes.csv, retained feature table, or SCHEMA.md.",false,Institution equality alone was not used as self-rating evidence.
evaluation_45e60e721b9b,In The Meantime,McG-H,mix_96c30e75e4a7,participant_mcg_mcg_pro1,McG,mixer_id=McG-H; legacy_mix_code=McG-H; mixer_institution_code=McG,false,,"No explicit participant-to-mixer identity mapping or creator/evaluator flag found in evaluations.csv, mixes.csv, retained feature table, or SCHEMA.md.",false,Institution equality alone was not used as self-rating evidence.
evaluation_4e8b97c3d1ba,In The Meantime,McG-H,mix_96c30e75e4a7,participant_mcg_mcg_t,McG,mixer_id=McG-H; legacy_mix_code=McG-H; mixer_institution_code=McG,false,,"No explicit participant-to-mixer identity mapping or creator/evaluator flag found in evaluations.csv, mixes.csv, retained feature table, or SCHEMA.md.",false,Institution equality alone was not used as self-rating evidence.
evaluation_32ddd63b9254,In The Meantime,McG-H,mix_96c30e75e4a7,participant_mcg_mcg_pro2,McG,mixer_id=McG-H; legacy_mix_code=McG-H; mixer_institution_code=McG,false,,"No explicit participant-to-mixer identity mapping or creator/evaluator flag found in evaluations.csv, mixes.csv, retained feature table, or SCHEMA.md.",false,Institution equality alone was not used as self-rating evidence.
evaluation_1a2f8ac9004c,In The Meantime,McG-H,mix_96c30e75e4a7,participant_mcg_mcg_r,McG,mixer_id=McG-H; legacy_mix_code=McG-H; mixer_institution_code=McG,false,,"No explicit participant-to-mixer identity mapping or creator/evaluator flag found in evaluations.csv, mixes.csv, retained feature table, or SCHEMA.md.",false,Institution equality alone was not used as self-rating evidence.
evaluation_4f2abf329cd0,In The Meantime,McG-H,mix_96c30e75e4a7,participant_mcg_mcg_c,McG,mixer_id=McG-H; legacy_mix_code=McG-H; mixer_institution_code=McG,false,,"No explicit participant-to-mixer identity mapping or creator/evaluator flag found in evaluations.csv, mixes.csv, retained feature table, or SCHEMA.md.",false,Institution equality alone was not used as self-rating evidence.
evaluation_42d8e4cbf70d,In The Meantime,McG-H,mix_96c30e75e4a7,participant_mcg_mcg_q,McG,mixer_id=McG-H; legacy_mix_code=McG-H; mixer_institution_code=McG,false,,"No explicit participant-to-mixer identity mapping or creator/evaluator flag found in evaluations.csv, mixes.csv, retained feature table, or SCHEMA.md.",false,Institution equality alone was not used as self-rating evidence.
evaluation_f6f02dfed8a6,In The Meantime,McG-H,mix_96c30e75e4a7,participant_mcg_mcg_b,McG,mixer_id=McG-H; legacy_mix_code=McG-H; mixer_institution_code=McG,false,,"No explicit participant-to-mixer identity mapping or creator/evaluator flag found in evaluations.csv, mixes.csv, retained feature table, or SCHEMA.md.",false,Institution equality alone was not used as self-rating evidence.
evaluation_7d25a6d65ee0,In The Meantime,McG-H,mix_96c30e75e4a7,participant_mcg_mcg_s,McG,mixer_id=McG-H; legacy_mix_code=McG-H; mixer_institution_code=McG,false,,"No explicit participant-to-mixer identity mapping or creator/evaluator flag found in evaluations.csv, mixes.csv, retained feature table, or SCHEMA.md.",false,Institution equality alone was not used as self-rating evidence.
evaluation_5ec9f3ee9cc6,In The Meantime,McG-H,mix_96c30e75e4a7,participant_mcg_mcg_h,McG,mixer_id=McG-H; legacy_mix_code=McG-H; mixer_institution_code=McG,false,,"No explicit participant-to-mixer identity mapping or creator/evaluator flag found in evaluations.csv, mixes.csv, retained feature table, or SCHEMA.md.",false,Institution equality alone was not used as self-rating evidence.
evaluation_3431e832f96b,In The Meantime,McG-H,mix_96c30e75e4a7,participant_mcg_mcg_subc,McG,mixer_id=McG-H; legacy_mix_code=McG-H; mixer_institution_code=McG,false,,"No explicit participant-to-mixer identity mapping or creator/evaluator flag found in evaluations.csv, mixes.csv, retained feature table, or SCHEMA.md.",false,Institution equality alone was not used as self-rating evidence.
evaluation_bcc9cbfb89d9,In The Meantime,McG-H,mix_96c30e75e4a7,participant_mcg_mcg_w,McG,mixer_id=McG-H; legacy_mix_code=McG-H; mixer_institution_code=McG,false,,"No explicit participant-to-mixer identity mapping or creator/evaluator flag found in evaluations.csv, mixes.csv, retained feature table, or SCHEMA.md.",false,Institution equality alone was not used as self-rating evidence.
evaluation_30330d435c49,In The Meantime,McG-H,mix_96c30e75e4a7,participant_mcg_mcg_sube,McG,mixer_id=McG-H; legacy_mix_code=McG-H; mixer_institution_code=McG,false,,"No explicit participant-to-mixer identity mapping or creator/evaluator flag found in evaluations.csv, mixes.csv, retained feature table, or SCHEMA.md.",false,Institution equality alone was not used as self-rating evidence.
evaluation_13ea527914c7,In The Meantime,McG-H,mix_96c30e75e4a7,participant_mcg_mcg_d,McG,mixer_id=McG-H; legacy_mix_code=McG-H; mixer_institution_code=McG,false,,"No explicit participant-to-mixer identity mapping or creator/evaluator flag found in evaluations.csv, mixes.csv, retained feature table, or SCHEMA.md.",false,Institution equality alone was not used as self-rating evidence.
evaluation_b7dc4b4bee6c,In The Meantime,McG-H,mix_96c30e75e4a7,participant_mcg_mcg_e,McG,mixer_id=McG-H; legacy_mix_code=McG-H; mixer_institution_code=McG,false,,"No explicit participant-to-mixer identity mapping or creator/evaluator flag found in evaluations.csv, mixes.csv, retained feature table, or SCHEMA.md.",false,Institution equality alone was not used as self-rating evidence.
evaluation_e3318625aa2b,In The Meantime,McG-H,mix_96c30e75e4a7,participant_mcg_mcg_subd,McG,mixer_id=McG-H; legacy_mix_code=McG-H; mixer_institution_code=McG,false,,"No explicit participant-to-mixer identity mapping or creator/evaluator flag found in evaluations.csv, mixes.csv, retained feature table, or SCHEMA.md.",false,Institution equality alone was not used as self-rating evidence.
evaluation_7b75de7aac9f,In The Meantime,McG-H,mix_96c30e75e4a7,participant_mcg_mcg_v,McG,mixer_id=McG-H; legacy_mix_code=McG-H; mixer_institution_code=McG,false,,"No explicit participant-to-mixer identity mapping or creator/evaluator flag found in evaluations.csv, mixes.csv, retained feature table, or SCHEMA.md.",false,Institution equality alone was not used as self-rating evidence.
evaluation_1ba50707ecf7,In The Meantime,McG-H,mix_96c30e75e4a7,participant_mcg_mcg_subg,McG,mixer_id=McG-H; legacy_mix_code=McG-H; mixer_institution_code=McG,false,,"No explicit participant-to-mixer identity mapping or creator/evaluator flag found in evaluations.csv, mixes.csv, retained feature table, or SCHEMA.md.",false,Institution equality alone was not used as self-rating evidence.
evaluation_911441c9ac1a,In The Meantime,McG-H,mix_96c30e75e4a7,participant_mcg_mcg_subb,McG,mixer_id=McG-H; legacy_mix_code=McG-H; mixer_institution_code=McG,false,,"No explicit participant-to-mixer identity mapping or creator/evaluator flag found in evaluations.csv, mixes.csv, retained feature table, or SCHEMA.md.",false,Institution equality alone was not used as self-rating evidence.
evaluation_2dc45091fea5,In The Meantime,McG-H,mix_96c30e75e4a7,participant_mcg_mcg_u,McG,mixer_id=McG-H; legacy_mix_code=McG-H; mixer_institution_code=McG,false,,"No explicit participant-to-mixer identity mapping or creator/evaluator flag found in evaluations.csv, mixes.csv, retained feature table, or SCHEMA.md.",false,Institution equality alone was not used as self-rating evidence.
evaluation_ffb787fe99df,In The Meantime,McG-H,mix_96c30e75e4a7,participant_mcg_mcg_g,McG,mixer_id=McG-H; legacy_mix_code=McG-H; mixer_institution_code=McG,false,,"No explicit participant-to-mixer identity mapping or creator/evaluator flag found in evaluations.csv, mixes.csv, retained feature table, or SCHEMA.md.",false,Institution equality alone was not used as self-rating evidence.
evaluation_8718ed1b859a,In The Meantime,McG-H,mix_96c30e75e4a7,participant_mcg_mcg_a,McG,mixer_id=McG-H; legacy_mix_code=McG-H; mixer_institution_code=McG,false,,"No explicit participant-to-mixer identity mapping or creator/evaluator flag found in evaluations.csv, mixes.csv, retained feature table, or SCHEMA.md.",false,Institution equality alone was not used as self-rating evidence.
evaluation_99f471cba3e5,In The Meantime,McG-H,mix_96c30e75e4a7,participant_mcg_mcg_x,McG,mixer_id=McG-H; legacy_mix_code=McG-H; mixer_institution_code=McG,false,,"No explicit participant-to-mixer identity mapping or creator/evaluator flag found in evaluations.csv, mixes.csv, retained feature table, or SCHEMA.md.",false,Institution equality alone was not used as self-rating evidence.
evaluation_8d78c01295f8,In The Meantime,McG-H,mix_96c30e75e4a7,participant_qm_qm_21,QM,mixer_id=McG-H; legacy_mix_code=McG-H; mixer_institution_code=McG,false,,"No explicit participant-to-mixer identity mapping or creator/evaluator flag found in evaluations.csv, mixes.csv, retained feature table, or SCHEMA.md.",false,Institution equality alone was not used as self-rating evidence.
evaluation_4d1eaf8d5c51,In The Meantime,McG-H,mix_96c30e75e4a7,participant_qm_qm_11,QM,mixer_id=McG-H; legacy_mix_code=McG-H; mixer_institution_code=McG,false,,"No explicit participant-to-mixer identity mapping or creator/evaluator flag found in evaluations.csv, mixes.csv, retained feature table, or SCHEMA.md.",false,Institution equality alone was not used as self-rating evidence.
evaluation_18ad33d7eb29,In The Meantime,McG-H,mix_96c30e75e4a7,participant_qm_qm_16,QM,mixer_id=McG-H; legacy_mix_code=McG-H; mixer_institution_code=McG,false,,"No explicit participant-to-mixer identity mapping or creator/evaluator flag found in evaluations.csv, mixes.csv, retained feature table, or SCHEMA.md.",false,Institution equality alone was not used as self-rating evidence.
evaluation_3f95b52289a1,In The Meantime,McG-H,mix_96c30e75e4a7,participant_qm_qm_1,QM,mixer_id=McG-H; legacy_mix_code=McG-H; mixer_institution_code=McG,false,,"No explicit participant-to-mixer identity mapping or creator/evaluator flag found in evaluations.csv, mixes.csv, retained feature table, or SCHEMA.md.",false,Institution equality alone was not used as self-rating evidence.
evaluation_a631be2c6cfa,In The Meantime,McG-H,mix_96c30e75e4a7,participant_qm_qm_6,QM,mixer_id=McG-H; legacy_mix_code=McG-H; mixer_institution_code=McG,false,,"No explicit participant-to-mixer identity mapping or creator/evaluator flag found in evaluations.csv, mixes.csv, retained feature table, or SCHEMA.md.",false,Institution equality alone was not used as self-rating evidence.
evaluation_b69fb3e678fb,In The Meantime,McG-H,mix_96c30e75e4a7,participant_qm_qm_18,QM,mixer_id=McG-H; legacy_mix_code=McG-H; mixer_institution_code=McG,false,,"No explicit participant-to-mixer identity mapping or creator/evaluator flag found in evaluations.csv, mixes.csv, retained feature table, or SCHEMA.md.",false,Institution equality alone was not used as self-rating evidence.
evaluation_7068fd7ae73b,In The Meantime,McG-H,mix_96c30e75e4a7,participant_qm_qm_3,QM,mixer_id=McG-H; legacy_mix_code=McG-H; mixer_institution_code=McG,false,,"No explicit participant-to-mixer identity mapping or creator/evaluator flag found in evaluations.csv, mixes.csv, retained feature table, or SCHEMA.md.",false,Institution equality alone was not used as self-rating evidence.
evaluation_ce03ae8f5d77,In The Meantime,McG-H,mix_96c30e75e4a7,participant_qm_qm_9,QM,mixer_id=McG-H; legacy_mix_code=McG-H; mixer_institution_code=McG,false,,"No explicit participant-to-mixer identity mapping or creator/evaluator flag found in evaluations.csv, mixes.csv, retained feature table, or SCHEMA.md.",false,Institution equality alone was not used as self-rating evidence.
evaluation_f6a8608346e7,In The Meantime,McG-H,mix_96c30e75e4a7,participant_qm_qm_13,QM,mixer_id=McG-H; legacy_mix_code=McG-H; mixer_institution_code=McG,false,,"No explicit participant-to-mixer identity mapping or creator/evaluator flag found in evaluations.csv, mixes.csv, retained feature table, or SCHEMA.md.",false,Institution equality alone was not used as self-rating evidence.
evaluation_ade498bd25ac,In The Meantime,McG-H,mix_96c30e75e4a7,participant_qm_qm_20,QM,mixer_id=McG-H; legacy_mix_code=McG-H; mixer_institution_code=McG,false,,"No explicit participant-to-mixer identity mapping or creator/evaluator flag found in evaluations.csv, mixes.csv, retained feature table, or SCHEMA.md.",false,Institution equality alone was not used as self-rating evidence.
evaluation_b635dc26f56e,In The Meantime,McG-H,mix_96c30e75e4a7,participant_qut_qut_k,QUT,mixer_id=McG-H; legacy_mix_code=McG-H; mixer_institution_code=McG,false,,"No explicit participant-to-mixer identity mapping or creator/evaluator flag found in evaluations.csv, mixes.csv, retained feature table, or SCHEMA.md.",false,Institution equality alone was not used as self-rating evidence.
evaluation_bd380e263abf,In The Meantime,McG-H,mix_96c30e75e4a7,participant_qut_qut_s,QUT,mixer_id=McG-H; legacy_mix_code=McG-H; mixer_institution_code=McG,false,,"No explicit participant-to-mixer identity mapping or creator/evaluator flag found in evaluations.csv, mixes.csv, retained feature table, or SCHEMA.md.",false,Institution equality alone was not used as self-rating evidence.
evaluation_0effcc848e35,In The Meantime,McG-H,mix_96c30e75e4a7,participant_qut_qut_h,QUT,mixer_id=McG-H; legacy_mix_code=McG-H; mixer_institution_code=McG,false,,"No explicit participant-to-mixer identity mapping or creator/evaluator flag found in evaluations.csv, mixes.csv, retained feature table, or SCHEMA.md.",false,Institution equality alone was not used as self-rating evidence.
evaluation_6aebac879bb5,In The Meantime,McG-H,mix_96c30e75e4a7,participant_qut_qut_q,QUT,mixer_id=McG-H; legacy_mix_code=McG-H; mixer_institution_code=McG,false,,"No explicit participant-to-mixer identity mapping or creator/evaluator flag found in evaluations.csv, mixes.csv, retained feature table, or SCHEMA.md.",false,Institution equality alone was not used as self-rating evidence.
evaluation_08c7506cd97f,In The Meantime,McG-H,mix_96c30e75e4a7,participant_qut_qut_i,QUT,mixer_id=McG-H; legacy_mix_code=McG-H; mixer_institution_code=McG,false,,"No explicit participant-to-mixer identity mapping or creator/evaluator flag found in evaluations.csv, mixes.csv, retained feature table, or SCHEMA.md.",false,Institution equality alone was not used as self-rating evidence.
evaluation_cc349fd09ec8,In The Meantime,McG-H,mix_96c30e75e4a7,participant_qut_qut_r,QUT,mixer_id=McG-H; legacy_mix_code=McG-H; mixer_institution_code=McG,false,,"No explicit participant-to-mixer identity mapping or creator/evaluator flag found in evaluations.csv, mixes.csv, retained feature table, or SCHEMA.md.",false,Institution equality alone was not used as self-rating evidence.
evaluation_f2894be603a7,In The Meantime,McG-H,mix_96c30e75e4a7,participant_qut_qut_e,QUT,mixer_id=McG-H; legacy_mix_code=McG-H; mixer_institution_code=McG,false,,"No explicit participant-to-mixer identity mapping or creator/evaluator flag found in evaluations.csv, mixes.csv, retained feature table, or SCHEMA.md.",false,Institution equality alone was not used as self-rating evidence.
evaluation_1458325fff55,In The Meantime,McG-H,mix_96c30e75e4a7,participant_qut_qut_n,QUT,mixer_id=McG-H; legacy_mix_code=McG-H; mixer_institution_code=McG,false,,"No explicit participant-to-mixer identity mapping or creator/evaluator flag found in evaluations.csv, mixes.csv, retained feature table, or SCHEMA.md.",false,Institution equality alone was not used as self-rating evidence.
evaluation_0930af0f015f,In The Meantime,McG-H,mix_96c30e75e4a7,participant_qut_qut_m,QUT,mixer_id=McG-H; legacy_mix_code=McG-H; mixer_institution_code=McG,false,,"No explicit participant-to-mixer identity mapping or creator/evaluator flag found in evaluations.csv, mixes.csv, retained feature table, or SCHEMA.md.",false,Institution equality alone was not used as self-rating evidence.
evaluation_ef0137bf81ab,In The Meantime,McG-H,mix_96c30e75e4a7,participant_qut_qut_f,QUT,mixer_id=McG-H; legacy_mix_code=McG-H; mixer_institution_code=McG,false,,"No explicit participant-to-mixer identity mapping or creator/evaluator flag found in evaluations.csv, mixes.csv, retained feature table, or SCHEMA.md.",false,Institution equality alone was not used as self-rating evidence.
evaluation_9e380c097112,In The Meantime,McG-H,mix_96c30e75e4a7,participant_qut_qut_p,QUT,mixer_id=McG-H; legacy_mix_code=McG-H; mixer_institution_code=McG,false,,"No explicit participant-to-mixer identity mapping or creator/evaluator flag found in evaluations.csv, mixes.csv, retained feature table, or SCHEMA.md.",false,Institution equality alone was not used as self-rating evidence.
evaluation_c30c197a2523,In The Meantime,McG-H,mix_96c30e75e4a7,participant_qut_qut_o,QUT,mixer_id=McG-H; legacy_mix_code=McG-H; mixer_institution_code=McG,false,,"No explicit participant-to-mixer identity mapping or creator/evaluator flag found in evaluations.csv, mixes.csv, retained feature table, or SCHEMA.md.",false,Institution equality alone was not used as self-rating evidence.
evaluation_8b7c2d42f20c,In The Meantime,McG-H,mix_96c30e75e4a7,participant_qut_qut_a,QUT,mixer_id=McG-H; legacy_mix_code=McG-H; mixer_institution_code=McG,false,,"No explicit participant-to-mixer identity mapping or creator/evaluator flag found in evaluations.csv, mixes.csv, retained feature table, or SCHEMA.md.",false,Institution equality alone was not used as self-rating evidence.
evaluation_782a8219f401,In The Meantime,McG-H,mix_96c30e75e4a7,participant_qut_qut_pro,QUT,mixer_id=McG-H; legacy_mix_code=McG-H; mixer_institution_code=McG,false,,"No explicit participant-to-mixer identity mapping or creator/evaluator flag found in evaluations.csv, mixes.csv, retained feature table, or SCHEMA.md.",false,Institution equality alone was not used as self-rating evidence.
evaluation_d0bb18879821,In The Meantime,McG-H,mix_96c30e75e4a7,participant_qut_qut_c,QUT,mixer_id=McG-H; legacy_mix_code=McG-H; mixer_institution_code=McG,false,,"No explicit participant-to-mixer identity mapping or creator/evaluator flag found in evaluations.csv, mixes.csv, retained feature table, or SCHEMA.md.",false,Institution equality alone was not used as self-rating evidence.
evaluation_0c46e264c86b,In The Meantime,McG-H,mix_96c30e75e4a7,participant_qut_qut_l,QUT,mixer_id=McG-H; legacy_mix_code=McG-H; mixer_institution_code=McG,false,,"No explicit participant-to-mixer identity mapping or creator/evaluator flag found in evaluations.csv, mixes.csv, retained feature table, or SCHEMA.md.",false,Institution equality alone was not used as self-rating evidence.
evaluation_5943dd8ed504,In The Meantime,McG-H,mix_96c30e75e4a7,participant_smc_smc_6,SMC,mixer_id=McG-H; legacy_mix_code=McG-H; mixer_institution_code=McG,false,,"No explicit participant-to-mixer identity mapping or creator/evaluator flag found in evaluations.csv, mixes.csv, retained feature table, or SCHEMA.md.",false,Institution equality alone was not used as self-rating evidence.
evaluation_15542da55971,In The Meantime,McG-H,mix_96c30e75e4a7,participant_smc_smc_5,SMC,mixer_id=McG-H; legacy_mix_code=McG-H; mixer_institution_code=McG,false,,"No explicit participant-to-mixer identity mapping or creator/evaluator flag found in evaluations.csv, mixes.csv, retained feature table, or SCHEMA.md.",false,Institution equality alone was not used as self-rating evidence.
evaluation_70f48a36f6f7,In The Meantime,McG-H,mix_96c30e75e4a7,participant_smc_smc_20,SMC,mixer_id=McG-H; legacy_mix_code=McG-H; mixer_institution_code=McG,false,,"No explicit participant-to-mixer identity mapping or creator/evaluator flag found in evaluations.csv, mixes.csv, retained feature table, or SCHEMA.md.",false,Institution equality alone was not used as self-rating evidence.
evaluation_53618d7cd9c2,In The Meantime,McG-H,mix_96c30e75e4a7,participant_smc_smc_24,SMC,mixer_id=McG-H; legacy_mix_code=McG-H; mixer_institution_code=McG,false,,"No explicit participant-to-mixer identity mapping or creator/evaluator flag found in evaluations.csv, mixes.csv, retained feature table, or SCHEMA.md.",false,Institution equality alone was not used as self-rating evidence.
evaluation_02aca645500a,In The Meantime,McG-H,mix_96c30e75e4a7,participant_smc_smc_8,SMC,mixer_id=McG-H; legacy_mix_code=McG-H; mixer_institution_code=McG,false,,"No explicit participant-to-mixer identity mapping or creator/evaluator flag found in evaluations.csv, mixes.csv, retained feature table, or SCHEMA.md.",false,Institution equality alone was not used as self-rating evidence.
evaluation_176ac4e0b0b5,In The Meantime,McG-H,mix_96c30e75e4a7,participant_smc_smc_21,SMC,mixer_id=McG-H; legacy_mix_code=McG-H; mixer_institution_code=McG,false,,"No explicit participant-to-mixer identity mapping or creator/evaluator flag found in evaluations.csv, mixes.csv, retained feature table, or SCHEMA.md.",false,Institution equality alone was not used as self-rating evidence.
evaluation_d3bd341a9173,In The Meantime,McG-H,mix_96c30e75e4a7,participant_ucp_ucp_a4,UCP,mixer_id=McG-H; legacy_mix_code=McG-H; mixer_institution_code=McG,false,,"No explicit participant-to-mixer identity mapping or creator/evaluator flag found in evaluations.csv, mixes.csv, retained feature table, or SCHEMA.md.",false,Institution equality alone was not used as self-rating evidence.
evaluation_b471ca8e0008,In The Meantime,McG-H,mix_96c30e75e4a7,participant_ucp_ucp_a2,UCP,mixer_id=McG-H; legacy_mix_code=McG-H; mixer_institution_code=McG,false,,"No explicit participant-to-mixer identity mapping or creator/evaluator flag found in evaluations.csv, mixes.csv, retained feature table, or SCHEMA.md.",false,Institution equality alone was not used as self-rating evidence.
evaluation_a0fa67516ed9,In The Meantime,McG-H,mix_96c30e75e4a7,participant_ucp_ucp_b2,UCP,mixer_id=McG-H; legacy_mix_code=McG-H; mixer_institution_code=McG,false,,"No explicit participant-to-mixer identity mapping or creator/evaluator flag found in evaluations.csv, mixes.csv, retained feature table, or SCHEMA.md.",false,Institution equality alone was not used as self-rating evidence.
evaluation_3bd1f60c08a2,In The Meantime,McG-H,mix_96c30e75e4a7,participant_ucp_ucp_a5,UCP,mixer_id=McG-H; legacy_mix_code=McG-H; mixer_institution_code=McG,false,,"No explicit participant-to-mixer identity mapping or creator/evaluator flag found in evaluations.csv, mixes.csv, retained feature table, or SCHEMA.md.",false,Institution equality alone was not used as self-rating evidence.
evaluation_ca948a84dd08,In The Meantime,McG-H,mix_96c30e75e4a7,participant_ucp_ucp_a1,UCP,mixer_id=McG-H; legacy_mix_code=McG-H; mixer_institution_code=McG,false,,"No explicit participant-to-mixer identity mapping or creator/evaluator flag found in evaluations.csv, mixes.csv, retained feature table, or SCHEMA.md.",false,Institution equality alone was not used as self-rating evidence.
evaluation_4035ff972d48,In The Meantime,McG-H,mix_96c30e75e4a7,participant_ucp_ucp_b3,UCP,mixer_id=McG-H; legacy_mix_code=McG-H; mixer_institution_code=McG,false,,"No explicit participant-to-mixer identity mapping or creator/evaluator flag found in evaluations.csv, mixes.csv, retained feature table, or SCHEMA.md.",false,Institution equality alone was not used as self-rating evidence.
evaluation_07156e8a60b4,In The Meantime,McG-H,mix_96c30e75e4a7,participant_ucp_ucp_b4,UCP,mixer_id=McG-H; legacy_mix_code=McG-H; mixer_institution_code=McG,false,,"No explicit participant-to-mixer identity mapping or creator/evaluator flag found in evaluations.csv, mixes.csv, retained feature table, or SCHEMA.md.",false,Institution equality alone was not used as self-rating evidence.
evaluation_d3490317eb3a,In The Meantime,McG-H,mix_96c30e75e4a7,participant_ucp_ucp_b5,UCP,mixer_id=McG-H; legacy_mix_code=McG-H; mixer_institution_code=McG,false,,"No explicit participant-to-mixer identity mapping or creator/evaluator flag found in evaluations.csv, mixes.csv, retained feature table, or SCHEMA.md.",false,Institution equality alone was not used as self-rating evidence.
evaluation_3c517dc87263,In The Meantime,McG-H,mix_96c30e75e4a7,participant_ucp_ucp_b1,UCP,mixer_id=McG-H; legacy_mix_code=McG-H; mixer_institution_code=McG,false,,"No explicit participant-to-mixer identity mapping or creator/evaluator flag found in evaluations.csv, mixes.csv, retained feature table, or SCHEMA.md.",false,Institution equality alone was not used as self-rating evidence.
evaluation_d708292f29a9,In The Meantime,McG-H,mix_96c30e75e4a7,participant_ucp_ucp_a3,UCP,mixer_id=McG-H; legacy_mix_code=McG-H; mixer_institution_code=McG,false,,"No explicit participant-to-mixer identity mapping or creator/evaluator flag found in evaluations.csv, mixes.csv, retained feature table, or SCHEMA.md.",false,Institution equality alone was not used as self-rating evidence.
evaluation_51113c22880d,In The Meantime,McG-pro2,mix_690c5c454a9f,participant_mcg_mcg_f,McG,mixer_id=McG-pro2; legacy_mix_code=McG-pro2; mixer_institution_code=McG,false,,"No explicit participant-to-mixer identity mapping or creator/evaluator flag found in evaluations.csv, mixes.csv, retained feature table, or SCHEMA.md.",false,Institution equality alone was not used as self-rating evidence.
evaluation_975159e9d46d,In The Meantime,McG-pro2,mix_690c5c454a9f,participant_mcg_mcg_pro1,McG,mixer_id=McG-pro2; legacy_mix_code=McG-pro2; mixer_institution_code=McG,false,,"No explicit participant-to-mixer identity mapping or creator/evaluator flag found in evaluations.csv, mixes.csv, retained feature table, or SCHEMA.md.",false,Institution equality alone was not used as self-rating evidence.
evaluation_1166e012c0b9,In The Meantime,McG-pro2,mix_690c5c454a9f,participant_mcg_mcg_t,McG,mixer_id=McG-pro2; legacy_mix_code=McG-pro2; mixer_institution_code=McG,false,,"No explicit participant-to-mixer identity mapping or creator/evaluator flag found in evaluations.csv, mixes.csv, retained feature table, or SCHEMA.md.",false,Institution equality alone was not used as self-rating evidence.
evaluation_ff546b094cd1,In The Meantime,McG-pro2,mix_690c5c454a9f,participant_mcg_mcg_pro2,McG,mixer_id=McG-pro2; legacy_mix_code=McG-pro2; mixer_institution_code=McG,false,,"No explicit participant-to-mixer identity mapping or creator/evaluator flag found in evaluations.csv, mixes.csv, retained feature table, or SCHEMA.md.",false,Institution equality alone was not used as self-rating evidence.
evaluation_33ef51928dc4,In The Meantime,McG-pro2,mix_690c5c454a9f,participant_mcg_mcg_r,McG,mixer_id=McG-pro2; legacy_mix_code=McG-pro2; mixer_institution_code=McG,false,,"No explicit participant-to-mixer identity mapping or creator/evaluator flag found in evaluations.csv, mixes.csv, retained feature table, or SCHEMA.md.",false,Institution equality alone was not used as self-rating evidence.
evaluation_c8bb19e0e844,In The Meantime,McG-pro2,mix_690c5c454a9f,participant_mcg_mcg_c,McG,mixer_id=McG-pro2; legacy_mix_code=McG-pro2; mixer_institution_code=McG,false,,"No explicit participant-to-mixer identity mapping or creator/evaluator flag found in evaluations.csv, mixes.csv, retained feature table, or SCHEMA.md.",false,Institution equality alone was not used as self-rating evidence.
evaluation_1aef2a203859,In The Meantime,McG-pro2,mix_690c5c454a9f,participant_mcg_mcg_q,McG,mixer_id=McG-pro2; legacy_mix_code=McG-pro2; mixer_institution_code=McG,false,,"No explicit participant-to-mixer identity mapping or creator/evaluator flag found in evaluations.csv, mixes.csv, retained feature table, or SCHEMA.md.",false,Institution equality alone was not used as self-rating evidence.
evaluation_3be4c6b7831b,In The Meantime,McG-pro2,mix_690c5c454a9f,participant_mcg_mcg_b,McG,mixer_id=McG-pro2; legacy_mix_code=McG-pro2; mixer_institution_code=McG,false,,"No explicit participant-to-mixer identity mapping or creator/evaluator flag found in evaluations.csv, mixes.csv, retained feature table, or SCHEMA.md.",false,Institution equality alone was not used as self-rating evidence.
evaluation_d1a5ea62f5a3,In The Meantime,McG-pro2,mix_690c5c454a9f,participant_mcg_mcg_s,McG,mixer_id=McG-pro2; legacy_mix_code=McG-pro2; mixer_institution_code=McG,false,,"No explicit participant-to-mixer identity mapping or creator/evaluator flag found in evaluations.csv, mixes.csv, retained feature table, or SCHEMA.md.",false,Institution equality alone was not used as self-rating evidence.
evaluation_82515750f33e,In The Meantime,McG-pro2,mix_690c5c454a9f,participant_mcg_mcg_h,McG,mixer_id=McG-pro2; legacy_mix_code=McG-pro2; mixer_institution_code=McG,false,,"No explicit participant-to-mixer identity mapping or creator/evaluator flag found in evaluations.csv, mixes.csv, retained feature table, or SCHEMA.md.",false,Institution equality alone was not used as self-rating evidence.
evaluation_d3885ea4e7cd,In The Meantime,McG-pro2,mix_690c5c454a9f,participant_mcg_mcg_subc,McG,mixer_id=McG-pro2; legacy_mix_code=McG-pro2; mixer_institution_code=McG,false,,"No explicit participant-to-mixer identity mapping or creator/evaluator flag found in evaluations.csv, mixes.csv, retained feature table, or SCHEMA.md.",false,Institution equality alone was not used as self-rating evidence.
evaluation_f274f089e5d3,In The Meantime,McG-pro2,mix_690c5c454a9f,participant_mcg_mcg_w,McG,mixer_id=McG-pro2; legacy_mix_code=McG-pro2; mixer_institution_code=McG,false,,"No explicit participant-to-mixer identity mapping or creator/evaluator flag found in evaluations.csv, mixes.csv, retained feature table, or SCHEMA.md.",false,Institution equality alone was not used as self-rating evidence.
evaluation_bf3f17003e29,In The Meantime,McG-pro2,mix_690c5c454a9f,participant_mcg_mcg_sube,McG,mixer_id=McG-pro2; legacy_mix_code=McG-pro2; mixer_institution_code=McG,false,,"No explicit participant-to-mixer identity mapping or creator/evaluator flag found in evaluations.csv, mixes.csv, retained feature table, or SCHEMA.md.",false,Institution equality alone was not used as self-rating evidence.
evaluation_cc649334eca8,In The Meantime,McG-pro2,mix_690c5c454a9f,participant_mcg_mcg_d,McG,mixer_id=McG-pro2; legacy_mix_code=McG-pro2; mixer_institution_code=McG,false,,"No explicit participant-to-mixer identity mapping or creator/evaluator flag found in evaluations.csv, mixes.csv, retained feature table, or SCHEMA.md.",false,Institution equality alone was not used as self-rating evidence.
evaluation_2192810f9877,In The Meantime,McG-pro2,mix_690c5c454a9f,participant_mcg_mcg_e,McG,mixer_id=McG-pro2; legacy_mix_code=McG-pro2; mixer_institution_code=McG,false,,"No explicit participant-to-mixer identity mapping or creator/evaluator flag found in evaluations.csv, mixes.csv, retained feature table, or SCHEMA.md.",false,Institution equality alone was not used as self-rating evidence.
evaluation_5430fb5adf95,In The Meantime,McG-pro2,mix_690c5c454a9f,participant_mcg_mcg_subd,McG,mixer_id=McG-pro2; legacy_mix_code=McG-pro2; mixer_institution_code=McG,false,,"No explicit participant-to-mixer identity mapping or creator/evaluator flag found in evaluations.csv, mixes.csv, retained feature table, or SCHEMA.md.",false,Institution equality alone was not used as self-rating evidence.
evaluation_bdfd4a48ab19,In The Meantime,McG-pro2,mix_690c5c454a9f,participant_mcg_mcg_v,McG,mixer_id=McG-pro2; legacy_mix_code=McG-pro2; mixer_institution_code=McG,false,,"No explicit participant-to-mixer identity mapping or creator/evaluator flag found in evaluations.csv, mixes.csv, retained feature table, or SCHEMA.md.",false,Institution equality alone was not used as self-rating evidence.
evaluation_08c83a5625c1,In The Meantime,McG-pro2,mix_690c5c454a9f,participant_mcg_mcg_subg,McG,mixer_id=McG-pro2; legacy_mix_code=McG-pro2; mixer_institution_code=McG,false,,"No explicit participant-to-mixer identity mapping or creator/evaluator flag found in evaluations.csv, mixes.csv, retained feature table, or SCHEMA.md.",false,Institution equality alone was not used as self-rating evidence.
evaluation_bd74743630d6,In The Meantime,McG-pro2,mix_690c5c454a9f,participant_mcg_mcg_subb,McG,mixer_id=McG-pro2; legacy_mix_code=McG-pro2; mixer_institution_code=McG,false,,"No explicit participant-to-mixer identity mapping or creator/evaluator flag found in evaluations.csv, mixes.csv, retained feature table, or SCHEMA.md.",false,Institution equality alone was not used as self-rating evidence.
evaluation_8966416dd71c,In The Meantime,McG-pro2,mix_690c5c454a9f,participant_mcg_mcg_u,McG,mixer_id=McG-pro2; legacy_mix_code=McG-pro2; mixer_institution_code=McG,false,,"No explicit participant-to-mixer identity mapping or creator/evaluator flag found in evaluations.csv, mixes.csv, retained feature table, or SCHEMA.md.",false,Institution equality alone was not used as self-rating evidence.
evaluation_1fa17894eea3,In The Meantime,McG-pro2,mix_690c5c454a9f,participant_mcg_mcg_g,McG,mixer_id=McG-pro2; legacy_mix_code=McG-pro2; mixer_institution_code=McG,false,,"No explicit participant-to-mixer identity mapping or creator/evaluator flag found in evaluations.csv, mixes.csv, retained feature table, or SCHEMA.md.",false,Institution equality alone was not used as self-rating evidence.
evaluation_6907fda592d0,In The Meantime,McG-pro2,mix_690c5c454a9f,participant_mcg_mcg_a,McG,mixer_id=McG-pro2; legacy_mix_code=McG-pro2; mixer_institution_code=McG,false,,"No explicit participant-to-mixer identity mapping or creator/evaluator flag found in evaluations.csv, mixes.csv, retained feature table, or SCHEMA.md.",false,Institution equality alone was not used as self-rating evidence.
evaluation_28f5f39d19b1,In The Meantime,McG-pro2,mix_690c5c454a9f,participant_mcg_mcg_x,McG,mixer_id=McG-pro2; legacy_mix_code=McG-pro2; mixer_institution_code=McG,false,,"No explicit participant-to-mixer identity mapping or creator/evaluator flag found in evaluations.csv, mixes.csv, retained feature table, or SCHEMA.md.",false,Institution equality alone was not used as self-rating evidence.
evaluation_97d9528c4f11,In The Meantime,McG-pro2,mix_690c5c454a9f,participant_qm_qm_21,QM,mixer_id=McG-pro2; legacy_mix_code=McG-pro2; mixer_institution_code=McG,false,,"No explicit participant-to-mixer identity mapping or creator/evaluator flag found in evaluations.csv, mixes.csv, retained feature table, or SCHEMA.md.",false,Institution equality alone was not used as self-rating evidence.
evaluation_25c306e06b1d,In The Meantime,McG-pro2,mix_690c5c454a9f,participant_qm_qm_11,QM,mixer_id=McG-pro2; legacy_mix_code=McG-pro2; mixer_institution_code=McG,false,,"No explicit participant-to-mixer identity mapping or creator/evaluator flag found in evaluations.csv, mixes.csv, retained feature table, or SCHEMA.md.",false,Institution equality alone was not used as self-rating evidence.
evaluation_d044103aabae,In The Meantime,McG-pro2,mix_690c5c454a9f,participant_qm_qm_16,QM,mixer_id=McG-pro2; legacy_mix_code=McG-pro2; mixer_institution_code=McG,false,,"No explicit participant-to-mixer identity mapping or creator/evaluator flag found in evaluations.csv, mixes.csv, retained feature table, or SCHEMA.md.",false,Institution equality alone was not used as self-rating evidence.
evaluation_38dec7adf355,In The Meantime,McG-pro2,mix_690c5c454a9f,participant_qm_qm_1,QM,mixer_id=McG-pro2; legacy_mix_code=McG-pro2; mixer_institution_code=McG,false,,"No explicit participant-to-mixer identity mapping or creator/evaluator flag found in evaluations.csv, mixes.csv, retained feature table, or SCHEMA.md.",false,Institution equality alone was not used as self-rating evidence.
evaluation_73c25b0874ea,In The Meantime,McG-pro2,mix_690c5c454a9f,participant_qm_qm_6,QM,mixer_id=McG-pro2; legacy_mix_code=McG-pro2; mixer_institution_code=McG,false,,"No explicit participant-to-mixer identity mapping or creator/evaluator flag found in evaluations.csv, mixes.csv, retained feature table, or SCHEMA.md.",false,Institution equality alone was not used as self-rating evidence.
evaluation_627eac9803cb,In The Meantime,McG-pro2,mix_690c5c454a9f,participant_qm_qm_18,QM,mixer_id=McG-pro2; legacy_mix_code=McG-pro2; mixer_institution_code=McG,false,,"No explicit participant-to-mixer identity mapping or creator/evaluator flag found in evaluations.csv, mixes.csv, retained feature table, or SCHEMA.md.",false,Institution equality alone was not used as self-rating evidence.
evaluation_835826a7b82d,In The Meantime,McG-pro2,mix_690c5c454a9f,participant_qm_qm_3,QM,mixer_id=McG-pro2; legacy_mix_code=McG-pro2; mixer_institution_code=McG,false,,"No explicit participant-to-mixer identity mapping or creator/evaluator flag found in evaluations.csv, mixes.csv, retained feature table, or SCHEMA.md.",false,Institution equality alone was not used as self-rating evidence.
evaluation_7c8c41889ab3,In The Meantime,McG-pro2,mix_690c5c454a9f,participant_qm_qm_9,QM,mixer_id=McG-pro2; legacy_mix_code=McG-pro2; mixer_institution_code=McG,false,,"No explicit participant-to-mixer identity mapping or creator/evaluator flag found in evaluations.csv, mixes.csv, retained feature table, or SCHEMA.md.",false,Institution equality alone was not used as self-rating evidence.
evaluation_b6dc53941701,In The Meantime,McG-pro2,mix_690c5c454a9f,participant_qm_qm_13,QM,mixer_id=McG-pro2; legacy_mix_code=McG-pro2; mixer_institution_code=McG,false,,"No explicit participant-to-mixer identity mapping or creator/evaluator flag found in evaluations.csv, mixes.csv, retained feature table, or SCHEMA.md.",false,Institution equality alone was not used as self-rating evidence.
evaluation_9daac93e18bd,In The Meantime,McG-pro2,mix_690c5c454a9f,participant_qm_qm_20,QM,mixer_id=McG-pro2; legacy_mix_code=McG-pro2; mixer_institution_code=McG,false,,"No explicit participant-to-mixer identity mapping or creator/evaluator flag found in evaluations.csv, mixes.csv, retained feature table, or SCHEMA.md.",false,Institution equality alone was not used as self-rating evidence.
evaluation_50732308858a,In The Meantime,McG-pro2,mix_690c5c454a9f,participant_smc_smc_6,SMC,mixer_id=McG-pro2; legacy_mix_code=McG-pro2; mixer_institution_code=McG,false,,"No explicit participant-to-mixer identity mapping or creator/evaluator flag found in evaluations.csv, mixes.csv, retained feature table, or SCHEMA.md.",false,Institution equality alone was not used as self-rating evidence.
evaluation_d1c153119595,In The Meantime,McG-pro2,mix_690c5c454a9f,participant_smc_smc_5,SMC,mixer_id=McG-pro2; legacy_mix_code=McG-pro2; mixer_institution_code=McG,false,,"No explicit participant-to-mixer identity mapping or creator/evaluator flag found in evaluations.csv, mixes.csv, retained feature table, or SCHEMA.md.",false,Institution equality alone was not used as self-rating evidence.
evaluation_fde711cb0934,In The Meantime,McG-pro2,mix_690c5c454a9f,participant_smc_smc_20,SMC,mixer_id=McG-pro2; legacy_mix_code=McG-pro2; mixer_institution_code=McG,false,,"No explicit participant-to-mixer identity mapping or creator/evaluator flag found in evaluations.csv, mixes.csv, retained feature table, or SCHEMA.md.",false,Institution equality alone was not used as self-rating evidence.
evaluation_c2df0641df30,In The Meantime,McG-pro2,mix_690c5c454a9f,participant_smc_smc_24,SMC,mixer_id=McG-pro2; legacy_mix_code=McG-pro2; mixer_institution_code=McG,false,,"No explicit participant-to-mixer identity mapping or creator/evaluator flag found in evaluations.csv, mixes.csv, retained feature table, or SCHEMA.md.",false,Institution equality alone was not used as self-rating evidence.
evaluation_ded819f7234c,In The Meantime,McG-pro2,mix_690c5c454a9f,participant_smc_smc_8,SMC,mixer_id=McG-pro2; legacy_mix_code=McG-pro2; mixer_institution_code=McG,false,,"No explicit participant-to-mixer identity mapping or creator/evaluator flag found in evaluations.csv, mixes.csv, retained feature table, or SCHEMA.md.",false,Institution equality alone was not used as self-rating evidence.
evaluation_c620e53a30f7,In The Meantime,McG-pro2,mix_690c5c454a9f,participant_smc_smc_21,SMC,mixer_id=McG-pro2; legacy_mix_code=McG-pro2; mixer_institution_code=McG,false,,"No explicit participant-to-mixer identity mapping or creator/evaluator flag found in evaluations.csv, mixes.csv, retained feature table, or SCHEMA.md.",false,Institution equality alone was not used as self-rating evidence.
evaluation_a6af230ed390,In The Meantime,McG-pro2,mix_690c5c454a9f,participant_ucp_ucp_a4,UCP,mixer_id=McG-pro2; legacy_mix_code=McG-pro2; mixer_institution_code=McG,false,,"No explicit participant-to-mixer identity mapping or creator/evaluator flag found in evaluations.csv, mixes.csv, retained feature table, or SCHEMA.md.",false,Institution equality alone was not used as self-rating evidence.
evaluation_ba22200c90de,In The Meantime,McG-pro2,mix_690c5c454a9f,participant_ucp_ucp_a2,UCP,mixer_id=McG-pro2; legacy_mix_code=McG-pro2; mixer_institution_code=McG,false,,"No explicit participant-to-mixer identity mapping or creator/evaluator flag found in evaluations.csv, mixes.csv, retained feature table, or SCHEMA.md.",false,Institution equality alone was not used as self-rating evidence.
evaluation_89b4c6b9c605,In The Meantime,McG-pro2,mix_690c5c454a9f,participant_ucp_ucp_b2,UCP,mixer_id=McG-pro2; legacy_mix_code=McG-pro2; mixer_institution_code=McG,false,,"No explicit participant-to-mixer identity mapping or creator/evaluator flag found in evaluations.csv, mixes.csv, retained feature table, or SCHEMA.md.",false,Institution equality alone was not used as self-rating evidence.
evaluation_c223dd0664e9,In The Meantime,McG-pro2,mix_690c5c454a9f,participant_ucp_ucp_a5,UCP,mixer_id=McG-pro2; legacy_mix_code=McG-pro2; mixer_institution_code=McG,false,,"No explicit participant-to-mixer identity mapping or creator/evaluator flag found in evaluations.csv, mixes.csv, retained feature table, or SCHEMA.md.",false,Institution equality alone was not used as self-rating evidence.
evaluation_1338afed5d66,In The Meantime,McG-pro2,mix_690c5c454a9f,participant_ucp_ucp_a1,UCP,mixer_id=McG-pro2; legacy_mix_code=McG-pro2; mixer_institution_code=McG,false,,"No explicit participant-to-mixer identity mapping or creator/evaluator flag found in evaluations.csv, mixes.csv, retained feature table, or SCHEMA.md.",false,Institution equality alone was not used as self-rating evidence.
evaluation_3ffccf02deff,In The Meantime,McG-pro2,mix_690c5c454a9f,participant_ucp_ucp_b3,UCP,mixer_id=McG-pro2; legacy_mix_code=McG-pro2; mixer_institution_code=McG,false,,"No explicit participant-to-mixer identity mapping or creator/evaluator flag found in evaluations.csv, mixes.csv, retained feature table, or SCHEMA.md.",false,Institution equality alone was not used as self-rating evidence.
evaluation_a0799120816b,In The Meantime,McG-pro2,mix_690c5c454a9f,participant_ucp_ucp_b4,UCP,mixer_id=McG-pro2; legacy_mix_code=McG-pro2; mixer_institution_code=McG,false,,"No explicit participant-to-mixer identity mapping or creator/evaluator flag found in evaluations.csv, mixes.csv, retained feature table, or SCHEMA.md.",false,Institution equality alone was not used as self-rating evidence.
evaluation_b9c985fe6eb6,In The Meantime,McG-pro2,mix_690c5c454a9f,participant_ucp_ucp_b5,UCP,mixer_id=McG-pro2; legacy_mix_code=McG-pro2; mixer_institution_code=McG,false,,"No explicit participant-to-mixer identity mapping or creator/evaluator flag found in evaluations.csv, mixes.csv, retained feature table, or SCHEMA.md.",false,Institution equality alone was not used as self-rating evidence.
evaluation_bf60d009749d,In The Meantime,McG-pro2,mix_690c5c454a9f,participant_ucp_ucp_b1,UCP,mixer_id=McG-pro2; legacy_mix_code=McG-pro2; mixer_institution_code=McG,false,,"No explicit participant-to-mixer identity mapping or creator/evaluator flag found in evaluations.csv, mixes.csv, retained feature table, or SCHEMA.md.",false,Institution equality alone was not used as self-rating evidence.
evaluation_61479acf0b28,In The Meantime,McG-pro2,mix_690c5c454a9f,participant_ucp_ucp_a3,UCP,mixer_id=McG-pro2; legacy_mix_code=McG-pro2; mixer_institution_code=McG,false,,"No explicit participant-to-mixer identity mapping or creator/evaluator flag found in evaluations.csv, mixes.csv, retained feature table, or SCHEMA.md.",false,Institution equality alone was not used as self-rating evidence.
evaluation_d64e9d8f7ad5,In The Meantime,PXL-S1,mix_2eae3034bad8,participant_pxl_pxl_s6,PXL,mixer_id=PXL-S1; legacy_mix_code=PXL-S1; mixer_institution_code=PXL,false,,"No explicit participant-to-mixer identity mapping or creator/evaluator flag found in evaluations.csv, mixes.csv, retained feature table, or SCHEMA.md.",false,Institution equality alone was not used as self-rating evidence.
evaluation_7955ea7b89de,In The Meantime,PXL-S1,mix_2eae3034bad8,participant_pxl_pxl_s7,PXL,mixer_id=PXL-S1; legacy_mix_code=PXL-S1; mixer_institution_code=PXL,false,,"No explicit participant-to-mixer identity mapping or creator/evaluator flag found in evaluations.csv, mixes.csv, retained feature table, or SCHEMA.md.",false,Institution equality alone was not used as self-rating evidence.
evaluation_5588587f79b7,In The Meantime,PXL-S1,mix_2eae3034bad8,participant_pxl_pxl_s2,PXL,mixer_id=PXL-S1; legacy_mix_code=PXL-S1; mixer_institution_code=PXL,false,,"No explicit participant-to-mixer identity mapping or creator/evaluator flag found in evaluations.csv, mixes.csv, retained feature table, or SCHEMA.md.",false,Institution equality alone was not used as self-rating evidence.
evaluation_9b1886613120,In The Meantime,PXL-S1,mix_2eae3034bad8,participant_pxl_pxl_s1,PXL,mixer_id=PXL-S1; legacy_mix_code=PXL-S1; mixer_institution_code=PXL,false,,"No explicit participant-to-mixer identity mapping or creator/evaluator flag found in evaluations.csv, mixes.csv, retained feature table, or SCHEMA.md.",false,Institution equality alone was not used as self-rating evidence.
evaluation_445628091c9b,In The Meantime,PXL-S1,mix_2eae3034bad8,participant_pxl_pxl_s5,PXL,mixer_id=PXL-S1; legacy_mix_code=PXL-S1; mixer_institution_code=PXL,false,,"No explicit participant-to-mixer identity mapping or creator/evaluator flag found in evaluations.csv, mixes.csv, retained feature table, or SCHEMA.md.",false,Institution equality alone was not used as self-rating evidence.
evaluation_c0054c911745,In The Meantime,PXL-S1,mix_2eae3034bad8,participant_pxl_pxl_s3,PXL,mixer_id=PXL-S1; legacy_mix_code=PXL-S1; mixer_institution_code=PXL,false,,"No explicit participant-to-mixer identity mapping or creator/evaluator flag found in evaluations.csv, mixes.csv, retained feature table, or SCHEMA.md.",false,Institution equality alone was not used as self-rating evidence.
evaluation_88c1d1250c9b,In The Meantime,PXL-S1,mix_2eae3034bad8,participant_pxl_pxl_pro,PXL,mixer_id=PXL-S1; legacy_mix_code=PXL-S1; mixer_institution_code=PXL,false,,"No explicit participant-to-mixer identity mapping or creator/evaluator flag found in evaluations.csv, mixes.csv, retained feature table, or SCHEMA.md.",false,Institution equality alone was not used as self-rating evidence.
evaluation_c06d1898fcf2,In The Meantime,PXL-S1,mix_2eae3034bad8,participant_pxl_pxl_s4,PXL,mixer_id=PXL-S1; legacy_mix_code=PXL-S1; mixer_institution_code=PXL,false,,"No explicit participant-to-mixer identity mapping or creator/evaluator flag found in evaluations.csv, mixes.csv, retained feature table, or SCHEMA.md.",false,Institution equality alone was not used as self-rating evidence.
evaluation_40d3a336978b,In The Meantime,PXL-S2,mix_2d589c003982,participant_pxl_pxl_s6,PXL,mixer_id=PXL-S2; legacy_mix_code=PXL-S2; mixer_institution_code=PXL,false,,"No explicit participant-to-mixer identity mapping or creator/evaluator flag found in evaluations.csv, mixes.csv, retained feature table, or SCHEMA.md.",false,Institution equality alone was not used as self-rating evidence.
evaluation_6af03366b6d3,In The Meantime,PXL-S2,mix_2d589c003982,participant_pxl_pxl_s7,PXL,mixer_id=PXL-S2; legacy_mix_code=PXL-S2; mixer_institution_code=PXL,false,,"No explicit participant-to-mixer identity mapping or creator/evaluator flag found in evaluations.csv, mixes.csv, retained feature table, or SCHEMA.md.",false,Institution equality alone was not used as self-rating evidence.
evaluation_77c0f8e21489,In The Meantime,PXL-S2,mix_2d589c003982,participant_pxl_pxl_s2,PXL,mixer_id=PXL-S2; legacy_mix_code=PXL-S2; mixer_institution_code=PXL,false,,"No explicit participant-to-mixer identity mapping or creator/evaluator flag found in evaluations.csv, mixes.csv, retained feature table, or SCHEMA.md.",false,Institution equality alone was not used as self-rating evidence.
evaluation_5ca78a39ef7f,In The Meantime,PXL-S2,mix_2d589c003982,participant_pxl_pxl_s1,PXL,mixer_id=PXL-S2; legacy_mix_code=PXL-S2; mixer_institution_code=PXL,false,,"No explicit participant-to-mixer identity mapping or creator/evaluator flag found in evaluations.csv, mixes.csv, retained feature table, or SCHEMA.md.",false,Institution equality alone was not used as self-rating evidence.
evaluation_d74ac906e21f,In The Meantime,PXL-S2,mix_2d589c003982,participant_pxl_pxl_s5,PXL,mixer_id=PXL-S2; legacy_mix_code=PXL-S2; mixer_institution_code=PXL,false,,"No explicit participant-to-mixer identity mapping or creator/evaluator flag found in evaluations.csv, mixes.csv, retained feature table, or SCHEMA.md.",false,Institution equality alone was not used as self-rating evidence.
evaluation_f38e738c254e,In The Meantime,PXL-S2,mix_2d589c003982,participant_pxl_pxl_s3,PXL,mixer_id=PXL-S2; legacy_mix_code=PXL-S2; mixer_institution_code=PXL,false,,"No explicit participant-to-mixer identity mapping or creator/evaluator flag found in evaluations.csv, mixes.csv, retained feature table, or SCHEMA.md.",false,Institution equality alone was not used as self-rating evidence.
evaluation_cc39efbff4ca,In The Meantime,PXL-S2,mix_2d589c003982,participant_pxl_pxl_pro,PXL,mixer_id=PXL-S2; legacy_mix_code=PXL-S2; mixer_institution_code=PXL,false,,"No explicit participant-to-mixer identity mapping or creator/evaluator flag found in evaluations.csv, mixes.csv, retained feature table, or SCHEMA.md.",false,Institution equality alone was not used as self-rating evidence.
evaluation_1d555fa82813,In The Meantime,PXL-S2,mix_2d589c003982,participant_pxl_pxl_s4,PXL,mixer_id=PXL-S2; legacy_mix_code=PXL-S2; mixer_institution_code=PXL,false,,"No explicit participant-to-mixer identity mapping or creator/evaluator flag found in evaluations.csv, mixes.csv, retained feature table, or SCHEMA.md.",false,Institution equality alone was not used as self-rating evidence.
evaluation_32fc4e522b6d,In The Meantime,PXL-S3,mix_8137541fd01f,participant_pxl_pxl_s6,PXL,mixer_id=PXL-S3; legacy_mix_code=PXL-S3; mixer_institution_code=PXL,false,,"No explicit participant-to-mixer identity mapping or creator/evaluator flag found in evaluations.csv, mixes.csv, retained feature table, or SCHEMA.md.",false,Institution equality alone was not used as self-rating evidence.
evaluation_a559a2d1821b,In The Meantime,PXL-S3,mix_8137541fd01f,participant_pxl_pxl_s7,PXL,mixer_id=PXL-S3; legacy_mix_code=PXL-S3; mixer_institution_code=PXL,false,,"No explicit participant-to-mixer identity mapping or creator/evaluator flag found in evaluations.csv, mixes.csv, retained feature table, or SCHEMA.md.",false,Institution equality alone was not used as self-rating evidence.
evaluation_e2ee4c13a73a,In The Meantime,PXL-S3,mix_8137541fd01f,participant_pxl_pxl_s2,PXL,mixer_id=PXL-S3; legacy_mix_code=PXL-S3; mixer_institution_code=PXL,false,,"No explicit participant-to-mixer identity mapping or creator/evaluator flag found in evaluations.csv, mixes.csv, retained feature table, or SCHEMA.md.",false,Institution equality alone was not used as self-rating evidence.
evaluation_9d34bd981523,In The Meantime,PXL-S3,mix_8137541fd01f,participant_pxl_pxl_s1,PXL,mixer_id=PXL-S3; legacy_mix_code=PXL-S3; mixer_institution_code=PXL,false,,"No explicit participant-to-mixer identity mapping or creator/evaluator flag found in evaluations.csv, mixes.csv, retained feature table, or SCHEMA.md.",false,Institution equality alone was not used as self-rating evidence.
evaluation_bd001ca02115,In The Meantime,PXL-S3,mix_8137541fd01f,participant_pxl_pxl_s5,PXL,mixer_id=PXL-S3; legacy_mix_code=PXL-S3; mixer_institution_code=PXL,false,,"No explicit participant-to-mixer identity mapping or creator/evaluator flag found in evaluations.csv, mixes.csv, retained feature table, or SCHEMA.md.",false,Institution equality alone was not used as self-rating evidence.
evaluation_e49d935f99d5,In The Meantime,PXL-S3,mix_8137541fd01f,participant_pxl_pxl_s3,PXL,mixer_id=PXL-S3; legacy_mix_code=PXL-S3; mixer_institution_code=PXL,false,,"No explicit participant-to-mixer identity mapping or creator/evaluator flag found in evaluations.csv, mixes.csv, retained feature table, or SCHEMA.md.",false,Institution equality alone was not used as self-rating evidence.
evaluation_21619dfc1e32,In The Meantime,PXL-S3,mix_8137541fd01f,participant_pxl_pxl_pro,PXL,mixer_id=PXL-S3; legacy_mix_code=PXL-S3; mixer_institution_code=PXL,false,,"No explicit participant-to-mixer identity mapping or creator/evaluator flag found in evaluations.csv, mixes.csv, retained feature table, or SCHEMA.md.",false,Institution equality alone was not used as self-rating evidence.
evaluation_f14e499367fc,In The Meantime,PXL-S3,mix_8137541fd01f,participant_pxl_pxl_s4,PXL,mixer_id=PXL-S3; legacy_mix_code=PXL-S3; mixer_institution_code=PXL,false,,"No explicit participant-to-mixer identity mapping or creator/evaluator flag found in evaluations.csv, mixes.csv, retained feature table, or SCHEMA.md.",false,Institution equality alone was not used as self-rating evidence.
evaluation_259a0083431d,In The Meantime,PXL-S4,mix_67624d91340a,participant_pxl_pxl_s6,PXL,mixer_id=PXL-S4; legacy_mix_code=PXL-S4; mixer_institution_code=PXL,false,,"No explicit participant-to-mixer identity mapping or creator/evaluator flag found in evaluations.csv, mixes.csv, retained feature table, or SCHEMA.md.",false,Institution equality alone was not used as self-rating evidence.
evaluation_c4c074f2251a,In The Meantime,PXL-S4,mix_67624d91340a,participant_pxl_pxl_s7,PXL,mixer_id=PXL-S4; legacy_mix_code=PXL-S4; mixer_institution_code=PXL,false,,"No explicit participant-to-mixer identity mapping or creator/evaluator flag found in evaluations.csv, mixes.csv, retained feature table, or SCHEMA.md.",false,Institution equality alone was not used as self-rating evidence.
evaluation_ee80b956957a,In The Meantime,PXL-S4,mix_67624d91340a,participant_pxl_pxl_s2,PXL,mixer_id=PXL-S4; legacy_mix_code=PXL-S4; mixer_institution_code=PXL,false,,"No explicit participant-to-mixer identity mapping or creator/evaluator flag found in evaluations.csv, mixes.csv, retained feature table, or SCHEMA.md.",false,Institution equality alone was not used as self-rating evidence.
evaluation_8f76bbb58feb,In The Meantime,PXL-S4,mix_67624d91340a,participant_pxl_pxl_s1,PXL,mixer_id=PXL-S4; legacy_mix_code=PXL-S4; mixer_institution_code=PXL,false,,"No explicit participant-to-mixer identity mapping or creator/evaluator flag found in evaluations.csv, mixes.csv, retained feature table, or SCHEMA.md.",false,Institution equality alone was not used as self-rating evidence.
evaluation_04fd6826ffde,In The Meantime,PXL-S4,mix_67624d91340a,participant_pxl_pxl_s5,PXL,mixer_id=PXL-S4; legacy_mix_code=PXL-S4; mixer_institution_code=PXL,false,,"No explicit participant-to-mixer identity mapping or creator/evaluator flag found in evaluations.csv, mixes.csv, retained feature table, or SCHEMA.md.",false,Institution equality alone was not used as self-rating evidence.
evaluation_69810869afee,In The Meantime,PXL-S4,mix_67624d91340a,participant_pxl_pxl_s3,PXL,mixer_id=PXL-S4; legacy_mix_code=PXL-S4; mixer_institution_code=PXL,false,,"No explicit participant-to-mixer identity mapping or creator/evaluator flag found in evaluations.csv, mixes.csv, retained feature table, or SCHEMA.md.",false,Institution equality alone was not used as self-rating evidence.
evaluation_58f3c47dd739,In The Meantime,PXL-S4,mix_67624d91340a,participant_pxl_pxl_pro,PXL,mixer_id=PXL-S4; legacy_mix_code=PXL-S4; mixer_institution_code=PXL,false,,"No explicit participant-to-mixer identity mapping or creator/evaluator flag found in evaluations.csv, mixes.csv, retained feature table, or SCHEMA.md.",false,Institution equality alone was not used as self-rating evidence.
evaluation_3075a236782e,In The Meantime,PXL-S4,mix_67624d91340a,participant_pxl_pxl_s4,PXL,mixer_id=PXL-S4; legacy_mix_code=PXL-S4; mixer_institution_code=PXL,false,,"No explicit participant-to-mixer identity mapping or creator/evaluator flag found in evaluations.csv, mixes.csv, retained feature table, or SCHEMA.md.",false,Institution equality alone was not used as self-rating evidence.
evaluation_f32eaeb9f2b4,In The Meantime,PXL-S5,mix_54ac02ce9456,participant_pxl_pxl_s6,PXL,mixer_id=PXL-S5; legacy_mix_code=PXL-S5; mixer_institution_code=PXL,false,,"No explicit participant-to-mixer identity mapping or creator/evaluator flag found in evaluations.csv, mixes.csv, retained feature table, or SCHEMA.md.",false,Institution equality alone was not used as self-rating evidence.
evaluation_33da8664d06c,In The Meantime,PXL-S5,mix_54ac02ce9456,participant_pxl_pxl_s7,PXL,mixer_id=PXL-S5; legacy_mix_code=PXL-S5; mixer_institution_code=PXL,false,,"No explicit participant-to-mixer identity mapping or creator/evaluator flag found in evaluations.csv, mixes.csv, retained feature table, or SCHEMA.md.",false,Institution equality alone was not used as self-rating evidence.
evaluation_6bbb64d27bf8,In The Meantime,PXL-S5,mix_54ac02ce9456,participant_pxl_pxl_s2,PXL,mixer_id=PXL-S5; legacy_mix_code=PXL-S5; mixer_institution_code=PXL,false,,"No explicit participant-to-mixer identity mapping or creator/evaluator flag found in evaluations.csv, mixes.csv, retained feature table, or SCHEMA.md.",false,Institution equality alone was not used as self-rating evidence.
evaluation_8f04100a5e26,In The Meantime,PXL-S5,mix_54ac02ce9456,participant_pxl_pxl_s1,PXL,mixer_id=PXL-S5; legacy_mix_code=PXL-S5; mixer_institution_code=PXL,false,,"No explicit participant-to-mixer identity mapping or creator/evaluator flag found in evaluations.csv, mixes.csv, retained feature table, or SCHEMA.md.",false,Institution equality alone was not used as self-rating evidence.
evaluation_ba4ca5b269c1,In The Meantime,PXL-S5,mix_54ac02ce9456,participant_pxl_pxl_s5,PXL,mixer_id=PXL-S5; legacy_mix_code=PXL-S5; mixer_institution_code=PXL,false,,"No explicit participant-to-mixer identity mapping or creator/evaluator flag found in evaluations.csv, mixes.csv, retained feature table, or SCHEMA.md.",false,Institution equality alone was not used as self-rating evidence.
evaluation_281b7fceefa0,In The Meantime,PXL-S5,mix_54ac02ce9456,participant_pxl_pxl_s3,PXL,mixer_id=PXL-S5; legacy_mix_code=PXL-S5; mixer_institution_code=PXL,false,,"No explicit participant-to-mixer identity mapping or creator/evaluator flag found in evaluations.csv, mixes.csv, retained feature table, or SCHEMA.md.",false,Institution equality alone was not used as self-rating evidence.
evaluation_4e72d744977f,In The Meantime,PXL-S5,mix_54ac02ce9456,participant_pxl_pxl_pro,PXL,mixer_id=PXL-S5; legacy_mix_code=PXL-S5; mixer_institution_code=PXL,false,,"No explicit participant-to-mixer identity mapping or creator/evaluator flag found in evaluations.csv, mixes.csv, retained feature table, or SCHEMA.md.",false,Institution equality alone was not used as self-rating evidence.
evaluation_dcd68679c673,In The Meantime,PXL-S5,mix_54ac02ce9456,participant_pxl_pxl_s4,PXL,mixer_id=PXL-S5; legacy_mix_code=PXL-S5; mixer_institution_code=PXL,false,,"No explicit participant-to-mixer identity mapping or creator/evaluator flag found in evaluations.csv, mixes.csv, retained feature table, or SCHEMA.md.",false,Institution equality alone was not used as self-rating evidence.
evaluation_2d3252c1901d,In The Meantime,PXL-S6,mix_f44b598b8cf8,participant_pxl_pxl_s6,PXL,mixer_id=PXL-S6; legacy_mix_code=PXL-S6; mixer_institution_code=PXL,false,,"No explicit participant-to-mixer identity mapping or creator/evaluator flag found in evaluations.csv, mixes.csv, retained feature table, or SCHEMA.md.",false,Institution equality alone was not used as self-rating evidence.
evaluation_f8ed1011a1fb,In The Meantime,PXL-S6,mix_f44b598b8cf8,participant_pxl_pxl_s7,PXL,mixer_id=PXL-S6; legacy_mix_code=PXL-S6; mixer_institution_code=PXL,false,,"No explicit participant-to-mixer identity mapping or creator/evaluator flag found in evaluations.csv, mixes.csv, retained feature table, or SCHEMA.md.",false,Institution equality alone was not used as self-rating evidence.
evaluation_0d2d3f4b3509,In The Meantime,PXL-S6,mix_f44b598b8cf8,participant_pxl_pxl_s2,PXL,mixer_id=PXL-S6; legacy_mix_code=PXL-S6; mixer_institution_code=PXL,false,,"No explicit participant-to-mixer identity mapping or creator/evaluator flag found in evaluations.csv, mixes.csv, retained feature table, or SCHEMA.md.",false,Institution equality alone was not used as self-rating evidence.
evaluation_42a592b1e5bf,In The Meantime,PXL-S6,mix_f44b598b8cf8,participant_pxl_pxl_s1,PXL,mixer_id=PXL-S6; legacy_mix_code=PXL-S6; mixer_institution_code=PXL,false,,"No explicit participant-to-mixer identity mapping or creator/evaluator flag found in evaluations.csv, mixes.csv, retained feature table, or SCHEMA.md.",false,Institution equality alone was not used as self-rating evidence.
evaluation_3bd0f6b82afa,In The Meantime,PXL-S6,mix_f44b598b8cf8,participant_pxl_pxl_s5,PXL,mixer_id=PXL-S6; legacy_mix_code=PXL-S6; mixer_institution_code=PXL,false,,"No explicit participant-to-mixer identity mapping or creator/evaluator flag found in evaluations.csv, mixes.csv, retained feature table, or SCHEMA.md.",false,Institution equality alone was not used as self-rating evidence.
evaluation_b660d6c71f0b,In The Meantime,PXL-S6,mix_f44b598b8cf8,participant_pxl_pxl_s3,PXL,mixer_id=PXL-S6; legacy_mix_code=PXL-S6; mixer_institution_code=PXL,false,,"No explicit participant-to-mixer identity mapping or creator/evaluator flag found in evaluations.csv, mixes.csv, retained feature table, or SCHEMA.md.",false,Institution equality alone was not used as self-rating evidence.
evaluation_e6b335941622,In The Meantime,PXL-S6,mix_f44b598b8cf8,participant_pxl_pxl_pro,PXL,mixer_id=PXL-S6; legacy_mix_code=PXL-S6; mixer_institution_code=PXL,false,,"No explicit participant-to-mixer identity mapping or creator/evaluator flag found in evaluations.csv, mixes.csv, retained feature table, or SCHEMA.md.",false,Institution equality alone was not used as self-rating evidence.
evaluation_d5ca4aad2451,In The Meantime,PXL-S6,mix_f44b598b8cf8,participant_pxl_pxl_s4,PXL,mixer_id=PXL-S6; legacy_mix_code=PXL-S6; mixer_institution_code=PXL,false,,"No explicit participant-to-mixer identity mapping or creator/evaluator flag found in evaluations.csv, mixes.csv, retained feature table, or SCHEMA.md.",false,Institution equality alone was not used as self-rating evidence.
evaluation_d221174bd187,In The Meantime,PXL-S6,mix_f44b598b8cf8,participant_qut_qut_k,QUT,mixer_id=PXL-S6; legacy_mix_code=PXL-S6; mixer_institution_code=PXL,false,,"No explicit participant-to-mixer identity mapping or creator/evaluator flag found in evaluations.csv, mixes.csv, retained feature table, or SCHEMA.md.",false,Institution equality alone was not used as self-rating evidence.
evaluation_e040f93d7fa5,In The Meantime,PXL-S6,mix_f44b598b8cf8,participant_qut_qut_s,QUT,mixer_id=PXL-S6; legacy_mix_code=PXL-S6; mixer_institution_code=PXL,false,,"No explicit participant-to-mixer identity mapping or creator/evaluator flag found in evaluations.csv, mixes.csv, retained feature table, or SCHEMA.md.",false,Institution equality alone was not used as self-rating evidence.
evaluation_54e908e5c656,In The Meantime,PXL-S6,mix_f44b598b8cf8,participant_qut_qut_h,QUT,mixer_id=PXL-S6; legacy_mix_code=PXL-S6; mixer_institution_code=PXL,false,,"No explicit participant-to-mixer identity mapping or creator/evaluator flag found in evaluations.csv, mixes.csv, retained feature table, or SCHEMA.md.",false,Institution equality alone was not used as self-rating evidence.
evaluation_3d2e8b7b24ed,In The Meantime,PXL-S6,mix_f44b598b8cf8,participant_qut_qut_q,QUT,mixer_id=PXL-S6; legacy_mix_code=PXL-S6; mixer_institution_code=PXL,false,,"No explicit participant-to-mixer identity mapping or creator/evaluator flag found in evaluations.csv, mixes.csv, retained feature table, or SCHEMA.md.",false,Institution equality alone was not used as self-rating evidence.
evaluation_3b41116ff731,In The Meantime,PXL-S6,mix_f44b598b8cf8,participant_qut_qut_i,QUT,mixer_id=PXL-S6; legacy_mix_code=PXL-S6; mixer_institution_code=PXL,false,,"No explicit participant-to-mixer identity mapping or creator/evaluator flag found in evaluations.csv, mixes.csv, retained feature table, or SCHEMA.md.",false,Institution equality alone was not used as self-rating evidence.
evaluation_6a2ae7fdb8a7,In The Meantime,PXL-S6,mix_f44b598b8cf8,participant_qut_qut_r,QUT,mixer_id=PXL-S6; legacy_mix_code=PXL-S6; mixer_institution_code=PXL,false,,"No explicit participant-to-mixer identity mapping or creator/evaluator flag found in evaluations.csv, mixes.csv, retained feature table, or SCHEMA.md.",false,Institution equality alone was not used as self-rating evidence.
evaluation_f489279f0468,In The Meantime,PXL-S6,mix_f44b598b8cf8,participant_qut_qut_e,QUT,mixer_id=PXL-S6; legacy_mix_code=PXL-S6; mixer_institution_code=PXL,false,,"No explicit participant-to-mixer identity mapping or creator/evaluator flag found in evaluations.csv, mixes.csv, retained feature table, or SCHEMA.md.",false,Institution equality alone was not used as self-rating evidence.
evaluation_e35f8815096b,In The Meantime,PXL-S6,mix_f44b598b8cf8,participant_qut_qut_n,QUT,mixer_id=PXL-S6; legacy_mix_code=PXL-S6; mixer_institution_code=PXL,false,,"No explicit participant-to-mixer identity mapping or creator/evaluator flag found in evaluations.csv, mixes.csv, retained feature table, or SCHEMA.md.",false,Institution equality alone was not used as self-rating evidence.
evaluation_df8ed2341d87,In The Meantime,PXL-S6,mix_f44b598b8cf8,participant_qut_qut_m,QUT,mixer_id=PXL-S6; legacy_mix_code=PXL-S6; mixer_institution_code=PXL,false,,"No explicit participant-to-mixer identity mapping or creator/evaluator flag found in evaluations.csv, mixes.csv, retained feature table, or SCHEMA.md.",false,Institution equality alone was not used as self-rating evidence.
evaluation_43e04e0edc95,In The Meantime,PXL-S6,mix_f44b598b8cf8,participant_qut_qut_f,QUT,mixer_id=PXL-S6; legacy_mix_code=PXL-S6; mixer_institution_code=PXL,false,,"No explicit participant-to-mixer identity mapping or creator/evaluator flag found in evaluations.csv, mixes.csv, retained feature table, or SCHEMA.md.",false,Institution equality alone was not used as self-rating evidence.
evaluation_7221ce7653b3,In The Meantime,PXL-S6,mix_f44b598b8cf8,participant_qut_qut_p,QUT,mixer_id=PXL-S6; legacy_mix_code=PXL-S6; mixer_institution_code=PXL,false,,"No explicit participant-to-mixer identity mapping or creator/evaluator flag found in evaluations.csv, mixes.csv, retained feature table, or SCHEMA.md.",false,Institution equality alone was not used as self-rating evidence.
evaluation_b0d72ac996da,In The Meantime,PXL-S6,mix_f44b598b8cf8,participant_qut_qut_o,QUT,mixer_id=PXL-S6; legacy_mix_code=PXL-S6; mixer_institution_code=PXL,false,,"No explicit participant-to-mixer identity mapping or creator/evaluator flag found in evaluations.csv, mixes.csv, retained feature table, or SCHEMA.md.",false,Institution equality alone was not used as self-rating evidence.
evaluation_4a5bd276a729,In The Meantime,PXL-S6,mix_f44b598b8cf8,participant_qut_qut_a,QUT,mixer_id=PXL-S6; legacy_mix_code=PXL-S6; mixer_institution_code=PXL,false,,"No explicit participant-to-mixer identity mapping or creator/evaluator flag found in evaluations.csv, mixes.csv, retained feature table, or SCHEMA.md.",false,Institution equality alone was not used as self-rating evidence.
evaluation_b633c5e1e22b,In The Meantime,PXL-S6,mix_f44b598b8cf8,participant_qut_qut_pro,QUT,mixer_id=PXL-S6; legacy_mix_code=PXL-S6; mixer_institution_code=PXL,false,,"No explicit participant-to-mixer identity mapping or creator/evaluator flag found in evaluations.csv, mixes.csv, retained feature table, or SCHEMA.md.",false,Institution equality alone was not used as self-rating evidence.
evaluation_a3b1256dbd5f,In The Meantime,PXL-S6,mix_f44b598b8cf8,participant_qut_qut_c,QUT,mixer_id=PXL-S6; legacy_mix_code=PXL-S6; mixer_institution_code=PXL,false,,"No explicit participant-to-mixer identity mapping or creator/evaluator flag found in evaluations.csv, mixes.csv, retained feature table, or SCHEMA.md.",false,Institution equality alone was not used as self-rating evidence.
evaluation_15d58666c53e,In The Meantime,PXL-S6,mix_f44b598b8cf8,participant_qut_qut_l,QUT,mixer_id=PXL-S6; legacy_mix_code=PXL-S6; mixer_institution_code=PXL,false,,"No explicit participant-to-mixer identity mapping or creator/evaluator flag found in evaluations.csv, mixes.csv, retained feature table, or SCHEMA.md.",false,Institution equality alone was not used as self-rating evidence.
evaluation_4b0b139af4a3,In The Meantime,PXL-S7,mix_526612c31256,participant_pxl_pxl_s6,PXL,mixer_id=PXL-S7; legacy_mix_code=PXL-S7; mixer_institution_code=PXL,false,,"No explicit participant-to-mixer identity mapping or creator/evaluator flag found in evaluations.csv, mixes.csv, retained feature table, or SCHEMA.md.",false,Institution equality alone was not used as self-rating evidence.
evaluation_21907100d599,In The Meantime,PXL-S7,mix_526612c31256,participant_pxl_pxl_s7,PXL,mixer_id=PXL-S7; legacy_mix_code=PXL-S7; mixer_institution_code=PXL,false,,"No explicit participant-to-mixer identity mapping or creator/evaluator flag found in evaluations.csv, mixes.csv, retained feature table, or SCHEMA.md.",false,Institution equality alone was not used as self-rating evidence.
evaluation_056ccb2b59da,In The Meantime,PXL-S7,mix_526612c31256,participant_pxl_pxl_s2,PXL,mixer_id=PXL-S7; legacy_mix_code=PXL-S7; mixer_institution_code=PXL,false,,"No explicit participant-to-mixer identity mapping or creator/evaluator flag found in evaluations.csv, mixes.csv, retained feature table, or SCHEMA.md.",false,Institution equality alone was not used as self-rating evidence.
evaluation_e2a9de3032d1,In The Meantime,PXL-S7,mix_526612c31256,participant_pxl_pxl_s1,PXL,mixer_id=PXL-S7; legacy_mix_code=PXL-S7; mixer_institution_code=PXL,false,,"No explicit participant-to-mixer identity mapping or creator/evaluator flag found in evaluations.csv, mixes.csv, retained feature table, or SCHEMA.md.",false,Institution equality alone was not used as self-rating evidence.
evaluation_ed1f62d02f9c,In The Meantime,PXL-S7,mix_526612c31256,participant_pxl_pxl_s5,PXL,mixer_id=PXL-S7; legacy_mix_code=PXL-S7; mixer_institution_code=PXL,false,,"No explicit participant-to-mixer identity mapping or creator/evaluator flag found in evaluations.csv, mixes.csv, retained feature table, or SCHEMA.md.",false,Institution equality alone was not used as self-rating evidence.
evaluation_bdf3973b4070,In The Meantime,PXL-S7,mix_526612c31256,participant_pxl_pxl_s3,PXL,mixer_id=PXL-S7; legacy_mix_code=PXL-S7; mixer_institution_code=PXL,false,,"No explicit participant-to-mixer identity mapping or creator/evaluator flag found in evaluations.csv, mixes.csv, retained feature table, or SCHEMA.md.",false,Institution equality alone was not used as self-rating evidence.
evaluation_f9afbd09cb1a,In The Meantime,PXL-S7,mix_526612c31256,participant_pxl_pxl_pro,PXL,mixer_id=PXL-S7; legacy_mix_code=PXL-S7; mixer_institution_code=PXL,false,,"No explicit participant-to-mixer identity mapping or creator/evaluator flag found in evaluations.csv, mixes.csv, retained feature table, or SCHEMA.md.",false,Institution equality alone was not used as self-rating evidence.
evaluation_626ca61b30ff,In The Meantime,PXL-S7,mix_526612c31256,participant_pxl_pxl_s4,PXL,mixer_id=PXL-S7; legacy_mix_code=PXL-S7; mixer_institution_code=PXL,false,,"No explicit participant-to-mixer identity mapping or creator/evaluator flag found in evaluations.csv, mixes.csv, retained feature table, or SCHEMA.md.",false,Institution equality alone was not used as self-rating evidence.
evaluation_3971a0150154,In The Meantime,QUT-A,mix_13f0eed08780,participant_qut_qut_k,QUT,mixer_id=QUT-A; legacy_mix_code=QUT-A; mixer_institution_code=QUT,false,,"No explicit participant-to-mixer identity mapping or creator/evaluator flag found in evaluations.csv, mixes.csv, retained feature table, or SCHEMA.md.",false,Institution equality alone was not used as self-rating evidence.
evaluation_a4bc06da061f,In The Meantime,QUT-A,mix_13f0eed08780,participant_qut_qut_s,QUT,mixer_id=QUT-A; legacy_mix_code=QUT-A; mixer_institution_code=QUT,false,,"No explicit participant-to-mixer identity mapping or creator/evaluator flag found in evaluations.csv, mixes.csv, retained feature table, or SCHEMA.md.",false,Institution equality alone was not used as self-rating evidence.
evaluation_7849737d208f,In The Meantime,QUT-A,mix_13f0eed08780,participant_qut_qut_h,QUT,mixer_id=QUT-A; legacy_mix_code=QUT-A; mixer_institution_code=QUT,false,,"No explicit participant-to-mixer identity mapping or creator/evaluator flag found in evaluations.csv, mixes.csv, retained feature table, or SCHEMA.md.",false,Institution equality alone was not used as self-rating evidence.
evaluation_077fddf43ed5,In The Meantime,QUT-A,mix_13f0eed08780,participant_qut_qut_q,QUT,mixer_id=QUT-A; legacy_mix_code=QUT-A; mixer_institution_code=QUT,false,,"No explicit participant-to-mixer identity mapping or creator/evaluator flag found in evaluations.csv, mixes.csv, retained feature table, or SCHEMA.md.",false,Institution equality alone was not used as self-rating evidence.
evaluation_ae0b832aa793,In The Meantime,QUT-A,mix_13f0eed08780,participant_qut_qut_i,QUT,mixer_id=QUT-A; legacy_mix_code=QUT-A; mixer_institution_code=QUT,false,,"No explicit participant-to-mixer identity mapping or creator/evaluator flag found in evaluations.csv, mixes.csv, retained feature table, or SCHEMA.md.",false,Institution equality alone was not used as self-rating evidence.
evaluation_51f17d7fb63a,In The Meantime,QUT-A,mix_13f0eed08780,participant_qut_qut_r,QUT,mixer_id=QUT-A; legacy_mix_code=QUT-A; mixer_institution_code=QUT,false,,"No explicit participant-to-mixer identity mapping or creator/evaluator flag found in evaluations.csv, mixes.csv, retained feature table, or SCHEMA.md.",false,Institution equality alone was not used as self-rating evidence.
evaluation_dfd1c3af6d88,In The Meantime,QUT-A,mix_13f0eed08780,participant_qut_qut_e,QUT,mixer_id=QUT-A; legacy_mix_code=QUT-A; mixer_institution_code=QUT,false,,"No explicit participant-to-mixer identity mapping or creator/evaluator flag found in evaluations.csv, mixes.csv, retained feature table, or SCHEMA.md.",false,Institution equality alone was not used as self-rating evidence.
evaluation_355576960092,In The Meantime,QUT-A,mix_13f0eed08780,participant_qut_qut_n,QUT,mixer_id=QUT-A; legacy_mix_code=QUT-A; mixer_institution_code=QUT,false,,"No explicit participant-to-mixer identity mapping or creator/evaluator flag found in evaluations.csv, mixes.csv, retained feature table, or SCHEMA.md.",false,Institution equality alone was not used as self-rating evidence.
evaluation_1dd979efd54e,In The Meantime,QUT-A,mix_13f0eed08780,participant_qut_qut_m,QUT,mixer_id=QUT-A; legacy_mix_code=QUT-A; mixer_institution_code=QUT,false,,"No explicit participant-to-mixer identity mapping or creator/evaluator flag found in evaluations.csv, mixes.csv, retained feature table, or SCHEMA.md.",false,Institution equality alone was not used as self-rating evidence.
evaluation_ad9de6a677ca,In The Meantime,QUT-A,mix_13f0eed08780,participant_qut_qut_f,QUT,mixer_id=QUT-A; legacy_mix_code=QUT-A; mixer_institution_code=QUT,false,,"No explicit participant-to-mixer identity mapping or creator/evaluator flag found in evaluations.csv, mixes.csv, retained feature table, or SCHEMA.md.",false,Institution equality alone was not used as self-rating evidence.
evaluation_d486a9b32516,In The Meantime,QUT-A,mix_13f0eed08780,participant_qut_qut_p,QUT,mixer_id=QUT-A; legacy_mix_code=QUT-A; mixer_institution_code=QUT,false,,"No explicit participant-to-mixer identity mapping or creator/evaluator flag found in evaluations.csv, mixes.csv, retained feature table, or SCHEMA.md.",false,Institution equality alone was not used as self-rating evidence.
evaluation_e071d7ab22bd,In The Meantime,QUT-A,mix_13f0eed08780,participant_qut_qut_o,QUT,mixer_id=QUT-A; legacy_mix_code=QUT-A; mixer_institution_code=QUT,false,,"No explicit participant-to-mixer identity mapping or creator/evaluator flag found in evaluations.csv, mixes.csv, retained feature table, or SCHEMA.md.",false,Institution equality alone was not used as self-rating evidence.
evaluation_457ddfa94c09,In The Meantime,QUT-A,mix_13f0eed08780,participant_qut_qut_a,QUT,mixer_id=QUT-A; legacy_mix_code=QUT-A; mixer_institution_code=QUT,false,,"No explicit participant-to-mixer identity mapping or creator/evaluator flag found in evaluations.csv, mixes.csv, retained feature table, or SCHEMA.md.",false,Institution equality alone was not used as self-rating evidence.
evaluation_80ddd1672bb9,In The Meantime,QUT-A,mix_13f0eed08780,participant_qut_qut_pro,QUT,mixer_id=QUT-A; legacy_mix_code=QUT-A; mixer_institution_code=QUT,false,,"No explicit participant-to-mixer identity mapping or creator/evaluator flag found in evaluations.csv, mixes.csv, retained feature table, or SCHEMA.md.",false,Institution equality alone was not used as self-rating evidence.
evaluation_7f9ab951f47b,In The Meantime,QUT-A,mix_13f0eed08780,participant_qut_qut_c,QUT,mixer_id=QUT-A; legacy_mix_code=QUT-A; mixer_institution_code=QUT,false,,"No explicit participant-to-mixer identity mapping or creator/evaluator flag found in evaluations.csv, mixes.csv, retained feature table, or SCHEMA.md.",false,Institution equality alone was not used as self-rating evidence.
evaluation_42e2a9f57e83,In The Meantime,QUT-A,mix_13f0eed08780,participant_qut_qut_l,QUT,mixer_id=QUT-A; legacy_mix_code=QUT-A; mixer_institution_code=QUT,false,,"No explicit participant-to-mixer identity mapping or creator/evaluator flag found in evaluations.csv, mixes.csv, retained feature table, or SCHEMA.md.",false,Institution equality alone was not used as self-rating evidence.
evaluation_4e957a378cf4,In The Meantime,QUT-B,mix_c7bdcba64775,participant_qut_qut_k,QUT,mixer_id=QUT-B; legacy_mix_code=QUT-B; mixer_institution_code=QUT,false,,"No explicit participant-to-mixer identity mapping or creator/evaluator flag found in evaluations.csv, mixes.csv, retained feature table, or SCHEMA.md.",false,Institution equality alone was not used as self-rating evidence.
evaluation_707f7c9ab806,In The Meantime,QUT-B,mix_c7bdcba64775,participant_qut_qut_s,QUT,mixer_id=QUT-B; legacy_mix_code=QUT-B; mixer_institution_code=QUT,false,,"No explicit participant-to-mixer identity mapping or creator/evaluator flag found in evaluations.csv, mixes.csv, retained feature table, or SCHEMA.md.",false,Institution equality alone was not used as self-rating evidence.
evaluation_f8895b090a7f,In The Meantime,QUT-B,mix_c7bdcba64775,participant_qut_qut_h,QUT,mixer_id=QUT-B; legacy_mix_code=QUT-B; mixer_institution_code=QUT,false,,"No explicit participant-to-mixer identity mapping or creator/evaluator flag found in evaluations.csv, mixes.csv, retained feature table, or SCHEMA.md.",false,Institution equality alone was not used as self-rating evidence.
evaluation_98dd8c775c70,In The Meantime,QUT-B,mix_c7bdcba64775,participant_qut_qut_q,QUT,mixer_id=QUT-B; legacy_mix_code=QUT-B; mixer_institution_code=QUT,false,,"No explicit participant-to-mixer identity mapping or creator/evaluator flag found in evaluations.csv, mixes.csv, retained feature table, or SCHEMA.md.",false,Institution equality alone was not used as self-rating evidence.
evaluation_3995990f45f4,In The Meantime,QUT-B,mix_c7bdcba64775,participant_qut_qut_i,QUT,mixer_id=QUT-B; legacy_mix_code=QUT-B; mixer_institution_code=QUT,false,,"No explicit participant-to-mixer identity mapping or creator/evaluator flag found in evaluations.csv, mixes.csv, retained feature table, or SCHEMA.md.",false,Institution equality alone was not used as self-rating evidence.
evaluation_b314075f2489,In The Meantime,QUT-B,mix_c7bdcba64775,participant_qut_qut_r,QUT,mixer_id=QUT-B; legacy_mix_code=QUT-B; mixer_institution_code=QUT,false,,"No explicit participant-to-mixer identity mapping or creator/evaluator flag found in evaluations.csv, mixes.csv, retained feature table, or SCHEMA.md.",false,Institution equality alone was not used as self-rating evidence.
evaluation_c0edd5f556e6,In The Meantime,QUT-B,mix_c7bdcba64775,participant_qut_qut_e,QUT,mixer_id=QUT-B; legacy_mix_code=QUT-B; mixer_institution_code=QUT,false,,"No explicit participant-to-mixer identity mapping or creator/evaluator flag found in evaluations.csv, mixes.csv, retained feature table, or SCHEMA.md.",false,Institution equality alone was not used as self-rating evidence.
evaluation_a0b9ebbca994,In The Meantime,QUT-B,mix_c7bdcba64775,participant_qut_qut_n,QUT,mixer_id=QUT-B; legacy_mix_code=QUT-B; mixer_institution_code=QUT,false,,"No explicit participant-to-mixer identity mapping or creator/evaluator flag found in evaluations.csv, mixes.csv, retained feature table, or SCHEMA.md.",false,Institution equality alone was not used as self-rating evidence.
evaluation_ecf89265268a,In The Meantime,QUT-B,mix_c7bdcba64775,participant_qut_qut_m,QUT,mixer_id=QUT-B; legacy_mix_code=QUT-B; mixer_institution_code=QUT,false,,"No explicit participant-to-mixer identity mapping or creator/evaluator flag found in evaluations.csv, mixes.csv, retained feature table, or SCHEMA.md.",false,Institution equality alone was not used as self-rating evidence.
evaluation_4b6a16629ff9,In The Meantime,QUT-B,mix_c7bdcba64775,participant_qut_qut_f,QUT,mixer_id=QUT-B; legacy_mix_code=QUT-B; mixer_institution_code=QUT,false,,"No explicit participant-to-mixer identity mapping or creator/evaluator flag found in evaluations.csv, mixes.csv, retained feature table, or SCHEMA.md.",false,Institution equality alone was not used as self-rating evidence.
evaluation_0715008e2d1f,In The Meantime,QUT-B,mix_c7bdcba64775,participant_qut_qut_p,QUT,mixer_id=QUT-B; legacy_mix_code=QUT-B; mixer_institution_code=QUT,false,,"No explicit participant-to-mixer identity mapping or creator/evaluator flag found in evaluations.csv, mixes.csv, retained feature table, or SCHEMA.md.",false,Institution equality alone was not used as self-rating evidence.
evaluation_6cebd666728a,In The Meantime,QUT-B,mix_c7bdcba64775,participant_qut_qut_o,QUT,mixer_id=QUT-B; legacy_mix_code=QUT-B; mixer_institution_code=QUT,false,,"No explicit participant-to-mixer identity mapping or creator/evaluator flag found in evaluations.csv, mixes.csv, retained feature table, or SCHEMA.md.",false,Institution equality alone was not used as self-rating evidence.
evaluation_b162837e9568,In The Meantime,QUT-B,mix_c7bdcba64775,participant_qut_qut_a,QUT,mixer_id=QUT-B; legacy_mix_code=QUT-B; mixer_institution_code=QUT,false,,"No explicit participant-to-mixer identity mapping or creator/evaluator flag found in evaluations.csv, mixes.csv, retained feature table, or SCHEMA.md.",false,Institution equality alone was not used as self-rating evidence.
evaluation_1d374e5366a9,In The Meantime,QUT-B,mix_c7bdcba64775,participant_qut_qut_pro,QUT,mixer_id=QUT-B; legacy_mix_code=QUT-B; mixer_institution_code=QUT,false,,"No explicit participant-to-mixer identity mapping or creator/evaluator flag found in evaluations.csv, mixes.csv, retained feature table, or SCHEMA.md.",false,Institution equality alone was not used as self-rating evidence.
evaluation_eeabfeb0def2,In The Meantime,QUT-B,mix_c7bdcba64775,participant_qut_qut_c,QUT,mixer_id=QUT-B; legacy_mix_code=QUT-B; mixer_institution_code=QUT,false,,"No explicit participant-to-mixer identity mapping or creator/evaluator flag found in evaluations.csv, mixes.csv, retained feature table, or SCHEMA.md.",false,Institution equality alone was not used as self-rating evidence.
evaluation_6c7428de7395,In The Meantime,QUT-B,mix_c7bdcba64775,participant_qut_qut_l,QUT,mixer_id=QUT-B; legacy_mix_code=QUT-B; mixer_institution_code=QUT,false,,"No explicit participant-to-mixer identity mapping or creator/evaluator flag found in evaluations.csv, mixes.csv, retained feature table, or SCHEMA.md.",false,Institution equality alone was not used as self-rating evidence.
evaluation_bff7f26b8a49,In The Meantime,QUT-C,mix_82d5489162f9,participant_qut_qut_k,QUT,mixer_id=QUT-C; legacy_mix_code=QUT-C; mixer_institution_code=QUT,false,,"No explicit participant-to-mixer identity mapping or creator/evaluator flag found in evaluations.csv, mixes.csv, retained feature table, or SCHEMA.md.",false,Institution equality alone was not used as self-rating evidence.
evaluation_ae9771cb86f3,In The Meantime,QUT-C,mix_82d5489162f9,participant_qut_qut_s,QUT,mixer_id=QUT-C; legacy_mix_code=QUT-C; mixer_institution_code=QUT,false,,"No explicit participant-to-mixer identity mapping or creator/evaluator flag found in evaluations.csv, mixes.csv, retained feature table, or SCHEMA.md.",false,Institution equality alone was not used as self-rating evidence.
evaluation_4f1a7ed2f9ad,In The Meantime,QUT-C,mix_82d5489162f9,participant_qut_qut_h,QUT,mixer_id=QUT-C; legacy_mix_code=QUT-C; mixer_institution_code=QUT,false,,"No explicit participant-to-mixer identity mapping or creator/evaluator flag found in evaluations.csv, mixes.csv, retained feature table, or SCHEMA.md.",false,Institution equality alone was not used as self-rating evidence.
evaluation_1dcc5ec0fa7a,In The Meantime,QUT-C,mix_82d5489162f9,participant_qut_qut_q,QUT,mixer_id=QUT-C; legacy_mix_code=QUT-C; mixer_institution_code=QUT,false,,"No explicit participant-to-mixer identity mapping or creator/evaluator flag found in evaluations.csv, mixes.csv, retained feature table, or SCHEMA.md.",false,Institution equality alone was not used as self-rating evidence.
evaluation_994cc020f00d,In The Meantime,QUT-C,mix_82d5489162f9,participant_qut_qut_i,QUT,mixer_id=QUT-C; legacy_mix_code=QUT-C; mixer_institution_code=QUT,false,,"No explicit participant-to-mixer identity mapping or creator/evaluator flag found in evaluations.csv, mixes.csv, retained feature table, or SCHEMA.md.",false,Institution equality alone was not used as self-rating evidence.
evaluation_936eaca3888d,In The Meantime,QUT-C,mix_82d5489162f9,participant_qut_qut_r,QUT,mixer_id=QUT-C; legacy_mix_code=QUT-C; mixer_institution_code=QUT,false,,"No explicit participant-to-mixer identity mapping or creator/evaluator flag found in evaluations.csv, mixes.csv, retained feature table, or SCHEMA.md.",false,Institution equality alone was not used as self-rating evidence.
evaluation_0374cef4562f,In The Meantime,QUT-C,mix_82d5489162f9,participant_qut_qut_e,QUT,mixer_id=QUT-C; legacy_mix_code=QUT-C; mixer_institution_code=QUT,false,,"No explicit participant-to-mixer identity mapping or creator/evaluator flag found in evaluations.csv, mixes.csv, retained feature table, or SCHEMA.md.",false,Institution equality alone was not used as self-rating evidence.
evaluation_8f6bd2efca58,In The Meantime,QUT-C,mix_82d5489162f9,participant_qut_qut_n,QUT,mixer_id=QUT-C; legacy_mix_code=QUT-C; mixer_institution_code=QUT,false,,"No explicit participant-to-mixer identity mapping or creator/evaluator flag found in evaluations.csv, mixes.csv, retained feature table, or SCHEMA.md.",false,Institution equality alone was not used as self-rating evidence.
evaluation_20cb2041470b,In The Meantime,QUT-C,mix_82d5489162f9,participant_qut_qut_m,QUT,mixer_id=QUT-C; legacy_mix_code=QUT-C; mixer_institution_code=QUT,false,,"No explicit participant-to-mixer identity mapping or creator/evaluator flag found in evaluations.csv, mixes.csv, retained feature table, or SCHEMA.md.",false,Institution equality alone was not used as self-rating evidence.
evaluation_3eb73e326a3d,In The Meantime,QUT-C,mix_82d5489162f9,participant_qut_qut_f,QUT,mixer_id=QUT-C; legacy_mix_code=QUT-C; mixer_institution_code=QUT,false,,"No explicit participant-to-mixer identity mapping or creator/evaluator flag found in evaluations.csv, mixes.csv, retained feature table, or SCHEMA.md.",false,Institution equality alone was not used as self-rating evidence.
evaluation_15386c5c7aad,In The Meantime,QUT-C,mix_82d5489162f9,participant_qut_qut_p,QUT,mixer_id=QUT-C; legacy_mix_code=QUT-C; mixer_institution_code=QUT,false,,"No explicit participant-to-mixer identity mapping or creator/evaluator flag found in evaluations.csv, mixes.csv, retained feature table, or SCHEMA.md.",false,Institution equality alone was not used as self-rating evidence.
evaluation_f8f648b1fef1,In The Meantime,QUT-C,mix_82d5489162f9,participant_qut_qut_o,QUT,mixer_id=QUT-C; legacy_mix_code=QUT-C; mixer_institution_code=QUT,false,,"No explicit participant-to-mixer identity mapping or creator/evaluator flag found in evaluations.csv, mixes.csv, retained feature table, or SCHEMA.md.",false,Institution equality alone was not used as self-rating evidence.
evaluation_5467845bc48c,In The Meantime,QUT-C,mix_82d5489162f9,participant_qut_qut_a,QUT,mixer_id=QUT-C; legacy_mix_code=QUT-C; mixer_institution_code=QUT,false,,"No explicit participant-to-mixer identity mapping or creator/evaluator flag found in evaluations.csv, mixes.csv, retained feature table, or SCHEMA.md.",false,Institution equality alone was not used as self-rating evidence.
evaluation_a728d8b55dc6,In The Meantime,QUT-C,mix_82d5489162f9,participant_qut_qut_pro,QUT,mixer_id=QUT-C; legacy_mix_code=QUT-C; mixer_institution_code=QUT,false,,"No explicit participant-to-mixer identity mapping or creator/evaluator flag found in evaluations.csv, mixes.csv, retained feature table, or SCHEMA.md.",false,Institution equality alone was not used as self-rating evidence.
evaluation_4abe6753ca42,In The Meantime,QUT-C,mix_82d5489162f9,participant_qut_qut_c,QUT,mixer_id=QUT-C; legacy_mix_code=QUT-C; mixer_institution_code=QUT,false,,"No explicit participant-to-mixer identity mapping or creator/evaluator flag found in evaluations.csv, mixes.csv, retained feature table, or SCHEMA.md.",false,Institution equality alone was not used as self-rating evidence.
evaluation_80aa023943f8,In The Meantime,QUT-C,mix_82d5489162f9,participant_qut_qut_l,QUT,mixer_id=QUT-C; legacy_mix_code=QUT-C; mixer_institution_code=QUT,false,,"No explicit participant-to-mixer identity mapping or creator/evaluator flag found in evaluations.csv, mixes.csv, retained feature table, or SCHEMA.md.",false,Institution equality alone was not used as self-rating evidence.
evaluation_53d6eb61d623,In The Meantime,QUT-G,mix_a31f439e1e87,participant_qut_qut_k,QUT,mixer_id=QUT-G; legacy_mix_code=QUT-G; mixer_institution_code=QUT,false,,"No explicit participant-to-mixer identity mapping or creator/evaluator flag found in evaluations.csv, mixes.csv, retained feature table, or SCHEMA.md.",false,Institution equality alone was not used as self-rating evidence.
evaluation_aa7658a2431d,In The Meantime,QUT-G,mix_a31f439e1e87,participant_qut_qut_s,QUT,mixer_id=QUT-G; legacy_mix_code=QUT-G; mixer_institution_code=QUT,false,,"No explicit participant-to-mixer identity mapping or creator/evaluator flag found in evaluations.csv, mixes.csv, retained feature table, or SCHEMA.md.",false,Institution equality alone was not used as self-rating evidence.
evaluation_23bf66f80998,In The Meantime,QUT-G,mix_a31f439e1e87,participant_qut_qut_h,QUT,mixer_id=QUT-G; legacy_mix_code=QUT-G; mixer_institution_code=QUT,false,,"No explicit participant-to-mixer identity mapping or creator/evaluator flag found in evaluations.csv, mixes.csv, retained feature table, or SCHEMA.md.",false,Institution equality alone was not used as self-rating evidence.
evaluation_6e8d72a19003,In The Meantime,QUT-G,mix_a31f439e1e87,participant_qut_qut_q,QUT,mixer_id=QUT-G; legacy_mix_code=QUT-G; mixer_institution_code=QUT,false,,"No explicit participant-to-mixer identity mapping or creator/evaluator flag found in evaluations.csv, mixes.csv, retained feature table, or SCHEMA.md.",false,Institution equality alone was not used as self-rating evidence.
evaluation_cd20640329d0,In The Meantime,QUT-G,mix_a31f439e1e87,participant_qut_qut_i,QUT,mixer_id=QUT-G; legacy_mix_code=QUT-G; mixer_institution_code=QUT,false,,"No explicit participant-to-mixer identity mapping or creator/evaluator flag found in evaluations.csv, mixes.csv, retained feature table, or SCHEMA.md.",false,Institution equality alone was not used as self-rating evidence.
evaluation_ec9a3f0dd00a,In The Meantime,QUT-G,mix_a31f439e1e87,participant_qut_qut_r,QUT,mixer_id=QUT-G; legacy_mix_code=QUT-G; mixer_institution_code=QUT,false,,"No explicit participant-to-mixer identity mapping or creator/evaluator flag found in evaluations.csv, mixes.csv, retained feature table, or SCHEMA.md.",false,Institution equality alone was not used as self-rating evidence.
evaluation_7a386f8a8439,In The Meantime,QUT-G,mix_a31f439e1e87,participant_qut_qut_e,QUT,mixer_id=QUT-G; legacy_mix_code=QUT-G; mixer_institution_code=QUT,false,,"No explicit participant-to-mixer identity mapping or creator/evaluator flag found in evaluations.csv, mixes.csv, retained feature table, or SCHEMA.md.",false,Institution equality alone was not used as self-rating evidence.
evaluation_b7d1667c8320,In The Meantime,QUT-G,mix_a31f439e1e87,participant_qut_qut_n,QUT,mixer_id=QUT-G; legacy_mix_code=QUT-G; mixer_institution_code=QUT,false,,"No explicit participant-to-mixer identity mapping or creator/evaluator flag found in evaluations.csv, mixes.csv, retained feature table, or SCHEMA.md.",false,Institution equality alone was not used as self-rating evidence.
evaluation_696648600602,In The Meantime,QUT-G,mix_a31f439e1e87,participant_qut_qut_m,QUT,mixer_id=QUT-G; legacy_mix_code=QUT-G; mixer_institution_code=QUT,false,,"No explicit participant-to-mixer identity mapping or creator/evaluator flag found in evaluations.csv, mixes.csv, retained feature table, or SCHEMA.md.",false,Institution equality alone was not used as self-rating evidence.
evaluation_1f0394c5dd6c,In The Meantime,QUT-G,mix_a31f439e1e87,participant_qut_qut_f,QUT,mixer_id=QUT-G; legacy_mix_code=QUT-G; mixer_institution_code=QUT,false,,"No explicit participant-to-mixer identity mapping or creator/evaluator flag found in evaluations.csv, mixes.csv, retained feature table, or SCHEMA.md.",false,Institution equality alone was not used as self-rating evidence.
evaluation_896fbbee78aa,In The Meantime,QUT-G,mix_a31f439e1e87,participant_qut_qut_p,QUT,mixer_id=QUT-G; legacy_mix_code=QUT-G; mixer_institution_code=QUT,false,,"No explicit participant-to-mixer identity mapping or creator/evaluator flag found in evaluations.csv, mixes.csv, retained feature table, or SCHEMA.md.",false,Institution equality alone was not used as self-rating evidence.
evaluation_4ad9a6520bcb,In The Meantime,QUT-G,mix_a31f439e1e87,participant_qut_qut_o,QUT,mixer_id=QUT-G; legacy_mix_code=QUT-G; mixer_institution_code=QUT,false,,"No explicit participant-to-mixer identity mapping or creator/evaluator flag found in evaluations.csv, mixes.csv, retained feature table, or SCHEMA.md.",false,Institution equality alone was not used as self-rating evidence.
evaluation_20f6102b2a04,In The Meantime,QUT-G,mix_a31f439e1e87,participant_qut_qut_a,QUT,mixer_id=QUT-G; legacy_mix_code=QUT-G; mixer_institution_code=QUT,false,,"No explicit participant-to-mixer identity mapping or creator/evaluator flag found in evaluations.csv, mixes.csv, retained feature table, or SCHEMA.md.",false,Institution equality alone was not used as self-rating evidence.
evaluation_e83df6465dfc,In The Meantime,QUT-G,mix_a31f439e1e87,participant_qut_qut_pro,QUT,mixer_id=QUT-G; legacy_mix_code=QUT-G; mixer_institution_code=QUT,false,,"No explicit participant-to-mixer identity mapping or creator/evaluator flag found in evaluations.csv, mixes.csv, retained feature table, or SCHEMA.md.",false,Institution equality alone was not used as self-rating evidence.
evaluation_9d6c30cead5b,In The Meantime,QUT-G,mix_a31f439e1e87,participant_qut_qut_c,QUT,mixer_id=QUT-G; legacy_mix_code=QUT-G; mixer_institution_code=QUT,false,,"No explicit participant-to-mixer identity mapping or creator/evaluator flag found in evaluations.csv, mixes.csv, retained feature table, or SCHEMA.md.",false,Institution equality alone was not used as self-rating evidence.
evaluation_39106adcd2c1,In The Meantime,QUT-G,mix_a31f439e1e87,participant_qut_qut_l,QUT,mixer_id=QUT-G; legacy_mix_code=QUT-G; mixer_institution_code=QUT,false,,"No explicit participant-to-mixer identity mapping or creator/evaluator flag found in evaluations.csv, mixes.csv, retained feature table, or SCHEMA.md.",false,Institution equality alone was not used as self-rating evidence.
evaluation_feba635f8d7a,In The Meantime,QUT-I,mix_2f518e7b8633,participant_qut_qut_k,QUT,mixer_id=QUT-I; legacy_mix_code=QUT-I; mixer_institution_code=QUT,false,,"No explicit participant-to-mixer identity mapping or creator/evaluator flag found in evaluations.csv, mixes.csv, retained feature table, or SCHEMA.md.",false,Institution equality alone was not used as self-rating evidence.
evaluation_9362bab182f5,In The Meantime,QUT-I,mix_2f518e7b8633,participant_qut_qut_s,QUT,mixer_id=QUT-I; legacy_mix_code=QUT-I; mixer_institution_code=QUT,false,,"No explicit participant-to-mixer identity mapping or creator/evaluator flag found in evaluations.csv, mixes.csv, retained feature table, or SCHEMA.md.",false,Institution equality alone was not used as self-rating evidence.
evaluation_faf28f105b9f,In The Meantime,QUT-I,mix_2f518e7b8633,participant_qut_qut_h,QUT,mixer_id=QUT-I; legacy_mix_code=QUT-I; mixer_institution_code=QUT,false,,"No explicit participant-to-mixer identity mapping or creator/evaluator flag found in evaluations.csv, mixes.csv, retained feature table, or SCHEMA.md.",false,Institution equality alone was not used as self-rating evidence.
evaluation_0d914bd7466e,In The Meantime,QUT-I,mix_2f518e7b8633,participant_qut_qut_q,QUT,mixer_id=QUT-I; legacy_mix_code=QUT-I; mixer_institution_code=QUT,false,,"No explicit participant-to-mixer identity mapping or creator/evaluator flag found in evaluations.csv, mixes.csv, retained feature table, or SCHEMA.md.",false,Institution equality alone was not used as self-rating evidence.
evaluation_345540c71f5c,In The Meantime,QUT-I,mix_2f518e7b8633,participant_qut_qut_i,QUT,mixer_id=QUT-I; legacy_mix_code=QUT-I; mixer_institution_code=QUT,false,,"No explicit participant-to-mixer identity mapping or creator/evaluator flag found in evaluations.csv, mixes.csv, retained feature table, or SCHEMA.md.",false,Institution equality alone was not used as self-rating evidence.
evaluation_4c7780288c23,In The Meantime,QUT-I,mix_2f518e7b8633,participant_qut_qut_r,QUT,mixer_id=QUT-I; legacy_mix_code=QUT-I; mixer_institution_code=QUT,false,,"No explicit participant-to-mixer identity mapping or creator/evaluator flag found in evaluations.csv, mixes.csv, retained feature table, or SCHEMA.md.",false,Institution equality alone was not used as self-rating evidence.
evaluation_feb6e918dd7d,In The Meantime,QUT-I,mix_2f518e7b8633,participant_qut_qut_e,QUT,mixer_id=QUT-I; legacy_mix_code=QUT-I; mixer_institution_code=QUT,false,,"No explicit participant-to-mixer identity mapping or creator/evaluator flag found in evaluations.csv, mixes.csv, retained feature table, or SCHEMA.md.",false,Institution equality alone was not used as self-rating evidence.
evaluation_2350c3901823,In The Meantime,QUT-I,mix_2f518e7b8633,participant_qut_qut_n,QUT,mixer_id=QUT-I; legacy_mix_code=QUT-I; mixer_institution_code=QUT,false,,"No explicit participant-to-mixer identity mapping or creator/evaluator flag found in evaluations.csv, mixes.csv, retained feature table, or SCHEMA.md.",false,Institution equality alone was not used as self-rating evidence.
evaluation_f6f7dd114eaa,In The Meantime,QUT-I,mix_2f518e7b8633,participant_qut_qut_m,QUT,mixer_id=QUT-I; legacy_mix_code=QUT-I; mixer_institution_code=QUT,false,,"No explicit participant-to-mixer identity mapping or creator/evaluator flag found in evaluations.csv, mixes.csv, retained feature table, or SCHEMA.md.",false,Institution equality alone was not used as self-rating evidence.
evaluation_58f91b0d4641,In The Meantime,QUT-I,mix_2f518e7b8633,participant_qut_qut_f,QUT,mixer_id=QUT-I; legacy_mix_code=QUT-I; mixer_institution_code=QUT,false,,"No explicit participant-to-mixer identity mapping or creator/evaluator flag found in evaluations.csv, mixes.csv, retained feature table, or SCHEMA.md.",false,Institution equality alone was not used as self-rating evidence.
evaluation_247c1e0ae25d,In The Meantime,QUT-I,mix_2f518e7b8633,participant_qut_qut_p,QUT,mixer_id=QUT-I; legacy_mix_code=QUT-I; mixer_institution_code=QUT,false,,"No explicit participant-to-mixer identity mapping or creator/evaluator flag found in evaluations.csv, mixes.csv, retained feature table, or SCHEMA.md.",false,Institution equality alone was not used as self-rating evidence.
evaluation_b6b75f58678a,In The Meantime,QUT-I,mix_2f518e7b8633,participant_qut_qut_o,QUT,mixer_id=QUT-I; legacy_mix_code=QUT-I; mixer_institution_code=QUT,false,,"No explicit participant-to-mixer identity mapping or creator/evaluator flag found in evaluations.csv, mixes.csv, retained feature table, or SCHEMA.md.",false,Institution equality alone was not used as self-rating evidence.
evaluation_a5037e7963bf,In The Meantime,QUT-I,mix_2f518e7b8633,participant_qut_qut_a,QUT,mixer_id=QUT-I; legacy_mix_code=QUT-I; mixer_institution_code=QUT,false,,"No explicit participant-to-mixer identity mapping or creator/evaluator flag found in evaluations.csv, mixes.csv, retained feature table, or SCHEMA.md.",false,Institution equality alone was not used as self-rating evidence.
evaluation_71a69c386135,In The Meantime,QUT-I,mix_2f518e7b8633,participant_qut_qut_pro,QUT,mixer_id=QUT-I; legacy_mix_code=QUT-I; mixer_institution_code=QUT,false,,"No explicit participant-to-mixer identity mapping or creator/evaluator flag found in evaluations.csv, mixes.csv, retained feature table, or SCHEMA.md.",false,Institution equality alone was not used as self-rating evidence.
evaluation_2611b8434d8c,In The Meantime,QUT-I,mix_2f518e7b8633,participant_qut_qut_c,QUT,mixer_id=QUT-I; legacy_mix_code=QUT-I; mixer_institution_code=QUT,false,,"No explicit participant-to-mixer identity mapping or creator/evaluator flag found in evaluations.csv, mixes.csv, retained feature table, or SCHEMA.md.",false,Institution equality alone was not used as self-rating evidence.
evaluation_fa2c54a4bc34,In The Meantime,QUT-I,mix_2f518e7b8633,participant_qut_qut_l,QUT,mixer_id=QUT-I; legacy_mix_code=QUT-I; mixer_institution_code=QUT,false,,"No explicit participant-to-mixer identity mapping or creator/evaluator flag found in evaluations.csv, mixes.csv, retained feature table, or SCHEMA.md.",false,Institution equality alone was not used as self-rating evidence.
evaluation_fb4c149b4ee5,In The Meantime,QUT-J,mix_8187ac605f62,participant_qut_qut_k,QUT,mixer_id=QUT-J; legacy_mix_code=QUT-J; mixer_institution_code=QUT,false,,"No explicit participant-to-mixer identity mapping or creator/evaluator flag found in evaluations.csv, mixes.csv, retained feature table, or SCHEMA.md.",false,Institution equality alone was not used as self-rating evidence.
evaluation_0dd6fc71abf4,In The Meantime,QUT-J,mix_8187ac605f62,participant_qut_qut_s,QUT,mixer_id=QUT-J; legacy_mix_code=QUT-J; mixer_institution_code=QUT,false,,"No explicit participant-to-mixer identity mapping or creator/evaluator flag found in evaluations.csv, mixes.csv, retained feature table, or SCHEMA.md.",false,Institution equality alone was not used as self-rating evidence.
evaluation_de70212fb54d,In The Meantime,QUT-J,mix_8187ac605f62,participant_qut_qut_h,QUT,mixer_id=QUT-J; legacy_mix_code=QUT-J; mixer_institution_code=QUT,false,,"No explicit participant-to-mixer identity mapping or creator/evaluator flag found in evaluations.csv, mixes.csv, retained feature table, or SCHEMA.md.",false,Institution equality alone was not used as self-rating evidence.
evaluation_a44bad48dd08,In The Meantime,QUT-J,mix_8187ac605f62,participant_qut_qut_q,QUT,mixer_id=QUT-J; legacy_mix_code=QUT-J; mixer_institution_code=QUT,false,,"No explicit participant-to-mixer identity mapping or creator/evaluator flag found in evaluations.csv, mixes.csv, retained feature table, or SCHEMA.md.",false,Institution equality alone was not used as self-rating evidence.
evaluation_247d6d9d234b,In The Meantime,QUT-J,mix_8187ac605f62,participant_qut_qut_i,QUT,mixer_id=QUT-J; legacy_mix_code=QUT-J; mixer_institution_code=QUT,false,,"No explicit participant-to-mixer identity mapping or creator/evaluator flag found in evaluations.csv, mixes.csv, retained feature table, or SCHEMA.md.",false,Institution equality alone was not used as self-rating evidence.
evaluation_0b2dfcd80673,In The Meantime,QUT-J,mix_8187ac605f62,participant_qut_qut_r,QUT,mixer_id=QUT-J; legacy_mix_code=QUT-J; mixer_institution_code=QUT,false,,"No explicit participant-to-mixer identity mapping or creator/evaluator flag found in evaluations.csv, mixes.csv, retained feature table, or SCHEMA.md.",false,Institution equality alone was not used as self-rating evidence.
evaluation_9ca9f55f5da6,In The Meantime,QUT-J,mix_8187ac605f62,participant_qut_qut_e,QUT,mixer_id=QUT-J; legacy_mix_code=QUT-J; mixer_institution_code=QUT,false,,"No explicit participant-to-mixer identity mapping or creator/evaluator flag found in evaluations.csv, mixes.csv, retained feature table, or SCHEMA.md.",false,Institution equality alone was not used as self-rating evidence.
evaluation_01ee743230c7,In The Meantime,QUT-J,mix_8187ac605f62,participant_qut_qut_n,QUT,mixer_id=QUT-J; legacy_mix_code=QUT-J; mixer_institution_code=QUT,false,,"No explicit participant-to-mixer identity mapping or creator/evaluator flag found in evaluations.csv, mixes.csv, retained feature table, or SCHEMA.md.",false,Institution equality alone was not used as self-rating evidence.
evaluation_d76c016bde3c,In The Meantime,QUT-J,mix_8187ac605f62,participant_qut_qut_m,QUT,mixer_id=QUT-J; legacy_mix_code=QUT-J; mixer_institution_code=QUT,false,,"No explicit participant-to-mixer identity mapping or creator/evaluator flag found in evaluations.csv, mixes.csv, retained feature table, or SCHEMA.md.",false,Institution equality alone was not used as self-rating evidence.
evaluation_78ef2efe208a,In The Meantime,QUT-J,mix_8187ac605f62,participant_qut_qut_f,QUT,mixer_id=QUT-J; legacy_mix_code=QUT-J; mixer_institution_code=QUT,false,,"No explicit participant-to-mixer identity mapping or creator/evaluator flag found in evaluations.csv, mixes.csv, retained feature table, or SCHEMA.md.",false,Institution equality alone was not used as self-rating evidence.
evaluation_0be0896a4ef2,In The Meantime,QUT-J,mix_8187ac605f62,participant_qut_qut_p,QUT,mixer_id=QUT-J; legacy_mix_code=QUT-J; mixer_institution_code=QUT,false,,"No explicit participant-to-mixer identity mapping or creator/evaluator flag found in evaluations.csv, mixes.csv, retained feature table, or SCHEMA.md.",false,Institution equality alone was not used as self-rating evidence.
evaluation_83d6968b7ed2,In The Meantime,QUT-J,mix_8187ac605f62,participant_qut_qut_o,QUT,mixer_id=QUT-J; legacy_mix_code=QUT-J; mixer_institution_code=QUT,false,,"No explicit participant-to-mixer identity mapping or creator/evaluator flag found in evaluations.csv, mixes.csv, retained feature table, or SCHEMA.md.",false,Institution equality alone was not used as self-rating evidence.
evaluation_9afd604b98e5,In The Meantime,QUT-J,mix_8187ac605f62,participant_qut_qut_a,QUT,mixer_id=QUT-J; legacy_mix_code=QUT-J; mixer_institution_code=QUT,false,,"No explicit participant-to-mixer identity mapping or creator/evaluator flag found in evaluations.csv, mixes.csv, retained feature table, or SCHEMA.md.",false,Institution equality alone was not used as self-rating evidence.
evaluation_979950c389d5,In The Meantime,QUT-J,mix_8187ac605f62,participant_qut_qut_pro,QUT,mixer_id=QUT-J; legacy_mix_code=QUT-J; mixer_institution_code=QUT,false,,"No explicit participant-to-mixer identity mapping or creator/evaluator flag found in evaluations.csv, mixes.csv, retained feature table, or SCHEMA.md.",false,Institution equality alone was not used as self-rating evidence.
evaluation_455cce36c52e,In The Meantime,QUT-J,mix_8187ac605f62,participant_qut_qut_c,QUT,mixer_id=QUT-J; legacy_mix_code=QUT-J; mixer_institution_code=QUT,false,,"No explicit participant-to-mixer identity mapping or creator/evaluator flag found in evaluations.csv, mixes.csv, retained feature table, or SCHEMA.md.",false,Institution equality alone was not used as self-rating evidence.
evaluation_23fb1a0fbc5e,In The Meantime,QUT-J,mix_8187ac605f62,participant_qut_qut_l,QUT,mixer_id=QUT-J; legacy_mix_code=QUT-J; mixer_institution_code=QUT,false,,"No explicit participant-to-mixer identity mapping or creator/evaluator flag found in evaluations.csv, mixes.csv, retained feature table, or SCHEMA.md.",false,Institution equality alone was not used as self-rating evidence.
evaluation_b5a8405d7243,In The Meantime,QUT-pro,mix_cdaef40f2b94,participant_qut_qut_k,QUT,mixer_id=QUT-pro; legacy_mix_code=QUT-pro; mixer_institution_code=QUT,false,,"No explicit participant-to-mixer identity mapping or creator/evaluator flag found in evaluations.csv, mixes.csv, retained feature table, or SCHEMA.md.",false,Institution equality alone was not used as self-rating evidence.
evaluation_658d5877a91c,In The Meantime,QUT-pro,mix_cdaef40f2b94,participant_qut_qut_s,QUT,mixer_id=QUT-pro; legacy_mix_code=QUT-pro; mixer_institution_code=QUT,false,,"No explicit participant-to-mixer identity mapping or creator/evaluator flag found in evaluations.csv, mixes.csv, retained feature table, or SCHEMA.md.",false,Institution equality alone was not used as self-rating evidence.
evaluation_411b2c9744b4,In The Meantime,QUT-pro,mix_cdaef40f2b94,participant_qut_qut_h,QUT,mixer_id=QUT-pro; legacy_mix_code=QUT-pro; mixer_institution_code=QUT,false,,"No explicit participant-to-mixer identity mapping or creator/evaluator flag found in evaluations.csv, mixes.csv, retained feature table, or SCHEMA.md.",false,Institution equality alone was not used as self-rating evidence.
evaluation_b4013a7b5f5c,In The Meantime,QUT-pro,mix_cdaef40f2b94,participant_qut_qut_q,QUT,mixer_id=QUT-pro; legacy_mix_code=QUT-pro; mixer_institution_code=QUT,false,,"No explicit participant-to-mixer identity mapping or creator/evaluator flag found in evaluations.csv, mixes.csv, retained feature table, or SCHEMA.md.",false,Institution equality alone was not used as self-rating evidence.
evaluation_09b7c93b6d0c,In The Meantime,QUT-pro,mix_cdaef40f2b94,participant_qut_qut_i,QUT,mixer_id=QUT-pro; legacy_mix_code=QUT-pro; mixer_institution_code=QUT,false,,"No explicit participant-to-mixer identity mapping or creator/evaluator flag found in evaluations.csv, mixes.csv, retained feature table, or SCHEMA.md.",false,Institution equality alone was not used as self-rating evidence.
evaluation_376eea55854f,In The Meantime,QUT-pro,mix_cdaef40f2b94,participant_qut_qut_r,QUT,mixer_id=QUT-pro; legacy_mix_code=QUT-pro; mixer_institution_code=QUT,false,,"No explicit participant-to-mixer identity mapping or creator/evaluator flag found in evaluations.csv, mixes.csv, retained feature table, or SCHEMA.md.",false,Institution equality alone was not used as self-rating evidence.
evaluation_93d9a7decf3a,In The Meantime,QUT-pro,mix_cdaef40f2b94,participant_qut_qut_e,QUT,mixer_id=QUT-pro; legacy_mix_code=QUT-pro; mixer_institution_code=QUT,false,,"No explicit participant-to-mixer identity mapping or creator/evaluator flag found in evaluations.csv, mixes.csv, retained feature table, or SCHEMA.md.",false,Institution equality alone was not used as self-rating evidence.
evaluation_782251fb8c9c,In The Meantime,QUT-pro,mix_cdaef40f2b94,participant_qut_qut_n,QUT,mixer_id=QUT-pro; legacy_mix_code=QUT-pro; mixer_institution_code=QUT,false,,"No explicit participant-to-mixer identity mapping or creator/evaluator flag found in evaluations.csv, mixes.csv, retained feature table, or SCHEMA.md.",false,Institution equality alone was not used as self-rating evidence.
evaluation_7f09e22a70d8,In The Meantime,QUT-pro,mix_cdaef40f2b94,participant_qut_qut_m,QUT,mixer_id=QUT-pro; legacy_mix_code=QUT-pro; mixer_institution_code=QUT,false,,"No explicit participant-to-mixer identity mapping or creator/evaluator flag found in evaluations.csv, mixes.csv, retained feature table, or SCHEMA.md.",false,Institution equality alone was not used as self-rating evidence.
evaluation_032dbc9ada4e,In The Meantime,QUT-pro,mix_cdaef40f2b94,participant_qut_qut_f,QUT,mixer_id=QUT-pro; legacy_mix_code=QUT-pro; mixer_institution_code=QUT,false,,"No explicit participant-to-mixer identity mapping or creator/evaluator flag found in evaluations.csv, mixes.csv, retained feature table, or SCHEMA.md.",false,Institution equality alone was not used as self-rating evidence.
evaluation_bdf976b89b24,In The Meantime,QUT-pro,mix_cdaef40f2b94,participant_qut_qut_p,QUT,mixer_id=QUT-pro; legacy_mix_code=QUT-pro; mixer_institution_code=QUT,false,,"No explicit participant-to-mixer identity mapping or creator/evaluator flag found in evaluations.csv, mixes.csv, retained feature table, or SCHEMA.md.",false,Institution equality alone was not used as self-rating evidence.
evaluation_e855a2b5154e,In The Meantime,QUT-pro,mix_cdaef40f2b94,participant_qut_qut_o,QUT,mixer_id=QUT-pro; legacy_mix_code=QUT-pro; mixer_institution_code=QUT,false,,"No explicit participant-to-mixer identity mapping or creator/evaluator flag found in evaluations.csv, mixes.csv, retained feature table, or SCHEMA.md.",false,Institution equality alone was not used as self-rating evidence.
evaluation_cbec98c936ce,In The Meantime,QUT-pro,mix_cdaef40f2b94,participant_qut_qut_a,QUT,mixer_id=QUT-pro; legacy_mix_code=QUT-pro; mixer_institution_code=QUT,false,,"No explicit participant-to-mixer identity mapping or creator/evaluator flag found in evaluations.csv, mixes.csv, retained feature table, or SCHEMA.md.",false,Institution equality alone was not used as self-rating evidence.
evaluation_35661cd5b5ef,In The Meantime,QUT-pro,mix_cdaef40f2b94,participant_qut_qut_pro,QUT,mixer_id=QUT-pro; legacy_mix_code=QUT-pro; mixer_institution_code=QUT,false,,"No explicit participant-to-mixer identity mapping or creator/evaluator flag found in evaluations.csv, mixes.csv, retained feature table, or SCHEMA.md.",false,Institution equality alone was not used as self-rating evidence.
evaluation_10b6c7862d4c,In The Meantime,QUT-pro,mix_cdaef40f2b94,participant_qut_qut_c,QUT,mixer_id=QUT-pro; legacy_mix_code=QUT-pro; mixer_institution_code=QUT,false,,"No explicit participant-to-mixer identity mapping or creator/evaluator flag found in evaluations.csv, mixes.csv, retained feature table, or SCHEMA.md.",false,Institution equality alone was not used as self-rating evidence.
evaluation_f8b796122cff,In The Meantime,QUT-pro,mix_cdaef40f2b94,participant_qut_qut_l,QUT,mixer_id=QUT-pro; legacy_mix_code=QUT-pro; mixer_institution_code=QUT,false,,"No explicit participant-to-mixer identity mapping or creator/evaluator flag found in evaluations.csv, mixes.csv, retained feature table, or SCHEMA.md.",false,Institution equality alone was not used as self-rating evidence.
evaluation_aa7e014c701d,In The Meantime,UCP-A1,mix_3042da8a2eb5,participant_ucp_ucp_a4,UCP,mixer_id=UCP-A1; legacy_mix_code=UCP-A1; mixer_institution_code=UCP,false,,"No explicit participant-to-mixer identity mapping or creator/evaluator flag found in evaluations.csv, mixes.csv, retained feature table, or SCHEMA.md.",false,Institution equality alone was not used as self-rating evidence.
evaluation_37df9e047df5,In The Meantime,UCP-A1,mix_3042da8a2eb5,participant_ucp_ucp_a2,UCP,mixer_id=UCP-A1; legacy_mix_code=UCP-A1; mixer_institution_code=UCP,false,,"No explicit participant-to-mixer identity mapping or creator/evaluator flag found in evaluations.csv, mixes.csv, retained feature table, or SCHEMA.md.",false,Institution equality alone was not used as self-rating evidence.
evaluation_9abebc47d97e,In The Meantime,UCP-A1,mix_3042da8a2eb5,participant_ucp_ucp_b2,UCP,mixer_id=UCP-A1; legacy_mix_code=UCP-A1; mixer_institution_code=UCP,false,,"No explicit participant-to-mixer identity mapping or creator/evaluator flag found in evaluations.csv, mixes.csv, retained feature table, or SCHEMA.md.",false,Institution equality alone was not used as self-rating evidence.
evaluation_59da5077d51a,In The Meantime,UCP-A1,mix_3042da8a2eb5,participant_ucp_ucp_a5,UCP,mixer_id=UCP-A1; legacy_mix_code=UCP-A1; mixer_institution_code=UCP,false,,"No explicit participant-to-mixer identity mapping or creator/evaluator flag found in evaluations.csv, mixes.csv, retained feature table, or SCHEMA.md.",false,Institution equality alone was not used as self-rating evidence.
evaluation_d41b740e1045,In The Meantime,UCP-A1,mix_3042da8a2eb5,participant_ucp_ucp_a1,UCP,mixer_id=UCP-A1; legacy_mix_code=UCP-A1; mixer_institution_code=UCP,false,,"No explicit participant-to-mixer identity mapping or creator/evaluator flag found in evaluations.csv, mixes.csv, retained feature table, or SCHEMA.md.",false,Institution equality alone was not used as self-rating evidence.
evaluation_2da9886568a7,In The Meantime,UCP-A1,mix_3042da8a2eb5,participant_ucp_ucp_b3,UCP,mixer_id=UCP-A1; legacy_mix_code=UCP-A1; mixer_institution_code=UCP,false,,"No explicit participant-to-mixer identity mapping or creator/evaluator flag found in evaluations.csv, mixes.csv, retained feature table, or SCHEMA.md.",false,Institution equality alone was not used as self-rating evidence.
evaluation_0d58f8d202bc,In The Meantime,UCP-A1,mix_3042da8a2eb5,participant_ucp_ucp_b4,UCP,mixer_id=UCP-A1; legacy_mix_code=UCP-A1; mixer_institution_code=UCP,false,,"No explicit participant-to-mixer identity mapping or creator/evaluator flag found in evaluations.csv, mixes.csv, retained feature table, or SCHEMA.md.",false,Institution equality alone was not used as self-rating evidence.
evaluation_685228c979e7,In The Meantime,UCP-A1,mix_3042da8a2eb5,participant_ucp_ucp_b5,UCP,mixer_id=UCP-A1; legacy_mix_code=UCP-A1; mixer_institution_code=UCP,false,,"No explicit participant-to-mixer identity mapping or creator/evaluator flag found in evaluations.csv, mixes.csv, retained feature table, or SCHEMA.md.",false,Institution equality alone was not used as self-rating evidence.
evaluation_d1470bc5bd3e,In The Meantime,UCP-A1,mix_3042da8a2eb5,participant_ucp_ucp_b1,UCP,mixer_id=UCP-A1; legacy_mix_code=UCP-A1; mixer_institution_code=UCP,false,,"No explicit participant-to-mixer identity mapping or creator/evaluator flag found in evaluations.csv, mixes.csv, retained feature table, or SCHEMA.md.",false,Institution equality alone was not used as self-rating evidence.
evaluation_ac3dae016426,In The Meantime,UCP-A1,mix_3042da8a2eb5,participant_ucp_ucp_a3,UCP,mixer_id=UCP-A1; legacy_mix_code=UCP-A1; mixer_institution_code=UCP,false,,"No explicit participant-to-mixer identity mapping or creator/evaluator flag found in evaluations.csv, mixes.csv, retained feature table, or SCHEMA.md.",false,Institution equality alone was not used as self-rating evidence.
evaluation_1a03d84632b0,In The Meantime,UCP-A2,mix_20a1372ac49d,participant_qut_qut_k,QUT,mixer_id=UCP-A2; legacy_mix_code=UCP-A2; mixer_institution_code=UCP,false,,"No explicit participant-to-mixer identity mapping or creator/evaluator flag found in evaluations.csv, mixes.csv, retained feature table, or SCHEMA.md.",false,Institution equality alone was not used as self-rating evidence.
evaluation_6d230e902e22,In The Meantime,UCP-A2,mix_20a1372ac49d,participant_qut_qut_s,QUT,mixer_id=UCP-A2; legacy_mix_code=UCP-A2; mixer_institution_code=UCP,false,,"No explicit participant-to-mixer identity mapping or creator/evaluator flag found in evaluations.csv, mixes.csv, retained feature table, or SCHEMA.md.",false,Institution equality alone was not used as self-rating evidence.
evaluation_3ed28f7591b4,In The Meantime,UCP-A2,mix_20a1372ac49d,participant_qut_qut_h,QUT,mixer_id=UCP-A2; legacy_mix_code=UCP-A2; mixer_institution_code=UCP,false,,"No explicit participant-to-mixer identity mapping or creator/evaluator flag found in evaluations.csv, mixes.csv, retained feature table, or SCHEMA.md.",false,Institution equality alone was not used as self-rating evidence.
evaluation_47b40dcb11fa,In The Meantime,UCP-A2,mix_20a1372ac49d,participant_qut_qut_q,QUT,mixer_id=UCP-A2; legacy_mix_code=UCP-A2; mixer_institution_code=UCP,false,,"No explicit participant-to-mixer identity mapping or creator/evaluator flag found in evaluations.csv, mixes.csv, retained feature table, or SCHEMA.md.",false,Institution equality alone was not used as self-rating evidence.
evaluation_7416dfad1f50,In The Meantime,UCP-A2,mix_20a1372ac49d,participant_qut_qut_i,QUT,mixer_id=UCP-A2; legacy_mix_code=UCP-A2; mixer_institution_code=UCP,false,,"No explicit participant-to-mixer identity mapping or creator/evaluator flag found in evaluations.csv, mixes.csv, retained feature table, or SCHEMA.md.",false,Institution equality alone was not used as self-rating evidence.
evaluation_20e92655dd32,In The Meantime,UCP-A2,mix_20a1372ac49d,participant_qut_qut_r,QUT,mixer_id=UCP-A2; legacy_mix_code=UCP-A2; mixer_institution_code=UCP,false,,"No explicit participant-to-mixer identity mapping or creator/evaluator flag found in evaluations.csv, mixes.csv, retained feature table, or SCHEMA.md.",false,Institution equality alone was not used as self-rating evidence.
evaluation_44ec659ce160,In The Meantime,UCP-A2,mix_20a1372ac49d,participant_qut_qut_e,QUT,mixer_id=UCP-A2; legacy_mix_code=UCP-A2; mixer_institution_code=UCP,false,,"No explicit participant-to-mixer identity mapping or creator/evaluator flag found in evaluations.csv, mixes.csv, retained feature table, or SCHEMA.md.",false,Institution equality alone was not used as self-rating evidence.
evaluation_eca53e340598,In The Meantime,UCP-A2,mix_20a1372ac49d,participant_qut_qut_n,QUT,mixer_id=UCP-A2; legacy_mix_code=UCP-A2; mixer_institution_code=UCP,false,,"No explicit participant-to-mixer identity mapping or creator/evaluator flag found in evaluations.csv, mixes.csv, retained feature table, or SCHEMA.md.",false,Institution equality alone was not used as self-rating evidence.
evaluation_91d95124dd6d,In The Meantime,UCP-A2,mix_20a1372ac49d,participant_qut_qut_m,QUT,mixer_id=UCP-A2; legacy_mix_code=UCP-A2; mixer_institution_code=UCP,false,,"No explicit participant-to-mixer identity mapping or creator/evaluator flag found in evaluations.csv, mixes.csv, retained feature table, or SCHEMA.md.",false,Institution equality alone was not used as self-rating evidence.
evaluation_f002b1725b7e,In The Meantime,UCP-A2,mix_20a1372ac49d,participant_qut_qut_f,QUT,mixer_id=UCP-A2; legacy_mix_code=UCP-A2; mixer_institution_code=UCP,false,,"No explicit participant-to-mixer identity mapping or creator/evaluator flag found in evaluations.csv, mixes.csv, retained feature table, or SCHEMA.md.",false,Institution equality alone was not used as self-rating evidence.
evaluation_1ef1d7f2dbec,In The Meantime,UCP-A2,mix_20a1372ac49d,participant_qut_qut_p,QUT,mixer_id=UCP-A2; legacy_mix_code=UCP-A2; mixer_institution_code=UCP,false,,"No explicit participant-to-mixer identity mapping or creator/evaluator flag found in evaluations.csv, mixes.csv, retained feature table, or SCHEMA.md.",false,Institution equality alone was not used as self-rating evidence.
evaluation_e7f3d66b245c,In The Meantime,UCP-A2,mix_20a1372ac49d,participant_qut_qut_o,QUT,mixer_id=UCP-A2; legacy_mix_code=UCP-A2; mixer_institution_code=UCP,false,,"No explicit participant-to-mixer identity mapping or creator/evaluator flag found in evaluations.csv, mixes.csv, retained feature table, or SCHEMA.md.",false,Institution equality alone was not used as self-rating evidence.
evaluation_8bee4479bcb7,In The Meantime,UCP-A2,mix_20a1372ac49d,participant_qut_qut_a,QUT,mixer_id=UCP-A2; legacy_mix_code=UCP-A2; mixer_institution_code=UCP,false,,"No explicit participant-to-mixer identity mapping or creator/evaluator flag found in evaluations.csv, mixes.csv, retained feature table, or SCHEMA.md.",false,Institution equality alone was not used as self-rating evidence.
evaluation_d3b8984b4a7a,In The Meantime,UCP-A2,mix_20a1372ac49d,participant_qut_qut_pro,QUT,mixer_id=UCP-A2; legacy_mix_code=UCP-A2; mixer_institution_code=UCP,false,,"No explicit participant-to-mixer identity mapping or creator/evaluator flag found in evaluations.csv, mixes.csv, retained feature table, or SCHEMA.md.",false,Institution equality alone was not used as self-rating evidence.
evaluation_22a764e0dd22,In The Meantime,UCP-A2,mix_20a1372ac49d,participant_qut_qut_c,QUT,mixer_id=UCP-A2; legacy_mix_code=UCP-A2; mixer_institution_code=UCP,false,,"No explicit participant-to-mixer identity mapping or creator/evaluator flag found in evaluations.csv, mixes.csv, retained feature table, or SCHEMA.md.",false,Institution equality alone was not used as self-rating evidence.
evaluation_85ae37afeb40,In The Meantime,UCP-A2,mix_20a1372ac49d,participant_qut_qut_l,QUT,mixer_id=UCP-A2; legacy_mix_code=UCP-A2; mixer_institution_code=UCP,false,,"No explicit participant-to-mixer identity mapping or creator/evaluator flag found in evaluations.csv, mixes.csv, retained feature table, or SCHEMA.md.",false,Institution equality alone was not used as self-rating evidence.
evaluation_5e5d49cfcc55,In The Meantime,UCP-A2,mix_20a1372ac49d,participant_ucp_ucp_a4,UCP,mixer_id=UCP-A2; legacy_mix_code=UCP-A2; mixer_institution_code=UCP,false,,"No explicit participant-to-mixer identity mapping or creator/evaluator flag found in evaluations.csv, mixes.csv, retained feature table, or SCHEMA.md.",false,Institution equality alone was not used as self-rating evidence.
evaluation_8592efbc4233,In The Meantime,UCP-A2,mix_20a1372ac49d,participant_ucp_ucp_a2,UCP,mixer_id=UCP-A2; legacy_mix_code=UCP-A2; mixer_institution_code=UCP,false,,"No explicit participant-to-mixer identity mapping or creator/evaluator flag found in evaluations.csv, mixes.csv, retained feature table, or SCHEMA.md.",false,Institution equality alone was not used as self-rating evidence.
evaluation_67a70d34a2cd,In The Meantime,UCP-A2,mix_20a1372ac49d,participant_ucp_ucp_b2,UCP,mixer_id=UCP-A2; legacy_mix_code=UCP-A2; mixer_institution_code=UCP,false,,"No explicit participant-to-mixer identity mapping or creator/evaluator flag found in evaluations.csv, mixes.csv, retained feature table, or SCHEMA.md.",false,Institution equality alone was not used as self-rating evidence.
evaluation_5f3e6420d707,In The Meantime,UCP-A2,mix_20a1372ac49d,participant_ucp_ucp_a5,UCP,mixer_id=UCP-A2; legacy_mix_code=UCP-A2; mixer_institution_code=UCP,false,,"No explicit participant-to-mixer identity mapping or creator/evaluator flag found in evaluations.csv, mixes.csv, retained feature table, or SCHEMA.md.",false,Institution equality alone was not used as self-rating evidence.
evaluation_afd20dee6448,In The Meantime,UCP-A2,mix_20a1372ac49d,participant_ucp_ucp_a1,UCP,mixer_id=UCP-A2; legacy_mix_code=UCP-A2; mixer_institution_code=UCP,false,,"No explicit participant-to-mixer identity mapping or creator/evaluator flag found in evaluations.csv, mixes.csv, retained feature table, or SCHEMA.md.",false,Institution equality alone was not used as self-rating evidence.
evaluation_8a1b7e03b8a1,In The Meantime,UCP-A2,mix_20a1372ac49d,participant_ucp_ucp_b3,UCP,mixer_id=UCP-A2; legacy_mix_code=UCP-A2; mixer_institution_code=UCP,false,,"No explicit participant-to-mixer identity mapping or creator/evaluator flag found in evaluations.csv, mixes.csv, retained feature table, or SCHEMA.md.",false,Institution equality alone was not used as self-rating evidence.
evaluation_27799bd559d3,In The Meantime,UCP-A2,mix_20a1372ac49d,participant_ucp_ucp_b4,UCP,mixer_id=UCP-A2; legacy_mix_code=UCP-A2; mixer_institution_code=UCP,false,,"No explicit participant-to-mixer identity mapping or creator/evaluator flag found in evaluations.csv, mixes.csv, retained feature table, or SCHEMA.md.",false,Institution equality alone was not used as self-rating evidence.
evaluation_f821472c1d6a,In The Meantime,UCP-A2,mix_20a1372ac49d,participant_ucp_ucp_b5,UCP,mixer_id=UCP-A2; legacy_mix_code=UCP-A2; mixer_institution_code=UCP,false,,"No explicit participant-to-mixer identity mapping or creator/evaluator flag found in evaluations.csv, mixes.csv, retained feature table, or SCHEMA.md.",false,Institution equality alone was not used as self-rating evidence.
evaluation_c27d998bd877,In The Meantime,UCP-A2,mix_20a1372ac49d,participant_ucp_ucp_b1,UCP,mixer_id=UCP-A2; legacy_mix_code=UCP-A2; mixer_institution_code=UCP,false,,"No explicit participant-to-mixer identity mapping or creator/evaluator flag found in evaluations.csv, mixes.csv, retained feature table, or SCHEMA.md.",false,Institution equality alone was not used as self-rating evidence.
evaluation_56d1a9fa4c55,In The Meantime,UCP-A2,mix_20a1372ac49d,participant_ucp_ucp_a3,UCP,mixer_id=UCP-A2; legacy_mix_code=UCP-A2; mixer_institution_code=UCP,false,,"No explicit participant-to-mixer identity mapping or creator/evaluator flag found in evaluations.csv, mixes.csv, retained feature table, or SCHEMA.md.",false,Institution equality alone was not used as self-rating evidence.
evaluation_879e9333b506,In The Meantime,UCP-A3,mix_d58db5dccea3,participant_ucp_ucp_a4,UCP,mixer_id=UCP-A3; legacy_mix_code=UCP-A3; mixer_institution_code=UCP,false,,"No explicit participant-to-mixer identity mapping or creator/evaluator flag found in evaluations.csv, mixes.csv, retained feature table, or SCHEMA.md.",false,Institution equality alone was not used as self-rating evidence.
evaluation_436a0723581a,In The Meantime,UCP-A3,mix_d58db5dccea3,participant_ucp_ucp_a2,UCP,mixer_id=UCP-A3; legacy_mix_code=UCP-A3; mixer_institution_code=UCP,false,,"No explicit participant-to-mixer identity mapping or creator/evaluator flag found in evaluations.csv, mixes.csv, retained feature table, or SCHEMA.md.",false,Institution equality alone was not used as self-rating evidence.
evaluation_104df00a7325,In The Meantime,UCP-A3,mix_d58db5dccea3,participant_ucp_ucp_b2,UCP,mixer_id=UCP-A3; legacy_mix_code=UCP-A3; mixer_institution_code=UCP,false,,"No explicit participant-to-mixer identity mapping or creator/evaluator flag found in evaluations.csv, mixes.csv, retained feature table, or SCHEMA.md.",false,Institution equality alone was not used as self-rating evidence.
evaluation_03d10534a75d,In The Meantime,UCP-A3,mix_d58db5dccea3,participant_ucp_ucp_a5,UCP,mixer_id=UCP-A3; legacy_mix_code=UCP-A3; mixer_institution_code=UCP,false,,"No explicit participant-to-mixer identity mapping or creator/evaluator flag found in evaluations.csv, mixes.csv, retained feature table, or SCHEMA.md.",false,Institution equality alone was not used as self-rating evidence.
evaluation_479cd94867f0,In The Meantime,UCP-A3,mix_d58db5dccea3,participant_ucp_ucp_a1,UCP,mixer_id=UCP-A3; legacy_mix_code=UCP-A3; mixer_institution_code=UCP,false,,"No explicit participant-to-mixer identity mapping or creator/evaluator flag found in evaluations.csv, mixes.csv, retained feature table, or SCHEMA.md.",false,Institution equality alone was not used as self-rating evidence.
evaluation_d130cb8ffcc6,In The Meantime,UCP-A3,mix_d58db5dccea3,participant_ucp_ucp_b3,UCP,mixer_id=UCP-A3; legacy_mix_code=UCP-A3; mixer_institution_code=UCP,false,,"No explicit participant-to-mixer identity mapping or creator/evaluator flag found in evaluations.csv, mixes.csv, retained feature table, or SCHEMA.md.",false,Institution equality alone was not used as self-rating evidence.
evaluation_13f47210f5b9,In The Meantime,UCP-A3,mix_d58db5dccea3,participant_ucp_ucp_b4,UCP,mixer_id=UCP-A3; legacy_mix_code=UCP-A3; mixer_institution_code=UCP,false,,"No explicit participant-to-mixer identity mapping or creator/evaluator flag found in evaluations.csv, mixes.csv, retained feature table, or SCHEMA.md.",false,Institution equality alone was not used as self-rating evidence.
evaluation_e049104fa14d,In The Meantime,UCP-A3,mix_d58db5dccea3,participant_ucp_ucp_b5,UCP,mixer_id=UCP-A3; legacy_mix_code=UCP-A3; mixer_institution_code=UCP,false,,"No explicit participant-to-mixer identity mapping or creator/evaluator flag found in evaluations.csv, mixes.csv, retained feature table, or SCHEMA.md.",false,Institution equality alone was not used as self-rating evidence.
evaluation_f478d7a2a9f9,In The Meantime,UCP-A3,mix_d58db5dccea3,participant_ucp_ucp_b1,UCP,mixer_id=UCP-A3; legacy_mix_code=UCP-A3; mixer_institution_code=UCP,false,,"No explicit participant-to-mixer identity mapping or creator/evaluator flag found in evaluations.csv, mixes.csv, retained feature table, or SCHEMA.md.",false,Institution equality alone was not used as self-rating evidence.
evaluation_8418d60fdc0a,In The Meantime,UCP-A3,mix_d58db5dccea3,participant_ucp_ucp_a3,UCP,mixer_id=UCP-A3; legacy_mix_code=UCP-A3; mixer_institution_code=UCP,false,,"No explicit participant-to-mixer identity mapping or creator/evaluator flag found in evaluations.csv, mixes.csv, retained feature table, or SCHEMA.md.",false,Institution equality alone was not used as self-rating evidence.
evaluation_55ba24387f04,In The Meantime,UCP-A4,mix_efdedc0a36e7,participant_ucp_ucp_a4,UCP,mixer_id=UCP-A4; legacy_mix_code=UCP-A4; mixer_institution_code=UCP,false,,"No explicit participant-to-mixer identity mapping or creator/evaluator flag found in evaluations.csv, mixes.csv, retained feature table, or SCHEMA.md.",false,Institution equality alone was not used as self-rating evidence.
evaluation_b2210e69c5e8,In The Meantime,UCP-A4,mix_efdedc0a36e7,participant_ucp_ucp_a2,UCP,mixer_id=UCP-A4; legacy_mix_code=UCP-A4; mixer_institution_code=UCP,false,,"No explicit participant-to-mixer identity mapping or creator/evaluator flag found in evaluations.csv, mixes.csv, retained feature table, or SCHEMA.md.",false,Institution equality alone was not used as self-rating evidence.
evaluation_9c66823b682e,In The Meantime,UCP-A4,mix_efdedc0a36e7,participant_ucp_ucp_b2,UCP,mixer_id=UCP-A4; legacy_mix_code=UCP-A4; mixer_institution_code=UCP,false,,"No explicit participant-to-mixer identity mapping or creator/evaluator flag found in evaluations.csv, mixes.csv, retained feature table, or SCHEMA.md.",false,Institution equality alone was not used as self-rating evidence.
evaluation_afc1abd256e2,In The Meantime,UCP-A4,mix_efdedc0a36e7,participant_ucp_ucp_a5,UCP,mixer_id=UCP-A4; legacy_mix_code=UCP-A4; mixer_institution_code=UCP,false,,"No explicit participant-to-mixer identity mapping or creator/evaluator flag found in evaluations.csv, mixes.csv, retained feature table, or SCHEMA.md.",false,Institution equality alone was not used as self-rating evidence.
evaluation_a5ff084eaf87,In The Meantime,UCP-A4,mix_efdedc0a36e7,participant_ucp_ucp_a1,UCP,mixer_id=UCP-A4; legacy_mix_code=UCP-A4; mixer_institution_code=UCP,false,,"No explicit participant-to-mixer identity mapping or creator/evaluator flag found in evaluations.csv, mixes.csv, retained feature table, or SCHEMA.md.",false,Institution equality alone was not used as self-rating evidence.
evaluation_8324fef9853c,In The Meantime,UCP-A4,mix_efdedc0a36e7,participant_ucp_ucp_b3,UCP,mixer_id=UCP-A4; legacy_mix_code=UCP-A4; mixer_institution_code=UCP,false,,"No explicit participant-to-mixer identity mapping or creator/evaluator flag found in evaluations.csv, mixes.csv, retained feature table, or SCHEMA.md.",false,Institution equality alone was not used as self-rating evidence.
evaluation_11804848af64,In The Meantime,UCP-A4,mix_efdedc0a36e7,participant_ucp_ucp_b4,UCP,mixer_id=UCP-A4; legacy_mix_code=UCP-A4; mixer_institution_code=UCP,false,,"No explicit participant-to-mixer identity mapping or creator/evaluator flag found in evaluations.csv, mixes.csv, retained feature table, or SCHEMA.md.",false,Institution equality alone was not used as self-rating evidence.
evaluation_da47aa8ba832,In The Meantime,UCP-A4,mix_efdedc0a36e7,participant_ucp_ucp_b5,UCP,mixer_id=UCP-A4; legacy_mix_code=UCP-A4; mixer_institution_code=UCP,false,,"No explicit participant-to-mixer identity mapping or creator/evaluator flag found in evaluations.csv, mixes.csv, retained feature table, or SCHEMA.md.",false,Institution equality alone was not used as self-rating evidence.
evaluation_c666e0e68aae,In The Meantime,UCP-A4,mix_efdedc0a36e7,participant_ucp_ucp_b1,UCP,mixer_id=UCP-A4; legacy_mix_code=UCP-A4; mixer_institution_code=UCP,false,,"No explicit participant-to-mixer identity mapping or creator/evaluator flag found in evaluations.csv, mixes.csv, retained feature table, or SCHEMA.md.",false,Institution equality alone was not used as self-rating evidence.
evaluation_476c6b2ad874,In The Meantime,UCP-A4,mix_efdedc0a36e7,participant_ucp_ucp_a3,UCP,mixer_id=UCP-A4; legacy_mix_code=UCP-A4; mixer_institution_code=UCP,false,,"No explicit participant-to-mixer identity mapping or creator/evaluator flag found in evaluations.csv, mixes.csv, retained feature table, or SCHEMA.md.",false,Institution equality alone was not used as self-rating evidence.
evaluation_23be00adb625,In The Meantime,UCP-A5,mix_e858d5cf22ea,participant_ucp_ucp_a4,UCP,mixer_id=UCP-A5; legacy_mix_code=UCP-A5; mixer_institution_code=UCP,false,,"No explicit participant-to-mixer identity mapping or creator/evaluator flag found in evaluations.csv, mixes.csv, retained feature table, or SCHEMA.md.",false,Institution equality alone was not used as self-rating evidence.
evaluation_92033e9a904c,In The Meantime,UCP-A5,mix_e858d5cf22ea,participant_ucp_ucp_a2,UCP,mixer_id=UCP-A5; legacy_mix_code=UCP-A5; mixer_institution_code=UCP,false,,"No explicit participant-to-mixer identity mapping or creator/evaluator flag found in evaluations.csv, mixes.csv, retained feature table, or SCHEMA.md.",false,Institution equality alone was not used as self-rating evidence.
evaluation_737d7446be68,In The Meantime,UCP-A5,mix_e858d5cf22ea,participant_ucp_ucp_b2,UCP,mixer_id=UCP-A5; legacy_mix_code=UCP-A5; mixer_institution_code=UCP,false,,"No explicit participant-to-mixer identity mapping or creator/evaluator flag found in evaluations.csv, mixes.csv, retained feature table, or SCHEMA.md.",false,Institution equality alone was not used as self-rating evidence.
evaluation_15b6b79ba5dc,In The Meantime,UCP-A5,mix_e858d5cf22ea,participant_ucp_ucp_a5,UCP,mixer_id=UCP-A5; legacy_mix_code=UCP-A5; mixer_institution_code=UCP,false,,"No explicit participant-to-mixer identity mapping or creator/evaluator flag found in evaluations.csv, mixes.csv, retained feature table, or SCHEMA.md.",false,Institution equality alone was not used as self-rating evidence.
evaluation_7ea635786749,In The Meantime,UCP-A5,mix_e858d5cf22ea,participant_ucp_ucp_a1,UCP,mixer_id=UCP-A5; legacy_mix_code=UCP-A5; mixer_institution_code=UCP,false,,"No explicit participant-to-mixer identity mapping or creator/evaluator flag found in evaluations.csv, mixes.csv, retained feature table, or SCHEMA.md.",false,Institution equality alone was not used as self-rating evidence.
evaluation_43e030846d5b,In The Meantime,UCP-A5,mix_e858d5cf22ea,participant_ucp_ucp_b3,UCP,mixer_id=UCP-A5; legacy_mix_code=UCP-A5; mixer_institution_code=UCP,false,,"No explicit participant-to-mixer identity mapping or creator/evaluator flag found in evaluations.csv, mixes.csv, retained feature table, or SCHEMA.md.",false,Institution equality alone was not used as self-rating evidence.
evaluation_96b3c931ab0f,In The Meantime,UCP-A5,mix_e858d5cf22ea,participant_ucp_ucp_b4,UCP,mixer_id=UCP-A5; legacy_mix_code=UCP-A5; mixer_institution_code=UCP,false,,"No explicit participant-to-mixer identity mapping or creator/evaluator flag found in evaluations.csv, mixes.csv, retained feature table, or SCHEMA.md.",false,Institution equality alone was not used as self-rating evidence.
evaluation_bcb095032b9c,In The Meantime,UCP-A5,mix_e858d5cf22ea,participant_ucp_ucp_b5,UCP,mixer_id=UCP-A5; legacy_mix_code=UCP-A5; mixer_institution_code=UCP,false,,"No explicit participant-to-mixer identity mapping or creator/evaluator flag found in evaluations.csv, mixes.csv, retained feature table, or SCHEMA.md.",false,Institution equality alone was not used as self-rating evidence.
evaluation_85b19376bb6c,In The Meantime,UCP-A5,mix_e858d5cf22ea,participant_ucp_ucp_b1,UCP,mixer_id=UCP-A5; legacy_mix_code=UCP-A5; mixer_institution_code=UCP,false,,"No explicit participant-to-mixer identity mapping or creator/evaluator flag found in evaluations.csv, mixes.csv, retained feature table, or SCHEMA.md.",false,Institution equality alone was not used as self-rating evidence.
evaluation_71ee94232ca0,In The Meantime,UCP-A5,mix_e858d5cf22ea,participant_ucp_ucp_a3,UCP,mixer_id=UCP-A5; legacy_mix_code=UCP-A5; mixer_institution_code=UCP,false,,"No explicit participant-to-mixer identity mapping or creator/evaluator flag found in evaluations.csv, mixes.csv, retained feature table, or SCHEMA.md.",false,Institution equality alone was not used as self-rating evidence.
evaluation_72812295080a,Lead Me,CNS-5,mix_b5102e72a550,participant_cns_cns_j,CNS,mixer_id=CNS-5; legacy_mix_code=CNS-5; mixer_institution_code=CNS,false,,"No explicit participant-to-mixer identity mapping or creator/evaluator flag found in evaluations.csv, mixes.csv, retained feature table, or SCHEMA.md.",false,Institution equality alone was not used as self-rating evidence.
evaluation_f39fb902813a,Lead Me,CNS-5,mix_b5102e72a550,participant_cns_cns_5,CNS,mixer_id=CNS-5; legacy_mix_code=CNS-5; mixer_institution_code=CNS,false,,"No explicit participant-to-mixer identity mapping or creator/evaluator flag found in evaluations.csv, mixes.csv, retained feature table, or SCHEMA.md.",false,Institution equality alone was not used as self-rating evidence.
evaluation_5f5e55b0d4b2,Lead Me,CNS-5,mix_b5102e72a550,participant_cns_cns_d,CNS,mixer_id=CNS-5; legacy_mix_code=CNS-5; mixer_institution_code=CNS,false,,"No explicit participant-to-mixer identity mapping or creator/evaluator flag found in evaluations.csv, mixes.csv, retained feature table, or SCHEMA.md.",false,Institution equality alone was not used as self-rating evidence.
evaluation_908ba0dc579f,Lead Me,CNS-5,mix_b5102e72a550,participant_cns_cns_c,CNS,mixer_id=CNS-5; legacy_mix_code=CNS-5; mixer_institution_code=CNS,false,,"No explicit participant-to-mixer identity mapping or creator/evaluator flag found in evaluations.csv, mixes.csv, retained feature table, or SCHEMA.md.",false,Institution equality alone was not used as self-rating evidence.
evaluation_91ef81cb300c,Lead Me,CNS-5,mix_b5102e72a550,participant_cns_cns_l,CNS,mixer_id=CNS-5; legacy_mix_code=CNS-5; mixer_institution_code=CNS,false,,"No explicit participant-to-mixer identity mapping or creator/evaluator flag found in evaluations.csv, mixes.csv, retained feature table, or SCHEMA.md.",false,Institution equality alone was not used as self-rating evidence.
evaluation_410369e85e0b,Lead Me,CNS-5,mix_b5102e72a550,participant_cns_cns_b,CNS,mixer_id=CNS-5; legacy_mix_code=CNS-5; mixer_institution_code=CNS,false,,"No explicit participant-to-mixer identity mapping or creator/evaluator flag found in evaluations.csv, mixes.csv, retained feature table, or SCHEMA.md.",false,Institution equality alone was not used as self-rating evidence.
evaluation_32436d9ac585,Lead Me,CNS-5,mix_b5102e72a550,participant_cns_cns_pro,CNS,mixer_id=CNS-5; legacy_mix_code=CNS-5; mixer_institution_code=CNS,false,,"No explicit participant-to-mixer identity mapping or creator/evaluator flag found in evaluations.csv, mixes.csv, retained feature table, or SCHEMA.md.",false,Institution equality alone was not used as self-rating evidence.
evaluation_6d2ffa6e28dc,Lead Me,CNS-5,mix_b5102e72a550,participant_cns_cns_f,CNS,mixer_id=CNS-5; legacy_mix_code=CNS-5; mixer_institution_code=CNS,false,,"No explicit participant-to-mixer identity mapping or creator/evaluator flag found in evaluations.csv, mixes.csv, retained feature table, or SCHEMA.md.",false,Institution equality alone was not used as self-rating evidence.
evaluation_92aa1f49da25,Lead Me,CNS-5,mix_b5102e72a550,participant_cns_cns_g,CNS,mixer_id=CNS-5; legacy_mix_code=CNS-5; mixer_institution_code=CNS,false,,"No explicit participant-to-mixer identity mapping or creator/evaluator flag found in evaluations.csv, mixes.csv, retained feature table, or SCHEMA.md.",false,Institution equality alone was not used as self-rating evidence.
evaluation_14be88dd4a1f,Lead Me,CNS-5,mix_b5102e72a550,participant_cns_cns_h,CNS,mixer_id=CNS-5; legacy_mix_code=CNS-5; mixer_institution_code=CNS,false,,"No explicit participant-to-mixer identity mapping or creator/evaluator flag found in evaluations.csv, mixes.csv, retained feature table, or SCHEMA.md.",false,Institution equality alone was not used as self-rating evidence.
evaluation_8fa4b85e32c8,Lead Me,CNS-5,mix_b5102e72a550,participant_cns_cns_i,CNS,mixer_id=CNS-5; legacy_mix_code=CNS-5; mixer_institution_code=CNS,false,,"No explicit participant-to-mixer identity mapping or creator/evaluator flag found in evaluations.csv, mixes.csv, retained feature table, or SCHEMA.md.",false,Institution equality alone was not used as self-rating evidence.
evaluation_788681b44a7e,Lead Me,CNS-5,mix_b5102e72a550,participant_cns_cns_a,CNS,mixer_id=CNS-5; legacy_mix_code=CNS-5; mixer_institution_code=CNS,false,,"No explicit participant-to-mixer identity mapping or creator/evaluator flag found in evaluations.csv, mixes.csv, retained feature table, or SCHEMA.md.",false,Institution equality alone was not used as self-rating evidence.
evaluation_9ee1a5461631,Lead Me,CNS-5,mix_b5102e72a550,participant_cns_cns_e,CNS,mixer_id=CNS-5; legacy_mix_code=CNS-5; mixer_institution_code=CNS,false,,"No explicit participant-to-mixer identity mapping or creator/evaluator flag found in evaluations.csv, mixes.csv, retained feature table, or SCHEMA.md.",false,Institution equality alone was not used as self-rating evidence.
evaluation_c5f2c20b701b,Lead Me,CNS-5,mix_b5102e72a550,participant_cns_cns_k,CNS,mixer_id=CNS-5; legacy_mix_code=CNS-5; mixer_institution_code=CNS,false,,"No explicit participant-to-mixer identity mapping or creator/evaluator flag found in evaluations.csv, mixes.csv, retained feature table, or SCHEMA.md.",false,Institution equality alone was not used as self-rating evidence.
evaluation_ba5119766fcf,Lead Me,CNS-A,mix_8617440e42f5,participant_cns_cns_j,CNS,mixer_id=CNS-A; legacy_mix_code=CNS-A; mixer_institution_code=CNS,false,,"No explicit participant-to-mixer identity mapping or creator/evaluator flag found in evaluations.csv, mixes.csv, retained feature table, or SCHEMA.md.",false,Institution equality alone was not used as self-rating evidence.
evaluation_638dc794fd00,Lead Me,CNS-A,mix_8617440e42f5,participant_cns_cns_5,CNS,mixer_id=CNS-A; legacy_mix_code=CNS-A; mixer_institution_code=CNS,false,,"No explicit participant-to-mixer identity mapping or creator/evaluator flag found in evaluations.csv, mixes.csv, retained feature table, or SCHEMA.md.",false,Institution equality alone was not used as self-rating evidence.
evaluation_b4a6379ed682,Lead Me,CNS-A,mix_8617440e42f5,participant_cns_cns_d,CNS,mixer_id=CNS-A; legacy_mix_code=CNS-A; mixer_institution_code=CNS,false,,"No explicit participant-to-mixer identity mapping or creator/evaluator flag found in evaluations.csv, mixes.csv, retained feature table, or SCHEMA.md.",false,Institution equality alone was not used as self-rating evidence.
evaluation_d8ad269b438b,Lead Me,CNS-A,mix_8617440e42f5,participant_cns_cns_c,CNS,mixer_id=CNS-A; legacy_mix_code=CNS-A; mixer_institution_code=CNS,false,,"No explicit participant-to-mixer identity mapping or creator/evaluator flag found in evaluations.csv, mixes.csv, retained feature table, or SCHEMA.md.",false,Institution equality alone was not used as self-rating evidence.
evaluation_c26dfd513fec,Lead Me,CNS-A,mix_8617440e42f5,participant_cns_cns_l,CNS,mixer_id=CNS-A; legacy_mix_code=CNS-A; mixer_institution_code=CNS,false,,"No explicit participant-to-mixer identity mapping or creator/evaluator flag found in evaluations.csv, mixes.csv, retained feature table, or SCHEMA.md.",false,Institution equality alone was not used as self-rating evidence.
evaluation_4278b21ec213,Lead Me,CNS-A,mix_8617440e42f5,participant_cns_cns_b,CNS,mixer_id=CNS-A; legacy_mix_code=CNS-A; mixer_institution_code=CNS,false,,"No explicit participant-to-mixer identity mapping or creator/evaluator flag found in evaluations.csv, mixes.csv, retained feature table, or SCHEMA.md.",false,Institution equality alone was not used as self-rating evidence.
evaluation_3140673ee58e,Lead Me,CNS-A,mix_8617440e42f5,participant_cns_cns_pro,CNS,mixer_id=CNS-A; legacy_mix_code=CNS-A; mixer_institution_code=CNS,false,,"No explicit participant-to-mixer identity mapping or creator/evaluator flag found in evaluations.csv, mixes.csv, retained feature table, or SCHEMA.md.",false,Institution equality alone was not used as self-rating evidence.
evaluation_b08a58afaa71,Lead Me,CNS-A,mix_8617440e42f5,participant_cns_cns_f,CNS,mixer_id=CNS-A; legacy_mix_code=CNS-A; mixer_institution_code=CNS,false,,"No explicit participant-to-mixer identity mapping or creator/evaluator flag found in evaluations.csv, mixes.csv, retained feature table, or SCHEMA.md.",false,Institution equality alone was not used as self-rating evidence.
evaluation_b4666303b515,Lead Me,CNS-A,mix_8617440e42f5,participant_cns_cns_g,CNS,mixer_id=CNS-A; legacy_mix_code=CNS-A; mixer_institution_code=CNS,false,,"No explicit participant-to-mixer identity mapping or creator/evaluator flag found in evaluations.csv, mixes.csv, retained feature table, or SCHEMA.md.",false,Institution equality alone was not used as self-rating evidence.
evaluation_9fc94a5b1610,Lead Me,CNS-A,mix_8617440e42f5,participant_cns_cns_h,CNS,mixer_id=CNS-A; legacy_mix_code=CNS-A; mixer_institution_code=CNS,false,,"No explicit participant-to-mixer identity mapping or creator/evaluator flag found in evaluations.csv, mixes.csv, retained feature table, or SCHEMA.md.",false,Institution equality alone was not used as self-rating evidence.
evaluation_6b7d91e6653f,Lead Me,CNS-A,mix_8617440e42f5,participant_cns_cns_i,CNS,mixer_id=CNS-A; legacy_mix_code=CNS-A; mixer_institution_code=CNS,false,,"No explicit participant-to-mixer identity mapping or creator/evaluator flag found in evaluations.csv, mixes.csv, retained feature table, or SCHEMA.md.",false,Institution equality alone was not used as self-rating evidence.
evaluation_f0a274ec220c,Lead Me,CNS-A,mix_8617440e42f5,participant_cns_cns_a,CNS,mixer_id=CNS-A; legacy_mix_code=CNS-A; mixer_institution_code=CNS,false,,"No explicit participant-to-mixer identity mapping or creator/evaluator flag found in evaluations.csv, mixes.csv, retained feature table, or SCHEMA.md.",false,Institution equality alone was not used as self-rating evidence.
evaluation_91b81b3c4a22,Lead Me,CNS-A,mix_8617440e42f5,participant_cns_cns_e,CNS,mixer_id=CNS-A; legacy_mix_code=CNS-A; mixer_institution_code=CNS,false,,"No explicit participant-to-mixer identity mapping or creator/evaluator flag found in evaluations.csv, mixes.csv, retained feature table, or SCHEMA.md.",false,Institution equality alone was not used as self-rating evidence.
evaluation_db4a2f64f5e6,Lead Me,CNS-A,mix_8617440e42f5,participant_cns_cns_k,CNS,mixer_id=CNS-A; legacy_mix_code=CNS-A; mixer_institution_code=CNS,false,,"No explicit participant-to-mixer identity mapping or creator/evaluator flag found in evaluations.csv, mixes.csv, retained feature table, or SCHEMA.md.",false,Institution equality alone was not used as self-rating evidence.
evaluation_63ca6b9e0a3c,Lead Me,CNS-B,mix_7734100f29f3,participant_cns_cns_j,CNS,mixer_id=CNS-B; legacy_mix_code=CNS-B; mixer_institution_code=CNS,false,,"No explicit participant-to-mixer identity mapping or creator/evaluator flag found in evaluations.csv, mixes.csv, retained feature table, or SCHEMA.md.",false,Institution equality alone was not used as self-rating evidence.
evaluation_21dc90cf0948,Lead Me,CNS-B,mix_7734100f29f3,participant_cns_cns_5,CNS,mixer_id=CNS-B; legacy_mix_code=CNS-B; mixer_institution_code=CNS,false,,"No explicit participant-to-mixer identity mapping or creator/evaluator flag found in evaluations.csv, mixes.csv, retained feature table, or SCHEMA.md.",false,Institution equality alone was not used as self-rating evidence.
evaluation_23061e682d9e,Lead Me,CNS-B,mix_7734100f29f3,participant_cns_cns_d,CNS,mixer_id=CNS-B; legacy_mix_code=CNS-B; mixer_institution_code=CNS,false,,"No explicit participant-to-mixer identity mapping or creator/evaluator flag found in evaluations.csv, mixes.csv, retained feature table, or SCHEMA.md.",false,Institution equality alone was not used as self-rating evidence.
evaluation_8e56299a16d8,Lead Me,CNS-B,mix_7734100f29f3,participant_cns_cns_c,CNS,mixer_id=CNS-B; legacy_mix_code=CNS-B; mixer_institution_code=CNS,false,,"No explicit participant-to-mixer identity mapping or creator/evaluator flag found in evaluations.csv, mixes.csv, retained feature table, or SCHEMA.md.",false,Institution equality alone was not used as self-rating evidence.
evaluation_e8882ce03095,Lead Me,CNS-B,mix_7734100f29f3,participant_cns_cns_l,CNS,mixer_id=CNS-B; legacy_mix_code=CNS-B; mixer_institution_code=CNS,false,,"No explicit participant-to-mixer identity mapping or creator/evaluator flag found in evaluations.csv, mixes.csv, retained feature table, or SCHEMA.md.",false,Institution equality alone was not used as self-rating evidence.
evaluation_c854ecbb70e1,Lead Me,CNS-B,mix_7734100f29f3,participant_cns_cns_b,CNS,mixer_id=CNS-B; legacy_mix_code=CNS-B; mixer_institution_code=CNS,false,,"No explicit participant-to-mixer identity mapping or creator/evaluator flag found in evaluations.csv, mixes.csv, retained feature table, or SCHEMA.md.",false,Institution equality alone was not used as self-rating evidence.
evaluation_e25397cc5f16,Lead Me,CNS-B,mix_7734100f29f3,participant_cns_cns_pro,CNS,mixer_id=CNS-B; legacy_mix_code=CNS-B; mixer_institution_code=CNS,false,,"No explicit participant-to-mixer identity mapping or creator/evaluator flag found in evaluations.csv, mixes.csv, retained feature table, or SCHEMA.md.",false,Institution equality alone was not used as self-rating evidence.
evaluation_c9aa8b687aa9,Lead Me,CNS-B,mix_7734100f29f3,participant_cns_cns_f,CNS,mixer_id=CNS-B; legacy_mix_code=CNS-B; mixer_institution_code=CNS,false,,"No explicit participant-to-mixer identity mapping or creator/evaluator flag found in evaluations.csv, mixes.csv, retained feature table, or SCHEMA.md.",false,Institution equality alone was not used as self-rating evidence.
evaluation_3131d202c083,Lead Me,CNS-B,mix_7734100f29f3,participant_cns_cns_g,CNS,mixer_id=CNS-B; legacy_mix_code=CNS-B; mixer_institution_code=CNS,false,,"No explicit participant-to-mixer identity mapping or creator/evaluator flag found in evaluations.csv, mixes.csv, retained feature table, or SCHEMA.md.",false,Institution equality alone was not used as self-rating evidence.
evaluation_8e7317b095bc,Lead Me,CNS-B,mix_7734100f29f3,participant_cns_cns_h,CNS,mixer_id=CNS-B; legacy_mix_code=CNS-B; mixer_institution_code=CNS,false,,"No explicit participant-to-mixer identity mapping or creator/evaluator flag found in evaluations.csv, mixes.csv, retained feature table, or SCHEMA.md.",false,Institution equality alone was not used as self-rating evidence.
evaluation_3f2b1fe52b3f,Lead Me,CNS-B,mix_7734100f29f3,participant_cns_cns_i,CNS,mixer_id=CNS-B; legacy_mix_code=CNS-B; mixer_institution_code=CNS,false,,"No explicit participant-to-mixer identity mapping or creator/evaluator flag found in evaluations.csv, mixes.csv, retained feature table, or SCHEMA.md.",false,Institution equality alone was not used as self-rating evidence.
evaluation_f451a626c91e,Lead Me,CNS-B,mix_7734100f29f3,participant_cns_cns_a,CNS,mixer_id=CNS-B; legacy_mix_code=CNS-B; mixer_institution_code=CNS,false,,"No explicit participant-to-mixer identity mapping or creator/evaluator flag found in evaluations.csv, mixes.csv, retained feature table, or SCHEMA.md.",false,Institution equality alone was not used as self-rating evidence.
evaluation_4b242dc010ca,Lead Me,CNS-B,mix_7734100f29f3,participant_cns_cns_e,CNS,mixer_id=CNS-B; legacy_mix_code=CNS-B; mixer_institution_code=CNS,false,,"No explicit participant-to-mixer identity mapping or creator/evaluator flag found in evaluations.csv, mixes.csv, retained feature table, or SCHEMA.md.",false,Institution equality alone was not used as self-rating evidence.
evaluation_5d57e820b4a9,Lead Me,CNS-B,mix_7734100f29f3,participant_cns_cns_k,CNS,mixer_id=CNS-B; legacy_mix_code=CNS-B; mixer_institution_code=CNS,false,,"No explicit participant-to-mixer identity mapping or creator/evaluator flag found in evaluations.csv, mixes.csv, retained feature table, or SCHEMA.md.",false,Institution equality alone was not used as self-rating evidence.
evaluation_c594bdee6397,Lead Me,CNS-C,mix_824f6c7e53d0,participant_cns_cns_j,CNS,mixer_id=CNS-C; legacy_mix_code=CNS-C; mixer_institution_code=CNS,false,,"No explicit participant-to-mixer identity mapping or creator/evaluator flag found in evaluations.csv, mixes.csv, retained feature table, or SCHEMA.md.",false,Institution equality alone was not used as self-rating evidence.
evaluation_9a3b90e51fb0,Lead Me,CNS-C,mix_824f6c7e53d0,participant_cns_cns_5,CNS,mixer_id=CNS-C; legacy_mix_code=CNS-C; mixer_institution_code=CNS,false,,"No explicit participant-to-mixer identity mapping or creator/evaluator flag found in evaluations.csv, mixes.csv, retained feature table, or SCHEMA.md.",false,Institution equality alone was not used as self-rating evidence.
evaluation_6bd29443821b,Lead Me,CNS-C,mix_824f6c7e53d0,participant_cns_cns_d,CNS,mixer_id=CNS-C; legacy_mix_code=CNS-C; mixer_institution_code=CNS,false,,"No explicit participant-to-mixer identity mapping or creator/evaluator flag found in evaluations.csv, mixes.csv, retained feature table, or SCHEMA.md.",false,Institution equality alone was not used as self-rating evidence.
evaluation_f02aa4d0dc78,Lead Me,CNS-C,mix_824f6c7e53d0,participant_cns_cns_c,CNS,mixer_id=CNS-C; legacy_mix_code=CNS-C; mixer_institution_code=CNS,false,,"No explicit participant-to-mixer identity mapping or creator/evaluator flag found in evaluations.csv, mixes.csv, retained feature table, or SCHEMA.md.",false,Institution equality alone was not used as self-rating evidence.
evaluation_8205937c419f,Lead Me,CNS-C,mix_824f6c7e53d0,participant_cns_cns_l,CNS,mixer_id=CNS-C; legacy_mix_code=CNS-C; mixer_institution_code=CNS,false,,"No explicit participant-to-mixer identity mapping or creator/evaluator flag found in evaluations.csv, mixes.csv, retained feature table, or SCHEMA.md.",false,Institution equality alone was not used as self-rating evidence.
evaluation_e34dc192c039,Lead Me,CNS-C,mix_824f6c7e53d0,participant_cns_cns_b,CNS,mixer_id=CNS-C; legacy_mix_code=CNS-C; mixer_institution_code=CNS,false,,"No explicit participant-to-mixer identity mapping or creator/evaluator flag found in evaluations.csv, mixes.csv, retained feature table, or SCHEMA.md.",false,Institution equality alone was not used as self-rating evidence.
evaluation_4af4b162c3af,Lead Me,CNS-C,mix_824f6c7e53d0,participant_cns_cns_pro,CNS,mixer_id=CNS-C; legacy_mix_code=CNS-C; mixer_institution_code=CNS,false,,"No explicit participant-to-mixer identity mapping or creator/evaluator flag found in evaluations.csv, mixes.csv, retained feature table, or SCHEMA.md.",false,Institution equality alone was not used as self-rating evidence.
evaluation_ee10bc61161b,Lead Me,CNS-C,mix_824f6c7e53d0,participant_cns_cns_f,CNS,mixer_id=CNS-C; legacy_mix_code=CNS-C; mixer_institution_code=CNS,false,,"No explicit participant-to-mixer identity mapping or creator/evaluator flag found in evaluations.csv, mixes.csv, retained feature table, or SCHEMA.md.",false,Institution equality alone was not used as self-rating evidence.
evaluation_ceb6cfe96dfb,Lead Me,CNS-C,mix_824f6c7e53d0,participant_cns_cns_g,CNS,mixer_id=CNS-C; legacy_mix_code=CNS-C; mixer_institution_code=CNS,false,,"No explicit participant-to-mixer identity mapping or creator/evaluator flag found in evaluations.csv, mixes.csv, retained feature table, or SCHEMA.md.",false,Institution equality alone was not used as self-rating evidence.
evaluation_38f1aaf851a8,Lead Me,CNS-C,mix_824f6c7e53d0,participant_cns_cns_h,CNS,mixer_id=CNS-C; legacy_mix_code=CNS-C; mixer_institution_code=CNS,false,,"No explicit participant-to-mixer identity mapping or creator/evaluator flag found in evaluations.csv, mixes.csv, retained feature table, or SCHEMA.md.",false,Institution equality alone was not used as self-rating evidence.
evaluation_12b43f80cd08,Lead Me,CNS-C,mix_824f6c7e53d0,participant_cns_cns_i,CNS,mixer_id=CNS-C; legacy_mix_code=CNS-C; mixer_institution_code=CNS,false,,"No explicit participant-to-mixer identity mapping or creator/evaluator flag found in evaluations.csv, mixes.csv, retained feature table, or SCHEMA.md.",false,Institution equality alone was not used as self-rating evidence.
evaluation_1523e1bac5c8,Lead Me,CNS-C,mix_824f6c7e53d0,participant_cns_cns_a,CNS,mixer_id=CNS-C; legacy_mix_code=CNS-C; mixer_institution_code=CNS,false,,"No explicit participant-to-mixer identity mapping or creator/evaluator flag found in evaluations.csv, mixes.csv, retained feature table, or SCHEMA.md.",false,Institution equality alone was not used as self-rating evidence.
evaluation_614bfc42b153,Lead Me,CNS-C,mix_824f6c7e53d0,participant_cns_cns_e,CNS,mixer_id=CNS-C; legacy_mix_code=CNS-C; mixer_institution_code=CNS,false,,"No explicit participant-to-mixer identity mapping or creator/evaluator flag found in evaluations.csv, mixes.csv, retained feature table, or SCHEMA.md.",false,Institution equality alone was not used as self-rating evidence.
evaluation_c642bb2bd44c,Lead Me,CNS-C,mix_824f6c7e53d0,participant_cns_cns_k,CNS,mixer_id=CNS-C; legacy_mix_code=CNS-C; mixer_institution_code=CNS,false,,"No explicit participant-to-mixer identity mapping or creator/evaluator flag found in evaluations.csv, mixes.csv, retained feature table, or SCHEMA.md.",false,Institution equality alone was not used as self-rating evidence.
evaluation_d70acc9d1b30,Lead Me,CNS-D,mix_e81c71fd1462,participant_cns_cns_j,CNS,mixer_id=CNS-D; legacy_mix_code=CNS-D; mixer_institution_code=CNS,false,,"No explicit participant-to-mixer identity mapping or creator/evaluator flag found in evaluations.csv, mixes.csv, retained feature table, or SCHEMA.md.",false,Institution equality alone was not used as self-rating evidence.
evaluation_749878fc9f01,Lead Me,CNS-D,mix_e81c71fd1462,participant_cns_cns_5,CNS,mixer_id=CNS-D; legacy_mix_code=CNS-D; mixer_institution_code=CNS,false,,"No explicit participant-to-mixer identity mapping or creator/evaluator flag found in evaluations.csv, mixes.csv, retained feature table, or SCHEMA.md.",false,Institution equality alone was not used as self-rating evidence.
evaluation_3bfcc4980344,Lead Me,CNS-D,mix_e81c71fd1462,participant_cns_cns_d,CNS,mixer_id=CNS-D; legacy_mix_code=CNS-D; mixer_institution_code=CNS,false,,"No explicit participant-to-mixer identity mapping or creator/evaluator flag found in evaluations.csv, mixes.csv, retained feature table, or SCHEMA.md.",false,Institution equality alone was not used as self-rating evidence.
evaluation_3cb0ed3f9528,Lead Me,CNS-D,mix_e81c71fd1462,participant_cns_cns_c,CNS,mixer_id=CNS-D; legacy_mix_code=CNS-D; mixer_institution_code=CNS,false,,"No explicit participant-to-mixer identity mapping or creator/evaluator flag found in evaluations.csv, mixes.csv, retained feature table, or SCHEMA.md.",false,Institution equality alone was not used as self-rating evidence.
evaluation_ddb0f1df1208,Lead Me,CNS-D,mix_e81c71fd1462,participant_cns_cns_l,CNS,mixer_id=CNS-D; legacy_mix_code=CNS-D; mixer_institution_code=CNS,false,,"No explicit participant-to-mixer identity mapping or creator/evaluator flag found in evaluations.csv, mixes.csv, retained feature table, or SCHEMA.md.",false,Institution equality alone was not used as self-rating evidence.
evaluation_1d4f9257fbb3,Lead Me,CNS-D,mix_e81c71fd1462,participant_cns_cns_b,CNS,mixer_id=CNS-D; legacy_mix_code=CNS-D; mixer_institution_code=CNS,false,,"No explicit participant-to-mixer identity mapping or creator/evaluator flag found in evaluations.csv, mixes.csv, retained feature table, or SCHEMA.md.",false,Institution equality alone was not used as self-rating evidence.
evaluation_0ea174caa188,Lead Me,CNS-D,mix_e81c71fd1462,participant_cns_cns_pro,CNS,mixer_id=CNS-D; legacy_mix_code=CNS-D; mixer_institution_code=CNS,false,,"No explicit participant-to-mixer identity mapping or creator/evaluator flag found in evaluations.csv, mixes.csv, retained feature table, or SCHEMA.md.",false,Institution equality alone was not used as self-rating evidence.
evaluation_f8d29b0882d9,Lead Me,CNS-D,mix_e81c71fd1462,participant_cns_cns_f,CNS,mixer_id=CNS-D; legacy_mix_code=CNS-D; mixer_institution_code=CNS,false,,"No explicit participant-to-mixer identity mapping or creator/evaluator flag found in evaluations.csv, mixes.csv, retained feature table, or SCHEMA.md.",false,Institution equality alone was not used as self-rating evidence.
evaluation_01f125e7f86e,Lead Me,CNS-D,mix_e81c71fd1462,participant_cns_cns_g,CNS,mixer_id=CNS-D; legacy_mix_code=CNS-D; mixer_institution_code=CNS,false,,"No explicit participant-to-mixer identity mapping or creator/evaluator flag found in evaluations.csv, mixes.csv, retained feature table, or SCHEMA.md.",false,Institution equality alone was not used as self-rating evidence.
evaluation_177b9cbeca83,Lead Me,CNS-D,mix_e81c71fd1462,participant_cns_cns_h,CNS,mixer_id=CNS-D; legacy_mix_code=CNS-D; mixer_institution_code=CNS,false,,"No explicit participant-to-mixer identity mapping or creator/evaluator flag found in evaluations.csv, mixes.csv, retained feature table, or SCHEMA.md.",false,Institution equality alone was not used as self-rating evidence.
evaluation_7f2607446dc5,Lead Me,CNS-D,mix_e81c71fd1462,participant_cns_cns_i,CNS,mixer_id=CNS-D; legacy_mix_code=CNS-D; mixer_institution_code=CNS,false,,"No explicit participant-to-mixer identity mapping or creator/evaluator flag found in evaluations.csv, mixes.csv, retained feature table, or SCHEMA.md.",false,Institution equality alone was not used as self-rating evidence.
evaluation_976b73594c06,Lead Me,CNS-D,mix_e81c71fd1462,participant_cns_cns_a,CNS,mixer_id=CNS-D; legacy_mix_code=CNS-D; mixer_institution_code=CNS,false,,"No explicit participant-to-mixer identity mapping or creator/evaluator flag found in evaluations.csv, mixes.csv, retained feature table, or SCHEMA.md.",false,Institution equality alone was not used as self-rating evidence.
evaluation_bf17d9726315,Lead Me,CNS-D,mix_e81c71fd1462,participant_cns_cns_e,CNS,mixer_id=CNS-D; legacy_mix_code=CNS-D; mixer_institution_code=CNS,false,,"No explicit participant-to-mixer identity mapping or creator/evaluator flag found in evaluations.csv, mixes.csv, retained feature table, or SCHEMA.md.",false,Institution equality alone was not used as self-rating evidence.
evaluation_9f20f0cc106c,Lead Me,CNS-D,mix_e81c71fd1462,participant_cns_cns_k,CNS,mixer_id=CNS-D; legacy_mix_code=CNS-D; mixer_institution_code=CNS,false,,"No explicit participant-to-mixer identity mapping or creator/evaluator flag found in evaluations.csv, mixes.csv, retained feature table, or SCHEMA.md.",false,Institution equality alone was not used as self-rating evidence.
evaluation_0169c4a05131,Lead Me,DU-A,mix_8f1477339518,participant_du_du_g1,DU,mixer_id=DU-A; legacy_mix_code=DU-A; mixer_institution_code=DU,false,,"No explicit participant-to-mixer identity mapping or creator/evaluator flag found in evaluations.csv, mixes.csv, retained feature table, or SCHEMA.md.",false,Institution equality alone was not used as self-rating evidence.
evaluation_7d289249446a,Lead Me,DU-A,mix_8f1477339518,participant_du_du_k2,DU,mixer_id=DU-A; legacy_mix_code=DU-A; mixer_institution_code=DU,false,,"No explicit participant-to-mixer identity mapping or creator/evaluator flag found in evaluations.csv, mixes.csv, retained feature table, or SCHEMA.md.",false,Institution equality alone was not used as self-rating evidence.
evaluation_5b3242f89871,Lead Me,DU-A,mix_8f1477339518,participant_du_du_l1,DU,mixer_id=DU-A; legacy_mix_code=DU-A; mixer_institution_code=DU,false,,"No explicit participant-to-mixer identity mapping or creator/evaluator flag found in evaluations.csv, mixes.csv, retained feature table, or SCHEMA.md.",false,Institution equality alone was not used as self-rating evidence.
evaluation_2afbdc0a6dc3,Lead Me,DU-A,mix_8f1477339518,participant_du_du_c1,DU,mixer_id=DU-A; legacy_mix_code=DU-A; mixer_institution_code=DU,false,,"No explicit participant-to-mixer identity mapping or creator/evaluator flag found in evaluations.csv, mixes.csv, retained feature table, or SCHEMA.md.",false,Institution equality alone was not used as self-rating evidence.
evaluation_5fddfdb97844,Lead Me,DU-A,mix_8f1477339518,participant_du_du_f1,DU,mixer_id=DU-A; legacy_mix_code=DU-A; mixer_institution_code=DU,false,,"No explicit participant-to-mixer identity mapping or creator/evaluator flag found in evaluations.csv, mixes.csv, retained feature table, or SCHEMA.md.",false,Institution equality alone was not used as self-rating evidence.
evaluation_714a6471dc4b,Lead Me,DU-A,mix_8f1477339518,participant_du_du_u3,DU,mixer_id=DU-A; legacy_mix_code=DU-A; mixer_institution_code=DU,false,,"No explicit participant-to-mixer identity mapping or creator/evaluator flag found in evaluations.csv, mixes.csv, retained feature table, or SCHEMA.md.",false,Institution equality alone was not used as self-rating evidence.
evaluation_e7c010841baf,Lead Me,DU-A,mix_8f1477339518,participant_du_du_d1,DU,mixer_id=DU-A; legacy_mix_code=DU-A; mixer_institution_code=DU,false,,"No explicit participant-to-mixer identity mapping or creator/evaluator flag found in evaluations.csv, mixes.csv, retained feature table, or SCHEMA.md.",false,Institution equality alone was not used as self-rating evidence.
evaluation_3cb3a109d39c,Lead Me,DU-A,mix_8f1477339518,participant_du_du_r2,DU,mixer_id=DU-A; legacy_mix_code=DU-A; mixer_institution_code=DU,false,,"No explicit participant-to-mixer identity mapping or creator/evaluator flag found in evaluations.csv, mixes.csv, retained feature table, or SCHEMA.md.",false,Institution equality alone was not used as self-rating evidence.
evaluation_cd1de48e1bdd,Lead Me,DU-A,mix_8f1477339518,participant_du_du_s1,DU,mixer_id=DU-A; legacy_mix_code=DU-A; mixer_institution_code=DU,false,,"No explicit participant-to-mixer identity mapping or creator/evaluator flag found in evaluations.csv, mixes.csv, retained feature table, or SCHEMA.md.",false,Institution equality alone was not used as self-rating evidence.
evaluation_f3bc8c277e34,Lead Me,DU-A,mix_8f1477339518,participant_du_du_b1,DU,mixer_id=DU-A; legacy_mix_code=DU-A; mixer_institution_code=DU,false,,"No explicit participant-to-mixer identity mapping or creator/evaluator flag found in evaluations.csv, mixes.csv, retained feature table, or SCHEMA.md.",false,Institution equality alone was not used as self-rating evidence.
evaluation_3e7c55289a30,Lead Me,DU-A,mix_8f1477339518,participant_du_du_m1,DU,mixer_id=DU-A; legacy_mix_code=DU-A; mixer_institution_code=DU,false,,"No explicit participant-to-mixer identity mapping or creator/evaluator flag found in evaluations.csv, mixes.csv, retained feature table, or SCHEMA.md.",false,Institution equality alone was not used as self-rating evidence.
evaluation_93ad86ef0769,Lead Me,DU-A,mix_8f1477339518,participant_du_du_t1,DU,mixer_id=DU-A; legacy_mix_code=DU-A; mixer_institution_code=DU,false,,"No explicit participant-to-mixer identity mapping or creator/evaluator flag found in evaluations.csv, mixes.csv, retained feature table, or SCHEMA.md.",false,Institution equality alone was not used as self-rating evidence.
evaluation_5993a9c48031,Lead Me,DU-A,mix_8f1477339518,participant_du_du_n1,DU,mixer_id=DU-A; legacy_mix_code=DU-A; mixer_institution_code=DU,false,,"No explicit participant-to-mixer identity mapping or creator/evaluator flag found in evaluations.csv, mixes.csv, retained feature table, or SCHEMA.md.",false,Institution equality alone was not used as self-rating evidence.
evaluation_21cbe7cecb26,Lead Me,DU-A,mix_8f1477339518,participant_du_du_m2,DU,mixer_id=DU-A; legacy_mix_code=DU-A; mixer_institution_code=DU,false,,"No explicit participant-to-mixer identity mapping or creator/evaluator flag found in evaluations.csv, mixes.csv, retained feature table, or SCHEMA.md.",false,Institution equality alone was not used as self-rating evidence.
evaluation_2bcd37c1d608,Lead Me,DU-A,mix_8f1477339518,participant_du_du_h2,DU,mixer_id=DU-A; legacy_mix_code=DU-A; mixer_institution_code=DU,false,,"No explicit participant-to-mixer identity mapping or creator/evaluator flag found in evaluations.csv, mixes.csv, retained feature table, or SCHEMA.md.",false,Institution equality alone was not used as self-rating evidence.
evaluation_3d07fae92b25,Lead Me,DU-A,mix_8f1477339518,participant_du_du_q2,DU,mixer_id=DU-A; legacy_mix_code=DU-A; mixer_institution_code=DU,false,,"No explicit participant-to-mixer identity mapping or creator/evaluator flag found in evaluations.csv, mixes.csv, retained feature table, or SCHEMA.md.",false,Institution equality alone was not used as self-rating evidence.
evaluation_49d6164d27c6,Lead Me,DU-A,mix_8f1477339518,participant_du_du_t2,DU,mixer_id=DU-A; legacy_mix_code=DU-A; mixer_institution_code=DU,false,,"No explicit participant-to-mixer identity mapping or creator/evaluator flag found in evaluations.csv, mixes.csv, retained feature table, or SCHEMA.md.",false,Institution equality alone was not used as self-rating evidence.
evaluation_c73c7b5a3bc3,Lead Me,DU-A,mix_8f1477339518,participant_du_du_o2,DU,mixer_id=DU-A; legacy_mix_code=DU-A; mixer_institution_code=DU,false,,"No explicit participant-to-mixer identity mapping or creator/evaluator flag found in evaluations.csv, mixes.csv, retained feature table, or SCHEMA.md.",false,Institution equality alone was not used as self-rating evidence.
evaluation_e864fb23a402,Lead Me,DU-A,mix_8f1477339518,participant_du_du_p1,DU,mixer_id=DU-A; legacy_mix_code=DU-A; mixer_institution_code=DU,false,,"No explicit participant-to-mixer identity mapping or creator/evaluator flag found in evaluations.csv, mixes.csv, retained feature table, or SCHEMA.md.",false,Institution equality alone was not used as self-rating evidence.
evaluation_17722c4233f6,Lead Me,DU-A,mix_8f1477339518,participant_du_du_p2,DU,mixer_id=DU-A; legacy_mix_code=DU-A; mixer_institution_code=DU,false,,"No explicit participant-to-mixer identity mapping or creator/evaluator flag found in evaluations.csv, mixes.csv, retained feature table, or SCHEMA.md.",false,Institution equality alone was not used as self-rating evidence.
evaluation_cb1385b94317,Lead Me,DU-A,mix_8f1477339518,participant_du_du_i2,DU,mixer_id=DU-A; legacy_mix_code=DU-A; mixer_institution_code=DU,false,,"No explicit participant-to-mixer identity mapping or creator/evaluator flag found in evaluations.csv, mixes.csv, retained feature table, or SCHEMA.md.",false,Institution equality alone was not used as self-rating evidence.
evaluation_a587ae123932,Lead Me,DU-A,mix_8f1477339518,participant_du_du_c2,DU,mixer_id=DU-A; legacy_mix_code=DU-A; mixer_institution_code=DU,false,,"No explicit participant-to-mixer identity mapping or creator/evaluator flag found in evaluations.csv, mixes.csv, retained feature table, or SCHEMA.md.",false,Institution equality alone was not used as self-rating evidence.
evaluation_ec3edd9a0f36,Lead Me,DU-A,mix_8f1477339518,participant_du_du_k1,DU,mixer_id=DU-A; legacy_mix_code=DU-A; mixer_institution_code=DU,false,,"No explicit participant-to-mixer identity mapping or creator/evaluator flag found in evaluations.csv, mixes.csv, retained feature table, or SCHEMA.md.",false,Institution equality alone was not used as self-rating evidence.
evaluation_8d209df1042e,Lead Me,DU-A,mix_8f1477339518,participant_du_du_e1,DU,mixer_id=DU-A; legacy_mix_code=DU-A; mixer_institution_code=DU,false,,"No explicit participant-to-mixer identity mapping or creator/evaluator flag found in evaluations.csv, mixes.csv, retained feature table, or SCHEMA.md.",false,Institution equality alone was not used as self-rating evidence.
evaluation_6a36de509ebc,Lead Me,DU-A,mix_8f1477339518,participant_du_du_j2,DU,mixer_id=DU-A; legacy_mix_code=DU-A; mixer_institution_code=DU,false,,"No explicit participant-to-mixer identity mapping or creator/evaluator flag found in evaluations.csv, mixes.csv, retained feature table, or SCHEMA.md.",false,Institution equality alone was not used as self-rating evidence.
evaluation_3e1246a2c0eb,Lead Me,DU-A,mix_8f1477339518,participant_du_du_d2,DU,mixer_id=DU-A; legacy_mix_code=DU-A; mixer_institution_code=DU,false,,"No explicit participant-to-mixer identity mapping or creator/evaluator flag found in evaluations.csv, mixes.csv, retained feature table, or SCHEMA.md.",false,Institution equality alone was not used as self-rating evidence.
evaluation_b79c0408de73,Lead Me,DU-A,mix_8f1477339518,participant_du_du_o1,DU,mixer_id=DU-A; legacy_mix_code=DU-A; mixer_institution_code=DU,false,,"No explicit participant-to-mixer identity mapping or creator/evaluator flag found in evaluations.csv, mixes.csv, retained feature table, or SCHEMA.md.",false,Institution equality alone was not used as self-rating evidence.
evaluation_e2856dc5d42d,Lead Me,DU-A,mix_8f1477339518,participant_du_du_a2,DU,mixer_id=DU-A; legacy_mix_code=DU-A; mixer_institution_code=DU,false,,"No explicit participant-to-mixer identity mapping or creator/evaluator flag found in evaluations.csv, mixes.csv, retained feature table, or SCHEMA.md.",false,Institution equality alone was not used as self-rating evidence.
evaluation_41aab50e084a,Lead Me,DU-A,mix_8f1477339518,participant_du_du_s2,DU,mixer_id=DU-A; legacy_mix_code=DU-A; mixer_institution_code=DU,false,,"No explicit participant-to-mixer identity mapping or creator/evaluator flag found in evaluations.csv, mixes.csv, retained feature table, or SCHEMA.md.",false,Institution equality alone was not used as self-rating evidence.
evaluation_1c9c745775f5,Lead Me,DU-A,mix_8f1477339518,participant_du_du_u2,DU,mixer_id=DU-A; legacy_mix_code=DU-A; mixer_institution_code=DU,false,,"No explicit participant-to-mixer identity mapping or creator/evaluator flag found in evaluations.csv, mixes.csv, retained feature table, or SCHEMA.md.",false,Institution equality alone was not used as self-rating evidence.
evaluation_46a4815185d1,Lead Me,DU-A,mix_8f1477339518,participant_du_du_h1,DU,mixer_id=DU-A; legacy_mix_code=DU-A; mixer_institution_code=DU,false,,"No explicit participant-to-mixer identity mapping or creator/evaluator flag found in evaluations.csv, mixes.csv, retained feature table, or SCHEMA.md.",false,Institution equality alone was not used as self-rating evidence.
evaluation_e1b3a4fc3efb,Lead Me,DU-A,mix_8f1477339518,participant_du_du_u1,DU,mixer_id=DU-A; legacy_mix_code=DU-A; mixer_institution_code=DU,false,,"No explicit participant-to-mixer identity mapping or creator/evaluator flag found in evaluations.csv, mixes.csv, retained feature table, or SCHEMA.md.",false,Institution equality alone was not used as self-rating evidence.
evaluation_80fe9c38ecc3,Lead Me,DU-A,mix_8f1477339518,participant_du_du_g2,DU,mixer_id=DU-A; legacy_mix_code=DU-A; mixer_institution_code=DU,false,,"No explicit participant-to-mixer identity mapping or creator/evaluator flag found in evaluations.csv, mixes.csv, retained feature table, or SCHEMA.md.",false,Institution equality alone was not used as self-rating evidence.
evaluation_c9aa4f59e3a7,Lead Me,DU-A,mix_8f1477339518,participant_du_du_q1,DU,mixer_id=DU-A; legacy_mix_code=DU-A; mixer_institution_code=DU,false,,"No explicit participant-to-mixer identity mapping or creator/evaluator flag found in evaluations.csv, mixes.csv, retained feature table, or SCHEMA.md.",false,Institution equality alone was not used as self-rating evidence.
evaluation_4dfe94fc9b1e,Lead Me,DU-A,mix_8f1477339518,participant_du_du_f2,DU,mixer_id=DU-A; legacy_mix_code=DU-A; mixer_institution_code=DU,false,,"No explicit participant-to-mixer identity mapping or creator/evaluator flag found in evaluations.csv, mixes.csv, retained feature table, or SCHEMA.md.",false,Institution equality alone was not used as self-rating evidence.
evaluation_b9bc72c9aed1,Lead Me,DU-A,mix_8f1477339518,participant_du_du_r1,DU,mixer_id=DU-A; legacy_mix_code=DU-A; mixer_institution_code=DU,false,,"No explicit participant-to-mixer identity mapping or creator/evaluator flag found in evaluations.csv, mixes.csv, retained feature table, or SCHEMA.md.",false,Institution equality alone was not used as self-rating evidence.
evaluation_f2a4f00674d9,Lead Me,DU-A,mix_8f1477339518,participant_du_du_l2,DU,mixer_id=DU-A; legacy_mix_code=DU-A; mixer_institution_code=DU,false,,"No explicit participant-to-mixer identity mapping or creator/evaluator flag found in evaluations.csv, mixes.csv, retained feature table, or SCHEMA.md.",false,Institution equality alone was not used as self-rating evidence.
evaluation_e4f8a7690431,Lead Me,DU-A,mix_8f1477339518,participant_du_du_b2,DU,mixer_id=DU-A; legacy_mix_code=DU-A; mixer_institution_code=DU,false,,"No explicit participant-to-mixer identity mapping or creator/evaluator flag found in evaluations.csv, mixes.csv, retained feature table, or SCHEMA.md.",false,Institution equality alone was not used as self-rating evidence.
evaluation_cf0b24f81631,Lead Me,DU-A,mix_8f1477339518,participant_du_du_a1,DU,mixer_id=DU-A; legacy_mix_code=DU-A; mixer_institution_code=DU,false,,"No explicit participant-to-mixer identity mapping or creator/evaluator flag found in evaluations.csv, mixes.csv, retained feature table, or SCHEMA.md.",false,Institution equality alone was not used as self-rating evidence.
evaluation_c6fe93df16c5,Lead Me,DU-B,mix_7cdfb2503e88,participant_du_du_g1,DU,mixer_id=DU-B; legacy_mix_code=DU-B; mixer_institution_code=DU,false,,"No explicit participant-to-mixer identity mapping or creator/evaluator flag found in evaluations.csv, mixes.csv, retained feature table, or SCHEMA.md.",false,Institution equality alone was not used as self-rating evidence.
evaluation_40a56a958627,Lead Me,DU-B,mix_7cdfb2503e88,participant_du_du_k2,DU,mixer_id=DU-B; legacy_mix_code=DU-B; mixer_institution_code=DU,false,,"No explicit participant-to-mixer identity mapping or creator/evaluator flag found in evaluations.csv, mixes.csv, retained feature table, or SCHEMA.md.",false,Institution equality alone was not used as self-rating evidence.
evaluation_d0b1fde43555,Lead Me,DU-B,mix_7cdfb2503e88,participant_du_du_l1,DU,mixer_id=DU-B; legacy_mix_code=DU-B; mixer_institution_code=DU,false,,"No explicit participant-to-mixer identity mapping or creator/evaluator flag found in evaluations.csv, mixes.csv, retained feature table, or SCHEMA.md.",false,Institution equality alone was not used as self-rating evidence.
evaluation_f18858beefb1,Lead Me,DU-B,mix_7cdfb2503e88,participant_du_du_c1,DU,mixer_id=DU-B; legacy_mix_code=DU-B; mixer_institution_code=DU,false,,"No explicit participant-to-mixer identity mapping or creator/evaluator flag found in evaluations.csv, mixes.csv, retained feature table, or SCHEMA.md.",false,Institution equality alone was not used as self-rating evidence.
evaluation_9d94e31da9a5,Lead Me,DU-B,mix_7cdfb2503e88,participant_du_du_f1,DU,mixer_id=DU-B; legacy_mix_code=DU-B; mixer_institution_code=DU,false,,"No explicit participant-to-mixer identity mapping or creator/evaluator flag found in evaluations.csv, mixes.csv, retained feature table, or SCHEMA.md.",false,Institution equality alone was not used as self-rating evidence.
evaluation_e7c293503d32,Lead Me,DU-B,mix_7cdfb2503e88,participant_du_du_u3,DU,mixer_id=DU-B; legacy_mix_code=DU-B; mixer_institution_code=DU,false,,"No explicit participant-to-mixer identity mapping or creator/evaluator flag found in evaluations.csv, mixes.csv, retained feature table, or SCHEMA.md.",false,Institution equality alone was not used as self-rating evidence.
evaluation_d661169c26fc,Lead Me,DU-B,mix_7cdfb2503e88,participant_du_du_d1,DU,mixer_id=DU-B; legacy_mix_code=DU-B; mixer_institution_code=DU,false,,"No explicit participant-to-mixer identity mapping or creator/evaluator flag found in evaluations.csv, mixes.csv, retained feature table, or SCHEMA.md.",false,Institution equality alone was not used as self-rating evidence.
evaluation_cea882c5c411,Lead Me,DU-B,mix_7cdfb2503e88,participant_du_du_r2,DU,mixer_id=DU-B; legacy_mix_code=DU-B; mixer_institution_code=DU,false,,"No explicit participant-to-mixer identity mapping or creator/evaluator flag found in evaluations.csv, mixes.csv, retained feature table, or SCHEMA.md.",false,Institution equality alone was not used as self-rating evidence.
evaluation_fd23708beb38,Lead Me,DU-B,mix_7cdfb2503e88,participant_du_du_s1,DU,mixer_id=DU-B; legacy_mix_code=DU-B; mixer_institution_code=DU,false,,"No explicit participant-to-mixer identity mapping or creator/evaluator flag found in evaluations.csv, mixes.csv, retained feature table, or SCHEMA.md.",false,Institution equality alone was not used as self-rating evidence.
evaluation_3b4dd6cf12b1,Lead Me,DU-B,mix_7cdfb2503e88,participant_du_du_b1,DU,mixer_id=DU-B; legacy_mix_code=DU-B; mixer_institution_code=DU,false,,"No explicit participant-to-mixer identity mapping or creator/evaluator flag found in evaluations.csv, mixes.csv, retained feature table, or SCHEMA.md.",false,Institution equality alone was not used as self-rating evidence.
evaluation_3ae96bfacd37,Lead Me,DU-B,mix_7cdfb2503e88,participant_du_du_m1,DU,mixer_id=DU-B; legacy_mix_code=DU-B; mixer_institution_code=DU,false,,"No explicit participant-to-mixer identity mapping or creator/evaluator flag found in evaluations.csv, mixes.csv, retained feature table, or SCHEMA.md.",false,Institution equality alone was not used as self-rating evidence.
evaluation_590f162dd095,Lead Me,DU-B,mix_7cdfb2503e88,participant_du_du_t1,DU,mixer_id=DU-B; legacy_mix_code=DU-B; mixer_institution_code=DU,false,,"No explicit participant-to-mixer identity mapping or creator/evaluator flag found in evaluations.csv, mixes.csv, retained feature table, or SCHEMA.md.",false,Institution equality alone was not used as self-rating evidence.
evaluation_5f38c3462971,Lead Me,DU-B,mix_7cdfb2503e88,participant_du_du_n1,DU,mixer_id=DU-B; legacy_mix_code=DU-B; mixer_institution_code=DU,false,,"No explicit participant-to-mixer identity mapping or creator/evaluator flag found in evaluations.csv, mixes.csv, retained feature table, or SCHEMA.md.",false,Institution equality alone was not used as self-rating evidence.
evaluation_73bb1af4272d,Lead Me,DU-B,mix_7cdfb2503e88,participant_du_du_m2,DU,mixer_id=DU-B; legacy_mix_code=DU-B; mixer_institution_code=DU,false,,"No explicit participant-to-mixer identity mapping or creator/evaluator flag found in evaluations.csv, mixes.csv, retained feature table, or SCHEMA.md.",false,Institution equality alone was not used as self-rating evidence.
evaluation_f74fec748932,Lead Me,DU-B,mix_7cdfb2503e88,participant_du_du_h2,DU,mixer_id=DU-B; legacy_mix_code=DU-B; mixer_institution_code=DU,false,,"No explicit participant-to-mixer identity mapping or creator/evaluator flag found in evaluations.csv, mixes.csv, retained feature table, or SCHEMA.md.",false,Institution equality alone was not used as self-rating evidence.
evaluation_e899e3da2080,Lead Me,DU-B,mix_7cdfb2503e88,participant_du_du_q2,DU,mixer_id=DU-B; legacy_mix_code=DU-B; mixer_institution_code=DU,false,,"No explicit participant-to-mixer identity mapping or creator/evaluator flag found in evaluations.csv, mixes.csv, retained feature table, or SCHEMA.md.",false,Institution equality alone was not used as self-rating evidence.
evaluation_8c273a40343d,Lead Me,DU-B,mix_7cdfb2503e88,participant_du_du_t2,DU,mixer_id=DU-B; legacy_mix_code=DU-B; mixer_institution_code=DU,false,,"No explicit participant-to-mixer identity mapping or creator/evaluator flag found in evaluations.csv, mixes.csv, retained feature table, or SCHEMA.md.",false,Institution equality alone was not used as self-rating evidence.
evaluation_29411240cc0e,Lead Me,DU-B,mix_7cdfb2503e88,participant_du_du_o2,DU,mixer_id=DU-B; legacy_mix_code=DU-B; mixer_institution_code=DU,false,,"No explicit participant-to-mixer identity mapping or creator/evaluator flag found in evaluations.csv, mixes.csv, retained feature table, or SCHEMA.md.",false,Institution equality alone was not used as self-rating evidence.
evaluation_a07bcade0496,Lead Me,DU-B,mix_7cdfb2503e88,participant_du_du_p1,DU,mixer_id=DU-B; legacy_mix_code=DU-B; mixer_institution_code=DU,false,,"No explicit participant-to-mixer identity mapping or creator/evaluator flag found in evaluations.csv, mixes.csv, retained feature table, or SCHEMA.md.",false,Institution equality alone was not used as self-rating evidence.
evaluation_907fdb33a872,Lead Me,DU-B,mix_7cdfb2503e88,participant_du_du_p2,DU,mixer_id=DU-B; legacy_mix_code=DU-B; mixer_institution_code=DU,false,,"No explicit participant-to-mixer identity mapping or creator/evaluator flag found in evaluations.csv, mixes.csv, retained feature table, or SCHEMA.md.",false,Institution equality alone was not used as self-rating evidence.
evaluation_f1cf85e585aa,Lead Me,DU-B,mix_7cdfb2503e88,participant_du_du_i2,DU,mixer_id=DU-B; legacy_mix_code=DU-B; mixer_institution_code=DU,false,,"No explicit participant-to-mixer identity mapping or creator/evaluator flag found in evaluations.csv, mixes.csv, retained feature table, or SCHEMA.md.",false,Institution equality alone was not used as self-rating evidence.
evaluation_fb5f8ba1d486,Lead Me,DU-B,mix_7cdfb2503e88,participant_du_du_c2,DU,mixer_id=DU-B; legacy_mix_code=DU-B; mixer_institution_code=DU,false,,"No explicit participant-to-mixer identity mapping or creator/evaluator flag found in evaluations.csv, mixes.csv, retained feature table, or SCHEMA.md.",false,Institution equality alone was not used as self-rating evidence.
evaluation_aaae3eab7513,Lead Me,DU-B,mix_7cdfb2503e88,participant_du_du_k1,DU,mixer_id=DU-B; legacy_mix_code=DU-B; mixer_institution_code=DU,false,,"No explicit participant-to-mixer identity mapping or creator/evaluator flag found in evaluations.csv, mixes.csv, retained feature table, or SCHEMA.md.",false,Institution equality alone was not used as self-rating evidence.
evaluation_a8e448394020,Lead Me,DU-B,mix_7cdfb2503e88,participant_du_du_e1,DU,mixer_id=DU-B; legacy_mix_code=DU-B; mixer_institution_code=DU,false,,"No explicit participant-to-mixer identity mapping or creator/evaluator flag found in evaluations.csv, mixes.csv, retained feature table, or SCHEMA.md.",false,Institution equality alone was not used as self-rating evidence.
evaluation_aad6e816006e,Lead Me,DU-B,mix_7cdfb2503e88,participant_du_du_j2,DU,mixer_id=DU-B; legacy_mix_code=DU-B; mixer_institution_code=DU,false,,"No explicit participant-to-mixer identity mapping or creator/evaluator flag found in evaluations.csv, mixes.csv, retained feature table, or SCHEMA.md.",false,Institution equality alone was not used as self-rating evidence.
evaluation_f445166ba54c,Lead Me,DU-B,mix_7cdfb2503e88,participant_du_du_d2,DU,mixer_id=DU-B; legacy_mix_code=DU-B; mixer_institution_code=DU,false,,"No explicit participant-to-mixer identity mapping or creator/evaluator flag found in evaluations.csv, mixes.csv, retained feature table, or SCHEMA.md.",false,Institution equality alone was not used as self-rating evidence.
evaluation_1dd87960d9df,Lead Me,DU-B,mix_7cdfb2503e88,participant_du_du_o1,DU,mixer_id=DU-B; legacy_mix_code=DU-B; mixer_institution_code=DU,false,,"No explicit participant-to-mixer identity mapping or creator/evaluator flag found in evaluations.csv, mixes.csv, retained feature table, or SCHEMA.md.",false,Institution equality alone was not used as self-rating evidence.
evaluation_41e701910a0f,Lead Me,DU-B,mix_7cdfb2503e88,participant_du_du_a2,DU,mixer_id=DU-B; legacy_mix_code=DU-B; mixer_institution_code=DU,false,,"No explicit participant-to-mixer identity mapping or creator/evaluator flag found in evaluations.csv, mixes.csv, retained feature table, or SCHEMA.md.",false,Institution equality alone was not used as self-rating evidence.
evaluation_0ce0041bbcba,Lead Me,DU-B,mix_7cdfb2503e88,participant_du_du_s2,DU,mixer_id=DU-B; legacy_mix_code=DU-B; mixer_institution_code=DU,false,,"No explicit participant-to-mixer identity mapping or creator/evaluator flag found in evaluations.csv, mixes.csv, retained feature table, or SCHEMA.md.",false,Institution equality alone was not used as self-rating evidence.
evaluation_66bee774ae87,Lead Me,DU-B,mix_7cdfb2503e88,participant_du_du_u2,DU,mixer_id=DU-B; legacy_mix_code=DU-B; mixer_institution_code=DU,false,,"No explicit participant-to-mixer identity mapping or creator/evaluator flag found in evaluations.csv, mixes.csv, retained feature table, or SCHEMA.md.",false,Institution equality alone was not used as self-rating evidence.
evaluation_abd3e0dd0797,Lead Me,DU-B,mix_7cdfb2503e88,participant_du_du_h1,DU,mixer_id=DU-B; legacy_mix_code=DU-B; mixer_institution_code=DU,false,,"No explicit participant-to-mixer identity mapping or creator/evaluator flag found in evaluations.csv, mixes.csv, retained feature table, or SCHEMA.md.",false,Institution equality alone was not used as self-rating evidence.
evaluation_4ac18267f4be,Lead Me,DU-B,mix_7cdfb2503e88,participant_du_du_u1,DU,mixer_id=DU-B; legacy_mix_code=DU-B; mixer_institution_code=DU,false,,"No explicit participant-to-mixer identity mapping or creator/evaluator flag found in evaluations.csv, mixes.csv, retained feature table, or SCHEMA.md.",false,Institution equality alone was not used as self-rating evidence.
evaluation_e430fd7aeb87,Lead Me,DU-B,mix_7cdfb2503e88,participant_du_du_g2,DU,mixer_id=DU-B; legacy_mix_code=DU-B; mixer_institution_code=DU,false,,"No explicit participant-to-mixer identity mapping or creator/evaluator flag found in evaluations.csv, mixes.csv, retained feature table, or SCHEMA.md.",false,Institution equality alone was not used as self-rating evidence.
evaluation_940f9cb5b7d3,Lead Me,DU-B,mix_7cdfb2503e88,participant_du_du_q1,DU,mixer_id=DU-B; legacy_mix_code=DU-B; mixer_institution_code=DU,false,,"No explicit participant-to-mixer identity mapping or creator/evaluator flag found in evaluations.csv, mixes.csv, retained feature table, or SCHEMA.md.",false,Institution equality alone was not used as self-rating evidence.
evaluation_d3d3b2980a62,Lead Me,DU-B,mix_7cdfb2503e88,participant_du_du_f2,DU,mixer_id=DU-B; legacy_mix_code=DU-B; mixer_institution_code=DU,false,,"No explicit participant-to-mixer identity mapping or creator/evaluator flag found in evaluations.csv, mixes.csv, retained feature table, or SCHEMA.md.",false,Institution equality alone was not used as self-rating evidence.
evaluation_6d92add8b9f5,Lead Me,DU-B,mix_7cdfb2503e88,participant_du_du_r1,DU,mixer_id=DU-B; legacy_mix_code=DU-B; mixer_institution_code=DU,false,,"No explicit participant-to-mixer identity mapping or creator/evaluator flag found in evaluations.csv, mixes.csv, retained feature table, or SCHEMA.md.",false,Institution equality alone was not used as self-rating evidence.
evaluation_0d6d1bbcef42,Lead Me,DU-B,mix_7cdfb2503e88,participant_du_du_l2,DU,mixer_id=DU-B; legacy_mix_code=DU-B; mixer_institution_code=DU,false,,"No explicit participant-to-mixer identity mapping or creator/evaluator flag found in evaluations.csv, mixes.csv, retained feature table, or SCHEMA.md.",false,Institution equality alone was not used as self-rating evidence.
evaluation_ca4bb683b191,Lead Me,DU-B,mix_7cdfb2503e88,participant_du_du_b2,DU,mixer_id=DU-B; legacy_mix_code=DU-B; mixer_institution_code=DU,false,,"No explicit participant-to-mixer identity mapping or creator/evaluator flag found in evaluations.csv, mixes.csv, retained feature table, or SCHEMA.md.",false,Institution equality alone was not used as self-rating evidence.
evaluation_466f911c53d4,Lead Me,DU-B,mix_7cdfb2503e88,participant_du_du_a1,DU,mixer_id=DU-B; legacy_mix_code=DU-B; mixer_institution_code=DU,false,,"No explicit participant-to-mixer identity mapping or creator/evaluator flag found in evaluations.csv, mixes.csv, retained feature table, or SCHEMA.md.",false,Institution equality alone was not used as self-rating evidence.
evaluation_b637cc0b87fb,Lead Me,DU-C,mix_a321c1267965,participant_du_du_g1,DU,mixer_id=DU-C; legacy_mix_code=DU-C; mixer_institution_code=DU,false,,"No explicit participant-to-mixer identity mapping or creator/evaluator flag found in evaluations.csv, mixes.csv, retained feature table, or SCHEMA.md.",false,Institution equality alone was not used as self-rating evidence.
evaluation_6adc69c784f1,Lead Me,DU-C,mix_a321c1267965,participant_du_du_k2,DU,mixer_id=DU-C; legacy_mix_code=DU-C; mixer_institution_code=DU,false,,"No explicit participant-to-mixer identity mapping or creator/evaluator flag found in evaluations.csv, mixes.csv, retained feature table, or SCHEMA.md.",false,Institution equality alone was not used as self-rating evidence.
evaluation_8b078df38177,Lead Me,DU-C,mix_a321c1267965,participant_du_du_l1,DU,mixer_id=DU-C; legacy_mix_code=DU-C; mixer_institution_code=DU,false,,"No explicit participant-to-mixer identity mapping or creator/evaluator flag found in evaluations.csv, mixes.csv, retained feature table, or SCHEMA.md.",false,Institution equality alone was not used as self-rating evidence.
evaluation_1092ff46485b,Lead Me,DU-C,mix_a321c1267965,participant_du_du_c1,DU,mixer_id=DU-C; legacy_mix_code=DU-C; mixer_institution_code=DU,false,,"No explicit participant-to-mixer identity mapping or creator/evaluator flag found in evaluations.csv, mixes.csv, retained feature table, or SCHEMA.md.",false,Institution equality alone was not used as self-rating evidence.
evaluation_f4b636a52fac,Lead Me,DU-C,mix_a321c1267965,participant_du_du_f1,DU,mixer_id=DU-C; legacy_mix_code=DU-C; mixer_institution_code=DU,false,,"No explicit participant-to-mixer identity mapping or creator/evaluator flag found in evaluations.csv, mixes.csv, retained feature table, or SCHEMA.md.",false,Institution equality alone was not used as self-rating evidence.
evaluation_41452660fb8d,Lead Me,DU-C,mix_a321c1267965,participant_du_du_u3,DU,mixer_id=DU-C; legacy_mix_code=DU-C; mixer_institution_code=DU,false,,"No explicit participant-to-mixer identity mapping or creator/evaluator flag found in evaluations.csv, mixes.csv, retained feature table, or SCHEMA.md.",false,Institution equality alone was not used as self-rating evidence.
evaluation_f79e2ea2d62e,Lead Me,DU-C,mix_a321c1267965,participant_du_du_d1,DU,mixer_id=DU-C; legacy_mix_code=DU-C; mixer_institution_code=DU,false,,"No explicit participant-to-mixer identity mapping or creator/evaluator flag found in evaluations.csv, mixes.csv, retained feature table, or SCHEMA.md.",false,Institution equality alone was not used as self-rating evidence.
evaluation_ec322d30ece1,Lead Me,DU-C,mix_a321c1267965,participant_du_du_r2,DU,mixer_id=DU-C; legacy_mix_code=DU-C; mixer_institution_code=DU,false,,"No explicit participant-to-mixer identity mapping or creator/evaluator flag found in evaluations.csv, mixes.csv, retained feature table, or SCHEMA.md.",false,Institution equality alone was not used as self-rating evidence.
evaluation_6467e870a063,Lead Me,DU-C,mix_a321c1267965,participant_du_du_s1,DU,mixer_id=DU-C; legacy_mix_code=DU-C; mixer_institution_code=DU,false,,"No explicit participant-to-mixer identity mapping or creator/evaluator flag found in evaluations.csv, mixes.csv, retained feature table, or SCHEMA.md.",false,Institution equality alone was not used as self-rating evidence.
evaluation_105247b21e5a,Lead Me,DU-C,mix_a321c1267965,participant_du_du_b1,DU,mixer_id=DU-C; legacy_mix_code=DU-C; mixer_institution_code=DU,false,,"No explicit participant-to-mixer identity mapping or creator/evaluator flag found in evaluations.csv, mixes.csv, retained feature table, or SCHEMA.md.",false,Institution equality alone was not used as self-rating evidence.
evaluation_190990577c08,Lead Me,DU-C,mix_a321c1267965,participant_du_du_m1,DU,mixer_id=DU-C; legacy_mix_code=DU-C; mixer_institution_code=DU,false,,"No explicit participant-to-mixer identity mapping or creator/evaluator flag found in evaluations.csv, mixes.csv, retained feature table, or SCHEMA.md.",false,Institution equality alone was not used as self-rating evidence.
evaluation_42453a86f7ed,Lead Me,DU-C,mix_a321c1267965,participant_du_du_t1,DU,mixer_id=DU-C; legacy_mix_code=DU-C; mixer_institution_code=DU,false,,"No explicit participant-to-mixer identity mapping or creator/evaluator flag found in evaluations.csv, mixes.csv, retained feature table, or SCHEMA.md.",false,Institution equality alone was not used as self-rating evidence.
evaluation_6d888c396cf0,Lead Me,DU-C,mix_a321c1267965,participant_du_du_n1,DU,mixer_id=DU-C; legacy_mix_code=DU-C; mixer_institution_code=DU,false,,"No explicit participant-to-mixer identity mapping or creator/evaluator flag found in evaluations.csv, mixes.csv, retained feature table, or SCHEMA.md.",false,Institution equality alone was not used as self-rating evidence.
evaluation_449f1fb5ee76,Lead Me,DU-C,mix_a321c1267965,participant_du_du_m2,DU,mixer_id=DU-C; legacy_mix_code=DU-C; mixer_institution_code=DU,false,,"No explicit participant-to-mixer identity mapping or creator/evaluator flag found in evaluations.csv, mixes.csv, retained feature table, or SCHEMA.md.",false,Institution equality alone was not used as self-rating evidence.
evaluation_3d697a82ddaf,Lead Me,DU-C,mix_a321c1267965,participant_du_du_h2,DU,mixer_id=DU-C; legacy_mix_code=DU-C; mixer_institution_code=DU,false,,"No explicit participant-to-mixer identity mapping or creator/evaluator flag found in evaluations.csv, mixes.csv, retained feature table, or SCHEMA.md.",false,Institution equality alone was not used as self-rating evidence.
evaluation_141874ec9464,Lead Me,DU-C,mix_a321c1267965,participant_du_du_q2,DU,mixer_id=DU-C; legacy_mix_code=DU-C; mixer_institution_code=DU,false,,"No explicit participant-to-mixer identity mapping or creator/evaluator flag found in evaluations.csv, mixes.csv, retained feature table, or SCHEMA.md.",false,Institution equality alone was not used as self-rating evidence.
evaluation_e42f5615c19b,Lead Me,DU-C,mix_a321c1267965,participant_du_du_t2,DU,mixer_id=DU-C; legacy_mix_code=DU-C; mixer_institution_code=DU,false,,"No explicit participant-to-mixer identity mapping or creator/evaluator flag found in evaluations.csv, mixes.csv, retained feature table, or SCHEMA.md.",false,Institution equality alone was not used as self-rating evidence.
evaluation_15182a9ad422,Lead Me,DU-C,mix_a321c1267965,participant_du_du_o2,DU,mixer_id=DU-C; legacy_mix_code=DU-C; mixer_institution_code=DU,false,,"No explicit participant-to-mixer identity mapping or creator/evaluator flag found in evaluations.csv, mixes.csv, retained feature table, or SCHEMA.md.",false,Institution equality alone was not used as self-rating evidence.
evaluation_a24f4f5ddea4,Lead Me,DU-C,mix_a321c1267965,participant_du_du_p1,DU,mixer_id=DU-C; legacy_mix_code=DU-C; mixer_institution_code=DU,false,,"No explicit participant-to-mixer identity mapping or creator/evaluator flag found in evaluations.csv, mixes.csv, retained feature table, or SCHEMA.md.",false,Institution equality alone was not used as self-rating evidence.
evaluation_00ad143f941e,Lead Me,DU-C,mix_a321c1267965,participant_du_du_p2,DU,mixer_id=DU-C; legacy_mix_code=DU-C; mixer_institution_code=DU,false,,"No explicit participant-to-mixer identity mapping or creator/evaluator flag found in evaluations.csv, mixes.csv, retained feature table, or SCHEMA.md.",false,Institution equality alone was not used as self-rating evidence.
evaluation_1bb873d60814,Lead Me,DU-C,mix_a321c1267965,participant_du_du_i2,DU,mixer_id=DU-C; legacy_mix_code=DU-C; mixer_institution_code=DU,false,,"No explicit participant-to-mixer identity mapping or creator/evaluator flag found in evaluations.csv, mixes.csv, retained feature table, or SCHEMA.md.",false,Institution equality alone was not used as self-rating evidence.
evaluation_4ee03d0dbca3,Lead Me,DU-C,mix_a321c1267965,participant_du_du_c2,DU,mixer_id=DU-C; legacy_mix_code=DU-C; mixer_institution_code=DU,false,,"No explicit participant-to-mixer identity mapping or creator/evaluator flag found in evaluations.csv, mixes.csv, retained feature table, or SCHEMA.md.",false,Institution equality alone was not used as self-rating evidence.
evaluation_2cf272f45a90,Lead Me,DU-C,mix_a321c1267965,participant_du_du_k1,DU,mixer_id=DU-C; legacy_mix_code=DU-C; mixer_institution_code=DU,false,,"No explicit participant-to-mixer identity mapping or creator/evaluator flag found in evaluations.csv, mixes.csv, retained feature table, or SCHEMA.md.",false,Institution equality alone was not used as self-rating evidence.
evaluation_636655854a0e,Lead Me,DU-C,mix_a321c1267965,participant_du_du_e1,DU,mixer_id=DU-C; legacy_mix_code=DU-C; mixer_institution_code=DU,false,,"No explicit participant-to-mixer identity mapping or creator/evaluator flag found in evaluations.csv, mixes.csv, retained feature table, or SCHEMA.md.",false,Institution equality alone was not used as self-rating evidence.
evaluation_fe1c52bd83a6,Lead Me,DU-C,mix_a321c1267965,participant_du_du_j2,DU,mixer_id=DU-C; legacy_mix_code=DU-C; mixer_institution_code=DU,false,,"No explicit participant-to-mixer identity mapping or creator/evaluator flag found in evaluations.csv, mixes.csv, retained feature table, or SCHEMA.md.",false,Institution equality alone was not used as self-rating evidence.
evaluation_04187d0baf6f,Lead Me,DU-C,mix_a321c1267965,participant_du_du_d2,DU,mixer_id=DU-C; legacy_mix_code=DU-C; mixer_institution_code=DU,false,,"No explicit participant-to-mixer identity mapping or creator/evaluator flag found in evaluations.csv, mixes.csv, retained feature table, or SCHEMA.md.",false,Institution equality alone was not used as self-rating evidence.
evaluation_0676a9bf5903,Lead Me,DU-C,mix_a321c1267965,participant_du_du_o1,DU,mixer_id=DU-C; legacy_mix_code=DU-C; mixer_institution_code=DU,false,,"No explicit participant-to-mixer identity mapping or creator/evaluator flag found in evaluations.csv, mixes.csv, retained feature table, or SCHEMA.md.",false,Institution equality alone was not used as self-rating evidence.
evaluation_18e398634add,Lead Me,DU-C,mix_a321c1267965,participant_du_du_a2,DU,mixer_id=DU-C; legacy_mix_code=DU-C; mixer_institution_code=DU,false,,"No explicit participant-to-mixer identity mapping or creator/evaluator flag found in evaluations.csv, mixes.csv, retained feature table, or SCHEMA.md.",false,Institution equality alone was not used as self-rating evidence.
evaluation_d5f1af236c68,Lead Me,DU-C,mix_a321c1267965,participant_du_du_s2,DU,mixer_id=DU-C; legacy_mix_code=DU-C; mixer_institution_code=DU,false,,"No explicit participant-to-mixer identity mapping or creator/evaluator flag found in evaluations.csv, mixes.csv, retained feature table, or SCHEMA.md.",false,Institution equality alone was not used as self-rating evidence.
evaluation_ec0bf74b9719,Lead Me,DU-C,mix_a321c1267965,participant_du_du_u2,DU,mixer_id=DU-C; legacy_mix_code=DU-C; mixer_institution_code=DU,false,,"No explicit participant-to-mixer identity mapping or creator/evaluator flag found in evaluations.csv, mixes.csv, retained feature table, or SCHEMA.md.",false,Institution equality alone was not used as self-rating evidence.
evaluation_23b06bd753a4,Lead Me,DU-C,mix_a321c1267965,participant_du_du_h1,DU,mixer_id=DU-C; legacy_mix_code=DU-C; mixer_institution_code=DU,false,,"No explicit participant-to-mixer identity mapping or creator/evaluator flag found in evaluations.csv, mixes.csv, retained feature table, or SCHEMA.md.",false,Institution equality alone was not used as self-rating evidence.
evaluation_0b3bfef22375,Lead Me,DU-C,mix_a321c1267965,participant_du_du_u1,DU,mixer_id=DU-C; legacy_mix_code=DU-C; mixer_institution_code=DU,false,,"No explicit participant-to-mixer identity mapping or creator/evaluator flag found in evaluations.csv, mixes.csv, retained feature table, or SCHEMA.md.",false,Institution equality alone was not used as self-rating evidence.
evaluation_03224007c979,Lead Me,DU-C,mix_a321c1267965,participant_du_du_g2,DU,mixer_id=DU-C; legacy_mix_code=DU-C; mixer_institution_code=DU,false,,"No explicit participant-to-mixer identity mapping or creator/evaluator flag found in evaluations.csv, mixes.csv, retained feature table, or SCHEMA.md.",false,Institution equality alone was not used as self-rating evidence.
evaluation_de14fc7f5054,Lead Me,DU-C,mix_a321c1267965,participant_du_du_q1,DU,mixer_id=DU-C; legacy_mix_code=DU-C; mixer_institution_code=DU,false,,"No explicit participant-to-mixer identity mapping or creator/evaluator flag found in evaluations.csv, mixes.csv, retained feature table, or SCHEMA.md.",false,Institution equality alone was not used as self-rating evidence.
evaluation_f562de142b12,Lead Me,DU-C,mix_a321c1267965,participant_du_du_f2,DU,mixer_id=DU-C; legacy_mix_code=DU-C; mixer_institution_code=DU,false,,"No explicit participant-to-mixer identity mapping or creator/evaluator flag found in evaluations.csv, mixes.csv, retained feature table, or SCHEMA.md.",false,Institution equality alone was not used as self-rating evidence.
evaluation_4e9754e1f3e2,Lead Me,DU-C,mix_a321c1267965,participant_du_du_r1,DU,mixer_id=DU-C; legacy_mix_code=DU-C; mixer_institution_code=DU,false,,"No explicit participant-to-mixer identity mapping or creator/evaluator flag found in evaluations.csv, mixes.csv, retained feature table, or SCHEMA.md.",false,Institution equality alone was not used as self-rating evidence.
evaluation_5a0629df96a5,Lead Me,DU-C,mix_a321c1267965,participant_du_du_l2,DU,mixer_id=DU-C; legacy_mix_code=DU-C; mixer_institution_code=DU,false,,"No explicit participant-to-mixer identity mapping or creator/evaluator flag found in evaluations.csv, mixes.csv, retained feature table, or SCHEMA.md.",false,Institution equality alone was not used as self-rating evidence.
evaluation_a45df7c61652,Lead Me,DU-C,mix_a321c1267965,participant_du_du_b2,DU,mixer_id=DU-C; legacy_mix_code=DU-C; mixer_institution_code=DU,false,,"No explicit participant-to-mixer identity mapping or creator/evaluator flag found in evaluations.csv, mixes.csv, retained feature table, or SCHEMA.md.",false,Institution equality alone was not used as self-rating evidence.
evaluation_c21fc0afddc3,Lead Me,DU-C,mix_a321c1267965,participant_du_du_a1,DU,mixer_id=DU-C; legacy_mix_code=DU-C; mixer_institution_code=DU,false,,"No explicit participant-to-mixer identity mapping or creator/evaluator flag found in evaluations.csv, mixes.csv, retained feature table, or SCHEMA.md.",false,Institution equality alone was not used as self-rating evidence.
evaluation_9ff58e747da6,Lead Me,DU-D,mix_f1f7973e5bac,participant_du_du_g1,DU,mixer_id=DU-D; legacy_mix_code=DU-D; mixer_institution_code=DU,false,,"No explicit participant-to-mixer identity mapping or creator/evaluator flag found in evaluations.csv, mixes.csv, retained feature table, or SCHEMA.md.",false,Institution equality alone was not used as self-rating evidence.
evaluation_0e9d6427e9d5,Lead Me,DU-D,mix_f1f7973e5bac,participant_du_du_k2,DU,mixer_id=DU-D; legacy_mix_code=DU-D; mixer_institution_code=DU,false,,"No explicit participant-to-mixer identity mapping or creator/evaluator flag found in evaluations.csv, mixes.csv, retained feature table, or SCHEMA.md.",false,Institution equality alone was not used as self-rating evidence.
evaluation_b259bd28e641,Lead Me,DU-D,mix_f1f7973e5bac,participant_du_du_l1,DU,mixer_id=DU-D; legacy_mix_code=DU-D; mixer_institution_code=DU,false,,"No explicit participant-to-mixer identity mapping or creator/evaluator flag found in evaluations.csv, mixes.csv, retained feature table, or SCHEMA.md.",false,Institution equality alone was not used as self-rating evidence.
evaluation_8367ea3042de,Lead Me,DU-D,mix_f1f7973e5bac,participant_du_du_c1,DU,mixer_id=DU-D; legacy_mix_code=DU-D; mixer_institution_code=DU,false,,"No explicit participant-to-mixer identity mapping or creator/evaluator flag found in evaluations.csv, mixes.csv, retained feature table, or SCHEMA.md.",false,Institution equality alone was not used as self-rating evidence.
evaluation_d85e3d777fcb,Lead Me,DU-D,mix_f1f7973e5bac,participant_du_du_f1,DU,mixer_id=DU-D; legacy_mix_code=DU-D; mixer_institution_code=DU,false,,"No explicit participant-to-mixer identity mapping or creator/evaluator flag found in evaluations.csv, mixes.csv, retained feature table, or SCHEMA.md.",false,Institution equality alone was not used as self-rating evidence.
evaluation_536814464fd2,Lead Me,DU-D,mix_f1f7973e5bac,participant_du_du_u3,DU,mixer_id=DU-D; legacy_mix_code=DU-D; mixer_institution_code=DU,false,,"No explicit participant-to-mixer identity mapping or creator/evaluator flag found in evaluations.csv, mixes.csv, retained feature table, or SCHEMA.md.",false,Institution equality alone was not used as self-rating evidence.
evaluation_801f89fe5dbd,Lead Me,DU-D,mix_f1f7973e5bac,participant_du_du_d1,DU,mixer_id=DU-D; legacy_mix_code=DU-D; mixer_institution_code=DU,false,,"No explicit participant-to-mixer identity mapping or creator/evaluator flag found in evaluations.csv, mixes.csv, retained feature table, or SCHEMA.md.",false,Institution equality alone was not used as self-rating evidence.
evaluation_cc6499582035,Lead Me,DU-D,mix_f1f7973e5bac,participant_du_du_r2,DU,mixer_id=DU-D; legacy_mix_code=DU-D; mixer_institution_code=DU,false,,"No explicit participant-to-mixer identity mapping or creator/evaluator flag found in evaluations.csv, mixes.csv, retained feature table, or SCHEMA.md.",false,Institution equality alone was not used as self-rating evidence.
evaluation_83c3a998bfe6,Lead Me,DU-D,mix_f1f7973e5bac,participant_du_du_s1,DU,mixer_id=DU-D; legacy_mix_code=DU-D; mixer_institution_code=DU,false,,"No explicit participant-to-mixer identity mapping or creator/evaluator flag found in evaluations.csv, mixes.csv, retained feature table, or SCHEMA.md.",false,Institution equality alone was not used as self-rating evidence.
evaluation_8916c1f591b7,Lead Me,DU-D,mix_f1f7973e5bac,participant_du_du_b1,DU,mixer_id=DU-D; legacy_mix_code=DU-D; mixer_institution_code=DU,false,,"No explicit participant-to-mixer identity mapping or creator/evaluator flag found in evaluations.csv, mixes.csv, retained feature table, or SCHEMA.md.",false,Institution equality alone was not used as self-rating evidence.
evaluation_145a5c76318b,Lead Me,DU-D,mix_f1f7973e5bac,participant_du_du_m1,DU,mixer_id=DU-D; legacy_mix_code=DU-D; mixer_institution_code=DU,false,,"No explicit participant-to-mixer identity mapping or creator/evaluator flag found in evaluations.csv, mixes.csv, retained feature table, or SCHEMA.md.",false,Institution equality alone was not used as self-rating evidence.
evaluation_7b5ada1b3340,Lead Me,DU-D,mix_f1f7973e5bac,participant_du_du_t1,DU,mixer_id=DU-D; legacy_mix_code=DU-D; mixer_institution_code=DU,false,,"No explicit participant-to-mixer identity mapping or creator/evaluator flag found in evaluations.csv, mixes.csv, retained feature table, or SCHEMA.md.",false,Institution equality alone was not used as self-rating evidence.
evaluation_dcc4ce9c01b7,Lead Me,DU-D,mix_f1f7973e5bac,participant_du_du_n1,DU,mixer_id=DU-D; legacy_mix_code=DU-D; mixer_institution_code=DU,false,,"No explicit participant-to-mixer identity mapping or creator/evaluator flag found in evaluations.csv, mixes.csv, retained feature table, or SCHEMA.md.",false,Institution equality alone was not used as self-rating evidence.
evaluation_87d739729b9f,Lead Me,DU-D,mix_f1f7973e5bac,participant_du_du_m2,DU,mixer_id=DU-D; legacy_mix_code=DU-D; mixer_institution_code=DU,false,,"No explicit participant-to-mixer identity mapping or creator/evaluator flag found in evaluations.csv, mixes.csv, retained feature table, or SCHEMA.md.",false,Institution equality alone was not used as self-rating evidence.
evaluation_3083c36d3aa3,Lead Me,DU-D,mix_f1f7973e5bac,participant_du_du_h2,DU,mixer_id=DU-D; legacy_mix_code=DU-D; mixer_institution_code=DU,false,,"No explicit participant-to-mixer identity mapping or creator/evaluator flag found in evaluations.csv, mixes.csv, retained feature table, or SCHEMA.md.",false,Institution equality alone was not used as self-rating evidence.
evaluation_f33a38ddf08d,Lead Me,DU-D,mix_f1f7973e5bac,participant_du_du_q2,DU,mixer_id=DU-D; legacy_mix_code=DU-D; mixer_institution_code=DU,false,,"No explicit participant-to-mixer identity mapping or creator/evaluator flag found in evaluations.csv, mixes.csv, retained feature table, or SCHEMA.md.",false,Institution equality alone was not used as self-rating evidence.
evaluation_80f0db018f67,Lead Me,DU-D,mix_f1f7973e5bac,participant_du_du_t2,DU,mixer_id=DU-D; legacy_mix_code=DU-D; mixer_institution_code=DU,false,,"No explicit participant-to-mixer identity mapping or creator/evaluator flag found in evaluations.csv, mixes.csv, retained feature table, or SCHEMA.md.",false,Institution equality alone was not used as self-rating evidence.
evaluation_70a18393abdd,Lead Me,DU-D,mix_f1f7973e5bac,participant_du_du_o2,DU,mixer_id=DU-D; legacy_mix_code=DU-D; mixer_institution_code=DU,false,,"No explicit participant-to-mixer identity mapping or creator/evaluator flag found in evaluations.csv, mixes.csv, retained feature table, or SCHEMA.md.",false,Institution equality alone was not used as self-rating evidence.
evaluation_6bbdb13a24d2,Lead Me,DU-D,mix_f1f7973e5bac,participant_du_du_p1,DU,mixer_id=DU-D; legacy_mix_code=DU-D; mixer_institution_code=DU,false,,"No explicit participant-to-mixer identity mapping or creator/evaluator flag found in evaluations.csv, mixes.csv, retained feature table, or SCHEMA.md.",false,Institution equality alone was not used as self-rating evidence.
evaluation_8c230ac031cd,Lead Me,DU-D,mix_f1f7973e5bac,participant_du_du_p2,DU,mixer_id=DU-D; legacy_mix_code=DU-D; mixer_institution_code=DU,false,,"No explicit participant-to-mixer identity mapping or creator/evaluator flag found in evaluations.csv, mixes.csv, retained feature table, or SCHEMA.md.",false,Institution equality alone was not used as self-rating evidence.
evaluation_fb8b5251b827,Lead Me,DU-D,mix_f1f7973e5bac,participant_du_du_i2,DU,mixer_id=DU-D; legacy_mix_code=DU-D; mixer_institution_code=DU,false,,"No explicit participant-to-mixer identity mapping or creator/evaluator flag found in evaluations.csv, mixes.csv, retained feature table, or SCHEMA.md.",false,Institution equality alone was not used as self-rating evidence.
evaluation_24c02120b58d,Lead Me,DU-D,mix_f1f7973e5bac,participant_du_du_c2,DU,mixer_id=DU-D; legacy_mix_code=DU-D; mixer_institution_code=DU,false,,"No explicit participant-to-mixer identity mapping or creator/evaluator flag found in evaluations.csv, mixes.csv, retained feature table, or SCHEMA.md.",false,Institution equality alone was not used as self-rating evidence.
evaluation_254a13987324,Lead Me,DU-D,mix_f1f7973e5bac,participant_du_du_k1,DU,mixer_id=DU-D; legacy_mix_code=DU-D; mixer_institution_code=DU,false,,"No explicit participant-to-mixer identity mapping or creator/evaluator flag found in evaluations.csv, mixes.csv, retained feature table, or SCHEMA.md.",false,Institution equality alone was not used as self-rating evidence.
evaluation_b0674d8cc674,Lead Me,DU-D,mix_f1f7973e5bac,participant_du_du_e1,DU,mixer_id=DU-D; legacy_mix_code=DU-D; mixer_institution_code=DU,false,,"No explicit participant-to-mixer identity mapping or creator/evaluator flag found in evaluations.csv, mixes.csv, retained feature table, or SCHEMA.md.",false,Institution equality alone was not used as self-rating evidence.
evaluation_ae15e66d9577,Lead Me,DU-D,mix_f1f7973e5bac,participant_du_du_j2,DU,mixer_id=DU-D; legacy_mix_code=DU-D; mixer_institution_code=DU,false,,"No explicit participant-to-mixer identity mapping or creator/evaluator flag found in evaluations.csv, mixes.csv, retained feature table, or SCHEMA.md.",false,Institution equality alone was not used as self-rating evidence.
evaluation_7143856c0981,Lead Me,DU-D,mix_f1f7973e5bac,participant_du_du_d2,DU,mixer_id=DU-D; legacy_mix_code=DU-D; mixer_institution_code=DU,false,,"No explicit participant-to-mixer identity mapping or creator/evaluator flag found in evaluations.csv, mixes.csv, retained feature table, or SCHEMA.md.",false,Institution equality alone was not used as self-rating evidence.
evaluation_ef642ffd5cd2,Lead Me,DU-D,mix_f1f7973e5bac,participant_du_du_o1,DU,mixer_id=DU-D; legacy_mix_code=DU-D; mixer_institution_code=DU,false,,"No explicit participant-to-mixer identity mapping or creator/evaluator flag found in evaluations.csv, mixes.csv, retained feature table, or SCHEMA.md.",false,Institution equality alone was not used as self-rating evidence.
evaluation_d0934b5a0396,Lead Me,DU-D,mix_f1f7973e5bac,participant_du_du_a2,DU,mixer_id=DU-D; legacy_mix_code=DU-D; mixer_institution_code=DU,false,,"No explicit participant-to-mixer identity mapping or creator/evaluator flag found in evaluations.csv, mixes.csv, retained feature table, or SCHEMA.md.",false,Institution equality alone was not used as self-rating evidence.
evaluation_462e3a755c8e,Lead Me,DU-D,mix_f1f7973e5bac,participant_du_du_s2,DU,mixer_id=DU-D; legacy_mix_code=DU-D; mixer_institution_code=DU,false,,"No explicit participant-to-mixer identity mapping or creator/evaluator flag found in evaluations.csv, mixes.csv, retained feature table, or SCHEMA.md.",false,Institution equality alone was not used as self-rating evidence.
evaluation_32b7496ebedc,Lead Me,DU-D,mix_f1f7973e5bac,participant_du_du_u2,DU,mixer_id=DU-D; legacy_mix_code=DU-D; mixer_institution_code=DU,false,,"No explicit participant-to-mixer identity mapping or creator/evaluator flag found in evaluations.csv, mixes.csv, retained feature table, or SCHEMA.md.",false,Institution equality alone was not used as self-rating evidence.
evaluation_c5253e923f06,Lead Me,DU-D,mix_f1f7973e5bac,participant_du_du_h1,DU,mixer_id=DU-D; legacy_mix_code=DU-D; mixer_institution_code=DU,false,,"No explicit participant-to-mixer identity mapping or creator/evaluator flag found in evaluations.csv, mixes.csv, retained feature table, or SCHEMA.md.",false,Institution equality alone was not used as self-rating evidence.
evaluation_97eb0b15bd53,Lead Me,DU-D,mix_f1f7973e5bac,participant_du_du_u1,DU,mixer_id=DU-D; legacy_mix_code=DU-D; mixer_institution_code=DU,false,,"No explicit participant-to-mixer identity mapping or creator/evaluator flag found in evaluations.csv, mixes.csv, retained feature table, or SCHEMA.md.",false,Institution equality alone was not used as self-rating evidence.
evaluation_5960aa8da83e,Lead Me,DU-D,mix_f1f7973e5bac,participant_du_du_g2,DU,mixer_id=DU-D; legacy_mix_code=DU-D; mixer_institution_code=DU,false,,"No explicit participant-to-mixer identity mapping or creator/evaluator flag found in evaluations.csv, mixes.csv, retained feature table, or SCHEMA.md.",false,Institution equality alone was not used as self-rating evidence.
evaluation_dead070ca5f6,Lead Me,DU-D,mix_f1f7973e5bac,participant_du_du_q1,DU,mixer_id=DU-D; legacy_mix_code=DU-D; mixer_institution_code=DU,false,,"No explicit participant-to-mixer identity mapping or creator/evaluator flag found in evaluations.csv, mixes.csv, retained feature table, or SCHEMA.md.",false,Institution equality alone was not used as self-rating evidence.
evaluation_4ac2f1d80e5a,Lead Me,DU-D,mix_f1f7973e5bac,participant_du_du_f2,DU,mixer_id=DU-D; legacy_mix_code=DU-D; mixer_institution_code=DU,false,,"No explicit participant-to-mixer identity mapping or creator/evaluator flag found in evaluations.csv, mixes.csv, retained feature table, or SCHEMA.md.",false,Institution equality alone was not used as self-rating evidence.
evaluation_cd1237c4b3bd,Lead Me,DU-D,mix_f1f7973e5bac,participant_du_du_r1,DU,mixer_id=DU-D; legacy_mix_code=DU-D; mixer_institution_code=DU,false,,"No explicit participant-to-mixer identity mapping or creator/evaluator flag found in evaluations.csv, mixes.csv, retained feature table, or SCHEMA.md.",false,Institution equality alone was not used as self-rating evidence.
evaluation_c4cbd83d10bd,Lead Me,DU-D,mix_f1f7973e5bac,participant_du_du_l2,DU,mixer_id=DU-D; legacy_mix_code=DU-D; mixer_institution_code=DU,false,,"No explicit participant-to-mixer identity mapping or creator/evaluator flag found in evaluations.csv, mixes.csv, retained feature table, or SCHEMA.md.",false,Institution equality alone was not used as self-rating evidence.
evaluation_39929d95cc0e,Lead Me,DU-D,mix_f1f7973e5bac,participant_du_du_b2,DU,mixer_id=DU-D; legacy_mix_code=DU-D; mixer_institution_code=DU,false,,"No explicit participant-to-mixer identity mapping or creator/evaluator flag found in evaluations.csv, mixes.csv, retained feature table, or SCHEMA.md.",false,Institution equality alone was not used as self-rating evidence.
evaluation_db609e9a5f33,Lead Me,DU-D,mix_f1f7973e5bac,participant_du_du_a1,DU,mixer_id=DU-D; legacy_mix_code=DU-D; mixer_institution_code=DU,false,,"No explicit participant-to-mixer identity mapping or creator/evaluator flag found in evaluations.csv, mixes.csv, retained feature table, or SCHEMA.md.",false,Institution equality alone was not used as self-rating evidence.
evaluation_cb5df9574c7e,Lead Me,DU-E,mix_271852ba8676,participant_du_du_g1,DU,mixer_id=DU-E; legacy_mix_code=DU-E; mixer_institution_code=DU,false,,"No explicit participant-to-mixer identity mapping or creator/evaluator flag found in evaluations.csv, mixes.csv, retained feature table, or SCHEMA.md.",false,Institution equality alone was not used as self-rating evidence.
evaluation_a8c1b88cbecf,Lead Me,DU-E,mix_271852ba8676,participant_du_du_k2,DU,mixer_id=DU-E; legacy_mix_code=DU-E; mixer_institution_code=DU,false,,"No explicit participant-to-mixer identity mapping or creator/evaluator flag found in evaluations.csv, mixes.csv, retained feature table, or SCHEMA.md.",false,Institution equality alone was not used as self-rating evidence.
evaluation_52cc7c7a9fa4,Lead Me,DU-E,mix_271852ba8676,participant_du_du_l1,DU,mixer_id=DU-E; legacy_mix_code=DU-E; mixer_institution_code=DU,false,,"No explicit participant-to-mixer identity mapping or creator/evaluator flag found in evaluations.csv, mixes.csv, retained feature table, or SCHEMA.md.",false,Institution equality alone was not used as self-rating evidence.
evaluation_6dca9943bfb6,Lead Me,DU-E,mix_271852ba8676,participant_du_du_c1,DU,mixer_id=DU-E; legacy_mix_code=DU-E; mixer_institution_code=DU,false,,"No explicit participant-to-mixer identity mapping or creator/evaluator flag found in evaluations.csv, mixes.csv, retained feature table, or SCHEMA.md.",false,Institution equality alone was not used as self-rating evidence.
evaluation_d8692b79f629,Lead Me,DU-E,mix_271852ba8676,participant_du_du_f1,DU,mixer_id=DU-E; legacy_mix_code=DU-E; mixer_institution_code=DU,false,,"No explicit participant-to-mixer identity mapping or creator/evaluator flag found in evaluations.csv, mixes.csv, retained feature table, or SCHEMA.md.",false,Institution equality alone was not used as self-rating evidence.
evaluation_74d50794ecfd,Lead Me,DU-E,mix_271852ba8676,participant_du_du_u3,DU,mixer_id=DU-E; legacy_mix_code=DU-E; mixer_institution_code=DU,false,,"No explicit participant-to-mixer identity mapping or creator/evaluator flag found in evaluations.csv, mixes.csv, retained feature table, or SCHEMA.md.",false,Institution equality alone was not used as self-rating evidence.
evaluation_3eecc9442d6f,Lead Me,DU-E,mix_271852ba8676,participant_du_du_d1,DU,mixer_id=DU-E; legacy_mix_code=DU-E; mixer_institution_code=DU,false,,"No explicit participant-to-mixer identity mapping or creator/evaluator flag found in evaluations.csv, mixes.csv, retained feature table, or SCHEMA.md.",false,Institution equality alone was not used as self-rating evidence.
evaluation_18f7a024dd8a,Lead Me,DU-E,mix_271852ba8676,participant_du_du_r2,DU,mixer_id=DU-E; legacy_mix_code=DU-E; mixer_institution_code=DU,false,,"No explicit participant-to-mixer identity mapping or creator/evaluator flag found in evaluations.csv, mixes.csv, retained feature table, or SCHEMA.md.",false,Institution equality alone was not used as self-rating evidence.
evaluation_f9c1c4e6f602,Lead Me,DU-E,mix_271852ba8676,participant_du_du_s1,DU,mixer_id=DU-E; legacy_mix_code=DU-E; mixer_institution_code=DU,false,,"No explicit participant-to-mixer identity mapping or creator/evaluator flag found in evaluations.csv, mixes.csv, retained feature table, or SCHEMA.md.",false,Institution equality alone was not used as self-rating evidence.
evaluation_ed7d5ff5bff4,Lead Me,DU-E,mix_271852ba8676,participant_du_du_b1,DU,mixer_id=DU-E; legacy_mix_code=DU-E; mixer_institution_code=DU,false,,"No explicit participant-to-mixer identity mapping or creator/evaluator flag found in evaluations.csv, mixes.csv, retained feature table, or SCHEMA.md.",false,Institution equality alone was not used as self-rating evidence.
evaluation_e8fa243a5390,Lead Me,DU-E,mix_271852ba8676,participant_du_du_m1,DU,mixer_id=DU-E; legacy_mix_code=DU-E; mixer_institution_code=DU,false,,"No explicit participant-to-mixer identity mapping or creator/evaluator flag found in evaluations.csv, mixes.csv, retained feature table, or SCHEMA.md.",false,Institution equality alone was not used as self-rating evidence.
evaluation_b10d5a0e2681,Lead Me,DU-E,mix_271852ba8676,participant_du_du_t1,DU,mixer_id=DU-E; legacy_mix_code=DU-E; mixer_institution_code=DU,false,,"No explicit participant-to-mixer identity mapping or creator/evaluator flag found in evaluations.csv, mixes.csv, retained feature table, or SCHEMA.md.",false,Institution equality alone was not used as self-rating evidence.
evaluation_210520e2a413,Lead Me,DU-E,mix_271852ba8676,participant_du_du_n1,DU,mixer_id=DU-E; legacy_mix_code=DU-E; mixer_institution_code=DU,false,,"No explicit participant-to-mixer identity mapping or creator/evaluator flag found in evaluations.csv, mixes.csv, retained feature table, or SCHEMA.md.",false,Institution equality alone was not used as self-rating evidence.
evaluation_20451d7936fb,Lead Me,DU-E,mix_271852ba8676,participant_du_du_m2,DU,mixer_id=DU-E; legacy_mix_code=DU-E; mixer_institution_code=DU,false,,"No explicit participant-to-mixer identity mapping or creator/evaluator flag found in evaluations.csv, mixes.csv, retained feature table, or SCHEMA.md.",false,Institution equality alone was not used as self-rating evidence.
evaluation_2b492442d911,Lead Me,DU-E,mix_271852ba8676,participant_du_du_h2,DU,mixer_id=DU-E; legacy_mix_code=DU-E; mixer_institution_code=DU,false,,"No explicit participant-to-mixer identity mapping or creator/evaluator flag found in evaluations.csv, mixes.csv, retained feature table, or SCHEMA.md.",false,Institution equality alone was not used as self-rating evidence.
evaluation_65641a1c246f,Lead Me,DU-E,mix_271852ba8676,participant_du_du_q2,DU,mixer_id=DU-E; legacy_mix_code=DU-E; mixer_institution_code=DU,false,,"No explicit participant-to-mixer identity mapping or creator/evaluator flag found in evaluations.csv, mixes.csv, retained feature table, or SCHEMA.md.",false,Institution equality alone was not used as self-rating evidence.
evaluation_7bc7efb34711,Lead Me,DU-E,mix_271852ba8676,participant_du_du_t2,DU,mixer_id=DU-E; legacy_mix_code=DU-E; mixer_institution_code=DU,false,,"No explicit participant-to-mixer identity mapping or creator/evaluator flag found in evaluations.csv, mixes.csv, retained feature table, or SCHEMA.md.",false,Institution equality alone was not used as self-rating evidence.
evaluation_f30f95812507,Lead Me,DU-E,mix_271852ba8676,participant_du_du_o2,DU,mixer_id=DU-E; legacy_mix_code=DU-E; mixer_institution_code=DU,false,,"No explicit participant-to-mixer identity mapping or creator/evaluator flag found in evaluations.csv, mixes.csv, retained feature table, or SCHEMA.md.",false,Institution equality alone was not used as self-rating evidence.
evaluation_c631c6c91163,Lead Me,DU-E,mix_271852ba8676,participant_du_du_p1,DU,mixer_id=DU-E; legacy_mix_code=DU-E; mixer_institution_code=DU,false,,"No explicit participant-to-mixer identity mapping or creator/evaluator flag found in evaluations.csv, mixes.csv, retained feature table, or SCHEMA.md.",false,Institution equality alone was not used as self-rating evidence.
evaluation_2ac8e7d87dde,Lead Me,DU-E,mix_271852ba8676,participant_du_du_p2,DU,mixer_id=DU-E; legacy_mix_code=DU-E; mixer_institution_code=DU,false,,"No explicit participant-to-mixer identity mapping or creator/evaluator flag found in evaluations.csv, mixes.csv, retained feature table, or SCHEMA.md.",false,Institution equality alone was not used as self-rating evidence.
evaluation_afab97eea9a7,Lead Me,DU-E,mix_271852ba8676,participant_du_du_i2,DU,mixer_id=DU-E; legacy_mix_code=DU-E; mixer_institution_code=DU,false,,"No explicit participant-to-mixer identity mapping or creator/evaluator flag found in evaluations.csv, mixes.csv, retained feature table, or SCHEMA.md.",false,Institution equality alone was not used as self-rating evidence.
evaluation_dd82473795e0,Lead Me,DU-E,mix_271852ba8676,participant_du_du_c2,DU,mixer_id=DU-E; legacy_mix_code=DU-E; mixer_institution_code=DU,false,,"No explicit participant-to-mixer identity mapping or creator/evaluator flag found in evaluations.csv, mixes.csv, retained feature table, or SCHEMA.md.",false,Institution equality alone was not used as self-rating evidence.
evaluation_2153109c2d30,Lead Me,DU-E,mix_271852ba8676,participant_du_du_k1,DU,mixer_id=DU-E; legacy_mix_code=DU-E; mixer_institution_code=DU,false,,"No explicit participant-to-mixer identity mapping or creator/evaluator flag found in evaluations.csv, mixes.csv, retained feature table, or SCHEMA.md.",false,Institution equality alone was not used as self-rating evidence.
evaluation_033b37a5b6a4,Lead Me,DU-E,mix_271852ba8676,participant_du_du_e1,DU,mixer_id=DU-E; legacy_mix_code=DU-E; mixer_institution_code=DU,false,,"No explicit participant-to-mixer identity mapping or creator/evaluator flag found in evaluations.csv, mixes.csv, retained feature table, or SCHEMA.md.",false,Institution equality alone was not used as self-rating evidence.
evaluation_6caec88fdaeb,Lead Me,DU-E,mix_271852ba8676,participant_du_du_j2,DU,mixer_id=DU-E; legacy_mix_code=DU-E; mixer_institution_code=DU,false,,"No explicit participant-to-mixer identity mapping or creator/evaluator flag found in evaluations.csv, mixes.csv, retained feature table, or SCHEMA.md.",false,Institution equality alone was not used as self-rating evidence.
evaluation_d8c8fab35f9e,Lead Me,DU-E,mix_271852ba8676,participant_du_du_d2,DU,mixer_id=DU-E; legacy_mix_code=DU-E; mixer_institution_code=DU,false,,"No explicit participant-to-mixer identity mapping or creator/evaluator flag found in evaluations.csv, mixes.csv, retained feature table, or SCHEMA.md.",false,Institution equality alone was not used as self-rating evidence.
evaluation_aa61700dc8fb,Lead Me,DU-E,mix_271852ba8676,participant_du_du_o1,DU,mixer_id=DU-E; legacy_mix_code=DU-E; mixer_institution_code=DU,false,,"No explicit participant-to-mixer identity mapping or creator/evaluator flag found in evaluations.csv, mixes.csv, retained feature table, or SCHEMA.md.",false,Institution equality alone was not used as self-rating evidence.
evaluation_d448fe6ee495,Lead Me,DU-E,mix_271852ba8676,participant_du_du_a2,DU,mixer_id=DU-E; legacy_mix_code=DU-E; mixer_institution_code=DU,false,,"No explicit participant-to-mixer identity mapping or creator/evaluator flag found in evaluations.csv, mixes.csv, retained feature table, or SCHEMA.md.",false,Institution equality alone was not used as self-rating evidence.
evaluation_d66c2c4c8aac,Lead Me,DU-E,mix_271852ba8676,participant_du_du_s2,DU,mixer_id=DU-E; legacy_mix_code=DU-E; mixer_institution_code=DU,false,,"No explicit participant-to-mixer identity mapping or creator/evaluator flag found in evaluations.csv, mixes.csv, retained feature table, or SCHEMA.md.",false,Institution equality alone was not used as self-rating evidence.
evaluation_6fe0c20ccfc8,Lead Me,DU-E,mix_271852ba8676,participant_du_du_u2,DU,mixer_id=DU-E; legacy_mix_code=DU-E; mixer_institution_code=DU,false,,"No explicit participant-to-mixer identity mapping or creator/evaluator flag found in evaluations.csv, mixes.csv, retained feature table, or SCHEMA.md.",false,Institution equality alone was not used as self-rating evidence.
evaluation_7699038c5432,Lead Me,DU-E,mix_271852ba8676,participant_du_du_h1,DU,mixer_id=DU-E; legacy_mix_code=DU-E; mixer_institution_code=DU,false,,"No explicit participant-to-mixer identity mapping or creator/evaluator flag found in evaluations.csv, mixes.csv, retained feature table, or SCHEMA.md.",false,Institution equality alone was not used as self-rating evidence.
evaluation_157d8a19c0f0,Lead Me,DU-E,mix_271852ba8676,participant_du_du_u1,DU,mixer_id=DU-E; legacy_mix_code=DU-E; mixer_institution_code=DU,false,,"No explicit participant-to-mixer identity mapping or creator/evaluator flag found in evaluations.csv, mixes.csv, retained feature table, or SCHEMA.md.",false,Institution equality alone was not used as self-rating evidence.
evaluation_c8b0b54d0a54,Lead Me,DU-E,mix_271852ba8676,participant_du_du_g2,DU,mixer_id=DU-E; legacy_mix_code=DU-E; mixer_institution_code=DU,false,,"No explicit participant-to-mixer identity mapping or creator/evaluator flag found in evaluations.csv, mixes.csv, retained feature table, or SCHEMA.md.",false,Institution equality alone was not used as self-rating evidence.
evaluation_4ef567d37a57,Lead Me,DU-E,mix_271852ba8676,participant_du_du_q1,DU,mixer_id=DU-E; legacy_mix_code=DU-E; mixer_institution_code=DU,false,,"No explicit participant-to-mixer identity mapping or creator/evaluator flag found in evaluations.csv, mixes.csv, retained feature table, or SCHEMA.md.",false,Institution equality alone was not used as self-rating evidence.
evaluation_da2236dafc95,Lead Me,DU-E,mix_271852ba8676,participant_du_du_f2,DU,mixer_id=DU-E; legacy_mix_code=DU-E; mixer_institution_code=DU,false,,"No explicit participant-to-mixer identity mapping or creator/evaluator flag found in evaluations.csv, mixes.csv, retained feature table, or SCHEMA.md.",false,Institution equality alone was not used as self-rating evidence.
evaluation_67b158d2d6ae,Lead Me,DU-E,mix_271852ba8676,participant_du_du_r1,DU,mixer_id=DU-E; legacy_mix_code=DU-E; mixer_institution_code=DU,false,,"No explicit participant-to-mixer identity mapping or creator/evaluator flag found in evaluations.csv, mixes.csv, retained feature table, or SCHEMA.md.",false,Institution equality alone was not used as self-rating evidence.
evaluation_bb5e7173866c,Lead Me,DU-E,mix_271852ba8676,participant_du_du_l2,DU,mixer_id=DU-E; legacy_mix_code=DU-E; mixer_institution_code=DU,false,,"No explicit participant-to-mixer identity mapping or creator/evaluator flag found in evaluations.csv, mixes.csv, retained feature table, or SCHEMA.md.",false,Institution equality alone was not used as self-rating evidence.
evaluation_c8a3ca1321f6,Lead Me,DU-E,mix_271852ba8676,participant_du_du_b2,DU,mixer_id=DU-E; legacy_mix_code=DU-E; mixer_institution_code=DU,false,,"No explicit participant-to-mixer identity mapping or creator/evaluator flag found in evaluations.csv, mixes.csv, retained feature table, or SCHEMA.md.",false,Institution equality alone was not used as self-rating evidence.
evaluation_13941483fbe0,Lead Me,DU-E,mix_271852ba8676,participant_du_du_a1,DU,mixer_id=DU-E; legacy_mix_code=DU-E; mixer_institution_code=DU,false,,"No explicit participant-to-mixer identity mapping or creator/evaluator flag found in evaluations.csv, mixes.csv, retained feature table, or SCHEMA.md.",false,Institution equality alone was not used as self-rating evidence.
evaluation_31ab72586219,Lead Me,DU-F,mix_3a41a8db47bc,participant_du_du_g1,DU,mixer_id=DU-F; legacy_mix_code=DU-F; mixer_institution_code=DU,false,,"No explicit participant-to-mixer identity mapping or creator/evaluator flag found in evaluations.csv, mixes.csv, retained feature table, or SCHEMA.md.",false,Institution equality alone was not used as self-rating evidence.
evaluation_087d9134520d,Lead Me,DU-F,mix_3a41a8db47bc,participant_du_du_k2,DU,mixer_id=DU-F; legacy_mix_code=DU-F; mixer_institution_code=DU,false,,"No explicit participant-to-mixer identity mapping or creator/evaluator flag found in evaluations.csv, mixes.csv, retained feature table, or SCHEMA.md.",false,Institution equality alone was not used as self-rating evidence.
evaluation_970448fbeb9d,Lead Me,DU-F,mix_3a41a8db47bc,participant_du_du_l1,DU,mixer_id=DU-F; legacy_mix_code=DU-F; mixer_institution_code=DU,false,,"No explicit participant-to-mixer identity mapping or creator/evaluator flag found in evaluations.csv, mixes.csv, retained feature table, or SCHEMA.md.",false,Institution equality alone was not used as self-rating evidence.
evaluation_b8bb45066a6b,Lead Me,DU-F,mix_3a41a8db47bc,participant_du_du_c1,DU,mixer_id=DU-F; legacy_mix_code=DU-F; mixer_institution_code=DU,false,,"No explicit participant-to-mixer identity mapping or creator/evaluator flag found in evaluations.csv, mixes.csv, retained feature table, or SCHEMA.md.",false,Institution equality alone was not used as self-rating evidence.
evaluation_37d787aabfa0,Lead Me,DU-F,mix_3a41a8db47bc,participant_du_du_f1,DU,mixer_id=DU-F; legacy_mix_code=DU-F; mixer_institution_code=DU,false,,"No explicit participant-to-mixer identity mapping or creator/evaluator flag found in evaluations.csv, mixes.csv, retained feature table, or SCHEMA.md.",false,Institution equality alone was not used as self-rating evidence.
evaluation_439d2ddc0b7c,Lead Me,DU-F,mix_3a41a8db47bc,participant_du_du_u3,DU,mixer_id=DU-F; legacy_mix_code=DU-F; mixer_institution_code=DU,false,,"No explicit participant-to-mixer identity mapping or creator/evaluator flag found in evaluations.csv, mixes.csv, retained feature table, or SCHEMA.md.",false,Institution equality alone was not used as self-rating evidence.
evaluation_ea95c00c32b9,Lead Me,DU-F,mix_3a41a8db47bc,participant_du_du_d1,DU,mixer_id=DU-F; legacy_mix_code=DU-F; mixer_institution_code=DU,false,,"No explicit participant-to-mixer identity mapping or creator/evaluator flag found in evaluations.csv, mixes.csv, retained feature table, or SCHEMA.md.",false,Institution equality alone was not used as self-rating evidence.
evaluation_a3c11148487e,Lead Me,DU-F,mix_3a41a8db47bc,participant_du_du_r2,DU,mixer_id=DU-F; legacy_mix_code=DU-F; mixer_institution_code=DU,false,,"No explicit participant-to-mixer identity mapping or creator/evaluator flag found in evaluations.csv, mixes.csv, retained feature table, or SCHEMA.md.",false,Institution equality alone was not used as self-rating evidence.
evaluation_efa9cee0c903,Lead Me,DU-F,mix_3a41a8db47bc,participant_du_du_s1,DU,mixer_id=DU-F; legacy_mix_code=DU-F; mixer_institution_code=DU,false,,"No explicit participant-to-mixer identity mapping or creator/evaluator flag found in evaluations.csv, mixes.csv, retained feature table, or SCHEMA.md.",false,Institution equality alone was not used as self-rating evidence.
evaluation_ee6dcf9b91a6,Lead Me,DU-F,mix_3a41a8db47bc,participant_du_du_b1,DU,mixer_id=DU-F; legacy_mix_code=DU-F; mixer_institution_code=DU,false,,"No explicit participant-to-mixer identity mapping or creator/evaluator flag found in evaluations.csv, mixes.csv, retained feature table, or SCHEMA.md.",false,Institution equality alone was not used as self-rating evidence.
evaluation_fe20c00fea8c,Lead Me,DU-F,mix_3a41a8db47bc,participant_du_du_m1,DU,mixer_id=DU-F; legacy_mix_code=DU-F; mixer_institution_code=DU,false,,"No explicit participant-to-mixer identity mapping or creator/evaluator flag found in evaluations.csv, mixes.csv, retained feature table, or SCHEMA.md.",false,Institution equality alone was not used as self-rating evidence.
evaluation_2fd0e5d1f7da,Lead Me,DU-F,mix_3a41a8db47bc,participant_du_du_t1,DU,mixer_id=DU-F; legacy_mix_code=DU-F; mixer_institution_code=DU,false,,"No explicit participant-to-mixer identity mapping or creator/evaluator flag found in evaluations.csv, mixes.csv, retained feature table, or SCHEMA.md.",false,Institution equality alone was not used as self-rating evidence.
evaluation_a7792f20fe28,Lead Me,DU-F,mix_3a41a8db47bc,participant_du_du_n1,DU,mixer_id=DU-F; legacy_mix_code=DU-F; mixer_institution_code=DU,false,,"No explicit participant-to-mixer identity mapping or creator/evaluator flag found in evaluations.csv, mixes.csv, retained feature table, or SCHEMA.md.",false,Institution equality alone was not used as self-rating evidence.
evaluation_e04cde6c0b52,Lead Me,DU-F,mix_3a41a8db47bc,participant_du_du_m2,DU,mixer_id=DU-F; legacy_mix_code=DU-F; mixer_institution_code=DU,false,,"No explicit participant-to-mixer identity mapping or creator/evaluator flag found in evaluations.csv, mixes.csv, retained feature table, or SCHEMA.md.",false,Institution equality alone was not used as self-rating evidence.
evaluation_6121e7c07ad2,Lead Me,DU-F,mix_3a41a8db47bc,participant_du_du_h2,DU,mixer_id=DU-F; legacy_mix_code=DU-F; mixer_institution_code=DU,false,,"No explicit participant-to-mixer identity mapping or creator/evaluator flag found in evaluations.csv, mixes.csv, retained feature table, or SCHEMA.md.",false,Institution equality alone was not used as self-rating evidence.
evaluation_6550e5418285,Lead Me,DU-F,mix_3a41a8db47bc,participant_du_du_q2,DU,mixer_id=DU-F; legacy_mix_code=DU-F; mixer_institution_code=DU,false,,"No explicit participant-to-mixer identity mapping or creator/evaluator flag found in evaluations.csv, mixes.csv, retained feature table, or SCHEMA.md.",false,Institution equality alone was not used as self-rating evidence.
evaluation_9eb066ed4092,Lead Me,DU-F,mix_3a41a8db47bc,participant_du_du_t2,DU,mixer_id=DU-F; legacy_mix_code=DU-F; mixer_institution_code=DU,false,,"No explicit participant-to-mixer identity mapping or creator/evaluator flag found in evaluations.csv, mixes.csv, retained feature table, or SCHEMA.md.",false,Institution equality alone was not used as self-rating evidence.
evaluation_34105ce7c964,Lead Me,DU-F,mix_3a41a8db47bc,participant_du_du_o2,DU,mixer_id=DU-F; legacy_mix_code=DU-F; mixer_institution_code=DU,false,,"No explicit participant-to-mixer identity mapping or creator/evaluator flag found in evaluations.csv, mixes.csv, retained feature table, or SCHEMA.md.",false,Institution equality alone was not used as self-rating evidence.
evaluation_c60d126fbd8d,Lead Me,DU-F,mix_3a41a8db47bc,participant_du_du_p1,DU,mixer_id=DU-F; legacy_mix_code=DU-F; mixer_institution_code=DU,false,,"No explicit participant-to-mixer identity mapping or creator/evaluator flag found in evaluations.csv, mixes.csv, retained feature table, or SCHEMA.md.",false,Institution equality alone was not used as self-rating evidence.
evaluation_b23ed336fb69,Lead Me,DU-F,mix_3a41a8db47bc,participant_du_du_p2,DU,mixer_id=DU-F; legacy_mix_code=DU-F; mixer_institution_code=DU,false,,"No explicit participant-to-mixer identity mapping or creator/evaluator flag found in evaluations.csv, mixes.csv, retained feature table, or SCHEMA.md.",false,Institution equality alone was not used as self-rating evidence.
evaluation_c5ca401fe019,Lead Me,DU-F,mix_3a41a8db47bc,participant_du_du_i2,DU,mixer_id=DU-F; legacy_mix_code=DU-F; mixer_institution_code=DU,false,,"No explicit participant-to-mixer identity mapping or creator/evaluator flag found in evaluations.csv, mixes.csv, retained feature table, or SCHEMA.md.",false,Institution equality alone was not used as self-rating evidence.
evaluation_8156ad9c71b6,Lead Me,DU-F,mix_3a41a8db47bc,participant_du_du_c2,DU,mixer_id=DU-F; legacy_mix_code=DU-F; mixer_institution_code=DU,false,,"No explicit participant-to-mixer identity mapping or creator/evaluator flag found in evaluations.csv, mixes.csv, retained feature table, or SCHEMA.md.",false,Institution equality alone was not used as self-rating evidence.
evaluation_7bf8c0ee2e6a,Lead Me,DU-F,mix_3a41a8db47bc,participant_du_du_k1,DU,mixer_id=DU-F; legacy_mix_code=DU-F; mixer_institution_code=DU,false,,"No explicit participant-to-mixer identity mapping or creator/evaluator flag found in evaluations.csv, mixes.csv, retained feature table, or SCHEMA.md.",false,Institution equality alone was not used as self-rating evidence.
evaluation_db65c6e647b2,Lead Me,DU-F,mix_3a41a8db47bc,participant_du_du_e1,DU,mixer_id=DU-F; legacy_mix_code=DU-F; mixer_institution_code=DU,false,,"No explicit participant-to-mixer identity mapping or creator/evaluator flag found in evaluations.csv, mixes.csv, retained feature table, or SCHEMA.md.",false,Institution equality alone was not used as self-rating evidence.
evaluation_be93d55e002e,Lead Me,DU-F,mix_3a41a8db47bc,participant_du_du_j2,DU,mixer_id=DU-F; legacy_mix_code=DU-F; mixer_institution_code=DU,false,,"No explicit participant-to-mixer identity mapping or creator/evaluator flag found in evaluations.csv, mixes.csv, retained feature table, or SCHEMA.md.",false,Institution equality alone was not used as self-rating evidence.
evaluation_71b89cd971ab,Lead Me,DU-F,mix_3a41a8db47bc,participant_du_du_d2,DU,mixer_id=DU-F; legacy_mix_code=DU-F; mixer_institution_code=DU,false,,"No explicit participant-to-mixer identity mapping or creator/evaluator flag found in evaluations.csv, mixes.csv, retained feature table, or SCHEMA.md.",false,Institution equality alone was not used as self-rating evidence.
evaluation_e76c2fd442d7,Lead Me,DU-F,mix_3a41a8db47bc,participant_du_du_o1,DU,mixer_id=DU-F; legacy_mix_code=DU-F; mixer_institution_code=DU,false,,"No explicit participant-to-mixer identity mapping or creator/evaluator flag found in evaluations.csv, mixes.csv, retained feature table, or SCHEMA.md.",false,Institution equality alone was not used as self-rating evidence.
evaluation_362f995cf72a,Lead Me,DU-F,mix_3a41a8db47bc,participant_du_du_a2,DU,mixer_id=DU-F; legacy_mix_code=DU-F; mixer_institution_code=DU,false,,"No explicit participant-to-mixer identity mapping or creator/evaluator flag found in evaluations.csv, mixes.csv, retained feature table, or SCHEMA.md.",false,Institution equality alone was not used as self-rating evidence.
evaluation_505ff74a0595,Lead Me,DU-F,mix_3a41a8db47bc,participant_du_du_s2,DU,mixer_id=DU-F; legacy_mix_code=DU-F; mixer_institution_code=DU,false,,"No explicit participant-to-mixer identity mapping or creator/evaluator flag found in evaluations.csv, mixes.csv, retained feature table, or SCHEMA.md.",false,Institution equality alone was not used as self-rating evidence.
evaluation_becf02c9951a,Lead Me,DU-F,mix_3a41a8db47bc,participant_du_du_u2,DU,mixer_id=DU-F; legacy_mix_code=DU-F; mixer_institution_code=DU,false,,"No explicit participant-to-mixer identity mapping or creator/evaluator flag found in evaluations.csv, mixes.csv, retained feature table, or SCHEMA.md.",false,Institution equality alone was not used as self-rating evidence.
evaluation_1cd02b0c1890,Lead Me,DU-F,mix_3a41a8db47bc,participant_du_du_h1,DU,mixer_id=DU-F; legacy_mix_code=DU-F; mixer_institution_code=DU,false,,"No explicit participant-to-mixer identity mapping or creator/evaluator flag found in evaluations.csv, mixes.csv, retained feature table, or SCHEMA.md.",false,Institution equality alone was not used as self-rating evidence.
evaluation_e246f0c6e64e,Lead Me,DU-F,mix_3a41a8db47bc,participant_du_du_u1,DU,mixer_id=DU-F; legacy_mix_code=DU-F; mixer_institution_code=DU,false,,"No explicit participant-to-mixer identity mapping or creator/evaluator flag found in evaluations.csv, mixes.csv, retained feature table, or SCHEMA.md.",false,Institution equality alone was not used as self-rating evidence.
evaluation_a05b4fe16402,Lead Me,DU-F,mix_3a41a8db47bc,participant_du_du_g2,DU,mixer_id=DU-F; legacy_mix_code=DU-F; mixer_institution_code=DU,false,,"No explicit participant-to-mixer identity mapping or creator/evaluator flag found in evaluations.csv, mixes.csv, retained feature table, or SCHEMA.md.",false,Institution equality alone was not used as self-rating evidence.
evaluation_8d9c8507b0d7,Lead Me,DU-F,mix_3a41a8db47bc,participant_du_du_q1,DU,mixer_id=DU-F; legacy_mix_code=DU-F; mixer_institution_code=DU,false,,"No explicit participant-to-mixer identity mapping or creator/evaluator flag found in evaluations.csv, mixes.csv, retained feature table, or SCHEMA.md.",false,Institution equality alone was not used as self-rating evidence.
evaluation_3d647d95ccfd,Lead Me,DU-F,mix_3a41a8db47bc,participant_du_du_f2,DU,mixer_id=DU-F; legacy_mix_code=DU-F; mixer_institution_code=DU,false,,"No explicit participant-to-mixer identity mapping or creator/evaluator flag found in evaluations.csv, mixes.csv, retained feature table, or SCHEMA.md.",false,Institution equality alone was not used as self-rating evidence.
evaluation_b3227f61c58a,Lead Me,DU-F,mix_3a41a8db47bc,participant_du_du_r1,DU,mixer_id=DU-F; legacy_mix_code=DU-F; mixer_institution_code=DU,false,,"No explicit participant-to-mixer identity mapping or creator/evaluator flag found in evaluations.csv, mixes.csv, retained feature table, or SCHEMA.md.",false,Institution equality alone was not used as self-rating evidence.
evaluation_06e35c4fb262,Lead Me,DU-F,mix_3a41a8db47bc,participant_du_du_l2,DU,mixer_id=DU-F; legacy_mix_code=DU-F; mixer_institution_code=DU,false,,"No explicit participant-to-mixer identity mapping or creator/evaluator flag found in evaluations.csv, mixes.csv, retained feature table, or SCHEMA.md.",false,Institution equality alone was not used as self-rating evidence.
evaluation_901b0fbd4d3d,Lead Me,DU-F,mix_3a41a8db47bc,participant_du_du_b2,DU,mixer_id=DU-F; legacy_mix_code=DU-F; mixer_institution_code=DU,false,,"No explicit participant-to-mixer identity mapping or creator/evaluator flag found in evaluations.csv, mixes.csv, retained feature table, or SCHEMA.md.",false,Institution equality alone was not used as self-rating evidence.
evaluation_6bbe72eef3e8,Lead Me,DU-F,mix_3a41a8db47bc,participant_du_du_a1,DU,mixer_id=DU-F; legacy_mix_code=DU-F; mixer_institution_code=DU,false,,"No explicit participant-to-mixer identity mapping or creator/evaluator flag found in evaluations.csv, mixes.csv, retained feature table, or SCHEMA.md.",false,Institution equality alone was not used as self-rating evidence.
evaluation_d0df697df7c8,Lead Me,DU-G,mix_f5d86db961c3,participant_cns_cns_j,CNS,mixer_id=DU-G; legacy_mix_code=DU-G; mixer_institution_code=DU,false,,"No explicit participant-to-mixer identity mapping or creator/evaluator flag found in evaluations.csv, mixes.csv, retained feature table, or SCHEMA.md.",false,Institution equality alone was not used as self-rating evidence.
evaluation_850d42b8e095,Lead Me,DU-G,mix_f5d86db961c3,participant_cns_cns_5,CNS,mixer_id=DU-G; legacy_mix_code=DU-G; mixer_institution_code=DU,false,,"No explicit participant-to-mixer identity mapping or creator/evaluator flag found in evaluations.csv, mixes.csv, retained feature table, or SCHEMA.md.",false,Institution equality alone was not used as self-rating evidence.
evaluation_6ff968d7bead,Lead Me,DU-G,mix_f5d86db961c3,participant_cns_cns_d,CNS,mixer_id=DU-G; legacy_mix_code=DU-G; mixer_institution_code=DU,false,,"No explicit participant-to-mixer identity mapping or creator/evaluator flag found in evaluations.csv, mixes.csv, retained feature table, or SCHEMA.md.",false,Institution equality alone was not used as self-rating evidence.
evaluation_d31b909a0699,Lead Me,DU-G,mix_f5d86db961c3,participant_cns_cns_c,CNS,mixer_id=DU-G; legacy_mix_code=DU-G; mixer_institution_code=DU,false,,"No explicit participant-to-mixer identity mapping or creator/evaluator flag found in evaluations.csv, mixes.csv, retained feature table, or SCHEMA.md.",false,Institution equality alone was not used as self-rating evidence.
evaluation_7c3fa32086ec,Lead Me,DU-G,mix_f5d86db961c3,participant_cns_cns_l,CNS,mixer_id=DU-G; legacy_mix_code=DU-G; mixer_institution_code=DU,false,,"No explicit participant-to-mixer identity mapping or creator/evaluator flag found in evaluations.csv, mixes.csv, retained feature table, or SCHEMA.md.",false,Institution equality alone was not used as self-rating evidence.
evaluation_9d4a77841248,Lead Me,DU-G,mix_f5d86db961c3,participant_cns_cns_b,CNS,mixer_id=DU-G; legacy_mix_code=DU-G; mixer_institution_code=DU,false,,"No explicit participant-to-mixer identity mapping or creator/evaluator flag found in evaluations.csv, mixes.csv, retained feature table, or SCHEMA.md.",false,Institution equality alone was not used as self-rating evidence.
evaluation_6228bfeaa79f,Lead Me,DU-G,mix_f5d86db961c3,participant_cns_cns_pro,CNS,mixer_id=DU-G; legacy_mix_code=DU-G; mixer_institution_code=DU,false,,"No explicit participant-to-mixer identity mapping or creator/evaluator flag found in evaluations.csv, mixes.csv, retained feature table, or SCHEMA.md.",false,Institution equality alone was not used as self-rating evidence.
evaluation_235082feb571,Lead Me,DU-G,mix_f5d86db961c3,participant_cns_cns_f,CNS,mixer_id=DU-G; legacy_mix_code=DU-G; mixer_institution_code=DU,false,,"No explicit participant-to-mixer identity mapping or creator/evaluator flag found in evaluations.csv, mixes.csv, retained feature table, or SCHEMA.md.",false,Institution equality alone was not used as self-rating evidence.
evaluation_3d267493c228,Lead Me,DU-G,mix_f5d86db961c3,participant_cns_cns_g,CNS,mixer_id=DU-G; legacy_mix_code=DU-G; mixer_institution_code=DU,false,,"No explicit participant-to-mixer identity mapping or creator/evaluator flag found in evaluations.csv, mixes.csv, retained feature table, or SCHEMA.md.",false,Institution equality alone was not used as self-rating evidence.
evaluation_fd4ab0c172e8,Lead Me,DU-G,mix_f5d86db961c3,participant_cns_cns_h,CNS,mixer_id=DU-G; legacy_mix_code=DU-G; mixer_institution_code=DU,false,,"No explicit participant-to-mixer identity mapping or creator/evaluator flag found in evaluations.csv, mixes.csv, retained feature table, or SCHEMA.md.",false,Institution equality alone was not used as self-rating evidence.
evaluation_a1aa6ea402ad,Lead Me,DU-G,mix_f5d86db961c3,participant_cns_cns_i,CNS,mixer_id=DU-G; legacy_mix_code=DU-G; mixer_institution_code=DU,false,,"No explicit participant-to-mixer identity mapping or creator/evaluator flag found in evaluations.csv, mixes.csv, retained feature table, or SCHEMA.md.",false,Institution equality alone was not used as self-rating evidence.
evaluation_399a0a6e6e9a,Lead Me,DU-G,mix_f5d86db961c3,participant_cns_cns_a,CNS,mixer_id=DU-G; legacy_mix_code=DU-G; mixer_institution_code=DU,false,,"No explicit participant-to-mixer identity mapping or creator/evaluator flag found in evaluations.csv, mixes.csv, retained feature table, or SCHEMA.md.",false,Institution equality alone was not used as self-rating evidence.
evaluation_c1ce13af6dc1,Lead Me,DU-G,mix_f5d86db961c3,participant_cns_cns_e,CNS,mixer_id=DU-G; legacy_mix_code=DU-G; mixer_institution_code=DU,false,,"No explicit participant-to-mixer identity mapping or creator/evaluator flag found in evaluations.csv, mixes.csv, retained feature table, or SCHEMA.md.",false,Institution equality alone was not used as self-rating evidence.
evaluation_cb1c3c921d42,Lead Me,DU-G,mix_f5d86db961c3,participant_cns_cns_k,CNS,mixer_id=DU-G; legacy_mix_code=DU-G; mixer_institution_code=DU,false,,"No explicit participant-to-mixer identity mapping or creator/evaluator flag found in evaluations.csv, mixes.csv, retained feature table, or SCHEMA.md.",false,Institution equality alone was not used as self-rating evidence.
evaluation_41ff06ea2281,Lead Me,DU-G,mix_f5d86db961c3,participant_du_du_g1,DU,mixer_id=DU-G; legacy_mix_code=DU-G; mixer_institution_code=DU,false,,"No explicit participant-to-mixer identity mapping or creator/evaluator flag found in evaluations.csv, mixes.csv, retained feature table, or SCHEMA.md.",false,Institution equality alone was not used as self-rating evidence.
evaluation_c9ac93a2cffd,Lead Me,DU-G,mix_f5d86db961c3,participant_du_du_k2,DU,mixer_id=DU-G; legacy_mix_code=DU-G; mixer_institution_code=DU,false,,"No explicit participant-to-mixer identity mapping or creator/evaluator flag found in evaluations.csv, mixes.csv, retained feature table, or SCHEMA.md.",false,Institution equality alone was not used as self-rating evidence.
evaluation_e133b1124fca,Lead Me,DU-G,mix_f5d86db961c3,participant_du_du_l1,DU,mixer_id=DU-G; legacy_mix_code=DU-G; mixer_institution_code=DU,false,,"No explicit participant-to-mixer identity mapping or creator/evaluator flag found in evaluations.csv, mixes.csv, retained feature table, or SCHEMA.md.",false,Institution equality alone was not used as self-rating evidence.
evaluation_995b4db545eb,Lead Me,DU-G,mix_f5d86db961c3,participant_du_du_c1,DU,mixer_id=DU-G; legacy_mix_code=DU-G; mixer_institution_code=DU,false,,"No explicit participant-to-mixer identity mapping or creator/evaluator flag found in evaluations.csv, mixes.csv, retained feature table, or SCHEMA.md.",false,Institution equality alone was not used as self-rating evidence.
evaluation_c7349c83e13e,Lead Me,DU-G,mix_f5d86db961c3,participant_du_du_f1,DU,mixer_id=DU-G; legacy_mix_code=DU-G; mixer_institution_code=DU,false,,"No explicit participant-to-mixer identity mapping or creator/evaluator flag found in evaluations.csv, mixes.csv, retained feature table, or SCHEMA.md.",false,Institution equality alone was not used as self-rating evidence.
evaluation_c1ff06149bc1,Lead Me,DU-G,mix_f5d86db961c3,participant_du_du_u3,DU,mixer_id=DU-G; legacy_mix_code=DU-G; mixer_institution_code=DU,false,,"No explicit participant-to-mixer identity mapping or creator/evaluator flag found in evaluations.csv, mixes.csv, retained feature table, or SCHEMA.md.",false,Institution equality alone was not used as self-rating evidence.
evaluation_7a1f471cbd41,Lead Me,DU-G,mix_f5d86db961c3,participant_du_du_d1,DU,mixer_id=DU-G; legacy_mix_code=DU-G; mixer_institution_code=DU,false,,"No explicit participant-to-mixer identity mapping or creator/evaluator flag found in evaluations.csv, mixes.csv, retained feature table, or SCHEMA.md.",false,Institution equality alone was not used as self-rating evidence.
evaluation_da56bb2f87e2,Lead Me,DU-G,mix_f5d86db961c3,participant_du_du_r2,DU,mixer_id=DU-G; legacy_mix_code=DU-G; mixer_institution_code=DU,false,,"No explicit participant-to-mixer identity mapping or creator/evaluator flag found in evaluations.csv, mixes.csv, retained feature table, or SCHEMA.md.",false,Institution equality alone was not used as self-rating evidence.
evaluation_f40e6768c28a,Lead Me,DU-G,mix_f5d86db961c3,participant_du_du_s1,DU,mixer_id=DU-G; legacy_mix_code=DU-G; mixer_institution_code=DU,false,,"No explicit participant-to-mixer identity mapping or creator/evaluator flag found in evaluations.csv, mixes.csv, retained feature table, or SCHEMA.md.",false,Institution equality alone was not used as self-rating evidence.
evaluation_5c77b911fc35,Lead Me,DU-G,mix_f5d86db961c3,participant_du_du_b1,DU,mixer_id=DU-G; legacy_mix_code=DU-G; mixer_institution_code=DU,false,,"No explicit participant-to-mixer identity mapping or creator/evaluator flag found in evaluations.csv, mixes.csv, retained feature table, or SCHEMA.md.",false,Institution equality alone was not used as self-rating evidence.
evaluation_c1533d944b14,Lead Me,DU-G,mix_f5d86db961c3,participant_du_du_m1,DU,mixer_id=DU-G; legacy_mix_code=DU-G; mixer_institution_code=DU,false,,"No explicit participant-to-mixer identity mapping or creator/evaluator flag found in evaluations.csv, mixes.csv, retained feature table, or SCHEMA.md.",false,Institution equality alone was not used as self-rating evidence.
evaluation_d90934a1eb92,Lead Me,DU-G,mix_f5d86db961c3,participant_du_du_t1,DU,mixer_id=DU-G; legacy_mix_code=DU-G; mixer_institution_code=DU,false,,"No explicit participant-to-mixer identity mapping or creator/evaluator flag found in evaluations.csv, mixes.csv, retained feature table, or SCHEMA.md.",false,Institution equality alone was not used as self-rating evidence.
evaluation_9764027986b8,Lead Me,DU-G,mix_f5d86db961c3,participant_du_du_n1,DU,mixer_id=DU-G; legacy_mix_code=DU-G; mixer_institution_code=DU,false,,"No explicit participant-to-mixer identity mapping or creator/evaluator flag found in evaluations.csv, mixes.csv, retained feature table, or SCHEMA.md.",false,Institution equality alone was not used as self-rating evidence.
evaluation_820528cb7d7b,Lead Me,DU-G,mix_f5d86db961c3,participant_du_du_m2,DU,mixer_id=DU-G; legacy_mix_code=DU-G; mixer_institution_code=DU,false,,"No explicit participant-to-mixer identity mapping or creator/evaluator flag found in evaluations.csv, mixes.csv, retained feature table, or SCHEMA.md.",false,Institution equality alone was not used as self-rating evidence.
evaluation_824eb2f787a2,Lead Me,DU-G,mix_f5d86db961c3,participant_du_du_h2,DU,mixer_id=DU-G; legacy_mix_code=DU-G; mixer_institution_code=DU,false,,"No explicit participant-to-mixer identity mapping or creator/evaluator flag found in evaluations.csv, mixes.csv, retained feature table, or SCHEMA.md.",false,Institution equality alone was not used as self-rating evidence.
evaluation_34089a0a7de7,Lead Me,DU-G,mix_f5d86db961c3,participant_du_du_q2,DU,mixer_id=DU-G; legacy_mix_code=DU-G; mixer_institution_code=DU,false,,"No explicit participant-to-mixer identity mapping or creator/evaluator flag found in evaluations.csv, mixes.csv, retained feature table, or SCHEMA.md.",false,Institution equality alone was not used as self-rating evidence.
evaluation_6837dce3fd59,Lead Me,DU-G,mix_f5d86db961c3,participant_du_du_t2,DU,mixer_id=DU-G; legacy_mix_code=DU-G; mixer_institution_code=DU,false,,"No explicit participant-to-mixer identity mapping or creator/evaluator flag found in evaluations.csv, mixes.csv, retained feature table, or SCHEMA.md.",false,Institution equality alone was not used as self-rating evidence.
evaluation_ac0c4146a406,Lead Me,DU-G,mix_f5d86db961c3,participant_du_du_o2,DU,mixer_id=DU-G; legacy_mix_code=DU-G; mixer_institution_code=DU,false,,"No explicit participant-to-mixer identity mapping or creator/evaluator flag found in evaluations.csv, mixes.csv, retained feature table, or SCHEMA.md.",false,Institution equality alone was not used as self-rating evidence.
evaluation_f04787213ebd,Lead Me,DU-G,mix_f5d86db961c3,participant_du_du_p1,DU,mixer_id=DU-G; legacy_mix_code=DU-G; mixer_institution_code=DU,false,,"No explicit participant-to-mixer identity mapping or creator/evaluator flag found in evaluations.csv, mixes.csv, retained feature table, or SCHEMA.md.",false,Institution equality alone was not used as self-rating evidence.
evaluation_dbadc4f0df4f,Lead Me,DU-G,mix_f5d86db961c3,participant_du_du_p2,DU,mixer_id=DU-G; legacy_mix_code=DU-G; mixer_institution_code=DU,false,,"No explicit participant-to-mixer identity mapping or creator/evaluator flag found in evaluations.csv, mixes.csv, retained feature table, or SCHEMA.md.",false,Institution equality alone was not used as self-rating evidence.
evaluation_c664bf4d8c20,Lead Me,DU-G,mix_f5d86db961c3,participant_du_du_i2,DU,mixer_id=DU-G; legacy_mix_code=DU-G; mixer_institution_code=DU,false,,"No explicit participant-to-mixer identity mapping or creator/evaluator flag found in evaluations.csv, mixes.csv, retained feature table, or SCHEMA.md.",false,Institution equality alone was not used as self-rating evidence.
evaluation_fcd134b87e27,Lead Me,DU-G,mix_f5d86db961c3,participant_du_du_c2,DU,mixer_id=DU-G; legacy_mix_code=DU-G; mixer_institution_code=DU,false,,"No explicit participant-to-mixer identity mapping or creator/evaluator flag found in evaluations.csv, mixes.csv, retained feature table, or SCHEMA.md.",false,Institution equality alone was not used as self-rating evidence.
evaluation_31cfc908e70d,Lead Me,DU-G,mix_f5d86db961c3,participant_du_du_k1,DU,mixer_id=DU-G; legacy_mix_code=DU-G; mixer_institution_code=DU,false,,"No explicit participant-to-mixer identity mapping or creator/evaluator flag found in evaluations.csv, mixes.csv, retained feature table, or SCHEMA.md.",false,Institution equality alone was not used as self-rating evidence.
evaluation_2789a993add0,Lead Me,DU-G,mix_f5d86db961c3,participant_du_du_e1,DU,mixer_id=DU-G; legacy_mix_code=DU-G; mixer_institution_code=DU,false,,"No explicit participant-to-mixer identity mapping or creator/evaluator flag found in evaluations.csv, mixes.csv, retained feature table, or SCHEMA.md.",false,Institution equality alone was not used as self-rating evidence.
evaluation_b2a1a570bfb0,Lead Me,DU-G,mix_f5d86db961c3,participant_du_du_j2,DU,mixer_id=DU-G; legacy_mix_code=DU-G; mixer_institution_code=DU,false,,"No explicit participant-to-mixer identity mapping or creator/evaluator flag found in evaluations.csv, mixes.csv, retained feature table, or SCHEMA.md.",false,Institution equality alone was not used as self-rating evidence.
evaluation_fcdddce39061,Lead Me,DU-G,mix_f5d86db961c3,participant_du_du_d2,DU,mixer_id=DU-G; legacy_mix_code=DU-G; mixer_institution_code=DU,false,,"No explicit participant-to-mixer identity mapping or creator/evaluator flag found in evaluations.csv, mixes.csv, retained feature table, or SCHEMA.md.",false,Institution equality alone was not used as self-rating evidence.
evaluation_9164db9a7cd6,Lead Me,DU-G,mix_f5d86db961c3,participant_du_du_o1,DU,mixer_id=DU-G; legacy_mix_code=DU-G; mixer_institution_code=DU,false,,"No explicit participant-to-mixer identity mapping or creator/evaluator flag found in evaluations.csv, mixes.csv, retained feature table, or SCHEMA.md.",false,Institution equality alone was not used as self-rating evidence.
evaluation_d52c470fddb7,Lead Me,DU-G,mix_f5d86db961c3,participant_du_du_a2,DU,mixer_id=DU-G; legacy_mix_code=DU-G; mixer_institution_code=DU,false,,"No explicit participant-to-mixer identity mapping or creator/evaluator flag found in evaluations.csv, mixes.csv, retained feature table, or SCHEMA.md.",false,Institution equality alone was not used as self-rating evidence.
evaluation_e5375c6e1cbc,Lead Me,DU-G,mix_f5d86db961c3,participant_du_du_s2,DU,mixer_id=DU-G; legacy_mix_code=DU-G; mixer_institution_code=DU,false,,"No explicit participant-to-mixer identity mapping or creator/evaluator flag found in evaluations.csv, mixes.csv, retained feature table, or SCHEMA.md.",false,Institution equality alone was not used as self-rating evidence.
evaluation_c0153000205c,Lead Me,DU-G,mix_f5d86db961c3,participant_du_du_u2,DU,mixer_id=DU-G; legacy_mix_code=DU-G; mixer_institution_code=DU,false,,"No explicit participant-to-mixer identity mapping or creator/evaluator flag found in evaluations.csv, mixes.csv, retained feature table, or SCHEMA.md.",false,Institution equality alone was not used as self-rating evidence.
evaluation_b01e9aaf991b,Lead Me,DU-G,mix_f5d86db961c3,participant_du_du_h1,DU,mixer_id=DU-G; legacy_mix_code=DU-G; mixer_institution_code=DU,false,,"No explicit participant-to-mixer identity mapping or creator/evaluator flag found in evaluations.csv, mixes.csv, retained feature table, or SCHEMA.md.",false,Institution equality alone was not used as self-rating evidence.
evaluation_0baee74dffe2,Lead Me,DU-G,mix_f5d86db961c3,participant_du_du_u1,DU,mixer_id=DU-G; legacy_mix_code=DU-G; mixer_institution_code=DU,false,,"No explicit participant-to-mixer identity mapping or creator/evaluator flag found in evaluations.csv, mixes.csv, retained feature table, or SCHEMA.md.",false,Institution equality alone was not used as self-rating evidence.
evaluation_b6301d2ea1f0,Lead Me,DU-G,mix_f5d86db961c3,participant_du_du_g2,DU,mixer_id=DU-G; legacy_mix_code=DU-G; mixer_institution_code=DU,false,,"No explicit participant-to-mixer identity mapping or creator/evaluator flag found in evaluations.csv, mixes.csv, retained feature table, or SCHEMA.md.",false,Institution equality alone was not used as self-rating evidence.
evaluation_4ac9b81ffe1f,Lead Me,DU-G,mix_f5d86db961c3,participant_du_du_q1,DU,mixer_id=DU-G; legacy_mix_code=DU-G; mixer_institution_code=DU,false,,"No explicit participant-to-mixer identity mapping or creator/evaluator flag found in evaluations.csv, mixes.csv, retained feature table, or SCHEMA.md.",false,Institution equality alone was not used as self-rating evidence.
evaluation_a59188115888,Lead Me,DU-G,mix_f5d86db961c3,participant_du_du_f2,DU,mixer_id=DU-G; legacy_mix_code=DU-G; mixer_institution_code=DU,false,,"No explicit participant-to-mixer identity mapping or creator/evaluator flag found in evaluations.csv, mixes.csv, retained feature table, or SCHEMA.md.",false,Institution equality alone was not used as self-rating evidence.
evaluation_fecded394b79,Lead Me,DU-G,mix_f5d86db961c3,participant_du_du_r1,DU,mixer_id=DU-G; legacy_mix_code=DU-G; mixer_institution_code=DU,false,,"No explicit participant-to-mixer identity mapping or creator/evaluator flag found in evaluations.csv, mixes.csv, retained feature table, or SCHEMA.md.",false,Institution equality alone was not used as self-rating evidence.
evaluation_747604ccd5d0,Lead Me,DU-G,mix_f5d86db961c3,participant_du_du_l2,DU,mixer_id=DU-G; legacy_mix_code=DU-G; mixer_institution_code=DU,false,,"No explicit participant-to-mixer identity mapping or creator/evaluator flag found in evaluations.csv, mixes.csv, retained feature table, or SCHEMA.md.",false,Institution equality alone was not used as self-rating evidence.
evaluation_b59fa8df2c67,Lead Me,DU-G,mix_f5d86db961c3,participant_du_du_b2,DU,mixer_id=DU-G; legacy_mix_code=DU-G; mixer_institution_code=DU,false,,"No explicit participant-to-mixer identity mapping or creator/evaluator flag found in evaluations.csv, mixes.csv, retained feature table, or SCHEMA.md.",false,Institution equality alone was not used as self-rating evidence.
evaluation_367be98bdc44,Lead Me,DU-G,mix_f5d86db961c3,participant_du_du_a1,DU,mixer_id=DU-G; legacy_mix_code=DU-G; mixer_institution_code=DU,false,,"No explicit participant-to-mixer identity mapping or creator/evaluator flag found in evaluations.csv, mixes.csv, retained feature table, or SCHEMA.md.",false,Institution equality alone was not used as self-rating evidence.
evaluation_765b370b7a67,Lead Me,DU-G,mix_f5d86db961c3,participant_qut_qut_k,QUT,mixer_id=DU-G; legacy_mix_code=DU-G; mixer_institution_code=DU,false,,"No explicit participant-to-mixer identity mapping or creator/evaluator flag found in evaluations.csv, mixes.csv, retained feature table, or SCHEMA.md.",false,Institution equality alone was not used as self-rating evidence.
evaluation_a14a59c380f1,Lead Me,DU-G,mix_f5d86db961c3,participant_qut_qut_s,QUT,mixer_id=DU-G; legacy_mix_code=DU-G; mixer_institution_code=DU,false,,"No explicit participant-to-mixer identity mapping or creator/evaluator flag found in evaluations.csv, mixes.csv, retained feature table, or SCHEMA.md.",false,Institution equality alone was not used as self-rating evidence.
evaluation_b21554f433cf,Lead Me,DU-G,mix_f5d86db961c3,participant_qut_qut_h,QUT,mixer_id=DU-G; legacy_mix_code=DU-G; mixer_institution_code=DU,false,,"No explicit participant-to-mixer identity mapping or creator/evaluator flag found in evaluations.csv, mixes.csv, retained feature table, or SCHEMA.md.",false,Institution equality alone was not used as self-rating evidence.
evaluation_55fe7d7b2537,Lead Me,DU-G,mix_f5d86db961c3,participant_qut_qut_q,QUT,mixer_id=DU-G; legacy_mix_code=DU-G; mixer_institution_code=DU,false,,"No explicit participant-to-mixer identity mapping or creator/evaluator flag found in evaluations.csv, mixes.csv, retained feature table, or SCHEMA.md.",false,Institution equality alone was not used as self-rating evidence.
evaluation_06d67c666e4e,Lead Me,DU-G,mix_f5d86db961c3,participant_qut_qut_i,QUT,mixer_id=DU-G; legacy_mix_code=DU-G; mixer_institution_code=DU,false,,"No explicit participant-to-mixer identity mapping or creator/evaluator flag found in evaluations.csv, mixes.csv, retained feature table, or SCHEMA.md.",false,Institution equality alone was not used as self-rating evidence.
evaluation_2f579b52d6fe,Lead Me,DU-G,mix_f5d86db961c3,participant_qut_qut_r,QUT,mixer_id=DU-G; legacy_mix_code=DU-G; mixer_institution_code=DU,false,,"No explicit participant-to-mixer identity mapping or creator/evaluator flag found in evaluations.csv, mixes.csv, retained feature table, or SCHEMA.md.",false,Institution equality alone was not used as self-rating evidence.
evaluation_3a1b42479ff8,Lead Me,DU-G,mix_f5d86db961c3,participant_qut_qut_e,QUT,mixer_id=DU-G; legacy_mix_code=DU-G; mixer_institution_code=DU,false,,"No explicit participant-to-mixer identity mapping or creator/evaluator flag found in evaluations.csv, mixes.csv, retained feature table, or SCHEMA.md.",false,Institution equality alone was not used as self-rating evidence.
evaluation_0cdae18ada88,Lead Me,DU-G,mix_f5d86db961c3,participant_qut_qut_n,QUT,mixer_id=DU-G; legacy_mix_code=DU-G; mixer_institution_code=DU,false,,"No explicit participant-to-mixer identity mapping or creator/evaluator flag found in evaluations.csv, mixes.csv, retained feature table, or SCHEMA.md.",false,Institution equality alone was not used as self-rating evidence.
evaluation_bb421179ba81,Lead Me,DU-G,mix_f5d86db961c3,participant_qut_qut_m,QUT,mixer_id=DU-G; legacy_mix_code=DU-G; mixer_institution_code=DU,false,,"No explicit participant-to-mixer identity mapping or creator/evaluator flag found in evaluations.csv, mixes.csv, retained feature table, or SCHEMA.md.",false,Institution equality alone was not used as self-rating evidence.
evaluation_d834538af95f,Lead Me,DU-G,mix_f5d86db961c3,participant_qut_qut_f,QUT,mixer_id=DU-G; legacy_mix_code=DU-G; mixer_institution_code=DU,false,,"No explicit participant-to-mixer identity mapping or creator/evaluator flag found in evaluations.csv, mixes.csv, retained feature table, or SCHEMA.md.",false,Institution equality alone was not used as self-rating evidence.
evaluation_54d10fd6b82c,Lead Me,DU-G,mix_f5d86db961c3,participant_qut_qut_p,QUT,mixer_id=DU-G; legacy_mix_code=DU-G; mixer_institution_code=DU,false,,"No explicit participant-to-mixer identity mapping or creator/evaluator flag found in evaluations.csv, mixes.csv, retained feature table, or SCHEMA.md.",false,Institution equality alone was not used as self-rating evidence.
evaluation_3f64a023962b,Lead Me,DU-G,mix_f5d86db961c3,participant_qut_qut_o,QUT,mixer_id=DU-G; legacy_mix_code=DU-G; mixer_institution_code=DU,false,,"No explicit participant-to-mixer identity mapping or creator/evaluator flag found in evaluations.csv, mixes.csv, retained feature table, or SCHEMA.md.",false,Institution equality alone was not used as self-rating evidence.
evaluation_9a293b067027,Lead Me,DU-G,mix_f5d86db961c3,participant_qut_qut_a,QUT,mixer_id=DU-G; legacy_mix_code=DU-G; mixer_institution_code=DU,false,,"No explicit participant-to-mixer identity mapping or creator/evaluator flag found in evaluations.csv, mixes.csv, retained feature table, or SCHEMA.md.",false,Institution equality alone was not used as self-rating evidence.
evaluation_aa310a84d425,Lead Me,DU-G,mix_f5d86db961c3,participant_qut_qut_pro,QUT,mixer_id=DU-G; legacy_mix_code=DU-G; mixer_institution_code=DU,false,,"No explicit participant-to-mixer identity mapping or creator/evaluator flag found in evaluations.csv, mixes.csv, retained feature table, or SCHEMA.md.",false,Institution equality alone was not used as self-rating evidence.
evaluation_fbbec776d2d3,Lead Me,DU-G,mix_f5d86db961c3,participant_qut_qut_c,QUT,mixer_id=DU-G; legacy_mix_code=DU-G; mixer_institution_code=DU,false,,"No explicit participant-to-mixer identity mapping or creator/evaluator flag found in evaluations.csv, mixes.csv, retained feature table, or SCHEMA.md.",false,Institution equality alone was not used as self-rating evidence.
evaluation_ad08d0b54c28,Lead Me,DU-G,mix_f5d86db961c3,participant_qut_qut_l,QUT,mixer_id=DU-G; legacy_mix_code=DU-G; mixer_institution_code=DU,false,,"No explicit participant-to-mixer identity mapping or creator/evaluator flag found in evaluations.csv, mixes.csv, retained feature table, or SCHEMA.md.",false,Institution equality alone was not used as self-rating evidence.
evaluation_008e9fe82116,Lead Me,McG-A,mix_9346b5d4ade2,participant_mcg_mcg_n,McG,mixer_id=McG-A; legacy_mix_code=McG-A; mixer_institution_code=McG,false,,"No explicit participant-to-mixer identity mapping or creator/evaluator flag found in evaluations.csv, mixes.csv, retained feature table, or SCHEMA.md.",false,Institution equality alone was not used as self-rating evidence.
evaluation_0b81e752514a,Lead Me,McG-A,mix_9346b5d4ade2,participant_mcg_mcg_suba,McG,mixer_id=McG-A; legacy_mix_code=McG-A; mixer_institution_code=McG,false,,"No explicit participant-to-mixer identity mapping or creator/evaluator flag found in evaluations.csv, mixes.csv, retained feature table, or SCHEMA.md.",false,Institution equality alone was not used as self-rating evidence.
evaluation_6ce62969ad7a,Lead Me,McG-A,mix_9346b5d4ade2,participant_mcg_mg2,McG,mixer_id=McG-A; legacy_mix_code=McG-A; mixer_institution_code=McG,false,,"No explicit participant-to-mixer identity mapping or creator/evaluator flag found in evaluations.csv, mixes.csv, retained feature table, or SCHEMA.md.",false,Institution equality alone was not used as self-rating evidence.
evaluation_b0482a2078aa,Lead Me,McG-A,mix_9346b5d4ade2,participant_mcg_mcg_m,McG,mixer_id=McG-A; legacy_mix_code=McG-A; mixer_institution_code=McG,false,,"No explicit participant-to-mixer identity mapping or creator/evaluator flag found in evaluations.csv, mixes.csv, retained feature table, or SCHEMA.md.",false,Institution equality alone was not used as self-rating evidence.
evaluation_03e79df11b6c,Lead Me,McG-A,mix_9346b5d4ade2,participant_mcg_mg6,McG,mixer_id=McG-A; legacy_mix_code=McG-A; mixer_institution_code=McG,false,,"No explicit participant-to-mixer identity mapping or creator/evaluator flag found in evaluations.csv, mixes.csv, retained feature table, or SCHEMA.md.",false,Institution equality alone was not used as self-rating evidence.
evaluation_c808e5dab7e3,Lead Me,McG-A,mix_9346b5d4ade2,participant_mcg_mcg_i,McG,mixer_id=McG-A; legacy_mix_code=McG-A; mixer_institution_code=McG,false,,"No explicit participant-to-mixer identity mapping or creator/evaluator flag found in evaluations.csv, mixes.csv, retained feature table, or SCHEMA.md.",false,Institution equality alone was not used as self-rating evidence.
evaluation_dfc7c63b1fd5,Lead Me,McG-A,mix_9346b5d4ade2,participant_mcg_mcg_pro2,McG,mixer_id=McG-A; legacy_mix_code=McG-A; mixer_institution_code=McG,false,,"No explicit participant-to-mixer identity mapping or creator/evaluator flag found in evaluations.csv, mixes.csv, retained feature table, or SCHEMA.md.",false,Institution equality alone was not used as self-rating evidence.
evaluation_ed5221f031a6,Lead Me,McG-A,mix_9346b5d4ade2,participant_mcg_mcg_l,McG,mixer_id=McG-A; legacy_mix_code=McG-A; mixer_institution_code=McG,false,,"No explicit participant-to-mixer identity mapping or creator/evaluator flag found in evaluations.csv, mixes.csv, retained feature table, or SCHEMA.md.",false,Institution equality alone was not used as self-rating evidence.
evaluation_10b3fd69859a,Lead Me,McG-A,mix_9346b5d4ade2,participant_mcg_mg8,McG,mixer_id=McG-A; legacy_mix_code=McG-A; mixer_institution_code=McG,false,,"No explicit participant-to-mixer identity mapping or creator/evaluator flag found in evaluations.csv, mixes.csv, retained feature table, or SCHEMA.md.",false,Institution equality alone was not used as self-rating evidence.
evaluation_59530607fae4,Lead Me,McG-A,mix_9346b5d4ade2,participant_mcg_mcg_subc,McG,mixer_id=McG-A; legacy_mix_code=McG-A; mixer_institution_code=McG,false,,"No explicit participant-to-mixer identity mapping or creator/evaluator flag found in evaluations.csv, mixes.csv, retained feature table, or SCHEMA.md.",false,Institution equality alone was not used as self-rating evidence.
evaluation_85d6e99cfdfb,Lead Me,McG-A,mix_9346b5d4ade2,participant_mcg_mcg_p,McG,mixer_id=McG-A; legacy_mix_code=McG-A; mixer_institution_code=McG,false,,"No explicit participant-to-mixer identity mapping or creator/evaluator flag found in evaluations.csv, mixes.csv, retained feature table, or SCHEMA.md.",false,Institution equality alone was not used as self-rating evidence.
evaluation_d68beed88b85,Lead Me,McG-A,mix_9346b5d4ade2,participant_mcg_mcg_k,McG,mixer_id=McG-A; legacy_mix_code=McG-A; mixer_institution_code=McG,false,,"No explicit participant-to-mixer identity mapping or creator/evaluator flag found in evaluations.csv, mixes.csv, retained feature table, or SCHEMA.md.",false,Institution equality alone was not used as self-rating evidence.
evaluation_cf53abd1a349,Lead Me,McG-A,mix_9346b5d4ade2,participant_mcg_mg7,McG,mixer_id=McG-A; legacy_mix_code=McG-A; mixer_institution_code=McG,false,,"No explicit participant-to-mixer identity mapping or creator/evaluator flag found in evaluations.csv, mixes.csv, retained feature table, or SCHEMA.md.",false,Institution equality alone was not used as self-rating evidence.
evaluation_7ee1cefffcea,Lead Me,McG-A,mix_9346b5d4ade2,participant_mcg_mg3,McG,mixer_id=McG-A; legacy_mix_code=McG-A; mixer_institution_code=McG,false,,"No explicit participant-to-mixer identity mapping or creator/evaluator flag found in evaluations.csv, mixes.csv, retained feature table, or SCHEMA.md.",false,Institution equality alone was not used as self-rating evidence.
evaluation_2f79bf8a2003,Lead Me,McG-A,mix_9346b5d4ade2,participant_mcg_mg5,McG,mixer_id=McG-A; legacy_mix_code=McG-A; mixer_institution_code=McG,false,,"No explicit participant-to-mixer identity mapping or creator/evaluator flag found in evaluations.csv, mixes.csv, retained feature table, or SCHEMA.md.",false,Institution equality alone was not used as self-rating evidence.
evaluation_2aaa81301dca,Lead Me,McG-A,mix_9346b5d4ade2,participant_mcg_mcg_subd,McG,mixer_id=McG-A; legacy_mix_code=McG-A; mixer_institution_code=McG,false,,"No explicit participant-to-mixer identity mapping or creator/evaluator flag found in evaluations.csv, mixes.csv, retained feature table, or SCHEMA.md.",false,Institution equality alone was not used as self-rating evidence.
evaluation_ad6cf520ec2f,Lead Me,McG-A,mix_9346b5d4ade2,participant_mcg_mcg_j,McG,mixer_id=McG-A; legacy_mix_code=McG-A; mixer_institution_code=McG,false,,"No explicit participant-to-mixer identity mapping or creator/evaluator flag found in evaluations.csv, mixes.csv, retained feature table, or SCHEMA.md.",false,Institution equality alone was not used as self-rating evidence.
evaluation_c0254c35a296,Lead Me,McG-A,mix_9346b5d4ade2,participant_mcg_mcg_o,McG,mixer_id=McG-A; legacy_mix_code=McG-A; mixer_institution_code=McG,false,,"No explicit participant-to-mixer identity mapping or creator/evaluator flag found in evaluations.csv, mixes.csv, retained feature table, or SCHEMA.md.",false,Institution equality alone was not used as self-rating evidence.
evaluation_4dae614b8921,Lead Me,McG-A,mix_9346b5d4ade2,participant_mcg_mg4,McG,mixer_id=McG-A; legacy_mix_code=McG-A; mixer_institution_code=McG,false,,"No explicit participant-to-mixer identity mapping or creator/evaluator flag found in evaluations.csv, mixes.csv, retained feature table, or SCHEMA.md.",false,Institution equality alone was not used as self-rating evidence.
evaluation_2e1358adb762,Lead Me,McG-A,mix_9346b5d4ade2,participant_mcg_mcg_subh,McG,mixer_id=McG-A; legacy_mix_code=McG-A; mixer_institution_code=McG,false,,"No explicit participant-to-mixer identity mapping or creator/evaluator flag found in evaluations.csv, mixes.csv, retained feature table, or SCHEMA.md.",false,Institution equality alone was not used as self-rating evidence.
evaluation_3f9009276abe,Lead Me,McG-A,mix_9346b5d4ade2,participant_mcg_mg1,McG,mixer_id=McG-A; legacy_mix_code=McG-A; mixer_institution_code=McG,false,,"No explicit participant-to-mixer identity mapping or creator/evaluator flag found in evaluations.csv, mixes.csv, retained feature table, or SCHEMA.md.",false,Institution equality alone was not used as self-rating evidence.
evaluation_ad30b0170e75,Lead Me,McG-A,mix_9346b5d4ade2,participant_mcg_mcg_pro1,McG,mixer_id=McG-A; legacy_mix_code=McG-A; mixer_institution_code=McG,false,,"No explicit participant-to-mixer identity mapping or creator/evaluator flag found in evaluations.csv, mixes.csv, retained feature table, or SCHEMA.md.",false,Institution equality alone was not used as self-rating evidence.
evaluation_3629d4c8cfe3,Lead Me,McG-A,mix_9346b5d4ade2,participant_mcg_mg9,McG,mixer_id=McG-A; legacy_mix_code=McG-A; mixer_institution_code=McG,false,,"No explicit participant-to-mixer identity mapping or creator/evaluator flag found in evaluations.csv, mixes.csv, retained feature table, or SCHEMA.md.",false,Institution equality alone was not used as self-rating evidence.
evaluation_66726e6025f4,Lead Me,McG-A,mix_9346b5d4ade2,participant_qm_qm_21,QM,mixer_id=McG-A; legacy_mix_code=McG-A; mixer_institution_code=McG,false,,"No explicit participant-to-mixer identity mapping or creator/evaluator flag found in evaluations.csv, mixes.csv, retained feature table, or SCHEMA.md.",false,Institution equality alone was not used as self-rating evidence.
evaluation_191d46803061,Lead Me,McG-A,mix_9346b5d4ade2,participant_qm_qm_11,QM,mixer_id=McG-A; legacy_mix_code=McG-A; mixer_institution_code=McG,false,,"No explicit participant-to-mixer identity mapping or creator/evaluator flag found in evaluations.csv, mixes.csv, retained feature table, or SCHEMA.md.",false,Institution equality alone was not used as self-rating evidence.
evaluation_7b301e26cf1e,Lead Me,McG-A,mix_9346b5d4ade2,participant_qm_qm_16,QM,mixer_id=McG-A; legacy_mix_code=McG-A; mixer_institution_code=McG,false,,"No explicit participant-to-mixer identity mapping or creator/evaluator flag found in evaluations.csv, mixes.csv, retained feature table, or SCHEMA.md.",false,Institution equality alone was not used as self-rating evidence.
evaluation_6440ca464b80,Lead Me,McG-A,mix_9346b5d4ade2,participant_qm_qm_1,QM,mixer_id=McG-A; legacy_mix_code=McG-A; mixer_institution_code=McG,false,,"No explicit participant-to-mixer identity mapping or creator/evaluator flag found in evaluations.csv, mixes.csv, retained feature table, or SCHEMA.md.",false,Institution equality alone was not used as self-rating evidence.
evaluation_3d0d15a353ac,Lead Me,McG-A,mix_9346b5d4ade2,participant_qm_qm_6,QM,mixer_id=McG-A; legacy_mix_code=McG-A; mixer_institution_code=McG,false,,"No explicit participant-to-mixer identity mapping or creator/evaluator flag found in evaluations.csv, mixes.csv, retained feature table, or SCHEMA.md.",false,Institution equality alone was not used as self-rating evidence.
evaluation_64b0354068d9,Lead Me,McG-A,mix_9346b5d4ade2,participant_qm_qm_18,QM,mixer_id=McG-A; legacy_mix_code=McG-A; mixer_institution_code=McG,false,,"No explicit participant-to-mixer identity mapping or creator/evaluator flag found in evaluations.csv, mixes.csv, retained feature table, or SCHEMA.md.",false,Institution equality alone was not used as self-rating evidence.
evaluation_6fdc13acd681,Lead Me,McG-A,mix_9346b5d4ade2,participant_qm_qm_3,QM,mixer_id=McG-A; legacy_mix_code=McG-A; mixer_institution_code=McG,false,,"No explicit participant-to-mixer identity mapping or creator/evaluator flag found in evaluations.csv, mixes.csv, retained feature table, or SCHEMA.md.",false,Institution equality alone was not used as self-rating evidence.
evaluation_294cef1500b3,Lead Me,McG-A,mix_9346b5d4ade2,participant_qm_qm_9,QM,mixer_id=McG-A; legacy_mix_code=McG-A; mixer_institution_code=McG,false,,"No explicit participant-to-mixer identity mapping or creator/evaluator flag found in evaluations.csv, mixes.csv, retained feature table, or SCHEMA.md.",false,Institution equality alone was not used as self-rating evidence.
evaluation_12f019a729dd,Lead Me,McG-A,mix_9346b5d4ade2,participant_qm_qm_13,QM,mixer_id=McG-A; legacy_mix_code=McG-A; mixer_institution_code=McG,false,,"No explicit participant-to-mixer identity mapping or creator/evaluator flag found in evaluations.csv, mixes.csv, retained feature table, or SCHEMA.md.",false,Institution equality alone was not used as self-rating evidence.
evaluation_b431f47824d4,Lead Me,McG-A,mix_9346b5d4ade2,participant_qm_qm_20,QM,mixer_id=McG-A; legacy_mix_code=McG-A; mixer_institution_code=McG,false,,"No explicit participant-to-mixer identity mapping or creator/evaluator flag found in evaluations.csv, mixes.csv, retained feature table, or SCHEMA.md.",false,Institution equality alone was not used as self-rating evidence.
evaluation_eb80b924ed76,Lead Me,McG-A,mix_9346b5d4ade2,participant_smc_smc_25,SMC,mixer_id=McG-A; legacy_mix_code=McG-A; mixer_institution_code=McG,false,,"No explicit participant-to-mixer identity mapping or creator/evaluator flag found in evaluations.csv, mixes.csv, retained feature table, or SCHEMA.md.",false,Institution equality alone was not used as self-rating evidence.
evaluation_9995c5b54755,Lead Me,McG-A,mix_9346b5d4ade2,participant_smc_smc_1,SMC,mixer_id=McG-A; legacy_mix_code=McG-A; mixer_institution_code=McG,false,,"No explicit participant-to-mixer identity mapping or creator/evaluator flag found in evaluations.csv, mixes.csv, retained feature table, or SCHEMA.md.",false,Institution equality alone was not used as self-rating evidence.
evaluation_05e13edddc1c,Lead Me,McG-A,mix_9346b5d4ade2,participant_smc_smc_13,SMC,mixer_id=McG-A; legacy_mix_code=McG-A; mixer_institution_code=McG,false,,"No explicit participant-to-mixer identity mapping or creator/evaluator flag found in evaluations.csv, mixes.csv, retained feature table, or SCHEMA.md.",false,Institution equality alone was not used as self-rating evidence.
evaluation_c4d6788e711f,Lead Me,McG-A,mix_9346b5d4ade2,participant_smc_smc_0,SMC,mixer_id=McG-A; legacy_mix_code=McG-A; mixer_institution_code=McG,false,,"No explicit participant-to-mixer identity mapping or creator/evaluator flag found in evaluations.csv, mixes.csv, retained feature table, or SCHEMA.md.",false,Institution equality alone was not used as self-rating evidence.
evaluation_921c338cd047,Lead Me,McG-B,mix_5aa762fa5def,participant_mcg_mcg_n,McG,mixer_id=McG-B; legacy_mix_code=McG-B; mixer_institution_code=McG,false,,"No explicit participant-to-mixer identity mapping or creator/evaluator flag found in evaluations.csv, mixes.csv, retained feature table, or SCHEMA.md.",false,Institution equality alone was not used as self-rating evidence.
evaluation_459ceedea189,Lead Me,McG-B,mix_5aa762fa5def,participant_mcg_mcg_suba,McG,mixer_id=McG-B; legacy_mix_code=McG-B; mixer_institution_code=McG,false,,"No explicit participant-to-mixer identity mapping or creator/evaluator flag found in evaluations.csv, mixes.csv, retained feature table, or SCHEMA.md.",false,Institution equality alone was not used as self-rating evidence.
evaluation_0895d817b8e2,Lead Me,McG-B,mix_5aa762fa5def,participant_mcg_mg2,McG,mixer_id=McG-B; legacy_mix_code=McG-B; mixer_institution_code=McG,false,,"No explicit participant-to-mixer identity mapping or creator/evaluator flag found in evaluations.csv, mixes.csv, retained feature table, or SCHEMA.md.",false,Institution equality alone was not used as self-rating evidence.
evaluation_6ef64e5adc2e,Lead Me,McG-B,mix_5aa762fa5def,participant_mcg_mcg_m,McG,mixer_id=McG-B; legacy_mix_code=McG-B; mixer_institution_code=McG,false,,"No explicit participant-to-mixer identity mapping or creator/evaluator flag found in evaluations.csv, mixes.csv, retained feature table, or SCHEMA.md.",false,Institution equality alone was not used as self-rating evidence.
evaluation_e6c84fc57ee6,Lead Me,McG-B,mix_5aa762fa5def,participant_mcg_mg6,McG,mixer_id=McG-B; legacy_mix_code=McG-B; mixer_institution_code=McG,false,,"No explicit participant-to-mixer identity mapping or creator/evaluator flag found in evaluations.csv, mixes.csv, retained feature table, or SCHEMA.md.",false,Institution equality alone was not used as self-rating evidence.
evaluation_140547a971f0,Lead Me,McG-B,mix_5aa762fa5def,participant_mcg_mcg_i,McG,mixer_id=McG-B; legacy_mix_code=McG-B; mixer_institution_code=McG,false,,"No explicit participant-to-mixer identity mapping or creator/evaluator flag found in evaluations.csv, mixes.csv, retained feature table, or SCHEMA.md.",false,Institution equality alone was not used as self-rating evidence.
evaluation_dde7e940ecfe,Lead Me,McG-B,mix_5aa762fa5def,participant_mcg_mcg_pro2,McG,mixer_id=McG-B; legacy_mix_code=McG-B; mixer_institution_code=McG,false,,"No explicit participant-to-mixer identity mapping or creator/evaluator flag found in evaluations.csv, mixes.csv, retained feature table, or SCHEMA.md.",false,Institution equality alone was not used as self-rating evidence.
evaluation_a89fabbe5cc1,Lead Me,McG-B,mix_5aa762fa5def,participant_mcg_mcg_l,McG,mixer_id=McG-B; legacy_mix_code=McG-B; mixer_institution_code=McG,false,,"No explicit participant-to-mixer identity mapping or creator/evaluator flag found in evaluations.csv, mixes.csv, retained feature table, or SCHEMA.md.",false,Institution equality alone was not used as self-rating evidence.
evaluation_43b1bd139ffa,Lead Me,McG-B,mix_5aa762fa5def,participant_mcg_mg8,McG,mixer_id=McG-B; legacy_mix_code=McG-B; mixer_institution_code=McG,false,,"No explicit participant-to-mixer identity mapping or creator/evaluator flag found in evaluations.csv, mixes.csv, retained feature table, or SCHEMA.md.",false,Institution equality alone was not used as self-rating evidence.
evaluation_9e3893f09832,Lead Me,McG-B,mix_5aa762fa5def,participant_mcg_mcg_subc,McG,mixer_id=McG-B; legacy_mix_code=McG-B; mixer_institution_code=McG,false,,"No explicit participant-to-mixer identity mapping or creator/evaluator flag found in evaluations.csv, mixes.csv, retained feature table, or SCHEMA.md.",false,Institution equality alone was not used as self-rating evidence.
evaluation_9bb994283e7e,Lead Me,McG-B,mix_5aa762fa5def,participant_mcg_mcg_p,McG,mixer_id=McG-B; legacy_mix_code=McG-B; mixer_institution_code=McG,false,,"No explicit participant-to-mixer identity mapping or creator/evaluator flag found in evaluations.csv, mixes.csv, retained feature table, or SCHEMA.md.",false,Institution equality alone was not used as self-rating evidence.
evaluation_81e04ade59d7,Lead Me,McG-B,mix_5aa762fa5def,participant_mcg_mcg_k,McG,mixer_id=McG-B; legacy_mix_code=McG-B; mixer_institution_code=McG,false,,"No explicit participant-to-mixer identity mapping or creator/evaluator flag found in evaluations.csv, mixes.csv, retained feature table, or SCHEMA.md.",false,Institution equality alone was not used as self-rating evidence.
evaluation_2ad56bece314,Lead Me,McG-B,mix_5aa762fa5def,participant_mcg_mg7,McG,mixer_id=McG-B; legacy_mix_code=McG-B; mixer_institution_code=McG,false,,"No explicit participant-to-mixer identity mapping or creator/evaluator flag found in evaluations.csv, mixes.csv, retained feature table, or SCHEMA.md.",false,Institution equality alone was not used as self-rating evidence.
evaluation_3c0722fe7c4c,Lead Me,McG-B,mix_5aa762fa5def,participant_mcg_mg3,McG,mixer_id=McG-B; legacy_mix_code=McG-B; mixer_institution_code=McG,false,,"No explicit participant-to-mixer identity mapping or creator/evaluator flag found in evaluations.csv, mixes.csv, retained feature table, or SCHEMA.md.",false,Institution equality alone was not used as self-rating evidence.
evaluation_6ce22c24605a,Lead Me,McG-B,mix_5aa762fa5def,participant_mcg_mg5,McG,mixer_id=McG-B; legacy_mix_code=McG-B; mixer_institution_code=McG,false,,"No explicit participant-to-mixer identity mapping or creator/evaluator flag found in evaluations.csv, mixes.csv, retained feature table, or SCHEMA.md.",false,Institution equality alone was not used as self-rating evidence.
evaluation_321cbbd4fe8c,Lead Me,McG-B,mix_5aa762fa5def,participant_mcg_mcg_subd,McG,mixer_id=McG-B; legacy_mix_code=McG-B; mixer_institution_code=McG,false,,"No explicit participant-to-mixer identity mapping or creator/evaluator flag found in evaluations.csv, mixes.csv, retained feature table, or SCHEMA.md.",false,Institution equality alone was not used as self-rating evidence.
evaluation_148fd2f45c47,Lead Me,McG-B,mix_5aa762fa5def,participant_mcg_mcg_j,McG,mixer_id=McG-B; legacy_mix_code=McG-B; mixer_institution_code=McG,false,,"No explicit participant-to-mixer identity mapping or creator/evaluator flag found in evaluations.csv, mixes.csv, retained feature table, or SCHEMA.md.",false,Institution equality alone was not used as self-rating evidence.
evaluation_e606cd3479c8,Lead Me,McG-B,mix_5aa762fa5def,participant_mcg_mcg_o,McG,mixer_id=McG-B; legacy_mix_code=McG-B; mixer_institution_code=McG,false,,"No explicit participant-to-mixer identity mapping or creator/evaluator flag found in evaluations.csv, mixes.csv, retained feature table, or SCHEMA.md.",false,Institution equality alone was not used as self-rating evidence.
evaluation_fe47fbfcfbfa,Lead Me,McG-B,mix_5aa762fa5def,participant_mcg_mg4,McG,mixer_id=McG-B; legacy_mix_code=McG-B; mixer_institution_code=McG,false,,"No explicit participant-to-mixer identity mapping or creator/evaluator flag found in evaluations.csv, mixes.csv, retained feature table, or SCHEMA.md.",false,Institution equality alone was not used as self-rating evidence.
evaluation_8144b04edd5a,Lead Me,McG-B,mix_5aa762fa5def,participant_mcg_mcg_subh,McG,mixer_id=McG-B; legacy_mix_code=McG-B; mixer_institution_code=McG,false,,"No explicit participant-to-mixer identity mapping or creator/evaluator flag found in evaluations.csv, mixes.csv, retained feature table, or SCHEMA.md.",false,Institution equality alone was not used as self-rating evidence.
evaluation_186ac4545186,Lead Me,McG-B,mix_5aa762fa5def,participant_mcg_mg1,McG,mixer_id=McG-B; legacy_mix_code=McG-B; mixer_institution_code=McG,false,,"No explicit participant-to-mixer identity mapping or creator/evaluator flag found in evaluations.csv, mixes.csv, retained feature table, or SCHEMA.md.",false,Institution equality alone was not used as self-rating evidence.
evaluation_c799c207f60d,Lead Me,McG-B,mix_5aa762fa5def,participant_mcg_mcg_pro1,McG,mixer_id=McG-B; legacy_mix_code=McG-B; mixer_institution_code=McG,false,,"No explicit participant-to-mixer identity mapping or creator/evaluator flag found in evaluations.csv, mixes.csv, retained feature table, or SCHEMA.md.",false,Institution equality alone was not used as self-rating evidence.
evaluation_a3f5c784552e,Lead Me,McG-B,mix_5aa762fa5def,participant_mcg_mg9,McG,mixer_id=McG-B; legacy_mix_code=McG-B; mixer_institution_code=McG,false,,"No explicit participant-to-mixer identity mapping or creator/evaluator flag found in evaluations.csv, mixes.csv, retained feature table, or SCHEMA.md.",false,Institution equality alone was not used as self-rating evidence.
evaluation_aaee99071cc9,Lead Me,McG-B,mix_5aa762fa5def,participant_qm_qm_21,QM,mixer_id=McG-B; legacy_mix_code=McG-B; mixer_institution_code=McG,false,,"No explicit participant-to-mixer identity mapping or creator/evaluator flag found in evaluations.csv, mixes.csv, retained feature table, or SCHEMA.md.",false,Institution equality alone was not used as self-rating evidence.
evaluation_665882f0eee6,Lead Me,McG-B,mix_5aa762fa5def,participant_qm_qm_11,QM,mixer_id=McG-B; legacy_mix_code=McG-B; mixer_institution_code=McG,false,,"No explicit participant-to-mixer identity mapping or creator/evaluator flag found in evaluations.csv, mixes.csv, retained feature table, or SCHEMA.md.",false,Institution equality alone was not used as self-rating evidence.
evaluation_2d82383efb9b,Lead Me,McG-B,mix_5aa762fa5def,participant_qm_qm_16,QM,mixer_id=McG-B; legacy_mix_code=McG-B; mixer_institution_code=McG,false,,"No explicit participant-to-mixer identity mapping or creator/evaluator flag found in evaluations.csv, mixes.csv, retained feature table, or SCHEMA.md.",false,Institution equality alone was not used as self-rating evidence.
evaluation_223e73551926,Lead Me,McG-B,mix_5aa762fa5def,participant_qm_qm_1,QM,mixer_id=McG-B; legacy_mix_code=McG-B; mixer_institution_code=McG,false,,"No explicit participant-to-mixer identity mapping or creator/evaluator flag found in evaluations.csv, mixes.csv, retained feature table, or SCHEMA.md.",false,Institution equality alone was not used as self-rating evidence.
evaluation_a9ecf9848d98,Lead Me,McG-B,mix_5aa762fa5def,participant_qm_qm_6,QM,mixer_id=McG-B; legacy_mix_code=McG-B; mixer_institution_code=McG,false,,"No explicit participant-to-mixer identity mapping or creator/evaluator flag found in evaluations.csv, mixes.csv, retained feature table, or SCHEMA.md.",false,Institution equality alone was not used as self-rating evidence.
evaluation_cd71b8c56767,Lead Me,McG-B,mix_5aa762fa5def,participant_qm_qm_18,QM,mixer_id=McG-B; legacy_mix_code=McG-B; mixer_institution_code=McG,false,,"No explicit participant-to-mixer identity mapping or creator/evaluator flag found in evaluations.csv, mixes.csv, retained feature table, or SCHEMA.md.",false,Institution equality alone was not used as self-rating evidence.
evaluation_dada042c9f9b,Lead Me,McG-B,mix_5aa762fa5def,participant_qm_qm_3,QM,mixer_id=McG-B; legacy_mix_code=McG-B; mixer_institution_code=McG,false,,"No explicit participant-to-mixer identity mapping or creator/evaluator flag found in evaluations.csv, mixes.csv, retained feature table, or SCHEMA.md.",false,Institution equality alone was not used as self-rating evidence.
evaluation_6b4f9f2eef31,Lead Me,McG-B,mix_5aa762fa5def,participant_qm_qm_9,QM,mixer_id=McG-B; legacy_mix_code=McG-B; mixer_institution_code=McG,false,,"No explicit participant-to-mixer identity mapping or creator/evaluator flag found in evaluations.csv, mixes.csv, retained feature table, or SCHEMA.md.",false,Institution equality alone was not used as self-rating evidence.
evaluation_42ec535f0bcf,Lead Me,McG-B,mix_5aa762fa5def,participant_qm_qm_13,QM,mixer_id=McG-B; legacy_mix_code=McG-B; mixer_institution_code=McG,false,,"No explicit participant-to-mixer identity mapping or creator/evaluator flag found in evaluations.csv, mixes.csv, retained feature table, or SCHEMA.md.",false,Institution equality alone was not used as self-rating evidence.
evaluation_9bb25eb3e284,Lead Me,McG-B,mix_5aa762fa5def,participant_qm_qm_20,QM,mixer_id=McG-B; legacy_mix_code=McG-B; mixer_institution_code=McG,false,,"No explicit participant-to-mixer identity mapping or creator/evaluator flag found in evaluations.csv, mixes.csv, retained feature table, or SCHEMA.md.",false,Institution equality alone was not used as self-rating evidence.
evaluation_cd51fbc5af39,Lead Me,McG-B,mix_5aa762fa5def,participant_smc_smc_25,SMC,mixer_id=McG-B; legacy_mix_code=McG-B; mixer_institution_code=McG,false,,"No explicit participant-to-mixer identity mapping or creator/evaluator flag found in evaluations.csv, mixes.csv, retained feature table, or SCHEMA.md.",false,Institution equality alone was not used as self-rating evidence.
evaluation_24631340e075,Lead Me,McG-B,mix_5aa762fa5def,participant_smc_smc_1,SMC,mixer_id=McG-B; legacy_mix_code=McG-B; mixer_institution_code=McG,false,,"No explicit participant-to-mixer identity mapping or creator/evaluator flag found in evaluations.csv, mixes.csv, retained feature table, or SCHEMA.md.",false,Institution equality alone was not used as self-rating evidence.
evaluation_26e795fccc6e,Lead Me,McG-B,mix_5aa762fa5def,participant_smc_smc_13,SMC,mixer_id=McG-B; legacy_mix_code=McG-B; mixer_institution_code=McG,false,,"No explicit participant-to-mixer identity mapping or creator/evaluator flag found in evaluations.csv, mixes.csv, retained feature table, or SCHEMA.md.",false,Institution equality alone was not used as self-rating evidence.
evaluation_339d28ad10b4,Lead Me,McG-B,mix_5aa762fa5def,participant_smc_smc_0,SMC,mixer_id=McG-B; legacy_mix_code=McG-B; mixer_institution_code=McG,false,,"No explicit participant-to-mixer identity mapping or creator/evaluator flag found in evaluations.csv, mixes.csv, retained feature table, or SCHEMA.md.",false,Institution equality alone was not used as self-rating evidence.
evaluation_722bf4caf4be,Lead Me,McG-B,mix_5aa762fa5def,participant_ucp_ucp_a4,UCP,mixer_id=McG-B; legacy_mix_code=McG-B; mixer_institution_code=McG,false,,"No explicit participant-to-mixer identity mapping or creator/evaluator flag found in evaluations.csv, mixes.csv, retained feature table, or SCHEMA.md.",false,Institution equality alone was not used as self-rating evidence.
evaluation_6b16d4c41b64,Lead Me,McG-B,mix_5aa762fa5def,participant_ucp_ucp_b5,UCP,mixer_id=McG-B; legacy_mix_code=McG-B; mixer_institution_code=McG,false,,"No explicit participant-to-mixer identity mapping or creator/evaluator flag found in evaluations.csv, mixes.csv, retained feature table, or SCHEMA.md.",false,Institution equality alone was not used as self-rating evidence.
evaluation_67bdb5b1bca2,Lead Me,McG-B,mix_5aa762fa5def,participant_ucp_ucp_a2,UCP,mixer_id=McG-B; legacy_mix_code=McG-B; mixer_institution_code=McG,false,,"No explicit participant-to-mixer identity mapping or creator/evaluator flag found in evaluations.csv, mixes.csv, retained feature table, or SCHEMA.md.",false,Institution equality alone was not used as self-rating evidence.
evaluation_fd4adaed62af,Lead Me,McG-B,mix_5aa762fa5def,participant_ucp_ucp_b2,UCP,mixer_id=McG-B; legacy_mix_code=McG-B; mixer_institution_code=McG,false,,"No explicit participant-to-mixer identity mapping or creator/evaluator flag found in evaluations.csv, mixes.csv, retained feature table, or SCHEMA.md.",false,Institution equality alone was not used as self-rating evidence.
evaluation_d118208a99f2,Lead Me,McG-B,mix_5aa762fa5def,participant_ucp_ucp_a5,UCP,mixer_id=McG-B; legacy_mix_code=McG-B; mixer_institution_code=McG,false,,"No explicit participant-to-mixer identity mapping or creator/evaluator flag found in evaluations.csv, mixes.csv, retained feature table, or SCHEMA.md.",false,Institution equality alone was not used as self-rating evidence.
evaluation_9e23771978f6,Lead Me,McG-B,mix_5aa762fa5def,participant_ucp_ucp_a1,UCP,mixer_id=McG-B; legacy_mix_code=McG-B; mixer_institution_code=McG,false,,"No explicit participant-to-mixer identity mapping or creator/evaluator flag found in evaluations.csv, mixes.csv, retained feature table, or SCHEMA.md.",false,Institution equality alone was not used as self-rating evidence.
evaluation_0cbe93b2432b,Lead Me,McG-B,mix_5aa762fa5def,participant_ucp_ucp_b3,UCP,mixer_id=McG-B; legacy_mix_code=McG-B; mixer_institution_code=McG,false,,"No explicit participant-to-mixer identity mapping or creator/evaluator flag found in evaluations.csv, mixes.csv, retained feature table, or SCHEMA.md.",false,Institution equality alone was not used as self-rating evidence.
evaluation_49671a287f1b,Lead Me,McG-B,mix_5aa762fa5def,participant_ucp_ucp_b4,UCP,mixer_id=McG-B; legacy_mix_code=McG-B; mixer_institution_code=McG,false,,"No explicit participant-to-mixer identity mapping or creator/evaluator flag found in evaluations.csv, mixes.csv, retained feature table, or SCHEMA.md.",false,Institution equality alone was not used as self-rating evidence.
evaluation_461259fc969c,Lead Me,McG-B,mix_5aa762fa5def,participant_ucp_ucp_b1,UCP,mixer_id=McG-B; legacy_mix_code=McG-B; mixer_institution_code=McG,false,,"No explicit participant-to-mixer identity mapping or creator/evaluator flag found in evaluations.csv, mixes.csv, retained feature table, or SCHEMA.md.",false,Institution equality alone was not used as self-rating evidence.
evaluation_252dbd683446,Lead Me,McG-B,mix_5aa762fa5def,participant_ucp_ucp_a3,UCP,mixer_id=McG-B; legacy_mix_code=McG-B; mixer_institution_code=McG,false,,"No explicit participant-to-mixer identity mapping or creator/evaluator flag found in evaluations.csv, mixes.csv, retained feature table, or SCHEMA.md.",false,Institution equality alone was not used as self-rating evidence.
evaluation_dc6318a7b5fc,Lead Me,McG-C,mix_7b5a2d66116b,participant_cns_cns_j,CNS,mixer_id=McG-C; legacy_mix_code=McG-C; mixer_institution_code=McG,false,,"No explicit participant-to-mixer identity mapping or creator/evaluator flag found in evaluations.csv, mixes.csv, retained feature table, or SCHEMA.md.",false,Institution equality alone was not used as self-rating evidence.
evaluation_6ac9f4a137b6,Lead Me,McG-C,mix_7b5a2d66116b,participant_cns_cns_5,CNS,mixer_id=McG-C; legacy_mix_code=McG-C; mixer_institution_code=McG,false,,"No explicit participant-to-mixer identity mapping or creator/evaluator flag found in evaluations.csv, mixes.csv, retained feature table, or SCHEMA.md.",false,Institution equality alone was not used as self-rating evidence.
evaluation_725f18ae4478,Lead Me,McG-C,mix_7b5a2d66116b,participant_cns_cns_d,CNS,mixer_id=McG-C; legacy_mix_code=McG-C; mixer_institution_code=McG,false,,"No explicit participant-to-mixer identity mapping or creator/evaluator flag found in evaluations.csv, mixes.csv, retained feature table, or SCHEMA.md.",false,Institution equality alone was not used as self-rating evidence.
evaluation_0f8115a7a935,Lead Me,McG-C,mix_7b5a2d66116b,participant_cns_cns_c,CNS,mixer_id=McG-C; legacy_mix_code=McG-C; mixer_institution_code=McG,false,,"No explicit participant-to-mixer identity mapping or creator/evaluator flag found in evaluations.csv, mixes.csv, retained feature table, or SCHEMA.md.",false,Institution equality alone was not used as self-rating evidence.
evaluation_9f8e87d526a9,Lead Me,McG-C,mix_7b5a2d66116b,participant_cns_cns_l,CNS,mixer_id=McG-C; legacy_mix_code=McG-C; mixer_institution_code=McG,false,,"No explicit participant-to-mixer identity mapping or creator/evaluator flag found in evaluations.csv, mixes.csv, retained feature table, or SCHEMA.md.",false,Institution equality alone was not used as self-rating evidence.
evaluation_0bcfb1b06e00,Lead Me,McG-C,mix_7b5a2d66116b,participant_cns_cns_b,CNS,mixer_id=McG-C; legacy_mix_code=McG-C; mixer_institution_code=McG,false,,"No explicit participant-to-mixer identity mapping or creator/evaluator flag found in evaluations.csv, mixes.csv, retained feature table, or SCHEMA.md.",false,Institution equality alone was not used as self-rating evidence.
evaluation_bc15671a7731,Lead Me,McG-C,mix_7b5a2d66116b,participant_cns_cns_pro,CNS,mixer_id=McG-C; legacy_mix_code=McG-C; mixer_institution_code=McG,false,,"No explicit participant-to-mixer identity mapping or creator/evaluator flag found in evaluations.csv, mixes.csv, retained feature table, or SCHEMA.md.",false,Institution equality alone was not used as self-rating evidence.
evaluation_36359e475fb2,Lead Me,McG-C,mix_7b5a2d66116b,participant_cns_cns_f,CNS,mixer_id=McG-C; legacy_mix_code=McG-C; mixer_institution_code=McG,false,,"No explicit participant-to-mixer identity mapping or creator/evaluator flag found in evaluations.csv, mixes.csv, retained feature table, or SCHEMA.md.",false,Institution equality alone was not used as self-rating evidence.
evaluation_6c1fef3ad970,Lead Me,McG-C,mix_7b5a2d66116b,participant_cns_cns_g,CNS,mixer_id=McG-C; legacy_mix_code=McG-C; mixer_institution_code=McG,false,,"No explicit participant-to-mixer identity mapping or creator/evaluator flag found in evaluations.csv, mixes.csv, retained feature table, or SCHEMA.md.",false,Institution equality alone was not used as self-rating evidence.
evaluation_48470cb99a8f,Lead Me,McG-C,mix_7b5a2d66116b,participant_cns_cns_h,CNS,mixer_id=McG-C; legacy_mix_code=McG-C; mixer_institution_code=McG,false,,"No explicit participant-to-mixer identity mapping or creator/evaluator flag found in evaluations.csv, mixes.csv, retained feature table, or SCHEMA.md.",false,Institution equality alone was not used as self-rating evidence.
evaluation_53dbff2d0c31,Lead Me,McG-C,mix_7b5a2d66116b,participant_cns_cns_i,CNS,mixer_id=McG-C; legacy_mix_code=McG-C; mixer_institution_code=McG,false,,"No explicit participant-to-mixer identity mapping or creator/evaluator flag found in evaluations.csv, mixes.csv, retained feature table, or SCHEMA.md.",false,Institution equality alone was not used as self-rating evidence.
evaluation_6e141abd7dcf,Lead Me,McG-C,mix_7b5a2d66116b,participant_cns_cns_a,CNS,mixer_id=McG-C; legacy_mix_code=McG-C; mixer_institution_code=McG,false,,"No explicit participant-to-mixer identity mapping or creator/evaluator flag found in evaluations.csv, mixes.csv, retained feature table, or SCHEMA.md.",false,Institution equality alone was not used as self-rating evidence.
evaluation_f2172bb1eae9,Lead Me,McG-C,mix_7b5a2d66116b,participant_cns_cns_e,CNS,mixer_id=McG-C; legacy_mix_code=McG-C; mixer_institution_code=McG,false,,"No explicit participant-to-mixer identity mapping or creator/evaluator flag found in evaluations.csv, mixes.csv, retained feature table, or SCHEMA.md.",false,Institution equality alone was not used as self-rating evidence.
evaluation_bc0dc4e4e28a,Lead Me,McG-C,mix_7b5a2d66116b,participant_cns_cns_k,CNS,mixer_id=McG-C; legacy_mix_code=McG-C; mixer_institution_code=McG,false,,"No explicit participant-to-mixer identity mapping or creator/evaluator flag found in evaluations.csv, mixes.csv, retained feature table, or SCHEMA.md.",false,Institution equality alone was not used as self-rating evidence.
evaluation_761a684fabf6,Lead Me,McG-C,mix_7b5a2d66116b,participant_mcg_mcg_n,McG,mixer_id=McG-C; legacy_mix_code=McG-C; mixer_institution_code=McG,false,,"No explicit participant-to-mixer identity mapping or creator/evaluator flag found in evaluations.csv, mixes.csv, retained feature table, or SCHEMA.md.",false,Institution equality alone was not used as self-rating evidence.
evaluation_964fb264e59f,Lead Me,McG-C,mix_7b5a2d66116b,participant_mcg_mcg_suba,McG,mixer_id=McG-C; legacy_mix_code=McG-C; mixer_institution_code=McG,false,,"No explicit participant-to-mixer identity mapping or creator/evaluator flag found in evaluations.csv, mixes.csv, retained feature table, or SCHEMA.md.",false,Institution equality alone was not used as self-rating evidence.
evaluation_67394c2381b5,Lead Me,McG-C,mix_7b5a2d66116b,participant_mcg_mg2,McG,mixer_id=McG-C; legacy_mix_code=McG-C; mixer_institution_code=McG,false,,"No explicit participant-to-mixer identity mapping or creator/evaluator flag found in evaluations.csv, mixes.csv, retained feature table, or SCHEMA.md.",false,Institution equality alone was not used as self-rating evidence.
evaluation_b26073317b49,Lead Me,McG-C,mix_7b5a2d66116b,participant_mcg_mcg_m,McG,mixer_id=McG-C; legacy_mix_code=McG-C; mixer_institution_code=McG,false,,"No explicit participant-to-mixer identity mapping or creator/evaluator flag found in evaluations.csv, mixes.csv, retained feature table, or SCHEMA.md.",false,Institution equality alone was not used as self-rating evidence.
evaluation_6249c816d988,Lead Me,McG-C,mix_7b5a2d66116b,participant_mcg_mg6,McG,mixer_id=McG-C; legacy_mix_code=McG-C; mixer_institution_code=McG,false,,"No explicit participant-to-mixer identity mapping or creator/evaluator flag found in evaluations.csv, mixes.csv, retained feature table, or SCHEMA.md.",false,Institution equality alone was not used as self-rating evidence.
evaluation_947dc62be776,Lead Me,McG-C,mix_7b5a2d66116b,participant_mcg_mcg_i,McG,mixer_id=McG-C; legacy_mix_code=McG-C; mixer_institution_code=McG,false,,"No explicit participant-to-mixer identity mapping or creator/evaluator flag found in evaluations.csv, mixes.csv, retained feature table, or SCHEMA.md.",false,Institution equality alone was not used as self-rating evidence.
evaluation_06d20e927bec,Lead Me,McG-C,mix_7b5a2d66116b,participant_mcg_mcg_pro2,McG,mixer_id=McG-C; legacy_mix_code=McG-C; mixer_institution_code=McG,false,,"No explicit participant-to-mixer identity mapping or creator/evaluator flag found in evaluations.csv, mixes.csv, retained feature table, or SCHEMA.md.",false,Institution equality alone was not used as self-rating evidence.
evaluation_9d06bf7ead73,Lead Me,McG-C,mix_7b5a2d66116b,participant_mcg_mcg_l,McG,mixer_id=McG-C; legacy_mix_code=McG-C; mixer_institution_code=McG,false,,"No explicit participant-to-mixer identity mapping or creator/evaluator flag found in evaluations.csv, mixes.csv, retained feature table, or SCHEMA.md.",false,Institution equality alone was not used as self-rating evidence.
evaluation_b50065ca488c,Lead Me,McG-C,mix_7b5a2d66116b,participant_mcg_mg8,McG,mixer_id=McG-C; legacy_mix_code=McG-C; mixer_institution_code=McG,false,,"No explicit participant-to-mixer identity mapping or creator/evaluator flag found in evaluations.csv, mixes.csv, retained feature table, or SCHEMA.md.",false,Institution equality alone was not used as self-rating evidence.
evaluation_2a5a600a698f,Lead Me,McG-C,mix_7b5a2d66116b,participant_mcg_mcg_subc,McG,mixer_id=McG-C; legacy_mix_code=McG-C; mixer_institution_code=McG,false,,"No explicit participant-to-mixer identity mapping or creator/evaluator flag found in evaluations.csv, mixes.csv, retained feature table, or SCHEMA.md.",false,Institution equality alone was not used as self-rating evidence.
evaluation_cfdcf617e627,Lead Me,McG-C,mix_7b5a2d66116b,participant_mcg_mcg_p,McG,mixer_id=McG-C; legacy_mix_code=McG-C; mixer_institution_code=McG,false,,"No explicit participant-to-mixer identity mapping or creator/evaluator flag found in evaluations.csv, mixes.csv, retained feature table, or SCHEMA.md.",false,Institution equality alone was not used as self-rating evidence.
evaluation_f0224f76dfaf,Lead Me,McG-C,mix_7b5a2d66116b,participant_mcg_mcg_k,McG,mixer_id=McG-C; legacy_mix_code=McG-C; mixer_institution_code=McG,false,,"No explicit participant-to-mixer identity mapping or creator/evaluator flag found in evaluations.csv, mixes.csv, retained feature table, or SCHEMA.md.",false,Institution equality alone was not used as self-rating evidence.
evaluation_89412f41202c,Lead Me,McG-C,mix_7b5a2d66116b,participant_mcg_mg7,McG,mixer_id=McG-C; legacy_mix_code=McG-C; mixer_institution_code=McG,false,,"No explicit participant-to-mixer identity mapping or creator/evaluator flag found in evaluations.csv, mixes.csv, retained feature table, or SCHEMA.md.",false,Institution equality alone was not used as self-rating evidence.
evaluation_a427b60f3c1d,Lead Me,McG-C,mix_7b5a2d66116b,participant_mcg_mg3,McG,mixer_id=McG-C; legacy_mix_code=McG-C; mixer_institution_code=McG,false,,"No explicit participant-to-mixer identity mapping or creator/evaluator flag found in evaluations.csv, mixes.csv, retained feature table, or SCHEMA.md.",false,Institution equality alone was not used as self-rating evidence.
evaluation_5df236756388,Lead Me,McG-C,mix_7b5a2d66116b,participant_mcg_mg5,McG,mixer_id=McG-C; legacy_mix_code=McG-C; mixer_institution_code=McG,false,,"No explicit participant-to-mixer identity mapping or creator/evaluator flag found in evaluations.csv, mixes.csv, retained feature table, or SCHEMA.md.",false,Institution equality alone was not used as self-rating evidence.
evaluation_2db062c59a68,Lead Me,McG-C,mix_7b5a2d66116b,participant_mcg_mcg_subd,McG,mixer_id=McG-C; legacy_mix_code=McG-C; mixer_institution_code=McG,false,,"No explicit participant-to-mixer identity mapping or creator/evaluator flag found in evaluations.csv, mixes.csv, retained feature table, or SCHEMA.md.",false,Institution equality alone was not used as self-rating evidence.
evaluation_c949c6550034,Lead Me,McG-C,mix_7b5a2d66116b,participant_mcg_mcg_j,McG,mixer_id=McG-C; legacy_mix_code=McG-C; mixer_institution_code=McG,false,,"No explicit participant-to-mixer identity mapping or creator/evaluator flag found in evaluations.csv, mixes.csv, retained feature table, or SCHEMA.md.",false,Institution equality alone was not used as self-rating evidence.
evaluation_2ba39645296f,Lead Me,McG-C,mix_7b5a2d66116b,participant_mcg_mcg_o,McG,mixer_id=McG-C; legacy_mix_code=McG-C; mixer_institution_code=McG,false,,"No explicit participant-to-mixer identity mapping or creator/evaluator flag found in evaluations.csv, mixes.csv, retained feature table, or SCHEMA.md.",false,Institution equality alone was not used as self-rating evidence.
evaluation_eda55aa0a6e0,Lead Me,McG-C,mix_7b5a2d66116b,participant_mcg_mg4,McG,mixer_id=McG-C; legacy_mix_code=McG-C; mixer_institution_code=McG,false,,"No explicit participant-to-mixer identity mapping or creator/evaluator flag found in evaluations.csv, mixes.csv, retained feature table, or SCHEMA.md.",false,Institution equality alone was not used as self-rating evidence.
evaluation_bc17976c3e31,Lead Me,McG-C,mix_7b5a2d66116b,participant_mcg_mcg_subh,McG,mixer_id=McG-C; legacy_mix_code=McG-C; mixer_institution_code=McG,false,,"No explicit participant-to-mixer identity mapping or creator/evaluator flag found in evaluations.csv, mixes.csv, retained feature table, or SCHEMA.md.",false,Institution equality alone was not used as self-rating evidence.
evaluation_798375bda9fc,Lead Me,McG-C,mix_7b5a2d66116b,participant_mcg_mg1,McG,mixer_id=McG-C; legacy_mix_code=McG-C; mixer_institution_code=McG,false,,"No explicit participant-to-mixer identity mapping or creator/evaluator flag found in evaluations.csv, mixes.csv, retained feature table, or SCHEMA.md.",false,Institution equality alone was not used as self-rating evidence.
evaluation_19dff30d98ac,Lead Me,McG-C,mix_7b5a2d66116b,participant_mcg_mcg_pro1,McG,mixer_id=McG-C; legacy_mix_code=McG-C; mixer_institution_code=McG,false,,"No explicit participant-to-mixer identity mapping or creator/evaluator flag found in evaluations.csv, mixes.csv, retained feature table, or SCHEMA.md.",false,Institution equality alone was not used as self-rating evidence.
evaluation_55e8c301d7d8,Lead Me,McG-C,mix_7b5a2d66116b,participant_mcg_mg9,McG,mixer_id=McG-C; legacy_mix_code=McG-C; mixer_institution_code=McG,false,,"No explicit participant-to-mixer identity mapping or creator/evaluator flag found in evaluations.csv, mixes.csv, retained feature table, or SCHEMA.md.",false,Institution equality alone was not used as self-rating evidence.
evaluation_d68084b969ac,Lead Me,McG-C,mix_7b5a2d66116b,participant_qm_qm_21,QM,mixer_id=McG-C; legacy_mix_code=McG-C; mixer_institution_code=McG,false,,"No explicit participant-to-mixer identity mapping or creator/evaluator flag found in evaluations.csv, mixes.csv, retained feature table, or SCHEMA.md.",false,Institution equality alone was not used as self-rating evidence.
evaluation_cf3c2099b568,Lead Me,McG-C,mix_7b5a2d66116b,participant_qm_qm_11,QM,mixer_id=McG-C; legacy_mix_code=McG-C; mixer_institution_code=McG,false,,"No explicit participant-to-mixer identity mapping or creator/evaluator flag found in evaluations.csv, mixes.csv, retained feature table, or SCHEMA.md.",false,Institution equality alone was not used as self-rating evidence.
evaluation_6cc4c375cd2c,Lead Me,McG-C,mix_7b5a2d66116b,participant_qm_qm_16,QM,mixer_id=McG-C; legacy_mix_code=McG-C; mixer_institution_code=McG,false,,"No explicit participant-to-mixer identity mapping or creator/evaluator flag found in evaluations.csv, mixes.csv, retained feature table, or SCHEMA.md.",false,Institution equality alone was not used as self-rating evidence.
evaluation_5fddd029bc97,Lead Me,McG-C,mix_7b5a2d66116b,participant_qm_qm_1,QM,mixer_id=McG-C; legacy_mix_code=McG-C; mixer_institution_code=McG,false,,"No explicit participant-to-mixer identity mapping or creator/evaluator flag found in evaluations.csv, mixes.csv, retained feature table, or SCHEMA.md.",false,Institution equality alone was not used as self-rating evidence.
evaluation_128b5e546c33,Lead Me,McG-C,mix_7b5a2d66116b,participant_qm_qm_6,QM,mixer_id=McG-C; legacy_mix_code=McG-C; mixer_institution_code=McG,false,,"No explicit participant-to-mixer identity mapping or creator/evaluator flag found in evaluations.csv, mixes.csv, retained feature table, or SCHEMA.md.",false,Institution equality alone was not used as self-rating evidence.
evaluation_8140ad32af97,Lead Me,McG-C,mix_7b5a2d66116b,participant_qm_qm_18,QM,mixer_id=McG-C; legacy_mix_code=McG-C; mixer_institution_code=McG,false,,"No explicit participant-to-mixer identity mapping or creator/evaluator flag found in evaluations.csv, mixes.csv, retained feature table, or SCHEMA.md.",false,Institution equality alone was not used as self-rating evidence.
evaluation_23e20cebe389,Lead Me,McG-C,mix_7b5a2d66116b,participant_qm_qm_3,QM,mixer_id=McG-C; legacy_mix_code=McG-C; mixer_institution_code=McG,false,,"No explicit participant-to-mixer identity mapping or creator/evaluator flag found in evaluations.csv, mixes.csv, retained feature table, or SCHEMA.md.",false,Institution equality alone was not used as self-rating evidence.
evaluation_70162153c36b,Lead Me,McG-C,mix_7b5a2d66116b,participant_qm_qm_9,QM,mixer_id=McG-C; legacy_mix_code=McG-C; mixer_institution_code=McG,false,,"No explicit participant-to-mixer identity mapping or creator/evaluator flag found in evaluations.csv, mixes.csv, retained feature table, or SCHEMA.md.",false,Institution equality alone was not used as self-rating evidence.
evaluation_c4e8b73bc4c5,Lead Me,McG-C,mix_7b5a2d66116b,participant_qm_qm_13,QM,mixer_id=McG-C; legacy_mix_code=McG-C; mixer_institution_code=McG,false,,"No explicit participant-to-mixer identity mapping or creator/evaluator flag found in evaluations.csv, mixes.csv, retained feature table, or SCHEMA.md.",false,Institution equality alone was not used as self-rating evidence.
evaluation_02a7585a9904,Lead Me,McG-C,mix_7b5a2d66116b,participant_qm_qm_20,QM,mixer_id=McG-C; legacy_mix_code=McG-C; mixer_institution_code=McG,false,,"No explicit participant-to-mixer identity mapping or creator/evaluator flag found in evaluations.csv, mixes.csv, retained feature table, or SCHEMA.md.",false,Institution equality alone was not used as self-rating evidence.
evaluation_d27232d19530,Lead Me,McG-C,mix_7b5a2d66116b,participant_qut_qut_k,QUT,mixer_id=McG-C; legacy_mix_code=McG-C; mixer_institution_code=McG,false,,"No explicit participant-to-mixer identity mapping or creator/evaluator flag found in evaluations.csv, mixes.csv, retained feature table, or SCHEMA.md.",false,Institution equality alone was not used as self-rating evidence.
evaluation_723b2ef96af8,Lead Me,McG-C,mix_7b5a2d66116b,participant_qut_qut_s,QUT,mixer_id=McG-C; legacy_mix_code=McG-C; mixer_institution_code=McG,false,,"No explicit participant-to-mixer identity mapping or creator/evaluator flag found in evaluations.csv, mixes.csv, retained feature table, or SCHEMA.md.",false,Institution equality alone was not used as self-rating evidence.
evaluation_07449da47774,Lead Me,McG-C,mix_7b5a2d66116b,participant_qut_qut_h,QUT,mixer_id=McG-C; legacy_mix_code=McG-C; mixer_institution_code=McG,false,,"No explicit participant-to-mixer identity mapping or creator/evaluator flag found in evaluations.csv, mixes.csv, retained feature table, or SCHEMA.md.",false,Institution equality alone was not used as self-rating evidence.
evaluation_a98bdd953f12,Lead Me,McG-C,mix_7b5a2d66116b,participant_qut_qut_q,QUT,mixer_id=McG-C; legacy_mix_code=McG-C; mixer_institution_code=McG,false,,"No explicit participant-to-mixer identity mapping or creator/evaluator flag found in evaluations.csv, mixes.csv, retained feature table, or SCHEMA.md.",false,Institution equality alone was not used as self-rating evidence.
evaluation_e1b384181a91,Lead Me,McG-C,mix_7b5a2d66116b,participant_qut_qut_i,QUT,mixer_id=McG-C; legacy_mix_code=McG-C; mixer_institution_code=McG,false,,"No explicit participant-to-mixer identity mapping or creator/evaluator flag found in evaluations.csv, mixes.csv, retained feature table, or SCHEMA.md.",false,Institution equality alone was not used as self-rating evidence.
evaluation_6824a8fa0260,Lead Me,McG-C,mix_7b5a2d66116b,participant_qut_qut_r,QUT,mixer_id=McG-C; legacy_mix_code=McG-C; mixer_institution_code=McG,false,,"No explicit participant-to-mixer identity mapping or creator/evaluator flag found in evaluations.csv, mixes.csv, retained feature table, or SCHEMA.md.",false,Institution equality alone was not used as self-rating evidence.
evaluation_e0bf1c882767,Lead Me,McG-C,mix_7b5a2d66116b,participant_qut_qut_e,QUT,mixer_id=McG-C; legacy_mix_code=McG-C; mixer_institution_code=McG,false,,"No explicit participant-to-mixer identity mapping or creator/evaluator flag found in evaluations.csv, mixes.csv, retained feature table, or SCHEMA.md.",false,Institution equality alone was not used as self-rating evidence.
evaluation_e236c851a865,Lead Me,McG-C,mix_7b5a2d66116b,participant_qut_qut_n,QUT,mixer_id=McG-C; legacy_mix_code=McG-C; mixer_institution_code=McG,false,,"No explicit participant-to-mixer identity mapping or creator/evaluator flag found in evaluations.csv, mixes.csv, retained feature table, or SCHEMA.md.",false,Institution equality alone was not used as self-rating evidence.
evaluation_a8d8b663235c,Lead Me,McG-C,mix_7b5a2d66116b,participant_qut_qut_m,QUT,mixer_id=McG-C; legacy_mix_code=McG-C; mixer_institution_code=McG,false,,"No explicit participant-to-mixer identity mapping or creator/evaluator flag found in evaluations.csv, mixes.csv, retained feature table, or SCHEMA.md.",false,Institution equality alone was not used as self-rating evidence.
evaluation_61b35c0c8936,Lead Me,McG-C,mix_7b5a2d66116b,participant_qut_qut_f,QUT,mixer_id=McG-C; legacy_mix_code=McG-C; mixer_institution_code=McG,false,,"No explicit participant-to-mixer identity mapping or creator/evaluator flag found in evaluations.csv, mixes.csv, retained feature table, or SCHEMA.md.",false,Institution equality alone was not used as self-rating evidence.
evaluation_bb676e472954,Lead Me,McG-C,mix_7b5a2d66116b,participant_qut_qut_p,QUT,mixer_id=McG-C; legacy_mix_code=McG-C; mixer_institution_code=McG,false,,"No explicit participant-to-mixer identity mapping or creator/evaluator flag found in evaluations.csv, mixes.csv, retained feature table, or SCHEMA.md.",false,Institution equality alone was not used as self-rating evidence.
evaluation_27d87d605ed2,Lead Me,McG-C,mix_7b5a2d66116b,participant_qut_qut_o,QUT,mixer_id=McG-C; legacy_mix_code=McG-C; mixer_institution_code=McG,false,,"No explicit participant-to-mixer identity mapping or creator/evaluator flag found in evaluations.csv, mixes.csv, retained feature table, or SCHEMA.md.",false,Institution equality alone was not used as self-rating evidence.
evaluation_76dfe962527c,Lead Me,McG-C,mix_7b5a2d66116b,participant_qut_qut_a,QUT,mixer_id=McG-C; legacy_mix_code=McG-C; mixer_institution_code=McG,false,,"No explicit participant-to-mixer identity mapping or creator/evaluator flag found in evaluations.csv, mixes.csv, retained feature table, or SCHEMA.md.",false,Institution equality alone was not used as self-rating evidence.
evaluation_4168dc7de1fa,Lead Me,McG-C,mix_7b5a2d66116b,participant_qut_qut_pro,QUT,mixer_id=McG-C; legacy_mix_code=McG-C; mixer_institution_code=McG,false,,"No explicit participant-to-mixer identity mapping or creator/evaluator flag found in evaluations.csv, mixes.csv, retained feature table, or SCHEMA.md.",false,Institution equality alone was not used as self-rating evidence.
evaluation_c978698b0ae2,Lead Me,McG-C,mix_7b5a2d66116b,participant_qut_qut_c,QUT,mixer_id=McG-C; legacy_mix_code=McG-C; mixer_institution_code=McG,false,,"No explicit participant-to-mixer identity mapping or creator/evaluator flag found in evaluations.csv, mixes.csv, retained feature table, or SCHEMA.md.",false,Institution equality alone was not used as self-rating evidence.
evaluation_a7372b27ad0d,Lead Me,McG-C,mix_7b5a2d66116b,participant_qut_qut_l,QUT,mixer_id=McG-C; legacy_mix_code=McG-C; mixer_institution_code=McG,false,,"No explicit participant-to-mixer identity mapping or creator/evaluator flag found in evaluations.csv, mixes.csv, retained feature table, or SCHEMA.md.",false,Institution equality alone was not used as self-rating evidence.
evaluation_418993671234,Lead Me,McG-C,mix_7b5a2d66116b,participant_smc_smc_25,SMC,mixer_id=McG-C; legacy_mix_code=McG-C; mixer_institution_code=McG,false,,"No explicit participant-to-mixer identity mapping or creator/evaluator flag found in evaluations.csv, mixes.csv, retained feature table, or SCHEMA.md.",false,Institution equality alone was not used as self-rating evidence.
evaluation_bc107f9307b2,Lead Me,McG-C,mix_7b5a2d66116b,participant_smc_smc_1,SMC,mixer_id=McG-C; legacy_mix_code=McG-C; mixer_institution_code=McG,false,,"No explicit participant-to-mixer identity mapping or creator/evaluator flag found in evaluations.csv, mixes.csv, retained feature table, or SCHEMA.md.",false,Institution equality alone was not used as self-rating evidence.
evaluation_47be27315f10,Lead Me,McG-C,mix_7b5a2d66116b,participant_smc_smc_13,SMC,mixer_id=McG-C; legacy_mix_code=McG-C; mixer_institution_code=McG,false,,"No explicit participant-to-mixer identity mapping or creator/evaluator flag found in evaluations.csv, mixes.csv, retained feature table, or SCHEMA.md.",false,Institution equality alone was not used as self-rating evidence.
evaluation_ec8924677f6f,Lead Me,McG-C,mix_7b5a2d66116b,participant_smc_smc_0,SMC,mixer_id=McG-C; legacy_mix_code=McG-C; mixer_institution_code=McG,false,,"No explicit participant-to-mixer identity mapping or creator/evaluator flag found in evaluations.csv, mixes.csv, retained feature table, or SCHEMA.md.",false,Institution equality alone was not used as self-rating evidence.
evaluation_9eaabde36eea,Lead Me,McG-C,mix_7b5a2d66116b,participant_ucp_ucp_a4,UCP,mixer_id=McG-C; legacy_mix_code=McG-C; mixer_institution_code=McG,false,,"No explicit participant-to-mixer identity mapping or creator/evaluator flag found in evaluations.csv, mixes.csv, retained feature table, or SCHEMA.md.",false,Institution equality alone was not used as self-rating evidence.
evaluation_ea7e7f264a53,Lead Me,McG-C,mix_7b5a2d66116b,participant_ucp_ucp_b5,UCP,mixer_id=McG-C; legacy_mix_code=McG-C; mixer_institution_code=McG,false,,"No explicit participant-to-mixer identity mapping or creator/evaluator flag found in evaluations.csv, mixes.csv, retained feature table, or SCHEMA.md.",false,Institution equality alone was not used as self-rating evidence.
evaluation_6d255077e40f,Lead Me,McG-C,mix_7b5a2d66116b,participant_ucp_ucp_a2,UCP,mixer_id=McG-C; legacy_mix_code=McG-C; mixer_institution_code=McG,false,,"No explicit participant-to-mixer identity mapping or creator/evaluator flag found in evaluations.csv, mixes.csv, retained feature table, or SCHEMA.md.",false,Institution equality alone was not used as self-rating evidence.
evaluation_644610c369d6,Lead Me,McG-C,mix_7b5a2d66116b,participant_ucp_ucp_b2,UCP,mixer_id=McG-C; legacy_mix_code=McG-C; mixer_institution_code=McG,false,,"No explicit participant-to-mixer identity mapping or creator/evaluator flag found in evaluations.csv, mixes.csv, retained feature table, or SCHEMA.md.",false,Institution equality alone was not used as self-rating evidence.
evaluation_2decbc5e3790,Lead Me,McG-C,mix_7b5a2d66116b,participant_ucp_ucp_a5,UCP,mixer_id=McG-C; legacy_mix_code=McG-C; mixer_institution_code=McG,false,,"No explicit participant-to-mixer identity mapping or creator/evaluator flag found in evaluations.csv, mixes.csv, retained feature table, or SCHEMA.md.",false,Institution equality alone was not used as self-rating evidence.
evaluation_feb18b2b9548,Lead Me,McG-C,mix_7b5a2d66116b,participant_ucp_ucp_a1,UCP,mixer_id=McG-C; legacy_mix_code=McG-C; mixer_institution_code=McG,false,,"No explicit participant-to-mixer identity mapping or creator/evaluator flag found in evaluations.csv, mixes.csv, retained feature table, or SCHEMA.md.",false,Institution equality alone was not used as self-rating evidence.
evaluation_731eb2888fd3,Lead Me,McG-C,mix_7b5a2d66116b,participant_ucp_ucp_b3,UCP,mixer_id=McG-C; legacy_mix_code=McG-C; mixer_institution_code=McG,false,,"No explicit participant-to-mixer identity mapping or creator/evaluator flag found in evaluations.csv, mixes.csv, retained feature table, or SCHEMA.md.",false,Institution equality alone was not used as self-rating evidence.
evaluation_15c13ef9796f,Lead Me,McG-C,mix_7b5a2d66116b,participant_ucp_ucp_b4,UCP,mixer_id=McG-C; legacy_mix_code=McG-C; mixer_institution_code=McG,false,,"No explicit participant-to-mixer identity mapping or creator/evaluator flag found in evaluations.csv, mixes.csv, retained feature table, or SCHEMA.md.",false,Institution equality alone was not used as self-rating evidence.
evaluation_c353e3c05e13,Lead Me,McG-C,mix_7b5a2d66116b,participant_ucp_ucp_b1,UCP,mixer_id=McG-C; legacy_mix_code=McG-C; mixer_institution_code=McG,false,,"No explicit participant-to-mixer identity mapping or creator/evaluator flag found in evaluations.csv, mixes.csv, retained feature table, or SCHEMA.md.",false,Institution equality alone was not used as self-rating evidence.
evaluation_45a28bd9f199,Lead Me,McG-C,mix_7b5a2d66116b,participant_ucp_ucp_a3,UCP,mixer_id=McG-C; legacy_mix_code=McG-C; mixer_institution_code=McG,false,,"No explicit participant-to-mixer identity mapping or creator/evaluator flag found in evaluations.csv, mixes.csv, retained feature table, or SCHEMA.md.",false,Institution equality alone was not used as self-rating evidence.
evaluation_6a19230994e2,Lead Me,McG-D,mix_4181778a6cfd,participant_mcg_mcg_n,McG,mixer_id=McG-D; legacy_mix_code=McG-D; mixer_institution_code=McG,false,,"No explicit participant-to-mixer identity mapping or creator/evaluator flag found in evaluations.csv, mixes.csv, retained feature table, or SCHEMA.md.",false,Institution equality alone was not used as self-rating evidence.
evaluation_9ebce106ff76,Lead Me,McG-D,mix_4181778a6cfd,participant_mcg_mcg_suba,McG,mixer_id=McG-D; legacy_mix_code=McG-D; mixer_institution_code=McG,false,,"No explicit participant-to-mixer identity mapping or creator/evaluator flag found in evaluations.csv, mixes.csv, retained feature table, or SCHEMA.md.",false,Institution equality alone was not used as self-rating evidence.
evaluation_85f14d43154e,Lead Me,McG-D,mix_4181778a6cfd,participant_mcg_mg2,McG,mixer_id=McG-D; legacy_mix_code=McG-D; mixer_institution_code=McG,false,,"No explicit participant-to-mixer identity mapping or creator/evaluator flag found in evaluations.csv, mixes.csv, retained feature table, or SCHEMA.md.",false,Institution equality alone was not used as self-rating evidence.
evaluation_7f96d4db484e,Lead Me,McG-D,mix_4181778a6cfd,participant_mcg_mcg_m,McG,mixer_id=McG-D; legacy_mix_code=McG-D; mixer_institution_code=McG,false,,"No explicit participant-to-mixer identity mapping or creator/evaluator flag found in evaluations.csv, mixes.csv, retained feature table, or SCHEMA.md.",false,Institution equality alone was not used as self-rating evidence.
evaluation_ad8b98c0975e,Lead Me,McG-D,mix_4181778a6cfd,participant_mcg_mg6,McG,mixer_id=McG-D; legacy_mix_code=McG-D; mixer_institution_code=McG,false,,"No explicit participant-to-mixer identity mapping or creator/evaluator flag found in evaluations.csv, mixes.csv, retained feature table, or SCHEMA.md.",false,Institution equality alone was not used as self-rating evidence.
evaluation_37ae72903c56,Lead Me,McG-D,mix_4181778a6cfd,participant_mcg_mcg_i,McG,mixer_id=McG-D; legacy_mix_code=McG-D; mixer_institution_code=McG,false,,"No explicit participant-to-mixer identity mapping or creator/evaluator flag found in evaluations.csv, mixes.csv, retained feature table, or SCHEMA.md.",false,Institution equality alone was not used as self-rating evidence.
evaluation_422199b582d5,Lead Me,McG-D,mix_4181778a6cfd,participant_mcg_mcg_pro2,McG,mixer_id=McG-D; legacy_mix_code=McG-D; mixer_institution_code=McG,false,,"No explicit participant-to-mixer identity mapping or creator/evaluator flag found in evaluations.csv, mixes.csv, retained feature table, or SCHEMA.md.",false,Institution equality alone was not used as self-rating evidence.
evaluation_4bd6467c0348,Lead Me,McG-D,mix_4181778a6cfd,participant_mcg_mcg_l,McG,mixer_id=McG-D; legacy_mix_code=McG-D; mixer_institution_code=McG,false,,"No explicit participant-to-mixer identity mapping or creator/evaluator flag found in evaluations.csv, mixes.csv, retained feature table, or SCHEMA.md.",false,Institution equality alone was not used as self-rating evidence.
evaluation_c57e936aee53,Lead Me,McG-D,mix_4181778a6cfd,participant_mcg_mg8,McG,mixer_id=McG-D; legacy_mix_code=McG-D; mixer_institution_code=McG,false,,"No explicit participant-to-mixer identity mapping or creator/evaluator flag found in evaluations.csv, mixes.csv, retained feature table, or SCHEMA.md.",false,Institution equality alone was not used as self-rating evidence.
evaluation_e626e6c3c25a,Lead Me,McG-D,mix_4181778a6cfd,participant_mcg_mcg_subc,McG,mixer_id=McG-D; legacy_mix_code=McG-D; mixer_institution_code=McG,false,,"No explicit participant-to-mixer identity mapping or creator/evaluator flag found in evaluations.csv, mixes.csv, retained feature table, or SCHEMA.md.",false,Institution equality alone was not used as self-rating evidence.
evaluation_de6afa7dcd70,Lead Me,McG-D,mix_4181778a6cfd,participant_mcg_mcg_p,McG,mixer_id=McG-D; legacy_mix_code=McG-D; mixer_institution_code=McG,false,,"No explicit participant-to-mixer identity mapping or creator/evaluator flag found in evaluations.csv, mixes.csv, retained feature table, or SCHEMA.md.",false,Institution equality alone was not used as self-rating evidence.
evaluation_253c0403c3f3,Lead Me,McG-D,mix_4181778a6cfd,participant_mcg_mcg_k,McG,mixer_id=McG-D; legacy_mix_code=McG-D; mixer_institution_code=McG,false,,"No explicit participant-to-mixer identity mapping or creator/evaluator flag found in evaluations.csv, mixes.csv, retained feature table, or SCHEMA.md.",false,Institution equality alone was not used as self-rating evidence.
evaluation_c51b191f4414,Lead Me,McG-D,mix_4181778a6cfd,participant_mcg_mg7,McG,mixer_id=McG-D; legacy_mix_code=McG-D; mixer_institution_code=McG,false,,"No explicit participant-to-mixer identity mapping or creator/evaluator flag found in evaluations.csv, mixes.csv, retained feature table, or SCHEMA.md.",false,Institution equality alone was not used as self-rating evidence.
evaluation_6c53ab385b7e,Lead Me,McG-D,mix_4181778a6cfd,participant_mcg_mg3,McG,mixer_id=McG-D; legacy_mix_code=McG-D; mixer_institution_code=McG,false,,"No explicit participant-to-mixer identity mapping or creator/evaluator flag found in evaluations.csv, mixes.csv, retained feature table, or SCHEMA.md.",false,Institution equality alone was not used as self-rating evidence.
evaluation_74d27ddf9ac6,Lead Me,McG-D,mix_4181778a6cfd,participant_mcg_mg5,McG,mixer_id=McG-D; legacy_mix_code=McG-D; mixer_institution_code=McG,false,,"No explicit participant-to-mixer identity mapping or creator/evaluator flag found in evaluations.csv, mixes.csv, retained feature table, or SCHEMA.md.",false,Institution equality alone was not used as self-rating evidence.
evaluation_cc24d03baa4d,Lead Me,McG-D,mix_4181778a6cfd,participant_mcg_mcg_subd,McG,mixer_id=McG-D; legacy_mix_code=McG-D; mixer_institution_code=McG,false,,"No explicit participant-to-mixer identity mapping or creator/evaluator flag found in evaluations.csv, mixes.csv, retained feature table, or SCHEMA.md.",false,Institution equality alone was not used as self-rating evidence.
evaluation_4c73c0fca2a0,Lead Me,McG-D,mix_4181778a6cfd,participant_mcg_mcg_j,McG,mixer_id=McG-D; legacy_mix_code=McG-D; mixer_institution_code=McG,false,,"No explicit participant-to-mixer identity mapping or creator/evaluator flag found in evaluations.csv, mixes.csv, retained feature table, or SCHEMA.md.",false,Institution equality alone was not used as self-rating evidence.
evaluation_f22337e7aac3,Lead Me,McG-D,mix_4181778a6cfd,participant_mcg_mcg_o,McG,mixer_id=McG-D; legacy_mix_code=McG-D; mixer_institution_code=McG,false,,"No explicit participant-to-mixer identity mapping or creator/evaluator flag found in evaluations.csv, mixes.csv, retained feature table, or SCHEMA.md.",false,Institution equality alone was not used as self-rating evidence.
evaluation_7325c827ca4f,Lead Me,McG-D,mix_4181778a6cfd,participant_mcg_mg4,McG,mixer_id=McG-D; legacy_mix_code=McG-D; mixer_institution_code=McG,false,,"No explicit participant-to-mixer identity mapping or creator/evaluator flag found in evaluations.csv, mixes.csv, retained feature table, or SCHEMA.md.",false,Institution equality alone was not used as self-rating evidence.
evaluation_9c8f064086a7,Lead Me,McG-D,mix_4181778a6cfd,participant_mcg_mcg_subh,McG,mixer_id=McG-D; legacy_mix_code=McG-D; mixer_institution_code=McG,false,,"No explicit participant-to-mixer identity mapping or creator/evaluator flag found in evaluations.csv, mixes.csv, retained feature table, or SCHEMA.md.",false,Institution equality alone was not used as self-rating evidence.
evaluation_ce2b13e4c3b8,Lead Me,McG-D,mix_4181778a6cfd,participant_mcg_mg1,McG,mixer_id=McG-D; legacy_mix_code=McG-D; mixer_institution_code=McG,false,,"No explicit participant-to-mixer identity mapping or creator/evaluator flag found in evaluations.csv, mixes.csv, retained feature table, or SCHEMA.md.",false,Institution equality alone was not used as self-rating evidence.
evaluation_2972dd4fbab5,Lead Me,McG-D,mix_4181778a6cfd,participant_mcg_mcg_pro1,McG,mixer_id=McG-D; legacy_mix_code=McG-D; mixer_institution_code=McG,false,,"No explicit participant-to-mixer identity mapping or creator/evaluator flag found in evaluations.csv, mixes.csv, retained feature table, or SCHEMA.md.",false,Institution equality alone was not used as self-rating evidence.
evaluation_3e2e17a60c1d,Lead Me,McG-D,mix_4181778a6cfd,participant_mcg_mg9,McG,mixer_id=McG-D; legacy_mix_code=McG-D; mixer_institution_code=McG,false,,"No explicit participant-to-mixer identity mapping or creator/evaluator flag found in evaluations.csv, mixes.csv, retained feature table, or SCHEMA.md.",false,Institution equality alone was not used as self-rating evidence.
evaluation_c45bcda804e7,Lead Me,McG-D,mix_4181778a6cfd,participant_qm_qm_21,QM,mixer_id=McG-D; legacy_mix_code=McG-D; mixer_institution_code=McG,false,,"No explicit participant-to-mixer identity mapping or creator/evaluator flag found in evaluations.csv, mixes.csv, retained feature table, or SCHEMA.md.",false,Institution equality alone was not used as self-rating evidence.
evaluation_4c5d92758a0a,Lead Me,McG-D,mix_4181778a6cfd,participant_qm_qm_11,QM,mixer_id=McG-D; legacy_mix_code=McG-D; mixer_institution_code=McG,false,,"No explicit participant-to-mixer identity mapping or creator/evaluator flag found in evaluations.csv, mixes.csv, retained feature table, or SCHEMA.md.",false,Institution equality alone was not used as self-rating evidence.
evaluation_b67c78ce6737,Lead Me,McG-D,mix_4181778a6cfd,participant_qm_qm_16,QM,mixer_id=McG-D; legacy_mix_code=McG-D; mixer_institution_code=McG,false,,"No explicit participant-to-mixer identity mapping or creator/evaluator flag found in evaluations.csv, mixes.csv, retained feature table, or SCHEMA.md.",false,Institution equality alone was not used as self-rating evidence.
evaluation_a6f3b88e6a2b,Lead Me,McG-D,mix_4181778a6cfd,participant_qm_qm_1,QM,mixer_id=McG-D; legacy_mix_code=McG-D; mixer_institution_code=McG,false,,"No explicit participant-to-mixer identity mapping or creator/evaluator flag found in evaluations.csv, mixes.csv, retained feature table, or SCHEMA.md.",false,Institution equality alone was not used as self-rating evidence.
evaluation_3176e9fbaed9,Lead Me,McG-D,mix_4181778a6cfd,participant_qm_qm_6,QM,mixer_id=McG-D; legacy_mix_code=McG-D; mixer_institution_code=McG,false,,"No explicit participant-to-mixer identity mapping or creator/evaluator flag found in evaluations.csv, mixes.csv, retained feature table, or SCHEMA.md.",false,Institution equality alone was not used as self-rating evidence.
evaluation_1cf18878d7f0,Lead Me,McG-D,mix_4181778a6cfd,participant_qm_qm_18,QM,mixer_id=McG-D; legacy_mix_code=McG-D; mixer_institution_code=McG,false,,"No explicit participant-to-mixer identity mapping or creator/evaluator flag found in evaluations.csv, mixes.csv, retained feature table, or SCHEMA.md.",false,Institution equality alone was not used as self-rating evidence.
evaluation_7485c1256677,Lead Me,McG-D,mix_4181778a6cfd,participant_qm_qm_3,QM,mixer_id=McG-D; legacy_mix_code=McG-D; mixer_institution_code=McG,false,,"No explicit participant-to-mixer identity mapping or creator/evaluator flag found in evaluations.csv, mixes.csv, retained feature table, or SCHEMA.md.",false,Institution equality alone was not used as self-rating evidence.
evaluation_bdbc539b0996,Lead Me,McG-D,mix_4181778a6cfd,participant_qm_qm_9,QM,mixer_id=McG-D; legacy_mix_code=McG-D; mixer_institution_code=McG,false,,"No explicit participant-to-mixer identity mapping or creator/evaluator flag found in evaluations.csv, mixes.csv, retained feature table, or SCHEMA.md.",false,Institution equality alone was not used as self-rating evidence.
evaluation_f21e25c34f5c,Lead Me,McG-D,mix_4181778a6cfd,participant_qm_qm_13,QM,mixer_id=McG-D; legacy_mix_code=McG-D; mixer_institution_code=McG,false,,"No explicit participant-to-mixer identity mapping or creator/evaluator flag found in evaluations.csv, mixes.csv, retained feature table, or SCHEMA.md.",false,Institution equality alone was not used as self-rating evidence.
evaluation_652b12ab692e,Lead Me,McG-D,mix_4181778a6cfd,participant_qm_qm_20,QM,mixer_id=McG-D; legacy_mix_code=McG-D; mixer_institution_code=McG,false,,"No explicit participant-to-mixer identity mapping or creator/evaluator flag found in evaluations.csv, mixes.csv, retained feature table, or SCHEMA.md.",false,Institution equality alone was not used as self-rating evidence.
evaluation_45608e2b7b07,Lead Me,McG-D,mix_4181778a6cfd,participant_smc_smc_25,SMC,mixer_id=McG-D; legacy_mix_code=McG-D; mixer_institution_code=McG,false,,"No explicit participant-to-mixer identity mapping or creator/evaluator flag found in evaluations.csv, mixes.csv, retained feature table, or SCHEMA.md.",false,Institution equality alone was not used as self-rating evidence.
evaluation_9d7f5cf1fe5a,Lead Me,McG-D,mix_4181778a6cfd,participant_smc_smc_1,SMC,mixer_id=McG-D; legacy_mix_code=McG-D; mixer_institution_code=McG,false,,"No explicit participant-to-mixer identity mapping or creator/evaluator flag found in evaluations.csv, mixes.csv, retained feature table, or SCHEMA.md.",false,Institution equality alone was not used as self-rating evidence.
evaluation_6da262ea895b,Lead Me,McG-D,mix_4181778a6cfd,participant_smc_smc_13,SMC,mixer_id=McG-D; legacy_mix_code=McG-D; mixer_institution_code=McG,false,,"No explicit participant-to-mixer identity mapping or creator/evaluator flag found in evaluations.csv, mixes.csv, retained feature table, or SCHEMA.md.",false,Institution equality alone was not used as self-rating evidence.
evaluation_9de6d5418187,Lead Me,McG-D,mix_4181778a6cfd,participant_smc_smc_0,SMC,mixer_id=McG-D; legacy_mix_code=McG-D; mixer_institution_code=McG,false,,"No explicit participant-to-mixer identity mapping or creator/evaluator flag found in evaluations.csv, mixes.csv, retained feature table, or SCHEMA.md.",false,Institution equality alone was not used as self-rating evidence.
evaluation_a82c8d9e07ff,Lead Me,McG-E,mix_28932c4bb152,participant_mcg_mcg_n,McG,mixer_id=McG-E; legacy_mix_code=McG-E; mixer_institution_code=McG,false,,"No explicit participant-to-mixer identity mapping or creator/evaluator flag found in evaluations.csv, mixes.csv, retained feature table, or SCHEMA.md.",false,Institution equality alone was not used as self-rating evidence.
evaluation_17cd1f4930eb,Lead Me,McG-E,mix_28932c4bb152,participant_mcg_mcg_suba,McG,mixer_id=McG-E; legacy_mix_code=McG-E; mixer_institution_code=McG,false,,"No explicit participant-to-mixer identity mapping or creator/evaluator flag found in evaluations.csv, mixes.csv, retained feature table, or SCHEMA.md.",false,Institution equality alone was not used as self-rating evidence.
evaluation_be3ee18a649e,Lead Me,McG-E,mix_28932c4bb152,participant_mcg_mg2,McG,mixer_id=McG-E; legacy_mix_code=McG-E; mixer_institution_code=McG,false,,"No explicit participant-to-mixer identity mapping or creator/evaluator flag found in evaluations.csv, mixes.csv, retained feature table, or SCHEMA.md.",false,Institution equality alone was not used as self-rating evidence.
evaluation_6eff8f2be593,Lead Me,McG-E,mix_28932c4bb152,participant_mcg_mcg_m,McG,mixer_id=McG-E; legacy_mix_code=McG-E; mixer_institution_code=McG,false,,"No explicit participant-to-mixer identity mapping or creator/evaluator flag found in evaluations.csv, mixes.csv, retained feature table, or SCHEMA.md.",false,Institution equality alone was not used as self-rating evidence.
evaluation_f78de4b28f27,Lead Me,McG-E,mix_28932c4bb152,participant_mcg_mg6,McG,mixer_id=McG-E; legacy_mix_code=McG-E; mixer_institution_code=McG,false,,"No explicit participant-to-mixer identity mapping or creator/evaluator flag found in evaluations.csv, mixes.csv, retained feature table, or SCHEMA.md.",false,Institution equality alone was not used as self-rating evidence.
evaluation_5a3ebc0bb588,Lead Me,McG-E,mix_28932c4bb152,participant_mcg_mcg_i,McG,mixer_id=McG-E; legacy_mix_code=McG-E; mixer_institution_code=McG,false,,"No explicit participant-to-mixer identity mapping or creator/evaluator flag found in evaluations.csv, mixes.csv, retained feature table, or SCHEMA.md.",false,Institution equality alone was not used as self-rating evidence.
evaluation_628c014d889b,Lead Me,McG-E,mix_28932c4bb152,participant_mcg_mcg_pro2,McG,mixer_id=McG-E; legacy_mix_code=McG-E; mixer_institution_code=McG,false,,"No explicit participant-to-mixer identity mapping or creator/evaluator flag found in evaluations.csv, mixes.csv, retained feature table, or SCHEMA.md.",false,Institution equality alone was not used as self-rating evidence.
evaluation_06cd5c18be89,Lead Me,McG-E,mix_28932c4bb152,participant_mcg_mcg_l,McG,mixer_id=McG-E; legacy_mix_code=McG-E; mixer_institution_code=McG,false,,"No explicit participant-to-mixer identity mapping or creator/evaluator flag found in evaluations.csv, mixes.csv, retained feature table, or SCHEMA.md.",false,Institution equality alone was not used as self-rating evidence.
evaluation_2dca2993c522,Lead Me,McG-E,mix_28932c4bb152,participant_mcg_mg8,McG,mixer_id=McG-E; legacy_mix_code=McG-E; mixer_institution_code=McG,false,,"No explicit participant-to-mixer identity mapping or creator/evaluator flag found in evaluations.csv, mixes.csv, retained feature table, or SCHEMA.md.",false,Institution equality alone was not used as self-rating evidence.
evaluation_129bc220cdb2,Lead Me,McG-E,mix_28932c4bb152,participant_mcg_mcg_subc,McG,mixer_id=McG-E; legacy_mix_code=McG-E; mixer_institution_code=McG,false,,"No explicit participant-to-mixer identity mapping or creator/evaluator flag found in evaluations.csv, mixes.csv, retained feature table, or SCHEMA.md.",false,Institution equality alone was not used as self-rating evidence.
evaluation_3a419ea5b895,Lead Me,McG-E,mix_28932c4bb152,participant_mcg_mcg_p,McG,mixer_id=McG-E; legacy_mix_code=McG-E; mixer_institution_code=McG,false,,"No explicit participant-to-mixer identity mapping or creator/evaluator flag found in evaluations.csv, mixes.csv, retained feature table, or SCHEMA.md.",false,Institution equality alone was not used as self-rating evidence.
evaluation_ca749d0a89fc,Lead Me,McG-E,mix_28932c4bb152,participant_mcg_mcg_k,McG,mixer_id=McG-E; legacy_mix_code=McG-E; mixer_institution_code=McG,false,,"No explicit participant-to-mixer identity mapping or creator/evaluator flag found in evaluations.csv, mixes.csv, retained feature table, or SCHEMA.md.",false,Institution equality alone was not used as self-rating evidence.
evaluation_2e972462cede,Lead Me,McG-E,mix_28932c4bb152,participant_mcg_mg7,McG,mixer_id=McG-E; legacy_mix_code=McG-E; mixer_institution_code=McG,false,,"No explicit participant-to-mixer identity mapping or creator/evaluator flag found in evaluations.csv, mixes.csv, retained feature table, or SCHEMA.md.",false,Institution equality alone was not used as self-rating evidence.
evaluation_69c3eae0e3b5,Lead Me,McG-E,mix_28932c4bb152,participant_mcg_mg3,McG,mixer_id=McG-E; legacy_mix_code=McG-E; mixer_institution_code=McG,false,,"No explicit participant-to-mixer identity mapping or creator/evaluator flag found in evaluations.csv, mixes.csv, retained feature table, or SCHEMA.md.",false,Institution equality alone was not used as self-rating evidence.
evaluation_053e54c6fb77,Lead Me,McG-E,mix_28932c4bb152,participant_mcg_mg5,McG,mixer_id=McG-E; legacy_mix_code=McG-E; mixer_institution_code=McG,false,,"No explicit participant-to-mixer identity mapping or creator/evaluator flag found in evaluations.csv, mixes.csv, retained feature table, or SCHEMA.md.",false,Institution equality alone was not used as self-rating evidence.
evaluation_09d5ba5982d6,Lead Me,McG-E,mix_28932c4bb152,participant_mcg_mcg_subd,McG,mixer_id=McG-E; legacy_mix_code=McG-E; mixer_institution_code=McG,false,,"No explicit participant-to-mixer identity mapping or creator/evaluator flag found in evaluations.csv, mixes.csv, retained feature table, or SCHEMA.md.",false,Institution equality alone was not used as self-rating evidence.
evaluation_c027b9ec4845,Lead Me,McG-E,mix_28932c4bb152,participant_mcg_mcg_j,McG,mixer_id=McG-E; legacy_mix_code=McG-E; mixer_institution_code=McG,false,,"No explicit participant-to-mixer identity mapping or creator/evaluator flag found in evaluations.csv, mixes.csv, retained feature table, or SCHEMA.md.",false,Institution equality alone was not used as self-rating evidence.
evaluation_6423555d76e9,Lead Me,McG-E,mix_28932c4bb152,participant_mcg_mcg_o,McG,mixer_id=McG-E; legacy_mix_code=McG-E; mixer_institution_code=McG,false,,"No explicit participant-to-mixer identity mapping or creator/evaluator flag found in evaluations.csv, mixes.csv, retained feature table, or SCHEMA.md.",false,Institution equality alone was not used as self-rating evidence.
evaluation_78faa982af63,Lead Me,McG-E,mix_28932c4bb152,participant_mcg_mg4,McG,mixer_id=McG-E; legacy_mix_code=McG-E; mixer_institution_code=McG,false,,"No explicit participant-to-mixer identity mapping or creator/evaluator flag found in evaluations.csv, mixes.csv, retained feature table, or SCHEMA.md.",false,Institution equality alone was not used as self-rating evidence.
evaluation_55d5314f687b,Lead Me,McG-E,mix_28932c4bb152,participant_mcg_mcg_subh,McG,mixer_id=McG-E; legacy_mix_code=McG-E; mixer_institution_code=McG,false,,"No explicit participant-to-mixer identity mapping or creator/evaluator flag found in evaluations.csv, mixes.csv, retained feature table, or SCHEMA.md.",false,Institution equality alone was not used as self-rating evidence.
evaluation_2c6bc3f92c41,Lead Me,McG-E,mix_28932c4bb152,participant_mcg_mg1,McG,mixer_id=McG-E; legacy_mix_code=McG-E; mixer_institution_code=McG,false,,"No explicit participant-to-mixer identity mapping or creator/evaluator flag found in evaluations.csv, mixes.csv, retained feature table, or SCHEMA.md.",false,Institution equality alone was not used as self-rating evidence.
evaluation_5613368341e2,Lead Me,McG-E,mix_28932c4bb152,participant_mcg_mcg_pro1,McG,mixer_id=McG-E; legacy_mix_code=McG-E; mixer_institution_code=McG,false,,"No explicit participant-to-mixer identity mapping or creator/evaluator flag found in evaluations.csv, mixes.csv, retained feature table, or SCHEMA.md.",false,Institution equality alone was not used as self-rating evidence.
evaluation_36d46e125fee,Lead Me,McG-E,mix_28932c4bb152,participant_mcg_mg9,McG,mixer_id=McG-E; legacy_mix_code=McG-E; mixer_institution_code=McG,false,,"No explicit participant-to-mixer identity mapping or creator/evaluator flag found in evaluations.csv, mixes.csv, retained feature table, or SCHEMA.md.",false,Institution equality alone was not used as self-rating evidence.
evaluation_ce91a191bfd2,Lead Me,McG-E,mix_28932c4bb152,participant_qm_qm_21,QM,mixer_id=McG-E; legacy_mix_code=McG-E; mixer_institution_code=McG,false,,"No explicit participant-to-mixer identity mapping or creator/evaluator flag found in evaluations.csv, mixes.csv, retained feature table, or SCHEMA.md.",false,Institution equality alone was not used as self-rating evidence.
evaluation_31b39215da30,Lead Me,McG-E,mix_28932c4bb152,participant_qm_qm_11,QM,mixer_id=McG-E; legacy_mix_code=McG-E; mixer_institution_code=McG,false,,"No explicit participant-to-mixer identity mapping or creator/evaluator flag found in evaluations.csv, mixes.csv, retained feature table, or SCHEMA.md.",false,Institution equality alone was not used as self-rating evidence.
evaluation_fb5c90a15745,Lead Me,McG-E,mix_28932c4bb152,participant_qm_qm_16,QM,mixer_id=McG-E; legacy_mix_code=McG-E; mixer_institution_code=McG,false,,"No explicit participant-to-mixer identity mapping or creator/evaluator flag found in evaluations.csv, mixes.csv, retained feature table, or SCHEMA.md.",false,Institution equality alone was not used as self-rating evidence.
evaluation_1fc00428b590,Lead Me,McG-E,mix_28932c4bb152,participant_qm_qm_1,QM,mixer_id=McG-E; legacy_mix_code=McG-E; mixer_institution_code=McG,false,,"No explicit participant-to-mixer identity mapping or creator/evaluator flag found in evaluations.csv, mixes.csv, retained feature table, or SCHEMA.md.",false,Institution equality alone was not used as self-rating evidence.
evaluation_93d07986e80e,Lead Me,McG-E,mix_28932c4bb152,participant_qm_qm_6,QM,mixer_id=McG-E; legacy_mix_code=McG-E; mixer_institution_code=McG,false,,"No explicit participant-to-mixer identity mapping or creator/evaluator flag found in evaluations.csv, mixes.csv, retained feature table, or SCHEMA.md.",false,Institution equality alone was not used as self-rating evidence.
evaluation_1a1aa72ea936,Lead Me,McG-E,mix_28932c4bb152,participant_qm_qm_18,QM,mixer_id=McG-E; legacy_mix_code=McG-E; mixer_institution_code=McG,false,,"No explicit participant-to-mixer identity mapping or creator/evaluator flag found in evaluations.csv, mixes.csv, retained feature table, or SCHEMA.md.",false,Institution equality alone was not used as self-rating evidence.
evaluation_a87963782803,Lead Me,McG-E,mix_28932c4bb152,participant_qm_qm_3,QM,mixer_id=McG-E; legacy_mix_code=McG-E; mixer_institution_code=McG,false,,"No explicit participant-to-mixer identity mapping or creator/evaluator flag found in evaluations.csv, mixes.csv, retained feature table, or SCHEMA.md.",false,Institution equality alone was not used as self-rating evidence.
evaluation_e69d72c2a5b7,Lead Me,McG-E,mix_28932c4bb152,participant_qm_qm_9,QM,mixer_id=McG-E; legacy_mix_code=McG-E; mixer_institution_code=McG,false,,"No explicit participant-to-mixer identity mapping or creator/evaluator flag found in evaluations.csv, mixes.csv, retained feature table, or SCHEMA.md.",false,Institution equality alone was not used as self-rating evidence.
evaluation_a95c77a8adc0,Lead Me,McG-E,mix_28932c4bb152,participant_qm_qm_13,QM,mixer_id=McG-E; legacy_mix_code=McG-E; mixer_institution_code=McG,false,,"No explicit participant-to-mixer identity mapping or creator/evaluator flag found in evaluations.csv, mixes.csv, retained feature table, or SCHEMA.md.",false,Institution equality alone was not used as self-rating evidence.
evaluation_8bb8de7196fe,Lead Me,McG-E,mix_28932c4bb152,participant_qm_qm_20,QM,mixer_id=McG-E; legacy_mix_code=McG-E; mixer_institution_code=McG,false,,"No explicit participant-to-mixer identity mapping or creator/evaluator flag found in evaluations.csv, mixes.csv, retained feature table, or SCHEMA.md.",false,Institution equality alone was not used as self-rating evidence.
evaluation_70de43af4c5b,Lead Me,McG-E,mix_28932c4bb152,participant_smc_smc_25,SMC,mixer_id=McG-E; legacy_mix_code=McG-E; mixer_institution_code=McG,false,,"No explicit participant-to-mixer identity mapping or creator/evaluator flag found in evaluations.csv, mixes.csv, retained feature table, or SCHEMA.md.",false,Institution equality alone was not used as self-rating evidence.
evaluation_b771cb9c278e,Lead Me,McG-E,mix_28932c4bb152,participant_smc_smc_1,SMC,mixer_id=McG-E; legacy_mix_code=McG-E; mixer_institution_code=McG,false,,"No explicit participant-to-mixer identity mapping or creator/evaluator flag found in evaluations.csv, mixes.csv, retained feature table, or SCHEMA.md.",false,Institution equality alone was not used as self-rating evidence.
evaluation_1ee3c19b8569,Lead Me,McG-E,mix_28932c4bb152,participant_smc_smc_13,SMC,mixer_id=McG-E; legacy_mix_code=McG-E; mixer_institution_code=McG,false,,"No explicit participant-to-mixer identity mapping or creator/evaluator flag found in evaluations.csv, mixes.csv, retained feature table, or SCHEMA.md.",false,Institution equality alone was not used as self-rating evidence.
evaluation_4897507c0a82,Lead Me,McG-E,mix_28932c4bb152,participant_smc_smc_0,SMC,mixer_id=McG-E; legacy_mix_code=McG-E; mixer_institution_code=McG,false,,"No explicit participant-to-mixer identity mapping or creator/evaluator flag found in evaluations.csv, mixes.csv, retained feature table, or SCHEMA.md.",false,Institution equality alone was not used as self-rating evidence.
evaluation_bfa4cdcb5531,Lead Me,McG-F,mix_e245880b329a,participant_mcg_mcg_n,McG,mixer_id=McG-F; legacy_mix_code=McG-F; mixer_institution_code=McG,false,,"No explicit participant-to-mixer identity mapping or creator/evaluator flag found in evaluations.csv, mixes.csv, retained feature table, or SCHEMA.md.",false,Institution equality alone was not used as self-rating evidence.
evaluation_55bea146c673,Lead Me,McG-F,mix_e245880b329a,participant_mcg_mcg_suba,McG,mixer_id=McG-F; legacy_mix_code=McG-F; mixer_institution_code=McG,false,,"No explicit participant-to-mixer identity mapping or creator/evaluator flag found in evaluations.csv, mixes.csv, retained feature table, or SCHEMA.md.",false,Institution equality alone was not used as self-rating evidence.
evaluation_3c41f73fe285,Lead Me,McG-F,mix_e245880b329a,participant_mcg_mg2,McG,mixer_id=McG-F; legacy_mix_code=McG-F; mixer_institution_code=McG,false,,"No explicit participant-to-mixer identity mapping or creator/evaluator flag found in evaluations.csv, mixes.csv, retained feature table, or SCHEMA.md.",false,Institution equality alone was not used as self-rating evidence.
evaluation_46f418c84b42,Lead Me,McG-F,mix_e245880b329a,participant_mcg_mcg_m,McG,mixer_id=McG-F; legacy_mix_code=McG-F; mixer_institution_code=McG,false,,"No explicit participant-to-mixer identity mapping or creator/evaluator flag found in evaluations.csv, mixes.csv, retained feature table, or SCHEMA.md.",false,Institution equality alone was not used as self-rating evidence.
evaluation_3c59e22c7e9d,Lead Me,McG-F,mix_e245880b329a,participant_mcg_mg6,McG,mixer_id=McG-F; legacy_mix_code=McG-F; mixer_institution_code=McG,false,,"No explicit participant-to-mixer identity mapping or creator/evaluator flag found in evaluations.csv, mixes.csv, retained feature table, or SCHEMA.md.",false,Institution equality alone was not used as self-rating evidence.
evaluation_29b5d5b75f6d,Lead Me,McG-F,mix_e245880b329a,participant_mcg_mcg_i,McG,mixer_id=McG-F; legacy_mix_code=McG-F; mixer_institution_code=McG,false,,"No explicit participant-to-mixer identity mapping or creator/evaluator flag found in evaluations.csv, mixes.csv, retained feature table, or SCHEMA.md.",false,Institution equality alone was not used as self-rating evidence.
evaluation_49e05b758784,Lead Me,McG-F,mix_e245880b329a,participant_mcg_mcg_pro2,McG,mixer_id=McG-F; legacy_mix_code=McG-F; mixer_institution_code=McG,false,,"No explicit participant-to-mixer identity mapping or creator/evaluator flag found in evaluations.csv, mixes.csv, retained feature table, or SCHEMA.md.",false,Institution equality alone was not used as self-rating evidence.
evaluation_0a93b1daff98,Lead Me,McG-F,mix_e245880b329a,participant_mcg_mcg_l,McG,mixer_id=McG-F; legacy_mix_code=McG-F; mixer_institution_code=McG,false,,"No explicit participant-to-mixer identity mapping or creator/evaluator flag found in evaluations.csv, mixes.csv, retained feature table, or SCHEMA.md.",false,Institution equality alone was not used as self-rating evidence.
evaluation_c106215e964e,Lead Me,McG-F,mix_e245880b329a,participant_mcg_mg8,McG,mixer_id=McG-F; legacy_mix_code=McG-F; mixer_institution_code=McG,false,,"No explicit participant-to-mixer identity mapping or creator/evaluator flag found in evaluations.csv, mixes.csv, retained feature table, or SCHEMA.md.",false,Institution equality alone was not used as self-rating evidence.
evaluation_5ec910f66213,Lead Me,McG-F,mix_e245880b329a,participant_mcg_mcg_subc,McG,mixer_id=McG-F; legacy_mix_code=McG-F; mixer_institution_code=McG,false,,"No explicit participant-to-mixer identity mapping or creator/evaluator flag found in evaluations.csv, mixes.csv, retained feature table, or SCHEMA.md.",false,Institution equality alone was not used as self-rating evidence.
evaluation_7be231e707ff,Lead Me,McG-F,mix_e245880b329a,participant_mcg_mcg_p,McG,mixer_id=McG-F; legacy_mix_code=McG-F; mixer_institution_code=McG,false,,"No explicit participant-to-mixer identity mapping or creator/evaluator flag found in evaluations.csv, mixes.csv, retained feature table, or SCHEMA.md.",false,Institution equality alone was not used as self-rating evidence.
evaluation_56e9044df94f,Lead Me,McG-F,mix_e245880b329a,participant_mcg_mcg_k,McG,mixer_id=McG-F; legacy_mix_code=McG-F; mixer_institution_code=McG,false,,"No explicit participant-to-mixer identity mapping or creator/evaluator flag found in evaluations.csv, mixes.csv, retained feature table, or SCHEMA.md.",false,Institution equality alone was not used as self-rating evidence.
evaluation_04dccf29da9c,Lead Me,McG-F,mix_e245880b329a,participant_mcg_mg7,McG,mixer_id=McG-F; legacy_mix_code=McG-F; mixer_institution_code=McG,false,,"No explicit participant-to-mixer identity mapping or creator/evaluator flag found in evaluations.csv, mixes.csv, retained feature table, or SCHEMA.md.",false,Institution equality alone was not used as self-rating evidence.
evaluation_79d5f077fff9,Lead Me,McG-F,mix_e245880b329a,participant_mcg_mg3,McG,mixer_id=McG-F; legacy_mix_code=McG-F; mixer_institution_code=McG,false,,"No explicit participant-to-mixer identity mapping or creator/evaluator flag found in evaluations.csv, mixes.csv, retained feature table, or SCHEMA.md.",false,Institution equality alone was not used as self-rating evidence.
evaluation_d4ac5ec22928,Lead Me,McG-F,mix_e245880b329a,participant_mcg_mg5,McG,mixer_id=McG-F; legacy_mix_code=McG-F; mixer_institution_code=McG,false,,"No explicit participant-to-mixer identity mapping or creator/evaluator flag found in evaluations.csv, mixes.csv, retained feature table, or SCHEMA.md.",false,Institution equality alone was not used as self-rating evidence.
evaluation_a2b82b9df7d0,Lead Me,McG-F,mix_e245880b329a,participant_mcg_mcg_subd,McG,mixer_id=McG-F; legacy_mix_code=McG-F; mixer_institution_code=McG,false,,"No explicit participant-to-mixer identity mapping or creator/evaluator flag found in evaluations.csv, mixes.csv, retained feature table, or SCHEMA.md.",false,Institution equality alone was not used as self-rating evidence.
evaluation_75f0e62866c6,Lead Me,McG-F,mix_e245880b329a,participant_mcg_mcg_j,McG,mixer_id=McG-F; legacy_mix_code=McG-F; mixer_institution_code=McG,false,,"No explicit participant-to-mixer identity mapping or creator/evaluator flag found in evaluations.csv, mixes.csv, retained feature table, or SCHEMA.md.",false,Institution equality alone was not used as self-rating evidence.
evaluation_c3ec5b0e3015,Lead Me,McG-F,mix_e245880b329a,participant_mcg_mcg_o,McG,mixer_id=McG-F; legacy_mix_code=McG-F; mixer_institution_code=McG,false,,"No explicit participant-to-mixer identity mapping or creator/evaluator flag found in evaluations.csv, mixes.csv, retained feature table, or SCHEMA.md.",false,Institution equality alone was not used as self-rating evidence.
evaluation_0c092df37425,Lead Me,McG-F,mix_e245880b329a,participant_mcg_mg4,McG,mixer_id=McG-F; legacy_mix_code=McG-F; mixer_institution_code=McG,false,,"No explicit participant-to-mixer identity mapping or creator/evaluator flag found in evaluations.csv, mixes.csv, retained feature table, or SCHEMA.md.",false,Institution equality alone was not used as self-rating evidence.
evaluation_ac1fa828bec0,Lead Me,McG-F,mix_e245880b329a,participant_mcg_mcg_subh,McG,mixer_id=McG-F; legacy_mix_code=McG-F; mixer_institution_code=McG,false,,"No explicit participant-to-mixer identity mapping or creator/evaluator flag found in evaluations.csv, mixes.csv, retained feature table, or SCHEMA.md.",false,Institution equality alone was not used as self-rating evidence.
evaluation_c3bbe8686e51,Lead Me,McG-F,mix_e245880b329a,participant_mcg_mg1,McG,mixer_id=McG-F; legacy_mix_code=McG-F; mixer_institution_code=McG,false,,"No explicit participant-to-mixer identity mapping or creator/evaluator flag found in evaluations.csv, mixes.csv, retained feature table, or SCHEMA.md.",false,Institution equality alone was not used as self-rating evidence.
evaluation_746327d7105d,Lead Me,McG-F,mix_e245880b329a,participant_mcg_mcg_pro1,McG,mixer_id=McG-F; legacy_mix_code=McG-F; mixer_institution_code=McG,false,,"No explicit participant-to-mixer identity mapping or creator/evaluator flag found in evaluations.csv, mixes.csv, retained feature table, or SCHEMA.md.",false,Institution equality alone was not used as self-rating evidence.
evaluation_12a62d08340b,Lead Me,McG-F,mix_e245880b329a,participant_mcg_mg9,McG,mixer_id=McG-F; legacy_mix_code=McG-F; mixer_institution_code=McG,false,,"No explicit participant-to-mixer identity mapping or creator/evaluator flag found in evaluations.csv, mixes.csv, retained feature table, or SCHEMA.md.",false,Institution equality alone was not used as self-rating evidence.
evaluation_6891ead01600,Lead Me,McG-F,mix_e245880b329a,participant_qm_qm_21,QM,mixer_id=McG-F; legacy_mix_code=McG-F; mixer_institution_code=McG,false,,"No explicit participant-to-mixer identity mapping or creator/evaluator flag found in evaluations.csv, mixes.csv, retained feature table, or SCHEMA.md.",false,Institution equality alone was not used as self-rating evidence.
evaluation_246856fe8611,Lead Me,McG-F,mix_e245880b329a,participant_qm_qm_11,QM,mixer_id=McG-F; legacy_mix_code=McG-F; mixer_institution_code=McG,false,,"No explicit participant-to-mixer identity mapping or creator/evaluator flag found in evaluations.csv, mixes.csv, retained feature table, or SCHEMA.md.",false,Institution equality alone was not used as self-rating evidence.
evaluation_8a2d66776948,Lead Me,McG-F,mix_e245880b329a,participant_qm_qm_16,QM,mixer_id=McG-F; legacy_mix_code=McG-F; mixer_institution_code=McG,false,,"No explicit participant-to-mixer identity mapping or creator/evaluator flag found in evaluations.csv, mixes.csv, retained feature table, or SCHEMA.md.",false,Institution equality alone was not used as self-rating evidence.
evaluation_beb0a8a249a2,Lead Me,McG-F,mix_e245880b329a,participant_qm_qm_1,QM,mixer_id=McG-F; legacy_mix_code=McG-F; mixer_institution_code=McG,false,,"No explicit participant-to-mixer identity mapping or creator/evaluator flag found in evaluations.csv, mixes.csv, retained feature table, or SCHEMA.md.",false,Institution equality alone was not used as self-rating evidence.
evaluation_51e28c02b582,Lead Me,McG-F,mix_e245880b329a,participant_qm_qm_6,QM,mixer_id=McG-F; legacy_mix_code=McG-F; mixer_institution_code=McG,false,,"No explicit participant-to-mixer identity mapping or creator/evaluator flag found in evaluations.csv, mixes.csv, retained feature table, or SCHEMA.md.",false,Institution equality alone was not used as self-rating evidence.
evaluation_e3672a858a3a,Lead Me,McG-F,mix_e245880b329a,participant_qm_qm_18,QM,mixer_id=McG-F; legacy_mix_code=McG-F; mixer_institution_code=McG,false,,"No explicit participant-to-mixer identity mapping or creator/evaluator flag found in evaluations.csv, mixes.csv, retained feature table, or SCHEMA.md.",false,Institution equality alone was not used as self-rating evidence.
evaluation_4a73208b4a3b,Lead Me,McG-F,mix_e245880b329a,participant_qm_qm_3,QM,mixer_id=McG-F; legacy_mix_code=McG-F; mixer_institution_code=McG,false,,"No explicit participant-to-mixer identity mapping or creator/evaluator flag found in evaluations.csv, mixes.csv, retained feature table, or SCHEMA.md.",false,Institution equality alone was not used as self-rating evidence.
evaluation_bda6063d5e1d,Lead Me,McG-F,mix_e245880b329a,participant_qm_qm_9,QM,mixer_id=McG-F; legacy_mix_code=McG-F; mixer_institution_code=McG,false,,"No explicit participant-to-mixer identity mapping or creator/evaluator flag found in evaluations.csv, mixes.csv, retained feature table, or SCHEMA.md.",false,Institution equality alone was not used as self-rating evidence.
evaluation_30936b36e8af,Lead Me,McG-F,mix_e245880b329a,participant_qm_qm_13,QM,mixer_id=McG-F; legacy_mix_code=McG-F; mixer_institution_code=McG,false,,"No explicit participant-to-mixer identity mapping or creator/evaluator flag found in evaluations.csv, mixes.csv, retained feature table, or SCHEMA.md.",false,Institution equality alone was not used as self-rating evidence.
evaluation_e2c04a9d203b,Lead Me,McG-F,mix_e245880b329a,participant_qm_qm_20,QM,mixer_id=McG-F; legacy_mix_code=McG-F; mixer_institution_code=McG,false,,"No explicit participant-to-mixer identity mapping or creator/evaluator flag found in evaluations.csv, mixes.csv, retained feature table, or SCHEMA.md.",false,Institution equality alone was not used as self-rating evidence.
evaluation_3703503ab0e3,Lead Me,McG-F,mix_e245880b329a,participant_smc_smc_25,SMC,mixer_id=McG-F; legacy_mix_code=McG-F; mixer_institution_code=McG,false,,"No explicit participant-to-mixer identity mapping or creator/evaluator flag found in evaluations.csv, mixes.csv, retained feature table, or SCHEMA.md.",false,Institution equality alone was not used as self-rating evidence.
evaluation_1f8f588f4c1a,Lead Me,McG-F,mix_e245880b329a,participant_smc_smc_1,SMC,mixer_id=McG-F; legacy_mix_code=McG-F; mixer_institution_code=McG,false,,"No explicit participant-to-mixer identity mapping or creator/evaluator flag found in evaluations.csv, mixes.csv, retained feature table, or SCHEMA.md.",false,Institution equality alone was not used as self-rating evidence.
evaluation_53a81c10ee59,Lead Me,McG-F,mix_e245880b329a,participant_smc_smc_13,SMC,mixer_id=McG-F; legacy_mix_code=McG-F; mixer_institution_code=McG,false,,"No explicit participant-to-mixer identity mapping or creator/evaluator flag found in evaluations.csv, mixes.csv, retained feature table, or SCHEMA.md.",false,Institution equality alone was not used as self-rating evidence.
evaluation_5ad59002dfb2,Lead Me,McG-F,mix_e245880b329a,participant_smc_smc_0,SMC,mixer_id=McG-F; legacy_mix_code=McG-F; mixer_institution_code=McG,false,,"No explicit participant-to-mixer identity mapping or creator/evaluator flag found in evaluations.csv, mixes.csv, retained feature table, or SCHEMA.md.",false,Institution equality alone was not used as self-rating evidence.
evaluation_670d9f526bea,Lead Me,McG-F,mix_e245880b329a,participant_ucp_ucp_a4,UCP,mixer_id=McG-F; legacy_mix_code=McG-F; mixer_institution_code=McG,false,,"No explicit participant-to-mixer identity mapping or creator/evaluator flag found in evaluations.csv, mixes.csv, retained feature table, or SCHEMA.md.",false,Institution equality alone was not used as self-rating evidence.
evaluation_6a67a02103bd,Lead Me,McG-F,mix_e245880b329a,participant_ucp_ucp_b5,UCP,mixer_id=McG-F; legacy_mix_code=McG-F; mixer_institution_code=McG,false,,"No explicit participant-to-mixer identity mapping or creator/evaluator flag found in evaluations.csv, mixes.csv, retained feature table, or SCHEMA.md.",false,Institution equality alone was not used as self-rating evidence.
evaluation_ce535ec3fa2e,Lead Me,McG-F,mix_e245880b329a,participant_ucp_ucp_a2,UCP,mixer_id=McG-F; legacy_mix_code=McG-F; mixer_institution_code=McG,false,,"No explicit participant-to-mixer identity mapping or creator/evaluator flag found in evaluations.csv, mixes.csv, retained feature table, or SCHEMA.md.",false,Institution equality alone was not used as self-rating evidence.
evaluation_d248938beaeb,Lead Me,McG-F,mix_e245880b329a,participant_ucp_ucp_b2,UCP,mixer_id=McG-F; legacy_mix_code=McG-F; mixer_institution_code=McG,false,,"No explicit participant-to-mixer identity mapping or creator/evaluator flag found in evaluations.csv, mixes.csv, retained feature table, or SCHEMA.md.",false,Institution equality alone was not used as self-rating evidence.
evaluation_3068ecf05a22,Lead Me,McG-F,mix_e245880b329a,participant_ucp_ucp_a5,UCP,mixer_id=McG-F; legacy_mix_code=McG-F; mixer_institution_code=McG,false,,"No explicit participant-to-mixer identity mapping or creator/evaluator flag found in evaluations.csv, mixes.csv, retained feature table, or SCHEMA.md.",false,Institution equality alone was not used as self-rating evidence.
evaluation_d90bed979af6,Lead Me,McG-F,mix_e245880b329a,participant_ucp_ucp_a1,UCP,mixer_id=McG-F; legacy_mix_code=McG-F; mixer_institution_code=McG,false,,"No explicit participant-to-mixer identity mapping or creator/evaluator flag found in evaluations.csv, mixes.csv, retained feature table, or SCHEMA.md.",false,Institution equality alone was not used as self-rating evidence.
evaluation_d71fbddef9af,Lead Me,McG-F,mix_e245880b329a,participant_ucp_ucp_b3,UCP,mixer_id=McG-F; legacy_mix_code=McG-F; mixer_institution_code=McG,false,,"No explicit participant-to-mixer identity mapping or creator/evaluator flag found in evaluations.csv, mixes.csv, retained feature table, or SCHEMA.md.",false,Institution equality alone was not used as self-rating evidence.
evaluation_d22ec54450f3,Lead Me,McG-F,mix_e245880b329a,participant_ucp_ucp_b4,UCP,mixer_id=McG-F; legacy_mix_code=McG-F; mixer_institution_code=McG,false,,"No explicit participant-to-mixer identity mapping or creator/evaluator flag found in evaluations.csv, mixes.csv, retained feature table, or SCHEMA.md.",false,Institution equality alone was not used as self-rating evidence.
evaluation_fec5d2e6fbc5,Lead Me,McG-F,mix_e245880b329a,participant_ucp_ucp_b1,UCP,mixer_id=McG-F; legacy_mix_code=McG-F; mixer_institution_code=McG,false,,"No explicit participant-to-mixer identity mapping or creator/evaluator flag found in evaluations.csv, mixes.csv, retained feature table, or SCHEMA.md.",false,Institution equality alone was not used as self-rating evidence.
evaluation_8f2a11f8d1e6,Lead Me,McG-F,mix_e245880b329a,participant_ucp_ucp_a3,UCP,mixer_id=McG-F; legacy_mix_code=McG-F; mixer_institution_code=McG,false,,"No explicit participant-to-mixer identity mapping or creator/evaluator flag found in evaluations.csv, mixes.csv, retained feature table, or SCHEMA.md.",false,Institution equality alone was not used as self-rating evidence.
evaluation_452c23cb3518,Lead Me,McG-G,mix_e0abc393175b,participant_mcg_mcg_n,McG,mixer_id=McG-G; legacy_mix_code=McG-G; mixer_institution_code=McG,false,,"No explicit participant-to-mixer identity mapping or creator/evaluator flag found in evaluations.csv, mixes.csv, retained feature table, or SCHEMA.md.",false,Institution equality alone was not used as self-rating evidence.
evaluation_24e671695c53,Lead Me,McG-G,mix_e0abc393175b,participant_mcg_mcg_suba,McG,mixer_id=McG-G; legacy_mix_code=McG-G; mixer_institution_code=McG,false,,"No explicit participant-to-mixer identity mapping or creator/evaluator flag found in evaluations.csv, mixes.csv, retained feature table, or SCHEMA.md.",false,Institution equality alone was not used as self-rating evidence.
evaluation_f506f8b167f5,Lead Me,McG-G,mix_e0abc393175b,participant_mcg_mg2,McG,mixer_id=McG-G; legacy_mix_code=McG-G; mixer_institution_code=McG,false,,"No explicit participant-to-mixer identity mapping or creator/evaluator flag found in evaluations.csv, mixes.csv, retained feature table, or SCHEMA.md.",false,Institution equality alone was not used as self-rating evidence.
evaluation_550b66320703,Lead Me,McG-G,mix_e0abc393175b,participant_mcg_mcg_m,McG,mixer_id=McG-G; legacy_mix_code=McG-G; mixer_institution_code=McG,false,,"No explicit participant-to-mixer identity mapping or creator/evaluator flag found in evaluations.csv, mixes.csv, retained feature table, or SCHEMA.md.",false,Institution equality alone was not used as self-rating evidence.
evaluation_0478d75bf625,Lead Me,McG-G,mix_e0abc393175b,participant_mcg_mg6,McG,mixer_id=McG-G; legacy_mix_code=McG-G; mixer_institution_code=McG,false,,"No explicit participant-to-mixer identity mapping or creator/evaluator flag found in evaluations.csv, mixes.csv, retained feature table, or SCHEMA.md.",false,Institution equality alone was not used as self-rating evidence.
evaluation_a1aede151054,Lead Me,McG-G,mix_e0abc393175b,participant_mcg_mcg_i,McG,mixer_id=McG-G; legacy_mix_code=McG-G; mixer_institution_code=McG,false,,"No explicit participant-to-mixer identity mapping or creator/evaluator flag found in evaluations.csv, mixes.csv, retained feature table, or SCHEMA.md.",false,Institution equality alone was not used as self-rating evidence.
evaluation_e003ed3b1391,Lead Me,McG-G,mix_e0abc393175b,participant_mcg_mcg_pro2,McG,mixer_id=McG-G; legacy_mix_code=McG-G; mixer_institution_code=McG,false,,"No explicit participant-to-mixer identity mapping or creator/evaluator flag found in evaluations.csv, mixes.csv, retained feature table, or SCHEMA.md.",false,Institution equality alone was not used as self-rating evidence.
evaluation_d0e4b0950a5e,Lead Me,McG-G,mix_e0abc393175b,participant_mcg_mcg_l,McG,mixer_id=McG-G; legacy_mix_code=McG-G; mixer_institution_code=McG,false,,"No explicit participant-to-mixer identity mapping or creator/evaluator flag found in evaluations.csv, mixes.csv, retained feature table, or SCHEMA.md.",false,Institution equality alone was not used as self-rating evidence.
evaluation_d4e39676e8fb,Lead Me,McG-G,mix_e0abc393175b,participant_mcg_mg8,McG,mixer_id=McG-G; legacy_mix_code=McG-G; mixer_institution_code=McG,false,,"No explicit participant-to-mixer identity mapping or creator/evaluator flag found in evaluations.csv, mixes.csv, retained feature table, or SCHEMA.md.",false,Institution equality alone was not used as self-rating evidence.
evaluation_359897bcb1cb,Lead Me,McG-G,mix_e0abc393175b,participant_mcg_mcg_subc,McG,mixer_id=McG-G; legacy_mix_code=McG-G; mixer_institution_code=McG,false,,"No explicit participant-to-mixer identity mapping or creator/evaluator flag found in evaluations.csv, mixes.csv, retained feature table, or SCHEMA.md.",false,Institution equality alone was not used as self-rating evidence.
evaluation_3d1de51debd4,Lead Me,McG-G,mix_e0abc393175b,participant_mcg_mcg_p,McG,mixer_id=McG-G; legacy_mix_code=McG-G; mixer_institution_code=McG,false,,"No explicit participant-to-mixer identity mapping or creator/evaluator flag found in evaluations.csv, mixes.csv, retained feature table, or SCHEMA.md.",false,Institution equality alone was not used as self-rating evidence.
evaluation_c5f8958c7579,Lead Me,McG-G,mix_e0abc393175b,participant_mcg_mcg_k,McG,mixer_id=McG-G; legacy_mix_code=McG-G; mixer_institution_code=McG,false,,"No explicit participant-to-mixer identity mapping or creator/evaluator flag found in evaluations.csv, mixes.csv, retained feature table, or SCHEMA.md.",false,Institution equality alone was not used as self-rating evidence.
evaluation_80c430c97801,Lead Me,McG-G,mix_e0abc393175b,participant_mcg_mg7,McG,mixer_id=McG-G; legacy_mix_code=McG-G; mixer_institution_code=McG,false,,"No explicit participant-to-mixer identity mapping or creator/evaluator flag found in evaluations.csv, mixes.csv, retained feature table, or SCHEMA.md.",false,Institution equality alone was not used as self-rating evidence.
evaluation_c6b792a890e7,Lead Me,McG-G,mix_e0abc393175b,participant_mcg_mg3,McG,mixer_id=McG-G; legacy_mix_code=McG-G; mixer_institution_code=McG,false,,"No explicit participant-to-mixer identity mapping or creator/evaluator flag found in evaluations.csv, mixes.csv, retained feature table, or SCHEMA.md.",false,Institution equality alone was not used as self-rating evidence.
evaluation_7b950e5e86ee,Lead Me,McG-G,mix_e0abc393175b,participant_mcg_mg5,McG,mixer_id=McG-G; legacy_mix_code=McG-G; mixer_institution_code=McG,false,,"No explicit participant-to-mixer identity mapping or creator/evaluator flag found in evaluations.csv, mixes.csv, retained feature table, or SCHEMA.md.",false,Institution equality alone was not used as self-rating evidence.
evaluation_8ffd7c67c7b5,Lead Me,McG-G,mix_e0abc393175b,participant_mcg_mcg_subd,McG,mixer_id=McG-G; legacy_mix_code=McG-G; mixer_institution_code=McG,false,,"No explicit participant-to-mixer identity mapping or creator/evaluator flag found in evaluations.csv, mixes.csv, retained feature table, or SCHEMA.md.",false,Institution equality alone was not used as self-rating evidence.
evaluation_61f956e1afdf,Lead Me,McG-G,mix_e0abc393175b,participant_mcg_mcg_j,McG,mixer_id=McG-G; legacy_mix_code=McG-G; mixer_institution_code=McG,false,,"No explicit participant-to-mixer identity mapping or creator/evaluator flag found in evaluations.csv, mixes.csv, retained feature table, or SCHEMA.md.",false,Institution equality alone was not used as self-rating evidence.
evaluation_b326215f0f6f,Lead Me,McG-G,mix_e0abc393175b,participant_mcg_mcg_o,McG,mixer_id=McG-G; legacy_mix_code=McG-G; mixer_institution_code=McG,false,,"No explicit participant-to-mixer identity mapping or creator/evaluator flag found in evaluations.csv, mixes.csv, retained feature table, or SCHEMA.md.",false,Institution equality alone was not used as self-rating evidence.
evaluation_afe7b84cf987,Lead Me,McG-G,mix_e0abc393175b,participant_mcg_mg4,McG,mixer_id=McG-G; legacy_mix_code=McG-G; mixer_institution_code=McG,false,,"No explicit participant-to-mixer identity mapping or creator/evaluator flag found in evaluations.csv, mixes.csv, retained feature table, or SCHEMA.md.",false,Institution equality alone was not used as self-rating evidence.
evaluation_4c5cb6e7e5af,Lead Me,McG-G,mix_e0abc393175b,participant_mcg_mcg_subh,McG,mixer_id=McG-G; legacy_mix_code=McG-G; mixer_institution_code=McG,false,,"No explicit participant-to-mixer identity mapping or creator/evaluator flag found in evaluations.csv, mixes.csv, retained feature table, or SCHEMA.md.",false,Institution equality alone was not used as self-rating evidence.
evaluation_1bec9d3d3eaf,Lead Me,McG-G,mix_e0abc393175b,participant_mcg_mg1,McG,mixer_id=McG-G; legacy_mix_code=McG-G; mixer_institution_code=McG,false,,"No explicit participant-to-mixer identity mapping or creator/evaluator flag found in evaluations.csv, mixes.csv, retained feature table, or SCHEMA.md.",false,Institution equality alone was not used as self-rating evidence.
evaluation_eca4cd7dafd0,Lead Me,McG-G,mix_e0abc393175b,participant_mcg_mcg_pro1,McG,mixer_id=McG-G; legacy_mix_code=McG-G; mixer_institution_code=McG,false,,"No explicit participant-to-mixer identity mapping or creator/evaluator flag found in evaluations.csv, mixes.csv, retained feature table, or SCHEMA.md.",false,Institution equality alone was not used as self-rating evidence.
evaluation_d679141e7c77,Lead Me,McG-G,mix_e0abc393175b,participant_mcg_mg9,McG,mixer_id=McG-G; legacy_mix_code=McG-G; mixer_institution_code=McG,false,,"No explicit participant-to-mixer identity mapping or creator/evaluator flag found in evaluations.csv, mixes.csv, retained feature table, or SCHEMA.md.",false,Institution equality alone was not used as self-rating evidence.
evaluation_7f7914c76be6,Lead Me,McG-G,mix_e0abc393175b,participant_qm_qm_21,QM,mixer_id=McG-G; legacy_mix_code=McG-G; mixer_institution_code=McG,false,,"No explicit participant-to-mixer identity mapping or creator/evaluator flag found in evaluations.csv, mixes.csv, retained feature table, or SCHEMA.md.",false,Institution equality alone was not used as self-rating evidence.
evaluation_de10cf8d6023,Lead Me,McG-G,mix_e0abc393175b,participant_qm_qm_11,QM,mixer_id=McG-G; legacy_mix_code=McG-G; mixer_institution_code=McG,false,,"No explicit participant-to-mixer identity mapping or creator/evaluator flag found in evaluations.csv, mixes.csv, retained feature table, or SCHEMA.md.",false,Institution equality alone was not used as self-rating evidence.
evaluation_02c55e3f309e,Lead Me,McG-G,mix_e0abc393175b,participant_qm_qm_16,QM,mixer_id=McG-G; legacy_mix_code=McG-G; mixer_institution_code=McG,false,,"No explicit participant-to-mixer identity mapping or creator/evaluator flag found in evaluations.csv, mixes.csv, retained feature table, or SCHEMA.md.",false,Institution equality alone was not used as self-rating evidence.
evaluation_0132162bb888,Lead Me,McG-G,mix_e0abc393175b,participant_qm_qm_1,QM,mixer_id=McG-G; legacy_mix_code=McG-G; mixer_institution_code=McG,false,,"No explicit participant-to-mixer identity mapping or creator/evaluator flag found in evaluations.csv, mixes.csv, retained feature table, or SCHEMA.md.",false,Institution equality alone was not used as self-rating evidence.
evaluation_103861aeb4f5,Lead Me,McG-G,mix_e0abc393175b,participant_qm_qm_6,QM,mixer_id=McG-G; legacy_mix_code=McG-G; mixer_institution_code=McG,false,,"No explicit participant-to-mixer identity mapping or creator/evaluator flag found in evaluations.csv, mixes.csv, retained feature table, or SCHEMA.md.",false,Institution equality alone was not used as self-rating evidence.
evaluation_7e21b434bbcd,Lead Me,McG-G,mix_e0abc393175b,participant_qm_qm_18,QM,mixer_id=McG-G; legacy_mix_code=McG-G; mixer_institution_code=McG,false,,"No explicit participant-to-mixer identity mapping or creator/evaluator flag found in evaluations.csv, mixes.csv, retained feature table, or SCHEMA.md.",false,Institution equality alone was not used as self-rating evidence.
evaluation_1f366448e781,Lead Me,McG-G,mix_e0abc393175b,participant_qm_qm_3,QM,mixer_id=McG-G; legacy_mix_code=McG-G; mixer_institution_code=McG,false,,"No explicit participant-to-mixer identity mapping or creator/evaluator flag found in evaluations.csv, mixes.csv, retained feature table, or SCHEMA.md.",false,Institution equality alone was not used as self-rating evidence.
evaluation_83ab9f1e694f,Lead Me,McG-G,mix_e0abc393175b,participant_qm_qm_9,QM,mixer_id=McG-G; legacy_mix_code=McG-G; mixer_institution_code=McG,false,,"No explicit participant-to-mixer identity mapping or creator/evaluator flag found in evaluations.csv, mixes.csv, retained feature table, or SCHEMA.md.",false,Institution equality alone was not used as self-rating evidence.
evaluation_4f48758644e5,Lead Me,McG-G,mix_e0abc393175b,participant_qm_qm_13,QM,mixer_id=McG-G; legacy_mix_code=McG-G; mixer_institution_code=McG,false,,"No explicit participant-to-mixer identity mapping or creator/evaluator flag found in evaluations.csv, mixes.csv, retained feature table, or SCHEMA.md.",false,Institution equality alone was not used as self-rating evidence.
evaluation_e5729d164e75,Lead Me,McG-G,mix_e0abc393175b,participant_qm_qm_20,QM,mixer_id=McG-G; legacy_mix_code=McG-G; mixer_institution_code=McG,false,,"No explicit participant-to-mixer identity mapping or creator/evaluator flag found in evaluations.csv, mixes.csv, retained feature table, or SCHEMA.md.",false,Institution equality alone was not used as self-rating evidence.
evaluation_c67c7dd6f977,Lead Me,McG-G,mix_e0abc393175b,participant_smc_smc_25,SMC,mixer_id=McG-G; legacy_mix_code=McG-G; mixer_institution_code=McG,false,,"No explicit participant-to-mixer identity mapping or creator/evaluator flag found in evaluations.csv, mixes.csv, retained feature table, or SCHEMA.md.",false,Institution equality alone was not used as self-rating evidence.
evaluation_2d020d605a9c,Lead Me,McG-G,mix_e0abc393175b,participant_smc_smc_1,SMC,mixer_id=McG-G; legacy_mix_code=McG-G; mixer_institution_code=McG,false,,"No explicit participant-to-mixer identity mapping or creator/evaluator flag found in evaluations.csv, mixes.csv, retained feature table, or SCHEMA.md.",false,Institution equality alone was not used as self-rating evidence.
evaluation_72f8409124c3,Lead Me,McG-G,mix_e0abc393175b,participant_smc_smc_13,SMC,mixer_id=McG-G; legacy_mix_code=McG-G; mixer_institution_code=McG,false,,"No explicit participant-to-mixer identity mapping or creator/evaluator flag found in evaluations.csv, mixes.csv, retained feature table, or SCHEMA.md.",false,Institution equality alone was not used as self-rating evidence.
evaluation_0e0c3a62ae4d,Lead Me,McG-G,mix_e0abc393175b,participant_smc_smc_0,SMC,mixer_id=McG-G; legacy_mix_code=McG-G; mixer_institution_code=McG,false,,"No explicit participant-to-mixer identity mapping or creator/evaluator flag found in evaluations.csv, mixes.csv, retained feature table, or SCHEMA.md.",false,Institution equality alone was not used as self-rating evidence.
evaluation_730c1aed27a2,Lead Me,McG-H,mix_427e3b105a59,participant_mcg_mcg_n,McG,mixer_id=McG-H; legacy_mix_code=McG-H; mixer_institution_code=McG,false,,"No explicit participant-to-mixer identity mapping or creator/evaluator flag found in evaluations.csv, mixes.csv, retained feature table, or SCHEMA.md.",false,Institution equality alone was not used as self-rating evidence.
evaluation_74f2ead0a46d,Lead Me,McG-H,mix_427e3b105a59,participant_mcg_mcg_suba,McG,mixer_id=McG-H; legacy_mix_code=McG-H; mixer_institution_code=McG,false,,"No explicit participant-to-mixer identity mapping or creator/evaluator flag found in evaluations.csv, mixes.csv, retained feature table, or SCHEMA.md.",false,Institution equality alone was not used as self-rating evidence.
evaluation_f8565eae61cb,Lead Me,McG-H,mix_427e3b105a59,participant_mcg_mg2,McG,mixer_id=McG-H; legacy_mix_code=McG-H; mixer_institution_code=McG,false,,"No explicit participant-to-mixer identity mapping or creator/evaluator flag found in evaluations.csv, mixes.csv, retained feature table, or SCHEMA.md.",false,Institution equality alone was not used as self-rating evidence.
evaluation_b905db8771fa,Lead Me,McG-H,mix_427e3b105a59,participant_mcg_mcg_m,McG,mixer_id=McG-H; legacy_mix_code=McG-H; mixer_institution_code=McG,false,,"No explicit participant-to-mixer identity mapping or creator/evaluator flag found in evaluations.csv, mixes.csv, retained feature table, or SCHEMA.md.",false,Institution equality alone was not used as self-rating evidence.
evaluation_f1ce40252b20,Lead Me,McG-H,mix_427e3b105a59,participant_mcg_mg6,McG,mixer_id=McG-H; legacy_mix_code=McG-H; mixer_institution_code=McG,false,,"No explicit participant-to-mixer identity mapping or creator/evaluator flag found in evaluations.csv, mixes.csv, retained feature table, or SCHEMA.md.",false,Institution equality alone was not used as self-rating evidence.
evaluation_583f89a4cb6c,Lead Me,McG-H,mix_427e3b105a59,participant_mcg_mcg_i,McG,mixer_id=McG-H; legacy_mix_code=McG-H; mixer_institution_code=McG,false,,"No explicit participant-to-mixer identity mapping or creator/evaluator flag found in evaluations.csv, mixes.csv, retained feature table, or SCHEMA.md.",false,Institution equality alone was not used as self-rating evidence.
evaluation_017b4a57050a,Lead Me,McG-H,mix_427e3b105a59,participant_mcg_mcg_pro2,McG,mixer_id=McG-H; legacy_mix_code=McG-H; mixer_institution_code=McG,false,,"No explicit participant-to-mixer identity mapping or creator/evaluator flag found in evaluations.csv, mixes.csv, retained feature table, or SCHEMA.md.",false,Institution equality alone was not used as self-rating evidence.
evaluation_33563bb39b7a,Lead Me,McG-H,mix_427e3b105a59,participant_mcg_mcg_l,McG,mixer_id=McG-H; legacy_mix_code=McG-H; mixer_institution_code=McG,false,,"No explicit participant-to-mixer identity mapping or creator/evaluator flag found in evaluations.csv, mixes.csv, retained feature table, or SCHEMA.md.",false,Institution equality alone was not used as self-rating evidence.
evaluation_9ec8e1329b03,Lead Me,McG-H,mix_427e3b105a59,participant_mcg_mg8,McG,mixer_id=McG-H; legacy_mix_code=McG-H; mixer_institution_code=McG,false,,"No explicit participant-to-mixer identity mapping or creator/evaluator flag found in evaluations.csv, mixes.csv, retained feature table, or SCHEMA.md.",false,Institution equality alone was not used as self-rating evidence.
evaluation_b4350dc8491d,Lead Me,McG-H,mix_427e3b105a59,participant_mcg_mcg_subc,McG,mixer_id=McG-H; legacy_mix_code=McG-H; mixer_institution_code=McG,false,,"No explicit participant-to-mixer identity mapping or creator/evaluator flag found in evaluations.csv, mixes.csv, retained feature table, or SCHEMA.md.",false,Institution equality alone was not used as self-rating evidence.
evaluation_300a5e1744cb,Lead Me,McG-H,mix_427e3b105a59,participant_mcg_mcg_p,McG,mixer_id=McG-H; legacy_mix_code=McG-H; mixer_institution_code=McG,false,,"No explicit participant-to-mixer identity mapping or creator/evaluator flag found in evaluations.csv, mixes.csv, retained feature table, or SCHEMA.md.",false,Institution equality alone was not used as self-rating evidence.
evaluation_455f2424856a,Lead Me,McG-H,mix_427e3b105a59,participant_mcg_mcg_k,McG,mixer_id=McG-H; legacy_mix_code=McG-H; mixer_institution_code=McG,false,,"No explicit participant-to-mixer identity mapping or creator/evaluator flag found in evaluations.csv, mixes.csv, retained feature table, or SCHEMA.md.",false,Institution equality alone was not used as self-rating evidence.
evaluation_ab1566c48998,Lead Me,McG-H,mix_427e3b105a59,participant_mcg_mg7,McG,mixer_id=McG-H; legacy_mix_code=McG-H; mixer_institution_code=McG,false,,"No explicit participant-to-mixer identity mapping or creator/evaluator flag found in evaluations.csv, mixes.csv, retained feature table, or SCHEMA.md.",false,Institution equality alone was not used as self-rating evidence.
evaluation_a25d661908ac,Lead Me,McG-H,mix_427e3b105a59,participant_mcg_mg3,McG,mixer_id=McG-H; legacy_mix_code=McG-H; mixer_institution_code=McG,false,,"No explicit participant-to-mixer identity mapping or creator/evaluator flag found in evaluations.csv, mixes.csv, retained feature table, or SCHEMA.md.",false,Institution equality alone was not used as self-rating evidence.
evaluation_cd609311e838,Lead Me,McG-H,mix_427e3b105a59,participant_mcg_mg5,McG,mixer_id=McG-H; legacy_mix_code=McG-H; mixer_institution_code=McG,false,,"No explicit participant-to-mixer identity mapping or creator/evaluator flag found in evaluations.csv, mixes.csv, retained feature table, or SCHEMA.md.",false,Institution equality alone was not used as self-rating evidence.
evaluation_7a46027bc588,Lead Me,McG-H,mix_427e3b105a59,participant_mcg_mcg_subd,McG,mixer_id=McG-H; legacy_mix_code=McG-H; mixer_institution_code=McG,false,,"No explicit participant-to-mixer identity mapping or creator/evaluator flag found in evaluations.csv, mixes.csv, retained feature table, or SCHEMA.md.",false,Institution equality alone was not used as self-rating evidence.
evaluation_ab39b801ed68,Lead Me,McG-H,mix_427e3b105a59,participant_mcg_mcg_j,McG,mixer_id=McG-H; legacy_mix_code=McG-H; mixer_institution_code=McG,false,,"No explicit participant-to-mixer identity mapping or creator/evaluator flag found in evaluations.csv, mixes.csv, retained feature table, or SCHEMA.md.",false,Institution equality alone was not used as self-rating evidence.
evaluation_40ca7ab00f95,Lead Me,McG-H,mix_427e3b105a59,participant_mcg_mcg_o,McG,mixer_id=McG-H; legacy_mix_code=McG-H; mixer_institution_code=McG,false,,"No explicit participant-to-mixer identity mapping or creator/evaluator flag found in evaluations.csv, mixes.csv, retained feature table, or SCHEMA.md.",false,Institution equality alone was not used as self-rating evidence.
evaluation_5c5ae078a17a,Lead Me,McG-H,mix_427e3b105a59,participant_mcg_mg4,McG,mixer_id=McG-H; legacy_mix_code=McG-H; mixer_institution_code=McG,false,,"No explicit participant-to-mixer identity mapping or creator/evaluator flag found in evaluations.csv, mixes.csv, retained feature table, or SCHEMA.md.",false,Institution equality alone was not used as self-rating evidence.
evaluation_e836f316d71c,Lead Me,McG-H,mix_427e3b105a59,participant_mcg_mcg_subh,McG,mixer_id=McG-H; legacy_mix_code=McG-H; mixer_institution_code=McG,false,,"No explicit participant-to-mixer identity mapping or creator/evaluator flag found in evaluations.csv, mixes.csv, retained feature table, or SCHEMA.md.",false,Institution equality alone was not used as self-rating evidence.
evaluation_88d97d1d16e0,Lead Me,McG-H,mix_427e3b105a59,participant_mcg_mg1,McG,mixer_id=McG-H; legacy_mix_code=McG-H; mixer_institution_code=McG,false,,"No explicit participant-to-mixer identity mapping or creator/evaluator flag found in evaluations.csv, mixes.csv, retained feature table, or SCHEMA.md.",false,Institution equality alone was not used as self-rating evidence.
evaluation_b1d995b21178,Lead Me,McG-H,mix_427e3b105a59,participant_mcg_mcg_pro1,McG,mixer_id=McG-H; legacy_mix_code=McG-H; mixer_institution_code=McG,false,,"No explicit participant-to-mixer identity mapping or creator/evaluator flag found in evaluations.csv, mixes.csv, retained feature table, or SCHEMA.md.",false,Institution equality alone was not used as self-rating evidence.
evaluation_8f0184c27042,Lead Me,McG-H,mix_427e3b105a59,participant_mcg_mg9,McG,mixer_id=McG-H; legacy_mix_code=McG-H; mixer_institution_code=McG,false,,"No explicit participant-to-mixer identity mapping or creator/evaluator flag found in evaluations.csv, mixes.csv, retained feature table, or SCHEMA.md.",false,Institution equality alone was not used as self-rating evidence.
evaluation_129be6bb7f49,Lead Me,McG-H,mix_427e3b105a59,participant_qm_qm_21,QM,mixer_id=McG-H; legacy_mix_code=McG-H; mixer_institution_code=McG,false,,"No explicit participant-to-mixer identity mapping or creator/evaluator flag found in evaluations.csv, mixes.csv, retained feature table, or SCHEMA.md.",false,Institution equality alone was not used as self-rating evidence.
evaluation_b27064929447,Lead Me,McG-H,mix_427e3b105a59,participant_qm_qm_11,QM,mixer_id=McG-H; legacy_mix_code=McG-H; mixer_institution_code=McG,false,,"No explicit participant-to-mixer identity mapping or creator/evaluator flag found in evaluations.csv, mixes.csv, retained feature table, or SCHEMA.md.",false,Institution equality alone was not used as self-rating evidence.
evaluation_71b6ddb2af6e,Lead Me,McG-H,mix_427e3b105a59,participant_qm_qm_16,QM,mixer_id=McG-H; legacy_mix_code=McG-H; mixer_institution_code=McG,false,,"No explicit participant-to-mixer identity mapping or creator/evaluator flag found in evaluations.csv, mixes.csv, retained feature table, or SCHEMA.md.",false,Institution equality alone was not used as self-rating evidence.
evaluation_25a046b5bd85,Lead Me,McG-H,mix_427e3b105a59,participant_qm_qm_1,QM,mixer_id=McG-H; legacy_mix_code=McG-H; mixer_institution_code=McG,false,,"No explicit participant-to-mixer identity mapping or creator/evaluator flag found in evaluations.csv, mixes.csv, retained feature table, or SCHEMA.md.",false,Institution equality alone was not used as self-rating evidence.
evaluation_9df53e4954ce,Lead Me,McG-H,mix_427e3b105a59,participant_qm_qm_6,QM,mixer_id=McG-H; legacy_mix_code=McG-H; mixer_institution_code=McG,false,,"No explicit participant-to-mixer identity mapping or creator/evaluator flag found in evaluations.csv, mixes.csv, retained feature table, or SCHEMA.md.",false,Institution equality alone was not used as self-rating evidence.
evaluation_8280155a37c2,Lead Me,McG-H,mix_427e3b105a59,participant_qm_qm_18,QM,mixer_id=McG-H; legacy_mix_code=McG-H; mixer_institution_code=McG,false,,"No explicit participant-to-mixer identity mapping or creator/evaluator flag found in evaluations.csv, mixes.csv, retained feature table, or SCHEMA.md.",false,Institution equality alone was not used as self-rating evidence.
evaluation_0d525134f168,Lead Me,McG-H,mix_427e3b105a59,participant_qm_qm_3,QM,mixer_id=McG-H; legacy_mix_code=McG-H; mixer_institution_code=McG,false,,"No explicit participant-to-mixer identity mapping or creator/evaluator flag found in evaluations.csv, mixes.csv, retained feature table, or SCHEMA.md.",false,Institution equality alone was not used as self-rating evidence.
evaluation_ea4c94e7d6f5,Lead Me,McG-H,mix_427e3b105a59,participant_qm_qm_9,QM,mixer_id=McG-H; legacy_mix_code=McG-H; mixer_institution_code=McG,false,,"No explicit participant-to-mixer identity mapping or creator/evaluator flag found in evaluations.csv, mixes.csv, retained feature table, or SCHEMA.md.",false,Institution equality alone was not used as self-rating evidence.
evaluation_449bc501a316,Lead Me,McG-H,mix_427e3b105a59,participant_qm_qm_13,QM,mixer_id=McG-H; legacy_mix_code=McG-H; mixer_institution_code=McG,false,,"No explicit participant-to-mixer identity mapping or creator/evaluator flag found in evaluations.csv, mixes.csv, retained feature table, or SCHEMA.md.",false,Institution equality alone was not used as self-rating evidence.
evaluation_ee4e24fbe745,Lead Me,McG-H,mix_427e3b105a59,participant_qm_qm_20,QM,mixer_id=McG-H; legacy_mix_code=McG-H; mixer_institution_code=McG,false,,"No explicit participant-to-mixer identity mapping or creator/evaluator flag found in evaluations.csv, mixes.csv, retained feature table, or SCHEMA.md.",false,Institution equality alone was not used as self-rating evidence.
evaluation_84ffa0f61779,Lead Me,McG-H,mix_427e3b105a59,participant_smc_smc_25,SMC,mixer_id=McG-H; legacy_mix_code=McG-H; mixer_institution_code=McG,false,,"No explicit participant-to-mixer identity mapping or creator/evaluator flag found in evaluations.csv, mixes.csv, retained feature table, or SCHEMA.md.",false,Institution equality alone was not used as self-rating evidence.
evaluation_778a1b0efb40,Lead Me,McG-H,mix_427e3b105a59,participant_smc_smc_1,SMC,mixer_id=McG-H; legacy_mix_code=McG-H; mixer_institution_code=McG,false,,"No explicit participant-to-mixer identity mapping or creator/evaluator flag found in evaluations.csv, mixes.csv, retained feature table, or SCHEMA.md.",false,Institution equality alone was not used as self-rating evidence.
evaluation_12ee346df94d,Lead Me,McG-H,mix_427e3b105a59,participant_smc_smc_13,SMC,mixer_id=McG-H; legacy_mix_code=McG-H; mixer_institution_code=McG,false,,"No explicit participant-to-mixer identity mapping or creator/evaluator flag found in evaluations.csv, mixes.csv, retained feature table, or SCHEMA.md.",false,Institution equality alone was not used as self-rating evidence.
evaluation_8bb329aa415b,Lead Me,McG-H,mix_427e3b105a59,participant_smc_smc_0,SMC,mixer_id=McG-H; legacy_mix_code=McG-H; mixer_institution_code=McG,false,,"No explicit participant-to-mixer identity mapping or creator/evaluator flag found in evaluations.csv, mixes.csv, retained feature table, or SCHEMA.md.",false,Institution equality alone was not used as self-rating evidence.
evaluation_d4bb80847245,Lead Me,McG-H,mix_427e3b105a59,participant_ucp_ucp_a4,UCP,mixer_id=McG-H; legacy_mix_code=McG-H; mixer_institution_code=McG,false,,"No explicit participant-to-mixer identity mapping or creator/evaluator flag found in evaluations.csv, mixes.csv, retained feature table, or SCHEMA.md.",false,Institution equality alone was not used as self-rating evidence.
evaluation_3eaf63aa2d30,Lead Me,McG-H,mix_427e3b105a59,participant_ucp_ucp_b5,UCP,mixer_id=McG-H; legacy_mix_code=McG-H; mixer_institution_code=McG,false,,"No explicit participant-to-mixer identity mapping or creator/evaluator flag found in evaluations.csv, mixes.csv, retained feature table, or SCHEMA.md.",false,Institution equality alone was not used as self-rating evidence.
evaluation_e126781964c7,Lead Me,McG-H,mix_427e3b105a59,participant_ucp_ucp_a2,UCP,mixer_id=McG-H; legacy_mix_code=McG-H; mixer_institution_code=McG,false,,"No explicit participant-to-mixer identity mapping or creator/evaluator flag found in evaluations.csv, mixes.csv, retained feature table, or SCHEMA.md.",false,Institution equality alone was not used as self-rating evidence.
evaluation_399bd9216af6,Lead Me,McG-H,mix_427e3b105a59,participant_ucp_ucp_b2,UCP,mixer_id=McG-H; legacy_mix_code=McG-H; mixer_institution_code=McG,false,,"No explicit participant-to-mixer identity mapping or creator/evaluator flag found in evaluations.csv, mixes.csv, retained feature table, or SCHEMA.md.",false,Institution equality alone was not used as self-rating evidence.
evaluation_64396728b77a,Lead Me,McG-H,mix_427e3b105a59,participant_ucp_ucp_a5,UCP,mixer_id=McG-H; legacy_mix_code=McG-H; mixer_institution_code=McG,false,,"No explicit participant-to-mixer identity mapping or creator/evaluator flag found in evaluations.csv, mixes.csv, retained feature table, or SCHEMA.md.",false,Institution equality alone was not used as self-rating evidence.
evaluation_658aa02572ae,Lead Me,McG-H,mix_427e3b105a59,participant_ucp_ucp_a1,UCP,mixer_id=McG-H; legacy_mix_code=McG-H; mixer_institution_code=McG,false,,"No explicit participant-to-mixer identity mapping or creator/evaluator flag found in evaluations.csv, mixes.csv, retained feature table, or SCHEMA.md.",false,Institution equality alone was not used as self-rating evidence.
evaluation_bd0926a41b51,Lead Me,McG-H,mix_427e3b105a59,participant_ucp_ucp_b3,UCP,mixer_id=McG-H; legacy_mix_code=McG-H; mixer_institution_code=McG,false,,"No explicit participant-to-mixer identity mapping or creator/evaluator flag found in evaluations.csv, mixes.csv, retained feature table, or SCHEMA.md.",false,Institution equality alone was not used as self-rating evidence.
evaluation_373aef5dd593,Lead Me,McG-H,mix_427e3b105a59,participant_ucp_ucp_b4,UCP,mixer_id=McG-H; legacy_mix_code=McG-H; mixer_institution_code=McG,false,,"No explicit participant-to-mixer identity mapping or creator/evaluator flag found in evaluations.csv, mixes.csv, retained feature table, or SCHEMA.md.",false,Institution equality alone was not used as self-rating evidence.
evaluation_a6ff266d55df,Lead Me,McG-H,mix_427e3b105a59,participant_ucp_ucp_b1,UCP,mixer_id=McG-H; legacy_mix_code=McG-H; mixer_institution_code=McG,false,,"No explicit participant-to-mixer identity mapping or creator/evaluator flag found in evaluations.csv, mixes.csv, retained feature table, or SCHEMA.md.",false,Institution equality alone was not used as self-rating evidence.
evaluation_021de4e818fe,Lead Me,McG-H,mix_427e3b105a59,participant_ucp_ucp_a3,UCP,mixer_id=McG-H; legacy_mix_code=McG-H; mixer_institution_code=McG,false,,"No explicit participant-to-mixer identity mapping or creator/evaluator flag found in evaluations.csv, mixes.csv, retained feature table, or SCHEMA.md.",false,Institution equality alone was not used as self-rating evidence.
evaluation_c637caac2a4c,Lead Me,McG-pro2,mix_d3e3580b6e30,participant_mcg_mcg_n,McG,mixer_id=McG-pro2; legacy_mix_code=McG-pro2; mixer_institution_code=McG,false,,"No explicit participant-to-mixer identity mapping or creator/evaluator flag found in evaluations.csv, mixes.csv, retained feature table, or SCHEMA.md.",false,Institution equality alone was not used as self-rating evidence.
evaluation_0db69684860b,Lead Me,McG-pro2,mix_d3e3580b6e30,participant_mcg_mcg_suba,McG,mixer_id=McG-pro2; legacy_mix_code=McG-pro2; mixer_institution_code=McG,false,,"No explicit participant-to-mixer identity mapping or creator/evaluator flag found in evaluations.csv, mixes.csv, retained feature table, or SCHEMA.md.",false,Institution equality alone was not used as self-rating evidence.
evaluation_bc4f2f6bc8a6,Lead Me,McG-pro2,mix_d3e3580b6e30,participant_mcg_mg2,McG,mixer_id=McG-pro2; legacy_mix_code=McG-pro2; mixer_institution_code=McG,false,,"No explicit participant-to-mixer identity mapping or creator/evaluator flag found in evaluations.csv, mixes.csv, retained feature table, or SCHEMA.md.",false,Institution equality alone was not used as self-rating evidence.
evaluation_a2bebb3ff270,Lead Me,McG-pro2,mix_d3e3580b6e30,participant_mcg_mcg_m,McG,mixer_id=McG-pro2; legacy_mix_code=McG-pro2; mixer_institution_code=McG,false,,"No explicit participant-to-mixer identity mapping or creator/evaluator flag found in evaluations.csv, mixes.csv, retained feature table, or SCHEMA.md.",false,Institution equality alone was not used as self-rating evidence.
evaluation_4f0b8304edc8,Lead Me,McG-pro2,mix_d3e3580b6e30,participant_mcg_mg6,McG,mixer_id=McG-pro2; legacy_mix_code=McG-pro2; mixer_institution_code=McG,false,,"No explicit participant-to-mixer identity mapping or creator/evaluator flag found in evaluations.csv, mixes.csv, retained feature table, or SCHEMA.md.",false,Institution equality alone was not used as self-rating evidence.
evaluation_18724a7f3311,Lead Me,McG-pro2,mix_d3e3580b6e30,participant_mcg_mcg_i,McG,mixer_id=McG-pro2; legacy_mix_code=McG-pro2; mixer_institution_code=McG,false,,"No explicit participant-to-mixer identity mapping or creator/evaluator flag found in evaluations.csv, mixes.csv, retained feature table, or SCHEMA.md.",false,Institution equality alone was not used as self-rating evidence.
evaluation_7043e96435a6,Lead Me,McG-pro2,mix_d3e3580b6e30,participant_mcg_mcg_pro2,McG,mixer_id=McG-pro2; legacy_mix_code=McG-pro2; mixer_institution_code=McG,false,,"No explicit participant-to-mixer identity mapping or creator/evaluator flag found in evaluations.csv, mixes.csv, retained feature table, or SCHEMA.md.",false,Institution equality alone was not used as self-rating evidence.
evaluation_fb23dfa0c744,Lead Me,McG-pro2,mix_d3e3580b6e30,participant_mcg_mcg_l,McG,mixer_id=McG-pro2; legacy_mix_code=McG-pro2; mixer_institution_code=McG,false,,"No explicit participant-to-mixer identity mapping or creator/evaluator flag found in evaluations.csv, mixes.csv, retained feature table, or SCHEMA.md.",false,Institution equality alone was not used as self-rating evidence.
evaluation_69b5284d2128,Lead Me,McG-pro2,mix_d3e3580b6e30,participant_mcg_mg8,McG,mixer_id=McG-pro2; legacy_mix_code=McG-pro2; mixer_institution_code=McG,false,,"No explicit participant-to-mixer identity mapping or creator/evaluator flag found in evaluations.csv, mixes.csv, retained feature table, or SCHEMA.md.",false,Institution equality alone was not used as self-rating evidence.
evaluation_b621511e6636,Lead Me,McG-pro2,mix_d3e3580b6e30,participant_mcg_mcg_subc,McG,mixer_id=McG-pro2; legacy_mix_code=McG-pro2; mixer_institution_code=McG,false,,"No explicit participant-to-mixer identity mapping or creator/evaluator flag found in evaluations.csv, mixes.csv, retained feature table, or SCHEMA.md.",false,Institution equality alone was not used as self-rating evidence.
evaluation_77c6090a6725,Lead Me,McG-pro2,mix_d3e3580b6e30,participant_mcg_mcg_p,McG,mixer_id=McG-pro2; legacy_mix_code=McG-pro2; mixer_institution_code=McG,false,,"No explicit participant-to-mixer identity mapping or creator/evaluator flag found in evaluations.csv, mixes.csv, retained feature table, or SCHEMA.md.",false,Institution equality alone was not used as self-rating evidence.
evaluation_25245442f12e,Lead Me,McG-pro2,mix_d3e3580b6e30,participant_mcg_mcg_k,McG,mixer_id=McG-pro2; legacy_mix_code=McG-pro2; mixer_institution_code=McG,false,,"No explicit participant-to-mixer identity mapping or creator/evaluator flag found in evaluations.csv, mixes.csv, retained feature table, or SCHEMA.md.",false,Institution equality alone was not used as self-rating evidence.
evaluation_40530a37f438,Lead Me,McG-pro2,mix_d3e3580b6e30,participant_mcg_mg7,McG,mixer_id=McG-pro2; legacy_mix_code=McG-pro2; mixer_institution_code=McG,false,,"No explicit participant-to-mixer identity mapping or creator/evaluator flag found in evaluations.csv, mixes.csv, retained feature table, or SCHEMA.md.",false,Institution equality alone was not used as self-rating evidence.
evaluation_42ebcf0bf3ce,Lead Me,McG-pro2,mix_d3e3580b6e30,participant_mcg_mg3,McG,mixer_id=McG-pro2; legacy_mix_code=McG-pro2; mixer_institution_code=McG,false,,"No explicit participant-to-mixer identity mapping or creator/evaluator flag found in evaluations.csv, mixes.csv, retained feature table, or SCHEMA.md.",false,Institution equality alone was not used as self-rating evidence.
evaluation_4e92cbaeab6b,Lead Me,McG-pro2,mix_d3e3580b6e30,participant_mcg_mg5,McG,mixer_id=McG-pro2; legacy_mix_code=McG-pro2; mixer_institution_code=McG,false,,"No explicit participant-to-mixer identity mapping or creator/evaluator flag found in evaluations.csv, mixes.csv, retained feature table, or SCHEMA.md.",false,Institution equality alone was not used as self-rating evidence.
evaluation_6e781e8dc89f,Lead Me,McG-pro2,mix_d3e3580b6e30,participant_mcg_mcg_subd,McG,mixer_id=McG-pro2; legacy_mix_code=McG-pro2; mixer_institution_code=McG,false,,"No explicit participant-to-mixer identity mapping or creator/evaluator flag found in evaluations.csv, mixes.csv, retained feature table, or SCHEMA.md.",false,Institution equality alone was not used as self-rating evidence.
evaluation_99b7125aec21,Lead Me,McG-pro2,mix_d3e3580b6e30,participant_mcg_mcg_j,McG,mixer_id=McG-pro2; legacy_mix_code=McG-pro2; mixer_institution_code=McG,false,,"No explicit participant-to-mixer identity mapping or creator/evaluator flag found in evaluations.csv, mixes.csv, retained feature table, or SCHEMA.md.",false,Institution equality alone was not used as self-rating evidence.
evaluation_14298981a0a4,Lead Me,McG-pro2,mix_d3e3580b6e30,participant_mcg_mcg_o,McG,mixer_id=McG-pro2; legacy_mix_code=McG-pro2; mixer_institution_code=McG,false,,"No explicit participant-to-mixer identity mapping or creator/evaluator flag found in evaluations.csv, mixes.csv, retained feature table, or SCHEMA.md.",false,Institution equality alone was not used as self-rating evidence.
evaluation_4206da43a61f,Lead Me,McG-pro2,mix_d3e3580b6e30,participant_mcg_mg4,McG,mixer_id=McG-pro2; legacy_mix_code=McG-pro2; mixer_institution_code=McG,false,,"No explicit participant-to-mixer identity mapping or creator/evaluator flag found in evaluations.csv, mixes.csv, retained feature table, or SCHEMA.md.",false,Institution equality alone was not used as self-rating evidence.
evaluation_15f1e17c4011,Lead Me,McG-pro2,mix_d3e3580b6e30,participant_mcg_mcg_subh,McG,mixer_id=McG-pro2; legacy_mix_code=McG-pro2; mixer_institution_code=McG,false,,"No explicit participant-to-mixer identity mapping or creator/evaluator flag found in evaluations.csv, mixes.csv, retained feature table, or SCHEMA.md.",false,Institution equality alone was not used as self-rating evidence.
evaluation_0788f0217f99,Lead Me,McG-pro2,mix_d3e3580b6e30,participant_mcg_mg1,McG,mixer_id=McG-pro2; legacy_mix_code=McG-pro2; mixer_institution_code=McG,false,,"No explicit participant-to-mixer identity mapping or creator/evaluator flag found in evaluations.csv, mixes.csv, retained feature table, or SCHEMA.md.",false,Institution equality alone was not used as self-rating evidence.
evaluation_98282d0ae4a6,Lead Me,McG-pro2,mix_d3e3580b6e30,participant_mcg_mcg_pro1,McG,mixer_id=McG-pro2; legacy_mix_code=McG-pro2; mixer_institution_code=McG,false,,"No explicit participant-to-mixer identity mapping or creator/evaluator flag found in evaluations.csv, mixes.csv, retained feature table, or SCHEMA.md.",false,Institution equality alone was not used as self-rating evidence.
evaluation_681c60d76baa,Lead Me,McG-pro2,mix_d3e3580b6e30,participant_mcg_mg9,McG,mixer_id=McG-pro2; legacy_mix_code=McG-pro2; mixer_institution_code=McG,false,,"No explicit participant-to-mixer identity mapping or creator/evaluator flag found in evaluations.csv, mixes.csv, retained feature table, or SCHEMA.md.",false,Institution equality alone was not used as self-rating evidence.
evaluation_6023c9bb7698,Lead Me,McG-pro2,mix_d3e3580b6e30,participant_qm_qm_21,QM,mixer_id=McG-pro2; legacy_mix_code=McG-pro2; mixer_institution_code=McG,false,,"No explicit participant-to-mixer identity mapping or creator/evaluator flag found in evaluations.csv, mixes.csv, retained feature table, or SCHEMA.md.",false,Institution equality alone was not used as self-rating evidence.
evaluation_f520370a7d71,Lead Me,McG-pro2,mix_d3e3580b6e30,participant_qm_qm_11,QM,mixer_id=McG-pro2; legacy_mix_code=McG-pro2; mixer_institution_code=McG,false,,"No explicit participant-to-mixer identity mapping or creator/evaluator flag found in evaluations.csv, mixes.csv, retained feature table, or SCHEMA.md.",false,Institution equality alone was not used as self-rating evidence.
evaluation_845520ee4f1e,Lead Me,McG-pro2,mix_d3e3580b6e30,participant_qm_qm_16,QM,mixer_id=McG-pro2; legacy_mix_code=McG-pro2; mixer_institution_code=McG,false,,"No explicit participant-to-mixer identity mapping or creator/evaluator flag found in evaluations.csv, mixes.csv, retained feature table, or SCHEMA.md.",false,Institution equality alone was not used as self-rating evidence.
evaluation_fb3add506f8a,Lead Me,McG-pro2,mix_d3e3580b6e30,participant_qm_qm_1,QM,mixer_id=McG-pro2; legacy_mix_code=McG-pro2; mixer_institution_code=McG,false,,"No explicit participant-to-mixer identity mapping or creator/evaluator flag found in evaluations.csv, mixes.csv, retained feature table, or SCHEMA.md.",false,Institution equality alone was not used as self-rating evidence.
evaluation_a83e2b5bef01,Lead Me,McG-pro2,mix_d3e3580b6e30,participant_qm_qm_6,QM,mixer_id=McG-pro2; legacy_mix_code=McG-pro2; mixer_institution_code=McG,false,,"No explicit participant-to-mixer identity mapping or creator/evaluator flag found in evaluations.csv, mixes.csv, retained feature table, or SCHEMA.md.",false,Institution equality alone was not used as self-rating evidence.
evaluation_452fc0762ba4,Lead Me,McG-pro2,mix_d3e3580b6e30,participant_qm_qm_18,QM,mixer_id=McG-pro2; legacy_mix_code=McG-pro2; mixer_institution_code=McG,false,,"No explicit participant-to-mixer identity mapping or creator/evaluator flag found in evaluations.csv, mixes.csv, retained feature table, or SCHEMA.md.",false,Institution equality alone was not used as self-rating evidence.
evaluation_ec6f2c0b756b,Lead Me,McG-pro2,mix_d3e3580b6e30,participant_qm_qm_3,QM,mixer_id=McG-pro2; legacy_mix_code=McG-pro2; mixer_institution_code=McG,false,,"No explicit participant-to-mixer identity mapping or creator/evaluator flag found in evaluations.csv, mixes.csv, retained feature table, or SCHEMA.md.",false,Institution equality alone was not used as self-rating evidence.
evaluation_8f340b84c6fc,Lead Me,McG-pro2,mix_d3e3580b6e30,participant_qm_qm_9,QM,mixer_id=McG-pro2; legacy_mix_code=McG-pro2; mixer_institution_code=McG,false,,"No explicit participant-to-mixer identity mapping or creator/evaluator flag found in evaluations.csv, mixes.csv, retained feature table, or SCHEMA.md.",false,Institution equality alone was not used as self-rating evidence.
evaluation_56b82258715d,Lead Me,McG-pro2,mix_d3e3580b6e30,participant_qm_qm_13,QM,mixer_id=McG-pro2; legacy_mix_code=McG-pro2; mixer_institution_code=McG,false,,"No explicit participant-to-mixer identity mapping or creator/evaluator flag found in evaluations.csv, mixes.csv, retained feature table, or SCHEMA.md.",false,Institution equality alone was not used as self-rating evidence.
evaluation_30841940f6ac,Lead Me,McG-pro2,mix_d3e3580b6e30,participant_qm_qm_20,QM,mixer_id=McG-pro2; legacy_mix_code=McG-pro2; mixer_institution_code=McG,false,,"No explicit participant-to-mixer identity mapping or creator/evaluator flag found in evaluations.csv, mixes.csv, retained feature table, or SCHEMA.md.",false,Institution equality alone was not used as self-rating evidence.
evaluation_115ce29dd750,Lead Me,McG-pro2,mix_d3e3580b6e30,participant_smc_smc_25,SMC,mixer_id=McG-pro2; legacy_mix_code=McG-pro2; mixer_institution_code=McG,false,,"No explicit participant-to-mixer identity mapping or creator/evaluator flag found in evaluations.csv, mixes.csv, retained feature table, or SCHEMA.md.",false,Institution equality alone was not used as self-rating evidence.
evaluation_66b3e36d6423,Lead Me,McG-pro2,mix_d3e3580b6e30,participant_smc_smc_1,SMC,mixer_id=McG-pro2; legacy_mix_code=McG-pro2; mixer_institution_code=McG,false,,"No explicit participant-to-mixer identity mapping or creator/evaluator flag found in evaluations.csv, mixes.csv, retained feature table, or SCHEMA.md.",false,Institution equality alone was not used as self-rating evidence.
evaluation_6d341ca9a087,Lead Me,McG-pro2,mix_d3e3580b6e30,participant_smc_smc_13,SMC,mixer_id=McG-pro2; legacy_mix_code=McG-pro2; mixer_institution_code=McG,false,,"No explicit participant-to-mixer identity mapping or creator/evaluator flag found in evaluations.csv, mixes.csv, retained feature table, or SCHEMA.md.",false,Institution equality alone was not used as self-rating evidence.
evaluation_57af5a0a0528,Lead Me,McG-pro2,mix_d3e3580b6e30,participant_smc_smc_0,SMC,mixer_id=McG-pro2; legacy_mix_code=McG-pro2; mixer_institution_code=McG,false,,"No explicit participant-to-mixer identity mapping or creator/evaluator flag found in evaluations.csv, mixes.csv, retained feature table, or SCHEMA.md.",false,Institution equality alone was not used as self-rating evidence.
evaluation_9e1549d78e6b,Lead Me,McG-pro2,mix_d3e3580b6e30,participant_ucp_ucp_a4,UCP,mixer_id=McG-pro2; legacy_mix_code=McG-pro2; mixer_institution_code=McG,false,,"No explicit participant-to-mixer identity mapping or creator/evaluator flag found in evaluations.csv, mixes.csv, retained feature table, or SCHEMA.md.",false,Institution equality alone was not used as self-rating evidence.
evaluation_b3a5c405b2a2,Lead Me,McG-pro2,mix_d3e3580b6e30,participant_ucp_ucp_b5,UCP,mixer_id=McG-pro2; legacy_mix_code=McG-pro2; mixer_institution_code=McG,false,,"No explicit participant-to-mixer identity mapping or creator/evaluator flag found in evaluations.csv, mixes.csv, retained feature table, or SCHEMA.md.",false,Institution equality alone was not used as self-rating evidence.
evaluation_119c3e3e763d,Lead Me,McG-pro2,mix_d3e3580b6e30,participant_ucp_ucp_a2,UCP,mixer_id=McG-pro2; legacy_mix_code=McG-pro2; mixer_institution_code=McG,false,,"No explicit participant-to-mixer identity mapping or creator/evaluator flag found in evaluations.csv, mixes.csv, retained feature table, or SCHEMA.md.",false,Institution equality alone was not used as self-rating evidence.
evaluation_819c9094b821,Lead Me,McG-pro2,mix_d3e3580b6e30,participant_ucp_ucp_b2,UCP,mixer_id=McG-pro2; legacy_mix_code=McG-pro2; mixer_institution_code=McG,false,,"No explicit participant-to-mixer identity mapping or creator/evaluator flag found in evaluations.csv, mixes.csv, retained feature table, or SCHEMA.md.",false,Institution equality alone was not used as self-rating evidence.
evaluation_82a90c69aa19,Lead Me,McG-pro2,mix_d3e3580b6e30,participant_ucp_ucp_a5,UCP,mixer_id=McG-pro2; legacy_mix_code=McG-pro2; mixer_institution_code=McG,false,,"No explicit participant-to-mixer identity mapping or creator/evaluator flag found in evaluations.csv, mixes.csv, retained feature table, or SCHEMA.md.",false,Institution equality alone was not used as self-rating evidence.
evaluation_2e7a90667c47,Lead Me,McG-pro2,mix_d3e3580b6e30,participant_ucp_ucp_a1,UCP,mixer_id=McG-pro2; legacy_mix_code=McG-pro2; mixer_institution_code=McG,false,,"No explicit participant-to-mixer identity mapping or creator/evaluator flag found in evaluations.csv, mixes.csv, retained feature table, or SCHEMA.md.",false,Institution equality alone was not used as self-rating evidence.
evaluation_bbfe2a7cf974,Lead Me,McG-pro2,mix_d3e3580b6e30,participant_ucp_ucp_b3,UCP,mixer_id=McG-pro2; legacy_mix_code=McG-pro2; mixer_institution_code=McG,false,,"No explicit participant-to-mixer identity mapping or creator/evaluator flag found in evaluations.csv, mixes.csv, retained feature table, or SCHEMA.md.",false,Institution equality alone was not used as self-rating evidence.
evaluation_8a7b7ea4f967,Lead Me,McG-pro2,mix_d3e3580b6e30,participant_ucp_ucp_b4,UCP,mixer_id=McG-pro2; legacy_mix_code=McG-pro2; mixer_institution_code=McG,false,,"No explicit participant-to-mixer identity mapping or creator/evaluator flag found in evaluations.csv, mixes.csv, retained feature table, or SCHEMA.md.",false,Institution equality alone was not used as self-rating evidence.
evaluation_6770d4a0fa21,Lead Me,McG-pro2,mix_d3e3580b6e30,participant_ucp_ucp_b1,UCP,mixer_id=McG-pro2; legacy_mix_code=McG-pro2; mixer_institution_code=McG,false,,"No explicit participant-to-mixer identity mapping or creator/evaluator flag found in evaluations.csv, mixes.csv, retained feature table, or SCHEMA.md.",false,Institution equality alone was not used as self-rating evidence.
evaluation_7b71e8e41e29,Lead Me,McG-pro2,mix_d3e3580b6e30,participant_ucp_ucp_a3,UCP,mixer_id=McG-pro2; legacy_mix_code=McG-pro2; mixer_institution_code=McG,false,,"No explicit participant-to-mixer identity mapping or creator/evaluator flag found in evaluations.csv, mixes.csv, retained feature table, or SCHEMA.md.",false,Institution equality alone was not used as self-rating evidence.
evaluation_43b4db9d30ad,Lead Me,PXL-L1,mix_d5b28dfc8a93,participant_cns_cns_j,CNS,mixer_id=PXL-L1; legacy_mix_code=PXL-L1; mixer_institution_code=PXL,false,,"No explicit participant-to-mixer identity mapping or creator/evaluator flag found in evaluations.csv, mixes.csv, retained feature table, or SCHEMA.md.",false,Institution equality alone was not used as self-rating evidence.
evaluation_80e1c5bcd40e,Lead Me,PXL-L1,mix_d5b28dfc8a93,participant_cns_cns_5,CNS,mixer_id=PXL-L1; legacy_mix_code=PXL-L1; mixer_institution_code=PXL,false,,"No explicit participant-to-mixer identity mapping or creator/evaluator flag found in evaluations.csv, mixes.csv, retained feature table, or SCHEMA.md.",false,Institution equality alone was not used as self-rating evidence.
evaluation_251de277c9dc,Lead Me,PXL-L1,mix_d5b28dfc8a93,participant_cns_cns_d,CNS,mixer_id=PXL-L1; legacy_mix_code=PXL-L1; mixer_institution_code=PXL,false,,"No explicit participant-to-mixer identity mapping or creator/evaluator flag found in evaluations.csv, mixes.csv, retained feature table, or SCHEMA.md.",false,Institution equality alone was not used as self-rating evidence.
evaluation_fba88bc04649,Lead Me,PXL-L1,mix_d5b28dfc8a93,participant_cns_cns_c,CNS,mixer_id=PXL-L1; legacy_mix_code=PXL-L1; mixer_institution_code=PXL,false,,"No explicit participant-to-mixer identity mapping or creator/evaluator flag found in evaluations.csv, mixes.csv, retained feature table, or SCHEMA.md.",false,Institution equality alone was not used as self-rating evidence.
evaluation_05c7f796a92d,Lead Me,PXL-L1,mix_d5b28dfc8a93,participant_cns_cns_l,CNS,mixer_id=PXL-L1; legacy_mix_code=PXL-L1; mixer_institution_code=PXL,false,,"No explicit participant-to-mixer identity mapping or creator/evaluator flag found in evaluations.csv, mixes.csv, retained feature table, or SCHEMA.md.",false,Institution equality alone was not used as self-rating evidence.
evaluation_7cde27bf1eeb,Lead Me,PXL-L1,mix_d5b28dfc8a93,participant_cns_cns_b,CNS,mixer_id=PXL-L1; legacy_mix_code=PXL-L1; mixer_institution_code=PXL,false,,"No explicit participant-to-mixer identity mapping or creator/evaluator flag found in evaluations.csv, mixes.csv, retained feature table, or SCHEMA.md.",false,Institution equality alone was not used as self-rating evidence.
evaluation_c44e4086aa1f,Lead Me,PXL-L1,mix_d5b28dfc8a93,participant_cns_cns_pro,CNS,mixer_id=PXL-L1; legacy_mix_code=PXL-L1; mixer_institution_code=PXL,false,,"No explicit participant-to-mixer identity mapping or creator/evaluator flag found in evaluations.csv, mixes.csv, retained feature table, or SCHEMA.md.",false,Institution equality alone was not used as self-rating evidence.
evaluation_9930a2828cd5,Lead Me,PXL-L1,mix_d5b28dfc8a93,participant_cns_cns_f,CNS,mixer_id=PXL-L1; legacy_mix_code=PXL-L1; mixer_institution_code=PXL,false,,"No explicit participant-to-mixer identity mapping or creator/evaluator flag found in evaluations.csv, mixes.csv, retained feature table, or SCHEMA.md.",false,Institution equality alone was not used as self-rating evidence.
evaluation_cc0550391b4d,Lead Me,PXL-L1,mix_d5b28dfc8a93,participant_cns_cns_g,CNS,mixer_id=PXL-L1; legacy_mix_code=PXL-L1; mixer_institution_code=PXL,false,,"No explicit participant-to-mixer identity mapping or creator/evaluator flag found in evaluations.csv, mixes.csv, retained feature table, or SCHEMA.md.",false,Institution equality alone was not used as self-rating evidence.
evaluation_58c3dafa5c49,Lead Me,PXL-L1,mix_d5b28dfc8a93,participant_cns_cns_h,CNS,mixer_id=PXL-L1; legacy_mix_code=PXL-L1; mixer_institution_code=PXL,false,,"No explicit participant-to-mixer identity mapping or creator/evaluator flag found in evaluations.csv, mixes.csv, retained feature table, or SCHEMA.md.",false,Institution equality alone was not used as self-rating evidence.
evaluation_5695929b2fd2,Lead Me,PXL-L1,mix_d5b28dfc8a93,participant_cns_cns_i,CNS,mixer_id=PXL-L1; legacy_mix_code=PXL-L1; mixer_institution_code=PXL,false,,"No explicit participant-to-mixer identity mapping or creator/evaluator flag found in evaluations.csv, mixes.csv, retained feature table, or SCHEMA.md.",false,Institution equality alone was not used as self-rating evidence.
evaluation_c65debbd40de,Lead Me,PXL-L1,mix_d5b28dfc8a93,participant_cns_cns_a,CNS,mixer_id=PXL-L1; legacy_mix_code=PXL-L1; mixer_institution_code=PXL,false,,"No explicit participant-to-mixer identity mapping or creator/evaluator flag found in evaluations.csv, mixes.csv, retained feature table, or SCHEMA.md.",false,Institution equality alone was not used as self-rating evidence.
evaluation_d05e5b13dbec,Lead Me,PXL-L1,mix_d5b28dfc8a93,participant_cns_cns_e,CNS,mixer_id=PXL-L1; legacy_mix_code=PXL-L1; mixer_institution_code=PXL,false,,"No explicit participant-to-mixer identity mapping or creator/evaluator flag found in evaluations.csv, mixes.csv, retained feature table, or SCHEMA.md.",false,Institution equality alone was not used as self-rating evidence.
evaluation_0788aad57c4d,Lead Me,PXL-L1,mix_d5b28dfc8a93,participant_cns_cns_k,CNS,mixer_id=PXL-L1; legacy_mix_code=PXL-L1; mixer_institution_code=PXL,false,,"No explicit participant-to-mixer identity mapping or creator/evaluator flag found in evaluations.csv, mixes.csv, retained feature table, or SCHEMA.md.",false,Institution equality alone was not used as self-rating evidence.
evaluation_a0cd88855d64,Lead Me,PXL-L1,mix_d5b28dfc8a93,participant_pxl_pxl_l2,PXL,mixer_id=PXL-L1; legacy_mix_code=PXL-L1; mixer_institution_code=PXL,false,,"No explicit participant-to-mixer identity mapping or creator/evaluator flag found in evaluations.csv, mixes.csv, retained feature table, or SCHEMA.md.",false,Institution equality alone was not used as self-rating evidence.
evaluation_fa8bcb082175,Lead Me,PXL-L1,mix_d5b28dfc8a93,participant_pxl_pxl_l5,PXL,mixer_id=PXL-L1; legacy_mix_code=PXL-L1; mixer_institution_code=PXL,false,,"No explicit participant-to-mixer identity mapping or creator/evaluator flag found in evaluations.csv, mixes.csv, retained feature table, or SCHEMA.md.",false,Institution equality alone was not used as self-rating evidence.
evaluation_01047e103b7b,Lead Me,PXL-L1,mix_d5b28dfc8a93,participant_pxl_pxl_l1,PXL,mixer_id=PXL-L1; legacy_mix_code=PXL-L1; mixer_institution_code=PXL,false,,"No explicit participant-to-mixer identity mapping or creator/evaluator flag found in evaluations.csv, mixes.csv, retained feature table, or SCHEMA.md.",false,Institution equality alone was not used as self-rating evidence.
evaluation_c91c2042a4f8,Lead Me,PXL-L1,mix_d5b28dfc8a93,participant_pxl_pxl_pro,PXL,mixer_id=PXL-L1; legacy_mix_code=PXL-L1; mixer_institution_code=PXL,false,,"No explicit participant-to-mixer identity mapping or creator/evaluator flag found in evaluations.csv, mixes.csv, retained feature table, or SCHEMA.md.",false,Institution equality alone was not used as self-rating evidence.
evaluation_bf1d4409464b,Lead Me,PXL-L1,mix_d5b28dfc8a93,participant_pxl_pxl_l3,PXL,mixer_id=PXL-L1; legacy_mix_code=PXL-L1; mixer_institution_code=PXL,false,,"No explicit participant-to-mixer identity mapping or creator/evaluator flag found in evaluations.csv, mixes.csv, retained feature table, or SCHEMA.md.",false,Institution equality alone was not used as self-rating evidence.
evaluation_a91abe544fc1,Lead Me,PXL-L1,mix_d5b28dfc8a93,participant_pxl_pxl_l4,PXL,mixer_id=PXL-L1; legacy_mix_code=PXL-L1; mixer_institution_code=PXL,false,,"No explicit participant-to-mixer identity mapping or creator/evaluator flag found in evaluations.csv, mixes.csv, retained feature table, or SCHEMA.md.",false,Institution equality alone was not used as self-rating evidence.
evaluation_8fda8f410208,Lead Me,PXL-L1,mix_d5b28dfc8a93,participant_qut_qut_k,QUT,mixer_id=PXL-L1; legacy_mix_code=PXL-L1; mixer_institution_code=PXL,false,,"No explicit participant-to-mixer identity mapping or creator/evaluator flag found in evaluations.csv, mixes.csv, retained feature table, or SCHEMA.md.",false,Institution equality alone was not used as self-rating evidence.
evaluation_8a69fb09398c,Lead Me,PXL-L1,mix_d5b28dfc8a93,participant_qut_qut_s,QUT,mixer_id=PXL-L1; legacy_mix_code=PXL-L1; mixer_institution_code=PXL,false,,"No explicit participant-to-mixer identity mapping or creator/evaluator flag found in evaluations.csv, mixes.csv, retained feature table, or SCHEMA.md.",false,Institution equality alone was not used as self-rating evidence.
evaluation_def17a9377f7,Lead Me,PXL-L1,mix_d5b28dfc8a93,participant_qut_qut_h,QUT,mixer_id=PXL-L1; legacy_mix_code=PXL-L1; mixer_institution_code=PXL,false,,"No explicit participant-to-mixer identity mapping or creator/evaluator flag found in evaluations.csv, mixes.csv, retained feature table, or SCHEMA.md.",false,Institution equality alone was not used as self-rating evidence.
evaluation_d2cabd73ec30,Lead Me,PXL-L1,mix_d5b28dfc8a93,participant_qut_qut_q,QUT,mixer_id=PXL-L1; legacy_mix_code=PXL-L1; mixer_institution_code=PXL,false,,"No explicit participant-to-mixer identity mapping or creator/evaluator flag found in evaluations.csv, mixes.csv, retained feature table, or SCHEMA.md.",false,Institution equality alone was not used as self-rating evidence.
evaluation_008478b478c1,Lead Me,PXL-L1,mix_d5b28dfc8a93,participant_qut_qut_i,QUT,mixer_id=PXL-L1; legacy_mix_code=PXL-L1; mixer_institution_code=PXL,false,,"No explicit participant-to-mixer identity mapping or creator/evaluator flag found in evaluations.csv, mixes.csv, retained feature table, or SCHEMA.md.",false,Institution equality alone was not used as self-rating evidence.
evaluation_88267a04a7c1,Lead Me,PXL-L1,mix_d5b28dfc8a93,participant_qut_qut_r,QUT,mixer_id=PXL-L1; legacy_mix_code=PXL-L1; mixer_institution_code=PXL,false,,"No explicit participant-to-mixer identity mapping or creator/evaluator flag found in evaluations.csv, mixes.csv, retained feature table, or SCHEMA.md.",false,Institution equality alone was not used as self-rating evidence.
evaluation_db4355f5a222,Lead Me,PXL-L1,mix_d5b28dfc8a93,participant_qut_qut_e,QUT,mixer_id=PXL-L1; legacy_mix_code=PXL-L1; mixer_institution_code=PXL,false,,"No explicit participant-to-mixer identity mapping or creator/evaluator flag found in evaluations.csv, mixes.csv, retained feature table, or SCHEMA.md.",false,Institution equality alone was not used as self-rating evidence.
evaluation_478d80ee7455,Lead Me,PXL-L1,mix_d5b28dfc8a93,participant_qut_qut_n,QUT,mixer_id=PXL-L1; legacy_mix_code=PXL-L1; mixer_institution_code=PXL,false,,"No explicit participant-to-mixer identity mapping or creator/evaluator flag found in evaluations.csv, mixes.csv, retained feature table, or SCHEMA.md.",false,Institution equality alone was not used as self-rating evidence.
evaluation_7f4104b808a0,Lead Me,PXL-L1,mix_d5b28dfc8a93,participant_qut_qut_m,QUT,mixer_id=PXL-L1; legacy_mix_code=PXL-L1; mixer_institution_code=PXL,false,,"No explicit participant-to-mixer identity mapping or creator/evaluator flag found in evaluations.csv, mixes.csv, retained feature table, or SCHEMA.md.",false,Institution equality alone was not used as self-rating evidence.
evaluation_6a7d52add585,Lead Me,PXL-L1,mix_d5b28dfc8a93,participant_qut_qut_f,QUT,mixer_id=PXL-L1; legacy_mix_code=PXL-L1; mixer_institution_code=PXL,false,,"No explicit participant-to-mixer identity mapping or creator/evaluator flag found in evaluations.csv, mixes.csv, retained feature table, or SCHEMA.md.",false,Institution equality alone was not used as self-rating evidence.
evaluation_e5a5dd71d349,Lead Me,PXL-L1,mix_d5b28dfc8a93,participant_qut_qut_p,QUT,mixer_id=PXL-L1; legacy_mix_code=PXL-L1; mixer_institution_code=PXL,false,,"No explicit participant-to-mixer identity mapping or creator/evaluator flag found in evaluations.csv, mixes.csv, retained feature table, or SCHEMA.md.",false,Institution equality alone was not used as self-rating evidence.
evaluation_e6328b668993,Lead Me,PXL-L1,mix_d5b28dfc8a93,participant_qut_qut_o,QUT,mixer_id=PXL-L1; legacy_mix_code=PXL-L1; mixer_institution_code=PXL,false,,"No explicit participant-to-mixer identity mapping or creator/evaluator flag found in evaluations.csv, mixes.csv, retained feature table, or SCHEMA.md.",false,Institution equality alone was not used as self-rating evidence.
evaluation_864a0dfcb114,Lead Me,PXL-L1,mix_d5b28dfc8a93,participant_qut_qut_a,QUT,mixer_id=PXL-L1; legacy_mix_code=PXL-L1; mixer_institution_code=PXL,false,,"No explicit participant-to-mixer identity mapping or creator/evaluator flag found in evaluations.csv, mixes.csv, retained feature table, or SCHEMA.md.",false,Institution equality alone was not used as self-rating evidence.
evaluation_68253ac3a875,Lead Me,PXL-L1,mix_d5b28dfc8a93,participant_qut_qut_pro,QUT,mixer_id=PXL-L1; legacy_mix_code=PXL-L1; mixer_institution_code=PXL,false,,"No explicit participant-to-mixer identity mapping or creator/evaluator flag found in evaluations.csv, mixes.csv, retained feature table, or SCHEMA.md.",false,Institution equality alone was not used as self-rating evidence.
evaluation_4f81c85fb360,Lead Me,PXL-L1,mix_d5b28dfc8a93,participant_qut_qut_c,QUT,mixer_id=PXL-L1; legacy_mix_code=PXL-L1; mixer_institution_code=PXL,false,,"No explicit participant-to-mixer identity mapping or creator/evaluator flag found in evaluations.csv, mixes.csv, retained feature table, or SCHEMA.md.",false,Institution equality alone was not used as self-rating evidence.
evaluation_dc1817fb988a,Lead Me,PXL-L1,mix_d5b28dfc8a93,participant_qut_qut_l,QUT,mixer_id=PXL-L1; legacy_mix_code=PXL-L1; mixer_institution_code=PXL,false,,"No explicit participant-to-mixer identity mapping or creator/evaluator flag found in evaluations.csv, mixes.csv, retained feature table, or SCHEMA.md.",false,Institution equality alone was not used as self-rating evidence.
evaluation_076ac1138aeb,Lead Me,PXL-L2,mix_92e2bdebe300,participant_pxl_pxl_l2,PXL,mixer_id=PXL-L2; legacy_mix_code=PXL-L2; mixer_institution_code=PXL,false,,"No explicit participant-to-mixer identity mapping or creator/evaluator flag found in evaluations.csv, mixes.csv, retained feature table, or SCHEMA.md.",false,Institution equality alone was not used as self-rating evidence.
evaluation_f0ea781f3c03,Lead Me,PXL-L2,mix_92e2bdebe300,participant_pxl_pxl_l5,PXL,mixer_id=PXL-L2; legacy_mix_code=PXL-L2; mixer_institution_code=PXL,false,,"No explicit participant-to-mixer identity mapping or creator/evaluator flag found in evaluations.csv, mixes.csv, retained feature table, or SCHEMA.md.",false,Institution equality alone was not used as self-rating evidence.
evaluation_b91af5e02e0f,Lead Me,PXL-L2,mix_92e2bdebe300,participant_pxl_pxl_l1,PXL,mixer_id=PXL-L2; legacy_mix_code=PXL-L2; mixer_institution_code=PXL,false,,"No explicit participant-to-mixer identity mapping or creator/evaluator flag found in evaluations.csv, mixes.csv, retained feature table, or SCHEMA.md.",false,Institution equality alone was not used as self-rating evidence.
evaluation_40986469d6f5,Lead Me,PXL-L2,mix_92e2bdebe300,participant_pxl_pxl_pro,PXL,mixer_id=PXL-L2; legacy_mix_code=PXL-L2; mixer_institution_code=PXL,false,,"No explicit participant-to-mixer identity mapping or creator/evaluator flag found in evaluations.csv, mixes.csv, retained feature table, or SCHEMA.md.",false,Institution equality alone was not used as self-rating evidence.
evaluation_647bfbe2dc5f,Lead Me,PXL-L2,mix_92e2bdebe300,participant_pxl_pxl_l3,PXL,mixer_id=PXL-L2; legacy_mix_code=PXL-L2; mixer_institution_code=PXL,false,,"No explicit participant-to-mixer identity mapping or creator/evaluator flag found in evaluations.csv, mixes.csv, retained feature table, or SCHEMA.md.",false,Institution equality alone was not used as self-rating evidence.
evaluation_84b0ef0b558b,Lead Me,PXL-L2,mix_92e2bdebe300,participant_pxl_pxl_l4,PXL,mixer_id=PXL-L2; legacy_mix_code=PXL-L2; mixer_institution_code=PXL,false,,"No explicit participant-to-mixer identity mapping or creator/evaluator flag found in evaluations.csv, mixes.csv, retained feature table, or SCHEMA.md.",false,Institution equality alone was not used as self-rating evidence.
evaluation_9c376d967ab9,Lead Me,PXL-L3,mix_3bc79ea82599,participant_pxl_pxl_l2,PXL,mixer_id=PXL-L3; legacy_mix_code=PXL-L3; mixer_institution_code=PXL,false,,"No explicit participant-to-mixer identity mapping or creator/evaluator flag found in evaluations.csv, mixes.csv, retained feature table, or SCHEMA.md.",false,Institution equality alone was not used as self-rating evidence.
evaluation_099b92c53d68,Lead Me,PXL-L3,mix_3bc79ea82599,participant_pxl_pxl_l5,PXL,mixer_id=PXL-L3; legacy_mix_code=PXL-L3; mixer_institution_code=PXL,false,,"No explicit participant-to-mixer identity mapping or creator/evaluator flag found in evaluations.csv, mixes.csv, retained feature table, or SCHEMA.md.",false,Institution equality alone was not used as self-rating evidence.
evaluation_30757a2e9b97,Lead Me,PXL-L3,mix_3bc79ea82599,participant_pxl_pxl_l1,PXL,mixer_id=PXL-L3; legacy_mix_code=PXL-L3; mixer_institution_code=PXL,false,,"No explicit participant-to-mixer identity mapping or creator/evaluator flag found in evaluations.csv, mixes.csv, retained feature table, or SCHEMA.md.",false,Institution equality alone was not used as self-rating evidence.
evaluation_0e3d57bdf7f2,Lead Me,PXL-L3,mix_3bc79ea82599,participant_pxl_pxl_pro,PXL,mixer_id=PXL-L3; legacy_mix_code=PXL-L3; mixer_institution_code=PXL,false,,"No explicit participant-to-mixer identity mapping or creator/evaluator flag found in evaluations.csv, mixes.csv, retained feature table, or SCHEMA.md.",false,Institution equality alone was not used as self-rating evidence.
evaluation_f56616c8486c,Lead Me,PXL-L3,mix_3bc79ea82599,participant_pxl_pxl_l3,PXL,mixer_id=PXL-L3; legacy_mix_code=PXL-L3; mixer_institution_code=PXL,false,,"No explicit participant-to-mixer identity mapping or creator/evaluator flag found in evaluations.csv, mixes.csv, retained feature table, or SCHEMA.md.",false,Institution equality alone was not used as self-rating evidence.
evaluation_51dc777b8dc8,Lead Me,PXL-L3,mix_3bc79ea82599,participant_pxl_pxl_l4,PXL,mixer_id=PXL-L3; legacy_mix_code=PXL-L3; mixer_institution_code=PXL,false,,"No explicit participant-to-mixer identity mapping or creator/evaluator flag found in evaluations.csv, mixes.csv, retained feature table, or SCHEMA.md.",false,Institution equality alone was not used as self-rating evidence.
evaluation_f915e704f8f8,Lead Me,PXL-L4,mix_c7d9a071ba25,participant_pxl_pxl_l2,PXL,mixer_id=PXL-L4; legacy_mix_code=PXL-L4; mixer_institution_code=PXL,false,,"No explicit participant-to-mixer identity mapping or creator/evaluator flag found in evaluations.csv, mixes.csv, retained feature table, or SCHEMA.md.",false,Institution equality alone was not used as self-rating evidence.
evaluation_9d321ebde3ca,Lead Me,PXL-L4,mix_c7d9a071ba25,participant_pxl_pxl_l5,PXL,mixer_id=PXL-L4; legacy_mix_code=PXL-L4; mixer_institution_code=PXL,false,,"No explicit participant-to-mixer identity mapping or creator/evaluator flag found in evaluations.csv, mixes.csv, retained feature table, or SCHEMA.md.",false,Institution equality alone was not used as self-rating evidence.
evaluation_3dd88f5ca71b,Lead Me,PXL-L4,mix_c7d9a071ba25,participant_pxl_pxl_l1,PXL,mixer_id=PXL-L4; legacy_mix_code=PXL-L4; mixer_institution_code=PXL,false,,"No explicit participant-to-mixer identity mapping or creator/evaluator flag found in evaluations.csv, mixes.csv, retained feature table, or SCHEMA.md.",false,Institution equality alone was not used as self-rating evidence.
evaluation_8d7006f33686,Lead Me,PXL-L4,mix_c7d9a071ba25,participant_pxl_pxl_pro,PXL,mixer_id=PXL-L4; legacy_mix_code=PXL-L4; mixer_institution_code=PXL,false,,"No explicit participant-to-mixer identity mapping or creator/evaluator flag found in evaluations.csv, mixes.csv, retained feature table, or SCHEMA.md.",false,Institution equality alone was not used as self-rating evidence.
evaluation_a466662adb75,Lead Me,PXL-L4,mix_c7d9a071ba25,participant_pxl_pxl_l3,PXL,mixer_id=PXL-L4; legacy_mix_code=PXL-L4; mixer_institution_code=PXL,false,,"No explicit participant-to-mixer identity mapping or creator/evaluator flag found in evaluations.csv, mixes.csv, retained feature table, or SCHEMA.md.",false,Institution equality alone was not used as self-rating evidence.
evaluation_c899711a313d,Lead Me,PXL-L4,mix_c7d9a071ba25,participant_pxl_pxl_l4,PXL,mixer_id=PXL-L4; legacy_mix_code=PXL-L4; mixer_institution_code=PXL,false,,"No explicit participant-to-mixer identity mapping or creator/evaluator flag found in evaluations.csv, mixes.csv, retained feature table, or SCHEMA.md.",false,Institution equality alone was not used as self-rating evidence.
evaluation_e93aaf6586b0,Lead Me,QUT-A,mix_864280f1b98b,participant_qut_qut_k,QUT,mixer_id=QUT-A; legacy_mix_code=QUT-A; mixer_institution_code=QUT,false,,"No explicit participant-to-mixer identity mapping or creator/evaluator flag found in evaluations.csv, mixes.csv, retained feature table, or SCHEMA.md.",false,Institution equality alone was not used as self-rating evidence.
evaluation_61dbe9cbe1d3,Lead Me,QUT-A,mix_864280f1b98b,participant_qut_qut_s,QUT,mixer_id=QUT-A; legacy_mix_code=QUT-A; mixer_institution_code=QUT,false,,"No explicit participant-to-mixer identity mapping or creator/evaluator flag found in evaluations.csv, mixes.csv, retained feature table, or SCHEMA.md.",false,Institution equality alone was not used as self-rating evidence.
evaluation_0f7c4cc54240,Lead Me,QUT-A,mix_864280f1b98b,participant_qut_qut_h,QUT,mixer_id=QUT-A; legacy_mix_code=QUT-A; mixer_institution_code=QUT,false,,"No explicit participant-to-mixer identity mapping or creator/evaluator flag found in evaluations.csv, mixes.csv, retained feature table, or SCHEMA.md.",false,Institution equality alone was not used as self-rating evidence.
evaluation_5f850b50c294,Lead Me,QUT-A,mix_864280f1b98b,participant_qut_qut_q,QUT,mixer_id=QUT-A; legacy_mix_code=QUT-A; mixer_institution_code=QUT,false,,"No explicit participant-to-mixer identity mapping or creator/evaluator flag found in evaluations.csv, mixes.csv, retained feature table, or SCHEMA.md.",false,Institution equality alone was not used as self-rating evidence.
evaluation_42d8f5c607ef,Lead Me,QUT-A,mix_864280f1b98b,participant_qut_qut_i,QUT,mixer_id=QUT-A; legacy_mix_code=QUT-A; mixer_institution_code=QUT,false,,"No explicit participant-to-mixer identity mapping or creator/evaluator flag found in evaluations.csv, mixes.csv, retained feature table, or SCHEMA.md.",false,Institution equality alone was not used as self-rating evidence.
evaluation_1249d5e45da9,Lead Me,QUT-A,mix_864280f1b98b,participant_qut_qut_r,QUT,mixer_id=QUT-A; legacy_mix_code=QUT-A; mixer_institution_code=QUT,false,,"No explicit participant-to-mixer identity mapping or creator/evaluator flag found in evaluations.csv, mixes.csv, retained feature table, or SCHEMA.md.",false,Institution equality alone was not used as self-rating evidence.
evaluation_77edad0bcf25,Lead Me,QUT-A,mix_864280f1b98b,participant_qut_qut_e,QUT,mixer_id=QUT-A; legacy_mix_code=QUT-A; mixer_institution_code=QUT,false,,"No explicit participant-to-mixer identity mapping or creator/evaluator flag found in evaluations.csv, mixes.csv, retained feature table, or SCHEMA.md.",false,Institution equality alone was not used as self-rating evidence.
evaluation_c11ddc3a7847,Lead Me,QUT-A,mix_864280f1b98b,participant_qut_qut_n,QUT,mixer_id=QUT-A; legacy_mix_code=QUT-A; mixer_institution_code=QUT,false,,"No explicit participant-to-mixer identity mapping or creator/evaluator flag found in evaluations.csv, mixes.csv, retained feature table, or SCHEMA.md.",false,Institution equality alone was not used as self-rating evidence.
evaluation_ab292f6eb436,Lead Me,QUT-A,mix_864280f1b98b,participant_qut_qut_m,QUT,mixer_id=QUT-A; legacy_mix_code=QUT-A; mixer_institution_code=QUT,false,,"No explicit participant-to-mixer identity mapping or creator/evaluator flag found in evaluations.csv, mixes.csv, retained feature table, or SCHEMA.md.",false,Institution equality alone was not used as self-rating evidence.
evaluation_d924f3deed01,Lead Me,QUT-A,mix_864280f1b98b,participant_qut_qut_f,QUT,mixer_id=QUT-A; legacy_mix_code=QUT-A; mixer_institution_code=QUT,false,,"No explicit participant-to-mixer identity mapping or creator/evaluator flag found in evaluations.csv, mixes.csv, retained feature table, or SCHEMA.md.",false,Institution equality alone was not used as self-rating evidence.
evaluation_1477ea7efc31,Lead Me,QUT-A,mix_864280f1b98b,participant_qut_qut_p,QUT,mixer_id=QUT-A; legacy_mix_code=QUT-A; mixer_institution_code=QUT,false,,"No explicit participant-to-mixer identity mapping or creator/evaluator flag found in evaluations.csv, mixes.csv, retained feature table, or SCHEMA.md.",false,Institution equality alone was not used as self-rating evidence.
evaluation_88d5fe7db7f0,Lead Me,QUT-A,mix_864280f1b98b,participant_qut_qut_o,QUT,mixer_id=QUT-A; legacy_mix_code=QUT-A; mixer_institution_code=QUT,false,,"No explicit participant-to-mixer identity mapping or creator/evaluator flag found in evaluations.csv, mixes.csv, retained feature table, or SCHEMA.md.",false,Institution equality alone was not used as self-rating evidence.
evaluation_0cc284af8690,Lead Me,QUT-A,mix_864280f1b98b,participant_qut_qut_a,QUT,mixer_id=QUT-A; legacy_mix_code=QUT-A; mixer_institution_code=QUT,false,,"No explicit participant-to-mixer identity mapping or creator/evaluator flag found in evaluations.csv, mixes.csv, retained feature table, or SCHEMA.md.",false,Institution equality alone was not used as self-rating evidence.
evaluation_b7e16f157cd2,Lead Me,QUT-A,mix_864280f1b98b,participant_qut_qut_pro,QUT,mixer_id=QUT-A; legacy_mix_code=QUT-A; mixer_institution_code=QUT,false,,"No explicit participant-to-mixer identity mapping or creator/evaluator flag found in evaluations.csv, mixes.csv, retained feature table, or SCHEMA.md.",false,Institution equality alone was not used as self-rating evidence.
evaluation_e700a169fd45,Lead Me,QUT-A,mix_864280f1b98b,participant_qut_qut_c,QUT,mixer_id=QUT-A; legacy_mix_code=QUT-A; mixer_institution_code=QUT,false,,"No explicit participant-to-mixer identity mapping or creator/evaluator flag found in evaluations.csv, mixes.csv, retained feature table, or SCHEMA.md.",false,Institution equality alone was not used as self-rating evidence.
evaluation_d3867460cf4d,Lead Me,QUT-A,mix_864280f1b98b,participant_qut_qut_l,QUT,mixer_id=QUT-A; legacy_mix_code=QUT-A; mixer_institution_code=QUT,false,,"No explicit participant-to-mixer identity mapping or creator/evaluator flag found in evaluations.csv, mixes.csv, retained feature table, or SCHEMA.md.",false,Institution equality alone was not used as self-rating evidence.
evaluation_589af071b84f,Lead Me,QUT-D,mix_5e09465de0ed,participant_qut_qut_k,QUT,mixer_id=QUT-D; legacy_mix_code=QUT-D; mixer_institution_code=QUT,false,,"No explicit participant-to-mixer identity mapping or creator/evaluator flag found in evaluations.csv, mixes.csv, retained feature table, or SCHEMA.md.",false,Institution equality alone was not used as self-rating evidence.
evaluation_0ccf42cf8b0b,Lead Me,QUT-D,mix_5e09465de0ed,participant_qut_qut_s,QUT,mixer_id=QUT-D; legacy_mix_code=QUT-D; mixer_institution_code=QUT,false,,"No explicit participant-to-mixer identity mapping or creator/evaluator flag found in evaluations.csv, mixes.csv, retained feature table, or SCHEMA.md.",false,Institution equality alone was not used as self-rating evidence.
evaluation_1cd32d8c07ad,Lead Me,QUT-D,mix_5e09465de0ed,participant_qut_qut_h,QUT,mixer_id=QUT-D; legacy_mix_code=QUT-D; mixer_institution_code=QUT,false,,"No explicit participant-to-mixer identity mapping or creator/evaluator flag found in evaluations.csv, mixes.csv, retained feature table, or SCHEMA.md.",false,Institution equality alone was not used as self-rating evidence.
evaluation_6770a5bb818d,Lead Me,QUT-D,mix_5e09465de0ed,participant_qut_qut_q,QUT,mixer_id=QUT-D; legacy_mix_code=QUT-D; mixer_institution_code=QUT,false,,"No explicit participant-to-mixer identity mapping or creator/evaluator flag found in evaluations.csv, mixes.csv, retained feature table, or SCHEMA.md.",false,Institution equality alone was not used as self-rating evidence.
evaluation_145865609f2f,Lead Me,QUT-D,mix_5e09465de0ed,participant_qut_qut_i,QUT,mixer_id=QUT-D; legacy_mix_code=QUT-D; mixer_institution_code=QUT,false,,"No explicit participant-to-mixer identity mapping or creator/evaluator flag found in evaluations.csv, mixes.csv, retained feature table, or SCHEMA.md.",false,Institution equality alone was not used as self-rating evidence.
evaluation_d8d671cad596,Lead Me,QUT-D,mix_5e09465de0ed,participant_qut_qut_r,QUT,mixer_id=QUT-D; legacy_mix_code=QUT-D; mixer_institution_code=QUT,false,,"No explicit participant-to-mixer identity mapping or creator/evaluator flag found in evaluations.csv, mixes.csv, retained feature table, or SCHEMA.md.",false,Institution equality alone was not used as self-rating evidence.
evaluation_f785ef164d3f,Lead Me,QUT-D,mix_5e09465de0ed,participant_qut_qut_e,QUT,mixer_id=QUT-D; legacy_mix_code=QUT-D; mixer_institution_code=QUT,false,,"No explicit participant-to-mixer identity mapping or creator/evaluator flag found in evaluations.csv, mixes.csv, retained feature table, or SCHEMA.md.",false,Institution equality alone was not used as self-rating evidence.
evaluation_08f6babf648d,Lead Me,QUT-D,mix_5e09465de0ed,participant_qut_qut_n,QUT,mixer_id=QUT-D; legacy_mix_code=QUT-D; mixer_institution_code=QUT,false,,"No explicit participant-to-mixer identity mapping or creator/evaluator flag found in evaluations.csv, mixes.csv, retained feature table, or SCHEMA.md.",false,Institution equality alone was not used as self-rating evidence.
evaluation_2bb45ed981ee,Lead Me,QUT-D,mix_5e09465de0ed,participant_qut_qut_m,QUT,mixer_id=QUT-D; legacy_mix_code=QUT-D; mixer_institution_code=QUT,false,,"No explicit participant-to-mixer identity mapping or creator/evaluator flag found in evaluations.csv, mixes.csv, retained feature table, or SCHEMA.md.",false,Institution equality alone was not used as self-rating evidence.
evaluation_b0fe6bf7a275,Lead Me,QUT-D,mix_5e09465de0ed,participant_qut_qut_f,QUT,mixer_id=QUT-D; legacy_mix_code=QUT-D; mixer_institution_code=QUT,false,,"No explicit participant-to-mixer identity mapping or creator/evaluator flag found in evaluations.csv, mixes.csv, retained feature table, or SCHEMA.md.",false,Institution equality alone was not used as self-rating evidence.
evaluation_2c6677aebdcf,Lead Me,QUT-D,mix_5e09465de0ed,participant_qut_qut_p,QUT,mixer_id=QUT-D; legacy_mix_code=QUT-D; mixer_institution_code=QUT,false,,"No explicit participant-to-mixer identity mapping or creator/evaluator flag found in evaluations.csv, mixes.csv, retained feature table, or SCHEMA.md.",false,Institution equality alone was not used as self-rating evidence.
evaluation_d392e3ed8800,Lead Me,QUT-D,mix_5e09465de0ed,participant_qut_qut_o,QUT,mixer_id=QUT-D; legacy_mix_code=QUT-D; mixer_institution_code=QUT,false,,"No explicit participant-to-mixer identity mapping or creator/evaluator flag found in evaluations.csv, mixes.csv, retained feature table, or SCHEMA.md.",false,Institution equality alone was not used as self-rating evidence.
evaluation_9610eaa7696d,Lead Me,QUT-D,mix_5e09465de0ed,participant_qut_qut_a,QUT,mixer_id=QUT-D; legacy_mix_code=QUT-D; mixer_institution_code=QUT,false,,"No explicit participant-to-mixer identity mapping or creator/evaluator flag found in evaluations.csv, mixes.csv, retained feature table, or SCHEMA.md.",false,Institution equality alone was not used as self-rating evidence.
evaluation_8b30d12d07c9,Lead Me,QUT-D,mix_5e09465de0ed,participant_qut_qut_pro,QUT,mixer_id=QUT-D; legacy_mix_code=QUT-D; mixer_institution_code=QUT,false,,"No explicit participant-to-mixer identity mapping or creator/evaluator flag found in evaluations.csv, mixes.csv, retained feature table, or SCHEMA.md.",false,Institution equality alone was not used as self-rating evidence.
evaluation_fdc65ef102e3,Lead Me,QUT-D,mix_5e09465de0ed,participant_qut_qut_c,QUT,mixer_id=QUT-D; legacy_mix_code=QUT-D; mixer_institution_code=QUT,false,,"No explicit participant-to-mixer identity mapping or creator/evaluator flag found in evaluations.csv, mixes.csv, retained feature table, or SCHEMA.md.",false,Institution equality alone was not used as self-rating evidence.
evaluation_6dad3acff120,Lead Me,QUT-D,mix_5e09465de0ed,participant_qut_qut_l,QUT,mixer_id=QUT-D; legacy_mix_code=QUT-D; mixer_institution_code=QUT,false,,"No explicit participant-to-mixer identity mapping or creator/evaluator flag found in evaluations.csv, mixes.csv, retained feature table, or SCHEMA.md.",false,Institution equality alone was not used as self-rating evidence.
evaluation_fd45f028fc76,Lead Me,QUT-E,mix_345e90b3c215,participant_cns_cns_j,CNS,mixer_id=QUT-E; legacy_mix_code=QUT-E; mixer_institution_code=QUT,false,,"No explicit participant-to-mixer identity mapping or creator/evaluator flag found in evaluations.csv, mixes.csv, retained feature table, or SCHEMA.md.",false,Institution equality alone was not used as self-rating evidence.
evaluation_e6b730b6528a,Lead Me,QUT-E,mix_345e90b3c215,participant_cns_cns_5,CNS,mixer_id=QUT-E; legacy_mix_code=QUT-E; mixer_institution_code=QUT,false,,"No explicit participant-to-mixer identity mapping or creator/evaluator flag found in evaluations.csv, mixes.csv, retained feature table, or SCHEMA.md.",false,Institution equality alone was not used as self-rating evidence.
evaluation_3f8fdab6d93c,Lead Me,QUT-E,mix_345e90b3c215,participant_cns_cns_d,CNS,mixer_id=QUT-E; legacy_mix_code=QUT-E; mixer_institution_code=QUT,false,,"No explicit participant-to-mixer identity mapping or creator/evaluator flag found in evaluations.csv, mixes.csv, retained feature table, or SCHEMA.md.",false,Institution equality alone was not used as self-rating evidence.
evaluation_ed98f0dae0b8,Lead Me,QUT-E,mix_345e90b3c215,participant_cns_cns_c,CNS,mixer_id=QUT-E; legacy_mix_code=QUT-E; mixer_institution_code=QUT,false,,"No explicit participant-to-mixer identity mapping or creator/evaluator flag found in evaluations.csv, mixes.csv, retained feature table, or SCHEMA.md.",false,Institution equality alone was not used as self-rating evidence.
evaluation_996ab799c1ee,Lead Me,QUT-E,mix_345e90b3c215,participant_cns_cns_l,CNS,mixer_id=QUT-E; legacy_mix_code=QUT-E; mixer_institution_code=QUT,false,,"No explicit participant-to-mixer identity mapping or creator/evaluator flag found in evaluations.csv, mixes.csv, retained feature table, or SCHEMA.md.",false,Institution equality alone was not used as self-rating evidence.
evaluation_8d87edcdcafe,Lead Me,QUT-E,mix_345e90b3c215,participant_cns_cns_b,CNS,mixer_id=QUT-E; legacy_mix_code=QUT-E; mixer_institution_code=QUT,false,,"No explicit participant-to-mixer identity mapping or creator/evaluator flag found in evaluations.csv, mixes.csv, retained feature table, or SCHEMA.md.",false,Institution equality alone was not used as self-rating evidence.
evaluation_71a07cff33e3,Lead Me,QUT-E,mix_345e90b3c215,participant_cns_cns_pro,CNS,mixer_id=QUT-E; legacy_mix_code=QUT-E; mixer_institution_code=QUT,false,,"No explicit participant-to-mixer identity mapping or creator/evaluator flag found in evaluations.csv, mixes.csv, retained feature table, or SCHEMA.md.",false,Institution equality alone was not used as self-rating evidence.
evaluation_99e4406aac83,Lead Me,QUT-E,mix_345e90b3c215,participant_cns_cns_f,CNS,mixer_id=QUT-E; legacy_mix_code=QUT-E; mixer_institution_code=QUT,false,,"No explicit participant-to-mixer identity mapping or creator/evaluator flag found in evaluations.csv, mixes.csv, retained feature table, or SCHEMA.md.",false,Institution equality alone was not used as self-rating evidence.
evaluation_1930954ea13e,Lead Me,QUT-E,mix_345e90b3c215,participant_cns_cns_g,CNS,mixer_id=QUT-E; legacy_mix_code=QUT-E; mixer_institution_code=QUT,false,,"No explicit participant-to-mixer identity mapping or creator/evaluator flag found in evaluations.csv, mixes.csv, retained feature table, or SCHEMA.md.",false,Institution equality alone was not used as self-rating evidence.
evaluation_81a81006211c,Lead Me,QUT-E,mix_345e90b3c215,participant_cns_cns_h,CNS,mixer_id=QUT-E; legacy_mix_code=QUT-E; mixer_institution_code=QUT,false,,"No explicit participant-to-mixer identity mapping or creator/evaluator flag found in evaluations.csv, mixes.csv, retained feature table, or SCHEMA.md.",false,Institution equality alone was not used as self-rating evidence.
evaluation_45448098e682,Lead Me,QUT-E,mix_345e90b3c215,participant_cns_cns_i,CNS,mixer_id=QUT-E; legacy_mix_code=QUT-E; mixer_institution_code=QUT,false,,"No explicit participant-to-mixer identity mapping or creator/evaluator flag found in evaluations.csv, mixes.csv, retained feature table, or SCHEMA.md.",false,Institution equality alone was not used as self-rating evidence.
evaluation_32d94fe81c04,Lead Me,QUT-E,mix_345e90b3c215,participant_cns_cns_a,CNS,mixer_id=QUT-E; legacy_mix_code=QUT-E; mixer_institution_code=QUT,false,,"No explicit participant-to-mixer identity mapping or creator/evaluator flag found in evaluations.csv, mixes.csv, retained feature table, or SCHEMA.md.",false,Institution equality alone was not used as self-rating evidence.
evaluation_2ed361e2cc6d,Lead Me,QUT-E,mix_345e90b3c215,participant_cns_cns_e,CNS,mixer_id=QUT-E; legacy_mix_code=QUT-E; mixer_institution_code=QUT,false,,"No explicit participant-to-mixer identity mapping or creator/evaluator flag found in evaluations.csv, mixes.csv, retained feature table, or SCHEMA.md.",false,Institution equality alone was not used as self-rating evidence.
evaluation_2d0c87d67ec2,Lead Me,QUT-E,mix_345e90b3c215,participant_cns_cns_k,CNS,mixer_id=QUT-E; legacy_mix_code=QUT-E; mixer_institution_code=QUT,false,,"No explicit participant-to-mixer identity mapping or creator/evaluator flag found in evaluations.csv, mixes.csv, retained feature table, or SCHEMA.md.",false,Institution equality alone was not used as self-rating evidence.
evaluation_f225a682a159,Lead Me,QUT-E,mix_345e90b3c215,participant_qut_qut_k,QUT,mixer_id=QUT-E; legacy_mix_code=QUT-E; mixer_institution_code=QUT,false,,"No explicit participant-to-mixer identity mapping or creator/evaluator flag found in evaluations.csv, mixes.csv, retained feature table, or SCHEMA.md.",false,Institution equality alone was not used as self-rating evidence.
evaluation_e0e2b1be148d,Lead Me,QUT-E,mix_345e90b3c215,participant_qut_qut_s,QUT,mixer_id=QUT-E; legacy_mix_code=QUT-E; mixer_institution_code=QUT,false,,"No explicit participant-to-mixer identity mapping or creator/evaluator flag found in evaluations.csv, mixes.csv, retained feature table, or SCHEMA.md.",false,Institution equality alone was not used as self-rating evidence.
evaluation_06617d2d10f5,Lead Me,QUT-E,mix_345e90b3c215,participant_qut_qut_h,QUT,mixer_id=QUT-E; legacy_mix_code=QUT-E; mixer_institution_code=QUT,false,,"No explicit participant-to-mixer identity mapping or creator/evaluator flag found in evaluations.csv, mixes.csv, retained feature table, or SCHEMA.md.",false,Institution equality alone was not used as self-rating evidence.
evaluation_008eb48e001f,Lead Me,QUT-E,mix_345e90b3c215,participant_qut_qut_q,QUT,mixer_id=QUT-E; legacy_mix_code=QUT-E; mixer_institution_code=QUT,false,,"No explicit participant-to-mixer identity mapping or creator/evaluator flag found in evaluations.csv, mixes.csv, retained feature table, or SCHEMA.md.",false,Institution equality alone was not used as self-rating evidence.
evaluation_daac22899e68,Lead Me,QUT-E,mix_345e90b3c215,participant_qut_qut_i,QUT,mixer_id=QUT-E; legacy_mix_code=QUT-E; mixer_institution_code=QUT,false,,"No explicit participant-to-mixer identity mapping or creator/evaluator flag found in evaluations.csv, mixes.csv, retained feature table, or SCHEMA.md.",false,Institution equality alone was not used as self-rating evidence.
evaluation_82766de39197,Lead Me,QUT-E,mix_345e90b3c215,participant_qut_qut_r,QUT,mixer_id=QUT-E; legacy_mix_code=QUT-E; mixer_institution_code=QUT,false,,"No explicit participant-to-mixer identity mapping or creator/evaluator flag found in evaluations.csv, mixes.csv, retained feature table, or SCHEMA.md.",false,Institution equality alone was not used as self-rating evidence.
evaluation_971890e8f13e,Lead Me,QUT-E,mix_345e90b3c215,participant_qut_qut_e,QUT,mixer_id=QUT-E; legacy_mix_code=QUT-E; mixer_institution_code=QUT,false,,"No explicit participant-to-mixer identity mapping or creator/evaluator flag found in evaluations.csv, mixes.csv, retained feature table, or SCHEMA.md.",false,Institution equality alone was not used as self-rating evidence.
evaluation_f6f1aa4987b6,Lead Me,QUT-E,mix_345e90b3c215,participant_qut_qut_n,QUT,mixer_id=QUT-E; legacy_mix_code=QUT-E; mixer_institution_code=QUT,false,,"No explicit participant-to-mixer identity mapping or creator/evaluator flag found in evaluations.csv, mixes.csv, retained feature table, or SCHEMA.md.",false,Institution equality alone was not used as self-rating evidence.
evaluation_7ffa152e1ca1,Lead Me,QUT-E,mix_345e90b3c215,participant_qut_qut_m,QUT,mixer_id=QUT-E; legacy_mix_code=QUT-E; mixer_institution_code=QUT,false,,"No explicit participant-to-mixer identity mapping or creator/evaluator flag found in evaluations.csv, mixes.csv, retained feature table, or SCHEMA.md.",false,Institution equality alone was not used as self-rating evidence.
evaluation_3a205ac8b024,Lead Me,QUT-E,mix_345e90b3c215,participant_qut_qut_f,QUT,mixer_id=QUT-E; legacy_mix_code=QUT-E; mixer_institution_code=QUT,false,,"No explicit participant-to-mixer identity mapping or creator/evaluator flag found in evaluations.csv, mixes.csv, retained feature table, or SCHEMA.md.",false,Institution equality alone was not used as self-rating evidence.
evaluation_6aa400112aee,Lead Me,QUT-E,mix_345e90b3c215,participant_qut_qut_p,QUT,mixer_id=QUT-E; legacy_mix_code=QUT-E; mixer_institution_code=QUT,false,,"No explicit participant-to-mixer identity mapping or creator/evaluator flag found in evaluations.csv, mixes.csv, retained feature table, or SCHEMA.md.",false,Institution equality alone was not used as self-rating evidence.
evaluation_570c836c0036,Lead Me,QUT-E,mix_345e90b3c215,participant_qut_qut_o,QUT,mixer_id=QUT-E; legacy_mix_code=QUT-E; mixer_institution_code=QUT,false,,"No explicit participant-to-mixer identity mapping or creator/evaluator flag found in evaluations.csv, mixes.csv, retained feature table, or SCHEMA.md.",false,Institution equality alone was not used as self-rating evidence.
evaluation_1b983b649440,Lead Me,QUT-E,mix_345e90b3c215,participant_qut_qut_a,QUT,mixer_id=QUT-E; legacy_mix_code=QUT-E; mixer_institution_code=QUT,false,,"No explicit participant-to-mixer identity mapping or creator/evaluator flag found in evaluations.csv, mixes.csv, retained feature table, or SCHEMA.md.",false,Institution equality alone was not used as self-rating evidence.
evaluation_fb8c30852668,Lead Me,QUT-E,mix_345e90b3c215,participant_qut_qut_pro,QUT,mixer_id=QUT-E; legacy_mix_code=QUT-E; mixer_institution_code=QUT,false,,"No explicit participant-to-mixer identity mapping or creator/evaluator flag found in evaluations.csv, mixes.csv, retained feature table, or SCHEMA.md.",false,Institution equality alone was not used as self-rating evidence.
evaluation_b00a29802f5a,Lead Me,QUT-E,mix_345e90b3c215,participant_qut_qut_c,QUT,mixer_id=QUT-E; legacy_mix_code=QUT-E; mixer_institution_code=QUT,false,,"No explicit participant-to-mixer identity mapping or creator/evaluator flag found in evaluations.csv, mixes.csv, retained feature table, or SCHEMA.md.",false,Institution equality alone was not used as self-rating evidence.
evaluation_2122781fdc7f,Lead Me,QUT-E,mix_345e90b3c215,participant_qut_qut_l,QUT,mixer_id=QUT-E; legacy_mix_code=QUT-E; mixer_institution_code=QUT,false,,"No explicit participant-to-mixer identity mapping or creator/evaluator flag found in evaluations.csv, mixes.csv, retained feature table, or SCHEMA.md.",false,Institution equality alone was not used as self-rating evidence.
evaluation_d43e10998f3e,Lead Me,QUT-F,mix_4e2cf7c970a8,participant_qut_qut_k,QUT,mixer_id=QUT-F; legacy_mix_code=QUT-F; mixer_institution_code=QUT,false,,"No explicit participant-to-mixer identity mapping or creator/evaluator flag found in evaluations.csv, mixes.csv, retained feature table, or SCHEMA.md.",false,Institution equality alone was not used as self-rating evidence.
evaluation_876205d3e821,Lead Me,QUT-F,mix_4e2cf7c970a8,participant_qut_qut_s,QUT,mixer_id=QUT-F; legacy_mix_code=QUT-F; mixer_institution_code=QUT,false,,"No explicit participant-to-mixer identity mapping or creator/evaluator flag found in evaluations.csv, mixes.csv, retained feature table, or SCHEMA.md.",false,Institution equality alone was not used as self-rating evidence.
evaluation_b7b52ae21b1b,Lead Me,QUT-F,mix_4e2cf7c970a8,participant_qut_qut_h,QUT,mixer_id=QUT-F; legacy_mix_code=QUT-F; mixer_institution_code=QUT,false,,"No explicit participant-to-mixer identity mapping or creator/evaluator flag found in evaluations.csv, mixes.csv, retained feature table, or SCHEMA.md.",false,Institution equality alone was not used as self-rating evidence.
evaluation_5a6b0a560f2a,Lead Me,QUT-F,mix_4e2cf7c970a8,participant_qut_qut_q,QUT,mixer_id=QUT-F; legacy_mix_code=QUT-F; mixer_institution_code=QUT,false,,"No explicit participant-to-mixer identity mapping or creator/evaluator flag found in evaluations.csv, mixes.csv, retained feature table, or SCHEMA.md.",false,Institution equality alone was not used as self-rating evidence.
evaluation_b6eccd47da5b,Lead Me,QUT-F,mix_4e2cf7c970a8,participant_qut_qut_i,QUT,mixer_id=QUT-F; legacy_mix_code=QUT-F; mixer_institution_code=QUT,false,,"No explicit participant-to-mixer identity mapping or creator/evaluator flag found in evaluations.csv, mixes.csv, retained feature table, or SCHEMA.md.",false,Institution equality alone was not used as self-rating evidence.
evaluation_4059afbeefca,Lead Me,QUT-F,mix_4e2cf7c970a8,participant_qut_qut_r,QUT,mixer_id=QUT-F; legacy_mix_code=QUT-F; mixer_institution_code=QUT,false,,"No explicit participant-to-mixer identity mapping or creator/evaluator flag found in evaluations.csv, mixes.csv, retained feature table, or SCHEMA.md.",false,Institution equality alone was not used as self-rating evidence.
evaluation_c40b836e4314,Lead Me,QUT-F,mix_4e2cf7c970a8,participant_qut_qut_e,QUT,mixer_id=QUT-F; legacy_mix_code=QUT-F; mixer_institution_code=QUT,false,,"No explicit participant-to-mixer identity mapping or creator/evaluator flag found in evaluations.csv, mixes.csv, retained feature table, or SCHEMA.md.",false,Institution equality alone was not used as self-rating evidence.
evaluation_c39e0ef7dfc0,Lead Me,QUT-F,mix_4e2cf7c970a8,participant_qut_qut_n,QUT,mixer_id=QUT-F; legacy_mix_code=QUT-F; mixer_institution_code=QUT,false,,"No explicit participant-to-mixer identity mapping or creator/evaluator flag found in evaluations.csv, mixes.csv, retained feature table, or SCHEMA.md.",false,Institution equality alone was not used as self-rating evidence.
evaluation_d63908945094,Lead Me,QUT-F,mix_4e2cf7c970a8,participant_qut_qut_m,QUT,mixer_id=QUT-F; legacy_mix_code=QUT-F; mixer_institution_code=QUT,false,,"No explicit participant-to-mixer identity mapping or creator/evaluator flag found in evaluations.csv, mixes.csv, retained feature table, or SCHEMA.md.",false,Institution equality alone was not used as self-rating evidence.
evaluation_b17f62f5e524,Lead Me,QUT-F,mix_4e2cf7c970a8,participant_qut_qut_f,QUT,mixer_id=QUT-F; legacy_mix_code=QUT-F; mixer_institution_code=QUT,false,,"No explicit participant-to-mixer identity mapping or creator/evaluator flag found in evaluations.csv, mixes.csv, retained feature table, or SCHEMA.md.",false,Institution equality alone was not used as self-rating evidence.
evaluation_b0b11af547f5,Lead Me,QUT-F,mix_4e2cf7c970a8,participant_qut_qut_p,QUT,mixer_id=QUT-F; legacy_mix_code=QUT-F; mixer_institution_code=QUT,false,,"No explicit participant-to-mixer identity mapping or creator/evaluator flag found in evaluations.csv, mixes.csv, retained feature table, or SCHEMA.md.",false,Institution equality alone was not used as self-rating evidence.
evaluation_0e8600729bd3,Lead Me,QUT-F,mix_4e2cf7c970a8,participant_qut_qut_o,QUT,mixer_id=QUT-F; legacy_mix_code=QUT-F; mixer_institution_code=QUT,false,,"No explicit participant-to-mixer identity mapping or creator/evaluator flag found in evaluations.csv, mixes.csv, retained feature table, or SCHEMA.md.",false,Institution equality alone was not used as self-rating evidence.
evaluation_094ead771df5,Lead Me,QUT-F,mix_4e2cf7c970a8,participant_qut_qut_a,QUT,mixer_id=QUT-F; legacy_mix_code=QUT-F; mixer_institution_code=QUT,false,,"No explicit participant-to-mixer identity mapping or creator/evaluator flag found in evaluations.csv, mixes.csv, retained feature table, or SCHEMA.md.",false,Institution equality alone was not used as self-rating evidence.
evaluation_91056ad5db41,Lead Me,QUT-F,mix_4e2cf7c970a8,participant_qut_qut_pro,QUT,mixer_id=QUT-F; legacy_mix_code=QUT-F; mixer_institution_code=QUT,false,,"No explicit participant-to-mixer identity mapping or creator/evaluator flag found in evaluations.csv, mixes.csv, retained feature table, or SCHEMA.md.",false,Institution equality alone was not used as self-rating evidence.
evaluation_504170b44d30,Lead Me,QUT-F,mix_4e2cf7c970a8,participant_qut_qut_c,QUT,mixer_id=QUT-F; legacy_mix_code=QUT-F; mixer_institution_code=QUT,false,,"No explicit participant-to-mixer identity mapping or creator/evaluator flag found in evaluations.csv, mixes.csv, retained feature table, or SCHEMA.md.",false,Institution equality alone was not used as self-rating evidence.
evaluation_fa1000b867fb,Lead Me,QUT-F,mix_4e2cf7c970a8,participant_qut_qut_l,QUT,mixer_id=QUT-F; legacy_mix_code=QUT-F; mixer_institution_code=QUT,false,,"No explicit participant-to-mixer identity mapping or creator/evaluator flag found in evaluations.csv, mixes.csv, retained feature table, or SCHEMA.md.",false,Institution equality alone was not used as self-rating evidence.
evaluation_93ddd2fae13c,Lead Me,QUT-H,mix_542ca972e5f6,participant_qut_qut_k,QUT,mixer_id=QUT-H; legacy_mix_code=QUT-H; mixer_institution_code=QUT,false,,"No explicit participant-to-mixer identity mapping or creator/evaluator flag found in evaluations.csv, mixes.csv, retained feature table, or SCHEMA.md.",false,Institution equality alone was not used as self-rating evidence.
evaluation_ab5ce768bcbf,Lead Me,QUT-H,mix_542ca972e5f6,participant_qut_qut_s,QUT,mixer_id=QUT-H; legacy_mix_code=QUT-H; mixer_institution_code=QUT,false,,"No explicit participant-to-mixer identity mapping or creator/evaluator flag found in evaluations.csv, mixes.csv, retained feature table, or SCHEMA.md.",false,Institution equality alone was not used as self-rating evidence.
evaluation_a5eccbdf1052,Lead Me,QUT-H,mix_542ca972e5f6,participant_qut_qut_h,QUT,mixer_id=QUT-H; legacy_mix_code=QUT-H; mixer_institution_code=QUT,false,,"No explicit participant-to-mixer identity mapping or creator/evaluator flag found in evaluations.csv, mixes.csv, retained feature table, or SCHEMA.md.",false,Institution equality alone was not used as self-rating evidence.
evaluation_931bca1113f2,Lead Me,QUT-H,mix_542ca972e5f6,participant_qut_qut_q,QUT,mixer_id=QUT-H; legacy_mix_code=QUT-H; mixer_institution_code=QUT,false,,"No explicit participant-to-mixer identity mapping or creator/evaluator flag found in evaluations.csv, mixes.csv, retained feature table, or SCHEMA.md.",false,Institution equality alone was not used as self-rating evidence.
evaluation_176121768913,Lead Me,QUT-H,mix_542ca972e5f6,participant_qut_qut_i,QUT,mixer_id=QUT-H; legacy_mix_code=QUT-H; mixer_institution_code=QUT,false,,"No explicit participant-to-mixer identity mapping or creator/evaluator flag found in evaluations.csv, mixes.csv, retained feature table, or SCHEMA.md.",false,Institution equality alone was not used as self-rating evidence.
evaluation_061a6da6aead,Lead Me,QUT-H,mix_542ca972e5f6,participant_qut_qut_r,QUT,mixer_id=QUT-H; legacy_mix_code=QUT-H; mixer_institution_code=QUT,false,,"No explicit participant-to-mixer identity mapping or creator/evaluator flag found in evaluations.csv, mixes.csv, retained feature table, or SCHEMA.md.",false,Institution equality alone was not used as self-rating evidence.
evaluation_a24d59cb9c90,Lead Me,QUT-H,mix_542ca972e5f6,participant_qut_qut_e,QUT,mixer_id=QUT-H; legacy_mix_code=QUT-H; mixer_institution_code=QUT,false,,"No explicit participant-to-mixer identity mapping or creator/evaluator flag found in evaluations.csv, mixes.csv, retained feature table, or SCHEMA.md.",false,Institution equality alone was not used as self-rating evidence.
evaluation_a15df23d36cf,Lead Me,QUT-H,mix_542ca972e5f6,participant_qut_qut_n,QUT,mixer_id=QUT-H; legacy_mix_code=QUT-H; mixer_institution_code=QUT,false,,"No explicit participant-to-mixer identity mapping or creator/evaluator flag found in evaluations.csv, mixes.csv, retained feature table, or SCHEMA.md.",false,Institution equality alone was not used as self-rating evidence.
evaluation_eb2a91c14464,Lead Me,QUT-H,mix_542ca972e5f6,participant_qut_qut_m,QUT,mixer_id=QUT-H; legacy_mix_code=QUT-H; mixer_institution_code=QUT,false,,"No explicit participant-to-mixer identity mapping or creator/evaluator flag found in evaluations.csv, mixes.csv, retained feature table, or SCHEMA.md.",false,Institution equality alone was not used as self-rating evidence.
evaluation_02915305d203,Lead Me,QUT-H,mix_542ca972e5f6,participant_qut_qut_f,QUT,mixer_id=QUT-H; legacy_mix_code=QUT-H; mixer_institution_code=QUT,false,,"No explicit participant-to-mixer identity mapping or creator/evaluator flag found in evaluations.csv, mixes.csv, retained feature table, or SCHEMA.md.",false,Institution equality alone was not used as self-rating evidence.
evaluation_a9b675a7a156,Lead Me,QUT-H,mix_542ca972e5f6,participant_qut_qut_p,QUT,mixer_id=QUT-H; legacy_mix_code=QUT-H; mixer_institution_code=QUT,false,,"No explicit participant-to-mixer identity mapping or creator/evaluator flag found in evaluations.csv, mixes.csv, retained feature table, or SCHEMA.md.",false,Institution equality alone was not used as self-rating evidence.
evaluation_4c564fce9737,Lead Me,QUT-H,mix_542ca972e5f6,participant_qut_qut_o,QUT,mixer_id=QUT-H; legacy_mix_code=QUT-H; mixer_institution_code=QUT,false,,"No explicit participant-to-mixer identity mapping or creator/evaluator flag found in evaluations.csv, mixes.csv, retained feature table, or SCHEMA.md.",false,Institution equality alone was not used as self-rating evidence.
evaluation_393266a8303f,Lead Me,QUT-H,mix_542ca972e5f6,participant_qut_qut_a,QUT,mixer_id=QUT-H; legacy_mix_code=QUT-H; mixer_institution_code=QUT,false,,"No explicit participant-to-mixer identity mapping or creator/evaluator flag found in evaluations.csv, mixes.csv, retained feature table, or SCHEMA.md.",false,Institution equality alone was not used as self-rating evidence.
evaluation_e5285d6cbfe0,Lead Me,QUT-H,mix_542ca972e5f6,participant_qut_qut_pro,QUT,mixer_id=QUT-H; legacy_mix_code=QUT-H; mixer_institution_code=QUT,false,,"No explicit participant-to-mixer identity mapping or creator/evaluator flag found in evaluations.csv, mixes.csv, retained feature table, or SCHEMA.md.",false,Institution equality alone was not used as self-rating evidence.
evaluation_88ce6b695242,Lead Me,QUT-H,mix_542ca972e5f6,participant_qut_qut_c,QUT,mixer_id=QUT-H; legacy_mix_code=QUT-H; mixer_institution_code=QUT,false,,"No explicit participant-to-mixer identity mapping or creator/evaluator flag found in evaluations.csv, mixes.csv, retained feature table, or SCHEMA.md.",false,Institution equality alone was not used as self-rating evidence.
evaluation_8bcd3554d8f4,Lead Me,QUT-H,mix_542ca972e5f6,participant_qut_qut_l,QUT,mixer_id=QUT-H; legacy_mix_code=QUT-H; mixer_institution_code=QUT,false,,"No explicit participant-to-mixer identity mapping or creator/evaluator flag found in evaluations.csv, mixes.csv, retained feature table, or SCHEMA.md.",false,Institution equality alone was not used as self-rating evidence.
evaluation_1112f9ef31e3,Lead Me,QUT-pro,mix_d2cf329ea054,participant_qut_qut_k,QUT,mixer_id=QUT-pro; legacy_mix_code=QUT-pro; mixer_institution_code=QUT,false,,"No explicit participant-to-mixer identity mapping or creator/evaluator flag found in evaluations.csv, mixes.csv, retained feature table, or SCHEMA.md.",false,Institution equality alone was not used as self-rating evidence.
evaluation_87639614345f,Lead Me,QUT-pro,mix_d2cf329ea054,participant_qut_qut_s,QUT,mixer_id=QUT-pro; legacy_mix_code=QUT-pro; mixer_institution_code=QUT,false,,"No explicit participant-to-mixer identity mapping or creator/evaluator flag found in evaluations.csv, mixes.csv, retained feature table, or SCHEMA.md.",false,Institution equality alone was not used as self-rating evidence.
evaluation_eb7ba05aa752,Lead Me,QUT-pro,mix_d2cf329ea054,participant_qut_qut_h,QUT,mixer_id=QUT-pro; legacy_mix_code=QUT-pro; mixer_institution_code=QUT,false,,"No explicit participant-to-mixer identity mapping or creator/evaluator flag found in evaluations.csv, mixes.csv, retained feature table, or SCHEMA.md.",false,Institution equality alone was not used as self-rating evidence.
evaluation_4663714c5a8c,Lead Me,QUT-pro,mix_d2cf329ea054,participant_qut_qut_q,QUT,mixer_id=QUT-pro; legacy_mix_code=QUT-pro; mixer_institution_code=QUT,false,,"No explicit participant-to-mixer identity mapping or creator/evaluator flag found in evaluations.csv, mixes.csv, retained feature table, or SCHEMA.md.",false,Institution equality alone was not used as self-rating evidence.
evaluation_7716759e0a3b,Lead Me,QUT-pro,mix_d2cf329ea054,participant_qut_qut_i,QUT,mixer_id=QUT-pro; legacy_mix_code=QUT-pro; mixer_institution_code=QUT,false,,"No explicit participant-to-mixer identity mapping or creator/evaluator flag found in evaluations.csv, mixes.csv, retained feature table, or SCHEMA.md.",false,Institution equality alone was not used as self-rating evidence.
evaluation_883827352e39,Lead Me,QUT-pro,mix_d2cf329ea054,participant_qut_qut_r,QUT,mixer_id=QUT-pro; legacy_mix_code=QUT-pro; mixer_institution_code=QUT,false,,"No explicit participant-to-mixer identity mapping or creator/evaluator flag found in evaluations.csv, mixes.csv, retained feature table, or SCHEMA.md.",false,Institution equality alone was not used as self-rating evidence.
evaluation_fb7fd4ccc85f,Lead Me,QUT-pro,mix_d2cf329ea054,participant_qut_qut_e,QUT,mixer_id=QUT-pro; legacy_mix_code=QUT-pro; mixer_institution_code=QUT,false,,"No explicit participant-to-mixer identity mapping or creator/evaluator flag found in evaluations.csv, mixes.csv, retained feature table, or SCHEMA.md.",false,Institution equality alone was not used as self-rating evidence.
evaluation_515818e24dc4,Lead Me,QUT-pro,mix_d2cf329ea054,participant_qut_qut_n,QUT,mixer_id=QUT-pro; legacy_mix_code=QUT-pro; mixer_institution_code=QUT,false,,"No explicit participant-to-mixer identity mapping or creator/evaluator flag found in evaluations.csv, mixes.csv, retained feature table, or SCHEMA.md.",false,Institution equality alone was not used as self-rating evidence.
evaluation_faeff8f1313f,Lead Me,QUT-pro,mix_d2cf329ea054,participant_qut_qut_m,QUT,mixer_id=QUT-pro; legacy_mix_code=QUT-pro; mixer_institution_code=QUT,false,,"No explicit participant-to-mixer identity mapping or creator/evaluator flag found in evaluations.csv, mixes.csv, retained feature table, or SCHEMA.md.",false,Institution equality alone was not used as self-rating evidence.
evaluation_373d1b6a10aa,Lead Me,QUT-pro,mix_d2cf329ea054,participant_qut_qut_f,QUT,mixer_id=QUT-pro; legacy_mix_code=QUT-pro; mixer_institution_code=QUT,false,,"No explicit participant-to-mixer identity mapping or creator/evaluator flag found in evaluations.csv, mixes.csv, retained feature table, or SCHEMA.md.",false,Institution equality alone was not used as self-rating evidence.
evaluation_9d632812a155,Lead Me,QUT-pro,mix_d2cf329ea054,participant_qut_qut_p,QUT,mixer_id=QUT-pro; legacy_mix_code=QUT-pro; mixer_institution_code=QUT,false,,"No explicit participant-to-mixer identity mapping or creator/evaluator flag found in evaluations.csv, mixes.csv, retained feature table, or SCHEMA.md.",false,Institution equality alone was not used as self-rating evidence.
evaluation_159fc49e19ad,Lead Me,QUT-pro,mix_d2cf329ea054,participant_qut_qut_o,QUT,mixer_id=QUT-pro; legacy_mix_code=QUT-pro; mixer_institution_code=QUT,false,,"No explicit participant-to-mixer identity mapping or creator/evaluator flag found in evaluations.csv, mixes.csv, retained feature table, or SCHEMA.md.",false,Institution equality alone was not used as self-rating evidence.
evaluation_ec667e151e99,Lead Me,QUT-pro,mix_d2cf329ea054,participant_qut_qut_a,QUT,mixer_id=QUT-pro; legacy_mix_code=QUT-pro; mixer_institution_code=QUT,false,,"No explicit participant-to-mixer identity mapping or creator/evaluator flag found in evaluations.csv, mixes.csv, retained feature table, or SCHEMA.md.",false,Institution equality alone was not used as self-rating evidence.
evaluation_70aef7f09026,Lead Me,QUT-pro,mix_d2cf329ea054,participant_qut_qut_pro,QUT,mixer_id=QUT-pro; legacy_mix_code=QUT-pro; mixer_institution_code=QUT,false,,"No explicit participant-to-mixer identity mapping or creator/evaluator flag found in evaluations.csv, mixes.csv, retained feature table, or SCHEMA.md.",false,Institution equality alone was not used as self-rating evidence.
evaluation_3065291bd3d0,Lead Me,QUT-pro,mix_d2cf329ea054,participant_qut_qut_c,QUT,mixer_id=QUT-pro; legacy_mix_code=QUT-pro; mixer_institution_code=QUT,false,,"No explicit participant-to-mixer identity mapping or creator/evaluator flag found in evaluations.csv, mixes.csv, retained feature table, or SCHEMA.md.",false,Institution equality alone was not used as self-rating evidence.
evaluation_9eccb6628f3b,Lead Me,QUT-pro,mix_d2cf329ea054,participant_qut_qut_l,QUT,mixer_id=QUT-pro; legacy_mix_code=QUT-pro; mixer_institution_code=QUT,false,,"No explicit participant-to-mixer identity mapping or creator/evaluator flag found in evaluations.csv, mixes.csv, retained feature table, or SCHEMA.md.",false,Institution equality alone was not used as self-rating evidence.
evaluation_aa37f99aed71,Lead Me,UCP-A1,mix_d2a4240adfd8,participant_cns_cns_j,CNS,mixer_id=UCP-A1; legacy_mix_code=UCP-A1; mixer_institution_code=UCP,false,,"No explicit participant-to-mixer identity mapping or creator/evaluator flag found in evaluations.csv, mixes.csv, retained feature table, or SCHEMA.md.",false,Institution equality alone was not used as self-rating evidence.
evaluation_f4781f993b71,Lead Me,UCP-A1,mix_d2a4240adfd8,participant_cns_cns_5,CNS,mixer_id=UCP-A1; legacy_mix_code=UCP-A1; mixer_institution_code=UCP,false,,"No explicit participant-to-mixer identity mapping or creator/evaluator flag found in evaluations.csv, mixes.csv, retained feature table, or SCHEMA.md.",false,Institution equality alone was not used as self-rating evidence.
evaluation_c8259fbfd992,Lead Me,UCP-A1,mix_d2a4240adfd8,participant_cns_cns_d,CNS,mixer_id=UCP-A1; legacy_mix_code=UCP-A1; mixer_institution_code=UCP,false,,"No explicit participant-to-mixer identity mapping or creator/evaluator flag found in evaluations.csv, mixes.csv, retained feature table, or SCHEMA.md.",false,Institution equality alone was not used as self-rating evidence.
evaluation_34bbea71280b,Lead Me,UCP-A1,mix_d2a4240adfd8,participant_cns_cns_c,CNS,mixer_id=UCP-A1; legacy_mix_code=UCP-A1; mixer_institution_code=UCP,false,,"No explicit participant-to-mixer identity mapping or creator/evaluator flag found in evaluations.csv, mixes.csv, retained feature table, or SCHEMA.md.",false,Institution equality alone was not used as self-rating evidence.
evaluation_5e753025319b,Lead Me,UCP-A1,mix_d2a4240adfd8,participant_cns_cns_l,CNS,mixer_id=UCP-A1; legacy_mix_code=UCP-A1; mixer_institution_code=UCP,false,,"No explicit participant-to-mixer identity mapping or creator/evaluator flag found in evaluations.csv, mixes.csv, retained feature table, or SCHEMA.md.",false,Institution equality alone was not used as self-rating evidence.
evaluation_98818f26f556,Lead Me,UCP-A1,mix_d2a4240adfd8,participant_cns_cns_b,CNS,mixer_id=UCP-A1; legacy_mix_code=UCP-A1; mixer_institution_code=UCP,false,,"No explicit participant-to-mixer identity mapping or creator/evaluator flag found in evaluations.csv, mixes.csv, retained feature table, or SCHEMA.md.",false,Institution equality alone was not used as self-rating evidence.
evaluation_ca7f2b0e74be,Lead Me,UCP-A1,mix_d2a4240adfd8,participant_cns_cns_pro,CNS,mixer_id=UCP-A1; legacy_mix_code=UCP-A1; mixer_institution_code=UCP,false,,"No explicit participant-to-mixer identity mapping or creator/evaluator flag found in evaluations.csv, mixes.csv, retained feature table, or SCHEMA.md.",false,Institution equality alone was not used as self-rating evidence.
evaluation_c063d74d4f7e,Lead Me,UCP-A1,mix_d2a4240adfd8,participant_cns_cns_f,CNS,mixer_id=UCP-A1; legacy_mix_code=UCP-A1; mixer_institution_code=UCP,false,,"No explicit participant-to-mixer identity mapping or creator/evaluator flag found in evaluations.csv, mixes.csv, retained feature table, or SCHEMA.md.",false,Institution equality alone was not used as self-rating evidence.
evaluation_e0c59e2e0859,Lead Me,UCP-A1,mix_d2a4240adfd8,participant_cns_cns_g,CNS,mixer_id=UCP-A1; legacy_mix_code=UCP-A1; mixer_institution_code=UCP,false,,"No explicit participant-to-mixer identity mapping or creator/evaluator flag found in evaluations.csv, mixes.csv, retained feature table, or SCHEMA.md.",false,Institution equality alone was not used as self-rating evidence.
evaluation_7da1bc3b980d,Lead Me,UCP-A1,mix_d2a4240adfd8,participant_cns_cns_h,CNS,mixer_id=UCP-A1; legacy_mix_code=UCP-A1; mixer_institution_code=UCP,false,,"No explicit participant-to-mixer identity mapping or creator/evaluator flag found in evaluations.csv, mixes.csv, retained feature table, or SCHEMA.md.",false,Institution equality alone was not used as self-rating evidence.
evaluation_57590077e3ab,Lead Me,UCP-A1,mix_d2a4240adfd8,participant_cns_cns_i,CNS,mixer_id=UCP-A1; legacy_mix_code=UCP-A1; mixer_institution_code=UCP,false,,"No explicit participant-to-mixer identity mapping or creator/evaluator flag found in evaluations.csv, mixes.csv, retained feature table, or SCHEMA.md.",false,Institution equality alone was not used as self-rating evidence.
evaluation_b20a0608dda7,Lead Me,UCP-A1,mix_d2a4240adfd8,participant_cns_cns_a,CNS,mixer_id=UCP-A1; legacy_mix_code=UCP-A1; mixer_institution_code=UCP,false,,"No explicit participant-to-mixer identity mapping or creator/evaluator flag found in evaluations.csv, mixes.csv, retained feature table, or SCHEMA.md.",false,Institution equality alone was not used as self-rating evidence.
evaluation_63f566b18815,Lead Me,UCP-A1,mix_d2a4240adfd8,participant_cns_cns_e,CNS,mixer_id=UCP-A1; legacy_mix_code=UCP-A1; mixer_institution_code=UCP,false,,"No explicit participant-to-mixer identity mapping or creator/evaluator flag found in evaluations.csv, mixes.csv, retained feature table, or SCHEMA.md.",false,Institution equality alone was not used as self-rating evidence.
evaluation_19516d637266,Lead Me,UCP-A1,mix_d2a4240adfd8,participant_cns_cns_k,CNS,mixer_id=UCP-A1; legacy_mix_code=UCP-A1; mixer_institution_code=UCP,false,,"No explicit participant-to-mixer identity mapping or creator/evaluator flag found in evaluations.csv, mixes.csv, retained feature table, or SCHEMA.md.",false,Institution equality alone was not used as self-rating evidence.
evaluation_8636c3769b29,Lead Me,UCP-A1,mix_d2a4240adfd8,participant_qut_qut_k,QUT,mixer_id=UCP-A1; legacy_mix_code=UCP-A1; mixer_institution_code=UCP,false,,"No explicit participant-to-mixer identity mapping or creator/evaluator flag found in evaluations.csv, mixes.csv, retained feature table, or SCHEMA.md.",false,Institution equality alone was not used as self-rating evidence.
evaluation_d22d7b458002,Lead Me,UCP-A1,mix_d2a4240adfd8,participant_qut_qut_s,QUT,mixer_id=UCP-A1; legacy_mix_code=UCP-A1; mixer_institution_code=UCP,false,,"No explicit participant-to-mixer identity mapping or creator/evaluator flag found in evaluations.csv, mixes.csv, retained feature table, or SCHEMA.md.",false,Institution equality alone was not used as self-rating evidence.
evaluation_ee560596b60e,Lead Me,UCP-A1,mix_d2a4240adfd8,participant_qut_qut_h,QUT,mixer_id=UCP-A1; legacy_mix_code=UCP-A1; mixer_institution_code=UCP,false,,"No explicit participant-to-mixer identity mapping or creator/evaluator flag found in evaluations.csv, mixes.csv, retained feature table, or SCHEMA.md.",false,Institution equality alone was not used as self-rating evidence.
evaluation_f3b3a0a3eeb8,Lead Me,UCP-A1,mix_d2a4240adfd8,participant_qut_qut_q,QUT,mixer_id=UCP-A1; legacy_mix_code=UCP-A1; mixer_institution_code=UCP,false,,"No explicit participant-to-mixer identity mapping or creator/evaluator flag found in evaluations.csv, mixes.csv, retained feature table, or SCHEMA.md.",false,Institution equality alone was not used as self-rating evidence.
evaluation_d2ac8d5d38ed,Lead Me,UCP-A1,mix_d2a4240adfd8,participant_qut_qut_i,QUT,mixer_id=UCP-A1; legacy_mix_code=UCP-A1; mixer_institution_code=UCP,false,,"No explicit participant-to-mixer identity mapping or creator/evaluator flag found in evaluations.csv, mixes.csv, retained feature table, or SCHEMA.md.",false,Institution equality alone was not used as self-rating evidence.
evaluation_9872884e142e,Lead Me,UCP-A1,mix_d2a4240adfd8,participant_qut_qut_r,QUT,mixer_id=UCP-A1; legacy_mix_code=UCP-A1; mixer_institution_code=UCP,false,,"No explicit participant-to-mixer identity mapping or creator/evaluator flag found in evaluations.csv, mixes.csv, retained feature table, or SCHEMA.md.",false,Institution equality alone was not used as self-rating evidence.
evaluation_04eafe5ff24e,Lead Me,UCP-A1,mix_d2a4240adfd8,participant_qut_qut_e,QUT,mixer_id=UCP-A1; legacy_mix_code=UCP-A1; mixer_institution_code=UCP,false,,"No explicit participant-to-mixer identity mapping or creator/evaluator flag found in evaluations.csv, mixes.csv, retained feature table, or SCHEMA.md.",false,Institution equality alone was not used as self-rating evidence.
evaluation_ac452fdd41bc,Lead Me,UCP-A1,mix_d2a4240adfd8,participant_qut_qut_n,QUT,mixer_id=UCP-A1; legacy_mix_code=UCP-A1; mixer_institution_code=UCP,false,,"No explicit participant-to-mixer identity mapping or creator/evaluator flag found in evaluations.csv, mixes.csv, retained feature table, or SCHEMA.md.",false,Institution equality alone was not used as self-rating evidence.
evaluation_39e64decd7ba,Lead Me,UCP-A1,mix_d2a4240adfd8,participant_qut_qut_m,QUT,mixer_id=UCP-A1; legacy_mix_code=UCP-A1; mixer_institution_code=UCP,false,,"No explicit participant-to-mixer identity mapping or creator/evaluator flag found in evaluations.csv, mixes.csv, retained feature table, or SCHEMA.md.",false,Institution equality alone was not used as self-rating evidence.
evaluation_eaa2c19e805a,Lead Me,UCP-A1,mix_d2a4240adfd8,participant_qut_qut_f,QUT,mixer_id=UCP-A1; legacy_mix_code=UCP-A1; mixer_institution_code=UCP,false,,"No explicit participant-to-mixer identity mapping or creator/evaluator flag found in evaluations.csv, mixes.csv, retained feature table, or SCHEMA.md.",false,Institution equality alone was not used as self-rating evidence.
evaluation_41064fb73d54,Lead Me,UCP-A1,mix_d2a4240adfd8,participant_qut_qut_p,QUT,mixer_id=UCP-A1; legacy_mix_code=UCP-A1; mixer_institution_code=UCP,false,,"No explicit participant-to-mixer identity mapping or creator/evaluator flag found in evaluations.csv, mixes.csv, retained feature table, or SCHEMA.md.",false,Institution equality alone was not used as self-rating evidence.
evaluation_54a8f3a01378,Lead Me,UCP-A1,mix_d2a4240adfd8,participant_qut_qut_o,QUT,mixer_id=UCP-A1; legacy_mix_code=UCP-A1; mixer_institution_code=UCP,false,,"No explicit participant-to-mixer identity mapping or creator/evaluator flag found in evaluations.csv, mixes.csv, retained feature table, or SCHEMA.md.",false,Institution equality alone was not used as self-rating evidence.
evaluation_6698adbdad6b,Lead Me,UCP-A1,mix_d2a4240adfd8,participant_qut_qut_a,QUT,mixer_id=UCP-A1; legacy_mix_code=UCP-A1; mixer_institution_code=UCP,false,,"No explicit participant-to-mixer identity mapping or creator/evaluator flag found in evaluations.csv, mixes.csv, retained feature table, or SCHEMA.md.",false,Institution equality alone was not used as self-rating evidence.
evaluation_e4676ce2e9e4,Lead Me,UCP-A1,mix_d2a4240adfd8,participant_qut_qut_pro,QUT,mixer_id=UCP-A1; legacy_mix_code=UCP-A1; mixer_institution_code=UCP,false,,"No explicit participant-to-mixer identity mapping or creator/evaluator flag found in evaluations.csv, mixes.csv, retained feature table, or SCHEMA.md.",false,Institution equality alone was not used as self-rating evidence.
evaluation_39af689f62fd,Lead Me,UCP-A1,mix_d2a4240adfd8,participant_qut_qut_c,QUT,mixer_id=UCP-A1; legacy_mix_code=UCP-A1; mixer_institution_code=UCP,false,,"No explicit participant-to-mixer identity mapping or creator/evaluator flag found in evaluations.csv, mixes.csv, retained feature table, or SCHEMA.md.",false,Institution equality alone was not used as self-rating evidence.
evaluation_0c4690a9134a,Lead Me,UCP-A1,mix_d2a4240adfd8,participant_qut_qut_l,QUT,mixer_id=UCP-A1; legacy_mix_code=UCP-A1; mixer_institution_code=UCP,false,,"No explicit participant-to-mixer identity mapping or creator/evaluator flag found in evaluations.csv, mixes.csv, retained feature table, or SCHEMA.md.",false,Institution equality alone was not used as self-rating evidence.
evaluation_f3cd27e54e3e,Lead Me,UCP-A1,mix_d2a4240adfd8,participant_ucp_ucp_a4,UCP,mixer_id=UCP-A1; legacy_mix_code=UCP-A1; mixer_institution_code=UCP,false,,"No explicit participant-to-mixer identity mapping or creator/evaluator flag found in evaluations.csv, mixes.csv, retained feature table, or SCHEMA.md.",false,Institution equality alone was not used as self-rating evidence.
evaluation_e4f67e87bb8d,Lead Me,UCP-A1,mix_d2a4240adfd8,participant_ucp_ucp_b5,UCP,mixer_id=UCP-A1; legacy_mix_code=UCP-A1; mixer_institution_code=UCP,false,,"No explicit participant-to-mixer identity mapping or creator/evaluator flag found in evaluations.csv, mixes.csv, retained feature table, or SCHEMA.md.",false,Institution equality alone was not used as self-rating evidence.
evaluation_7dd3c8a83d6a,Lead Me,UCP-A1,mix_d2a4240adfd8,participant_ucp_ucp_a2,UCP,mixer_id=UCP-A1; legacy_mix_code=UCP-A1; mixer_institution_code=UCP,false,,"No explicit participant-to-mixer identity mapping or creator/evaluator flag found in evaluations.csv, mixes.csv, retained feature table, or SCHEMA.md.",false,Institution equality alone was not used as self-rating evidence.
evaluation_0de6a0066710,Lead Me,UCP-A1,mix_d2a4240adfd8,participant_ucp_ucp_b2,UCP,mixer_id=UCP-A1; legacy_mix_code=UCP-A1; mixer_institution_code=UCP,false,,"No explicit participant-to-mixer identity mapping or creator/evaluator flag found in evaluations.csv, mixes.csv, retained feature table, or SCHEMA.md.",false,Institution equality alone was not used as self-rating evidence.
evaluation_47c88a8d755a,Lead Me,UCP-A1,mix_d2a4240adfd8,participant_ucp_ucp_a5,UCP,mixer_id=UCP-A1; legacy_mix_code=UCP-A1; mixer_institution_code=UCP,false,,"No explicit participant-to-mixer identity mapping or creator/evaluator flag found in evaluations.csv, mixes.csv, retained feature table, or SCHEMA.md.",false,Institution equality alone was not used as self-rating evidence.
evaluation_46e0b0ec5d2d,Lead Me,UCP-A1,mix_d2a4240adfd8,participant_ucp_ucp_a1,UCP,mixer_id=UCP-A1; legacy_mix_code=UCP-A1; mixer_institution_code=UCP,false,,"No explicit participant-to-mixer identity mapping or creator/evaluator flag found in evaluations.csv, mixes.csv, retained feature table, or SCHEMA.md.",false,Institution equality alone was not used as self-rating evidence.
evaluation_aacfce2d2b99,Lead Me,UCP-A1,mix_d2a4240adfd8,participant_ucp_ucp_b3,UCP,mixer_id=UCP-A1; legacy_mix_code=UCP-A1; mixer_institution_code=UCP,false,,"No explicit participant-to-mixer identity mapping or creator/evaluator flag found in evaluations.csv, mixes.csv, retained feature table, or SCHEMA.md.",false,Institution equality alone was not used as self-rating evidence.
evaluation_e63d438dea8b,Lead Me,UCP-A1,mix_d2a4240adfd8,participant_ucp_ucp_b4,UCP,mixer_id=UCP-A1; legacy_mix_code=UCP-A1; mixer_institution_code=UCP,false,,"No explicit participant-to-mixer identity mapping or creator/evaluator flag found in evaluations.csv, mixes.csv, retained feature table, or SCHEMA.md.",false,Institution equality alone was not used as self-rating evidence.
evaluation_07a17ff1a6ff,Lead Me,UCP-A1,mix_d2a4240adfd8,participant_ucp_ucp_b1,UCP,mixer_id=UCP-A1; legacy_mix_code=UCP-A1; mixer_institution_code=UCP,false,,"No explicit participant-to-mixer identity mapping or creator/evaluator flag found in evaluations.csv, mixes.csv, retained feature table, or SCHEMA.md.",false,Institution equality alone was not used as self-rating evidence.
evaluation_be49a5416a05,Lead Me,UCP-A1,mix_d2a4240adfd8,participant_ucp_ucp_a3,UCP,mixer_id=UCP-A1; legacy_mix_code=UCP-A1; mixer_institution_code=UCP,false,,"No explicit participant-to-mixer identity mapping or creator/evaluator flag found in evaluations.csv, mixes.csv, retained feature table, or SCHEMA.md.",false,Institution equality alone was not used as self-rating evidence.
evaluation_a0ba7fd96d72,Lead Me,UCP-A2,mix_a5df7e0b4222,participant_ucp_ucp_a4,UCP,mixer_id=UCP-A2; legacy_mix_code=UCP-A2; mixer_institution_code=UCP,false,,"No explicit participant-to-mixer identity mapping or creator/evaluator flag found in evaluations.csv, mixes.csv, retained feature table, or SCHEMA.md.",false,Institution equality alone was not used as self-rating evidence.
evaluation_cf737c97cfda,Lead Me,UCP-A2,mix_a5df7e0b4222,participant_ucp_ucp_b5,UCP,mixer_id=UCP-A2; legacy_mix_code=UCP-A2; mixer_institution_code=UCP,false,,"No explicit participant-to-mixer identity mapping or creator/evaluator flag found in evaluations.csv, mixes.csv, retained feature table, or SCHEMA.md.",false,Institution equality alone was not used as self-rating evidence.
evaluation_781b33a07819,Lead Me,UCP-A2,mix_a5df7e0b4222,participant_ucp_ucp_a2,UCP,mixer_id=UCP-A2; legacy_mix_code=UCP-A2; mixer_institution_code=UCP,false,,"No explicit participant-to-mixer identity mapping or creator/evaluator flag found in evaluations.csv, mixes.csv, retained feature table, or SCHEMA.md.",false,Institution equality alone was not used as self-rating evidence.
evaluation_19703a45b695,Lead Me,UCP-A2,mix_a5df7e0b4222,participant_ucp_ucp_b2,UCP,mixer_id=UCP-A2; legacy_mix_code=UCP-A2; mixer_institution_code=UCP,false,,"No explicit participant-to-mixer identity mapping or creator/evaluator flag found in evaluations.csv, mixes.csv, retained feature table, or SCHEMA.md.",false,Institution equality alone was not used as self-rating evidence.
evaluation_f053bae10b33,Lead Me,UCP-A2,mix_a5df7e0b4222,participant_ucp_ucp_a5,UCP,mixer_id=UCP-A2; legacy_mix_code=UCP-A2; mixer_institution_code=UCP,false,,"No explicit participant-to-mixer identity mapping or creator/evaluator flag found in evaluations.csv, mixes.csv, retained feature table, or SCHEMA.md.",false,Institution equality alone was not used as self-rating evidence.
evaluation_ed6a4bebf9dd,Lead Me,UCP-A2,mix_a5df7e0b4222,participant_ucp_ucp_a1,UCP,mixer_id=UCP-A2; legacy_mix_code=UCP-A2; mixer_institution_code=UCP,false,,"No explicit participant-to-mixer identity mapping or creator/evaluator flag found in evaluations.csv, mixes.csv, retained feature table, or SCHEMA.md.",false,Institution equality alone was not used as self-rating evidence.
evaluation_378926d06023,Lead Me,UCP-A2,mix_a5df7e0b4222,participant_ucp_ucp_b3,UCP,mixer_id=UCP-A2; legacy_mix_code=UCP-A2; mixer_institution_code=UCP,false,,"No explicit participant-to-mixer identity mapping or creator/evaluator flag found in evaluations.csv, mixes.csv, retained feature table, or SCHEMA.md.",false,Institution equality alone was not used as self-rating evidence.
evaluation_7b407237732f,Lead Me,UCP-A2,mix_a5df7e0b4222,participant_ucp_ucp_b4,UCP,mixer_id=UCP-A2; legacy_mix_code=UCP-A2; mixer_institution_code=UCP,false,,"No explicit participant-to-mixer identity mapping or creator/evaluator flag found in evaluations.csv, mixes.csv, retained feature table, or SCHEMA.md.",false,Institution equality alone was not used as self-rating evidence.
evaluation_8d5fe8e1a8cc,Lead Me,UCP-A2,mix_a5df7e0b4222,participant_ucp_ucp_b1,UCP,mixer_id=UCP-A2; legacy_mix_code=UCP-A2; mixer_institution_code=UCP,false,,"No explicit participant-to-mixer identity mapping or creator/evaluator flag found in evaluations.csv, mixes.csv, retained feature table, or SCHEMA.md.",false,Institution equality alone was not used as self-rating evidence.
evaluation_13e7811bc925,Lead Me,UCP-A2,mix_a5df7e0b4222,participant_ucp_ucp_a3,UCP,mixer_id=UCP-A2; legacy_mix_code=UCP-A2; mixer_institution_code=UCP,false,,"No explicit participant-to-mixer identity mapping or creator/evaluator flag found in evaluations.csv, mixes.csv, retained feature table, or SCHEMA.md.",false,Institution equality alone was not used as self-rating evidence.
evaluation_d1013c8d02e9,Lead Me,UCP-A3,mix_06852a8a8947,participant_ucp_ucp_a4,UCP,mixer_id=UCP-A3; legacy_mix_code=UCP-A3; mixer_institution_code=UCP,false,,"No explicit participant-to-mixer identity mapping or creator/evaluator flag found in evaluations.csv, mixes.csv, retained feature table, or SCHEMA.md.",false,Institution equality alone was not used as self-rating evidence.
evaluation_5c78715317bb,Lead Me,UCP-A3,mix_06852a8a8947,participant_ucp_ucp_b5,UCP,mixer_id=UCP-A3; legacy_mix_code=UCP-A3; mixer_institution_code=UCP,false,,"No explicit participant-to-mixer identity mapping or creator/evaluator flag found in evaluations.csv, mixes.csv, retained feature table, or SCHEMA.md.",false,Institution equality alone was not used as self-rating evidence.
evaluation_edb1c777aeee,Lead Me,UCP-A3,mix_06852a8a8947,participant_ucp_ucp_a2,UCP,mixer_id=UCP-A3; legacy_mix_code=UCP-A3; mixer_institution_code=UCP,false,,"No explicit participant-to-mixer identity mapping or creator/evaluator flag found in evaluations.csv, mixes.csv, retained feature table, or SCHEMA.md.",false,Institution equality alone was not used as self-rating evidence.
evaluation_cdbcd9b79826,Lead Me,UCP-A3,mix_06852a8a8947,participant_ucp_ucp_b2,UCP,mixer_id=UCP-A3; legacy_mix_code=UCP-A3; mixer_institution_code=UCP,false,,"No explicit participant-to-mixer identity mapping or creator/evaluator flag found in evaluations.csv, mixes.csv, retained feature table, or SCHEMA.md.",false,Institution equality alone was not used as self-rating evidence.
evaluation_e3a5d505f72e,Lead Me,UCP-A3,mix_06852a8a8947,participant_ucp_ucp_a5,UCP,mixer_id=UCP-A3; legacy_mix_code=UCP-A3; mixer_institution_code=UCP,false,,"No explicit participant-to-mixer identity mapping or creator/evaluator flag found in evaluations.csv, mixes.csv, retained feature table, or SCHEMA.md.",false,Institution equality alone was not used as self-rating evidence.
evaluation_0abdce405841,Lead Me,UCP-A3,mix_06852a8a8947,participant_ucp_ucp_a1,UCP,mixer_id=UCP-A3; legacy_mix_code=UCP-A3; mixer_institution_code=UCP,false,,"No explicit participant-to-mixer identity mapping or creator/evaluator flag found in evaluations.csv, mixes.csv, retained feature table, or SCHEMA.md.",false,Institution equality alone was not used as self-rating evidence.
evaluation_f4fa23e3ac0a,Lead Me,UCP-A3,mix_06852a8a8947,participant_ucp_ucp_b3,UCP,mixer_id=UCP-A3; legacy_mix_code=UCP-A3; mixer_institution_code=UCP,false,,"No explicit participant-to-mixer identity mapping or creator/evaluator flag found in evaluations.csv, mixes.csv, retained feature table, or SCHEMA.md.",false,Institution equality alone was not used as self-rating evidence.
evaluation_f5bbaee9703a,Lead Me,UCP-A3,mix_06852a8a8947,participant_ucp_ucp_b4,UCP,mixer_id=UCP-A3; legacy_mix_code=UCP-A3; mixer_institution_code=UCP,false,,"No explicit participant-to-mixer identity mapping or creator/evaluator flag found in evaluations.csv, mixes.csv, retained feature table, or SCHEMA.md.",false,Institution equality alone was not used as self-rating evidence.
evaluation_93e0cd8bd8c4,Lead Me,UCP-A3,mix_06852a8a8947,participant_ucp_ucp_b1,UCP,mixer_id=UCP-A3; legacy_mix_code=UCP-A3; mixer_institution_code=UCP,false,,"No explicit participant-to-mixer identity mapping or creator/evaluator flag found in evaluations.csv, mixes.csv, retained feature table, or SCHEMA.md.",false,Institution equality alone was not used as self-rating evidence.
evaluation_a3e424f46d96,Lead Me,UCP-A3,mix_06852a8a8947,participant_ucp_ucp_a3,UCP,mixer_id=UCP-A3; legacy_mix_code=UCP-A3; mixer_institution_code=UCP,false,,"No explicit participant-to-mixer identity mapping or creator/evaluator flag found in evaluations.csv, mixes.csv, retained feature table, or SCHEMA.md.",false,Institution equality alone was not used as self-rating evidence.
evaluation_e21a6019e01b,Lead Me,UCP-A4,mix_5d42d0f1628e,participant_ucp_ucp_a4,UCP,mixer_id=UCP-A4; legacy_mix_code=UCP-A4; mixer_institution_code=UCP,false,,"No explicit participant-to-mixer identity mapping or creator/evaluator flag found in evaluations.csv, mixes.csv, retained feature table, or SCHEMA.md.",false,Institution equality alone was not used as self-rating evidence.
evaluation_37ba01ad4958,Lead Me,UCP-A4,mix_5d42d0f1628e,participant_ucp_ucp_b5,UCP,mixer_id=UCP-A4; legacy_mix_code=UCP-A4; mixer_institution_code=UCP,false,,"No explicit participant-to-mixer identity mapping or creator/evaluator flag found in evaluations.csv, mixes.csv, retained feature table, or SCHEMA.md.",false,Institution equality alone was not used as self-rating evidence.
evaluation_b5006ff2bebc,Lead Me,UCP-A4,mix_5d42d0f1628e,participant_ucp_ucp_a2,UCP,mixer_id=UCP-A4; legacy_mix_code=UCP-A4; mixer_institution_code=UCP,false,,"No explicit participant-to-mixer identity mapping or creator/evaluator flag found in evaluations.csv, mixes.csv, retained feature table, or SCHEMA.md.",false,Institution equality alone was not used as self-rating evidence.
evaluation_dbb7d4007c89,Lead Me,UCP-A4,mix_5d42d0f1628e,participant_ucp_ucp_b2,UCP,mixer_id=UCP-A4; legacy_mix_code=UCP-A4; mixer_institution_code=UCP,false,,"No explicit participant-to-mixer identity mapping or creator/evaluator flag found in evaluations.csv, mixes.csv, retained feature table, or SCHEMA.md.",false,Institution equality alone was not used as self-rating evidence.
evaluation_c39636e3f92b,Lead Me,UCP-A4,mix_5d42d0f1628e,participant_ucp_ucp_a5,UCP,mixer_id=UCP-A4; legacy_mix_code=UCP-A4; mixer_institution_code=UCP,false,,"No explicit participant-to-mixer identity mapping or creator/evaluator flag found in evaluations.csv, mixes.csv, retained feature table, or SCHEMA.md.",false,Institution equality alone was not used as self-rating evidence.
evaluation_bc38e271e8a3,Lead Me,UCP-A4,mix_5d42d0f1628e,participant_ucp_ucp_a1,UCP,mixer_id=UCP-A4; legacy_mix_code=UCP-A4; mixer_institution_code=UCP,false,,"No explicit participant-to-mixer identity mapping or creator/evaluator flag found in evaluations.csv, mixes.csv, retained feature table, or SCHEMA.md.",false,Institution equality alone was not used as self-rating evidence.
evaluation_8b124c79f7e4,Lead Me,UCP-A4,mix_5d42d0f1628e,participant_ucp_ucp_b3,UCP,mixer_id=UCP-A4; legacy_mix_code=UCP-A4; mixer_institution_code=UCP,false,,"No explicit participant-to-mixer identity mapping or creator/evaluator flag found in evaluations.csv, mixes.csv, retained feature table, or SCHEMA.md.",false,Institution equality alone was not used as self-rating evidence.
evaluation_8bdf8b749a44,Lead Me,UCP-A4,mix_5d42d0f1628e,participant_ucp_ucp_b4,UCP,mixer_id=UCP-A4; legacy_mix_code=UCP-A4; mixer_institution_code=UCP,false,,"No explicit participant-to-mixer identity mapping or creator/evaluator flag found in evaluations.csv, mixes.csv, retained feature table, or SCHEMA.md.",false,Institution equality alone was not used as self-rating evidence.
evaluation_ad8bf3e7d96a,Lead Me,UCP-A4,mix_5d42d0f1628e,participant_ucp_ucp_b1,UCP,mixer_id=UCP-A4; legacy_mix_code=UCP-A4; mixer_institution_code=UCP,false,,"No explicit participant-to-mixer identity mapping or creator/evaluator flag found in evaluations.csv, mixes.csv, retained feature table, or SCHEMA.md.",false,Institution equality alone was not used as self-rating evidence.
evaluation_b9d8d22b4d16,Lead Me,UCP-A4,mix_5d42d0f1628e,participant_ucp_ucp_a3,UCP,mixer_id=UCP-A4; legacy_mix_code=UCP-A4; mixer_institution_code=UCP,false,,"No explicit participant-to-mixer identity mapping or creator/evaluator flag found in evaluations.csv, mixes.csv, retained feature table, or SCHEMA.md.",false,Institution equality alone was not used as self-rating evidence.
evaluation_afde538f017d,Lead Me,UCP-A5,mix_0255886c8875,participant_ucp_ucp_a4,UCP,mixer_id=UCP-A5; legacy_mix_code=UCP-A5; mixer_institution_code=UCP,false,,"No explicit participant-to-mixer identity mapping or creator/evaluator flag found in evaluations.csv, mixes.csv, retained feature table, or SCHEMA.md.",false,Institution equality alone was not used as self-rating evidence.
evaluation_94c456dcbcb5,Lead Me,UCP-A5,mix_0255886c8875,participant_ucp_ucp_b5,UCP,mixer_id=UCP-A5; legacy_mix_code=UCP-A5; mixer_institution_code=UCP,false,,"No explicit participant-to-mixer identity mapping or creator/evaluator flag found in evaluations.csv, mixes.csv, retained feature table, or SCHEMA.md.",false,Institution equality alone was not used as self-rating evidence.
evaluation_fa0cf16a068a,Lead Me,UCP-A5,mix_0255886c8875,participant_ucp_ucp_a2,UCP,mixer_id=UCP-A5; legacy_mix_code=UCP-A5; mixer_institution_code=UCP,false,,"No explicit participant-to-mixer identity mapping or creator/evaluator flag found in evaluations.csv, mixes.csv, retained feature table, or SCHEMA.md.",false,Institution equality alone was not used as self-rating evidence.
evaluation_71840c3df923,Lead Me,UCP-A5,mix_0255886c8875,participant_ucp_ucp_b2,UCP,mixer_id=UCP-A5; legacy_mix_code=UCP-A5; mixer_institution_code=UCP,false,,"No explicit participant-to-mixer identity mapping or creator/evaluator flag found in evaluations.csv, mixes.csv, retained feature table, or SCHEMA.md.",false,Institution equality alone was not used as self-rating evidence.
evaluation_69e582b0f496,Lead Me,UCP-A5,mix_0255886c8875,participant_ucp_ucp_a5,UCP,mixer_id=UCP-A5; legacy_mix_code=UCP-A5; mixer_institution_code=UCP,false,,"No explicit participant-to-mixer identity mapping or creator/evaluator flag found in evaluations.csv, mixes.csv, retained feature table, or SCHEMA.md.",false,Institution equality alone was not used as self-rating evidence.
evaluation_bedf29bfd4e1,Lead Me,UCP-A5,mix_0255886c8875,participant_ucp_ucp_a1,UCP,mixer_id=UCP-A5; legacy_mix_code=UCP-A5; mixer_institution_code=UCP,false,,"No explicit participant-to-mixer identity mapping or creator/evaluator flag found in evaluations.csv, mixes.csv, retained feature table, or SCHEMA.md.",false,Institution equality alone was not used as self-rating evidence.
evaluation_6707fba27c9e,Lead Me,UCP-A5,mix_0255886c8875,participant_ucp_ucp_b3,UCP,mixer_id=UCP-A5; legacy_mix_code=UCP-A5; mixer_institution_code=UCP,false,,"No explicit participant-to-mixer identity mapping or creator/evaluator flag found in evaluations.csv, mixes.csv, retained feature table, or SCHEMA.md.",false,Institution equality alone was not used as self-rating evidence.
evaluation_312a4bca43d5,Lead Me,UCP-A5,mix_0255886c8875,participant_ucp_ucp_b4,UCP,mixer_id=UCP-A5; legacy_mix_code=UCP-A5; mixer_institution_code=UCP,false,,"No explicit participant-to-mixer identity mapping or creator/evaluator flag found in evaluations.csv, mixes.csv, retained feature table, or SCHEMA.md.",false,Institution equality alone was not used as self-rating evidence.
evaluation_6b987eefac0d,Lead Me,UCP-A5,mix_0255886c8875,participant_ucp_ucp_b1,UCP,mixer_id=UCP-A5; legacy_mix_code=UCP-A5; mixer_institution_code=UCP,false,,"No explicit participant-to-mixer identity mapping or creator/evaluator flag found in evaluations.csv, mixes.csv, retained feature table, or SCHEMA.md.",false,Institution equality alone was not used as self-rating evidence.
evaluation_9cdadd44fa17,Lead Me,UCP-A5,mix_0255886c8875,participant_ucp_ucp_a3,UCP,mixer_id=UCP-A5; legacy_mix_code=UCP-A5; mixer_institution_code=UCP,false,,"No explicit participant-to-mixer identity mapping or creator/evaluator flag found in evaluations.csv, mixes.csv, retained feature table, or SCHEMA.md.",false,Institution equality alone was not used as self-rating evidence.
evaluation_a8c95b40df13,Pouring Room,McG-Q,mix_0ddb25d6180b,participant_mcg_mcg_f,McG,mixer_id=McG-Q; legacy_mix_code=McG-Q; mixer_institution_code=McG,false,,"No explicit participant-to-mixer identity mapping or creator/evaluator flag found in evaluations.csv, mixes.csv, retained feature table, or SCHEMA.md.",false,Institution equality alone was not used as self-rating evidence.
evaluation_f36c26a53f48,Pouring Room,McG-Q,mix_0ddb25d6180b,participant_mcg_mcg_pro1,McG,mixer_id=McG-Q; legacy_mix_code=McG-Q; mixer_institution_code=McG,false,,"No explicit participant-to-mixer identity mapping or creator/evaluator flag found in evaluations.csv, mixes.csv, retained feature table, or SCHEMA.md.",false,Institution equality alone was not used as self-rating evidence.
evaluation_dfcafcf99978,Pouring Room,McG-Q,mix_0ddb25d6180b,participant_mcg_mcg_t,McG,mixer_id=McG-Q; legacy_mix_code=McG-Q; mixer_institution_code=McG,false,,"No explicit participant-to-mixer identity mapping or creator/evaluator flag found in evaluations.csv, mixes.csv, retained feature table, or SCHEMA.md.",false,Institution equality alone was not used as self-rating evidence.
evaluation_1694a8a4a768,Pouring Room,McG-Q,mix_0ddb25d6180b,participant_mcg_mcg_pro2,McG,mixer_id=McG-Q; legacy_mix_code=McG-Q; mixer_institution_code=McG,false,,"No explicit participant-to-mixer identity mapping or creator/evaluator flag found in evaluations.csv, mixes.csv, retained feature table, or SCHEMA.md.",false,Institution equality alone was not used as self-rating evidence.
evaluation_ca270bfae831,Pouring Room,McG-Q,mix_0ddb25d6180b,participant_mcg_mcg_r,McG,mixer_id=McG-Q; legacy_mix_code=McG-Q; mixer_institution_code=McG,false,,"No explicit participant-to-mixer identity mapping or creator/evaluator flag found in evaluations.csv, mixes.csv, retained feature table, or SCHEMA.md.",false,Institution equality alone was not used as self-rating evidence.
evaluation_a8c26f52ddd8,Pouring Room,McG-Q,mix_0ddb25d6180b,participant_mcg_mcg_c,McG,mixer_id=McG-Q; legacy_mix_code=McG-Q; mixer_institution_code=McG,false,,"No explicit participant-to-mixer identity mapping or creator/evaluator flag found in evaluations.csv, mixes.csv, retained feature table, or SCHEMA.md.",false,Institution equality alone was not used as self-rating evidence.
evaluation_c7dfad7ec6e7,Pouring Room,McG-Q,mix_0ddb25d6180b,participant_mcg_mcg_q,McG,mixer_id=McG-Q; legacy_mix_code=McG-Q; mixer_institution_code=McG,false,,"No explicit participant-to-mixer identity mapping or creator/evaluator flag found in evaluations.csv, mixes.csv, retained feature table, or SCHEMA.md.",false,Institution equality alone was not used as self-rating evidence.
evaluation_223e2aeaa641,Pouring Room,McG-Q,mix_0ddb25d6180b,participant_mcg_mcg_b,McG,mixer_id=McG-Q; legacy_mix_code=McG-Q; mixer_institution_code=McG,false,,"No explicit participant-to-mixer identity mapping or creator/evaluator flag found in evaluations.csv, mixes.csv, retained feature table, or SCHEMA.md.",false,Institution equality alone was not used as self-rating evidence.
evaluation_f06a7a4ece2c,Pouring Room,McG-Q,mix_0ddb25d6180b,participant_mcg_mcg_s,McG,mixer_id=McG-Q; legacy_mix_code=McG-Q; mixer_institution_code=McG,false,,"No explicit participant-to-mixer identity mapping or creator/evaluator flag found in evaluations.csv, mixes.csv, retained feature table, or SCHEMA.md.",false,Institution equality alone was not used as self-rating evidence.
evaluation_6901924a475d,Pouring Room,McG-Q,mix_0ddb25d6180b,participant_mcg_mcg_h,McG,mixer_id=McG-Q; legacy_mix_code=McG-Q; mixer_institution_code=McG,false,,"No explicit participant-to-mixer identity mapping or creator/evaluator flag found in evaluations.csv, mixes.csv, retained feature table, or SCHEMA.md.",false,Institution equality alone was not used as self-rating evidence.
evaluation_69f1d394fba9,Pouring Room,McG-Q,mix_0ddb25d6180b,participant_mcg_mcg_subc,McG,mixer_id=McG-Q; legacy_mix_code=McG-Q; mixer_institution_code=McG,false,,"No explicit participant-to-mixer identity mapping or creator/evaluator flag found in evaluations.csv, mixes.csv, retained feature table, or SCHEMA.md.",false,Institution equality alone was not used as self-rating evidence.
evaluation_a21cf9ac0a20,Pouring Room,McG-Q,mix_0ddb25d6180b,participant_mcg_mcg_w,McG,mixer_id=McG-Q; legacy_mix_code=McG-Q; mixer_institution_code=McG,false,,"No explicit participant-to-mixer identity mapping or creator/evaluator flag found in evaluations.csv, mixes.csv, retained feature table, or SCHEMA.md.",false,Institution equality alone was not used as self-rating evidence.
evaluation_1b6f1bd4b3a8,Pouring Room,McG-Q,mix_0ddb25d6180b,participant_mcg_mcg_sube,McG,mixer_id=McG-Q; legacy_mix_code=McG-Q; mixer_institution_code=McG,false,,"No explicit participant-to-mixer identity mapping or creator/evaluator flag found in evaluations.csv, mixes.csv, retained feature table, or SCHEMA.md.",false,Institution equality alone was not used as self-rating evidence.
evaluation_ddba01d30af3,Pouring Room,McG-Q,mix_0ddb25d6180b,participant_mcg_mcg_d,McG,mixer_id=McG-Q; legacy_mix_code=McG-Q; mixer_institution_code=McG,false,,"No explicit participant-to-mixer identity mapping or creator/evaluator flag found in evaluations.csv, mixes.csv, retained feature table, or SCHEMA.md.",false,Institution equality alone was not used as self-rating evidence.
evaluation_f175874c1ea0,Pouring Room,McG-Q,mix_0ddb25d6180b,participant_mcg_mcg_e,McG,mixer_id=McG-Q; legacy_mix_code=McG-Q; mixer_institution_code=McG,false,,"No explicit participant-to-mixer identity mapping or creator/evaluator flag found in evaluations.csv, mixes.csv, retained feature table, or SCHEMA.md.",false,Institution equality alone was not used as self-rating evidence.
evaluation_da2acd79700e,Pouring Room,McG-Q,mix_0ddb25d6180b,participant_mcg_mcg_subd,McG,mixer_id=McG-Q; legacy_mix_code=McG-Q; mixer_institution_code=McG,false,,"No explicit participant-to-mixer identity mapping or creator/evaluator flag found in evaluations.csv, mixes.csv, retained feature table, or SCHEMA.md.",false,Institution equality alone was not used as self-rating evidence.
evaluation_c33bbb9a6d35,Pouring Room,McG-Q,mix_0ddb25d6180b,participant_mcg_mcg_v,McG,mixer_id=McG-Q; legacy_mix_code=McG-Q; mixer_institution_code=McG,false,,"No explicit participant-to-mixer identity mapping or creator/evaluator flag found in evaluations.csv, mixes.csv, retained feature table, or SCHEMA.md.",false,Institution equality alone was not used as self-rating evidence.
evaluation_66331764277a,Pouring Room,McG-Q,mix_0ddb25d6180b,participant_mcg_mcg_subg,McG,mixer_id=McG-Q; legacy_mix_code=McG-Q; mixer_institution_code=McG,false,,"No explicit participant-to-mixer identity mapping or creator/evaluator flag found in evaluations.csv, mixes.csv, retained feature table, or SCHEMA.md.",false,Institution equality alone was not used as self-rating evidence.
evaluation_393124305561,Pouring Room,McG-Q,mix_0ddb25d6180b,participant_mcg_mcg_subb,McG,mixer_id=McG-Q; legacy_mix_code=McG-Q; mixer_institution_code=McG,false,,"No explicit participant-to-mixer identity mapping or creator/evaluator flag found in evaluations.csv, mixes.csv, retained feature table, or SCHEMA.md.",false,Institution equality alone was not used as self-rating evidence.
evaluation_7d426180e918,Pouring Room,McG-Q,mix_0ddb25d6180b,participant_mcg_mcg_u,McG,mixer_id=McG-Q; legacy_mix_code=McG-Q; mixer_institution_code=McG,false,,"No explicit participant-to-mixer identity mapping or creator/evaluator flag found in evaluations.csv, mixes.csv, retained feature table, or SCHEMA.md.",false,Institution equality alone was not used as self-rating evidence.
evaluation_3fbf63f3f72a,Pouring Room,McG-Q,mix_0ddb25d6180b,participant_mcg_mcg_g,McG,mixer_id=McG-Q; legacy_mix_code=McG-Q; mixer_institution_code=McG,false,,"No explicit participant-to-mixer identity mapping or creator/evaluator flag found in evaluations.csv, mixes.csv, retained feature table, or SCHEMA.md.",false,Institution equality alone was not used as self-rating evidence.
evaluation_a5b6835445ce,Pouring Room,McG-Q,mix_0ddb25d6180b,participant_mcg_mcg_a,McG,mixer_id=McG-Q; legacy_mix_code=McG-Q; mixer_institution_code=McG,false,,"No explicit participant-to-mixer identity mapping or creator/evaluator flag found in evaluations.csv, mixes.csv, retained feature table, or SCHEMA.md.",false,Institution equality alone was not used as self-rating evidence.
evaluation_8ba246b55a8b,Pouring Room,McG-Q,mix_0ddb25d6180b,participant_mcg_mcg_x,McG,mixer_id=McG-Q; legacy_mix_code=McG-Q; mixer_institution_code=McG,false,,"No explicit participant-to-mixer identity mapping or creator/evaluator flag found in evaluations.csv, mixes.csv, retained feature table, or SCHEMA.md.",false,Institution equality alone was not used as self-rating evidence.
evaluation_17bbafa62bcd,Pouring Room,McG-Q,mix_0ddb25d6180b,participant_qm_qm_21,QM,mixer_id=McG-Q; legacy_mix_code=McG-Q; mixer_institution_code=McG,false,,"No explicit participant-to-mixer identity mapping or creator/evaluator flag found in evaluations.csv, mixes.csv, retained feature table, or SCHEMA.md.",false,Institution equality alone was not used as self-rating evidence.
evaluation_6bd5561acc26,Pouring Room,McG-Q,mix_0ddb25d6180b,participant_qm_qm_21,QM,mixer_id=McG-Q; legacy_mix_code=McG-Q; mixer_institution_code=McG,false,,"No explicit participant-to-mixer identity mapping or creator/evaluator flag found in evaluations.csv, mixes.csv, retained feature table, or SCHEMA.md.",false,Institution equality alone was not used as self-rating evidence.
evaluation_5799bd3cb192,Pouring Room,McG-Q,mix_0ddb25d6180b,participant_qm_qm_12,QM,mixer_id=McG-Q; legacy_mix_code=McG-Q; mixer_institution_code=McG,false,,"No explicit participant-to-mixer identity mapping or creator/evaluator flag found in evaluations.csv, mixes.csv, retained feature table, or SCHEMA.md.",false,Institution equality alone was not used as self-rating evidence.
evaluation_734983f5c1e6,Pouring Room,McG-Q,mix_0ddb25d6180b,participant_qm_qm_14,QM,mixer_id=McG-Q; legacy_mix_code=McG-Q; mixer_institution_code=McG,false,,"No explicit participant-to-mixer identity mapping or creator/evaluator flag found in evaluations.csv, mixes.csv, retained feature table, or SCHEMA.md.",false,Institution equality alone was not used as self-rating evidence.
evaluation_c5a640eed30a,Pouring Room,McG-Q,mix_0ddb25d6180b,participant_qm_qm_1,QM,mixer_id=McG-Q; legacy_mix_code=McG-Q; mixer_institution_code=McG,false,,"No explicit participant-to-mixer identity mapping or creator/evaluator flag found in evaluations.csv, mixes.csv, retained feature table, or SCHEMA.md.",false,Institution equality alone was not used as self-rating evidence.
evaluation_b422b4d9e01c,Pouring Room,McG-Q,mix_0ddb25d6180b,participant_qm_qm_2,QM,mixer_id=McG-Q; legacy_mix_code=McG-Q; mixer_institution_code=McG,false,,"No explicit participant-to-mixer identity mapping or creator/evaluator flag found in evaluations.csv, mixes.csv, retained feature table, or SCHEMA.md.",false,Institution equality alone was not used as self-rating evidence.
evaluation_d547978d98fd,Pouring Room,McG-Q,mix_0ddb25d6180b,participant_qm_qm_13,QM,mixer_id=McG-Q; legacy_mix_code=McG-Q; mixer_institution_code=McG,false,,"No explicit participant-to-mixer identity mapping or creator/evaluator flag found in evaluations.csv, mixes.csv, retained feature table, or SCHEMA.md.",false,Institution equality alone was not used as self-rating evidence.
evaluation_3f425c38d0a5,Pouring Room,McG-Q,mix_0ddb25d6180b,participant_qm_qm_18,QM,mixer_id=McG-Q; legacy_mix_code=McG-Q; mixer_institution_code=McG,false,,"No explicit participant-to-mixer identity mapping or creator/evaluator flag found in evaluations.csv, mixes.csv, retained feature table, or SCHEMA.md.",false,Institution equality alone was not used as self-rating evidence.
evaluation_3f3ea3257c96,Pouring Room,McG-Q,mix_0ddb25d6180b,participant_qm_qm_3,QM,mixer_id=McG-Q; legacy_mix_code=McG-Q; mixer_institution_code=McG,false,,"No explicit participant-to-mixer identity mapping or creator/evaluator flag found in evaluations.csv, mixes.csv, retained feature table, or SCHEMA.md.",false,Institution equality alone was not used as self-rating evidence.
evaluation_ce7e5f55f644,Pouring Room,McG-Q,mix_0ddb25d6180b,participant_qm_qm_19,QM,mixer_id=McG-Q; legacy_mix_code=McG-Q; mixer_institution_code=McG,false,,"No explicit participant-to-mixer identity mapping or creator/evaluator flag found in evaluations.csv, mixes.csv, retained feature table, or SCHEMA.md.",false,Institution equality alone was not used as self-rating evidence.
evaluation_a0a0426291df,Pouring Room,McG-Q,mix_0ddb25d6180b,participant_smc_smc_16,SMC,mixer_id=McG-Q; legacy_mix_code=McG-Q; mixer_institution_code=McG,false,,"No explicit participant-to-mixer identity mapping or creator/evaluator flag found in evaluations.csv, mixes.csv, retained feature table, or SCHEMA.md.",false,Institution equality alone was not used as self-rating evidence.
evaluation_fb0fffb1e94d,Pouring Room,McG-Q,mix_0ddb25d6180b,participant_smc_smc_4,SMC,mixer_id=McG-Q; legacy_mix_code=McG-Q; mixer_institution_code=McG,false,,"No explicit participant-to-mixer identity mapping or creator/evaluator flag found in evaluations.csv, mixes.csv, retained feature table, or SCHEMA.md.",false,Institution equality alone was not used as self-rating evidence.
evaluation_222e748c580a,Pouring Room,McG-Q,mix_0ddb25d6180b,participant_smc_smc_12,SMC,mixer_id=McG-Q; legacy_mix_code=McG-Q; mixer_institution_code=McG,false,,"No explicit participant-to-mixer identity mapping or creator/evaluator flag found in evaluations.csv, mixes.csv, retained feature table, or SCHEMA.md.",false,Institution equality alone was not used as self-rating evidence.
evaluation_c1d94dbc65b0,Pouring Room,McG-Q,mix_0ddb25d6180b,participant_smc_smc_17,SMC,mixer_id=McG-Q; legacy_mix_code=McG-Q; mixer_institution_code=McG,false,,"No explicit participant-to-mixer identity mapping or creator/evaluator flag found in evaluations.csv, mixes.csv, retained feature table, or SCHEMA.md.",false,Institution equality alone was not used as self-rating evidence.
evaluation_ef5c59e02af1,Pouring Room,McG-Q,mix_0ddb25d6180b,participant_smc_smc_10,SMC,mixer_id=McG-Q; legacy_mix_code=McG-Q; mixer_institution_code=McG,false,,"No explicit participant-to-mixer identity mapping or creator/evaluator flag found in evaluations.csv, mixes.csv, retained feature table, or SCHEMA.md.",false,Institution equality alone was not used as self-rating evidence.
evaluation_2db759429f78,Pouring Room,McG-Q,mix_0ddb25d6180b,participant_smc_smc_19,SMC,mixer_id=McG-Q; legacy_mix_code=McG-Q; mixer_institution_code=McG,false,,"No explicit participant-to-mixer identity mapping or creator/evaluator flag found in evaluations.csv, mixes.csv, retained feature table, or SCHEMA.md.",false,Institution equality alone was not used as self-rating evidence.
evaluation_4fa4a4cd62da,Pouring Room,McG-Q,mix_0ddb25d6180b,participant_smc_smc_14,SMC,mixer_id=McG-Q; legacy_mix_code=McG-Q; mixer_institution_code=McG,false,,"No explicit participant-to-mixer identity mapping or creator/evaluator flag found in evaluations.csv, mixes.csv, retained feature table, or SCHEMA.md.",false,Institution equality alone was not used as self-rating evidence.
evaluation_7a1c364ccf21,Pouring Room,McG-R,mix_0ba76f420c1d,participant_mcg_mcg_f,McG,mixer_id=McG-R; legacy_mix_code=McG-R; mixer_institution_code=McG,false,,"No explicit participant-to-mixer identity mapping or creator/evaluator flag found in evaluations.csv, mixes.csv, retained feature table, or SCHEMA.md.",false,Institution equality alone was not used as self-rating evidence.
evaluation_0fccbc43fc77,Pouring Room,McG-R,mix_0ba76f420c1d,participant_mcg_mcg_pro1,McG,mixer_id=McG-R; legacy_mix_code=McG-R; mixer_institution_code=McG,false,,"No explicit participant-to-mixer identity mapping or creator/evaluator flag found in evaluations.csv, mixes.csv, retained feature table, or SCHEMA.md.",false,Institution equality alone was not used as self-rating evidence.
evaluation_b135f1e39735,Pouring Room,McG-R,mix_0ba76f420c1d,participant_mcg_mcg_t,McG,mixer_id=McG-R; legacy_mix_code=McG-R; mixer_institution_code=McG,false,,"No explicit participant-to-mixer identity mapping or creator/evaluator flag found in evaluations.csv, mixes.csv, retained feature table, or SCHEMA.md.",false,Institution equality alone was not used as self-rating evidence.
evaluation_b466527af588,Pouring Room,McG-R,mix_0ba76f420c1d,participant_mcg_mcg_pro2,McG,mixer_id=McG-R; legacy_mix_code=McG-R; mixer_institution_code=McG,false,,"No explicit participant-to-mixer identity mapping or creator/evaluator flag found in evaluations.csv, mixes.csv, retained feature table, or SCHEMA.md.",false,Institution equality alone was not used as self-rating evidence.
evaluation_2750483117b0,Pouring Room,McG-R,mix_0ba76f420c1d,participant_mcg_mcg_r,McG,mixer_id=McG-R; legacy_mix_code=McG-R; mixer_institution_code=McG,false,,"No explicit participant-to-mixer identity mapping or creator/evaluator flag found in evaluations.csv, mixes.csv, retained feature table, or SCHEMA.md.",false,Institution equality alone was not used as self-rating evidence.
evaluation_1545995311f4,Pouring Room,McG-R,mix_0ba76f420c1d,participant_mcg_mcg_c,McG,mixer_id=McG-R; legacy_mix_code=McG-R; mixer_institution_code=McG,false,,"No explicit participant-to-mixer identity mapping or creator/evaluator flag found in evaluations.csv, mixes.csv, retained feature table, or SCHEMA.md.",false,Institution equality alone was not used as self-rating evidence.
evaluation_01adeaf32ca2,Pouring Room,McG-R,mix_0ba76f420c1d,participant_mcg_mcg_q,McG,mixer_id=McG-R; legacy_mix_code=McG-R; mixer_institution_code=McG,false,,"No explicit participant-to-mixer identity mapping or creator/evaluator flag found in evaluations.csv, mixes.csv, retained feature table, or SCHEMA.md.",false,Institution equality alone was not used as self-rating evidence.
evaluation_8880a34fbb29,Pouring Room,McG-R,mix_0ba76f420c1d,participant_mcg_mcg_b,McG,mixer_id=McG-R; legacy_mix_code=McG-R; mixer_institution_code=McG,false,,"No explicit participant-to-mixer identity mapping or creator/evaluator flag found in evaluations.csv, mixes.csv, retained feature table, or SCHEMA.md.",false,Institution equality alone was not used as self-rating evidence.
evaluation_4e392753498d,Pouring Room,McG-R,mix_0ba76f420c1d,participant_mcg_mcg_s,McG,mixer_id=McG-R; legacy_mix_code=McG-R; mixer_institution_code=McG,false,,"No explicit participant-to-mixer identity mapping or creator/evaluator flag found in evaluations.csv, mixes.csv, retained feature table, or SCHEMA.md.",false,Institution equality alone was not used as self-rating evidence.
evaluation_b9c467247d45,Pouring Room,McG-R,mix_0ba76f420c1d,participant_mcg_mcg_h,McG,mixer_id=McG-R; legacy_mix_code=McG-R; mixer_institution_code=McG,false,,"No explicit participant-to-mixer identity mapping or creator/evaluator flag found in evaluations.csv, mixes.csv, retained feature table, or SCHEMA.md.",false,Institution equality alone was not used as self-rating evidence.
evaluation_f7449ca6c749,Pouring Room,McG-R,mix_0ba76f420c1d,participant_mcg_mcg_subc,McG,mixer_id=McG-R; legacy_mix_code=McG-R; mixer_institution_code=McG,false,,"No explicit participant-to-mixer identity mapping or creator/evaluator flag found in evaluations.csv, mixes.csv, retained feature table, or SCHEMA.md.",false,Institution equality alone was not used as self-rating evidence.
evaluation_c439e980fa29,Pouring Room,McG-R,mix_0ba76f420c1d,participant_mcg_mcg_w,McG,mixer_id=McG-R; legacy_mix_code=McG-R; mixer_institution_code=McG,false,,"No explicit participant-to-mixer identity mapping or creator/evaluator flag found in evaluations.csv, mixes.csv, retained feature table, or SCHEMA.md.",false,Institution equality alone was not used as self-rating evidence.
evaluation_3f6233688ee2,Pouring Room,McG-R,mix_0ba76f420c1d,participant_mcg_mcg_sube,McG,mixer_id=McG-R; legacy_mix_code=McG-R; mixer_institution_code=McG,false,,"No explicit participant-to-mixer identity mapping or creator/evaluator flag found in evaluations.csv, mixes.csv, retained feature table, or SCHEMA.md.",false,Institution equality alone was not used as self-rating evidence.
evaluation_d9bde79a78b8,Pouring Room,McG-R,mix_0ba76f420c1d,participant_mcg_mcg_d,McG,mixer_id=McG-R; legacy_mix_code=McG-R; mixer_institution_code=McG,false,,"No explicit participant-to-mixer identity mapping or creator/evaluator flag found in evaluations.csv, mixes.csv, retained feature table, or SCHEMA.md.",false,Institution equality alone was not used as self-rating evidence.
evaluation_b4ff4d4b0868,Pouring Room,McG-R,mix_0ba76f420c1d,participant_mcg_mcg_e,McG,mixer_id=McG-R; legacy_mix_code=McG-R; mixer_institution_code=McG,false,,"No explicit participant-to-mixer identity mapping or creator/evaluator flag found in evaluations.csv, mixes.csv, retained feature table, or SCHEMA.md.",false,Institution equality alone was not used as self-rating evidence.
evaluation_afd240fb47d5,Pouring Room,McG-R,mix_0ba76f420c1d,participant_mcg_mcg_subd,McG,mixer_id=McG-R; legacy_mix_code=McG-R; mixer_institution_code=McG,false,,"No explicit participant-to-mixer identity mapping or creator/evaluator flag found in evaluations.csv, mixes.csv, retained feature table, or SCHEMA.md.",false,Institution equality alone was not used as self-rating evidence.
evaluation_d25ef49a7a1a,Pouring Room,McG-R,mix_0ba76f420c1d,participant_mcg_mcg_v,McG,mixer_id=McG-R; legacy_mix_code=McG-R; mixer_institution_code=McG,false,,"No explicit participant-to-mixer identity mapping or creator/evaluator flag found in evaluations.csv, mixes.csv, retained feature table, or SCHEMA.md.",false,Institution equality alone was not used as self-rating evidence.
evaluation_dec663bc36d4,Pouring Room,McG-R,mix_0ba76f420c1d,participant_mcg_mcg_subg,McG,mixer_id=McG-R; legacy_mix_code=McG-R; mixer_institution_code=McG,false,,"No explicit participant-to-mixer identity mapping or creator/evaluator flag found in evaluations.csv, mixes.csv, retained feature table, or SCHEMA.md.",false,Institution equality alone was not used as self-rating evidence.
evaluation_d389f59a25bf,Pouring Room,McG-R,mix_0ba76f420c1d,participant_mcg_mcg_subb,McG,mixer_id=McG-R; legacy_mix_code=McG-R; mixer_institution_code=McG,false,,"No explicit participant-to-mixer identity mapping or creator/evaluator flag found in evaluations.csv, mixes.csv, retained feature table, or SCHEMA.md.",false,Institution equality alone was not used as self-rating evidence.
evaluation_9ff686fd1208,Pouring Room,McG-R,mix_0ba76f420c1d,participant_mcg_mcg_u,McG,mixer_id=McG-R; legacy_mix_code=McG-R; mixer_institution_code=McG,false,,"No explicit participant-to-mixer identity mapping or creator/evaluator flag found in evaluations.csv, mixes.csv, retained feature table, or SCHEMA.md.",false,Institution equality alone was not used as self-rating evidence.
evaluation_6d0fa483a380,Pouring Room,McG-R,mix_0ba76f420c1d,participant_mcg_mcg_g,McG,mixer_id=McG-R; legacy_mix_code=McG-R; mixer_institution_code=McG,false,,"No explicit participant-to-mixer identity mapping or creator/evaluator flag found in evaluations.csv, mixes.csv, retained feature table, or SCHEMA.md.",false,Institution equality alone was not used as self-rating evidence.
evaluation_d600a0de966a,Pouring Room,McG-R,mix_0ba76f420c1d,participant_mcg_mcg_a,McG,mixer_id=McG-R; legacy_mix_code=McG-R; mixer_institution_code=McG,false,,"No explicit participant-to-mixer identity mapping or creator/evaluator flag found in evaluations.csv, mixes.csv, retained feature table, or SCHEMA.md.",false,Institution equality alone was not used as self-rating evidence.
evaluation_5aecdb888a5c,Pouring Room,McG-R,mix_0ba76f420c1d,participant_mcg_mcg_x,McG,mixer_id=McG-R; legacy_mix_code=McG-R; mixer_institution_code=McG,false,,"No explicit participant-to-mixer identity mapping or creator/evaluator flag found in evaluations.csv, mixes.csv, retained feature table, or SCHEMA.md.",false,Institution equality alone was not used as self-rating evidence.
evaluation_63c0366ede7c,Pouring Room,McG-R,mix_0ba76f420c1d,participant_qm_qm_21,QM,mixer_id=McG-R; legacy_mix_code=McG-R; mixer_institution_code=McG,false,,"No explicit participant-to-mixer identity mapping or creator/evaluator flag found in evaluations.csv, mixes.csv, retained feature table, or SCHEMA.md.",false,Institution equality alone was not used as self-rating evidence.
evaluation_2d17bb34946e,Pouring Room,McG-R,mix_0ba76f420c1d,participant_qm_qm_21,QM,mixer_id=McG-R; legacy_mix_code=McG-R; mixer_institution_code=McG,false,,"No explicit participant-to-mixer identity mapping or creator/evaluator flag found in evaluations.csv, mixes.csv, retained feature table, or SCHEMA.md.",false,Institution equality alone was not used as self-rating evidence.
evaluation_35e0628a3ca0,Pouring Room,McG-R,mix_0ba76f420c1d,participant_qm_qm_12,QM,mixer_id=McG-R; legacy_mix_code=McG-R; mixer_institution_code=McG,false,,"No explicit participant-to-mixer identity mapping or creator/evaluator flag found in evaluations.csv, mixes.csv, retained feature table, or SCHEMA.md.",false,Institution equality alone was not used as self-rating evidence.
evaluation_0de16bf873b7,Pouring Room,McG-R,mix_0ba76f420c1d,participant_qm_qm_14,QM,mixer_id=McG-R; legacy_mix_code=McG-R; mixer_institution_code=McG,false,,"No explicit participant-to-mixer identity mapping or creator/evaluator flag found in evaluations.csv, mixes.csv, retained feature table, or SCHEMA.md.",false,Institution equality alone was not used as self-rating evidence.
evaluation_1ce536cb0dc9,Pouring Room,McG-R,mix_0ba76f420c1d,participant_qm_qm_1,QM,mixer_id=McG-R; legacy_mix_code=McG-R; mixer_institution_code=McG,false,,"No explicit participant-to-mixer identity mapping or creator/evaluator flag found in evaluations.csv, mixes.csv, retained feature table, or SCHEMA.md.",false,Institution equality alone was not used as self-rating evidence.
evaluation_3aa44c715b89,Pouring Room,McG-R,mix_0ba76f420c1d,participant_qm_qm_2,QM,mixer_id=McG-R; legacy_mix_code=McG-R; mixer_institution_code=McG,false,,"No explicit participant-to-mixer identity mapping or creator/evaluator flag found in evaluations.csv, mixes.csv, retained feature table, or SCHEMA.md.",false,Institution equality alone was not used as self-rating evidence.
evaluation_051dd1f9f900,Pouring Room,McG-R,mix_0ba76f420c1d,participant_qm_qm_13,QM,mixer_id=McG-R; legacy_mix_code=McG-R; mixer_institution_code=McG,false,,"No explicit participant-to-mixer identity mapping or creator/evaluator flag found in evaluations.csv, mixes.csv, retained feature table, or SCHEMA.md.",false,Institution equality alone was not used as self-rating evidence.
evaluation_2a83cf4d3de6,Pouring Room,McG-R,mix_0ba76f420c1d,participant_qm_qm_18,QM,mixer_id=McG-R; legacy_mix_code=McG-R; mixer_institution_code=McG,false,,"No explicit participant-to-mixer identity mapping or creator/evaluator flag found in evaluations.csv, mixes.csv, retained feature table, or SCHEMA.md.",false,Institution equality alone was not used as self-rating evidence.
evaluation_ccd93faf1e48,Pouring Room,McG-R,mix_0ba76f420c1d,participant_qm_qm_3,QM,mixer_id=McG-R; legacy_mix_code=McG-R; mixer_institution_code=McG,false,,"No explicit participant-to-mixer identity mapping or creator/evaluator flag found in evaluations.csv, mixes.csv, retained feature table, or SCHEMA.md.",false,Institution equality alone was not used as self-rating evidence.
evaluation_76145ab1101e,Pouring Room,McG-R,mix_0ba76f420c1d,participant_qm_qm_19,QM,mixer_id=McG-R; legacy_mix_code=McG-R; mixer_institution_code=McG,false,,"No explicit participant-to-mixer identity mapping or creator/evaluator flag found in evaluations.csv, mixes.csv, retained feature table, or SCHEMA.md.",false,Institution equality alone was not used as self-rating evidence.
evaluation_2b4a546bddd4,Pouring Room,McG-R,mix_0ba76f420c1d,participant_smc_smc_16,SMC,mixer_id=McG-R; legacy_mix_code=McG-R; mixer_institution_code=McG,false,,"No explicit participant-to-mixer identity mapping or creator/evaluator flag found in evaluations.csv, mixes.csv, retained feature table, or SCHEMA.md.",false,Institution equality alone was not used as self-rating evidence.
evaluation_5544f8940b8b,Pouring Room,McG-R,mix_0ba76f420c1d,participant_smc_smc_4,SMC,mixer_id=McG-R; legacy_mix_code=McG-R; mixer_institution_code=McG,false,,"No explicit participant-to-mixer identity mapping or creator/evaluator flag found in evaluations.csv, mixes.csv, retained feature table, or SCHEMA.md.",false,Institution equality alone was not used as self-rating evidence.
evaluation_3c220cec417d,Pouring Room,McG-R,mix_0ba76f420c1d,participant_smc_smc_12,SMC,mixer_id=McG-R; legacy_mix_code=McG-R; mixer_institution_code=McG,false,,"No explicit participant-to-mixer identity mapping or creator/evaluator flag found in evaluations.csv, mixes.csv, retained feature table, or SCHEMA.md.",false,Institution equality alone was not used as self-rating evidence.
evaluation_dee3d46de1b6,Pouring Room,McG-R,mix_0ba76f420c1d,participant_smc_smc_17,SMC,mixer_id=McG-R; legacy_mix_code=McG-R; mixer_institution_code=McG,false,,"No explicit participant-to-mixer identity mapping or creator/evaluator flag found in evaluations.csv, mixes.csv, retained feature table, or SCHEMA.md.",false,Institution equality alone was not used as self-rating evidence.
evaluation_5819b68f1add,Pouring Room,McG-R,mix_0ba76f420c1d,participant_smc_smc_10,SMC,mixer_id=McG-R; legacy_mix_code=McG-R; mixer_institution_code=McG,false,,"No explicit participant-to-mixer identity mapping or creator/evaluator flag found in evaluations.csv, mixes.csv, retained feature table, or SCHEMA.md.",false,Institution equality alone was not used as self-rating evidence.
evaluation_077d4592bc9a,Pouring Room,McG-R,mix_0ba76f420c1d,participant_smc_smc_19,SMC,mixer_id=McG-R; legacy_mix_code=McG-R; mixer_institution_code=McG,false,,"No explicit participant-to-mixer identity mapping or creator/evaluator flag found in evaluations.csv, mixes.csv, retained feature table, or SCHEMA.md.",false,Institution equality alone was not used as self-rating evidence.
evaluation_c6a2cc1a7b33,Pouring Room,McG-R,mix_0ba76f420c1d,participant_smc_smc_14,SMC,mixer_id=McG-R; legacy_mix_code=McG-R; mixer_institution_code=McG,false,,"No explicit participant-to-mixer identity mapping or creator/evaluator flag found in evaluations.csv, mixes.csv, retained feature table, or SCHEMA.md.",false,Institution equality alone was not used as self-rating evidence.
evaluation_397f736576b3,Pouring Room,McG-T,mix_be2ccd4c43ff,participant_mcg_mcg_f,McG,mixer_id=McG-T; legacy_mix_code=McG-T; mixer_institution_code=McG,false,,"No explicit participant-to-mixer identity mapping or creator/evaluator flag found in evaluations.csv, mixes.csv, retained feature table, or SCHEMA.md.",false,Institution equality alone was not used as self-rating evidence.
evaluation_a4d4c0a4b435,Pouring Room,McG-T,mix_be2ccd4c43ff,participant_mcg_mcg_pro1,McG,mixer_id=McG-T; legacy_mix_code=McG-T; mixer_institution_code=McG,false,,"No explicit participant-to-mixer identity mapping or creator/evaluator flag found in evaluations.csv, mixes.csv, retained feature table, or SCHEMA.md.",false,Institution equality alone was not used as self-rating evidence.
evaluation_1374bca72b06,Pouring Room,McG-T,mix_be2ccd4c43ff,participant_mcg_mcg_t,McG,mixer_id=McG-T; legacy_mix_code=McG-T; mixer_institution_code=McG,false,,"No explicit participant-to-mixer identity mapping or creator/evaluator flag found in evaluations.csv, mixes.csv, retained feature table, or SCHEMA.md.",false,Institution equality alone was not used as self-rating evidence.
evaluation_8ee26fc8b3b3,Pouring Room,McG-T,mix_be2ccd4c43ff,participant_mcg_mcg_pro2,McG,mixer_id=McG-T; legacy_mix_code=McG-T; mixer_institution_code=McG,false,,"No explicit participant-to-mixer identity mapping or creator/evaluator flag found in evaluations.csv, mixes.csv, retained feature table, or SCHEMA.md.",false,Institution equality alone was not used as self-rating evidence.
evaluation_26f1c30b8d6f,Pouring Room,McG-T,mix_be2ccd4c43ff,participant_mcg_mcg_r,McG,mixer_id=McG-T; legacy_mix_code=McG-T; mixer_institution_code=McG,false,,"No explicit participant-to-mixer identity mapping or creator/evaluator flag found in evaluations.csv, mixes.csv, retained feature table, or SCHEMA.md.",false,Institution equality alone was not used as self-rating evidence.
evaluation_004143c158d1,Pouring Room,McG-T,mix_be2ccd4c43ff,participant_mcg_mcg_c,McG,mixer_id=McG-T; legacy_mix_code=McG-T; mixer_institution_code=McG,false,,"No explicit participant-to-mixer identity mapping or creator/evaluator flag found in evaluations.csv, mixes.csv, retained feature table, or SCHEMA.md.",false,Institution equality alone was not used as self-rating evidence.
evaluation_b051199bdead,Pouring Room,McG-T,mix_be2ccd4c43ff,participant_mcg_mcg_q,McG,mixer_id=McG-T; legacy_mix_code=McG-T; mixer_institution_code=McG,false,,"No explicit participant-to-mixer identity mapping or creator/evaluator flag found in evaluations.csv, mixes.csv, retained feature table, or SCHEMA.md.",false,Institution equality alone was not used as self-rating evidence.
evaluation_f38ba6f83423,Pouring Room,McG-T,mix_be2ccd4c43ff,participant_mcg_mcg_b,McG,mixer_id=McG-T; legacy_mix_code=McG-T; mixer_institution_code=McG,false,,"No explicit participant-to-mixer identity mapping or creator/evaluator flag found in evaluations.csv, mixes.csv, retained feature table, or SCHEMA.md.",false,Institution equality alone was not used as self-rating evidence.
evaluation_edfb1667ffc3,Pouring Room,McG-T,mix_be2ccd4c43ff,participant_mcg_mcg_s,McG,mixer_id=McG-T; legacy_mix_code=McG-T; mixer_institution_code=McG,false,,"No explicit participant-to-mixer identity mapping or creator/evaluator flag found in evaluations.csv, mixes.csv, retained feature table, or SCHEMA.md.",false,Institution equality alone was not used as self-rating evidence.
evaluation_99618636e774,Pouring Room,McG-T,mix_be2ccd4c43ff,participant_mcg_mcg_h,McG,mixer_id=McG-T; legacy_mix_code=McG-T; mixer_institution_code=McG,false,,"No explicit participant-to-mixer identity mapping or creator/evaluator flag found in evaluations.csv, mixes.csv, retained feature table, or SCHEMA.md.",false,Institution equality alone was not used as self-rating evidence.
evaluation_714b6ced481b,Pouring Room,McG-T,mix_be2ccd4c43ff,participant_mcg_mcg_subc,McG,mixer_id=McG-T; legacy_mix_code=McG-T; mixer_institution_code=McG,false,,"No explicit participant-to-mixer identity mapping or creator/evaluator flag found in evaluations.csv, mixes.csv, retained feature table, or SCHEMA.md.",false,Institution equality alone was not used as self-rating evidence.
evaluation_9e306ef8ce2f,Pouring Room,McG-T,mix_be2ccd4c43ff,participant_mcg_mcg_w,McG,mixer_id=McG-T; legacy_mix_code=McG-T; mixer_institution_code=McG,false,,"No explicit participant-to-mixer identity mapping or creator/evaluator flag found in evaluations.csv, mixes.csv, retained feature table, or SCHEMA.md.",false,Institution equality alone was not used as self-rating evidence.
evaluation_8ced6201998a,Pouring Room,McG-T,mix_be2ccd4c43ff,participant_mcg_mcg_sube,McG,mixer_id=McG-T; legacy_mix_code=McG-T; mixer_institution_code=McG,false,,"No explicit participant-to-mixer identity mapping or creator/evaluator flag found in evaluations.csv, mixes.csv, retained feature table, or SCHEMA.md.",false,Institution equality alone was not used as self-rating evidence.
evaluation_57f9d243ded8,Pouring Room,McG-T,mix_be2ccd4c43ff,participant_mcg_mcg_d,McG,mixer_id=McG-T; legacy_mix_code=McG-T; mixer_institution_code=McG,false,,"No explicit participant-to-mixer identity mapping or creator/evaluator flag found in evaluations.csv, mixes.csv, retained feature table, or SCHEMA.md.",false,Institution equality alone was not used as self-rating evidence.
evaluation_6e7becb98260,Pouring Room,McG-T,mix_be2ccd4c43ff,participant_mcg_mcg_e,McG,mixer_id=McG-T; legacy_mix_code=McG-T; mixer_institution_code=McG,false,,"No explicit participant-to-mixer identity mapping or creator/evaluator flag found in evaluations.csv, mixes.csv, retained feature table, or SCHEMA.md.",false,Institution equality alone was not used as self-rating evidence.
evaluation_5bc6f35b7eda,Pouring Room,McG-T,mix_be2ccd4c43ff,participant_mcg_mcg_subd,McG,mixer_id=McG-T; legacy_mix_code=McG-T; mixer_institution_code=McG,false,,"No explicit participant-to-mixer identity mapping or creator/evaluator flag found in evaluations.csv, mixes.csv, retained feature table, or SCHEMA.md.",false,Institution equality alone was not used as self-rating evidence.
evaluation_8c45d6f3d528,Pouring Room,McG-T,mix_be2ccd4c43ff,participant_mcg_mcg_v,McG,mixer_id=McG-T; legacy_mix_code=McG-T; mixer_institution_code=McG,false,,"No explicit participant-to-mixer identity mapping or creator/evaluator flag found in evaluations.csv, mixes.csv, retained feature table, or SCHEMA.md.",false,Institution equality alone was not used as self-rating evidence.
evaluation_f4378e8e8561,Pouring Room,McG-T,mix_be2ccd4c43ff,participant_mcg_mcg_subg,McG,mixer_id=McG-T; legacy_mix_code=McG-T; mixer_institution_code=McG,false,,"No explicit participant-to-mixer identity mapping or creator/evaluator flag found in evaluations.csv, mixes.csv, retained feature table, or SCHEMA.md.",false,Institution equality alone was not used as self-rating evidence.
evaluation_4e7a0c3e9abd,Pouring Room,McG-T,mix_be2ccd4c43ff,participant_mcg_mcg_subb,McG,mixer_id=McG-T; legacy_mix_code=McG-T; mixer_institution_code=McG,false,,"No explicit participant-to-mixer identity mapping or creator/evaluator flag found in evaluations.csv, mixes.csv, retained feature table, or SCHEMA.md.",false,Institution equality alone was not used as self-rating evidence.
evaluation_77f45dace449,Pouring Room,McG-T,mix_be2ccd4c43ff,participant_mcg_mcg_u,McG,mixer_id=McG-T; legacy_mix_code=McG-T; mixer_institution_code=McG,false,,"No explicit participant-to-mixer identity mapping or creator/evaluator flag found in evaluations.csv, mixes.csv, retained feature table, or SCHEMA.md.",false,Institution equality alone was not used as self-rating evidence.
evaluation_37bf394a8d44,Pouring Room,McG-T,mix_be2ccd4c43ff,participant_mcg_mcg_g,McG,mixer_id=McG-T; legacy_mix_code=McG-T; mixer_institution_code=McG,false,,"No explicit participant-to-mixer identity mapping or creator/evaluator flag found in evaluations.csv, mixes.csv, retained feature table, or SCHEMA.md.",false,Institution equality alone was not used as self-rating evidence.
evaluation_22a824c9ef37,Pouring Room,McG-T,mix_be2ccd4c43ff,participant_mcg_mcg_a,McG,mixer_id=McG-T; legacy_mix_code=McG-T; mixer_institution_code=McG,false,,"No explicit participant-to-mixer identity mapping or creator/evaluator flag found in evaluations.csv, mixes.csv, retained feature table, or SCHEMA.md.",false,Institution equality alone was not used as self-rating evidence.
evaluation_bd157c285677,Pouring Room,McG-T,mix_be2ccd4c43ff,participant_mcg_mcg_x,McG,mixer_id=McG-T; legacy_mix_code=McG-T; mixer_institution_code=McG,false,,"No explicit participant-to-mixer identity mapping or creator/evaluator flag found in evaluations.csv, mixes.csv, retained feature table, or SCHEMA.md.",false,Institution equality alone was not used as self-rating evidence.
evaluation_e930e2c35e88,Pouring Room,McG-T,mix_be2ccd4c43ff,participant_qm_qm_21,QM,mixer_id=McG-T; legacy_mix_code=McG-T; mixer_institution_code=McG,false,,"No explicit participant-to-mixer identity mapping or creator/evaluator flag found in evaluations.csv, mixes.csv, retained feature table, or SCHEMA.md.",false,Institution equality alone was not used as self-rating evidence.
evaluation_4e22c5a2502f,Pouring Room,McG-T,mix_be2ccd4c43ff,participant_qm_qm_21,QM,mixer_id=McG-T; legacy_mix_code=McG-T; mixer_institution_code=McG,false,,"No explicit participant-to-mixer identity mapping or creator/evaluator flag found in evaluations.csv, mixes.csv, retained feature table, or SCHEMA.md.",false,Institution equality alone was not used as self-rating evidence.
evaluation_8a81ee58fc63,Pouring Room,McG-T,mix_be2ccd4c43ff,participant_qm_qm_12,QM,mixer_id=McG-T; legacy_mix_code=McG-T; mixer_institution_code=McG,false,,"No explicit participant-to-mixer identity mapping or creator/evaluator flag found in evaluations.csv, mixes.csv, retained feature table, or SCHEMA.md.",false,Institution equality alone was not used as self-rating evidence.
evaluation_f9479bff0f16,Pouring Room,McG-T,mix_be2ccd4c43ff,participant_qm_qm_14,QM,mixer_id=McG-T; legacy_mix_code=McG-T; mixer_institution_code=McG,false,,"No explicit participant-to-mixer identity mapping or creator/evaluator flag found in evaluations.csv, mixes.csv, retained feature table, or SCHEMA.md.",false,Institution equality alone was not used as self-rating evidence.
evaluation_826a2604bc97,Pouring Room,McG-T,mix_be2ccd4c43ff,participant_qm_qm_1,QM,mixer_id=McG-T; legacy_mix_code=McG-T; mixer_institution_code=McG,false,,"No explicit participant-to-mixer identity mapping or creator/evaluator flag found in evaluations.csv, mixes.csv, retained feature table, or SCHEMA.md.",false,Institution equality alone was not used as self-rating evidence.
evaluation_d3f35c7e3e41,Pouring Room,McG-T,mix_be2ccd4c43ff,participant_qm_qm_2,QM,mixer_id=McG-T; legacy_mix_code=McG-T; mixer_institution_code=McG,false,,"No explicit participant-to-mixer identity mapping or creator/evaluator flag found in evaluations.csv, mixes.csv, retained feature table, or SCHEMA.md.",false,Institution equality alone was not used as self-rating evidence.
evaluation_de04e4f588e3,Pouring Room,McG-T,mix_be2ccd4c43ff,participant_qm_qm_13,QM,mixer_id=McG-T; legacy_mix_code=McG-T; mixer_institution_code=McG,false,,"No explicit participant-to-mixer identity mapping or creator/evaluator flag found in evaluations.csv, mixes.csv, retained feature table, or SCHEMA.md.",false,Institution equality alone was not used as self-rating evidence.
evaluation_8a4101e3bb12,Pouring Room,McG-T,mix_be2ccd4c43ff,participant_qm_qm_18,QM,mixer_id=McG-T; legacy_mix_code=McG-T; mixer_institution_code=McG,false,,"No explicit participant-to-mixer identity mapping or creator/evaluator flag found in evaluations.csv, mixes.csv, retained feature table, or SCHEMA.md.",false,Institution equality alone was not used as self-rating evidence.
evaluation_c8b2e3ceccfe,Pouring Room,McG-T,mix_be2ccd4c43ff,participant_qm_qm_3,QM,mixer_id=McG-T; legacy_mix_code=McG-T; mixer_institution_code=McG,false,,"No explicit participant-to-mixer identity mapping or creator/evaluator flag found in evaluations.csv, mixes.csv, retained feature table, or SCHEMA.md.",false,Institution equality alone was not used as self-rating evidence.
evaluation_ba72e18526f1,Pouring Room,McG-T,mix_be2ccd4c43ff,participant_qm_qm_19,QM,mixer_id=McG-T; legacy_mix_code=McG-T; mixer_institution_code=McG,false,,"No explicit participant-to-mixer identity mapping or creator/evaluator flag found in evaluations.csv, mixes.csv, retained feature table, or SCHEMA.md.",false,Institution equality alone was not used as self-rating evidence.
evaluation_9d9ac42189d1,Pouring Room,McG-T,mix_be2ccd4c43ff,participant_smc_smc_16,SMC,mixer_id=McG-T; legacy_mix_code=McG-T; mixer_institution_code=McG,false,,"No explicit participant-to-mixer identity mapping or creator/evaluator flag found in evaluations.csv, mixes.csv, retained feature table, or SCHEMA.md.",false,Institution equality alone was not used as self-rating evidence.
evaluation_ae0959b2fb48,Pouring Room,McG-T,mix_be2ccd4c43ff,participant_smc_smc_4,SMC,mixer_id=McG-T; legacy_mix_code=McG-T; mixer_institution_code=McG,false,,"No explicit participant-to-mixer identity mapping or creator/evaluator flag found in evaluations.csv, mixes.csv, retained feature table, or SCHEMA.md.",false,Institution equality alone was not used as self-rating evidence.
evaluation_8d726e429e73,Pouring Room,McG-T,mix_be2ccd4c43ff,participant_smc_smc_12,SMC,mixer_id=McG-T; legacy_mix_code=McG-T; mixer_institution_code=McG,false,,"No explicit participant-to-mixer identity mapping or creator/evaluator flag found in evaluations.csv, mixes.csv, retained feature table, or SCHEMA.md.",false,Institution equality alone was not used as self-rating evidence.
evaluation_f23cce732c79,Pouring Room,McG-T,mix_be2ccd4c43ff,participant_smc_smc_17,SMC,mixer_id=McG-T; legacy_mix_code=McG-T; mixer_institution_code=McG,false,,"No explicit participant-to-mixer identity mapping or creator/evaluator flag found in evaluations.csv, mixes.csv, retained feature table, or SCHEMA.md.",false,Institution equality alone was not used as self-rating evidence.
evaluation_7aa7a7a82869,Pouring Room,McG-T,mix_be2ccd4c43ff,participant_smc_smc_10,SMC,mixer_id=McG-T; legacy_mix_code=McG-T; mixer_institution_code=McG,false,,"No explicit participant-to-mixer identity mapping or creator/evaluator flag found in evaluations.csv, mixes.csv, retained feature table, or SCHEMA.md.",false,Institution equality alone was not used as self-rating evidence.
evaluation_1219234b466c,Pouring Room,McG-T,mix_be2ccd4c43ff,participant_smc_smc_19,SMC,mixer_id=McG-T; legacy_mix_code=McG-T; mixer_institution_code=McG,false,,"No explicit participant-to-mixer identity mapping or creator/evaluator flag found in evaluations.csv, mixes.csv, retained feature table, or SCHEMA.md.",false,Institution equality alone was not used as self-rating evidence.
evaluation_e7fd4c780fc0,Pouring Room,McG-T,mix_be2ccd4c43ff,participant_smc_smc_14,SMC,mixer_id=McG-T; legacy_mix_code=McG-T; mixer_institution_code=McG,false,,"No explicit participant-to-mixer identity mapping or creator/evaluator flag found in evaluations.csv, mixes.csv, retained feature table, or SCHEMA.md.",false,Institution equality alone was not used as self-rating evidence.
evaluation_4a533cb560b6,Pouring Room,McG-U,mix_37681ed84b6b,participant_mcg_mcg_f,McG,mixer_id=McG-U; legacy_mix_code=McG-U; mixer_institution_code=McG,false,,"No explicit participant-to-mixer identity mapping or creator/evaluator flag found in evaluations.csv, mixes.csv, retained feature table, or SCHEMA.md.",false,Institution equality alone was not used as self-rating evidence.
evaluation_489de38d67ae,Pouring Room,McG-U,mix_37681ed84b6b,participant_mcg_mcg_pro1,McG,mixer_id=McG-U; legacy_mix_code=McG-U; mixer_institution_code=McG,false,,"No explicit participant-to-mixer identity mapping or creator/evaluator flag found in evaluations.csv, mixes.csv, retained feature table, or SCHEMA.md.",false,Institution equality alone was not used as self-rating evidence.
evaluation_03a95582ddf9,Pouring Room,McG-U,mix_37681ed84b6b,participant_mcg_mcg_t,McG,mixer_id=McG-U; legacy_mix_code=McG-U; mixer_institution_code=McG,false,,"No explicit participant-to-mixer identity mapping or creator/evaluator flag found in evaluations.csv, mixes.csv, retained feature table, or SCHEMA.md.",false,Institution equality alone was not used as self-rating evidence.
evaluation_0d93e3abec79,Pouring Room,McG-U,mix_37681ed84b6b,participant_mcg_mcg_pro2,McG,mixer_id=McG-U; legacy_mix_code=McG-U; mixer_institution_code=McG,false,,"No explicit participant-to-mixer identity mapping or creator/evaluator flag found in evaluations.csv, mixes.csv, retained feature table, or SCHEMA.md.",false,Institution equality alone was not used as self-rating evidence.
evaluation_dc9703b75644,Pouring Room,McG-U,mix_37681ed84b6b,participant_mcg_mcg_r,McG,mixer_id=McG-U; legacy_mix_code=McG-U; mixer_institution_code=McG,false,,"No explicit participant-to-mixer identity mapping or creator/evaluator flag found in evaluations.csv, mixes.csv, retained feature table, or SCHEMA.md.",false,Institution equality alone was not used as self-rating evidence.
evaluation_2a43579c7e05,Pouring Room,McG-U,mix_37681ed84b6b,participant_mcg_mcg_c,McG,mixer_id=McG-U; legacy_mix_code=McG-U; mixer_institution_code=McG,false,,"No explicit participant-to-mixer identity mapping or creator/evaluator flag found in evaluations.csv, mixes.csv, retained feature table, or SCHEMA.md.",false,Institution equality alone was not used as self-rating evidence.
evaluation_1d40851d9aef,Pouring Room,McG-U,mix_37681ed84b6b,participant_mcg_mcg_q,McG,mixer_id=McG-U; legacy_mix_code=McG-U; mixer_institution_code=McG,false,,"No explicit participant-to-mixer identity mapping or creator/evaluator flag found in evaluations.csv, mixes.csv, retained feature table, or SCHEMA.md.",false,Institution equality alone was not used as self-rating evidence.
evaluation_8fca3d5de3b1,Pouring Room,McG-U,mix_37681ed84b6b,participant_mcg_mcg_b,McG,mixer_id=McG-U; legacy_mix_code=McG-U; mixer_institution_code=McG,false,,"No explicit participant-to-mixer identity mapping or creator/evaluator flag found in evaluations.csv, mixes.csv, retained feature table, or SCHEMA.md.",false,Institution equality alone was not used as self-rating evidence.
evaluation_8786681bdaf0,Pouring Room,McG-U,mix_37681ed84b6b,participant_mcg_mcg_s,McG,mixer_id=McG-U; legacy_mix_code=McG-U; mixer_institution_code=McG,false,,"No explicit participant-to-mixer identity mapping or creator/evaluator flag found in evaluations.csv, mixes.csv, retained feature table, or SCHEMA.md.",false,Institution equality alone was not used as self-rating evidence.
evaluation_28b26db721b9,Pouring Room,McG-U,mix_37681ed84b6b,participant_mcg_mcg_h,McG,mixer_id=McG-U; legacy_mix_code=McG-U; mixer_institution_code=McG,false,,"No explicit participant-to-mixer identity mapping or creator/evaluator flag found in evaluations.csv, mixes.csv, retained feature table, or SCHEMA.md.",false,Institution equality alone was not used as self-rating evidence.
evaluation_8a46f68ee505,Pouring Room,McG-U,mix_37681ed84b6b,participant_mcg_mcg_subc,McG,mixer_id=McG-U; legacy_mix_code=McG-U; mixer_institution_code=McG,false,,"No explicit participant-to-mixer identity mapping or creator/evaluator flag found in evaluations.csv, mixes.csv, retained feature table, or SCHEMA.md.",false,Institution equality alone was not used as self-rating evidence.
evaluation_0cce0d5aefd6,Pouring Room,McG-U,mix_37681ed84b6b,participant_mcg_mcg_w,McG,mixer_id=McG-U; legacy_mix_code=McG-U; mixer_institution_code=McG,false,,"No explicit participant-to-mixer identity mapping or creator/evaluator flag found in evaluations.csv, mixes.csv, retained feature table, or SCHEMA.md.",false,Institution equality alone was not used as self-rating evidence.
evaluation_099256706441,Pouring Room,McG-U,mix_37681ed84b6b,participant_mcg_mcg_sube,McG,mixer_id=McG-U; legacy_mix_code=McG-U; mixer_institution_code=McG,false,,"No explicit participant-to-mixer identity mapping or creator/evaluator flag found in evaluations.csv, mixes.csv, retained feature table, or SCHEMA.md.",false,Institution equality alone was not used as self-rating evidence.
evaluation_a259105aa0d2,Pouring Room,McG-U,mix_37681ed84b6b,participant_mcg_mcg_d,McG,mixer_id=McG-U; legacy_mix_code=McG-U; mixer_institution_code=McG,false,,"No explicit participant-to-mixer identity mapping or creator/evaluator flag found in evaluations.csv, mixes.csv, retained feature table, or SCHEMA.md.",false,Institution equality alone was not used as self-rating evidence.
evaluation_a51c83b3adaa,Pouring Room,McG-U,mix_37681ed84b6b,participant_mcg_mcg_e,McG,mixer_id=McG-U; legacy_mix_code=McG-U; mixer_institution_code=McG,false,,"No explicit participant-to-mixer identity mapping or creator/evaluator flag found in evaluations.csv, mixes.csv, retained feature table, or SCHEMA.md.",false,Institution equality alone was not used as self-rating evidence.
evaluation_5ee58c9db926,Pouring Room,McG-U,mix_37681ed84b6b,participant_mcg_mcg_subd,McG,mixer_id=McG-U; legacy_mix_code=McG-U; mixer_institution_code=McG,false,,"No explicit participant-to-mixer identity mapping or creator/evaluator flag found in evaluations.csv, mixes.csv, retained feature table, or SCHEMA.md.",false,Institution equality alone was not used as self-rating evidence.
evaluation_0055a2ec1ab4,Pouring Room,McG-U,mix_37681ed84b6b,participant_mcg_mcg_v,McG,mixer_id=McG-U; legacy_mix_code=McG-U; mixer_institution_code=McG,false,,"No explicit participant-to-mixer identity mapping or creator/evaluator flag found in evaluations.csv, mixes.csv, retained feature table, or SCHEMA.md.",false,Institution equality alone was not used as self-rating evidence.
evaluation_5cd4c7860f17,Pouring Room,McG-U,mix_37681ed84b6b,participant_mcg_mcg_subg,McG,mixer_id=McG-U; legacy_mix_code=McG-U; mixer_institution_code=McG,false,,"No explicit participant-to-mixer identity mapping or creator/evaluator flag found in evaluations.csv, mixes.csv, retained feature table, or SCHEMA.md.",false,Institution equality alone was not used as self-rating evidence.
evaluation_68d00ed5e837,Pouring Room,McG-U,mix_37681ed84b6b,participant_mcg_mcg_subb,McG,mixer_id=McG-U; legacy_mix_code=McG-U; mixer_institution_code=McG,false,,"No explicit participant-to-mixer identity mapping or creator/evaluator flag found in evaluations.csv, mixes.csv, retained feature table, or SCHEMA.md.",false,Institution equality alone was not used as self-rating evidence.
evaluation_c24e5934799d,Pouring Room,McG-U,mix_37681ed84b6b,participant_mcg_mcg_u,McG,mixer_id=McG-U; legacy_mix_code=McG-U; mixer_institution_code=McG,false,,"No explicit participant-to-mixer identity mapping or creator/evaluator flag found in evaluations.csv, mixes.csv, retained feature table, or SCHEMA.md.",false,Institution equality alone was not used as self-rating evidence.
evaluation_de06bb9acf15,Pouring Room,McG-U,mix_37681ed84b6b,participant_mcg_mcg_g,McG,mixer_id=McG-U; legacy_mix_code=McG-U; mixer_institution_code=McG,false,,"No explicit participant-to-mixer identity mapping or creator/evaluator flag found in evaluations.csv, mixes.csv, retained feature table, or SCHEMA.md.",false,Institution equality alone was not used as self-rating evidence.
evaluation_e48439819973,Pouring Room,McG-U,mix_37681ed84b6b,participant_mcg_mcg_a,McG,mixer_id=McG-U; legacy_mix_code=McG-U; mixer_institution_code=McG,false,,"No explicit participant-to-mixer identity mapping or creator/evaluator flag found in evaluations.csv, mixes.csv, retained feature table, or SCHEMA.md.",false,Institution equality alone was not used as self-rating evidence.
evaluation_70fb2c2ef585,Pouring Room,McG-U,mix_37681ed84b6b,participant_mcg_mcg_x,McG,mixer_id=McG-U; legacy_mix_code=McG-U; mixer_institution_code=McG,false,,"No explicit participant-to-mixer identity mapping or creator/evaluator flag found in evaluations.csv, mixes.csv, retained feature table, or SCHEMA.md.",false,Institution equality alone was not used as self-rating evidence.
evaluation_11b71f752f8a,Pouring Room,McG-U,mix_37681ed84b6b,participant_qm_qm_21,QM,mixer_id=McG-U; legacy_mix_code=McG-U; mixer_institution_code=McG,false,,"No explicit participant-to-mixer identity mapping or creator/evaluator flag found in evaluations.csv, mixes.csv, retained feature table, or SCHEMA.md.",false,Institution equality alone was not used as self-rating evidence.
evaluation_c9955183e881,Pouring Room,McG-U,mix_37681ed84b6b,participant_qm_qm_21,QM,mixer_id=McG-U; legacy_mix_code=McG-U; mixer_institution_code=McG,false,,"No explicit participant-to-mixer identity mapping or creator/evaluator flag found in evaluations.csv, mixes.csv, retained feature table, or SCHEMA.md.",false,Institution equality alone was not used as self-rating evidence.
evaluation_ea5ea6b784e0,Pouring Room,McG-U,mix_37681ed84b6b,participant_qm_qm_12,QM,mixer_id=McG-U; legacy_mix_code=McG-U; mixer_institution_code=McG,false,,"No explicit participant-to-mixer identity mapping or creator/evaluator flag found in evaluations.csv, mixes.csv, retained feature table, or SCHEMA.md.",false,Institution equality alone was not used as self-rating evidence.
evaluation_ecaa9047aa34,Pouring Room,McG-U,mix_37681ed84b6b,participant_qm_qm_14,QM,mixer_id=McG-U; legacy_mix_code=McG-U; mixer_institution_code=McG,false,,"No explicit participant-to-mixer identity mapping or creator/evaluator flag found in evaluations.csv, mixes.csv, retained feature table, or SCHEMA.md.",false,Institution equality alone was not used as self-rating evidence.
evaluation_e4522a9c5c4d,Pouring Room,McG-U,mix_37681ed84b6b,participant_qm_qm_1,QM,mixer_id=McG-U; legacy_mix_code=McG-U; mixer_institution_code=McG,false,,"No explicit participant-to-mixer identity mapping or creator/evaluator flag found in evaluations.csv, mixes.csv, retained feature table, or SCHEMA.md.",false,Institution equality alone was not used as self-rating evidence.
evaluation_6613d7abe083,Pouring Room,McG-U,mix_37681ed84b6b,participant_qm_qm_2,QM,mixer_id=McG-U; legacy_mix_code=McG-U; mixer_institution_code=McG,false,,"No explicit participant-to-mixer identity mapping or creator/evaluator flag found in evaluations.csv, mixes.csv, retained feature table, or SCHEMA.md.",false,Institution equality alone was not used as self-rating evidence.
evaluation_bd91eb66673c,Pouring Room,McG-U,mix_37681ed84b6b,participant_qm_qm_13,QM,mixer_id=McG-U; legacy_mix_code=McG-U; mixer_institution_code=McG,false,,"No explicit participant-to-mixer identity mapping or creator/evaluator flag found in evaluations.csv, mixes.csv, retained feature table, or SCHEMA.md.",false,Institution equality alone was not used as self-rating evidence.
evaluation_f2b7713e3ba2,Pouring Room,McG-U,mix_37681ed84b6b,participant_qm_qm_18,QM,mixer_id=McG-U; legacy_mix_code=McG-U; mixer_institution_code=McG,false,,"No explicit participant-to-mixer identity mapping or creator/evaluator flag found in evaluations.csv, mixes.csv, retained feature table, or SCHEMA.md.",false,Institution equality alone was not used as self-rating evidence.
evaluation_17fece5a57cd,Pouring Room,McG-U,mix_37681ed84b6b,participant_qm_qm_3,QM,mixer_id=McG-U; legacy_mix_code=McG-U; mixer_institution_code=McG,false,,"No explicit participant-to-mixer identity mapping or creator/evaluator flag found in evaluations.csv, mixes.csv, retained feature table, or SCHEMA.md.",false,Institution equality alone was not used as self-rating evidence.
evaluation_f15b69357c47,Pouring Room,McG-U,mix_37681ed84b6b,participant_qm_qm_19,QM,mixer_id=McG-U; legacy_mix_code=McG-U; mixer_institution_code=McG,false,,"No explicit participant-to-mixer identity mapping or creator/evaluator flag found in evaluations.csv, mixes.csv, retained feature table, or SCHEMA.md.",false,Institution equality alone was not used as self-rating evidence.
evaluation_54bd381eb4c4,Pouring Room,McG-U,mix_37681ed84b6b,participant_smc_smc_16,SMC,mixer_id=McG-U; legacy_mix_code=McG-U; mixer_institution_code=McG,false,,"No explicit participant-to-mixer identity mapping or creator/evaluator flag found in evaluations.csv, mixes.csv, retained feature table, or SCHEMA.md.",false,Institution equality alone was not used as self-rating evidence.
evaluation_79583e87f400,Pouring Room,McG-U,mix_37681ed84b6b,participant_smc_smc_4,SMC,mixer_id=McG-U; legacy_mix_code=McG-U; mixer_institution_code=McG,false,,"No explicit participant-to-mixer identity mapping or creator/evaluator flag found in evaluations.csv, mixes.csv, retained feature table, or SCHEMA.md.",false,Institution equality alone was not used as self-rating evidence.
evaluation_91ac7bd341ba,Pouring Room,McG-U,mix_37681ed84b6b,participant_smc_smc_12,SMC,mixer_id=McG-U; legacy_mix_code=McG-U; mixer_institution_code=McG,false,,"No explicit participant-to-mixer identity mapping or creator/evaluator flag found in evaluations.csv, mixes.csv, retained feature table, or SCHEMA.md.",false,Institution equality alone was not used as self-rating evidence.
evaluation_bcdbd7e97ff7,Pouring Room,McG-U,mix_37681ed84b6b,participant_smc_smc_17,SMC,mixer_id=McG-U; legacy_mix_code=McG-U; mixer_institution_code=McG,false,,"No explicit participant-to-mixer identity mapping or creator/evaluator flag found in evaluations.csv, mixes.csv, retained feature table, or SCHEMA.md.",false,Institution equality alone was not used as self-rating evidence.
evaluation_d10e343e2390,Pouring Room,McG-U,mix_37681ed84b6b,participant_smc_smc_10,SMC,mixer_id=McG-U; legacy_mix_code=McG-U; mixer_institution_code=McG,false,,"No explicit participant-to-mixer identity mapping or creator/evaluator flag found in evaluations.csv, mixes.csv, retained feature table, or SCHEMA.md.",false,Institution equality alone was not used as self-rating evidence.
evaluation_cb5a153e6161,Pouring Room,McG-U,mix_37681ed84b6b,participant_smc_smc_19,SMC,mixer_id=McG-U; legacy_mix_code=McG-U; mixer_institution_code=McG,false,,"No explicit participant-to-mixer identity mapping or creator/evaluator flag found in evaluations.csv, mixes.csv, retained feature table, or SCHEMA.md.",false,Institution equality alone was not used as self-rating evidence.
evaluation_dd5f80a1f091,Pouring Room,McG-U,mix_37681ed84b6b,participant_smc_smc_14,SMC,mixer_id=McG-U; legacy_mix_code=McG-U; mixer_institution_code=McG,false,,"No explicit participant-to-mixer identity mapping or creator/evaluator flag found in evaluations.csv, mixes.csv, retained feature table, or SCHEMA.md.",false,Institution equality alone was not used as self-rating evidence.
evaluation_97fe81f43c55,Pouring Room,McG-V,mix_e08faaf8bbb3,participant_mcg_mcg_f,McG,mixer_id=McG-V; legacy_mix_code=McG-V; mixer_institution_code=McG,false,,"No explicit participant-to-mixer identity mapping or creator/evaluator flag found in evaluations.csv, mixes.csv, retained feature table, or SCHEMA.md.",false,Institution equality alone was not used as self-rating evidence.
evaluation_68bdfc7e5a16,Pouring Room,McG-V,mix_e08faaf8bbb3,participant_mcg_mcg_pro1,McG,mixer_id=McG-V; legacy_mix_code=McG-V; mixer_institution_code=McG,false,,"No explicit participant-to-mixer identity mapping or creator/evaluator flag found in evaluations.csv, mixes.csv, retained feature table, or SCHEMA.md.",false,Institution equality alone was not used as self-rating evidence.
evaluation_1d0887117bb7,Pouring Room,McG-V,mix_e08faaf8bbb3,participant_mcg_mcg_t,McG,mixer_id=McG-V; legacy_mix_code=McG-V; mixer_institution_code=McG,false,,"No explicit participant-to-mixer identity mapping or creator/evaluator flag found in evaluations.csv, mixes.csv, retained feature table, or SCHEMA.md.",false,Institution equality alone was not used as self-rating evidence.
evaluation_8a653fb3b4ef,Pouring Room,McG-V,mix_e08faaf8bbb3,participant_mcg_mcg_pro2,McG,mixer_id=McG-V; legacy_mix_code=McG-V; mixer_institution_code=McG,false,,"No explicit participant-to-mixer identity mapping or creator/evaluator flag found in evaluations.csv, mixes.csv, retained feature table, or SCHEMA.md.",false,Institution equality alone was not used as self-rating evidence.
evaluation_59c92d39ee8f,Pouring Room,McG-V,mix_e08faaf8bbb3,participant_mcg_mcg_r,McG,mixer_id=McG-V; legacy_mix_code=McG-V; mixer_institution_code=McG,false,,"No explicit participant-to-mixer identity mapping or creator/evaluator flag found in evaluations.csv, mixes.csv, retained feature table, or SCHEMA.md.",false,Institution equality alone was not used as self-rating evidence.
evaluation_9740499f4bc5,Pouring Room,McG-V,mix_e08faaf8bbb3,participant_mcg_mcg_c,McG,mixer_id=McG-V; legacy_mix_code=McG-V; mixer_institution_code=McG,false,,"No explicit participant-to-mixer identity mapping or creator/evaluator flag found in evaluations.csv, mixes.csv, retained feature table, or SCHEMA.md.",false,Institution equality alone was not used as self-rating evidence.
evaluation_5dbc1ad2ac06,Pouring Room,McG-V,mix_e08faaf8bbb3,participant_mcg_mcg_q,McG,mixer_id=McG-V; legacy_mix_code=McG-V; mixer_institution_code=McG,false,,"No explicit participant-to-mixer identity mapping or creator/evaluator flag found in evaluations.csv, mixes.csv, retained feature table, or SCHEMA.md.",false,Institution equality alone was not used as self-rating evidence.
evaluation_ed13023e48e9,Pouring Room,McG-V,mix_e08faaf8bbb3,participant_mcg_mcg_b,McG,mixer_id=McG-V; legacy_mix_code=McG-V; mixer_institution_code=McG,false,,"No explicit participant-to-mixer identity mapping or creator/evaluator flag found in evaluations.csv, mixes.csv, retained feature table, or SCHEMA.md.",false,Institution equality alone was not used as self-rating evidence.
evaluation_e271d4082694,Pouring Room,McG-V,mix_e08faaf8bbb3,participant_mcg_mcg_s,McG,mixer_id=McG-V; legacy_mix_code=McG-V; mixer_institution_code=McG,false,,"No explicit participant-to-mixer identity mapping or creator/evaluator flag found in evaluations.csv, mixes.csv, retained feature table, or SCHEMA.md.",false,Institution equality alone was not used as self-rating evidence.
evaluation_6543b1d23179,Pouring Room,McG-V,mix_e08faaf8bbb3,participant_mcg_mcg_h,McG,mixer_id=McG-V; legacy_mix_code=McG-V; mixer_institution_code=McG,false,,"No explicit participant-to-mixer identity mapping or creator/evaluator flag found in evaluations.csv, mixes.csv, retained feature table, or SCHEMA.md.",false,Institution equality alone was not used as self-rating evidence.
evaluation_dca9629b7596,Pouring Room,McG-V,mix_e08faaf8bbb3,participant_mcg_mcg_subc,McG,mixer_id=McG-V; legacy_mix_code=McG-V; mixer_institution_code=McG,false,,"No explicit participant-to-mixer identity mapping or creator/evaluator flag found in evaluations.csv, mixes.csv, retained feature table, or SCHEMA.md.",false,Institution equality alone was not used as self-rating evidence.
evaluation_9c0664dad74f,Pouring Room,McG-V,mix_e08faaf8bbb3,participant_mcg_mcg_w,McG,mixer_id=McG-V; legacy_mix_code=McG-V; mixer_institution_code=McG,false,,"No explicit participant-to-mixer identity mapping or creator/evaluator flag found in evaluations.csv, mixes.csv, retained feature table, or SCHEMA.md.",false,Institution equality alone was not used as self-rating evidence.
evaluation_d99f0415b9ce,Pouring Room,McG-V,mix_e08faaf8bbb3,participant_mcg_mcg_sube,McG,mixer_id=McG-V; legacy_mix_code=McG-V; mixer_institution_code=McG,false,,"No explicit participant-to-mixer identity mapping or creator/evaluator flag found in evaluations.csv, mixes.csv, retained feature table, or SCHEMA.md.",false,Institution equality alone was not used as self-rating evidence.
evaluation_21fac0c75cf3,Pouring Room,McG-V,mix_e08faaf8bbb3,participant_mcg_mcg_d,McG,mixer_id=McG-V; legacy_mix_code=McG-V; mixer_institution_code=McG,false,,"No explicit participant-to-mixer identity mapping or creator/evaluator flag found in evaluations.csv, mixes.csv, retained feature table, or SCHEMA.md.",false,Institution equality alone was not used as self-rating evidence.
evaluation_ae8d987e0604,Pouring Room,McG-V,mix_e08faaf8bbb3,participant_mcg_mcg_e,McG,mixer_id=McG-V; legacy_mix_code=McG-V; mixer_institution_code=McG,false,,"No explicit participant-to-mixer identity mapping or creator/evaluator flag found in evaluations.csv, mixes.csv, retained feature table, or SCHEMA.md.",false,Institution equality alone was not used as self-rating evidence.
evaluation_79f2520df4fa,Pouring Room,McG-V,mix_e08faaf8bbb3,participant_mcg_mcg_subd,McG,mixer_id=McG-V; legacy_mix_code=McG-V; mixer_institution_code=McG,false,,"No explicit participant-to-mixer identity mapping or creator/evaluator flag found in evaluations.csv, mixes.csv, retained feature table, or SCHEMA.md.",false,Institution equality alone was not used as self-rating evidence.
evaluation_c54ef5bbb5f9,Pouring Room,McG-V,mix_e08faaf8bbb3,participant_mcg_mcg_v,McG,mixer_id=McG-V; legacy_mix_code=McG-V; mixer_institution_code=McG,false,,"No explicit participant-to-mixer identity mapping or creator/evaluator flag found in evaluations.csv, mixes.csv, retained feature table, or SCHEMA.md.",false,Institution equality alone was not used as self-rating evidence.
evaluation_65a3e5ae545c,Pouring Room,McG-V,mix_e08faaf8bbb3,participant_mcg_mcg_subg,McG,mixer_id=McG-V; legacy_mix_code=McG-V; mixer_institution_code=McG,false,,"No explicit participant-to-mixer identity mapping or creator/evaluator flag found in evaluations.csv, mixes.csv, retained feature table, or SCHEMA.md.",false,Institution equality alone was not used as self-rating evidence.
evaluation_2113be432a6e,Pouring Room,McG-V,mix_e08faaf8bbb3,participant_mcg_mcg_subb,McG,mixer_id=McG-V; legacy_mix_code=McG-V; mixer_institution_code=McG,false,,"No explicit participant-to-mixer identity mapping or creator/evaluator flag found in evaluations.csv, mixes.csv, retained feature table, or SCHEMA.md.",false,Institution equality alone was not used as self-rating evidence.
evaluation_73a78e368b90,Pouring Room,McG-V,mix_e08faaf8bbb3,participant_mcg_mcg_u,McG,mixer_id=McG-V; legacy_mix_code=McG-V; mixer_institution_code=McG,false,,"No explicit participant-to-mixer identity mapping or creator/evaluator flag found in evaluations.csv, mixes.csv, retained feature table, or SCHEMA.md.",false,Institution equality alone was not used as self-rating evidence.
evaluation_e7afffbf24ad,Pouring Room,McG-V,mix_e08faaf8bbb3,participant_mcg_mcg_g,McG,mixer_id=McG-V; legacy_mix_code=McG-V; mixer_institution_code=McG,false,,"No explicit participant-to-mixer identity mapping or creator/evaluator flag found in evaluations.csv, mixes.csv, retained feature table, or SCHEMA.md.",false,Institution equality alone was not used as self-rating evidence.
evaluation_600587f5cca1,Pouring Room,McG-V,mix_e08faaf8bbb3,participant_mcg_mcg_a,McG,mixer_id=McG-V; legacy_mix_code=McG-V; mixer_institution_code=McG,false,,"No explicit participant-to-mixer identity mapping or creator/evaluator flag found in evaluations.csv, mixes.csv, retained feature table, or SCHEMA.md.",false,Institution equality alone was not used as self-rating evidence.
evaluation_e313eee0f9df,Pouring Room,McG-V,mix_e08faaf8bbb3,participant_mcg_mcg_x,McG,mixer_id=McG-V; legacy_mix_code=McG-V; mixer_institution_code=McG,false,,"No explicit participant-to-mixer identity mapping or creator/evaluator flag found in evaluations.csv, mixes.csv, retained feature table, or SCHEMA.md.",false,Institution equality alone was not used as self-rating evidence.
evaluation_74b005725d1c,Pouring Room,McG-V,mix_e08faaf8bbb3,participant_qm_qm_21,QM,mixer_id=McG-V; legacy_mix_code=McG-V; mixer_institution_code=McG,false,,"No explicit participant-to-mixer identity mapping or creator/evaluator flag found in evaluations.csv, mixes.csv, retained feature table, or SCHEMA.md.",false,Institution equality alone was not used as self-rating evidence.
evaluation_12ca51124e05,Pouring Room,McG-V,mix_e08faaf8bbb3,participant_qm_qm_21,QM,mixer_id=McG-V; legacy_mix_code=McG-V; mixer_institution_code=McG,false,,"No explicit participant-to-mixer identity mapping or creator/evaluator flag found in evaluations.csv, mixes.csv, retained feature table, or SCHEMA.md.",false,Institution equality alone was not used as self-rating evidence.
evaluation_1da19203f5d9,Pouring Room,McG-V,mix_e08faaf8bbb3,participant_qm_qm_12,QM,mixer_id=McG-V; legacy_mix_code=McG-V; mixer_institution_code=McG,false,,"No explicit participant-to-mixer identity mapping or creator/evaluator flag found in evaluations.csv, mixes.csv, retained feature table, or SCHEMA.md.",false,Institution equality alone was not used as self-rating evidence.
evaluation_0f4b4730cc00,Pouring Room,McG-V,mix_e08faaf8bbb3,participant_qm_qm_14,QM,mixer_id=McG-V; legacy_mix_code=McG-V; mixer_institution_code=McG,false,,"No explicit participant-to-mixer identity mapping or creator/evaluator flag found in evaluations.csv, mixes.csv, retained feature table, or SCHEMA.md.",false,Institution equality alone was not used as self-rating evidence.
evaluation_8c99ef7b2824,Pouring Room,McG-V,mix_e08faaf8bbb3,participant_qm_qm_1,QM,mixer_id=McG-V; legacy_mix_code=McG-V; mixer_institution_code=McG,false,,"No explicit participant-to-mixer identity mapping or creator/evaluator flag found in evaluations.csv, mixes.csv, retained feature table, or SCHEMA.md.",false,Institution equality alone was not used as self-rating evidence.
evaluation_71e6956b912c,Pouring Room,McG-V,mix_e08faaf8bbb3,participant_qm_qm_2,QM,mixer_id=McG-V; legacy_mix_code=McG-V; mixer_institution_code=McG,false,,"No explicit participant-to-mixer identity mapping or creator/evaluator flag found in evaluations.csv, mixes.csv, retained feature table, or SCHEMA.md.",false,Institution equality alone was not used as self-rating evidence.
evaluation_f37c65e412e0,Pouring Room,McG-V,mix_e08faaf8bbb3,participant_qm_qm_13,QM,mixer_id=McG-V; legacy_mix_code=McG-V; mixer_institution_code=McG,false,,"No explicit participant-to-mixer identity mapping or creator/evaluator flag found in evaluations.csv, mixes.csv, retained feature table, or SCHEMA.md.",false,Institution equality alone was not used as self-rating evidence.
evaluation_84b9e11fcd38,Pouring Room,McG-V,mix_e08faaf8bbb3,participant_qm_qm_18,QM,mixer_id=McG-V; legacy_mix_code=McG-V; mixer_institution_code=McG,false,,"No explicit participant-to-mixer identity mapping or creator/evaluator flag found in evaluations.csv, mixes.csv, retained feature table, or SCHEMA.md.",false,Institution equality alone was not used as self-rating evidence.
evaluation_1c87c014f1e7,Pouring Room,McG-V,mix_e08faaf8bbb3,participant_qm_qm_3,QM,mixer_id=McG-V; legacy_mix_code=McG-V; mixer_institution_code=McG,false,,"No explicit participant-to-mixer identity mapping or creator/evaluator flag found in evaluations.csv, mixes.csv, retained feature table, or SCHEMA.md.",false,Institution equality alone was not used as self-rating evidence.
evaluation_18a1104929e8,Pouring Room,McG-V,mix_e08faaf8bbb3,participant_qm_qm_19,QM,mixer_id=McG-V; legacy_mix_code=McG-V; mixer_institution_code=McG,false,,"No explicit participant-to-mixer identity mapping or creator/evaluator flag found in evaluations.csv, mixes.csv, retained feature table, or SCHEMA.md.",false,Institution equality alone was not used as self-rating evidence.
evaluation_40684d3fb8e7,Pouring Room,McG-V,mix_e08faaf8bbb3,participant_smc_smc_16,SMC,mixer_id=McG-V; legacy_mix_code=McG-V; mixer_institution_code=McG,false,,"No explicit participant-to-mixer identity mapping or creator/evaluator flag found in evaluations.csv, mixes.csv, retained feature table, or SCHEMA.md.",false,Institution equality alone was not used as self-rating evidence.
evaluation_1859d3583d8d,Pouring Room,McG-V,mix_e08faaf8bbb3,participant_smc_smc_4,SMC,mixer_id=McG-V; legacy_mix_code=McG-V; mixer_institution_code=McG,false,,"No explicit participant-to-mixer identity mapping or creator/evaluator flag found in evaluations.csv, mixes.csv, retained feature table, or SCHEMA.md.",false,Institution equality alone was not used as self-rating evidence.
evaluation_c9d95a09bd54,Pouring Room,McG-V,mix_e08faaf8bbb3,participant_smc_smc_12,SMC,mixer_id=McG-V; legacy_mix_code=McG-V; mixer_institution_code=McG,false,,"No explicit participant-to-mixer identity mapping or creator/evaluator flag found in evaluations.csv, mixes.csv, retained feature table, or SCHEMA.md.",false,Institution equality alone was not used as self-rating evidence.
evaluation_57e49b700976,Pouring Room,McG-V,mix_e08faaf8bbb3,participant_smc_smc_17,SMC,mixer_id=McG-V; legacy_mix_code=McG-V; mixer_institution_code=McG,false,,"No explicit participant-to-mixer identity mapping or creator/evaluator flag found in evaluations.csv, mixes.csv, retained feature table, or SCHEMA.md.",false,Institution equality alone was not used as self-rating evidence.
evaluation_0748345b1ee4,Pouring Room,McG-V,mix_e08faaf8bbb3,participant_smc_smc_10,SMC,mixer_id=McG-V; legacy_mix_code=McG-V; mixer_institution_code=McG,false,,"No explicit participant-to-mixer identity mapping or creator/evaluator flag found in evaluations.csv, mixes.csv, retained feature table, or SCHEMA.md.",false,Institution equality alone was not used as self-rating evidence.
evaluation_5e4c8fd7c6eb,Pouring Room,McG-V,mix_e08faaf8bbb3,participant_smc_smc_19,SMC,mixer_id=McG-V; legacy_mix_code=McG-V; mixer_institution_code=McG,false,,"No explicit participant-to-mixer identity mapping or creator/evaluator flag found in evaluations.csv, mixes.csv, retained feature table, or SCHEMA.md.",false,Institution equality alone was not used as self-rating evidence.
evaluation_62b2d70af122,Pouring Room,McG-V,mix_e08faaf8bbb3,participant_smc_smc_14,SMC,mixer_id=McG-V; legacy_mix_code=McG-V; mixer_institution_code=McG,false,,"No explicit participant-to-mixer identity mapping or creator/evaluator flag found in evaluations.csv, mixes.csv, retained feature table, or SCHEMA.md.",false,Institution equality alone was not used as self-rating evidence.
evaluation_7e21c3f2df18,Pouring Room,McG-W,mix_786fc67a9418,participant_mcg_mcg_f,McG,mixer_id=McG-W; legacy_mix_code=McG-W; mixer_institution_code=McG,false,,"No explicit participant-to-mixer identity mapping or creator/evaluator flag found in evaluations.csv, mixes.csv, retained feature table, or SCHEMA.md.",false,Institution equality alone was not used as self-rating evidence.
evaluation_278fd74c404d,Pouring Room,McG-W,mix_786fc67a9418,participant_mcg_mcg_pro1,McG,mixer_id=McG-W; legacy_mix_code=McG-W; mixer_institution_code=McG,false,,"No explicit participant-to-mixer identity mapping or creator/evaluator flag found in evaluations.csv, mixes.csv, retained feature table, or SCHEMA.md.",false,Institution equality alone was not used as self-rating evidence.
evaluation_97058632fff8,Pouring Room,McG-W,mix_786fc67a9418,participant_mcg_mcg_t,McG,mixer_id=McG-W; legacy_mix_code=McG-W; mixer_institution_code=McG,false,,"No explicit participant-to-mixer identity mapping or creator/evaluator flag found in evaluations.csv, mixes.csv, retained feature table, or SCHEMA.md.",false,Institution equality alone was not used as self-rating evidence.
evaluation_08f24bbaa8f8,Pouring Room,McG-W,mix_786fc67a9418,participant_mcg_mcg_pro2,McG,mixer_id=McG-W; legacy_mix_code=McG-W; mixer_institution_code=McG,false,,"No explicit participant-to-mixer identity mapping or creator/evaluator flag found in evaluations.csv, mixes.csv, retained feature table, or SCHEMA.md.",false,Institution equality alone was not used as self-rating evidence.
evaluation_903f490ba5ee,Pouring Room,McG-W,mix_786fc67a9418,participant_mcg_mcg_r,McG,mixer_id=McG-W; legacy_mix_code=McG-W; mixer_institution_code=McG,false,,"No explicit participant-to-mixer identity mapping or creator/evaluator flag found in evaluations.csv, mixes.csv, retained feature table, or SCHEMA.md.",false,Institution equality alone was not used as self-rating evidence.
evaluation_65ea8eec33ff,Pouring Room,McG-W,mix_786fc67a9418,participant_mcg_mcg_c,McG,mixer_id=McG-W; legacy_mix_code=McG-W; mixer_institution_code=McG,false,,"No explicit participant-to-mixer identity mapping or creator/evaluator flag found in evaluations.csv, mixes.csv, retained feature table, or SCHEMA.md.",false,Institution equality alone was not used as self-rating evidence.
evaluation_8663e7713233,Pouring Room,McG-W,mix_786fc67a9418,participant_mcg_mcg_q,McG,mixer_id=McG-W; legacy_mix_code=McG-W; mixer_institution_code=McG,false,,"No explicit participant-to-mixer identity mapping or creator/evaluator flag found in evaluations.csv, mixes.csv, retained feature table, or SCHEMA.md.",false,Institution equality alone was not used as self-rating evidence.
evaluation_536126775016,Pouring Room,McG-W,mix_786fc67a9418,participant_mcg_mcg_b,McG,mixer_id=McG-W; legacy_mix_code=McG-W; mixer_institution_code=McG,false,,"No explicit participant-to-mixer identity mapping or creator/evaluator flag found in evaluations.csv, mixes.csv, retained feature table, or SCHEMA.md.",false,Institution equality alone was not used as self-rating evidence.
evaluation_d4bf69640000,Pouring Room,McG-W,mix_786fc67a9418,participant_mcg_mcg_s,McG,mixer_id=McG-W; legacy_mix_code=McG-W; mixer_institution_code=McG,false,,"No explicit participant-to-mixer identity mapping or creator/evaluator flag found in evaluations.csv, mixes.csv, retained feature table, or SCHEMA.md.",false,Institution equality alone was not used as self-rating evidence.
evaluation_878613b8f6f9,Pouring Room,McG-W,mix_786fc67a9418,participant_mcg_mcg_h,McG,mixer_id=McG-W; legacy_mix_code=McG-W; mixer_institution_code=McG,false,,"No explicit participant-to-mixer identity mapping or creator/evaluator flag found in evaluations.csv, mixes.csv, retained feature table, or SCHEMA.md.",false,Institution equality alone was not used as self-rating evidence.
evaluation_ef3f243f1756,Pouring Room,McG-W,mix_786fc67a9418,participant_mcg_mcg_subc,McG,mixer_id=McG-W; legacy_mix_code=McG-W; mixer_institution_code=McG,false,,"No explicit participant-to-mixer identity mapping or creator/evaluator flag found in evaluations.csv, mixes.csv, retained feature table, or SCHEMA.md.",false,Institution equality alone was not used as self-rating evidence.
evaluation_1c6e15596ada,Pouring Room,McG-W,mix_786fc67a9418,participant_mcg_mcg_w,McG,mixer_id=McG-W; legacy_mix_code=McG-W; mixer_institution_code=McG,false,,"No explicit participant-to-mixer identity mapping or creator/evaluator flag found in evaluations.csv, mixes.csv, retained feature table, or SCHEMA.md.",false,Institution equality alone was not used as self-rating evidence.
evaluation_dfdd75a00bee,Pouring Room,McG-W,mix_786fc67a9418,participant_mcg_mcg_sube,McG,mixer_id=McG-W; legacy_mix_code=McG-W; mixer_institution_code=McG,false,,"No explicit participant-to-mixer identity mapping or creator/evaluator flag found in evaluations.csv, mixes.csv, retained feature table, or SCHEMA.md.",false,Institution equality alone was not used as self-rating evidence.
evaluation_f31b153a6e21,Pouring Room,McG-W,mix_786fc67a9418,participant_mcg_mcg_d,McG,mixer_id=McG-W; legacy_mix_code=McG-W; mixer_institution_code=McG,false,,"No explicit participant-to-mixer identity mapping or creator/evaluator flag found in evaluations.csv, mixes.csv, retained feature table, or SCHEMA.md.",false,Institution equality alone was not used as self-rating evidence.
evaluation_552adc57cd1a,Pouring Room,McG-W,mix_786fc67a9418,participant_mcg_mcg_e,McG,mixer_id=McG-W; legacy_mix_code=McG-W; mixer_institution_code=McG,false,,"No explicit participant-to-mixer identity mapping or creator/evaluator flag found in evaluations.csv, mixes.csv, retained feature table, or SCHEMA.md.",false,Institution equality alone was not used as self-rating evidence.
evaluation_38269ef5a162,Pouring Room,McG-W,mix_786fc67a9418,participant_mcg_mcg_subd,McG,mixer_id=McG-W; legacy_mix_code=McG-W; mixer_institution_code=McG,false,,"No explicit participant-to-mixer identity mapping or creator/evaluator flag found in evaluations.csv, mixes.csv, retained feature table, or SCHEMA.md.",false,Institution equality alone was not used as self-rating evidence.
evaluation_ce7a7cdb82ec,Pouring Room,McG-W,mix_786fc67a9418,participant_mcg_mcg_v,McG,mixer_id=McG-W; legacy_mix_code=McG-W; mixer_institution_code=McG,false,,"No explicit participant-to-mixer identity mapping or creator/evaluator flag found in evaluations.csv, mixes.csv, retained feature table, or SCHEMA.md.",false,Institution equality alone was not used as self-rating evidence.
evaluation_db5f9d247a59,Pouring Room,McG-W,mix_786fc67a9418,participant_mcg_mcg_subg,McG,mixer_id=McG-W; legacy_mix_code=McG-W; mixer_institution_code=McG,false,,"No explicit participant-to-mixer identity mapping or creator/evaluator flag found in evaluations.csv, mixes.csv, retained feature table, or SCHEMA.md.",false,Institution equality alone was not used as self-rating evidence.
evaluation_c03ee1f69c43,Pouring Room,McG-W,mix_786fc67a9418,participant_mcg_mcg_subb,McG,mixer_id=McG-W; legacy_mix_code=McG-W; mixer_institution_code=McG,false,,"No explicit participant-to-mixer identity mapping or creator/evaluator flag found in evaluations.csv, mixes.csv, retained feature table, or SCHEMA.md.",false,Institution equality alone was not used as self-rating evidence.
evaluation_05ce175f2a38,Pouring Room,McG-W,mix_786fc67a9418,participant_mcg_mcg_u,McG,mixer_id=McG-W; legacy_mix_code=McG-W; mixer_institution_code=McG,false,,"No explicit participant-to-mixer identity mapping or creator/evaluator flag found in evaluations.csv, mixes.csv, retained feature table, or SCHEMA.md.",false,Institution equality alone was not used as self-rating evidence.
evaluation_f9c2fe5a3778,Pouring Room,McG-W,mix_786fc67a9418,participant_mcg_mcg_g,McG,mixer_id=McG-W; legacy_mix_code=McG-W; mixer_institution_code=McG,false,,"No explicit participant-to-mixer identity mapping or creator/evaluator flag found in evaluations.csv, mixes.csv, retained feature table, or SCHEMA.md.",false,Institution equality alone was not used as self-rating evidence.
evaluation_71df23dcc3a1,Pouring Room,McG-W,mix_786fc67a9418,participant_mcg_mcg_a,McG,mixer_id=McG-W; legacy_mix_code=McG-W; mixer_institution_code=McG,false,,"No explicit participant-to-mixer identity mapping or creator/evaluator flag found in evaluations.csv, mixes.csv, retained feature table, or SCHEMA.md.",false,Institution equality alone was not used as self-rating evidence.
evaluation_0cab5d895e23,Pouring Room,McG-W,mix_786fc67a9418,participant_mcg_mcg_x,McG,mixer_id=McG-W; legacy_mix_code=McG-W; mixer_institution_code=McG,false,,"No explicit participant-to-mixer identity mapping or creator/evaluator flag found in evaluations.csv, mixes.csv, retained feature table, or SCHEMA.md.",false,Institution equality alone was not used as self-rating evidence.
evaluation_0ee0a27208a9,Pouring Room,McG-W,mix_786fc67a9418,participant_qm_qm_21,QM,mixer_id=McG-W; legacy_mix_code=McG-W; mixer_institution_code=McG,false,,"No explicit participant-to-mixer identity mapping or creator/evaluator flag found in evaluations.csv, mixes.csv, retained feature table, or SCHEMA.md.",false,Institution equality alone was not used as self-rating evidence.
evaluation_28fcd6935fd5,Pouring Room,McG-W,mix_786fc67a9418,participant_qm_qm_21,QM,mixer_id=McG-W; legacy_mix_code=McG-W; mixer_institution_code=McG,false,,"No explicit participant-to-mixer identity mapping or creator/evaluator flag found in evaluations.csv, mixes.csv, retained feature table, or SCHEMA.md.",false,Institution equality alone was not used as self-rating evidence.
evaluation_5a18ca77cdfb,Pouring Room,McG-W,mix_786fc67a9418,participant_qm_qm_12,QM,mixer_id=McG-W; legacy_mix_code=McG-W; mixer_institution_code=McG,false,,"No explicit participant-to-mixer identity mapping or creator/evaluator flag found in evaluations.csv, mixes.csv, retained feature table, or SCHEMA.md.",false,Institution equality alone was not used as self-rating evidence.
evaluation_de985a44f886,Pouring Room,McG-W,mix_786fc67a9418,participant_qm_qm_14,QM,mixer_id=McG-W; legacy_mix_code=McG-W; mixer_institution_code=McG,false,,"No explicit participant-to-mixer identity mapping or creator/evaluator flag found in evaluations.csv, mixes.csv, retained feature table, or SCHEMA.md.",false,Institution equality alone was not used as self-rating evidence.
evaluation_b90ebcd50093,Pouring Room,McG-W,mix_786fc67a9418,participant_qm_qm_1,QM,mixer_id=McG-W; legacy_mix_code=McG-W; mixer_institution_code=McG,false,,"No explicit participant-to-mixer identity mapping or creator/evaluator flag found in evaluations.csv, mixes.csv, retained feature table, or SCHEMA.md.",false,Institution equality alone was not used as self-rating evidence.
evaluation_f3e1a2cafc7d,Pouring Room,McG-W,mix_786fc67a9418,participant_qm_qm_2,QM,mixer_id=McG-W; legacy_mix_code=McG-W; mixer_institution_code=McG,false,,"No explicit participant-to-mixer identity mapping or creator/evaluator flag found in evaluations.csv, mixes.csv, retained feature table, or SCHEMA.md.",false,Institution equality alone was not used as self-rating evidence.
evaluation_9c86545d1740,Pouring Room,McG-W,mix_786fc67a9418,participant_qm_qm_13,QM,mixer_id=McG-W; legacy_mix_code=McG-W; mixer_institution_code=McG,false,,"No explicit participant-to-mixer identity mapping or creator/evaluator flag found in evaluations.csv, mixes.csv, retained feature table, or SCHEMA.md.",false,Institution equality alone was not used as self-rating evidence.
evaluation_57efbd54560e,Pouring Room,McG-W,mix_786fc67a9418,participant_qm_qm_18,QM,mixer_id=McG-W; legacy_mix_code=McG-W; mixer_institution_code=McG,false,,"No explicit participant-to-mixer identity mapping or creator/evaluator flag found in evaluations.csv, mixes.csv, retained feature table, or SCHEMA.md.",false,Institution equality alone was not used as self-rating evidence.
evaluation_d7bc97306697,Pouring Room,McG-W,mix_786fc67a9418,participant_qm_qm_3,QM,mixer_id=McG-W; legacy_mix_code=McG-W; mixer_institution_code=McG,false,,"No explicit participant-to-mixer identity mapping or creator/evaluator flag found in evaluations.csv, mixes.csv, retained feature table, or SCHEMA.md.",false,Institution equality alone was not used as self-rating evidence.
evaluation_71f5a29cef46,Pouring Room,McG-W,mix_786fc67a9418,participant_qm_qm_19,QM,mixer_id=McG-W; legacy_mix_code=McG-W; mixer_institution_code=McG,false,,"No explicit participant-to-mixer identity mapping or creator/evaluator flag found in evaluations.csv, mixes.csv, retained feature table, or SCHEMA.md.",false,Institution equality alone was not used as self-rating evidence.
evaluation_e34ce7d5e310,Pouring Room,McG-W,mix_786fc67a9418,participant_smc_smc_16,SMC,mixer_id=McG-W; legacy_mix_code=McG-W; mixer_institution_code=McG,false,,"No explicit participant-to-mixer identity mapping or creator/evaluator flag found in evaluations.csv, mixes.csv, retained feature table, or SCHEMA.md.",false,Institution equality alone was not used as self-rating evidence.
evaluation_98a23a40fec1,Pouring Room,McG-W,mix_786fc67a9418,participant_smc_smc_4,SMC,mixer_id=McG-W; legacy_mix_code=McG-W; mixer_institution_code=McG,false,,"No explicit participant-to-mixer identity mapping or creator/evaluator flag found in evaluations.csv, mixes.csv, retained feature table, or SCHEMA.md.",false,Institution equality alone was not used as self-rating evidence.
evaluation_264f5752a2cb,Pouring Room,McG-W,mix_786fc67a9418,participant_smc_smc_12,SMC,mixer_id=McG-W; legacy_mix_code=McG-W; mixer_institution_code=McG,false,,"No explicit participant-to-mixer identity mapping or creator/evaluator flag found in evaluations.csv, mixes.csv, retained feature table, or SCHEMA.md.",false,Institution equality alone was not used as self-rating evidence.
evaluation_68b9f1155cfd,Pouring Room,McG-W,mix_786fc67a9418,participant_smc_smc_17,SMC,mixer_id=McG-W; legacy_mix_code=McG-W; mixer_institution_code=McG,false,,"No explicit participant-to-mixer identity mapping or creator/evaluator flag found in evaluations.csv, mixes.csv, retained feature table, or SCHEMA.md.",false,Institution equality alone was not used as self-rating evidence.
evaluation_00871b7606aa,Pouring Room,McG-W,mix_786fc67a9418,participant_smc_smc_10,SMC,mixer_id=McG-W; legacy_mix_code=McG-W; mixer_institution_code=McG,false,,"No explicit participant-to-mixer identity mapping or creator/evaluator flag found in evaluations.csv, mixes.csv, retained feature table, or SCHEMA.md.",false,Institution equality alone was not used as self-rating evidence.
evaluation_e20564186ac4,Pouring Room,McG-W,mix_786fc67a9418,participant_smc_smc_19,SMC,mixer_id=McG-W; legacy_mix_code=McG-W; mixer_institution_code=McG,false,,"No explicit participant-to-mixer identity mapping or creator/evaluator flag found in evaluations.csv, mixes.csv, retained feature table, or SCHEMA.md.",false,Institution equality alone was not used as self-rating evidence.
evaluation_ae3c2c13d0bf,Pouring Room,McG-W,mix_786fc67a9418,participant_smc_smc_14,SMC,mixer_id=McG-W; legacy_mix_code=McG-W; mixer_institution_code=McG,false,,"No explicit participant-to-mixer identity mapping or creator/evaluator flag found in evaluations.csv, mixes.csv, retained feature table, or SCHEMA.md.",false,Institution equality alone was not used as self-rating evidence.
evaluation_8465b7258f3a,Pouring Room,McG-X,mix_cbf8555ee2b2,participant_mcg_mcg_f,McG,mixer_id=McG-X; legacy_mix_code=McG-X; mixer_institution_code=McG,false,,"No explicit participant-to-mixer identity mapping or creator/evaluator flag found in evaluations.csv, mixes.csv, retained feature table, or SCHEMA.md.",false,Institution equality alone was not used as self-rating evidence.
evaluation_0cc40544e460,Pouring Room,McG-X,mix_cbf8555ee2b2,participant_mcg_mcg_pro1,McG,mixer_id=McG-X; legacy_mix_code=McG-X; mixer_institution_code=McG,false,,"No explicit participant-to-mixer identity mapping or creator/evaluator flag found in evaluations.csv, mixes.csv, retained feature table, or SCHEMA.md.",false,Institution equality alone was not used as self-rating evidence.
evaluation_4b207ff11482,Pouring Room,McG-X,mix_cbf8555ee2b2,participant_mcg_mcg_t,McG,mixer_id=McG-X; legacy_mix_code=McG-X; mixer_institution_code=McG,false,,"No explicit participant-to-mixer identity mapping or creator/evaluator flag found in evaluations.csv, mixes.csv, retained feature table, or SCHEMA.md.",false,Institution equality alone was not used as self-rating evidence.
evaluation_01585f3625b2,Pouring Room,McG-X,mix_cbf8555ee2b2,participant_mcg_mcg_pro2,McG,mixer_id=McG-X; legacy_mix_code=McG-X; mixer_institution_code=McG,false,,"No explicit participant-to-mixer identity mapping or creator/evaluator flag found in evaluations.csv, mixes.csv, retained feature table, or SCHEMA.md.",false,Institution equality alone was not used as self-rating evidence.
evaluation_a49f47797f1d,Pouring Room,McG-X,mix_cbf8555ee2b2,participant_mcg_mcg_r,McG,mixer_id=McG-X; legacy_mix_code=McG-X; mixer_institution_code=McG,false,,"No explicit participant-to-mixer identity mapping or creator/evaluator flag found in evaluations.csv, mixes.csv, retained feature table, or SCHEMA.md.",false,Institution equality alone was not used as self-rating evidence.
evaluation_fdbd4a355e17,Pouring Room,McG-X,mix_cbf8555ee2b2,participant_mcg_mcg_c,McG,mixer_id=McG-X; legacy_mix_code=McG-X; mixer_institution_code=McG,false,,"No explicit participant-to-mixer identity mapping or creator/evaluator flag found in evaluations.csv, mixes.csv, retained feature table, or SCHEMA.md.",false,Institution equality alone was not used as self-rating evidence.
evaluation_78a15017ca62,Pouring Room,McG-X,mix_cbf8555ee2b2,participant_mcg_mcg_q,McG,mixer_id=McG-X; legacy_mix_code=McG-X; mixer_institution_code=McG,false,,"No explicit participant-to-mixer identity mapping or creator/evaluator flag found in evaluations.csv, mixes.csv, retained feature table, or SCHEMA.md.",false,Institution equality alone was not used as self-rating evidence.
evaluation_63bce0e3dec5,Pouring Room,McG-X,mix_cbf8555ee2b2,participant_mcg_mcg_b,McG,mixer_id=McG-X; legacy_mix_code=McG-X; mixer_institution_code=McG,false,,"No explicit participant-to-mixer identity mapping or creator/evaluator flag found in evaluations.csv, mixes.csv, retained feature table, or SCHEMA.md.",false,Institution equality alone was not used as self-rating evidence.
evaluation_b89a2d4c6175,Pouring Room,McG-X,mix_cbf8555ee2b2,participant_mcg_mcg_s,McG,mixer_id=McG-X; legacy_mix_code=McG-X; mixer_institution_code=McG,false,,"No explicit participant-to-mixer identity mapping or creator/evaluator flag found in evaluations.csv, mixes.csv, retained feature table, or SCHEMA.md.",false,Institution equality alone was not used as self-rating evidence.
evaluation_0d41a3a005a0,Pouring Room,McG-X,mix_cbf8555ee2b2,participant_mcg_mcg_h,McG,mixer_id=McG-X; legacy_mix_code=McG-X; mixer_institution_code=McG,false,,"No explicit participant-to-mixer identity mapping or creator/evaluator flag found in evaluations.csv, mixes.csv, retained feature table, or SCHEMA.md.",false,Institution equality alone was not used as self-rating evidence.
evaluation_28ba9c7fea2e,Pouring Room,McG-X,mix_cbf8555ee2b2,participant_mcg_mcg_subc,McG,mixer_id=McG-X; legacy_mix_code=McG-X; mixer_institution_code=McG,false,,"No explicit participant-to-mixer identity mapping or creator/evaluator flag found in evaluations.csv, mixes.csv, retained feature table, or SCHEMA.md.",false,Institution equality alone was not used as self-rating evidence.
evaluation_10f3109dc093,Pouring Room,McG-X,mix_cbf8555ee2b2,participant_mcg_mcg_w,McG,mixer_id=McG-X; legacy_mix_code=McG-X; mixer_institution_code=McG,false,,"No explicit participant-to-mixer identity mapping or creator/evaluator flag found in evaluations.csv, mixes.csv, retained feature table, or SCHEMA.md.",false,Institution equality alone was not used as self-rating evidence.
evaluation_ef420ac5fb23,Pouring Room,McG-X,mix_cbf8555ee2b2,participant_mcg_mcg_sube,McG,mixer_id=McG-X; legacy_mix_code=McG-X; mixer_institution_code=McG,false,,"No explicit participant-to-mixer identity mapping or creator/evaluator flag found in evaluations.csv, mixes.csv, retained feature table, or SCHEMA.md.",false,Institution equality alone was not used as self-rating evidence.
evaluation_c343bebaa7fe,Pouring Room,McG-X,mix_cbf8555ee2b2,participant_mcg_mcg_d,McG,mixer_id=McG-X; legacy_mix_code=McG-X; mixer_institution_code=McG,false,,"No explicit participant-to-mixer identity mapping or creator/evaluator flag found in evaluations.csv, mixes.csv, retained feature table, or SCHEMA.md.",false,Institution equality alone was not used as self-rating evidence.
evaluation_f49c1d2731b9,Pouring Room,McG-X,mix_cbf8555ee2b2,participant_mcg_mcg_e,McG,mixer_id=McG-X; legacy_mix_code=McG-X; mixer_institution_code=McG,false,,"No explicit participant-to-mixer identity mapping or creator/evaluator flag found in evaluations.csv, mixes.csv, retained feature table, or SCHEMA.md.",false,Institution equality alone was not used as self-rating evidence.
evaluation_45196aae4824,Pouring Room,McG-X,mix_cbf8555ee2b2,participant_mcg_mcg_subd,McG,mixer_id=McG-X; legacy_mix_code=McG-X; mixer_institution_code=McG,false,,"No explicit participant-to-mixer identity mapping or creator/evaluator flag found in evaluations.csv, mixes.csv, retained feature table, or SCHEMA.md.",false,Institution equality alone was not used as self-rating evidence.
evaluation_cffc1d2be56d,Pouring Room,McG-X,mix_cbf8555ee2b2,participant_mcg_mcg_v,McG,mixer_id=McG-X; legacy_mix_code=McG-X; mixer_institution_code=McG,false,,"No explicit participant-to-mixer identity mapping or creator/evaluator flag found in evaluations.csv, mixes.csv, retained feature table, or SCHEMA.md.",false,Institution equality alone was not used as self-rating evidence.
evaluation_f99035e38bff,Pouring Room,McG-X,mix_cbf8555ee2b2,participant_mcg_mcg_subg,McG,mixer_id=McG-X; legacy_mix_code=McG-X; mixer_institution_code=McG,false,,"No explicit participant-to-mixer identity mapping or creator/evaluator flag found in evaluations.csv, mixes.csv, retained feature table, or SCHEMA.md.",false,Institution equality alone was not used as self-rating evidence.
evaluation_5c2fe44769fb,Pouring Room,McG-X,mix_cbf8555ee2b2,participant_mcg_mcg_subb,McG,mixer_id=McG-X; legacy_mix_code=McG-X; mixer_institution_code=McG,false,,"No explicit participant-to-mixer identity mapping or creator/evaluator flag found in evaluations.csv, mixes.csv, retained feature table, or SCHEMA.md.",false,Institution equality alone was not used as self-rating evidence.
evaluation_afce6e01d592,Pouring Room,McG-X,mix_cbf8555ee2b2,participant_mcg_mcg_u,McG,mixer_id=McG-X; legacy_mix_code=McG-X; mixer_institution_code=McG,false,,"No explicit participant-to-mixer identity mapping or creator/evaluator flag found in evaluations.csv, mixes.csv, retained feature table, or SCHEMA.md.",false,Institution equality alone was not used as self-rating evidence.
evaluation_5d4df62a9b6e,Pouring Room,McG-X,mix_cbf8555ee2b2,participant_mcg_mcg_g,McG,mixer_id=McG-X; legacy_mix_code=McG-X; mixer_institution_code=McG,false,,"No explicit participant-to-mixer identity mapping or creator/evaluator flag found in evaluations.csv, mixes.csv, retained feature table, or SCHEMA.md.",false,Institution equality alone was not used as self-rating evidence.
evaluation_72fded249e79,Pouring Room,McG-X,mix_cbf8555ee2b2,participant_mcg_mcg_a,McG,mixer_id=McG-X; legacy_mix_code=McG-X; mixer_institution_code=McG,false,,"No explicit participant-to-mixer identity mapping or creator/evaluator flag found in evaluations.csv, mixes.csv, retained feature table, or SCHEMA.md.",false,Institution equality alone was not used as self-rating evidence.
evaluation_ec321027758a,Pouring Room,McG-X,mix_cbf8555ee2b2,participant_mcg_mcg_x,McG,mixer_id=McG-X; legacy_mix_code=McG-X; mixer_institution_code=McG,false,,"No explicit participant-to-mixer identity mapping or creator/evaluator flag found in evaluations.csv, mixes.csv, retained feature table, or SCHEMA.md.",false,Institution equality alone was not used as self-rating evidence.
evaluation_fafd8669bc0c,Pouring Room,McG-X,mix_cbf8555ee2b2,participant_qm_qm_21,QM,mixer_id=McG-X; legacy_mix_code=McG-X; mixer_institution_code=McG,false,,"No explicit participant-to-mixer identity mapping or creator/evaluator flag found in evaluations.csv, mixes.csv, retained feature table, or SCHEMA.md.",false,Institution equality alone was not used as self-rating evidence.
evaluation_2c5d829753aa,Pouring Room,McG-X,mix_cbf8555ee2b2,participant_qm_qm_21,QM,mixer_id=McG-X; legacy_mix_code=McG-X; mixer_institution_code=McG,false,,"No explicit participant-to-mixer identity mapping or creator/evaluator flag found in evaluations.csv, mixes.csv, retained feature table, or SCHEMA.md.",false,Institution equality alone was not used as self-rating evidence.
evaluation_da993d807d6e,Pouring Room,McG-X,mix_cbf8555ee2b2,participant_qm_qm_12,QM,mixer_id=McG-X; legacy_mix_code=McG-X; mixer_institution_code=McG,false,,"No explicit participant-to-mixer identity mapping or creator/evaluator flag found in evaluations.csv, mixes.csv, retained feature table, or SCHEMA.md.",false,Institution equality alone was not used as self-rating evidence.
evaluation_72b70b438964,Pouring Room,McG-X,mix_cbf8555ee2b2,participant_qm_qm_14,QM,mixer_id=McG-X; legacy_mix_code=McG-X; mixer_institution_code=McG,false,,"No explicit participant-to-mixer identity mapping or creator/evaluator flag found in evaluations.csv, mixes.csv, retained feature table, or SCHEMA.md.",false,Institution equality alone was not used as self-rating evidence.
evaluation_3b55cd8dc2c2,Pouring Room,McG-X,mix_cbf8555ee2b2,participant_qm_qm_1,QM,mixer_id=McG-X; legacy_mix_code=McG-X; mixer_institution_code=McG,false,,"No explicit participant-to-mixer identity mapping or creator/evaluator flag found in evaluations.csv, mixes.csv, retained feature table, or SCHEMA.md.",false,Institution equality alone was not used as self-rating evidence.
evaluation_c718909c2b8e,Pouring Room,McG-X,mix_cbf8555ee2b2,participant_qm_qm_2,QM,mixer_id=McG-X; legacy_mix_code=McG-X; mixer_institution_code=McG,false,,"No explicit participant-to-mixer identity mapping or creator/evaluator flag found in evaluations.csv, mixes.csv, retained feature table, or SCHEMA.md.",false,Institution equality alone was not used as self-rating evidence.
evaluation_ad0008839ff6,Pouring Room,McG-X,mix_cbf8555ee2b2,participant_qm_qm_13,QM,mixer_id=McG-X; legacy_mix_code=McG-X; mixer_institution_code=McG,false,,"No explicit participant-to-mixer identity mapping or creator/evaluator flag found in evaluations.csv, mixes.csv, retained feature table, or SCHEMA.md.",false,Institution equality alone was not used as self-rating evidence.
evaluation_c2fd47bc5f93,Pouring Room,McG-X,mix_cbf8555ee2b2,participant_qm_qm_18,QM,mixer_id=McG-X; legacy_mix_code=McG-X; mixer_institution_code=McG,false,,"No explicit participant-to-mixer identity mapping or creator/evaluator flag found in evaluations.csv, mixes.csv, retained feature table, or SCHEMA.md.",false,Institution equality alone was not used as self-rating evidence.
evaluation_75c275800888,Pouring Room,McG-X,mix_cbf8555ee2b2,participant_qm_qm_3,QM,mixer_id=McG-X; legacy_mix_code=McG-X; mixer_institution_code=McG,false,,"No explicit participant-to-mixer identity mapping or creator/evaluator flag found in evaluations.csv, mixes.csv, retained feature table, or SCHEMA.md.",false,Institution equality alone was not used as self-rating evidence.
evaluation_7b9daef91219,Pouring Room,McG-X,mix_cbf8555ee2b2,participant_qm_qm_19,QM,mixer_id=McG-X; legacy_mix_code=McG-X; mixer_institution_code=McG,false,,"No explicit participant-to-mixer identity mapping or creator/evaluator flag found in evaluations.csv, mixes.csv, retained feature table, or SCHEMA.md.",false,Institution equality alone was not used as self-rating evidence.
evaluation_145bf9522d35,Pouring Room,McG-X,mix_cbf8555ee2b2,participant_smc_smc_16,SMC,mixer_id=McG-X; legacy_mix_code=McG-X; mixer_institution_code=McG,false,,"No explicit participant-to-mixer identity mapping or creator/evaluator flag found in evaluations.csv, mixes.csv, retained feature table, or SCHEMA.md.",false,Institution equality alone was not used as self-rating evidence.
evaluation_f5af885d88af,Pouring Room,McG-X,mix_cbf8555ee2b2,participant_smc_smc_4,SMC,mixer_id=McG-X; legacy_mix_code=McG-X; mixer_institution_code=McG,false,,"No explicit participant-to-mixer identity mapping or creator/evaluator flag found in evaluations.csv, mixes.csv, retained feature table, or SCHEMA.md.",false,Institution equality alone was not used as self-rating evidence.
evaluation_9edca3ac9ddb,Pouring Room,McG-X,mix_cbf8555ee2b2,participant_smc_smc_12,SMC,mixer_id=McG-X; legacy_mix_code=McG-X; mixer_institution_code=McG,false,,"No explicit participant-to-mixer identity mapping or creator/evaluator flag found in evaluations.csv, mixes.csv, retained feature table, or SCHEMA.md.",false,Institution equality alone was not used as self-rating evidence.
evaluation_1bc89f19f636,Pouring Room,McG-X,mix_cbf8555ee2b2,participant_smc_smc_17,SMC,mixer_id=McG-X; legacy_mix_code=McG-X; mixer_institution_code=McG,false,,"No explicit participant-to-mixer identity mapping or creator/evaluator flag found in evaluations.csv, mixes.csv, retained feature table, or SCHEMA.md.",false,Institution equality alone was not used as self-rating evidence.
evaluation_e24a524ee858,Pouring Room,McG-X,mix_cbf8555ee2b2,participant_smc_smc_10,SMC,mixer_id=McG-X; legacy_mix_code=McG-X; mixer_institution_code=McG,false,,"No explicit participant-to-mixer identity mapping or creator/evaluator flag found in evaluations.csv, mixes.csv, retained feature table, or SCHEMA.md.",false,Institution equality alone was not used as self-rating evidence.
evaluation_9986682c6411,Pouring Room,McG-X,mix_cbf8555ee2b2,participant_smc_smc_19,SMC,mixer_id=McG-X; legacy_mix_code=McG-X; mixer_institution_code=McG,false,,"No explicit participant-to-mixer identity mapping or creator/evaluator flag found in evaluations.csv, mixes.csv, retained feature table, or SCHEMA.md.",false,Institution equality alone was not used as self-rating evidence.
evaluation_99f7243cda42,Pouring Room,McG-X,mix_cbf8555ee2b2,participant_smc_smc_14,SMC,mixer_id=McG-X; legacy_mix_code=McG-X; mixer_institution_code=McG,false,,"No explicit participant-to-mixer identity mapping or creator/evaluator flag found in evaluations.csv, mixes.csv, retained feature table, or SCHEMA.md.",false,Institution equality alone was not used as self-rating evidence.
evaluation_39919dfcf838,Pouring Room,McG-pro1,mix_132e75f34470,participant_mcg_mcg_f,McG,mixer_id=McG-pro1; legacy_mix_code=McG-pro1; mixer_institution_code=McG,false,,"No explicit participant-to-mixer identity mapping or creator/evaluator flag found in evaluations.csv, mixes.csv, retained feature table, or SCHEMA.md.",false,Institution equality alone was not used as self-rating evidence.
evaluation_50202f8067be,Pouring Room,McG-pro1,mix_132e75f34470,participant_mcg_mcg_pro1,McG,mixer_id=McG-pro1; legacy_mix_code=McG-pro1; mixer_institution_code=McG,false,,"No explicit participant-to-mixer identity mapping or creator/evaluator flag found in evaluations.csv, mixes.csv, retained feature table, or SCHEMA.md.",false,Institution equality alone was not used as self-rating evidence.
evaluation_ace8574d99ea,Pouring Room,McG-pro1,mix_132e75f34470,participant_mcg_mcg_t,McG,mixer_id=McG-pro1; legacy_mix_code=McG-pro1; mixer_institution_code=McG,false,,"No explicit participant-to-mixer identity mapping or creator/evaluator flag found in evaluations.csv, mixes.csv, retained feature table, or SCHEMA.md.",false,Institution equality alone was not used as self-rating evidence.
evaluation_c23826689a45,Pouring Room,McG-pro1,mix_132e75f34470,participant_mcg_mcg_pro2,McG,mixer_id=McG-pro1; legacy_mix_code=McG-pro1; mixer_institution_code=McG,false,,"No explicit participant-to-mixer identity mapping or creator/evaluator flag found in evaluations.csv, mixes.csv, retained feature table, or SCHEMA.md.",false,Institution equality alone was not used as self-rating evidence.
evaluation_65069d2af04c,Pouring Room,McG-pro1,mix_132e75f34470,participant_mcg_mcg_r,McG,mixer_id=McG-pro1; legacy_mix_code=McG-pro1; mixer_institution_code=McG,false,,"No explicit participant-to-mixer identity mapping or creator/evaluator flag found in evaluations.csv, mixes.csv, retained feature table, or SCHEMA.md.",false,Institution equality alone was not used as self-rating evidence.
evaluation_aaa4b2eb5c4d,Pouring Room,McG-pro1,mix_132e75f34470,participant_mcg_mcg_c,McG,mixer_id=McG-pro1; legacy_mix_code=McG-pro1; mixer_institution_code=McG,false,,"No explicit participant-to-mixer identity mapping or creator/evaluator flag found in evaluations.csv, mixes.csv, retained feature table, or SCHEMA.md.",false,Institution equality alone was not used as self-rating evidence.
evaluation_11543d5627af,Pouring Room,McG-pro1,mix_132e75f34470,participant_mcg_mcg_q,McG,mixer_id=McG-pro1; legacy_mix_code=McG-pro1; mixer_institution_code=McG,false,,"No explicit participant-to-mixer identity mapping or creator/evaluator flag found in evaluations.csv, mixes.csv, retained feature table, or SCHEMA.md.",false,Institution equality alone was not used as self-rating evidence.
evaluation_d5146cbf7127,Pouring Room,McG-pro1,mix_132e75f34470,participant_mcg_mcg_b,McG,mixer_id=McG-pro1; legacy_mix_code=McG-pro1; mixer_institution_code=McG,false,,"No explicit participant-to-mixer identity mapping or creator/evaluator flag found in evaluations.csv, mixes.csv, retained feature table, or SCHEMA.md.",false,Institution equality alone was not used as self-rating evidence.
evaluation_acb532959201,Pouring Room,McG-pro1,mix_132e75f34470,participant_mcg_mcg_s,McG,mixer_id=McG-pro1; legacy_mix_code=McG-pro1; mixer_institution_code=McG,false,,"No explicit participant-to-mixer identity mapping or creator/evaluator flag found in evaluations.csv, mixes.csv, retained feature table, or SCHEMA.md.",false,Institution equality alone was not used as self-rating evidence.
evaluation_77590e8001b2,Pouring Room,McG-pro1,mix_132e75f34470,participant_mcg_mcg_h,McG,mixer_id=McG-pro1; legacy_mix_code=McG-pro1; mixer_institution_code=McG,false,,"No explicit participant-to-mixer identity mapping or creator/evaluator flag found in evaluations.csv, mixes.csv, retained feature table, or SCHEMA.md.",false,Institution equality alone was not used as self-rating evidence.
evaluation_4e8176d40ab3,Pouring Room,McG-pro1,mix_132e75f34470,participant_mcg_mcg_subc,McG,mixer_id=McG-pro1; legacy_mix_code=McG-pro1; mixer_institution_code=McG,false,,"No explicit participant-to-mixer identity mapping or creator/evaluator flag found in evaluations.csv, mixes.csv, retained feature table, or SCHEMA.md.",false,Institution equality alone was not used as self-rating evidence.
evaluation_125930384359,Pouring Room,McG-pro1,mix_132e75f34470,participant_mcg_mcg_w,McG,mixer_id=McG-pro1; legacy_mix_code=McG-pro1; mixer_institution_code=McG,false,,"No explicit participant-to-mixer identity mapping or creator/evaluator flag found in evaluations.csv, mixes.csv, retained feature table, or SCHEMA.md.",false,Institution equality alone was not used as self-rating evidence.
evaluation_b8f2f32ae829,Pouring Room,McG-pro1,mix_132e75f34470,participant_mcg_mcg_sube,McG,mixer_id=McG-pro1; legacy_mix_code=McG-pro1; mixer_institution_code=McG,false,,"No explicit participant-to-mixer identity mapping or creator/evaluator flag found in evaluations.csv, mixes.csv, retained feature table, or SCHEMA.md.",false,Institution equality alone was not used as self-rating evidence.
evaluation_e71d20ca536a,Pouring Room,McG-pro1,mix_132e75f34470,participant_mcg_mcg_d,McG,mixer_id=McG-pro1; legacy_mix_code=McG-pro1; mixer_institution_code=McG,false,,"No explicit participant-to-mixer identity mapping or creator/evaluator flag found in evaluations.csv, mixes.csv, retained feature table, or SCHEMA.md.",false,Institution equality alone was not used as self-rating evidence.
evaluation_21a710a042d4,Pouring Room,McG-pro1,mix_132e75f34470,participant_mcg_mcg_e,McG,mixer_id=McG-pro1; legacy_mix_code=McG-pro1; mixer_institution_code=McG,false,,"No explicit participant-to-mixer identity mapping or creator/evaluator flag found in evaluations.csv, mixes.csv, retained feature table, or SCHEMA.md.",false,Institution equality alone was not used as self-rating evidence.
evaluation_9a82a0241b7e,Pouring Room,McG-pro1,mix_132e75f34470,participant_mcg_mcg_subd,McG,mixer_id=McG-pro1; legacy_mix_code=McG-pro1; mixer_institution_code=McG,false,,"No explicit participant-to-mixer identity mapping or creator/evaluator flag found in evaluations.csv, mixes.csv, retained feature table, or SCHEMA.md.",false,Institution equality alone was not used as self-rating evidence.
evaluation_b46226acf7c1,Pouring Room,McG-pro1,mix_132e75f34470,participant_mcg_mcg_v,McG,mixer_id=McG-pro1; legacy_mix_code=McG-pro1; mixer_institution_code=McG,false,,"No explicit participant-to-mixer identity mapping or creator/evaluator flag found in evaluations.csv, mixes.csv, retained feature table, or SCHEMA.md.",false,Institution equality alone was not used as self-rating evidence.
evaluation_e251cb3176e1,Pouring Room,McG-pro1,mix_132e75f34470,participant_mcg_mcg_subg,McG,mixer_id=McG-pro1; legacy_mix_code=McG-pro1; mixer_institution_code=McG,false,,"No explicit participant-to-mixer identity mapping or creator/evaluator flag found in evaluations.csv, mixes.csv, retained feature table, or SCHEMA.md.",false,Institution equality alone was not used as self-rating evidence.
evaluation_9fb13fb8abd9,Pouring Room,McG-pro1,mix_132e75f34470,participant_mcg_mcg_subb,McG,mixer_id=McG-pro1; legacy_mix_code=McG-pro1; mixer_institution_code=McG,false,,"No explicit participant-to-mixer identity mapping or creator/evaluator flag found in evaluations.csv, mixes.csv, retained feature table, or SCHEMA.md.",false,Institution equality alone was not used as self-rating evidence.
evaluation_e44ac964593f,Pouring Room,McG-pro1,mix_132e75f34470,participant_mcg_mcg_u,McG,mixer_id=McG-pro1; legacy_mix_code=McG-pro1; mixer_institution_code=McG,false,,"No explicit participant-to-mixer identity mapping or creator/evaluator flag found in evaluations.csv, mixes.csv, retained feature table, or SCHEMA.md.",false,Institution equality alone was not used as self-rating evidence.
evaluation_0b6be226e3d9,Pouring Room,McG-pro1,mix_132e75f34470,participant_mcg_mcg_g,McG,mixer_id=McG-pro1; legacy_mix_code=McG-pro1; mixer_institution_code=McG,false,,"No explicit participant-to-mixer identity mapping or creator/evaluator flag found in evaluations.csv, mixes.csv, retained feature table, or SCHEMA.md.",false,Institution equality alone was not used as self-rating evidence.
evaluation_22c707812cbd,Pouring Room,McG-pro1,mix_132e75f34470,participant_mcg_mcg_a,McG,mixer_id=McG-pro1; legacy_mix_code=McG-pro1; mixer_institution_code=McG,false,,"No explicit participant-to-mixer identity mapping or creator/evaluator flag found in evaluations.csv, mixes.csv, retained feature table, or SCHEMA.md.",false,Institution equality alone was not used as self-rating evidence.
evaluation_559ebf91bcec,Pouring Room,McG-pro1,mix_132e75f34470,participant_mcg_mcg_x,McG,mixer_id=McG-pro1; legacy_mix_code=McG-pro1; mixer_institution_code=McG,false,,"No explicit participant-to-mixer identity mapping or creator/evaluator flag found in evaluations.csv, mixes.csv, retained feature table, or SCHEMA.md.",false,Institution equality alone was not used as self-rating evidence.
evaluation_3d31ed53c3f4,Pouring Room,McG-pro1,mix_132e75f34470,participant_qm_qm_21,QM,mixer_id=McG-pro1; legacy_mix_code=McG-pro1; mixer_institution_code=McG,false,,"No explicit participant-to-mixer identity mapping or creator/evaluator flag found in evaluations.csv, mixes.csv, retained feature table, or SCHEMA.md.",false,Institution equality alone was not used as self-rating evidence.
evaluation_ff015a0d22f5,Pouring Room,McG-pro1,mix_132e75f34470,participant_qm_qm_21,QM,mixer_id=McG-pro1; legacy_mix_code=McG-pro1; mixer_institution_code=McG,false,,"No explicit participant-to-mixer identity mapping or creator/evaluator flag found in evaluations.csv, mixes.csv, retained feature table, or SCHEMA.md.",false,Institution equality alone was not used as self-rating evidence.
evaluation_6436ec0d17b3,Pouring Room,McG-pro1,mix_132e75f34470,participant_qm_qm_12,QM,mixer_id=McG-pro1; legacy_mix_code=McG-pro1; mixer_institution_code=McG,false,,"No explicit participant-to-mixer identity mapping or creator/evaluator flag found in evaluations.csv, mixes.csv, retained feature table, or SCHEMA.md.",false,Institution equality alone was not used as self-rating evidence.
evaluation_560907ffeebd,Pouring Room,McG-pro1,mix_132e75f34470,participant_qm_qm_14,QM,mixer_id=McG-pro1; legacy_mix_code=McG-pro1; mixer_institution_code=McG,false,,"No explicit participant-to-mixer identity mapping or creator/evaluator flag found in evaluations.csv, mixes.csv, retained feature table, or SCHEMA.md.",false,Institution equality alone was not used as self-rating evidence.
evaluation_07930641020d,Pouring Room,McG-pro1,mix_132e75f34470,participant_qm_qm_1,QM,mixer_id=McG-pro1; legacy_mix_code=McG-pro1; mixer_institution_code=McG,false,,"No explicit participant-to-mixer identity mapping or creator/evaluator flag found in evaluations.csv, mixes.csv, retained feature table, or SCHEMA.md.",false,Institution equality alone was not used as self-rating evidence.
evaluation_e67c41f7d4bb,Pouring Room,McG-pro1,mix_132e75f34470,participant_qm_qm_2,QM,mixer_id=McG-pro1; legacy_mix_code=McG-pro1; mixer_institution_code=McG,false,,"No explicit participant-to-mixer identity mapping or creator/evaluator flag found in evaluations.csv, mixes.csv, retained feature table, or SCHEMA.md.",false,Institution equality alone was not used as self-rating evidence.
evaluation_8335210d5a74,Pouring Room,McG-pro1,mix_132e75f34470,participant_qm_qm_13,QM,mixer_id=McG-pro1; legacy_mix_code=McG-pro1; mixer_institution_code=McG,false,,"No explicit participant-to-mixer identity mapping or creator/evaluator flag found in evaluations.csv, mixes.csv, retained feature table, or SCHEMA.md.",false,Institution equality alone was not used as self-rating evidence.
evaluation_a7bdc6eb0140,Pouring Room,McG-pro1,mix_132e75f34470,participant_qm_qm_18,QM,mixer_id=McG-pro1; legacy_mix_code=McG-pro1; mixer_institution_code=McG,false,,"No explicit participant-to-mixer identity mapping or creator/evaluator flag found in evaluations.csv, mixes.csv, retained feature table, or SCHEMA.md.",false,Institution equality alone was not used as self-rating evidence.
evaluation_f0915e21f1f0,Pouring Room,McG-pro1,mix_132e75f34470,participant_qm_qm_3,QM,mixer_id=McG-pro1; legacy_mix_code=McG-pro1; mixer_institution_code=McG,false,,"No explicit participant-to-mixer identity mapping or creator/evaluator flag found in evaluations.csv, mixes.csv, retained feature table, or SCHEMA.md.",false,Institution equality alone was not used as self-rating evidence.
evaluation_86b60f304dea,Pouring Room,McG-pro1,mix_132e75f34470,participant_qm_qm_19,QM,mixer_id=McG-pro1; legacy_mix_code=McG-pro1; mixer_institution_code=McG,false,,"No explicit participant-to-mixer identity mapping or creator/evaluator flag found in evaluations.csv, mixes.csv, retained feature table, or SCHEMA.md.",false,Institution equality alone was not used as self-rating evidence.
evaluation_a23dcc1e7703,Pouring Room,McG-pro1,mix_132e75f34470,participant_smc_smc_16,SMC,mixer_id=McG-pro1; legacy_mix_code=McG-pro1; mixer_institution_code=McG,false,,"No explicit participant-to-mixer identity mapping or creator/evaluator flag found in evaluations.csv, mixes.csv, retained feature table, or SCHEMA.md.",false,Institution equality alone was not used as self-rating evidence.
evaluation_6f6aa6298c5e,Pouring Room,McG-pro1,mix_132e75f34470,participant_smc_smc_4,SMC,mixer_id=McG-pro1; legacy_mix_code=McG-pro1; mixer_institution_code=McG,false,,"No explicit participant-to-mixer identity mapping or creator/evaluator flag found in evaluations.csv, mixes.csv, retained feature table, or SCHEMA.md.",false,Institution equality alone was not used as self-rating evidence.
evaluation_d77348218aa3,Pouring Room,McG-pro1,mix_132e75f34470,participant_smc_smc_12,SMC,mixer_id=McG-pro1; legacy_mix_code=McG-pro1; mixer_institution_code=McG,false,,"No explicit participant-to-mixer identity mapping or creator/evaluator flag found in evaluations.csv, mixes.csv, retained feature table, or SCHEMA.md.",false,Institution equality alone was not used as self-rating evidence.
evaluation_d02b7a4899ea,Pouring Room,McG-pro1,mix_132e75f34470,participant_smc_smc_17,SMC,mixer_id=McG-pro1; legacy_mix_code=McG-pro1; mixer_institution_code=McG,false,,"No explicit participant-to-mixer identity mapping or creator/evaluator flag found in evaluations.csv, mixes.csv, retained feature table, or SCHEMA.md.",false,Institution equality alone was not used as self-rating evidence.
evaluation_5baf9dc9817c,Pouring Room,McG-pro1,mix_132e75f34470,participant_smc_smc_10,SMC,mixer_id=McG-pro1; legacy_mix_code=McG-pro1; mixer_institution_code=McG,false,,"No explicit participant-to-mixer identity mapping or creator/evaluator flag found in evaluations.csv, mixes.csv, retained feature table, or SCHEMA.md.",false,Institution equality alone was not used as self-rating evidence.
evaluation_aff212e40ec6,Pouring Room,McG-pro1,mix_132e75f34470,participant_smc_smc_19,SMC,mixer_id=McG-pro1; legacy_mix_code=McG-pro1; mixer_institution_code=McG,false,,"No explicit participant-to-mixer identity mapping or creator/evaluator flag found in evaluations.csv, mixes.csv, retained feature table, or SCHEMA.md.",false,Institution equality alone was not used as self-rating evidence.
evaluation_5d24f4b3726d,Pouring Room,McG-pro1,mix_132e75f34470,participant_smc_smc_14,SMC,mixer_id=McG-pro1; legacy_mix_code=McG-pro1; mixer_institution_code=McG,false,,"No explicit participant-to-mixer identity mapping or creator/evaluator flag found in evaluations.csv, mixes.csv, retained feature table, or SCHEMA.md.",false,Institution equality alone was not used as self-rating evidence.
