artist,song,song_id,mix_id,mixer_id,institution_code,institution_name,original_dataset_filename,original_mix_name,institution_category,source_path,reference_mix_id,decoder_backend,original_sample_rate,target_sample_rate,original_channels,target_channels,approved_aligned_start_seconds,approved_aligned_end_seconds,alignment_lag_seconds,actual_source_start_seconds,actual_source_end_seconds,decoded_duration_seconds,decoded_sample_count,feature_extraction_status,exclusion_reason,extraction_notes,rms_left,rms_right,rms_mean,crest_factor_left,crest_factor_right,crest_factor_mean,stereo_width,stereo_imbalance,bark_mid_01,bark_mid_02,bark_mid_03,bark_mid_04,bark_mid_05,bark_mid_06,bark_mid_07,bark_mid_08,bark_mid_09,bark_mid_10,bark_mid_11,bark_mid_12,bark_mid_13,bark_mid_14,bark_mid_15,bark_mid_16,bark_mid_17,bark_mid_18,bark_mid_19,bark_mid_20,bark_mid_21,bark_mid_22,bark_mid_23,bark_mid_24,bark_side_01,bark_side_02,bark_side_03,bark_side_04,bark_side_05,bark_side_06,bark_side_07,bark_side_08,bark_side_09,bark_side_10,bark_side_11,bark_side_12,bark_side_13,bark_side_14,bark_side_15,bark_side_16,bark_side_17,bark_side_18,bark_side_19,bark_side_20,bark_side_21,bark_side_22,bark_side_23,bark_side_24,distance_from_medoid,nearest_neighbour_distance,acoustic_outlier_score,stereo_imbalance_qc_only,stereo_imbalance_qc_flag,candidate_pool_selected,scaled_rms_mean,scaled_crest_factor_mean,scaled_stereo_width,combined_scalar_rms_mean,combined_scalar_crest_factor_mean,combined_scalar_stereo_width,bark_pc_01,bark_pc_02,bark_pc_03,bark_pc_04,bark_pc_05,bark_pc_06,bark_pc_07,bark_pc_08,bark_pc_09,combined_bark_pc_01,combined_bark_pc_02,combined_bark_pc_03,combined_bark_pc_04,combined_bark_pc_05,combined_bark_pc_06,combined_bark_pc_07,combined_bark_pc_08,combined_bark_pc_09
Broken Crank,Red To Blue,song_redtoblue,mix_5143d2ee3859,McG-C,McG,McGill University,McG-C.mp3,McG-C,university_or_institution,C:\Users\oscar\OneDrive\Public share - Mix Eval Dataset\MixEvaluation\audio\RedToBlue\McG-C.mp3,mix_5143d2ee3859,soundfile,48000,44100,2,2,3.005442,31.005442,0,3.005442,31.005442,28,1234800,ok,,features extracted before preview fades; no normalisation applied,0.052255127579,0.052592869848,0.0524239987135,16.2913818359,16.405412674,16.3483963013,0.0995679274201,0.00644245976582,8.55717468262,7.92541742325,7.57536554337,7.75395584106,7.46670866013,7.31647586823,7.07828378677,7.11174106598,6.92189407349,6.93068218231,7.23375892639,7.26336717606,7.31946849823,7.3838763237,7.58656024933,7.34380245209,7.15809202194,6.96830320358,7.01214742661,7.45353889465,7.78035354614,7.78949451447,7.85233306885,7.64040327072,6.67073011398,6.75895214081,6.72635650635,6.89721298218,6.702003479,6.23695468903,6.22661781311,6.23063611984,6.23591470718,6.10593509674,6.58831262589,6.63838911057,6.62266921997,6.80519914627,6.84772157669,6.59454917908,6.35502910614,6.24289894104,6.1177778244,6.30243110657,6.54984474182,6.73325252533,7.34845209122,7.59858989716,1.08209318063,1.08209318063,2.38270562526,0.00644245976582,false,true,0.745627270748,0.528681920608,0.118518899054,0.412890906857,0.292757475755,0.0656298094637,2.78432436152,-2.55600295944,-0.401645372593,-7.06254098292,0.918334623552,,,,,0.291219177965,-0.26733849368,-0.0420090549997,-0.738688138429,0.0960508257817,,,,
Broken Crank,Red To Blue,song_redtoblue,mix_5b76bf1a027d,McG-H,McG,McGill University,McG-H.mp3,McG-H,university_or_institution,C:\Users\oscar\OneDrive\Public share - Mix Eval Dataset\MixEvaluation\audio\RedToBlue\McG-H.mp3,mix_5143d2ee3859,soundfile,48000,44100,2,2,3.005442,31.005442,-0.000454,3.004988,31.004988,28,1234800,ok,,features extracted before preview fades; no normalisation applied,0.0517701283097,0.0500578954816,0.0509140118957,14.3211317062,14.5534820557,14.4373073578,0.111657723784,-0.0336204059422,8.39147090912,7.91940975189,7.69438886642,7.84283161163,7.44485378265,7.34521913528,7.06728649139,7.12750005722,7.03487348557,7.05261993408,7.35480737686,7.39136743546,7.48682451248,7.60120201111,7.89767026901,7.70193529129,7.54112482071,7.25248718262,7.19024372101,7.62435436249,7.98324775696,7.91836833954,7.7590918541,7.39849233627,6.74543523788,6.82974767685,6.9094004631,7.03330278397,6.7258939743,6.52235841751,6.50136804581,6.41634130478,6.29396152496,6.21735095978,6.73301124573,6.78424596786,6.81228971481,6.98080015182,7.04080963135,6.82040977478,6.59491014481,6.42496585846,6.24253797531,6.36833620071,6.52716636658,6.58599233627,7.03334379196,7.27325582504,1.5315347612,1.5315347612,4.18837821587,-0.0336204059422,false,true,0.421432042098,-2.22062540949,0.323839557613,0.233367883481,-1.22967074178,0.179326070631,5.5369760599,3.1028867596,-6.86789074967,-0.574337934992,-1.82359927232,,,,,0.579125635958,0.324538384945,-0.718329202631,-0.0600713852217,-0.190734631483,,,,
Broken Crank,Red To Blue,song_redtoblue,mix_7ac13e0b6376,McG-B,McG,McGill University,McG-B.mp3,McG-B,university_or_institution,C:\Users\oscar\OneDrive\Public share - Mix Eval Dataset\MixEvaluation\audio\RedToBlue\McG-B.mp3,mix_5143d2ee3859,soundfile,48000,44100,2,2,3.005442,31.005442,-0.000454,3.004988,31.004988,28,1234800,ok,,features extracted before preview fades; no normalisation applied,0.0425793379545,0.0483681000769,0.0454737171531,18.4334812164,16.80534935,17.6194152832,0.134228721261,0.126785472035,8.25605869293,8.07318973541,7.57319259644,7.69832515717,7.40482854843,7.33732509613,7.07279539108,7.16773986816,7.04209804535,6.96193265915,7.17322921753,7.1992893219,7.25581359863,7.29637861252,7.50993251801,7.35397481918,7.19818258286,7.06196498871,6.92723655701,7.22327423096,7.5363779068,7.47252035141,7.35497093201,6.74507284164,6.93759679794,6.86893463135,6.76198959351,6.87912988663,6.70122289658,6.40476799011,6.3258972168,6.29543685913,6.23561382294,6.1731801033,6.61315727234,6.65420818329,6.68737888336,6.83061408997,6.88295698166,6.64377880096,6.47773456573,6.25938463211,6.08224725723,6.23227119446,6.43796873093,6.48148775101,6.84876346588,6.56656312943,1.94833049391,1.43124064575,4.16737798256,0.126785472035,true,true,-0.74660305411,2.35717965511,0.707162148566,-0.41343124664,1.30528761971,0.391590855473,2.35227224571,-0.940673640755,1.66427456929,2.10575755079,3.93630158122,,,,,0.246029808601,-0.0983873172898,0.174070477807,0.220246244084,0.411707244512,,,,
Broken Crank,Red To Blue,song_redtoblue,mix_808780e357c9,McG-pro1,McG,McGill University,McG-pro1.mp3,McG-pro1,university_or_institution,C:\Users\oscar\OneDrive\Public share - Mix Eval Dataset\MixEvaluation\audio\RedToBlue\McG-pro1.mp3,mix_5143d2ee3859,soundfile,48000,44100,2,2,3.005442,31.005442,-0.000454,3.004988,31.004988,28,1234800,ok,,features extracted before preview fades; no normalisation applied,0.0439536496997,0.0435291752219,0.0437414124608,15.4014053345,16.5603961945,15.9809007645,0.0225380174816,-0.00970399286598,8.27896595001,7.87351465225,7.4931845665,7.6864900589,7.48826742172,7.22416734695,7.06306934357,7.12392520905,7.04872560501,6.99912071228,7.33444023132,7.34916591644,7.38362646103,7.47798728943,7.60287714005,7.26256036758,6.9943447113,6.96995353699,6.94325017929,7.31391477585,7.63857316971,7.57993125916,7.44870042801,6.90230512619,5.67933034897,5.85978984833,5.81927204132,5.98220872879,5.71221637726,5.62669992447,5.58833122253,5.52048063278,5.47826099396,5.50031471252,5.81917095184,5.85693359375,5.9826631546,6.08166074753,6.1800532341,6.08836698532,5.99480819702,5.94385766983,5.96949291229,6.15834474564,6.40392065048,6.46704149246,6.86133956909,6.77603816986,1.62859994591,1.68830575362e-16,3.82323845602,-0.00970399286598,false,true,-1.11853008631,0,-1.18967781173,-0.619385743794,0,-0.6587837782,-10.5267561407,-2.53663786758,-2.25005335061,0.577241667266,-0.517422270601,,,,,-1.1010187291,-0.265313052172,-0.235338488647,0.0603750935602,-0.0541184390684,,,,
Broken Crank,Red To Blue,song_redtoblue,mix_8978729ff911,McG-D,McG,McGill University,McG-D.mp3,McG-D,university_or_institution,C:\Users\oscar\OneDrive\Public share - Mix Eval Dataset\MixEvaluation\audio\RedToBlue\McG-D.mp3,mix_5143d2ee3859,soundfile,48000,44100,2,2,3.005442,31.005442,-0.000454,3.004988,31.004988,28,1234800,ok,,features extracted before preview fades; no normalisation applied,0.0506659559906,0.05015354231,0.0504097491503,16.9059734344,15.4121685028,16.1590709686,0.116803251207,-0.0101647302508,8.4925994873,7.78295469284,7.45053100586,7.69137191772,7.45695495605,7.31142997742,7.0381770134,7.09057760239,6.95180606842,6.87355041504,7.11693096161,7.10374832153,7.14146947861,7.21529197693,7.39736127853,7.15274477005,6.93904542923,6.66756629944,6.46925544739,6.80923080444,7.37400245667,7.48733854294,7.35671377182,6.61180353165,6.82642316818,6.66753530502,6.87007856369,7.08998775482,6.91290807724,6.50722742081,6.4701757431,6.38068294525,6.25201654434,6.14496898651,6.59327507019,6.6268157959,6.64787101746,6.84228992462,6.87646770477,6.59727096558,6.34177064896,6.06640481949,5.7638630867,5.87093448639,6.1233716011,6.23086261749,6.61826515198,6.54105472565,1.4245096116,1.40195654786,2.71189024139,-0.0101647302508,false,true,0.313166477049,0.256317033178,0.41122589956,0.173415855051,0.141935490323,0.22771623471,2.64783653651,-9.12051075317,7.57657175914,0.441544057053,-1.7026156302,,,,,0.276943588257,-0.953936143673,0.792451852947,0.0461821543164,-0.178080661532,,,,
Broken Crank,Red To Blue,song_redtoblue,mix_906e7f7daf44,McG-pro,McG,McGill University,McG-pro.mp3,McG-pro,university_or_institution,C:\Users\oscar\OneDrive\Public share - Mix Eval Dataset\MixEvaluation\audio\RedToBlue\McG-pro.mp3,mix_5143d2ee3859,soundfile,48000,44100,2,2,3.005442,31.005442,-0.000454,3.004988,31.004988,28,1234800,ok,,features extracted before preview fades; no normalisation applied,0.0439536496997,0.0435291752219,0.0437414124608,15.4014053345,16.5603961945,15.9809007645,0.0225380174816,-0.00970399286598,8.27896595001,7.87351465225,7.4931845665,7.6864900589,7.48826742172,7.22416734695,7.06306934357,7.12392520905,7.04872560501,6.99912071228,7.33444023132,7.34916591644,7.38362646103,7.47798728943,7.60287714005,7.26256036758,6.9943447113,6.96995353699,6.94325017929,7.31391477585,7.63857316971,7.57993125916,7.44870042801,6.90230512619,5.67933034897,5.85978984833,5.81927204132,5.98220872879,5.71221637726,5.62669992447,5.58833122253,5.52048063278,5.47826099396,5.50031471252,5.81917095184,5.85693359375,5.9826631546,6.08166074753,6.1800532341,6.08836698532,5.99480819702,5.94385766983,5.96949291229,6.15834474564,6.40392065048,6.46704149246,6.86133956909,6.77603816986,1.62859994591,1.68830575362e-16,3.82323845602,-0.00970399286598,false,true,-1.11853008631,0,-1.18967781173,-0.619385743794,0,-0.6587837782,-10.5267561407,-2.53663786758,-2.25005335061,0.577241667266,-0.517422270601,,,,,-1.1010187291,-0.265313052172,-0.235338488647,0.0603750935602,-0.0541184390684,,,,
Broken Crank,Red To Blue,song_redtoblue,mix_b4b312ffa4d6,McG-G,McG,McGill University,McG-G.mp3,McG-G,university_or_institution,C:\Users\oscar\OneDrive\Public share - Mix Eval Dataset\MixEvaluation\audio\RedToBlue\McG-G.mp3,mix_5143d2ee3859,soundfile,48000,44100,2,2,3.005442,31.005442,-0.005442,3,31,28,1234800,ok,,features extracted before preview fades; no normalisation applied,0.0484297312796,0.0485482029617,0.0484889671206,15.7918987274,15.0701990128,15.4310493469,0.0628943890333,0.00244334270246,8.32047843933,7.95210170746,7.73091602325,7.89475154877,7.61686420441,7.48529148102,7.25212287903,7.2478222847,7.0990524292,7.03674411774,7.36308097839,7.40031242371,7.43666934967,7.52072906494,7.62428569794,7.39452362061,7.14852237701,6.90774297714,6.79809188843,7.11622476578,7.42362165451,7.40419054031,7.49354505539,7.39607906342,6.5234875679,6.62970924377,6.5872964859,6.64862632751,6.42491817474,6.24308872223,6.2381939888,6.09482908249,6.00528144836,5.92843198776,6.42549133301,6.45915031433,6.44804668427,6.59331226349,6.64174127579,6.45009279251,6.25993728638,6.14567947388,6.08296823502,6.23299407959,6.42018890381,6.55983924866,7.13416862488,7.37594079971,1.70079267594,1.70079267594,3.87038516492,0.00244334270246,false,true,-0.0992267716634,-0.791020500648,-0.504306732297,-0.0549467989488,-0.438027396084,-0.279259721581,-3.60117805381,13.4622863153,5.9065854678,-0.821536898326,-0.26407560015,,,,,-0.376655869206,1.40805288654,0.617783972402,-0.0859265190168,-0.027620301808,,,,
Broken Crank,Red To Blue,song_redtoblue,mix_dcc6aef84d67,McG-F,McG,McGill University,McG-F.mp3,McG-F,university_or_institution,C:\Users\oscar\OneDrive\Public share - Mix Eval Dataset\MixEvaluation\audio\RedToBlue\McG-F.mp3,mix_5143d2ee3859,soundfile,48000,44100,2,2,3.005442,31.005442,-0.000454,3.004988,31.004988,28,1234800,ok,,features extracted before preview fades; no normalisation applied,0.0457000918686,0.050499998033,0.0481000468135,14.8118152618,14.0399637222,14.4258899689,0.249741911888,0.0995422303677,8.22351837158,7.89615011215,7.55173540115,7.76372766495,7.5020570755,7.31645488739,7.07094955444,7.14463758469,7.04894304276,7.00138235092,7.31459712982,7.35802459717,7.4007434845,7.49183988571,7.69426822662,7.45290660858,7.26546478271,7.00236034393,6.91245746613,7.20058584213,7.59700489044,7.58918237686,7.50154352188,7.22195005417,7.00926160812,7.15518569946,7.13765478134,7.31857156754,7.10957145691,6.79184436798,6.69620943069,6.68874788284,6.58570051193,6.48932790756,6.97268342972,7.02187776566,7.03452110291,7.17388820648,7.23853731155,6.94489574432,6.66941261292,6.39354276657,6.1058588028,6.19221448898,6.32961988449,6.43915653229,6.93669271469,7.19037914276,2.31775532025,1.58101498685,4.86483493262,0.0995422303677,false,true,-0.182728234326,-2.23705055343,2.66891929136,-0.101185712137,-1.23876616096,1.47791336203,7.83464883214,1.50026282743,-0.0940139731595,2.64591578784,-1.85338653895,,,,,0.819444754382,0.156916095471,-0.00983314744474,0.276742692536,-0.193850153303,,,,
Broken Crank,Red To Blue,song_redtoblue,mix_e2654ec905ad,McG-A,McG,McGill University,McG-A.mp3,McG-A,university_or_institution,C:\Users\oscar\OneDrive\Public share - Mix Eval Dataset\MixEvaluation\audio\RedToBlue\McG-A.mp3,mix_5143d2ee3859,soundfile,48000,44100,2,2,3.005442,31.005442,-0.000454,3.004988,31.004988,28,1234800,ok,,features extracted before preview fades; no normalisation applied,0.0516162291169,0.0530042499304,0.0523102395236,15.5743455887,15.8508071899,15.7125759125,0.0545476786792,0.0265296716243,8.51809310913,7.9541721344,7.44518709183,7.6200504303,7.41418504715,7.3163022995,7.08429813385,7.14734888077,7.03053951263,6.99354553223,7.35073280334,7.37528276443,7.40039014816,7.45198059082,7.6056303978,7.39923429489,7.16817855835,6.93442153931,6.81686782837,7.19359874725,7.59180545807,7.59934425354,7.70395565033,7.52388191223,6.2458729744,6.2943277359,6.42759656906,6.61309862137,6.41187286377,6.24616384506,6.26686286926,6.23605918884,6.24857664108,6.19428491592,6.66383934021,6.67809677124,6.67731380463,6.80932331085,6.82116603851,6.56764602661,6.31065511703,6.07236623764,5.87603092194,6.07548332214,6.39453554153,6.56191301346,6.98197031021,6.88755893707,0,0.800517955377,0.970845043914,0.0265296716243,false,true,0.721203092904,-0.386014206696,-0.64605867047,0.399366024741,-0.213755266358,-0.357754820402,0.588205099023,-0.3060542345,0.274649910767,0.411843024432,-0.0676449707499,,,,,0.0615217852416,-0.0320109480834,0.0287262943741,0.0430756519189,-0.00707515009657,,,,
Broken Crank,Red To Blue,song_redtoblue,mix_f4f9bdec5b71,McG-E,McG,McGill University,McG-E.mp3,McG-E,university_or_institution,C:\Users\oscar\OneDrive\Public share - Mix Eval Dataset\MixEvaluation\audio\RedToBlue\McG-E.mp3,mix_5143d2ee3859,soundfile,48000,44100,2,2,3.005442,31.005442,-0.000454,3.004988,31.004988,28,1234800,ok,,features extracted before preview fades; no normalisation applied,0.0506283156574,0.0481982678175,0.0494132936001,16.0712509155,16.3468284607,16.2090396881,0.0856105461717,-0.049148414284,8.50423908234,7.88224744797,7.36993837357,7.68055915833,7.47146987915,7.2693810463,7.05840587616,7.14409446716,7.04579019547,7.02225923538,7.30529022217,7.31024312973,7.38075494766,7.42665433884,7.656478405,7.47102975845,7.32909297943,7.15012216568,7.13811016083,7.46507787704,7.76317453384,7.69783592224,7.52275276184,6.500207901,6.58998394012,6.72560405731,6.68146467209,6.80684185028,6.63264751434,6.45042419434,6.44949531555,6.39058065414,6.32378435135,6.26204442978,6.72538328171,6.71945381165,6.70481061935,6.81837177277,6.82545375824,6.63105583191,6.44230604172,6.34678173065,6.28371524811,6.40339136124,6.58040952682,6.60155200958,6.84851837158,6.18301868439,0.800517955377,0.800517955377,1.34096613345,-0.049148414284,false,true,0.0992267716634,0.328202419394,-0.118518899054,0.0549467989488,0.181742004206,-0.0656298094637,2.91042720033,-0.0689185793525,-3.55842491035,1.69887206159,1.8915303488,,,,,0.304408577005,-0.00720835988184,-0.372184215161,0.177689112692,0.197839706066,,,,
Fredy V,In The Meantime,song_inthemeantime,mix_027ec3f8b8f1,McG-pro,McG,McGill University,McG-pro.mp3,McG-pro,university_or_institution,C:\Users\oscar\OneDrive\Public share - Mix Eval Dataset\MixEvaluation\audio\InTheMeantime\McG-pro.mp3,mix_13f0eed08780,soundfile,48000,44100,2,2,35.300431,63.300431,-0.519456,34.780975,62.780975,28,1234800,ok,,features extracted before preview fades; no normalisation applied,0.0550864562392,0.0519512370229,0.0535188466311,18.8688373566,18.6231098175,18.745973587,0.0663864612579,-0.0585313551128,8.27360916138,8.14904308319,7.85215950012,7.51739931107,7.61422872543,7.64970779419,7.47848033905,7.70725440979,7.8856754303,7.75315761566,7.50694561005,7.41681861877,7.37620687485,7.35584592819,7.47646141052,7.5539188385,7.94246101379,8.05984306335,8.48153209686,8.53242206573,8.56916427612,8.82004547119,8.88342094421,8.31556606293,5.719602108,6.56148529053,6.47140026093,6.18985176086,6.07627058029,6.18396902084,6.24482870102,6.42740440369,6.66881275177,6.42535591125,6.37415027618,6.16756629944,6.29944896698,6.27541732788,6.49031400681,6.63688611984,6.84018802643,7.00809431076,7.35779190063,7.42643594742,7.6033987999,7.95689058304,8.22235107422,7.70383548737,1.21057910454,3.40448045178e-16,2.6427275064,-0.0585313551128,false,false,-0.584569693883,0.0287927104185,-0.0707403315093,-0.43221601785,0.0212886004362,-0.0523036084598,1.74281947922,3.77317241261,-2.52821892629,0.669878608544,1.38319208868,-0.196005680159,-1.0772933289,-0.247676613868,,0.260319134707,0.56358618277,-0.377631631439,0.100057534251,0.206602790451,-0.0292767149238,-0.160911712629,-0.0369946300108,
Fredy V,In The Meantime,song_inthemeantime,mix_13f0eed08780,QUT-A,QUT,Queensland University of Technology,QUT-A.mp3,QUT-A,university_or_institution,C:\Users\oscar\OneDrive\Public share - Mix Eval Dataset\MixEvaluation\audio\InTheMeantime\QUT-A.mp3,mix_13f0eed08780,soundfile,44100,44100,2,2,35.300431,63.300431,0,35.300431,63.300431,28,1234800,ok,,features extracted before preview fades; no normalisation applied,0.0607802942395,0.053719650954,0.0572499707341,12.9845914841,13.8831949234,13.4338932037,0.0713646113873,-0.122862748802,8.49301528931,8.34122753143,7.88206100464,7.47481536865,7.60328912735,7.66090583801,7.47221517563,7.63598489761,7.92125225067,7.70815372467,7.48437833786,7.38884592056,7.29042243958,7.17926692963,7.27000379562,7.25115776062,7.46296596527,7.31733751297,7.5422577858,7.4625954628,7.396443367,7.61653375626,7.64052534103,6.35558366776,5.83947563171,6.70503473282,6.64722585678,6.47461986542,6.49599599838,6.49580001831,6.48020935059,6.64804983139,6.9572224617,6.94865846634,6.89012956619,6.58013677597,6.45990467072,6.2700676918,6.24125528336,6.25840520859,6.44761991501,6.478910923,6.84212064743,6.82996702194,6.78953647614,7.02621936798,7.23563241959,6.18260192871,1.28517446095,1.28517446095,4.15049860613,-0.122862748802,true,true,0.448797403486,-2.08881123245,0.00318305270642,0.331829426989,-1.5444140919,0.00235346850816,0.954966150976,-2.68791954549,3.11635856214,-1.02535079528,0.209201301367,0.808966096561,-1.21879093358,-0.203757945361,,0.142640109926,-0.401485580456,0.465480087873,-0.15315322957,0.0312477008667,0.120832568591,-0.182046738059,-0.0304346449294,
Fredy V,In The Meantime,song_inthemeantime,mix_145577f61939,McG-C,McG,McGill University,McG-C.mp3,McG-C,university_or_institution,C:\Users\oscar\OneDrive\Public share - Mix Eval Dataset\MixEvaluation\audio\InTheMeantime\McG-C.mp3,mix_13f0eed08780,soundfile,48000,44100,2,2,35.300431,63.300431,-0.554376,34.746055,62.746055,28,1234800,ok,,features extracted before preview fades; no normalisation applied,0.0594292990863,0.0591723099351,0.0593008026481,18.0360050201,17.7311153412,17.8835601807,0.0709359049797,-0.00433377549052,8.64112663269,8.27361011505,7.76534223557,7.36489725113,7.49274682999,7.48450708389,7.28855514526,7.47191572189,7.75621843338,7.60287618637,7.3834066391,7.34629535675,7.21881961823,7.15268278122,7.21668434143,7.15702676773,7.38586139679,7.53041124344,7.96746253967,8.02289295197,8.06840705872,8.19278240204,8.09051799774,7.26770782471,5.24132919312,6.54577684402,6.57893943787,6.24941444397,6.23373603821,6.40750408173,6.53100204468,6.75731277466,6.88187503815,6.6555147171,6.44268131256,6.0975933075,6.16708803177,5.94554138184,6.06782007217,6.21013736725,6.37003755569,6.41879796982,6.75889492035,6.81190061569,6.91256189346,7.19779157639,7.39304542542,6.84571218491,1.16672342269,0.631230734631,2.76940340221,-0.00433377549052,false,false,1.01679304331,-0.314999156004,-0.00318305270642,0.75179100928,-0.232902393434,-0.00235346850816,-0.325486413531,-2.21243882981,-0.099462978068,-1.84992211999,0.867041083059,-1.31947414868,-1.14315965898,0.3255646535,,-0.0486168203532,-0.3304646113,-0.0148564534048,-0.276316699058,0.12950703569,-0.197085454201,-0.170749946743,0.0486285067964,
Fredy V,In The Meantime,song_inthemeantime,mix_20a1372ac49d,UCP-A2,UCP,Universidade Católica Portuguesa,UCP-A2.mp3,UCP-A2,university_or_institution,C:\Users\oscar\OneDrive\Public share - Mix Eval Dataset\MixEvaluation\audio\InTheMeantime\UCP-A2.mp3,mix_13f0eed08780,soundfile,44100,44100,2,2,35.300431,63.300431,-0.55746,34.742971,62.742971,28,1234800,ok,,features extracted before preview fades; no normalisation applied,0.0562019720674,0.054693043232,0.0554475076497,18.8386878967,19.0478210449,18.9432544708,0.0375307649374,-0.0272085890174,8.41120910645,8.16164302826,7.896235466,7.81896829605,7.65762615204,7.51535892487,7.37296915054,7.74781942368,8.04230308533,7.90242433548,7.67782592773,7.53018665314,7.36622571945,7.24479007721,7.34084320068,7.41021251678,7.73603773117,7.85663223267,8.16038799286,8.10584354401,8.07752132416,8.26377773285,8.22464179993,6.63167667389,5.0976805687,6.0039563179,6.10237455368,6.04469871521,6.11217880249,6.12831354141,6.09338474274,6.29724407196,6.4910326004,6.41747188568,6.40549659729,6.21332454681,6.29553222656,6.3706202507,6.50558423996,6.52045583725,6.80633306503,6.98143863678,7.19712781906,7.15185546875,7.25578117371,7.45434474945,7.49372625351,5.95072746277,1.06740409771,0.440116769097,2.11976649982,-0.0272085890174,false,false,-0.0504103404064,0.107436621512,-0.499234987248,-0.0372721282285,0.0794359153532,-0.369121698264,0.0440467311202,1.46118328678,-0.612743095521,-0.220474901643,1.04496577643,2.53402130832,-0.660321252422,-1.28877959988,,0.00657911336694,0.218252075673,-0.0915233931715,-0.0329316009516,0.156083053904,0.378498313896,-0.098629983833,-0.192500711789,
Fredy V,In The Meantime,song_inthemeantime,mix_22efc79c8253,DU-J,DU,Dalarna University,DU-J.mp3,DU-J,university_or_institution,C:\Users\oscar\OneDrive\Public share - Mix Eval Dataset\MixEvaluation\audio\InTheMeantime\DU-J.mp3,mix_13f0eed08780,soundfile,44100,44100,2,2,35.300431,63.300431,-0.567438,34.732993,62.732993,28,1234800,ok,,features extracted before preview fades; no normalisation applied,0.0351480692625,0.0698106661439,0.0524793677032,18.4007930756,18.0513553619,18.2260742188,0.220763251185,0.595546245575,8.19989395142,8.18776416779,7.86943387985,7.53177833557,7.82262945175,7.77315473557,7.52027177811,7.73781108856,7.92965650558,7.72476530075,7.45355939865,7.36822938919,7.23390722275,7.18970251083,7.23250818253,7.23165845871,7.52809143066,7.55991840363,7.94774723053,8.01734161377,7.9832201004,8.07077121735,7.82046890259,5.95549488068,7.30669498444,7.41908979416,7.13365745544,6.77572393417,6.91986894608,6.96995210648,6.83049201965,7.06790590286,7.28224802017,7.06353330612,6.82911872864,6.64721822739,6.69746255875,6.53432559967,6.62574291229,6.70944881439,6.92854976654,6.9687204361,7.37260150909,7.46130990982,7.43910360336,7.53561973572,7.36310768127,5.55802679062,1.8050898563,1.26867416577,5.00500810811,0.595546245575,true,true,-0.872462375243,-0.178459603657,2.2216884742,-0.645076570848,-0.13194850853,1.64266015715,5.06740163172,-1.58843911585,2.92006821994,1.79988099838,0.539971355357,-0.623553557982,-0.53287047938,-0.259787775314,,0.756900886013,-0.237259854565,0.436160853928,0.26884222357,0.0806537209787,-0.0931381159051,-0.0795930868096,-0.038803633815,
Fredy V,In The Meantime,song_inthemeantime,mix_29131e66c9d7,DU-N,DU,Dalarna University,DU-N.mp3,DU-N,university_or_institution,C:\Users\oscar\OneDrive\Public share - Mix Eval Dataset\MixEvaluation\audio\InTheMeantime\DU-N.mp3,mix_13f0eed08780,soundfile,44100,44100,2,2,35.300431,63.300431,-0.55746,34.742971,62.742971,28,1234800,ok,,features extracted before preview fades; no normalisation applied,0.0561677999794,0.0554552711546,0.055811535567,16.6134338379,16.6603870392,16.6369094849,0.0505010820925,-0.0127661842853,8.58826541901,8.42352676392,7.8230099678,7.27631092072,7.25569248199,7.55853366852,7.3766708374,7.06613397598,7.65085840225,7.75698566437,7.15972328186,7.17094087601,7.11158227921,7.07660579681,7.11119174957,7.27913951874,7.53294754028,7.55788755417,7.96838951111,8.05132293701,8.31051635742,8.61919021606,8.64506626129,7.24345541,3.91302466393,5.80400419235,6.09708499908,5.92272806168,6.16753959656,6.37117958069,6.34365844727,6.18300914764,6.61792802811,6.51765441895,6.05213832855,6.06253814697,6.05253696442,5.94661474228,5.90888214111,6.06496143341,6.24669790268,6.17409229279,6.7161283493,6.74836587906,6.34997272491,6.14745235443,5.50514125824,3.17275238037,1.31607879386,1.11064181734,3.47274727507,-0.0127661842853,false,true,0.0504103404064,-0.811963102014,-0.306631366719,0.0372721282285,-0.600344941358,-0.226715462088,-3.26653730994,-3.26308454338,-1.96963325828,-2.75609076506,0.572911641313,-2.02210169047,1.53974587915,-2.33306836391,,-0.487911786705,-0.487396058477,-0.294197552643,-0.411668088227,0.0855739016624,-0.302034587419,0.229986708153,-0.348482642606,
Fredy V,In The Meantime,song_inthemeantime,mix_2d589c003982,PXL-S2,PXL,PXL University College,PXL-S2.mp3,PXL-S2,university_or_institution,C:\Users\oscar\OneDrive\Public share - Mix Eval Dataset\MixEvaluation\audio\InTheMeantime\PXL-S2.mp3,mix_13f0eed08780,soundfile,44100,44100,2,2,35.300431,63.300431,-1.035465,34.264966,62.264966,28,1234800,ok,,features extracted before preview fades; no normalisation applied,0.0526404045522,0.0497844740748,0.0512124374509,18.4616622925,17.9180545807,18.1898574829,0.0803062617779,-0.0557230822742,8.30921363831,8.27845668793,7.81884431839,7.56336259842,7.53333234787,7.47105169296,7.28389167786,7.48418951035,7.6890745163,7.50186252594,7.26306247711,7.2548418045,7.14903831482,7.23184585571,7.37160110474,7.44246721268,7.93300676346,8.12144565582,8.4914484024,8.54628562927,8.50131130219,8.49995231628,8.27344322205,6.61947727203,6.04125022888,6.90145158768,6.55878448486,6.35001182556,6.28149461746,6.23230218887,6.27932548523,6.44497776031,6.48653745651,6.4063744545,6.17914676666,6.07693767548,6.04028701782,6.1132774353,6.18668317795,6.28554773331,6.54602146149,6.68369960785,6.98701238632,6.9876127243,7.17181444168,7.50219345093,7.56473255157,6.07523775101,1.2726419967,0.648959995608,3.03690211298,-0.0557230822742,false,false,-1.22334966852,-0.192897017477,0.135962707832,-0.904513743527,-0.142623166445,0.100527380688,-0.105428460218,0.398529955525,-2.53730193335,1.71305818147,0.515554441894,-1.15736389395,0.174373523186,1.15564093627,,-0.0157474975835,0.0595270906793,-0.378988329919,0.255873788892,0.0770066480254,-0.17287158596,0.0260455917625,0.172614233515,
Fredy V,In The Meantime,song_inthemeantime,mix_2eae3034bad8,PXL-S1,PXL,PXL University College,PXL-S1.mp3,PXL-S1,university_or_institution,C:\Users\oscar\OneDrive\Public share - Mix Eval Dataset\MixEvaluation\audio\InTheMeantime\PXL-S1.mp3,mix_13f0eed08780,soundfile,44100,44100,2,2,35.300431,63.300431,-1.035465,34.264966,62.264966,28,1234800,ok,,features extracted before preview fades; no normalisation applied,0.0513987578452,0.0541311837733,0.0527649708092,21.3839836121,20.6474285126,21.0157051086,0.066623903811,0.0517501272261,8.46236991882,8.2677564621,7.95881700516,7.80381345749,7.77999401093,7.5477976799,7.38271379471,7.47043991089,7.58449602127,7.46505832672,7.19718408585,7.23091363907,7.15644311905,7.19260978699,7.34269285202,7.44927883148,7.75152397156,7.82118225098,8.15661621094,8.15897464752,8.1733417511,8.25667285919,8.1039686203,6.47650909424,5.47215652466,6.54256105423,6.52805042267,6.45719671249,6.24321651459,6.2856669426,6.28830242157,6.30073690414,6.47028827667,6.32392263412,6.12027597427,6.06887102127,6.21247243881,6.17906141281,6.34894800186,6.58960962296,6.51241064072,6.43488311768,6.83249998093,6.83920478821,6.6952457428,6.80454492569,6.6921916008,4.97904014587,1.53376505478,0.751589636806,2.88166669368,0.0517501272261,false,false,-0.793362124354,0.933596868598,-0.0672144119155,-0.58659184985,0.690277866001,-0.0496966328639,-0.916204409959,-1.14893014692,-0.999880273304,1.34901490428,0.723804746768,0.2664913946,1.80436397052,-0.100278183414,,-0.136850397909,-0.171611865285,-0.149348782625,0.20149785837,0.108112301717,0.0398049310764,0.269511830172,-0.0149782179094,
Fredy V,In The Meantime,song_inthemeantime,mix_2f518e7b8633,QUT-I,QUT,Queensland University of Technology,QUT-I.mp3,QUT-I,university_or_institution,C:\Users\oscar\OneDrive\Public share - Mix Eval Dataset\MixEvaluation\audio\InTheMeantime\QUT-I.mp3,mix_13f0eed08780,soundfile,44100,44100,2,2,35.300431,63.300431,-0.000454,35.299977,63.299977,28,1234800,ok,,features extracted before preview fades; no normalisation applied,0.055608600378,0.055226188153,0.0554173961282,16.2300224304,16.0171966553,16.1236095428,0.0814436748624,-0.00690044648945,8.41690731049,7.95810842514,7.71122074127,7.39884805679,7.57417106628,7.58701515198,7.35553789139,7.5390663147,7.80128002167,7.63114213943,7.42877626419,7.45960092545,7.43642520905,7.43679952621,7.56110239029,7.59209156036,8.00771999359,8.0633392334,8.38715553284,8.40930461884,8.46504020691,8.58104419708,8.35082054138,7.0115442276,6.34472513199,6.58135557175,6.551820755,6.45127487183,6.50049972534,6.58215999603,6.56119298935,6.79319810867,6.92714548111,6.89962339401,6.56200265884,6.31159114838,6.43268156052,6.31175947189,6.42813110352,6.53838634491,6.75724983215,6.83162927628,7.21074914932,7.2636346817,7.24489831924,7.36146259308,7.39991903305,6.24655675888,0.74211032314,0.74211032314,2.52059894791,-0.00690044648945,false,false,-0.0587499867733,-1.01658462557,0.152852801998,-0.043438251414,-0.751636910479,0.113015488295,2.41918594136,2.72983106936,-0.885531608044,0.683581465283,-1.72191139383,-0.844191993146,0.201772948761,0.648420518659,,0.361345738017,0.407745765035,-0.132268903756,0.102104284274,-0.257196163703,-0.126094143314,0.0301381526056,0.0968524109101,
Fredy V,In The Meantime,song_inthemeantime,mix_302f0efe8a80,DU-H,DU,Dalarna University,DU-H.mp3,DU-H,university_or_institution,C:\Users\oscar\OneDrive\Public share - Mix Eval Dataset\MixEvaluation\audio\InTheMeantime\DU-H.mp3,mix_13f0eed08780,soundfile,44100,44100,2,2,35.300431,63.300431,-0.55746,34.742971,62.742971,28,1234800,ok,,features extracted before preview fades; no normalisation applied,0.0612430460751,0.0634513646364,0.0623472034931,18.3714408875,18.8315963745,18.601518631,0.0428314469755,0.0354086197913,8.85261249542,8.30721855164,7.69913101196,7.27121114731,7.30970096588,7.14589977264,6.92536973953,7.12627363205,7.31204605103,7.1660823822,6.98257541656,6.88904190063,6.76846647263,6.78789949417,6.89338970184,6.90592241287,7.26204681396,7.37185811996,7.70504713058,7.75965499878,7.91453409195,8.13217926025,8.1121263504,6.62204408646,6.7623925209,6.18224859238,6.10066461563,6.04604959488,6.05885028839,6.2421875,6.35038137436,6.5935049057,6.64228820801,6.5204744339,6.36266374588,6.22056102753,6.12508630753,6.10389137268,6.11444282532,6.15557098389,6.36597204208,6.63965415955,6.89566326141,6.87206411362,6.93683958054,7.0595126152,6.90520811081,5.00038337708,2.25107568995,1.25556149847,5.80815072669,0.0354086197913,false,true,1.86052011101,-0.0287927104185,-0.420522143175,1.37562142192,-0.0212886004362,-0.310923416049,-0.470008352134,-8.30219718694,-3.14165766977,-1.76758400865,0.375202106131,-1.10761119157,-1.49264832038,0.731005556238,,-0.0702035804577,-1.24007151265,-0.469258931226,-0.264018129898,0.056042687595,-0.16544019069,-0.22295190283,0.109187862619,
Fredy V,In The Meantime,song_inthemeantime,mix_3042da8a2eb5,UCP-A1,UCP,Universidade Católica Portuguesa,UCP-A1.mp3,UCP-A1,university_or_institution,C:\Users\oscar\OneDrive\Public share - Mix Eval Dataset\MixEvaluation\audio\InTheMeantime\UCP-A1.mp3,mix_13f0eed08780,soundfile,44100,44100,2,2,35.300431,63.300431,-0.532517,34.767914,62.767914,28,1234800,ok,,features extracted before preview fades; no normalisation applied,0.0547555908561,0.0542365498841,0.0544960722327,19.2914505005,18.9686279297,19.1300392151,0.0329328998923,-0.00952418800443,8.51803874969,8.3168964386,7.91773748398,7.92654037476,7.62507820129,7.41108560562,7.25630187988,7.51372766495,7.8446764946,7.66267871857,7.46434736252,7.38722896576,7.24514722824,7.17762470245,7.29204082489,7.35824012756,7.66916656494,7.77055454254,8.07160186768,8.0329580307,8.0315694809,8.22904491425,8.22575569153,6.69862747192,4.88826227188,5.89452791214,5.98412132263,5.97888612747,6.02276134491,6.02935171127,6.01624822617,6.16338396072,6.34147262573,6.22115802765,6.26970052719,6.09206008911,6.21144914627,6.30671405792,6.45389080048,6.47467184067,6.76556062698,6.95738840103,7.17800712585,7.13877725601,7.23703718185,7.44744729996,7.47068309784,5.93723297119,1.25333544232,0.440116769097,2.49098096641,-0.00952418800443,false,false,-0.31391860978,0.181896359027,-0.567511301836,-0.232103464938,0.134489558358,-0.419603475054,-0.733096564599,-0.312591467441,-1.97005853597,-0.444294915042,1.63778577151,2.81666426399,-0.0382038463263,-0.769453222572,,-0.109500189566,-0.0466907452501,-0.294261074954,-0.0663628500929,0.24463059999,0.420715749797,-0.00570638114659,-0.114930662347,
Fredy V,In The Meantime,song_inthemeantime,mix_526612c31256,PXL-S7,PXL,PXL University College,PXL-S7.mp3,PXL-S7,university_or_institution,C:\Users\oscar\OneDrive\Public share - Mix Eval Dataset\MixEvaluation\audio\InTheMeantime\PXL-S7.mp3,mix_13f0eed08780,soundfile,44100,44100,2,2,35.300431,63.300431,-1.025488,34.274943,62.274943,28,1234800,ok,,features extracted before preview fades; no normalisation applied,0.0544536262751,0.0533816255629,0.0539176240563,21.9064559937,22.4022903442,22.1543731689,0.0722904875875,-0.0198803134263,8.63270664215,8.28131961823,7.64337062836,7.73536205292,7.58496904373,7.40583133698,7.19311141968,7.37738656998,7.62689685822,7.49143457413,7.35127258301,7.3228764534,7.31560564041,7.28632259369,7.42209196091,7.48056459427,7.78277683258,7.83300495148,8.12359619141,8.08170795441,8.04115486145,8.12217521667,8.03659534454,6.4956111908,5.7250790596,6.1723241806,6.24226379395,6.07951927185,6.1438574791,6.3747010231,6.43821382523,6.59197759628,6.93499994278,6.83635663986,6.66802978516,6.44534444809,6.5377869606,6.27750492096,6.37308645248,6.52573728561,6.69644927979,6.74755954742,7.22744369507,7.20760917664,7.02828264236,7.13170528412,7.11789560318,5.45621204376,1.6519078179,0.751589636806,3.39127582073,-0.0198803134263,false,true,-0.474124836248,1.38751469365,0.0169319152968,-0.350555888941,1.02589320294,0.0125190290923,1.22442039954,-0.435817489654,-1.2815312521,-0.888422893601,-1.31537082514,1.34836302198,0.857533887923,0.994565470364,,0.18288759262,-0.0650966053281,-0.191418050248,-0.13270076544,-0.196472554445,0.201400488885,0.128086977652,0.148554928231,
Fredy V,In The Meantime,song_inthemeantime,mix_5383540067d5,McG-B,McG,McGill University,McG-B.mp3,McG-B,university_or_institution,C:\Users\oscar\OneDrive\Public share - Mix Eval Dataset\MixEvaluation\audio\InTheMeantime\McG-B.mp3,mix_13f0eed08780,soundfile,48000,44100,2,2,35.300431,63.300431,-0.519456,34.780975,62.780975,28,1234800,ok,,features extracted before preview fades; no normalisation applied,0.0603517219424,0.0576483234763,0.0590000227094,18.9919128418,18.6165275574,18.8042201996,0.143251687288,-0.0457961820066,8.25650119781,8.00430679321,7.81527090073,7.54518222809,7.68189954758,7.62456178665,7.57920789719,7.85034799576,8.1372833252,7.91265249252,7.6368303299,7.51369190216,7.33724212646,7.31076908112,7.41564750671,7.4259519577,7.78733301163,7.85350561142,8.26624679565,8.27470397949,8.16648292542,8.25984668732,8.16220664978,6.97158432007,6.01007175446,6.80421972275,6.85935735703,6.59800720215,6.6725435257,6.83293056488,6.95847940445,7.15226173401,7.33799123764,7.01806688309,6.81205558777,6.48133277893,6.48379421234,6.31199598312,6.39995527267,6.48013162613,6.64303302765,6.68982028961,7.18023777008,7.30716180801,7.41919136047,7.71442461014,7.87361621857,6.8615231514,1.28078877067,0.571330492188,3.04003841115,-0.0457961820066,false,false,0.933489437318,0.0520120986055,1.07067515194,0.690198434035,0.0384564276502,0.791630074953,3.58929965642,2.1449547406,2.01999316935,-0.0859131950853,0.1454090907,-1.02930497217,-0.534016175073,0.195514321081,,0.536121722246,0.320384737901,0.30171964465,-0.0128325674983,0.0217192710552,-0.153743851787,-0.0797642155553,0.0292033222565,
Fredy V,In The Meantime,song_inthemeantime,mix_54ac02ce9456,PXL-S5,PXL,PXL University College,PXL-S5.mp3,PXL-S5,university_or_institution,C:\Users\oscar\OneDrive\Public share - Mix Eval Dataset\MixEvaluation\audio\InTheMeantime\PXL-S5.mp3,mix_13f0eed08780,soundfile,44100,44100,2,2,35.300431,63.300431,-1.050431,34.25,62.25,28,1234800,ok,,features extracted before preview fades; no normalisation applied,0.0578313395381,0.0579904764891,0.0579109080136,18.061504364,18.66639328,18.363948822,0.117517851293,0.00274803163484,8.71084690094,8.38566017151,7.69891738892,7.58940172195,7.60561513901,7.32645320892,7.16554784775,7.32970428467,7.55671977997,7.36136293411,7.17205238342,7.05057573318,6.94605302811,6.91834211349,7.03377532959,7.14905452728,7.4095954895,7.41332626343,7.71860790253,7.67955732346,7.61258602142,7.69552516937,7.58264255524,6.05378437042,5.92754554749,6.66233730316,6.67527246475,6.41065216064,6.4074678421,6.55258083344,6.71811628342,6.90493965149,7.18763256073,6.89253664017,6.73917293549,6.43742847443,6.61270952225,6.29315805435,6.50668334961,6.6421918869,6.72645950317,6.58400058746,6.98465776443,6.93904209137,6.6821346283,6.68573045731,6.51528930664,4.78580951691,1.28223950514,1.02834432432,3.27855943352,0.00274803163484,false,true,0.631849700651,-0.123497369976,0.688538776753,0.467173656713,-0.0913108257659,0.509088123003,2.0177271415,-6.36650638764,0.262788937962,-1.06002535868,-0.512507413552,0.374306538207,0.541175937541,0.140671196339,,0.301381175626,-0.950943831932,0.0392519074732,-0.158332453492,-0.0765515235614,0.0559089196001,0.0808336454031,0.0210115875716,
Fredy V,In The Meantime,song_inthemeantime,mix_561c0e17caee,DU-L,DU,Dalarna University,DU-L.mp3,DU-L,university_or_institution,C:\Users\oscar\OneDrive\Public share - Mix Eval Dataset\MixEvaluation\audio\InTheMeantime\DU-L.mp3,mix_13f0eed08780,soundfile,44100,44100,2,2,35.300431,63.300431,-0.542494,34.757937,62.757937,28,1234800,ok,,features extracted before preview fades; no normalisation applied,0.0540957674384,0.0518028140068,0.0529492907226,19.4937667847,18.1530017853,18.8233833313,0.0980380177498,-0.0432844460011,8.27731323242,7.66249227524,7.51526117325,7.34909963608,7.6001739502,7.53954410553,7.40901756287,7.62907028198,7.92214441299,7.72644805908,7.51470851898,7.48470783234,7.47543668747,7.45049571991,7.60899209976,7.7195186615,7.98604249954,8.03655338287,8.38543605804,8.39540100098,8.52084445953,8.76021289825,8.75685882568,7.29271364212,4.15744400024,5.04934692383,5.64514493942,6.02725887299,6.05120372772,6.16155576706,6.69446849823,6.81476354599,7.0964474678,6.68397188187,6.58103084564,6.22314119339,6.42842721939,6.19338798523,6.44244861603,6.63134765625,6.73514127731,6.72257184982,7.02056884766,7.02577400208,7.1837272644,7.51728534698,7.69654798508,6.1197180748,1.23875306919,0.989727262331,3.28700697168,-0.0432844460011,false,true,-0.742313129831,0.0596512757861,0.39927164297,-0.548847516953,0.0441046416702,0.295211334715,0.59374258999,4.96253429159,-2.09022716383,-2.84667435833,-2.94821221413,0.136122386694,0.683297185404,-1.0196387286,,0.0886853510119,0.741237201066,-0.312210262232,-0.425198257529,-0.440364628503,0.0203321470416,0.102061822336,-0.152300037214,
Fredy V,In The Meantime,song_inthemeantime,mix_56e65a3ce054,DU-K,DU,Dalarna University,DU-K.mp3,DU-K,university_or_institution,C:\Users\oscar\OneDrive\Public share - Mix Eval Dataset\MixEvaluation\audio\InTheMeantime\DU-K.mp3,mix_13f0eed08780,soundfile,44100,44100,2,2,35.300431,63.300431,-0.532517,34.767914,62.767914,28,1234800,ok,,features extracted before preview fades; no normalisation applied,0.0534794032574,0.054398637265,0.0539390221238,23.3778266907,21.8180274963,22.5979270935,0.15773075819,0.0170408543199,8.45721149445,8.06054878235,7.81827783585,7.50135755539,7.40390110016,7.40106105804,7.39049053192,7.36982440948,7.59426498413,7.37268638611,7.14465284348,7.01105976105,7.08734846115,7.0390124321,7.20296621323,7.40106534958,7.61653995514,7.56020927429,8.06467628479,8.1074924469,7.86700296402,7.82908773422,7.35515069962,5.31588029861,7.54286336899,7.50022363663,6.75151538849,6.43279218674,5.96072912216,5.34652853012,5.51651906967,5.88164663315,5.3460483551,5.71711874008,5.91332864761,5.4940495491,5.63818264008,6.02398443222,6.0141711235,6.32871818542,6.64354133606,6.50144815445,6.74531173706,6.34305238724,6.36654853821,6.00778627396,4.78752613068,2.23343157768,2.43500433904,1.64560059173,5.75674045541,0.0170408543199,false,true,-0.468198456344,1.56433271444,1.28568311545,-0.346174073823,1.15662796669,0.950601514573,-4.9118610431,-4.77479706371,-2.01962048164,5.72140107296,-1.7633255248,-0.105395677101,-0.837082903395,-1.37291217534,,-0.733668306894,-0.71319551729,-0.30166397753,0.854586601987,-0.263382054365,-0.0157426008786,-0.125032282281,-0.205067314071,
Fredy V,In The Meantime,song_inthemeantime,mix_67624d91340a,PXL-S4,PXL,PXL University College,PXL-S4.mp3,PXL-S4,university_or_institution,C:\Users\oscar\OneDrive\Public share - Mix Eval Dataset\MixEvaluation\audio\InTheMeantime\PXL-S4.mp3,mix_13f0eed08780,soundfile,44100,44100,2,2,35.300431,63.300431,-1.050431,34.25,62.25,28,1234800,ok,,features extracted before preview fades; no normalisation applied,0.0548985898495,0.0534851625562,0.0541918762028,20.2086906433,20.3420810699,20.2753868103,0.0636195465922,-0.0260775461793,8.13777446747,8.15919494629,7.87198400497,7.79092121124,7.83789110184,7.79157209396,7.56842184067,7.84953737259,7.98668336868,7.88372564316,7.60961198807,7.51871347427,7.41025829315,7.38450241089,7.4766535759,7.53408622742,7.85715532303,7.95135879517,8.37709712982,8.44295692444,8.42890262604,8.61207771301,8.65082168579,7.18260669708,5.21242713928,6.2314043045,6.28187131882,6.23418951035,6.21423625946,6.35080051422,6.60831689835,6.73425769806,6.89606571198,6.66867589951,6.39775800705,6.05440139771,6.05678892136,5.84320259094,5.93306732178,6.03078603745,6.19098949432,6.18455266953,6.69665670395,6.79547786713,6.85874700546,7.04346370697,6.86463499069,5.13688278198,1.34728162724,0.787581548835,2.72579888939,-0.0260775461793,false,false,-0.398168331786,0.638476909121,-0.111827821964,-0.294395574385,0.472073646713,-0.0826826576881,-1.7945464929,3.37661040254,1.08091058971,-0.297628457567,0.851661853994,-1.56134517853,1.19483955928,0.177523555717,,-0.268045426272,0.504353037542,0.161452010815,-0.0444557703548,0.127209891522,-0.233212923484,0.178469201138,0.0265161016188,
Fredy V,In The Meantime,song_inthemeantime,mix_690c5c454a9f,McG-pro2,McG,McGill University,McG-pro2.mp3,McG-pro2,university_or_institution,C:\Users\oscar\OneDrive\Public share - Mix Eval Dataset\MixEvaluation\audio\InTheMeantime\McG-pro2.mp3,mix_13f0eed08780,soundfile,48000,44100,2,2,35.300431,63.300431,-0.519456,34.780975,62.780975,28,1234800,ok,,features extracted before preview fades; no normalisation applied,0.0550864562392,0.0519512370229,0.0535188466311,18.8688373566,18.6231098175,18.745973587,0.0663864612579,-0.0585313551128,8.27360916138,8.14904308319,7.85215950012,7.51739931107,7.61422872543,7.64970779419,7.47848033905,7.70725440979,7.8856754303,7.75315761566,7.50694561005,7.41681861877,7.37620687485,7.35584592819,7.47646141052,7.5539188385,7.94246101379,8.05984306335,8.48153209686,8.53242206573,8.56916427612,8.82004547119,8.88342094421,8.31556606293,5.719602108,6.56148529053,6.47140026093,6.18985176086,6.07627058029,6.18396902084,6.24482870102,6.42740440369,6.66881275177,6.42535591125,6.37415027618,6.16756629944,6.29944896698,6.27541732788,6.49031400681,6.63688611984,6.84018802643,7.00809431076,7.35779190063,7.42643594742,7.6033987999,7.95689058304,8.22235107422,7.70383548737,1.21057910454,3.40448045178e-16,2.6427275064,-0.0585313551128,false,false,-0.584569693883,0.0287927104185,-0.0707403315093,-0.43221601785,0.0212886004362,-0.0523036084598,1.74281947922,3.77317241261,-2.52821892629,0.669878608544,1.38319208868,-0.196005680159,-1.0772933289,-0.247676613868,,0.260319134707,0.56358618277,-0.377631631439,0.100057534251,0.206602790451,-0.0292767149238,-0.160911712629,-0.0369946300108,
Fredy V,In The Meantime,song_inthemeantime,mix_6cfa655049d5,DU-M,DU,Dalarna University,DU-M.mp3,DU-M,university_or_institution,C:\Users\oscar\OneDrive\Public share - Mix Eval Dataset\MixEvaluation\audio\InTheMeantime\DU-M.mp3,mix_13f0eed08780,soundfile,44100,44100,2,2,35.300431,63.300431,-0.552472,34.747959,62.747959,28,1234800,ok,,features extracted before preview fades; no normalisation applied,0.0576434507966,0.0574255213141,0.0575344860554,17.5012187958,17.7611026764,17.6311607361,0.0342987403274,-0.00378766772337,8.2869977951,8.03050804138,7.8166217804,7.73401498795,7.79884767532,7.88924837112,7.65835523605,7.86572360992,8.09340572357,7.88195323944,7.63044595718,7.48448371887,7.26950073242,7.23154783249,7.32181692123,7.37491846085,7.68052816391,7.73646593094,8.10619354248,8.05575370789,8.06036567688,8.23493289948,8.19909286499,6.72324943542,4.99126625061,6.08676528931,6.12170982361,6.09949445724,5.84299039841,5.98565864563,6.14968585968,6.20330572128,6.39958238602,6.19949102402,6.00447702408,5.78991746902,6.09154367447,5.78614807129,6.00996875763,6.104575634,6.20896148682,6.27281188965,6.46823310852,6.42757081985,6.5222234726,6.68537044525,6.64966630936,4.80030536652,1.21283635341,0.710779175741,2.69827521431,-0.00378766772337,false,true,0.527596382993,-0.415615490942,-0.547229159948,0.39009139556,-0.30729556173,-0.40460737332,-4.23203941612,1.15518625337,1.10051043686,-0.123082484995,0.657110005019,-0.170554601239,-0.327508275013,-1.49147027382,,-0.632125617131,0.172546319047,0.164379574634,-0.0183844204024,0.0981503305153,-0.0254751721244,-0.0489188190614,-0.222775941944,
Fredy V,In The Meantime,song_inthemeantime,mix_7a5719f17171,McG-E,McG,McGill University,McG-E.mp3,McG-E,university_or_institution,C:\Users\oscar\OneDrive\Public share - Mix Eval Dataset\MixEvaluation\audio\InTheMeantime\McG-E.mp3,mix_13f0eed08780,soundfile,48000,44100,2,2,35.300431,63.300431,-0.50449,34.795941,62.795941,28,1234800,ok,,features extracted before preview fades; no normalisation applied,0.0579793639481,0.0585954114795,0.0582873895764,18.7547988892,19.0385837555,18.8966903687,0.0395978875458,0.0105688227341,8.44211387634,8.26052284241,7.89914798737,7.8724064827,7.88375425339,7.70496320724,7.58083105087,7.80074834824,8.00278282166,7.73854160309,7.52206420898,7.42399454117,7.42524528503,7.32159328461,7.47229957581,7.57727384567,7.890376091,7.93372964859,8.17405700684,8.11411380768,8.00609302521,8.04635429382,7.95025253296,7.22549343109,5.97390174866,6.20306444168,6.01477909088,5.94516515732,6.03177118301,6.21976280212,6.41272449493,6.65140342712,6.72900724411,6.49743700027,6.27109909058,6.05152177811,6.00682401657,5.99101018906,6.07698154449,6.1336479187,6.36101341248,6.50925350189,6.70906639099,6.6847114563,6.75587844849,6.94021606445,7.10403585434,6.58411216736,1.24401533837,0.710779175741,2.52957005324,0.0105688227341,false,false,0.736119526318,0.0888743409954,-0.468539107286,0.54426812347,0.0657114355329,-0.346425942497,-1.96967147711,2.1269199639,0.892992901152,0.090587475096,0.61837639248,0.748483627212,0.0651013681121,1.3439188553,,-0.294203261263,0.317690943437,0.133383372231,0.0135307491186,0.0923648199558,0.111798503805,0.0097239742941,0.200736678526,
Fredy V,In The Meantime,song_inthemeantime,mix_8137541fd01f,PXL-S3,PXL,PXL University College,PXL-S3.mp3,PXL-S3,university_or_institution,C:\Users\oscar\OneDrive\Public share - Mix Eval Dataset\MixEvaluation\audio\InTheMeantime\PXL-S3.mp3,mix_13f0eed08780,soundfile,44100,44100,2,2,35.300431,63.300431,-1.050431,34.25,62.25,28,1234800,ok,,features extracted before preview fades; no normalisation applied,0.0552253201604,0.0575123094022,0.0563688129187,19.8029651642,21.1664981842,20.4847316742,0.0594354458153,0.0405552275479,8.6317691803,8.31520843506,7.71263170242,7.81869125366,7.72620105743,7.47685241699,7.39783668518,7.45698976517,7.68389368057,7.5331454277,7.39886760712,7.36050415039,7.24746990204,7.28014850616,7.34338235855,7.36617183685,7.6835565567,7.68663835526,7.90964031219,7.85023021698,7.81347513199,7.90659379959,7.79061317444,6.27361631393,5.77832889557,6.38606262207,6.44384384155,6.57029819489,6.44808340073,6.34045171738,6.39700746536,6.51333999634,6.76644420624,6.46554660797,6.44549751282,6.18849468231,6.2726316452,6.14914941788,6.26590919495,6.27129793167,6.43083953857,6.5353512764,6.87142467499,6.81989336014,6.69790267944,6.80341815948,6.65937662125,4.75401592255,1.22022199643,0.651668778444,2.33328916226,0.0405552275479,false,false,0.20475312383,0.721929996655,-0.17395991547,0.151389271032,0.533776744819,-0.128621553113,-0.543409276911,-1.6779009621,0.668530485599,0.0246419258097,-0.631558622807,0.905450900563,0.986955165904,0.545952391958,,-0.0811672318584,-0.250622472255,0.0998561696214,0.00368068229715,-0.0943338057477,0.135244182065,0.147418202428,0.0815470884737,
Fredy V,In The Meantime,song_inthemeantime,mix_8187ac605f62,QUT-J,QUT,Queensland University of Technology,QUT-J.mp3,QUT-J,university_or_institution,C:\Users\oscar\OneDrive\Public share - Mix Eval Dataset\MixEvaluation\audio\InTheMeantime\QUT-J.mp3,mix_13f0eed08780,soundfile,44100,44100,2,2,35.300431,63.300431,-0.000454,35.299977,63.299977,28,1234800,ok,,features extracted before preview fades; no normalisation applied,0.0523565448821,0.0507899709046,0.0515732578933,18.0439796448,18.3030948639,18.173538208,0.102954089642,-0.0303686391562,8.19288635254,8.13503837585,7.77387809753,7.68991231918,7.78021001816,7.6097111702,7.41789913177,7.60435009003,7.80818510056,7.62262868881,7.39527654648,7.36848688126,7.27741575241,7.2422785759,7.39342832565,7.4199552536,7.80652427673,7.88987588882,8.30964946747,8.46376419067,8.60799694061,8.76425647736,8.55371856689,7.17879533768,6.11441040039,6.65284109116,6.5691819191,6.4309258461,6.60031700134,6.55819654465,6.57722902298,6.76668357849,6.8969578743,6.74025678635,6.56181192398,6.44149112701,6.36557483673,6.40246295929,6.43610715866,6.53594636917,6.7993888855,6.91219568253,7.40822267532,7.55175304413,7.58242988586,7.76735877991,7.80290555954,6.74364042282,1.12915951634,0.648959995608,2.75959299046,-0.0303686391562,false,true,-1.12341732563,-0.199402521607,0.472273192115,-0.830626301617,-0.14743317134,0.349186830192,3.08482706676,1.55445017945,-1.04232705706,0.761653948406,0.900936607439,-0.673114433762,0.321347644605,0.260640346283,,0.460770333539,0.23218304046,-0.155688917189,0.113765710769,0.134569897153,-0.100540858675,0.0479986262382,0.038930979498,
Fredy V,In The Meantime,song_inthemeantime,mix_82d5489162f9,QUT-C,QUT,Queensland University of Technology,QUT-C.mp3,QUT-C,university_or_institution,C:\Users\oscar\OneDrive\Public share - Mix Eval Dataset\MixEvaluation\audio\InTheMeantime\QUT-C.mp3,mix_13f0eed08780,soundfile,44100,44100,2,2,35.300431,63.300431,0.014512,35.314943,63.314943,28,1234800,ok,,features extracted before preview fades; no normalisation applied,0.0585665628314,0.0565810799599,0.0575738213956,20.5273151398,20.6736412048,20.600479126,0.0452198907733,-0.0344755351543,8.46630191803,8.46827411652,8.1033411026,8.05902671814,7.8594288826,7.57890796661,7.4913444519,7.52561712265,7.70345306396,7.50499296188,7.36426258087,7.28770065308,7.19335079193,7.158182621,7.20211076736,7.18251991272,7.47432136536,7.43256855011,7.7627363205,7.74850320816,7.6159453392,7.55550050735,7.17986106873,5.45095825195,5.41305112839,6.03948545456,6.19091320038,5.96007347107,6.26208925247,6.27902650833,6.12488698959,6.57130527496,6.70851945877,6.42367267609,6.16483879089,5.89460659027,5.82955932617,5.7737531662,5.82704496384,5.96991252899,6.05816221237,6.01994657516,6.63261365891,6.65407657623,6.311835289,6.23341083527,6.00668287277,4.30256414413,1.73310219979,0.844051177146,3.76003077844,-0.0344755351543,false,true,0.538490645741,0.768071478451,-0.385054782016,0.398146337361,0.56789258717,-0.284699748,-4.34842048971,-3.56219303775,2.4669030799,-0.190044867357,1.85741557479,1.12339682416,1.61359585352,0.885061116687,,-0.649509070056,-0.532072896993,0.368473087903,-0.0283863681901,0.277435971416,0.167798037998,0.241017432593,0.132198628031,
Fredy V,In The Meantime,song_inthemeantime,mix_8ffed8205048,McG-A,McG,McGill University,McG-A.mp3,McG-A,university_or_institution,C:\Users\oscar\OneDrive\Public share - Mix Eval Dataset\MixEvaluation\audio\InTheMeantime\McG-A.mp3,mix_13f0eed08780,soundfile,48000,44100,2,2,35.300431,63.300431,-0.534422,34.766009,62.766009,28,1234800,ok,,features extracted before preview fades; no normalisation applied,0.0608024336398,0.0591957233846,0.0599990785122,18.8059768677,17.1896190643,17.9977989197,0.0568514168262,-0.0267740990967,8.5648765564,8.09390926361,7.82393836975,7.5284614563,7.63554906845,7.70927381516,7.55687904358,7.67870903015,7.88166189194,7.82299423218,7.63328838348,7.51924037933,7.37649393082,7.28446149826,7.3616437912,7.28396701813,7.63380718231,7.64258432388,7.90558433533,7.82465457916,7.72203493118,7.77583599091,7.71262693405,7.00355148315,5.38970804214,6.16055297852,6.39539241791,6.26869010925,6.47492265701,6.6391210556,6.65521621704,6.85254478455,6.92386341095,6.8400592804,6.52450275421,6.29961824417,6.25895166397,6.12239837646,6.11396455765,6.06701421738,6.26944589615,6.33343458176,6.62817811966,6.62084579468,6.5886631012,6.75240659714,6.84890222549,6.2924118042,1.17182043133,0.631230734631,2.94317219256,-0.0267740990967,false,true,1.21018658449,-0.269459106404,-0.212331632438,0.894781292766,-0.199231234808,-0.156992628246,-0.600422471712,-0.180126800877,2.81806993049,-1.74290285468,-0.326923547558,-0.20594821258,-0.544115072159,0.0673014926347,,-0.0896831026726,-0.0269049396687,0.420925709516,-0.260331588222,-0.0488314802712,-0.0307617978411,-0.0812726541414,0.0100525995584,
Fredy V,In The Meantime,song_inthemeantime,mix_96c30e75e4a7,McG-H,McG,McGill University,McG-H.mp3,McG-H,university_or_institution,C:\Users\oscar\OneDrive\Public share - Mix Eval Dataset\MixEvaluation\audio\InTheMeantime\McG-H.mp3,mix_13f0eed08780,soundfile,48000,44100,2,2,35.300431,63.300431,-0.529433,34.770998,62.770998,28,1234800,ok,,features extracted before preview fades; no normalisation applied,0.0549976043403,0.0537616871297,0.054379645735,20.0931758881,20.0146865845,20.0539321899,0.0434878878295,-0.0227246899158,8.46660614014,8.24461555481,7.73760652542,7.43217945099,7.57344150543,7.53270292282,7.34512662888,7.57779932022,7.84272623062,7.69351530075,7.47031259537,7.42559909821,7.32738780975,7.30301332474,7.46661949158,7.54092645645,7.9117193222,8.01597690582,8.44311904907,8.483294487,8.47493076324,8.62325763702,8.59258937836,7.90791702271,5.45577383041,6.05260515213,6.03888988495,5.91506481171,5.93240976334,6.14575815201,6.30213165283,6.4920258522,6.67320585251,6.46428823471,6.26647424698,6.06568527222,6.12512731552,6.05279445648,6.24743747711,6.31926584244,6.57240819931,6.75845003128,7.08438158035,7.17875242233,7.38934087753,7.74206876755,8.02401542664,7.37989282608,1.39524310448,0.674804687867,2.60762181675,-0.0227246899158,false,true,-0.346163935495,0.550196396876,-0.410774279369,-0.255944841631,0.40680127311,-0.303716092575,-0.240701126655,2.75955320614,-2.81865715253,-0.933092126111,0.555993212885,-0.257614366298,-0.97496237103,0.851782765562,,-0.0359527247434,0.412185261506,-0.421013420914,-0.139372859764,0.0830468524176,-0.0384789989569,-0.145626878644,0.12722795168,
Fredy V,In The Meantime,song_inthemeantime,mix_9baa86357fd4,DU-I,DU,Dalarna University,DU-I.mp3,DU-I,university_or_institution,C:\Users\oscar\OneDrive\Public share - Mix Eval Dataset\MixEvaluation\audio\InTheMeantime\DU-I.mp3,mix_13f0eed08780,soundfile,44100,44100,2,2,35.300431,63.300431,-0.532517,34.767914,62.767914,28,1234800,ok,,features extracted before preview fades; no normalisation applied,0.0512714721262,0.0493547916412,0.0503131300211,22.9130859375,22.9501895905,22.9316368103,0.130904406309,-0.0380811542273,8.3023481369,8.07605552673,7.7360329628,7.79271459579,7.63074493408,7.24922990799,7.12036132812,7.26951026917,7.44881391525,7.39179086685,7.2287569046,7.14785003662,7.18507432938,7.23172664642,7.40687847137,7.565969944,7.90189123154,8.02481269836,8.4314956665,8.5858001709,8.7178401947,8.89018154144,8.83464241028,7.31450271606,5.74369192123,6.74599456787,6.70455408096,6.69751358032,6.54668951035,6.50989961624,6.48958206177,6.65633249283,6.92117214203,6.70455598831,6.65284633636,6.49571228027,6.67080831528,6.54627037048,6.75014066696,6.90097856522,7.1786108017,7.23314237595,7.6518611908,7.74520015717,7.82912874222,8.05847740173,8.08237934113,6.61393785477,2.37971263777,1.32326801637,5.04613491118,-0.0380811542273,false,true,-1.47242064089,1.69736251841,0.887323350149,-1.0886705087,1.25498683259,0.656064399095,5.0796860891,0.910299415062,-4.0664815063,1.15190495575,0.104866609017,0.139153302755,1.63233355285,0.304300512688,,0.758735774452,0.13596838851,-0.607396784145,0.172056202562,0.0156635757429,0.0207848648679,0.243816220267,0.0454523529823,
Fredy V,In The Meantime,song_inthemeantime,mix_a31f439e1e87,QUT-G,QUT,Queensland University of Technology,QUT-G.mp3,QUT-G,university_or_institution,C:\Users\oscar\OneDrive\Public share - Mix Eval Dataset\MixEvaluation\audio\InTheMeantime\QUT-G.mp3,mix_13f0eed08780,soundfile,44100,44100,2,2,35.300431,63.300431,0.014512,35.314943,63.314943,28,1234800,ok,,features extracted before preview fades; no normalisation applied,0.0563879832625,0.0571744702756,0.0567812249064,17.0549316406,16.4109115601,16.7329216003,0.165303915739,0.0138504179195,8.21497344971,8.06769657135,7.98343706131,7.67588806152,7.86205339432,7.77535438538,7.47584438324,7.68173027039,7.95018100739,7.72500371933,7.51453876495,7.50222396851,7.36057376862,7.355281353,7.39007854462,7.30626106262,7.59675550461,7.63238334656,7.91623735428,7.90345811844,7.92601203918,8.08302497864,7.96090173721,6.74086046219,6.36172771454,7.10248994827,7.09561300278,6.91469860077,6.74953842163,6.87823677063,6.88414669037,6.99309301376,7.20587873459,6.98748922348,6.74774551392,6.48873996735,6.58955001831,6.35540246964,6.40071392059,6.44407653809,6.49722623825,6.37125492096,6.74624586105,6.76424837112,6.74868488312,6.94734096527,7.01564884186,6.20970058441,1.08497068511,0.820740192126,3.28037627171,0.0138504179195,false,true,0.318974191499,-0.773688900672,1.3981412416,0.235841433946,-0.572045966807,1.0337502032,2.52572475023,-0.0915723181359,3.9004291333,0.776109686082,0.297084820914,-1.00489089439,0.505855964126,-0.00180104710016,,0.377259084677,-0.0136778518398,0.582594094841,0.115924916107,0.0443745691605,-0.150097202391,0.0755580187379,-0.000269016400304,
Fredy V,In The Meantime,song_inthemeantime,mix_c45aea9558f2,McG-G,McG,McGill University,McG-G.mp3,McG-G,university_or_institution,C:\Users\oscar\OneDrive\Public share - Mix Eval Dataset\MixEvaluation\audio\InTheMeantime\McG-G.mp3,mix_13f0eed08780,soundfile,48000,44100,2,2,35.300431,63.300431,-0.529433,34.770998,62.770998,28,1234800,ok,,features extracted before preview fades; no normalisation applied,0.0601625069976,0.0587705820799,0.0594665445387,19.6926002502,19.8317184448,19.7621593475,0.0796263366938,-0.0234036389738,8.35511493683,8.21666240692,7.86214876175,7.70666360855,7.84205532074,7.83539533615,7.57026863098,7.83391094208,8.09727573395,7.91918373108,7.61564970016,7.49814033508,7.3688659668,7.28781461716,7.40252733231,7.43020534515,7.73843288422,7.74403619766,8.09388637543,8.01588249207,7.80011129379,7.81365680695,7.62814188004,6.48257112503,6.39647674561,6.40896034241,6.43580055237,6.49137306213,6.47963666916,6.61805009842,6.82639789581,6.94924974442,7.07627105713,6.86754512787,6.64752483368,6.3694691658,6.30331945419,6.23700761795,6.25905418396,6.25906658173,6.45163011551,6.53163051605,6.89491081238,6.90273523331,6.84716176987,7.03336954117,7.15161991119,6.28010225296,1.2778184758,0.717060108185,2.82170013552,-0.0234036389738,false,false,1.06269669371,0.433884278665,0.12586611333,0.78573100512,0.320803040415,0.093062214574,0.875876494119,0.935869145722,3.21590693547,0.0423945966082,0.0528274995064,0.214745894167,-0.272901940433,0.718511795051,,0.130826751581,0.139787653924,0.480349296483,0.00633233954341,0.00789066746396,0.0320758782065,-0.0407624529336,0.107321711167,
Fredy V,In The Meantime,song_inthemeantime,mix_c7bdcba64775,QUT-B,QUT,Queensland University of Technology,QUT-B.mp3,QUT-B,university_or_institution,C:\Users\oscar\OneDrive\Public share - Mix Eval Dataset\MixEvaluation\audio\InTheMeantime\QUT-B.mp3,mix_13f0eed08780,soundfile,44100,44100,2,2,35.300431,63.300431,-0.010431,35.29,63.29,28,1234800,ok,,features extracted before preview fades; no normalisation applied,0.0560136660933,0.0560452006757,0.0560294315219,17.4379367828,17.2947731018,17.366355896,0.000543582602404,0.000562923552934,8.09156894684,8.19656276703,7.86333608627,7.62677669525,7.83076858521,7.84415435791,7.67194890976,7.87855625153,8.12083721161,7.89299821854,7.6611571312,7.61455249786,7.50125932693,7.46598339081,7.5445766449,7.52673530579,7.85299825668,7.86305522919,8.17748165131,8.05217838287,7.79566287994,7.52311849594,6.76770925522,4.59871864319,3.91455411911,4.30311441422,4.33055353165,4.26770353317,4.37642908096,4.4731464386,4.28306484222,4.30573225021,4.41967773438,4.48569202423,4.17640018463,4.18955755234,4.14535713196,4.2318406105,4.20425796509,4.08121776581,4.23664093018,4.31404590607,4.49062108994,4.45879125595,4.3334236145,4.16594219208,3.84101033211,2.00037693977,4.11523731091,3.25287319265,10.2677748348,0.000562923552934,false,true,0.110758510081,-0.521177103912,-1.04847870625,0.0818920355793,-0.385345143282,-0.775218585494,-25.548095234,2.17356776476,0.375795284722,0.0828003468432,-0.998730301907,0.0250993746367,-0.485867988686,0.699477398392,,-3.81603380271,0.324658569918,0.0561312887032,0.0123676117353,-0.149177015232,0.00374900990322,-0.0725724814903,0.104478606802,
Fredy V,In The Meantime,song_inthemeantime,mix_cdaef40f2b94,QUT-pro,QUT,Queensland University of Technology,QUT-pro.mp3,QUT-pro,university_or_institution,C:\Users\oscar\OneDrive\Public share - Mix Eval Dataset\MixEvaluation\audio\InTheMeantime\QUT-pro.mp3,mix_13f0eed08780,soundfile,44100,44100,2,2,35.300431,63.300431,-0.003537,35.296894,63.296894,28,1234800,ok,,features extracted before preview fades; no normalisation applied,0.0570835247636,0.0549212321639,0.0560023784637,13.7888793945,14.4397277832,14.1143035889,0.212649226189,-0.0385963246226,8.51225566864,8.09174442291,7.75004863739,7.43357563019,7.54213094711,7.50789165497,7.41186285019,7.56495904922,7.76894569397,7.56518220901,7.40529632568,7.28791046143,7.23753547668,7.22220182419,7.37252092361,7.40828180313,7.76086997986,7.78190279007,8.06670570374,8.12759876251,8.01677036285,7.95646333694,7.70734834671,6.02655076981,6.48466062546,7.19652223587,7.10935258865,6.96759271622,7.00131797791,7.03802347183,7.01981878281,7.2882938385,7.46116542816,7.27366161346,7.08586502075,6.91540575027,6.8937702179,6.81190776825,6.94552516937,6.96156072617,7.2510972023,7.32696056366,7.54153585434,7.53013658524,7.60294103622,7.7433257103,7.69154834747,6.13383245468,1.89430827515,0.918554639901,5.27396664291,-0.0385963246226,false,true,0.103265931583,-1.81757292081,2.10119869954,0.0763522129103,-1.34386735783,1.55357307115,7.46134431373,-0.958857658817,1.13184053296,0.859593245704,-1.50910822555,0.39966049251,0.148745600638,0.0417733843802,,1.11447612255,-0.143221371477,0.169059246629,0.128394577057,-0.225410463986,0.0596959552193,0.0222176344201,0.00623955114416,
Fredy V,In The Meantime,song_inthemeantime,mix_ce153583405d,McG-F,McG,McGill University,McG-F.mp3,McG-F,university_or_institution,C:\Users\oscar\OneDrive\Public share - Mix Eval Dataset\MixEvaluation\audio\InTheMeantime\McG-F.mp3,mix_13f0eed08780,soundfile,48000,44100,2,2,35.300431,63.300431,-0.519456,34.780975,62.780975,28,1234800,ok,,features extracted before preview fades; no normalisation applied,0.0559586845338,0.0559743121266,0.0559664964676,16.0149097443,15.5493593216,15.7821350098,0.164467796683,0.00027927046176,8.3475894928,8.25323677063,7.6207742691,7.29453516006,7.33217430115,7.41228580475,7.19195508957,7.49075031281,7.78261089325,7.63993549347,7.45483255386,7.36315917969,7.19808959961,7.17205190659,7.35953187943,7.45619010925,7.85146331787,7.9561214447,8.24391746521,8.11287307739,8.03360652924,8.13350486755,8.04353809357,7.56829452515,6.42990398407,6.61796092987,6.36311388016,6.39917182922,6.39171695709,6.56275558472,6.81834888458,7.08575963974,7.42208051682,7.2030005455,7.04674196243,6.87486886978,6.80463266373,6.69342422485,6.79905796051,6.86077547073,7.10772562027,7.11506938934,7.43706703186,7.35360336304,7.25434923172,7.41919136047,7.49254417419,7.03284215927,1.20886031879,0.918554639901,3.63033144557,0.00027927046176,false,true,0.0933281023565,-1.15270979034,1.38572523392,0.0690044338188,-0.852284407713,1.02457012176,5.45844384222,-0.1709474706,-1.01465632768,-0.985718494859,-1.75733924066,0.385365390187,-1.14012616522,0.312380940149,,0.815309557184,-0.025533853711,-0.1515558326,-0.147233484997,-0.262487903062,0.0575607434479,-0.170296843893,0.0466592994903,
Fredy V,In The Meantime,song_inthemeantime,mix_d58db5dccea3,UCP-A3,UCP,Universidade Católica Portuguesa,UCP-A3.mp3,UCP-A3,university_or_institution,C:\Users\oscar\OneDrive\Public share - Mix Eval Dataset\MixEvaluation\audio\InTheMeantime\UCP-A3.mp3,mix_13f0eed08780,soundfile,44100,44100,2,2,35.300431,63.300431,-0.55746,34.742971,62.742971,28,1234800,ok,,features extracted before preview fades; no normalisation applied,0.0563149526715,0.0536079369485,0.0549614429474,17.5405426025,18.3131256104,17.9268341064,0.117659054697,-0.0492231622338,8.12238693237,7.93786716461,7.73969650269,7.76802062988,7.96558475494,7.91894960403,7.55134057999,7.74881792068,7.99927377701,7.84524917603,7.52462339401,7.49792289734,7.33222770691,7.30855178833,7.37649726868,7.34425640106,7.6754193306,7.73210811615,7.98974704742,7.90480422974,7.80124044418,7.83401489258,7.63701868057,5.92152881622,6.13620901108,6.83767414093,6.78067922592,6.59936285019,6.4727063179,6.57013034821,6.72185659409,6.88136911392,7.0181221962,6.78145074844,6.56006765366,6.25256204605,6.35472393036,6.11253023148,6.2748670578,6.39164018631,6.5163807869,6.5062417984,6.84924316406,6.77506303787,6.68281841278,6.85837984085,6.92910909653,5.37530565262,0.605568538151,0.605568538151,2.04534457166,-0.0492231622338,false,false,-0.185030164535,-0.297748469066,0.690635586455,-0.136806614736,-0.220147672668,0.510638450961,0.524250268539,0.367161357195,3.5589232184,0.986165284876,-0.852142126296,-0.370651909113,0.33101552696,-0.150393474544,,0.0783055146578,0.0548416677358,0.53158449498,0.147300220532,-0.127281628195,-0.0553630398376,0.0494426855909,-0.0224637718511,
Fredy V,In The Meantime,song_inthemeantime,mix_da9f94cae537,McG-D,McG,McGill University,McG-D.mp3,McG-D,university_or_institution,C:\Users\oscar\OneDrive\Public share - Mix Eval Dataset\MixEvaluation\audio\InTheMeantime\McG-D.mp3,mix_13f0eed08780,soundfile,48000,44100,2,2,35.300431,63.300431,-0.554376,34.746055,62.746055,28,1234800,ok,,features extracted before preview fades; no normalisation applied,0.0609148517251,0.0588308908045,0.0598728731275,21.4179191589,19.224363327,20.3211402893,0.134309828281,-0.034795936197,8.32757472992,8.20321846008,7.96298599243,7.55441761017,7.51662015915,7.65912151337,7.65020608902,7.79580211639,8.04321098328,7.88560533524,7.64608764648,7.50607347488,7.33870172501,7.3292388916,7.44288349152,7.46962404251,7.82259178162,7.86848974228,8.25637245178,8.248711586,8.08649158478,8.13702201843,8.03622055054,7.10861492157,5.71935987473,6.66843509674,6.74634742737,6.6171836853,6.77424478531,6.83657598495,6.78890323639,7.07660531998,7.22365093231,6.96706008911,6.85226726532,6.59051656723,6.58660173416,6.53248548508,6.66089963913,6.72753572464,6.91170787811,7.02725172043,7.43281078339,7.44887065887,7.41770267487,7.63682937622,7.77131462097,7.00781488419,1.62029854189,0.571330492188,3.50498107092,-0.034795936197,false,true,1.17523291143,0.656716043422,0.937892398954,0.868937432676,0.485559200411,0.693453872292,4.46272528016,2.07165570595,1.55892016451,0.101791246852,0.687445068003,0.389330911374,-0.34583455126,-0.47456033488,,0.666582395491,0.309436305489,0.232850707225,0.0152042191502,0.10268137773,0.0581530601259,-0.0516561538411,-0.0708834949433,
Fredy V,In The Meantime,song_inthemeantime,mix_e858d5cf22ea,UCP-A5,UCP,Universidade Católica Portuguesa,UCP-A5.mp3,UCP-A5,university_or_institution,C:\Users\oscar\OneDrive\Public share - Mix Eval Dataset\MixEvaluation\audio\InTheMeantime\UCP-A5.mp3,mix_13f0eed08780,soundfile,44100,44100,2,2,35.300431,63.300431,-0.55746,34.742971,62.742971,28,1234800,ok,,features extracted before preview fades; no normalisation applied,0.054760504514,0.0557569302619,0.0552587173879,17.8597106934,17.1594219208,17.5095672607,0.0562890805304,0.0180305745453,8.06311798096,8.01753616333,7.86483573914,7.67889499664,7.8641204834,7.88261604309,7.66955089569,7.85312604904,8.08905887604,7.88316106796,7.61083745956,7.51069068909,7.33389425278,7.34165048599,7.43335103989,7.4490685463,7.74862146378,7.79918193817,8.18878269196,8.18793678284,8.15743732452,8.30147647858,8.16694831848,6.58290433884,5.54968166351,6.28980398178,6.35447883606,6.42211389542,6.38077926636,6.41400432587,6.50810527802,6.59974479675,6.82131528854,6.557492733,6.36954545975,6.14985942841,6.05148553848,6.07771444321,6.1757478714,6.21459674835,6.41567707062,6.59948730469,6.95384454727,6.89562320709,6.85951423645,7.06713199615,7.01179933548,5.37294054031,0.726233135988,0.726233135988,1.78946502568,0.0180305745453,false,false,-0.10269743659,-0.464087427426,-0.220682084106,-0.0759318821194,-0.343134483219,-0.163166740598,-0.791192594428,2.31095915461,1.9350640534,0.516541656674,0.41527607638,-0.545513984519,0.245859908383,-0.79850431931,,-0.118177799837,0.34518026373,0.289034065771,0.0771541050055,0.0620284029164,-0.0814816050163,0.0367232747697,-0.119269927804,
Fredy V,In The Meantime,song_inthemeantime,mix_efdedc0a36e7,UCP-A4,UCP,Universidade Católica Portuguesa,UCP-A4.mp3,UCP-A4,university_or_institution,C:\Users\oscar\OneDrive\Public share - Mix Eval Dataset\MixEvaluation\audio\InTheMeantime\UCP-A4.mp3,mix_13f0eed08780,soundfile,44100,44100,2,2,35.300431,63.300431,-0.55746,34.742971,62.742971,28,1234800,ok,,features extracted before preview fades; no normalisation applied,0.0556919947267,0.0546845011413,0.0551882460713,17.0709438324,16.9149360657,16.9929389954,0.0901865363121,-0.0182541050017,8.33353996277,7.96582508087,7.69002199173,7.50296545029,7.62933301926,7.58260393143,7.41717147827,7.6692814827,7.91148090363,7.71194553375,7.53925561905,7.45204877853,7.32372808456,7.33346796036,7.43708944321,7.37406301498,7.76416444778,7.74565649033,7.87975072861,7.65063238144,7.72174358368,7.9368262291,7.84846115112,6.28557348251,5.46166992188,6.50995540619,6.48025655746,6.40016651154,6.32607650757,6.44393587112,6.63036870956,6.82055902481,7.05357122421,6.74329471588,6.63835668564,6.38105726242,6.39077663422,6.30884647369,6.39494228363,6.42102861404,6.5958943367,6.62232685089,6.92671442032,6.83741140366,6.88094758987,7.10692548752,7.14291954041,5.56155395508,0,0.605568538151,1.3527777857,-0.0182541050017,false,true,-0.122215077353,-0.67003575137,0.282680527015,-0.0903627310951,-0.495407454927,0.209006818158,1.00061402861,0.123827960829,1.74514773003,-0.683783893655,-1.81832497605,0.632737162929,-0.372353476431,-0.408162823149,,0.149458381208,0.0184957696421,0.260666897768,-0.102134520325,-0.271597139019,0.0945098403561,-0.0556171972745,-0.0609659199983,
Fredy V,In The Meantime,song_inthemeantime,mix_f44b598b8cf8,PXL-S6,PXL,PXL University College,PXL-S6.mp3,PXL-S6,university_or_institution,C:\Users\oscar\OneDrive\Public share - Mix Eval Dataset\MixEvaluation\audio\InTheMeantime\PXL-S6.mp3,mix_13f0eed08780,soundfile,44100,44100,2,2,35.300431,63.300431,-0.55746,34.742971,62.742971,28,1234800,ok,,features extracted before preview fades; no normalisation applied,0.0565824098885,0.056750420481,0.0566664151847,21.4899559021,19.3938808441,20.4419174194,0.049341276288,0.0029649368953,8.67898654938,8.2199048996,7.67803096771,7.50166940689,7.53621196747,7.4199795723,7.18944597244,7.30692052841,7.58646774292,7.42233514786,7.19660949707,7.12937545776,7.08520412445,7.09549951553,7.30919837952,7.43101072311,7.82402658463,7.9214515686,8.25953483582,8.22546482086,8.16554069519,8.24113368988,8.14385032654,6.57217884064,5.36422729492,6.44238424301,6.37804079056,6.30704975128,6.26475906372,6.34617567062,6.31691026688,6.43304920197,6.63045692444,6.54102802277,6.31603145599,6.15538311005,6.17546749115,6.20343399048,6.33660030365,6.40294265747,6.72699832916,6.92420959473,7.29556131363,7.2852473259,7.34331321716,7.59709882736,7.66595840454,6.15278911591,1.42166948366,0.651668778444,2.67780700715,0.0029649368953,false,false,0.287176645883,0.704862552596,-0.323853983128,0.212331134511,0.521157509195,-0.239449428215,0.927199798521,-1.3751186535,-3.16294521987,-0.0998717175629,-0.241770800028,0.142283174983,0.227436590692,0.767914287681,,0.138492742438,-0.205396888356,-0.472438581609,-0.0149175054604,-0.0361124982887,0.021252363447,0.0339714452331,0.114700796773,
The DoneFors,Lead Me,song_leadme,mix_0255886c8875,UCP-A5,UCP,Universidade Católica Portuguesa,UCP-A5.mp3,UCP-A5,university_or_institution,C:\Users\oscar\OneDrive\Public share - Mix Eval Dataset\MixEvaluation\audio\LeadMe\UCP-A5.mp3,mix_271852ba8676,soundfile,44100,44100,2,2,9.573107,37.573107,0.05551,9.628617,37.628617,28,1234800,ok,,features extracted before preview fades; no normalisation applied,0.0660097151995,0.071046769619,0.0685282424092,18.0632228851,17.6860103607,17.8746166229,0.0364050678909,0.073404096067,8.81206703186,8.476521492,7.90271663666,7.74043512344,7.93014383316,7.70827913284,7.47668647766,7.40184116364,7.58886814117,7.59170866013,7.43710565567,7.2601518631,7.26676225662,7.37342023849,7.72151088715,7.53443956375,7.59522390366,7.39810800552,7.70338058472,7.79226589203,7.59875154495,7.59546136856,7.19355630875,5.06130552292,6.36766624451,6.44773864746,6.30811357498,6.26195812225,6.46118831635,6.43577384949,6.33526945114,6.25962400436,6.43010473251,6.38252449036,6.34083223343,6.45607566833,6.38640975952,6.3909444809,6.59877920151,6.58143901825,6.71340560913,6.71647834778,6.79531621933,6.68934726715,6.71120405197,6.71452856064,6.08398580551,3.76881241798,1.05040681398,0.660885745984,2.31762258633,0.073404096067,false,false,0.534136213214,0.08432955663,-0.442780445551,0.370309951754,0.0584646262031,-0.306974141377,3.78870895906,2.01222469411,-1.28121567695,0.187823402792,-0.580480691985,-3.03734174,-0.737614107712,-0.570515009834,0.818958306873,0.577357327353,0.306640780271,-0.195243093888,0.0286222085207,-0.0884588350612,-0.462857276241,-0.112404229105,-0.086940175361,0.124800185071
The DoneFors,Lead Me,song_leadme,mix_06852a8a8947,UCP-A3,UCP,Universidade Católica Portuguesa,UCP-A3.mp3,UCP-A3,university_or_institution,C:\Users\oscar\OneDrive\Public share - Mix Eval Dataset\MixEvaluation\audio\LeadMe\UCP-A3.mp3,mix_271852ba8676,soundfile,44100,44100,2,2,9.573107,37.573107,0.05551,9.628617,37.628617,28,1234800,ok,,features extracted before preview fades; no normalisation applied,0.0647760480642,0.0651337504387,0.0649548992515,18.9051513672,18.8048763275,18.855014801,0.0235382821411,0.0055069187656,8.83617687225,8.60327529907,7.95892190933,7.5686249733,7.90163898468,7.72567176819,7.4436416626,7.3240275383,7.44614887238,7.36863279343,7.10614299774,6.90289068222,6.94681072235,7.06964445114,7.46650075912,7.33582687378,7.42303419113,7.30767583847,7.69860982895,7.83729982376,7.74030685425,7.87275075912,7.59911584854,5.62070798874,5.94094085693,6.08757209778,6.0339217186,5.82414245605,6.22045946121,6.21505069733,5.9887804985,5.81452608109,5.97839975357,6.05137681961,5.92197275162,5.97630500793,5.86808633804,5.87003660202,6.13586568832,6.14392280579,6.32159471512,6.38663768768,6.50028514862,6.43618583679,6.5908946991,6.79376506805,6.39151859283,4.25166130066,1.1031894521,0.979580987942,2.40892372807,0.0055069187656,false,false,-0.139841625611,0.440283732317,-0.77732275992,-0.0969504488785,0.305243201338,-0.538908141036,-1.82559711386,0.330885756787,0.821093395203,1.38565518917,0.444436992835,-2.2862517321,-0.884700465553,-0.851231803354,0.022208466717,-0.278200801874,0.0504233284377,0.12512554891,0.211158520039,0.0677272804886,-0.348399469045,-0.134818562687,-0.129718308863,0.00338432461477
The DoneFors,Lead Me,song_leadme,mix_271852ba8676,DU-E,DU,Dalarna University,DU-E.mp3,DU-E,university_or_institution,C:\Users\oscar\OneDrive\Public share - Mix Eval Dataset\MixEvaluation\audio\LeadMe\DU-E.mp3,mix_271852ba8676,soundfile,44100,44100,2,2,9.573107,37.573107,0,9.573107,37.573107,28,1234800,ok,,features extracted before preview fades; no normalisation applied,0.0531910397112,0.0555637106299,0.0543773770332,19.3318729401,19.1757736206,19.2538223267,0.0430038608611,0.0436125770211,8.42581939697,7.98922014236,7.41669130325,7.05224370956,7.5888710022,7.51097393036,7.34878110886,7.35463571548,7.49298238754,7.47484636307,7.30418157578,7.18041133881,7.31578922272,7.56529760361,7.98414421082,7.95870828629,8.16214466095,8.13631725311,8.55400085449,8.74392795563,8.71740913391,8.95052528381,8.6834564209,6.49469327927,6.5935997963,6.40819978714,5.88740539551,5.82654380798,5.71839475632,5.76538467407,5.72712373734,5.72510242462,5.84102153778,5.84810829163,5.92106485367,6.15299892426,6.1903758049,6.23286437988,6.47218608856,6.73025226593,7.01346111298,7.14612627029,7.23848819733,7.17851734161,7.4267783165,7.62732839584,7.29093122482,5.30750179291,2.2866017549,1.71936809347,6.20235868462,0.0436125770211,false,true,-2.13489646647,0.585079191181,-0.27120881024,-1.48009700136,0.405628080813,-0.188025673884,4.19376987785,1.04747196321,10.3684928825,-1.43405668642,-0.792761563558,1.38121774864,0.284694978764,-1.36873336524,0.138936682032,0.639084129811,0.159623138038,1.58004359903,-0.218534372709,-0.120808091228,0.210482303197,0.0433843649185,-0.208579821294,0.0211724131561
The DoneFors,Lead Me,song_leadme,mix_28932c4bb152,McG-E,McG,McGill University,McG-E.mp3,McG-E,university_or_institution,C:\Users\oscar\OneDrive\Public share - Mix Eval Dataset\MixEvaluation\audio\LeadMe\McG-E.mp3,mix_271852ba8676,soundfile,48000,44100,2,2,9.573107,37.573107,0.078549,9.651656,37.651656,28,1234800,ok,,features extracted before preview fades; no normalisation applied,0.0714775174856,0.0706217885017,0.0710496529937,17.4622573853,17.5482063293,17.5052318573,0.0365210436285,-0.0120436698198,8.79633712769,8.48456668854,7.86707115173,7.56603956223,7.9057970047,7.81906604767,7.56852674484,7.4959435463,7.58651590347,7.51546669006,7.34955215454,7.09811401367,7.105240345,7.22308492661,7.5457072258,7.40438318253,7.5618929863,7.37958717346,7.70081806183,7.80807113647,7.66804218292,7.7378821373,7.44944477081,6.37613248825,6.82916307449,6.63610601425,6.21336221695,6.21603965759,6.31282758713,6.40746307373,6.31074571609,6.21928977966,6.2553062439,6.20200109482,6.17840766907,6.21177053452,6.2042093277,6.22866630554,6.41003322601,6.48919010162,6.62554311752,6.68968582153,6.71966648102,6.6372961998,6.76358604431,6.92332696915,6.82143688202,6.15101861954,0.943182316632,0.660885745984,2.21288154966,-0.0120436698198,false,false,1.00970622749,-0.0497833504392,-0.43976502333,0.70001669076,-0.0345141738067,-0.30488358689,2.48638879081,1.56689144107,-0.668926666544,1.0964789946,0.334388770248,-0.37696705926,0.548733730317,-0.0574691424682,-0.0905324071167,0.378898142489,0.238776919643,-0.101937023024,0.167091267411,0.0509571489322,-0.0574456090943,0.0836209493491,-0.00875766147762,-0.0137961372004
The DoneFors,Lead Me,song_leadme,mix_345e90b3c215,QUT-E,QUT,Queensland University of Technology,QUT-E.mp3,QUT-E,university_or_institution,C:\Users\oscar\OneDrive\Public share - Mix Eval Dataset\MixEvaluation\audio\LeadMe\QUT-E.mp3,mix_271852ba8676,soundfile,44100,44100,2,2,9.573107,37.573107,0.041633,9.61474,37.61474,28,1234800,ok,,features extracted before preview fades; no normalisation applied,0.0691835135221,0.0696946531534,0.0694390833378,13.1132545471,13.0186309814,13.0659427643,0.0472285151482,0.00736099667847,8.86389732361,8.40081596375,7.9212808609,7.47216033936,7.76862573624,7.76438188553,7.53195571899,7.439909935,7.50212526321,7.44312858582,7.27683210373,6.99915361404,7.0571975708,7.21220493317,7.55968618393,7.41629219055,7.51062583923,7.42040300369,7.81901788712,7.96369171143,7.86417198181,7.95570755005,7.61123847961,5.79796123505,6.83620023727,6.67297840118,6.22249794006,6.08826446533,6.03170156479,6.14761543274,6.05579090118,6.09607791901,6.0022687912,6.0088891983,5.9456114769,5.9361114502,5.9822883606,6.01561641693,6.04972171783,6.05135440826,6.15753889084,6.23304891586,6.25266122818,6.21981096268,6.37994003296,6.5213727951,6.29272127151,4.80266284943,1.53430219429,0.711352249321,3.41300082713,0.00736099667847,false,false,0.70593236418,-1.66156061098,-0.161365866548,0.489414073141,-1.15193917668,-0.111872935738,-0.874443211201,1.80894530364,0.505892390185,0.768383390948,-0.840629544669,-0.0485279282282,-0.926694848125,0.170843209693,-0.722720595006,-0.133255470609,0.275663250232,0.0770924031065,0.117093127441,-0.128102641942,-0.00739511935241,-0.141218041968,0.02603461496,-0.110134622549
The DoneFors,Lead Me,song_leadme,mix_3a41a8db47bc,DU-F,DU,Dalarna University,DU-F.mp3,DU-F,university_or_institution,C:\Users\oscar\OneDrive\Public share - Mix Eval Dataset\MixEvaluation\audio\LeadMe\DU-F.mp3,mix_271852ba8676,soundfile,44100,44100,2,2,9.573107,37.573107,-0.000454,9.572653,37.572653,28,1234800,ok,,features extracted before preview fades; no normalisation applied,0.0586197935045,0.0630561560392,0.0608379766345,19.0981616974,17.7597064972,18.4289340973,0.137899577618,0.0728241205215,8.37223052979,8.42457008362,7.90774011612,7.65460252762,7.87965679169,7.79472923279,7.50447845459,7.34820365906,7.41985368729,7.37767744064,7.24459552765,7.07165765762,7.19207286835,7.30130577087,7.63918590546,7.61943435669,7.66865921021,7.62891435623,8.00448322296,8.15761566162,8.15788841248,8.32214641571,8.02149200439,5.94723463058,6.99895143509,7.12597894669,6.76485300064,6.89939165115,6.7881937027,6.79347705841,6.6940112114,6.58301782608,6.44927549362,6.47385883331,6.45662164688,6.41416168213,6.60084009171,6.63073730469,6.76749181747,6.84216165543,7.06940698624,7.14973974228,7.20177555084,7.14832496643,7.21684598923,7.28475141525,7.05835151672,5.2174539566,1.85604740305,1.43128774226,5.0136813458,0.0728241205215,false,true,-0.916345444462,0.285586172642,2.19612322784,-0.63529082832,0.1979933193,1.52254474875,6.32799481325,-1.2312463838,0.202190852799,-3.03972035602,2.2043708663,0.0097578299962,0.283504134039,0.501328446325,-0.554009991358,0.964316397053,-0.187628326469,0.0308116489413,-0.463219751007,0.335921731021,0.00148698533148,0.0432028933579,0.0763969085575,-0.0844249931557
The DoneFors,Lead Me,song_leadme,mix_3bc79ea82599,PXL-L3,PXL,PXL University College,PXL-L3.mp3,PXL-L3,university_or_institution,C:\Users\oscar\OneDrive\Public share - Mix Eval Dataset\MixEvaluation\audio\LeadMe\PXL-L3.mp3,mix_271852ba8676,soundfile,44100,44100,2,2,9.573107,37.573107,-0.045351,9.527756,37.527756,28,1234800,ok,,features extracted before preview fades; no normalisation applied,0.0600505284965,0.0684610232711,0.0642557740211,18.3438262939,17.356918335,17.8503723145,0.0863919109106,0.130332604051,8.43082427979,8.37629699707,8.05107784271,7.92126655579,8.15627861023,7.94981956482,7.30953645706,7.15023088455,7.24868440628,7.15189552307,6.8638048172,6.37930202484,6.25040197372,6.58863735199,7.15093135834,7.08121109009,7.08413648605,6.94417142868,7.57288885117,7.85419273376,7.92279577255,8.12536907196,7.72113370895,5.28533172607,6.43246841431,6.7988615036,6.70893716812,6.79632329941,6.64395856857,6.64760065079,6.22896718979,6.03999948502,6.12064838409,6.07293891907,5.6231508255,5.18479251862,5.30864334106,5.65182304382,6.08685255051,5.93451738358,5.9048333168,5.99355363846,6.46279144287,6.38314151764,6.26290130615,6.17885828018,5.40045785904,2.34465813637,1.73841897096,1.32790523755,4.10771164445,0.130332604051,false,true,-0.271705510791,0.0755271506235,0.856900335413,-0.188370030159,0.0523620282834,0.594078278189,-6.49403243332,-3.27633177153,-3.08166217542,-3.38980671942,1.78287348785,-1.05554391195,-0.377251420294,-0.29690577412,0.279690627897,-0.989618693323,-0.499276712878,-0.469611220242,-0.516569039457,0.271690193962,-0.160853213717,-0.0574889425697,-0.0452451550313,0.0426217572142
The DoneFors,Lead Me,song_leadme,mix_4181778a6cfd,McG-D,McG,McGill University,McG-D.mp3,McG-D,university_or_institution,C:\Users\oscar\OneDrive\Public share - Mix Eval Dataset\MixEvaluation\audio\LeadMe\McG-D.mp3,mix_271852ba8676,soundfile,48000,44100,2,2,9.573107,37.573107,0.138413,9.71152,37.71152,28,1234800,ok,,features extracted before preview fades; no normalisation applied,0.0621308088303,0.0706190913916,0.0663749501109,18.0403938293,18.5120239258,18.2762088776,0.0724361687899,0.12736313045,8.66215991974,8.64120006561,8.00681209564,7.50571393967,7.82211637497,7.70713281631,7.35706663132,7.25799703598,7.42193412781,7.3341293335,7.18564414978,6.88918542862,6.81160497665,6.85749864578,7.31449079514,7.25330686569,7.21093034744,7.15173387527,7.5019197464,7.66095638275,7.58457231522,7.74018716812,7.58942365646,6.87835836411,6.89774656296,7.26311016083,6.8879570961,6.61927986145,6.55237388611,6.37881851196,6.15511798859,6.08400344849,6.19713163376,6.18843317032,6.19565629959,6.14143133163,5.90274715424,5.93518447876,6.21125793457,6.29909849167,6.26809310913,6.34719514847,6.35062456131,6.45861101151,6.6884765625,6.99196147919,7.01598501205,6.55219697952,0.906738860478,0.859062703586,1.97046360813,0.12736313045,false,false,0.127997976409,0.230136069919,0.494044657346,0.0887393951132,0.159550457056,0.342514977828,-0.297817624168,-1.69045808709,-2.46346333646,1.10897463582,1.37208719583,1.66667480791,-0.875717713036,-0.0794049686846,0.240150128423,-0.04538411089,-0.257607109364,-0.375404556893,0.168995464882,0.209090907968,0.253982800753,-0.133449690588,-0.0121004386966,0.0365962225676
The DoneFors,Lead Me,song_leadme,mix_427e3b105a59,McG-H,McG,McGill University,McG-H.mp3,McG-H,university_or_institution,C:\Users\oscar\OneDrive\Public share - Mix Eval Dataset\MixEvaluation\audio\LeadMe\McG-H.mp3,mix_271852ba8676,soundfile,48000,44100,2,2,9.573107,37.573107,0.138413,9.71152,37.71152,28,1234800,ok,,features extracted before preview fades; no normalisation applied,0.0665221884847,0.0695893466473,0.0680557638407,14.2068920135,13.764257431,13.9855747223,0.064427241683,0.0450452305377,8.73837184906,8.40212535858,7.85510492325,7.58236694336,8.0138502121,7.88700056076,7.5424861908,7.48231697083,7.47719955444,7.39021492004,7.12419128418,6.8353638649,6.84753417969,7.08146905899,7.5489783287,7.4282450676,7.55088710785,7.34816884995,7.535800457,7.57163286209,7.73321151733,7.86094093323,7.61329889297,6.51650381088,7.18697738647,7.16861534119,6.41934156418,6.38559007645,6.56209564209,6.36838150024,6.14466047287,6.06034326553,6.02572917938,5.98293066025,5.86513090134,5.84653806686,5.90468025208,5.96951055527,6.238093853,6.27519798279,6.50126743317,6.42677927017,6.56750059128,6.67642831802,6.8862361908,6.94555997849,6.8445353508,6.13651227951,1.24484485785,0.711352249321,2.75434586505,0.0450452305377,false,true,0.445020762938,-1.32766888937,0.285808889528,0.308527325383,-0.920456224845,0.19814772613,-0.118531483863,0.206322728263,-0.787583858134,0.16947346901,0.328643204655,1.16241283277,1.4080929088,0.668213665686,-0.241810880896,-0.0180628867167,0.0314413010472,-0.120019066207,0.0258258816346,0.0500815883042,0.17713885486,0.214577780261,0.101828369582,-0.0368493028701
The DoneFors,Lead Me,song_leadme,mix_4e2cf7c970a8,QUT-F,QUT,Queensland University of Technology,QUT-F.mp3,QUT-F,university_or_institution,C:\Users\oscar\OneDrive\Public share - Mix Eval Dataset\MixEvaluation\audio\LeadMe\QUT-F.mp3,mix_271852ba8676,soundfile,44100,44100,2,2,9.573107,37.573107,0.036644,9.609751,37.609751,28,1234800,ok,,features extracted before preview fades; no normalisation applied,0.0663574486971,0.0730082690716,0.0696828588843,15.4905357361,15.2323379517,15.3614368439,0.0459679067135,0.0952272340655,8.79170131683,8.56642818451,7.99362516403,7.58763551712,7.80142974854,7.48984193802,7.35287857056,7.45647287369,7.63725614548,7.60174512863,7.38429880142,7.10604333878,6.93427085876,6.88974142075,7.18773984909,7.03207492828,7.12640285492,6.93604898453,7.30851316452,7.35055589676,7.32732868195,7.60601139069,7.69314289093,6.22779512405,6.75744962692,7.14868021011,6.53751468658,6.22399377823,6.33115100861,6.14344072342,6.19091844559,6.27791118622,6.33062171936,6.22670221329,6.06569480896,5.79677343369,5.48536109924,5.44500732422,5.7417807579,5.6269068718,5.60501718521,5.58480930328,5.80132722855,5.81440877914,6.10989236832,6.6320142746,6.79941749573,5.32922029495,1.63588935399,1.1993533712,3.58595383152,0.0952272340655,false,true,0.751911523958,-0.82813321265,-0.194142262414,0.521290849172,-0.574134392007,-0.134596400786,-3.26642270909,1.94362701597,-4.08845773746,2.90830085083,0.294574378749,2.17746375108,-2.91432102636,-2.0369215425,0.279345677061,-0.497766681395,0.296187253081,-0.623035724782,0.443192872431,0.0448898761713,0.33182138436,-0.444110280576,-0.310404306721,0.0425691905232
The DoneFors,Lead Me,song_leadme,mix_542ca972e5f6,QUT-H,QUT,Queensland University of Technology,QUT-H.mp3,QUT-H,university_or_institution,C:\Users\oscar\OneDrive\Public share - Mix Eval Dataset\MixEvaluation\audio\LeadMe\QUT-H.mp3,mix_271852ba8676,soundfile,44100,44100,2,2,9.573107,37.573107,0.021678,9.594785,37.594785,28,1234800,ok,,features extracted before preview fades; no normalisation applied,0.0667568147182,0.0602439939976,0.0635004043579,16.1358013153,17.3900051117,16.7629032135,0.134910270572,-0.102294452488,8.59819602966,8.14763450623,7.79365110397,7.65483522415,7.96891975403,7.82527828217,7.46969842911,7.35137224197,7.3542509079,7.22877502441,7.02120685577,6.75575971603,6.78780984879,7.020175457,7.54190683365,7.5036611557,7.65324926376,7.43577384949,7.69177722931,7.66042709351,7.30080366135,7.04256820679,6.48998165131,4.75335264206,7.50808572769,7.16347026825,6.65473031998,6.79884338379,6.7410159111,6.81571626663,6.7718629837,6.625831604,6.57428026199,6.43839883804,6.2514333725,6.09049320221,6.13496112823,6.11733007431,6.34390306473,6.43351888657,6.58961296082,6.60758543015,6.56245183945,6.36413669586,6.2077293396,6.14495801926,5.85700464249,4.39226484299,1.95408545835,1.23314937975,5.09449017527,-0.102294452488,false,true,-0.414177809322,-0.319301375253,2.11839987742,-0.287144291649,-0.221367647315,1.46866012264,1.73099436776,-1.75154706696,-5.07419042842,-2.05332058213,-3.53976587341,-1.61715395501,0.569950511712,1.28969881525,-0.700228989842,0.263784390047,-0.266916394012,-0.773250480807,-0.312903338923,-0.539421155389,-0.246436370667,0.0868541520928,0.196535830307,-0.106707150768
The DoneFors,Lead Me,song_leadme,mix_5aa762fa5def,McG-B,McG,McGill University,McG-B.mp3,McG-B,university_or_institution,C:\Users\oscar\OneDrive\Public share - Mix Eval Dataset\MixEvaluation\audio\LeadMe\McG-B.mp3,mix_271852ba8676,soundfile,48000,44100,2,2,9.573107,37.573107,0.063583,9.63669,37.63669,28,1234800,ok,,features extracted before preview fades; no normalisation applied,0.0632496476173,0.0618750080466,0.0625623315573,15.0368261337,14.4948387146,14.765832901,0.0777368620038,-0.0219697598368,7.8811378479,8.01016330719,7.84047031403,7.44027805328,8.07134532928,7.98541259766,7.66634893417,7.5808262825,7.79080677032,7.73889398575,7.55198669434,7.29090213776,7.24587583542,7.465716362,7.95914459229,7.77419424057,7.84534072876,7.50874090195,7.83705663681,7.95306015015,7.79081344604,7.8780465126,7.46730089188,6.18239593506,6.9452753067,6.8196015358,6.63348865509,6.49691772461,6.43835163116,6.47463846207,6.25123310089,6.21188640594,6.29232406616,6.23672485352,6.16204166412,6.01187753677,5.87772226334,5.97824144363,6.34039592743,6.29520940781,6.31493902206,6.21780776978,6.31664514542,6.35834741592,6.47252464294,6.67122888565,6.48130941391,5.48517799377,1.34734023578,0.904224410539,3.35496209684,-0.0219697598368,false,true,-0.591110236718,-1.04437974928,0.631865105282,-0.409809329203,-0.724055409464,0.438064169519,2.54546463843,5.41734639911,-0.71897501555,-2.30303605254,-1.24009290059,1.17953031536,0.590732152431,-0.937923612955,0.31842850946,0.387900648057,0.825543654087,-0.109563837681,-0.350957213779,-0.18897643775,0.179747369821,0.0900210442118,-0.142929181494,0.0485249817711
The DoneFors,Lead Me,song_leadme,mix_5d42d0f1628e,UCP-A4,UCP,Universidade Católica Portuguesa,UCP-A4.mp3,UCP-A4,university_or_institution,C:\Users\oscar\OneDrive\Public share - Mix Eval Dataset\MixEvaluation\audio\LeadMe\UCP-A4.mp3,mix_271852ba8676,soundfile,44100,44100,2,2,9.573107,37.573107,0.05551,9.628617,37.628617,28,1234800,ok,,features extracted before preview fades; no normalisation applied,0.0654166862369,0.0619569160044,0.0636868029833,16.5951061249,16.8853416443,16.7402229309,0.075029425323,-0.0542847178876,8.53236484528,8.18498039246,7.78063726425,7.44430017471,7.88923168182,7.69913482666,7.4658946991,7.39472436905,7.47071075439,7.4427189827,7.23825931549,7.02244615555,7.07586574554,7.28902959824,7.73444318771,7.55230903625,7.62791442871,7.33621120453,7.44180774689,7.37845134735,7.31484365463,7.53768014908,7.19179201126,4.96872472763,7.03480482101,6.90870666504,6.62667179108,6.49702167511,6.64477205276,6.48960113525,6.29264307022,6.2842874527,6.20216226578,6.1591796875,6.06209611893,5.93965482712,5.91964769363,6.01951217651,6.34968900681,6.25602817535,6.32549571991,6.21159124374,6.3174905777,6.25944042206,6.0674161911,5.97789430618,5.30917215347,2.85872530937,1.16996438872,0.895150245625,2.49850111475,-0.0542847178876,false,false,-0.379020664552,-0.327535928802,0.561470513282,-0.262770283182,-0.227076560233,0.389260479895,0.174320342198,1.16901950953,-2.86365956687,-1.19543789769,-3.59096069982,-1.01240202897,-0.361602853775,-0.955792291697,-0.163178609078,0.026564491483,0.178145639303,-0.436390034664,-0.182171509368,-0.547222680517,-0.154278868071,-0.0551042741669,-0.145652170436,-0.0248666146269
The DoneFors,Lead Me,song_leadme,mix_5e09465de0ed,QUT-D,QUT,Queensland University of Technology,QUT-D.mp3,QUT-D,university_or_institution,C:\Users\oscar\OneDrive\Public share - Mix Eval Dataset\MixEvaluation\audio\LeadMe\QUT-D.mp3,mix_271852ba8676,soundfile,44100,44100,2,2,9.573107,37.573107,0.021678,9.594785,37.594785,28,1234800,ok,,features extracted before preview fades; no normalisation applied,0.0673464387655,0.0736181885004,0.070482313633,17.7300643921,17.6225261688,17.6762962341,0.0754877850413,0.0888076350093,8.74951934814,8.57551956177,8.0666809082,7.66763401031,7.95207691193,7.80183362961,7.54240036011,7.42422962189,7.49706220627,7.43053817749,7.24972057343,6.9507522583,6.93508386612,7.1105670929,7.55512189865,7.44739484787,7.57858562469,7.44977855682,7.85412025452,7.97362518311,7.81968688965,7.91550636292,7.5443520546,5.4443731308,7.77356529236,7.1127038002,6.2852063179,6.00126123428,5.91352844238,5.93269920349,5.8142156601,5.80561161041,5.75734329224,5.67739725113,5.65791940689,5.75213766098,5.62093114853,5.60093021393,5.79278087616,5.97265720367,6.1820898056,6.19315099716,6.24657773972,6.24631643295,6.39658975601,6.60047960281,6.40493249893,4.72404050827,1.03709476897,0.938844502593,2.87556201156,0.0888076350093,false,false,0.902698828727,0.0123251689291,0.573388075598,0.625829800423,0.00854488536553,0.397522776696,-3.12329739452,2.17609611896,0.897077951615,0.79786670201,-1.08905629761,1.065654338,-0.482815632458,2.9614760114,0.356731866174,-0.475955966983,0.331612972356,0.136704754619,0.121586057845,-0.165960130514,0.162393930787,-0.0735757605485,0.451296178576,0.0543619895488
The DoneFors,Lead Me,song_leadme,mix_7734100f29f3,CNS-B,CNS,Conservatoire National Supérieur de Musique et de Danse de Paris,CNS-B.mp3,CNS-B,university_or_institution,C:\Users\oscar\OneDrive\Public share - Mix Eval Dataset\MixEvaluation\audio\LeadMe\CNS-B.mp3,mix_271852ba8676,soundfile,44100,44100,2,2,9.573107,37.573107,0.046621,9.619728,37.619728,28,1234800,ok,,features extracted before preview fades; no normalisation applied,0.07051794976,0.0755444020033,0.0730311721563,17.9768676758,17.3078327179,17.6423492432,0.0866463705897,0.0687446296215,8.9720954895,8.42021274567,7.88908481598,7.61456346512,7.74789047241,7.78249883652,7.51609897614,7.34933900833,7.30438327789,7.1978468895,7.03299188614,6.78319120407,6.8380818367,7.08984661102,7.41769123077,7.27943658829,7.35628318787,7.25958061218,7.61768865585,7.75181055069,7.69177818298,7.8022685051,7.3467540741,5.35956668854,7.54353427887,7.32947206497,6.90753269196,6.81778001785,6.69797992706,6.62715387344,6.56434488297,6.37178707123,6.31923389435,6.18618297577,6.11349630356,5.99235677719,5.98225212097,6.14600610733,6.37758398056,6.35065507889,6.46471405029,6.4379734993,6.60046720505,6.70239067078,6.81489419937,7.00743818283,6.6838054657,5.01952409744,1.38978826728,0.976468028715,3.37457618372,0.0687446296215,false,true,1.38344587238,0,0.863516403452,0.959125709098,0,0.598665115358,1.01207594947,-2.71328327293,-2.9189413107,-0.70724188491,-0.0715673465812,0.677911699216,0.164040404804,1.33324803516,-0.943704982141,0.154229177163,-0.41347435122,-0.44481436079,-0.107775838386,-0.0109060718029,0.103306242593,0.0249979427607,0.203172249597,-0.143810198193
The DoneFors,Lead Me,song_leadme,mix_7b5a2d66116b,McG-C,McG,McGill University,McG-C.mp3,McG-C,university_or_institution,C:\Users\oscar\OneDrive\Public share - Mix Eval Dataset\MixEvaluation\audio\LeadMe\McG-C.mp3,mix_271852ba8676,soundfile,48000,44100,2,2,9.573107,37.573107,0.078549,9.651656,37.651656,28,1234800,ok,,features extracted before preview fades; no normalisation applied,0.070191770792,0.0730098485947,0.0716008096933,16.9480056763,17.5248985291,17.2364521027,0.0515510812402,0.039342943579,8.83687114716,8.55738162994,7.89575529099,7.44807910919,7.75709724426,7.57224464417,7.27592658997,7.26415300369,7.38538551331,7.29876852036,7.13675928116,6.82562017441,6.84365129471,7.01076889038,7.471971035,7.36567497253,7.49562501907,7.3531165123,7.77939987183,7.95605421066,7.86953926086,8.01390075684,7.75682878494,6.76048946381,7.18772220612,6.9423456192,6.58799219131,6.30229854584,6.29537916183,6.22775316238,6.06577730179,6.07752513885,6.18793916702,6.07417392731,6.10279560089,6.14718437195,6.00447463989,6.01497840881,6.27016830444,6.3879532814,6.5607585907,6.583111763,6.68604183197,6.75806713104,6.96855115891,7.23173379898,7.19317245483,6.56452131271,1.08919422176,0.762613774376,2.61245694702,0.039342943579,false,false,1.11366137114,-0.147369492608,-0.0489771711465,0.77208749082,-0.102169424854,-0.0339552597925,0.803914596317,-2.13820701338,0.801914386457,0.95418319888,0.738833001812,1.47933611932,-0.837005678055,0.492416850632,0.428199717537,0.122507690024,-0.325839091868,0.122202880172,0.145406962494,0.11258997508,0.225434457313,-0.127550404764,0.0750388799711,0.0652528993813
The DoneFors,Lead Me,song_leadme,mix_7cdfb2503e88,DU-B,DU,Dalarna University,DU-B.mp3,DU-B,university_or_institution,C:\Users\oscar\OneDrive\Public share - Mix Eval Dataset\MixEvaluation\audio\LeadMe\DU-B.mp3,mix_271852ba8676,soundfile,44100,44100,2,2,9.573107,37.573107,-0.000454,9.572653,37.572653,28,1234800,ok,,features extracted before preview fades; no normalisation applied,0.0670064240694,0.0637557208538,0.0653810724616,15.7794618607,16.9875564575,16.3835086823,0.0293080657721,-0.0496885962784,8.77663993835,8.37206745148,7.8571972847,7.42658042908,7.98995018005,7.79920339584,7.42753982544,7.31347751617,7.09638738632,6.97218608856,6.89045858383,6.70245170593,6.7078962326,6.88711881638,7.25107431412,7.14434528351,7.33323335648,7.28121566772,7.56087255478,7.69552612305,7.90204191208,8.26235866547,8.0723400116,6.03086709976,5.82036113739,6.63427591324,6.20267915726,6.13405370712,6.21814346313,6.08921003342,5.94501018524,5.96744823456,6.14893865585,6.04332685471,5.99201345444,6.02650022507,5.9476518631,5.9300775528,6.09660577774,6.27117681503,6.53184556961,6.63182115555,6.72408914566,6.75103282928,7.12756538391,7.42580509186,7.14682149887,5.17945766449,1.4329839002,0.977790025182,3.00486995465,-0.0496885962784,false,true,-0.059459953202,-0.457048538222,-0.627305746592,-0.0412228413966,-0.316866031456,-0.434903223201,-1.8427730429,-3.91126091083,1.68912765589,1.22872989687,2.39412840765,-1.20084123419,1.04670469564,-1.0973374257,-1.63146199272,-0.280818223427,-0.596032888897,0.257404366368,0.187244841702,0.364838680859,-0.182994918067,0.159506214949,-0.167222082813,-0.24861675731
The DoneFors,Lead Me,song_leadme,mix_824f6c7e53d0,CNS-C,CNS,Conservatoire National Supérieur de Musique et de Danse de Paris,CNS-C.mp3,CNS-C,university_or_institution,C:\Users\oscar\OneDrive\Public share - Mix Eval Dataset\MixEvaluation\audio\LeadMe\CNS-C.mp3,mix_271852ba8676,soundfile,44100,44100,2,2,9.573107,37.573107,-0.018231,9.554876,37.554876,28,1234800,ok,,features extracted before preview fades; no normalisation applied,0.0613025464118,0.0711698681116,0.066236205399,18.1532363892,18.7180728912,18.4356536865,0.0633457824588,0.148149594665,8.52873706818,8.45273399353,7.90575170517,7.74471092224,7.99547433853,7.83580875397,7.62060403824,7.54161596298,7.55127429962,7.47256374359,7.31141710281,7.06700754166,7.07529640198,7.25376081467,7.65879535675,7.52138853073,7.61523532867,7.46661138535,7.92135810852,8.07323074341,7.94264888763,8.06404972076,7.73463535309,6.09253263474,6.91831588745,6.89467287064,6.38862657547,6.34682035446,6.24850845337,6.26679086685,6.10384511948,6.11151885986,6.06665229797,6.0811457634,5.97997236252,6.08053541183,6.02079629898,6.01687002182,6.16687774658,6.23086833954,6.41854953766,6.54433822632,6.61386632919,6.57675218582,6.8577413559,7.15917491913,7.03705739975,5.85345554352,0,0.493244553384,0.869029916781,0.148149594665,false,true,0.101828964101,0.28802586081,0.257690455072,0.0705967463926,0.199684724573,0.178653567432,1.11527217244,2.21933664119,0.780607436222,-0.245204486723,1.03649422316,0.574095856003,0.387594443953,0.946482114569,-0.514030537464,0.169955139788,0.338202349534,0.118955936695,-0.0373664508515,0.157950251911,0.0874858566988,0.059065104941,0.144233402449,-0.078332566712
The DoneFors,Lead Me,song_leadme,mix_8617440e42f5,CNS-A,CNS,Conservatoire National Supérieur de Musique et de Danse de Paris,CNS-A.mp3,CNS-A,university_or_institution,C:\Users\oscar\OneDrive\Public share - Mix Eval Dataset\MixEvaluation\audio\LeadMe\CNS-A.mp3,mix_271852ba8676,soundfile,44100,44100,2,2,9.573107,37.573107,-0.073107,9.5,37.5,28,1234800,ok,,features extracted before preview fades; no normalisation applied,0.0710756033659,0.0634564682841,0.0672660320997,20.6876869202,20.5632019043,20.6254444122,0.0526809170842,-0.112906612456,8.73534870148,8.71643447876,8.05414390564,7.67072916031,7.75633621216,7.64302968979,7.55632638931,7.37337350845,7.43606328964,7.37534570694,7.20798492432,6.91723251343,6.87255573273,7.04111242294,7.43986797333,7.30839157104,7.4214220047,7.31623983383,7.77095031738,7.96461582184,7.84902477264,7.95288038254,7.57764863968,5.6370177269,7.0097823143,6.93540334702,6.50592803955,6.39541482925,6.27000427246,6.35508155823,6.31073856354,6.15523767471,6.0557975769,5.99128007889,5.95723152161,5.95617961884,5.91074609756,5.8835439682,6.10374164581,6.16449546814,6.17506408691,6.28361225128,6.32897615433,6.33310651779,6.48175191879,6.66370820999,6.48897266388,5.0211353302,0.856225391897,0.856225391897,2.32463667094,-0.112906612456,false,false,0.296067340734,1.08307543363,-0.0196009224501,0.205259781963,0.750882643138,-0.0135890742235,-1.06875958665,0.185774424442,-1.00203694073,0.262082220777,0.469500569572,0.312988739427,-1.42499796847,1.19834938866,-0.701471490715,-0.162867136324,0.0283099668899,-0.152699343301,0.0399384307872,0.0715466922817,0.0476960210034,-0.217153924318,0.182615188378,-0.106896494154
The DoneFors,Lead Me,song_leadme,mix_864280f1b98b,QUT-A,QUT,Queensland University of Technology,QUT-A.mp3,QUT-A,university_or_institution,C:\Users\oscar\OneDrive\Public share - Mix Eval Dataset\MixEvaluation\audio\LeadMe\QUT-A.mp3,mix_271852ba8676,soundfile,44100,44100,2,2,9.573107,37.573107,-0.070023,9.503084,37.503084,28,1234800,ok,,features extracted before preview fades; no normalisation applied,0.0605784542859,0.058062646538,0.0593205504119,11.0320415497,11.5191764832,11.2756090164,0.0492704212666,-0.0423912964761,8.64701080322,8.38356113434,7.88267707825,7.2520737648,7.75414991379,7.46431303024,7.42111301422,7.31183242798,7.16401767731,7.01895332336,7.02543735504,6.83773088455,6.97488117218,7.09653377533,7.5117688179,7.5169210434,7.69639015198,7.61659145355,7.90186977386,7.94207763672,7.82543039322,8.03424167633,7.80397129059,6.15862894058,6.29618740082,6.41450548172,6.47001743317,6.40836191177,6.23240995407,6.10011386871,6.22886419296,6.28647518158,6.19759845734,6.06619644165,6.2785859108,6.5012588501,6.42324876785,6.36079692841,6.55951023102,6.73014640808,6.91589307785,6.90243005753,6.90919351578,6.87839031219,7.15983772278,7.45417833328,7.22012424469,5.68620586395,2.2894310665,1.70126989899,5.20041251968,-0.0423912964761,false,true,-1.20255127495,-2.31157892769,-0.108275373564,-0.833713748653,-1.6025887405,-0.0750659613948,2.8903799271,-3.66194296166,2.45874030945,0.494737450065,0.372309941513,-1.11761200044,0.0759433388677,-0.268499306688,-1.88076652036,0.440461921931,-0.558039591878,0.374684819831,0.0753925136497,0.0567359158757,-0.170311703686,0.0115729246117,-0.0409163236819,-0.286608009034
The DoneFors,Lead Me,song_leadme,mix_8f1477339518,DU-A,DU,Dalarna University,DU-A.mp3,DU-A,university_or_institution,C:\Users\oscar\OneDrive\Public share - Mix Eval Dataset\MixEvaluation\audio\LeadMe\DU-A.mp3,mix_271852ba8676,soundfile,44100,44100,2,2,9.573107,37.573107,-0.020408,9.552699,37.552699,28,1234800,ok,,features extracted before preview fades; no normalisation applied,0.0626519918442,0.0613903515041,0.0620211735368,15.5446662903,15.1987276077,15.3716964722,0.0471231229603,-0.0203399658203,8.44239997864,8.03094768524,7.81013965607,7.45963382721,8.00065803528,7.90944862366,7.58264732361,7.44341373444,7.45993185043,7.2976102829,7.01453971863,6.71087884903,6.666639328,6.78613615036,7.0725774765,6.91070556641,6.98036289215,6.93132448196,7.12686252594,7.24564647675,7.35559129715,7.59397649765,7.42542123795,5.56298732758,6.87925624847,6.82037973404,6.0238571167,5.96025896072,5.72118091583,5.71316432953,5.63447761536,5.47219514847,5.56961917877,5.493516922,5.41639614105,5.58810472488,5.625477314,5.69540882111,5.93619537354,6.05137681961,6.22200632095,6.57245159149,6.66418981552,6.40071105957,6.50673055649,6.66989660263,6.43207597733,4.5251159668,1.7931949206,1.38279048726,3.98077719997,-0.0203399658203,false,true,-0.693179502675,-0.824408238843,-0.164106111636,-0.480572673865,-0.571551914285,-0.113772713363,-6.07490845528,-0.385896014632,-0.489182209551,3.36807924032,-0.823796248049,0.112557768817,4.21309140331,-0.632089248577,0.947459210099,-0.925748836228,-0.0588062831037,-0.0745459564582,0.513258012034,-0.125537433779,0.0171525586365,0.64202851652,-0.0963234080924,0.144382300997
The DoneFors,Lead Me,song_leadme,mix_92e2bdebe300,PXL-L2,PXL,PXL University College,PXL-L2.mp3,PXL-L2,university_or_institution,C:\Users\oscar\OneDrive\Public share - Mix Eval Dataset\MixEvaluation\audio\LeadMe\PXL-L2.mp3,mix_271852ba8676,soundfile,44100,44100,2,2,9.573107,37.573107,-0.045351,9.527756,37.527756,28,1234800,ok,,features extracted before preview fades; no normalisation applied,0.0602850392461,0.066167704761,0.0632263720036,18.0678710938,18.6631221771,18.3654975891,0.0163028743118,0.092840410769,7.81362390518,8.14838981628,7.98462486267,7.93874549866,8.30342483521,8.0184879303,7.72971582413,7.7446141243,7.75675582886,7.61214494705,7.32484436035,6.85147476196,6.83472490311,7.00547599792,7.33826589584,7.37324571609,7.64795589447,7.64379167557,8.04640483856,8.18570137024,8.01807594299,8.38301086426,8.29605102539,6.43539333344,5.96993780136,6.34080410004,6.26163721085,6.06030273438,5.92239332199,5.71303367615,5.52881574631,5.45275497437,5.44132184982,5.36249017715,5.26128101349,4.90515184402,5.04796361923,5.18963241577,5.42029571533,5.54668283463,5.73270750046,6.03566265106,6.16374397278,5.81021595001,5.38319063187,5.65671348572,5.44198942184,3.44758224487,1.9567425778,1.25915273732,4.94697241268,0.092840410769,false,true,-0.465863786786,0.262554214312,-0.965446672736,-0.32297753296,0.182025550842,-0.669332095367,-8.44037801996,7.07011896776,2.59538344354,-2.4232762066,0.434561447415,0.830652211527,0.970269867405,-0.62339688296,-1.57155785001,-1.2862202265,1.07740790739,0.395507721656,-0.36928048293,0.066222356629,0.126582206759,0.147858392795,-0.0949987877441,-0.239488028736
The DoneFors,Lead Me,song_leadme,mix_9346b5d4ade2,McG-A,McG,McGill University,McG-A.mp3,McG-A,university_or_institution,C:\Users\oscar\OneDrive\Public share - Mix Eval Dataset\MixEvaluation\audio\LeadMe\McG-A.mp3,mix_271852ba8676,soundfile,48000,44100,2,2,9.573107,37.573107,0.063583,9.63669,37.63669,28,1234800,ok,,features extracted before preview fades; no normalisation applied,0.0665112733841,0.0648813694715,0.0656963214278,17.9674949646,19.192691803,18.5800933838,0.0740834772587,-0.0248056594282,8.56022262573,8.5579662323,7.98102474213,7.53581666946,7.9489440918,7.75940561295,7.46693563461,7.46185827255,7.5619430542,7.51920938492,7.33413171768,7.09209775925,7.11326026917,7.29360485077,7.70611381531,7.57210731506,7.67092227936,7.49209499359,7.80006361008,7.87615299225,7.6914935112,7.72534513474,7.41640996933,6.39628744125,7.1986207962,7.04105806351,6.49655342102,6.33061265945,6.27915525436,6.33837747574,6.17542362213,6.20588493347,6.21164274216,6.22967624664,6.24520111084,6.30910539627,6.21528720856,6.19836091995,6.34578132629,6.50823974609,6.686211586,6.67459106445,6.6745724678,6.71807527542,6.91017436981,7.12897253036,7.00727510452,6.32457876205,0.493244553384,0.493244553384,1.52418367292,-0.0248056594282,false,false,0,0.340467730386,0.536875430963,0,0.236042016426,0.372209017137,3.14153463449,1.41687686391,-0.273767570271,0.507412779787,0.117210832904,0.475587511355,0.0187929456733,1.12838749097,0.553691158718,0.47873512058,0.215916357834,-0.0417191487642,0.0773240936604,0.0178616341221,0.0724742748639,0.00286383699678,0.171953769224,0.0843764065887
The DoneFors,Lead Me,song_leadme,mix_a321c1267965,DU-C,DU,Dalarna University,DU-C.mp3,DU-C,university_or_institution,C:\Users\oscar\OneDrive\Public share - Mix Eval Dataset\MixEvaluation\audio\LeadMe\DU-C.mp3,mix_271852ba8676,soundfile,44100,44100,2,2,9.573107,37.573107,-0.000454,9.572653,37.572653,28,1234800,ok,,features extracted before preview fades; no normalisation applied,0.0634221732616,0.0644946396351,0.0639584064484,19.0317611694,19.1268539429,19.0793075562,0.0288149863482,0.0167669635266,8.80556583405,8.47791576385,7.94127511978,7.71697187424,7.86841249466,7.58811664581,7.35400676727,7.27479028702,7.41727828979,7.41698074341,7.29881572723,7.1315112114,7.15766620636,7.33647346497,7.70979166031,7.67381095886,7.86552619934,7.78162622452,8.10884284973,8.19352054596,8.12427616119,8.2497625351,7.9261097908,5.82984972,6.53107357025,6.36678028107,5.58110952377,5.54074048996,5.70262527466,5.66553497314,5.61816883087,5.71655797958,6.02607107162,6.0628027916,6.23263311386,6.45085144043,6.31435966492,6.28324794769,6.44818019867,6.71643209457,6.96820497513,6.97660303116,6.97926807404,6.97113513947,7.28225564957,7.48155879974,7.09485292435,5.02609348297,1.27233511508,1.11125630291,3.08115348959,0.0167669635266,false,true,-0.327792806396,0.521717933821,-0.640126037132,-0.227254650254,0.361700514069,-0.443791370184,2.61709301408,0.687037890167,5.88807616136,1.60460226254,0.700584874843,-2.31787240718,-0.636651039868,1.08564747049,1.58825157699,0.398816020013,0.104696973123,0.897277661733,0.244523631605,0.106761383705,-0.353218110078,-0.0970185746137,0.165440662975,0.24203196803
The DoneFors,Lead Me,song_leadme,mix_a5df7e0b4222,UCP-A2,UCP,Universidade Católica Portuguesa,UCP-A2.mp3,UCP-A2,university_or_institution,C:\Users\oscar\OneDrive\Public share - Mix Eval Dataset\MixEvaluation\audio\LeadMe\UCP-A2.mp3,mix_271852ba8676,soundfile,44100,44100,2,2,9.573107,37.573107,0.058594,9.631701,37.631701,28,1234800,ok,,features extracted before preview fades; no normalisation applied,0.0642892420292,0.0685114189982,0.066400334239,14.9662494659,14.5050344467,14.7356414795,0.0144364489242,0.0635225251317,8.69219779968,8.41534042358,8.04700183868,7.69079208374,7.91239500046,7.76184892654,7.52982997894,7.43377399445,7.48247337341,7.39643287659,7.16535615921,6.87227964401,6.92555046082,7.10195302963,7.54362869263,7.447660923,7.59949111938,7.50096940994,7.84373044968,7.94887971878,7.76242637634,7.78352546692,7.41936588287,5.42506551743,6.32353162766,6.0329990387,5.79225206375,5.64953660965,5.57478570938,5.57189321518,5.44256973267,5.44196891785,5.60864925385,5.48825216293,5.50272607803,5.74719905853,5.61601305008,5.48554468155,5.68262910843,5.92788505554,6.1596698761,6.18025875092,6.17858219147,6.15315961838,6.49945735931,6.70031499863,6.2722196579,4.15971565247,1.75713872762,1.2059726578,4.00672522688,0.0635225251317,false,true,0.132785744905,-1.05534137976,-1.01397458646,0.0920586950914,-0.731654970688,-0.70297589061,-5.09366954637,2.74071443629,3.1735028084,2.20836480085,-1.29392370802,-1.76004585354,-0.147236358108,1.1442045477,0.0690957517909,-0.776218882866,0.417654557019,0.483606716589,0.336530362458,-0.197179657221,-0.268211515056,-0.0224371919631,0.174364113671,0.0105294281024
The DoneFors,Lead Me,song_leadme,mix_b5102e72a550,CNS-5,CNS,Conservatoire National Supérieur de Musique et de Danse de Paris,CNS-5.mp3,CNS-5,university_or_institution,C:\Users\oscar\OneDrive\Public share - Mix Eval Dataset\MixEvaluation\audio\LeadMe\CNS-5.mp3,mix_271852ba8676,soundfile,44100,44100,2,2,9.573107,37.573107,-0.018231,9.554876,37.554876,28,1234800,ok,,features extracted before preview fades; no normalisation applied,0.0689118206501,0.0681951716542,0.0685534924269,18.2668972015,18.272977829,18.2699375153,0.0533368736506,-0.0104535510764,8.68203258514,8.64179039001,7.74057912827,7.21832466125,7.83910512924,7.84754753113,7.60643720627,7.43410730362,7.55595588684,7.44147205353,7.1997833252,6.93618869781,6.90710830688,7.02914381027,7.40861415863,7.22511053085,7.28841972351,7.10511064529,7.51093196869,7.63240242004,7.48478746414,7.57320928574,7.25686407089,5.52242183685,6.906001091,6.92605352402,6.49950313568,6.2696146965,6.61786079407,6.64687824249,6.4776134491,6.45671653748,6.51451635361,6.31874084473,6.35735845566,6.50459861755,6.45973396301,6.29095220566,6.48156738281,6.59835338593,6.68097019196,6.63223791122,6.6873383522,6.68833637238,6.91702985764,7.19064903259,7.07434129715,5.60391139984,0.993829168004,0.7380725273,2.16902326148,-0.0104535510764,false,false,0.538898686788,0.227859119954,-0.00254575170926,0.373611715079,0.157971876142,-0.00176493779922,3.15223592366,-0.867273323141,-2.97449480606,1.67305094201,0.45846743636,-0.28923989004,1.28483110308,-0.897216953966,0.0867929173456,0.48036587865,-0.132162858996,-0.453280098844,0.254954453045,0.0698653648499,-0.0440769591125,0.195794044828,-0.13672593704,0.0132262803328
The DoneFors,Lead Me,song_leadme,mix_c7d9a071ba25,PXL-L4,PXL,PXL University College,PXL-L4.mp3,PXL-L4,university_or_institution,C:\Users\oscar\OneDrive\Public share - Mix Eval Dataset\MixEvaluation\audio\LeadMe\PXL-L4.mp3,mix_271852ba8676,soundfile,44100,44100,2,2,9.573107,37.573107,-0.035374,9.537733,37.537733,28,1234800,ok,,features extracted before preview fades; no normalisation applied,0.0556410141289,0.0621342658997,0.0588876381516,15.7080497742,15.641254425,15.6746520996,0.149041607976,0.109930999577,7.96910762787,8.14090919495,8.02440834045,7.77182102203,8.10982322693,7.86644792557,7.33806610107,7.31279659271,7.54432249069,7.48001670837,7.13017749786,6.622569561,6.52612257004,6.87454748154,7.45810127258,7.34722423553,7.32471370697,7.08629894257,7.48990869522,7.61492300034,7.62275981903,7.82333707809,7.46810913086,5.33151292801,6.82499980927,7.09010839462,6.96952581406,6.83117723465,6.7531080246,6.71673774719,6.48261976242,6.31435012817,6.4235200882,6.51917648315,6.15716123581,5.76217365265,5.84688138962,6.13204526901,6.64646339417,6.52016210556,6.53475379944,6.45082521439,6.80022001266,6.71496009827,6.68605470657,6.85847377777,6.58859968185,4.68085813522,2.24847004699,1.23314937975,5.35274519202,0.109930999577,false,true,-1.2842040177,-0.714413827358,2.48582111317,-0.890322573292,-0.495294165414,1.723388667,0.408087643377,-1.33372203907,-3.97216398355,-2.91495527253,1.40240314641,-0.104283024284,1.00672566455,-0.938322579342,2.13524475494,0.0621880417978,-0.203244482547,-0.605313843352,-0.444206932675,0.213710723424,-0.0158915791209,0.153413852935,-0.142989979557,0.325387676456
The DoneFors,Lead Me,song_leadme,mix_d2a4240adfd8,UCP-A1,UCP,Universidade Católica Portuguesa,UCP-A1.mp3,UCP-A1,university_or_institution,C:\Users\oscar\OneDrive\Public share - Mix Eval Dataset\MixEvaluation\audio\LeadMe\UCP-A1.mp3,mix_271852ba8676,soundfile,44100,44100,2,2,9.573107,37.573107,0.05551,9.628617,37.628617,28,1234800,ok,,features extracted before preview fades; no normalisation applied,0.0590477325022,0.0629174858332,0.060982607305,17.1496601105,16.0272960663,16.5884780884,0.0534347854555,0.0633927956223,8.41872406006,8.39496803284,8.02129840851,7.74394512177,7.91558122635,7.77479982376,7.54202461243,7.43101167679,7.47973632812,7.42698192596,7.2438492775,6.94390392303,6.95869970322,7.11044311523,7.5367231369,7.46262598038,7.58586788177,7.51904392242,7.87618112564,8.01415538788,7.9424829483,8.0753326416,7.80128574371,5.83419179916,6.62668132782,7.02058839798,6.53007364273,6.11758708954,6.30796766281,6.21258974075,6.09395503998,5.90221309662,6.10439586639,6.07906150818,5.9141626358,5.93392038345,5.84763765335,5.93956804276,6.15374851227,6.17906808853,6.33069419861,6.288438797,6.44598293304,6.43305158615,6.4455332756,6.62322711945,6.25245094299,4.23743200302,0.950540698742,0.945377622252,2.17669086721,0.0633927956223,false,false,-0.889066265713,-0.382630084966,0,-0.6163785151,-0.265272649182,0,-0.974186295152,1.52738417965,0.507340549934,-1.04786954501,0.528103120494,-0.208674721512,-0.684567484891,0.478395143292,-0.200941533863,-0.148455213053,0.232756450108,0.07731308663,-0.159683725106,0.0804770726678,-0.0317997187961,-0.104320510691,0.0729021269077,-0.0306212665578
The DoneFors,Lead Me,song_leadme,mix_d2cf329ea054,QUT-pro,QUT,Queensland University of Technology,QUT-pro.mp3,QUT-pro,university_or_institution,C:\Users\oscar\OneDrive\Public share - Mix Eval Dataset\MixEvaluation\audio\LeadMe\QUT-pro.mp3,mix_271852ba8676,soundfile,44100,44100,2,2,9.573107,37.573107,0.101497,9.674604,37.674604,28,1234800,ok,,features extracted before preview fades; no normalisation applied,0.0627065077424,0.0669977143407,0.0648521110415,14.4014825821,13.9061403275,14.1538114548,0.102222114801,0.0660968273878,8.7188577652,8.06296348572,7.55371999741,7.17295837402,7.64023637772,7.48489570618,7.44288063049,7.45156621933,7.64231777191,7.62556743622,7.48128986359,7.32471752167,7.4433298111,7.62358808517,8.00358200073,7.86963224411,7.97229814529,7.89305400848,8.04229259491,7.93551445007,7.78137969971,7.81669950485,7.60139274597,6.25522518158,7.28577947617,6.93979310989,6.55384206772,6.38769960403,6.37526416779,6.36835432053,6.3879776001,6.43125677109,6.40857553482,6.40880966187,6.46108102798,6.39666414261,6.61972236633,6.68140268326,6.83907794952,6.77361154556,6.87682247162,6.927546978,6.920586586,6.84635686874,6.90807723999,7.08374977112,7.13021087646,6.0650806427,1.79396054589,1.24358119254,4.2912000858,0.0660968273878,false,true,-0.159228785639,-1.26658700573,1.26849287681,-0.11039132429,-0.878108919374,0.879430235944,7.82606441147,1.76849517544,1.74679508708,-0.562482509499,-2.72612724164,1.10667095792,-0.254074875644,-1.16695818777,0.129576825013,1.19260562928,0.269499098232,0.266192244854,-0.0857161111809,-0.415431629947,0.168644409858,-0.0387181999817,-0.177831516673,0.0197460745031
The DoneFors,Lead Me,song_leadme,mix_d3e3580b6e30,McG-pro2,McG,McGill University,McG-pro2.mp3,McG-pro2,university_or_institution,C:\Users\oscar\OneDrive\Public share - Mix Eval Dataset\MixEvaluation\audio\LeadMe\McG-pro2.mp3,mix_271852ba8676,soundfile,48000,44100,2,2,9.573107,37.573107,0.078549,9.651656,37.651656,28,1234800,ok,,features extracted before preview fades; no normalisation applied,0.0730575472116,0.0729527100921,0.0730051249266,20.4747600555,19.8178844452,20.1463222504,0.0392760001123,-0.00143597240094,9.05927085876,8.46384525299,7.87801551819,7.550968647,7.72340679169,7.66777610779,7.49409294128,7.38358354568,7.50126075745,7.40348434448,7.22373247147,6.97701072693,6.98175096512,7.12945461273,7.49120140076,7.30936336517,7.39068078995,7.26288604736,7.42525434494,7.42235660553,7.3295083046,7.49459457397,7.32500362396,6.34619140625,6.58249092102,6.68277311325,6.51443195343,6.42814779282,6.44693231583,6.50661802292,6.35091352463,6.25032329559,6.3396821022,6.15400075912,6.11861848831,6.12839984894,6.05501031876,6.08206176758,6.22295475006,6.22656869888,6.42168092728,6.51662349701,6.56319236755,6.522128582,6.69391298294,6.89329051971,6.80202531815,6.09209680557,1.34068293977,1.04314448596e-16,3.00485288822,-0.00143597240094,false,true,1.37853303451,0.909120057166,-0.368134894718,0.95571970009,0.630281557736,-0.255223315195,1.04794035492,-0.27220207694,-2.43986232911,1.93929838398,-0.369932472119,-0.196725541424,-0.302577114505,-0.831801929916,-0.597764007559,0.159694515751,-0.0414805849011,-0.371808024492,0.295527617458,-0.0563736158442,-0.0299787959556,-0.0461094045588,-0.126757411121,-0.0910926211332
The DoneFors,Lead Me,song_leadme,mix_d5b28dfc8a93,PXL-L1,PXL,PXL University College,PXL-L1.mp3,PXL-L1,university_or_institution,C:\Users\oscar\OneDrive\Public share - Mix Eval Dataset\MixEvaluation\audio\LeadMe\PXL-L1.mp3,mix_271852ba8676,soundfile,44100,44100,2,2,9.573107,37.573107,-0.045351,9.527756,37.527756,28,1234800,ok,,features extracted before preview fades; no normalisation applied,0.0595146566629,0.0587513074279,0.0591329820454,16.6660766602,17.1729679108,16.9195213318,0.0170932952315,-0.0129087874666,8.01641845703,8.29941082001,8.06484127045,7.85008144379,8.13707733154,7.93071174622,7.32336950302,7.25235509872,7.4003071785,7.32733488083,7.00398206711,6.5336971283,6.42912578583,6.7598733902,7.3892364502,7.30871915817,7.36305332184,7.226749897,7.84567451477,8.10982894897,8.15266036987,8.34523010254,7.93737697601,5.64141750336,5.84914636612,6.25860500336,6.09531211853,5.85690116882,6.21969842911,5.94840240479,5.48769283295,5.37535858154,5.44507789612,5.35016775131,5.10718536377,4.78740692139,4.71551179886,5.01700878143,5.60619068146,5.56962919235,5.62898874283,5.37117099762,5.98581218719,6.10460996628,5.98018693924,5.93284606934,5.27486896515,2.21222138405,2.33458354116,1.25915273732,5.53006634586,-0.0129087874666,false,true,-1.23792904773,-0.262437873828,-0.944895367309,-0.858240715756,-0.18194489344,-0.65508413252,-10.9608109845,1.43088092867,2.16534256444,-2.45561950461,0.300016871343,-0.730121411034,-1.01835878993,-0.54550924207,0.766794539336,-1.6703063244,0.218050422364,0.329974249624,-0.374209243702,0.0457192518272,-0.11126242503,-0.155186612536,-0.0831295730158,0.116851004034
The DoneFors,Lead Me,song_leadme,mix_e0abc393175b,McG-G,McG,McGill University,McG-G.mp3,McG-G,university_or_institution,C:\Users\oscar\OneDrive\Public share - Mix Eval Dataset\MixEvaluation\audio\LeadMe\McG-G.mp3,mix_271852ba8676,soundfile,48000,44100,2,2,9.573107,37.573107,0.138413,9.71152,37.71152,28,1234800,ok,,features extracted before preview fades; no normalisation applied,0.0681688711047,0.0684392824769,0.0683040767908,18.2364864349,17.7951602936,18.0158233643,0.108175128698,0.00395887438208,8.53519630432,8.56900024414,8.02395248413,7.61994457245,7.98805475235,7.88774967194,7.51127290726,7.41164302826,7.50952768326,7.40960788727,7.21214056015,6.95005178452,6.92371225357,7.05054187775,7.47634363174,7.34065628052,7.41816568375,7.24690723419,7.62993955612,7.75236606598,7.60065364838,7.68849658966,7.4406452179,6.40952539444,7.53084516525,7.52879810333,6.62497234344,6.31321430206,6.24453115463,6.23645925522,6.07891654968,6.01437950134,6.02597570419,5.99204206467,5.90716409683,5.99947500229,5.97769355774,5.97453594208,6.12642097473,6.24527311325,6.38574790955,6.47852039337,6.48778820038,6.42040157318,6.5736451149,6.78655815125,6.71006679535,6.02309083939,1.04475898371,0.904823392281,2.89875561828,0.00395887438208,false,false,0.491855734581,0.13559763358,1.42327396086,0.34099742507,0.0940081423179,0.986738024386,-0.552484340372,0.691489263521,-1.55918971269,0.817707506228,0.178364203124,1.46890640675,0.692494426622,1.87586323145,0.50585092412,-0.084192500825,0.105375313172,-0.23760326145,0.124609576891,0.0271807311472,0.223845084512,0.105528488908,0.285860802054,0.077086084137
The DoneFors,Lead Me,song_leadme,mix_e245880b329a,McG-F,McG,McGill University,McG-F.mp3,McG-F,university_or_institution,C:\Users\oscar\OneDrive\Public share - Mix Eval Dataset\MixEvaluation\audio\LeadMe\McG-F.mp3,mix_271852ba8676,soundfile,48000,44100,2,2,9.573107,37.573107,0.138413,9.71152,37.71152,28,1234800,ok,,features extracted before preview fades; no normalisation applied,0.0669410899282,0.062625721097,0.0647834092379,16.8746967316,17.1511173248,17.0129070282,0.0779165327549,-0.0665384158492,8.3477563858,8.4833984375,7.93822145462,7.51973962784,7.99668502808,7.90263271332,7.56597423553,7.51937866211,7.65469741821,7.59622383118,7.37277364731,7.10014247894,7.10650730133,7.21641731262,7.6407456398,7.52213144302,7.59831285477,7.42814683914,7.65893745422,7.84339475632,7.8054599762,7.87223005295,7.55878400803,6.36300563812,6.73924160004,7.14509439468,6.56295919418,6.35873413086,6.74688482285,6.64982700348,6.31969356537,6.28266906738,6.3494925499,6.22067022324,6.11977434158,6.10319519043,6.09573507309,6.08695650101,6.43476295471,6.38773727417,6.53365182877,6.50420379639,6.60799407959,6.64791822433,6.76684856415,6.93174982071,6.77464675903,5.93473052979,0.663993483694,0.585604419418,1.78408954562,-0.0665384158492,false,false,-0.172186817116,-0.228532232911,0.636536626986,-0.119374965339,-0.158438536931,0.441302877052,2.46491228884,2.30491697314,-1.38243432455,-0.797989635633,0.9306565245,0.679027725437,0.39440648344,-0.318711925296,0.194368117192,0.375625361204,0.351243845268,-0.210667695905,-0.121604791569,0.141821757616,0.103476312642,0.0601031843908,-0.0485681712088,0.0296195505849
The DoneFors,Lead Me,song_leadme,mix_e81c71fd1462,CNS-D,CNS,Conservatoire National Supérieur de Musique et de Danse de Paris,CNS-D.mp3,CNS-D,university_or_institution,C:\Users\oscar\OneDrive\Public share - Mix Eval Dataset\MixEvaluation\audio\LeadMe\CNS-D.mp3,mix_271852ba8676,soundfile,44100,44100,2,2,9.573107,37.573107,-0.038186,9.534921,37.534921,28,1234800,ok,,features extracted before preview fades; no normalisation applied,0.0681922063231,0.066340200603,0.0672662034631,18.527967453,18.3813247681,18.4546470642,0.0626383721828,-0.027527326718,8.71865558624,8.67992401123,8.00921726227,7.62092494965,7.89139556885,7.81518697739,7.52883768082,7.41017723083,7.48426437378,7.44261932373,7.30278682709,7.04246425629,7.07049846649,7.24670505524,7.62434577942,7.50735902786,7.6124048233,7.54603624344,7.95863246918,8.09277057648,7.94892168045,8.04933071136,7.71151924133,5.81468153,6.71570014954,6.86731672287,6.67439413071,6.1831536293,6.64782333374,6.63220024109,6.41335582733,6.43488740921,6.53007173538,6.4285068512,6.39870023727,6.27386713028,6.17952919006,6.35508346558,6.76168823242,6.69461536407,6.83642911911,6.78845596313,7.15547466278,7.27382040024,7.22545909882,7.35581541061,7.06591176987,5.36035728455,0.769386512826,0.647655525948,1.83330189181,-0.027527326718,false,false,0.296099662044,0.294921806002,0.239297464349,0.205282189923,0.20446559707,0.165901937157,4.60606524726,-0.234217854607,0.0282223632693,-0.977680828255,2.31666917744,-0.910744400891,-0.353901090719,0.591309675268,0.420774643735,0.701913382502,-0.0356922096723,0.00430077591201,-0.148987741235,0.353034751178,-0.138787370284,-0.053930610689,0.0901090523025,0.0641214002843
The DoneFors,Lead Me,song_leadme,mix_f1f7973e5bac,DU-D,DU,Dalarna University,DU-D.mp3,DU-D,university_or_institution,C:\Users\oscar\OneDrive\Public share - Mix Eval Dataset\MixEvaluation\audio\LeadMe\DU-D.mp3,mix_271852ba8676,soundfile,44100,44100,2,2,9.573107,37.573107,-0.020408,9.552699,37.552699,28,1234800,ok,,features extracted before preview fades; no normalisation applied,0.0642195343971,0.0609544664621,0.0625870004296,15.3587284088,12.2699356079,13.8143320084,0.117576912045,-0.0521329641342,8.60765171051,7.9122505188,7.66115188599,6.9116358757,7.3463511467,7.21896314621,6.83403015137,6.60033416748,6.68925476074,6.61584949493,6.28401708603,6.13573741913,6.22746324539,6.56785011292,7.00862264633,7.1204957962,7.44219684601,7.53646469116,7.92897605896,8.05075359344,7.92396497726,7.98670053482,7.72164726257,5.64500808716,7.31816196442,6.88885736465,6.7568230629,6.16992235184,6.46545362473,6.39808034897,6.04942655563,5.92865848541,5.86412858963,5.691198349,5.53271770477,5.49790477753,5.5855255127,5.75237989426,6.10288238525,6.36202335358,6.70352649689,6.85296535492,7.07402229309,7.12471246719,7.17341375351,7.20531845093,6.72987556458,4.53057098389,3.02084733205,2.33220975061,7.02031359246,-0.0521329641342,false,true,-0.586457374536,-1.38984215777,1.66772462797,-0.406583558084,-0.963560173713,1.15621261252,-4.12944546716,-12.9343456023,3.54248955451,-1.15212710146,-2.81290216144,1.21673792515,-0.514354792224,-0.126043760747,0.461143927243,-0.629281801303,-1.9710511651,0.539836214254,-0.17557142321,-0.428655167653,0.185417397891,-0.07838197955,-0.0192076745986,0.0702732324481
The DoneFors,Lead Me,song_leadme,mix_f5d86db961c3,DU-G,DU,Dalarna University,DU-G.mp3,DU-G,university_or_institution,C:\Users\oscar\OneDrive\Public share - Mix Eval Dataset\MixEvaluation\audio\LeadMe\DU-G.mp3,mix_271852ba8676,soundfile,44100,44100,2,2,9.573107,37.573107,-0.010431,9.562676,37.562676,28,1234800,ok,,features extracted before preview fades; no normalisation applied,0.0605833828449,0.0727796033025,0.0666814893484,17.7598495483,17.8406867981,17.8002681732,0.0542498677969,0.181385606527,8.92416858673,8.40348339081,7.69535398483,7.3900642395,7.63635826111,7.49308586121,7.37832212448,7.24952507019,7.33801937103,7.27465772629,7.10221481323,6.90646076202,6.96180343628,7.06002426147,7.32676649094,7.25725364685,7.39927053452,7.38470745087,7.78409957886,7.98911905289,8.05128765106,8.2799911499,8.02919197083,6.0311961174,7.00207090378,7.12581539154,6.40253639221,6.11946582794,6.26396417618,6.18510293961,6.08099222183,5.96036577225,6.1504073143,6.09679365158,6.07888507843,6.32851409912,6.22763204575,6.2239356041,6.39522838593,6.51828479767,6.73354911804,6.85850000381,7.02531909943,6.98090648651,7.25449800491,7.50920820236,7.16848897934,5.17681264877,0.94044913866,0.762613774376,1.83574191068,0.181385606527,false,false,0.185815164316,0.0573357884675,0.0211925136701,0.128823327891,0.0397501845707,0.0146925044971,1.75639940069,-3.04772021902,2.30778018526,1.27932156799,1.00225054661,0.889889836793,0.0964171808256,-0.433277212738,0.370250066985,0.267655835986,-0.464438841618,0.351680167117,0.194954452639,0.152731894474,0.135609365449,0.014692911605,-0.0660266534728,0.056422013788
The DoneFors,Lead Me,song_leadme,mix_fa064711a381,McG-pro,McG,McGill University,McG-pro.mp3,McG-pro,university_or_institution,C:\Users\oscar\OneDrive\Public share - Mix Eval Dataset\MixEvaluation\audio\LeadMe\McG-pro.mp3,mix_271852ba8676,soundfile,48000,44100,2,2,9.573107,37.573107,0.078549,9.651656,37.651656,28,1234800,ok,,features extracted before preview fades; no normalisation applied,0.0730575472116,0.0729527100921,0.0730051249266,20.4747600555,19.8178844452,20.1463222504,0.0392760001123,-0.00143597240094,9.05927085876,8.46384525299,7.87801551819,7.550968647,7.72340679169,7.66777610779,7.49409294128,7.38358354568,7.50126075745,7.40348434448,7.22373247147,6.97701072693,6.98175096512,7.12945461273,7.49120140076,7.30936336517,7.39068078995,7.26288604736,7.42525434494,7.42235660553,7.3295083046,7.49459457397,7.32500362396,6.34619140625,6.58249092102,6.68277311325,6.51443195343,6.42814779282,6.44693231583,6.50661802292,6.35091352463,6.25032329559,6.3396821022,6.15400075912,6.11861848831,6.12839984894,6.05501031876,6.08206176758,6.22295475006,6.22656869888,6.42168092728,6.51662349701,6.56319236755,6.522128582,6.69391298294,6.89329051971,6.80202531815,6.09209680557,1.34068293977,1.04314448596e-16,3.00485288822,-0.00143597240094,false,false,1.37853303451,0.909120057166,-0.368134894718,0.95571970009,0.630281557736,-0.255223315195,1.04794035492,-0.27220207694,-2.43986232911,1.93929838398,-0.369932472119,-0.196725541424,-0.302577114505,-0.831801929916,-0.597764007559,0.159694515751,-0.0414805849011,-0.371808024492,0.295527617458,-0.0563736158442,-0.0299787959556,-0.0461094045588,-0.126757411121,-0.0910926211332
The DoneFors,Pouring Room,song_pouringroom,mix_0ba76f420c1d,McG-R,McG,McGill University,McG-R.mp3,McG-R,university_or_institution,C:\Users\oscar\OneDrive\Public share - Mix Eval Dataset\MixEvaluation\audio\PouringRoom\McG-R.mp3,mix_0ba76f420c1d,soundfile,48000,44100,2,2,23.020408,51.020408,0,23.020408,51.020408,28,1234800,ok,,features extracted before preview fades; no normalisation applied,0.0621135607362,0.0582676976919,0.060190629214,15.3441104889,17.6863021851,16.5152053833,0.14739459753,-0.0638295859098,8.06407356262,8.01171875,7.57544136047,7.69730377197,7.6393904686,7.19935655594,7.28331041336,7.38231468201,6.97863674164,7.07839012146,6.93231487274,6.8260178566,6.87464284897,6.79940319061,7.02870750427,7.13690185547,7.04931163788,7.03045082092,6.86895036697,7.07926273346,7.21322154999,7.29433679581,6.71336126328,5.99100399017,6.67009210587,7.10321235657,6.87976694107,6.61135578156,6.85489654541,6.44610643387,6.14910840988,6.18384218216,6.04573440552,6.08147764206,5.89408063889,5.77483224869,5.78755140305,5.79720640182,6.0791759491,6.13236761093,6.07024621964,6.1190071106,5.97204494476,6.11957263947,6.19702625275,6.26657533646,5.96043777466,5.47717094421,1.3869311358,1.3869311358,3.93632008071,-0.0638295859098,false,true,0.0577546859817,-1.36140603874,0.751054663364,0.034378228095,-0.810371081309,0.447062053755,-10.1893907974,-0.437381416239,-0.828316225037,4.04529416296,-1.05134001073,,,,,-1.18192776046,-0.0507344597969,-0.0960813026297,0.469237618374,-0.121951151848,,,,
The DoneFors,Pouring Room,song_pouringroom,mix_0ddb25d6180b,McG-Q,McG,McGill University,McG-Q.mp3,McG-Q,university_or_institution,C:\Users\oscar\OneDrive\Public share - Mix Eval Dataset\MixEvaluation\audio\PouringRoom\McG-Q.mp3,mix_0ba76f420c1d,soundfile,48000,44100,2,2,23.020408,51.020408,-0.000454,23.019954,51.019954,28,1234800,ok,,features extracted before preview fades; no normalisation applied,0.0576299279928,0.0609684586525,0.0592991933227,19.3371353149,18.3028964996,18.8200149536,0.193889960647,0.0562552511692,8.26408290863,7.7496304512,7.47205591202,7.70448970795,7.58946418762,7.16895103455,7.41177845001,7.42473983765,7.02023887634,7.16922187805,6.97546958923,6.93823766708,6.94960212708,6.95464324951,7.20786762238,7.33106231689,7.25444507599,7.25190544128,7.06844520569,7.22990179062,7.34608745575,7.45344781876,7.04054927826,6.35631561279,6.68431615829,6.941447258,6.88279056549,6.92840242386,7.19709920883,6.85457515717,6.62790441513,6.49162244797,6.42189216614,6.41154336929,6.21328783035,6.08479261398,6.09677648544,6.10362052917,6.2732219696,6.41273212433,6.55562162399,6.59888315201,6.47591972351,6.47499275208,6.53134250641,6.65158414841,6.68273162842,6.25550174713,1.38475797333,1.38475797333,3.02731926834,0.0562552511692,false,true,-0.402891006821,0,1.43431010929,-0.239819136656,0,0.853766915328,-0.346790178456,-0.690220158554,0.501920693464,2.66681383775,2.89953048333,,,,,-0.0402262458202,-0.0800627223403,0.058220752639,0.309339524757,0.336333706176,,,,
The DoneFors,Pouring Room,song_pouringroom,mix_132e75f34470,McG-pro1,McG,McGill University,McG-pro1.mp3,McG-pro1,university_or_institution,C:\Users\oscar\OneDrive\Public share - Mix Eval Dataset\MixEvaluation\audio\PouringRoom\McG-pro1.mp3,mix_0ba76f420c1d,soundfile,48000,44100,2,2,23.020408,51.020408,-0.000454,23.019954,51.019954,28,1234800,ok,,features extracted before preview fades; no normalisation applied,0.0661999061704,0.0630435496569,0.0646217316389,17.9887866974,18.5031585693,18.2459716797,0.0750391855836,-0.0488145165145,8.36052417755,8.09614658356,7.68779087067,7.69562530518,7.64999485016,7.30161190033,7.42143106461,7.51632404327,7.09650087357,7.23129558563,7.06729078293,7.04402446747,7.01811790466,7.09466123581,7.29098081589,7.39241790771,7.42510700226,7.38354969025,7.25432109833,7.40280866623,7.47140169144,7.56842851639,7.16955852509,6.37727499008,6.40007305145,6.55317497253,6.41855287552,6.56960201263,6.69381952286,6.32743453979,6.35133266449,6.42061710358,6.14869642258,6.14521884918,5.9824795723,5.96312665939,6.00026655197,6.0422577858,6.247651577,6.3693113327,6.48228549957,6.51600456238,6.48436689377,6.55874633789,6.66826295853,6.72899913788,6.63288164139,6.13201761246,1.63812193496,1.915750571e-16,3.75222647934,-0.0488145165145,false,true,2.3475079552,-0.339076160414,-0.312217584461,1.39734400018,-0.201833624167,-0.185846172504,-0.571460224056,1.97928110726,2.1052977119,-1.55969924577,-0.190271785183,,,,,-0.0662870544711,0.229588533108,0.244205945107,-0.180918749041,-0.022070750785,,,,
The DoneFors,Pouring Room,song_pouringroom,mix_37681ed84b6b,McG-U,McG,McGill University,McG-U.mp3,McG-U,university_or_institution,C:\Users\oscar\OneDrive\Public share - Mix Eval Dataset\MixEvaluation\audio\PouringRoom\McG-U.mp3,mix_0ba76f420c1d,soundfile,48000,44100,2,2,23.020408,51.020408,-0.000454,23.019954,51.019954,28,1234800,ok,,features extracted before preview fades; no normalisation applied,0.0583395026624,0.0599524267018,0.0591459646821,16.8970375061,17.0481700897,16.9726028442,0.0962855145335,0.0272651258856,8.38396453857,7.92936468124,7.47595739365,7.50984096527,7.3933672905,7.0464758873,7.1792640686,7.1375579834,6.8686580658,6.93679761887,6.78889942169,6.79229354858,6.89273118973,6.9831533432,7.15523386002,7.20466518402,7.20728111267,7.25094747543,7.01722669601,7.12210607529,7.24976301193,7.34333086014,6.84574365616,6.01269674301,6.56007623672,6.71890544891,6.38615942001,6.48658704758,6.79654121399,6.15875053406,5.97358179092,5.93930435181,5.99376821518,5.94369029999,5.88159942627,5.86464929581,6.02873039246,6.1181602478,6.30575895309,6.4172000885,6.52803421021,6.41010284424,6.28870105743,6.33042001724,6.45165872574,6.5610294342,6.50860309601,5.93887615204,1.64366938583,1.50639550314,3.67814604942,0.0272651258856,false,true,-0.482071252979,-1.09123028392,0,-0.28695083717,-0.649550126834,0,-4.37553209829,-7.70925286643,-3.87839340356,-2.79893006213,0.121124406155,,,,,-0.507543871524,-0.894241879271,-0.449877811228,-0.324664467759,0.0140499369346,,,,
The DoneFors,Pouring Room,song_pouringroom,mix_786fc67a9418,McG-W,McG,McGill University,McG-W.mp3,McG-W,university_or_institution,C:\Users\oscar\OneDrive\Public share - Mix Eval Dataset\MixEvaluation\audio\PouringRoom\McG-W.mp3,mix_0ba76f420c1d,soundfile,48000,44100,2,2,23.020408,51.020408,-0.000454,23.019954,51.019954,28,1234800,ok,,features extracted before preview fades; no normalisation applied,0.0549233555794,0.0648361667991,0.0598797611892,19.8457813263,18.2210197449,19.0334014893,0.0909133777022,0.164418786764,8.39242935181,7.93767118454,7.55914115906,7.69239997864,7.55660247803,7.32698202133,7.4713511467,7.45995092392,7.1069483757,7.16910457611,7.00548362732,6.99179649353,6.96695756912,6.99143457413,7.17689085007,7.279504776,7.2760848999,7.28089475632,7.14031744003,7.39083385468,7.47896099091,7.57758617401,7.16164016724,6.24029350281,7.03124237061,6.69192266464,6.35513830185,6.47967338562,6.50120019913,6.26151990891,6.32138729095,6.22125816345,6.09119749069,6.03927469254,5.83545875549,5.89099216461,5.98305368423,5.94158601761,6.07034444809,6.13515710831,6.33917140961,6.46556425095,6.21401023865,6.13519668579,6.16513872147,6.24252176285,6.05995941162,5.27952480316,0,1.11312571422,1.12604326276,0.164418786764,true,true,-0.102885039266,0.126043262763,-0.0789442537964,-0.0612418765219,0.0750267093213,-0.0469912270784,-5.41245509269,3.88556323975,0.0091586955247,-0.783317195778,-1.64802333504,,,,,-0.627822708298,0.450709482974,0.001062371314,-0.0908615988286,-0.19116398304,,,,
The DoneFors,Pouring Room,song_pouringroom,mix_9f79c0810c7e,McG-pro,McG,McGill University,McG-pro.mp3,McG-pro,university_or_institution,C:\Users\oscar\OneDrive\Public share - Mix Eval Dataset\MixEvaluation\audio\PouringRoom\McG-pro.mp3,mix_0ba76f420c1d,soundfile,48000,44100,2,2,23.020408,51.020408,-0.000454,23.019954,51.019954,28,1234800,ok,,features extracted before preview fades; no normalisation applied,0.0661999061704,0.0630435496569,0.0646217316389,17.9887866974,18.5031585693,18.2459716797,0.0750391855836,-0.0488145165145,8.36052417755,8.09614658356,7.68779087067,7.69562530518,7.64999485016,7.30161190033,7.42143106461,7.51632404327,7.09650087357,7.23129558563,7.06729078293,7.04402446747,7.01811790466,7.09466123581,7.29098081589,7.39241790771,7.42510700226,7.38354969025,7.25432109833,7.40280866623,7.47140169144,7.56842851639,7.16955852509,6.37727499008,6.40007305145,6.55317497253,6.41855287552,6.56960201263,6.69381952286,6.32743453979,6.35133266449,6.42061710358,6.14869642258,6.14521884918,5.9824795723,5.96312665939,6.00026655197,6.0422577858,6.247651577,6.3693113327,6.48228549957,6.51600456238,6.48436689377,6.55874633789,6.66826295853,6.72899913788,6.63288164139,6.13201761246,1.63812193496,1.915750571e-16,3.75222647934,-0.0488145165145,false,true,2.3475079552,-0.339076160414,-0.312217584461,1.39734400018,-0.201833624167,-0.185846172504,-0.571460224056,1.97928110726,2.1052977119,-1.55969924577,-0.190271785183,,,,,-0.0662870544711,0.229588533108,0.244205945107,-0.180918749041,-0.022070750785,,,,
The DoneFors,Pouring Room,song_pouringroom,mix_be2ccd4c43ff,McG-T,McG,McGill University,McG-T.mp3,McG-T,university_or_institution,C:\Users\oscar\OneDrive\Public share - Mix Eval Dataset\MixEvaluation\audio\PouringRoom\McG-T.mp3,mix_0ba76f420c1d,soundfile,48000,44100,2,2,23.020408,51.020408,-0.000454,23.019954,51.019954,28,1234800,ok,,features extracted before preview fades; no normalisation applied,0.0601054318249,0.0574258193374,0.0587656274438,20.7986221313,20.8844795227,20.841550827,0.217380493879,-0.0455747283995,8.19675159454,7.76794481277,7.45609474182,7.57489347458,7.56419658661,7.42178630829,7.56849718094,7.49175024033,7.26608562469,7.33499908447,7.15335464478,7.15028858185,7.2617855072,7.37395572662,7.64272689819,7.75288295746,7.65430736542,7.59936237335,7.15135574341,6.87723588943,6.79293870926,6.80268001556,6.60816812515,6.05387401581,6.82988739014,6.90583229065,6.63886594772,6.73621749878,7.07439231873,6.68460464478,6.56162929535,6.49270343781,6.47641277313,6.45705699921,6.17288780212,6.05692768097,6.30594730377,6.27051925659,6.36976623535,6.43903923035,6.79880619049,6.96884155273,6.62737941742,6.19132995605,6.07341575623,6.09026098251,6.0099439621,5.54552364349,2.20245894267,1.67105949867,5.04483156186,-0.0455747283995,false,true,-0.678608897856,1.19408179358,1.77950656938,-0.403939023843,0.710772045006,1.05924362152,8.43735290981,5.30877644762,-5.66230267333,-0.0901201167,0.428878026398,,,,,0.978698513704,0.615796408471,-0.656804008291,-0.0104535658532,0.0497481012685,,,,
The DoneFors,Pouring Room,song_pouringroom,mix_cbf8555ee2b2,McG-X,McG,McGill University,McG-X.mp3,McG-X,university_or_institution,C:\Users\oscar\OneDrive\Public share - Mix Eval Dataset\MixEvaluation\audio\PouringRoom\McG-X.mp3,mix_0ba76f420c1d,soundfile,48000,44100,2,2,23.020408,51.020408,-0.000454,23.019954,51.019954,28,1234800,ok,,features extracted before preview fades; no normalisation applied,0.0620486810803,0.0604200810194,0.0612343810499,19.735956192,20.1419143677,19.9389343262,0.147577553988,-0.0265915170312,8.34774208069,8.05242824554,7.53855037689,7.65807151794,7.74547624588,7.26861763,7.39433765411,7.49890375137,7.19305562973,7.29062509537,7.14550733566,7.1153421402,7.12727832794,7.11129760742,7.32823324203,7.43020772934,7.39166116714,7.45228624344,7.22552776337,7.25824356079,7.3000831604,7.33039808273,6.68816757202,5.58468484879,6.34031534195,6.65260648727,6.55282878876,6.8746881485,6.98884820938,6.67041540146,6.82633161545,6.911860466,6.6730799675,6.67982769012,6.53752708435,6.52630090714,6.57998466492,6.52439832687,6.7431974411,6.83537769318,6.8556637764,6.93961858749,6.69358873367,6.60660648346,6.57462692261,6.55097103119,6.20772409439,5.44617938995,2.52204382659,1.88514897969,4.68480321972,-0.0265915170312,false,true,0.597108993179,0.660923839586,0.753743232458,0.355426556584,0.393412069073,0.44866241293,13.3964086144,-4.4692095812,1.96651592951,1.79206974085,-1.60345244506,,,,,1.55392874282,-0.518410077343,0.22810782457,0.207872778415,-0.185993941649,,,,
The DoneFors,Pouring Room,song_pouringroom,mix_e08faaf8bbb3,McG-V,McG,McGill University,McG-V.mp3,McG-V,university_or_institution,C:\Users\oscar\OneDrive\Public share - Mix Eval Dataset\MixEvaluation\audio\PouringRoom\McG-V.mp3,mix_0ba76f420c1d,soundfile,48000,44100,2,2,23.020408,51.020408,-0.020408,23,51,28,1234800,ok,,features extracted before preview fades; no normalisation applied,0.0615333095193,0.0586244165897,0.0600788630545,20.4656944275,21.1562919617,20.8109931946,0.0795278027654,-0.0483895651996,8.41091918945,8.16536045074,7.73503398895,7.76909303665,7.67827415466,7.30914068222,7.37463521957,7.38598394394,7.03664970398,7.19357395172,7.01259708405,7.01266241074,7.01260948181,7.00905323029,7.22173309326,7.36533546448,7.36858034134,7.39966249466,7.30850219727,7.44115161896,7.55102348328,7.63425350189,7.16140842438,6.45101928711,6.63424062729,6.78249073029,6.52731132507,6.61206865311,6.69475507736,6.26715230942,6.11221837997,6.09217977524,5.93882513046,6.06356668472,5.94018173218,5.96785259247,6.05464935303,6.09483337402,6.26394557953,6.46649360657,6.65301036835,6.64873981476,6.60776567459,6.67162322998,6.74675226212,6.82726335526,6.68734169006,6.21429204941,1.11312571422,1.11312571422,2.42838782458,-0.0483895651996,false,true,0,1.1760319964,-0.246256767542,0,0.700027980972,-0.14658328031,-0.36667290927,0.153162120537,3.68082155963,-1.71241187542,1.23382644532,,,,,-0.0425325614744,0.0177661810911,0.426960283412,-0.198632791023,0.143118833727,,,,
