participant_id,group,song_id,mix_id,stimulus_id,episode,presentation_order,z_RMS,z_CF,z_SW,z_SI,expected_rating,rating
P001,Group_1,Song_1,Mix_2,Song_1_Mix_2,Relaxation,1,0.3729849445845034,-0.17486643065962673,-1.3027979220465322,-0.4289466675093337,72.0175,64.7
P001,Group_1,Song_1,Mix_1,Song_1_Mix_1,Relaxation,2,1.443428649762309,0.7856275774961273,-0.5413926603692519,-0.49880305263901464,74.7237,79.0
P001,Group_1,Song_1,Mix_3,Song_1_Mix_3,Relaxation,3,0.9363158987707103,-1.970943713619291,0.039692167170006815,-0.6592642838147547,79.8887,80.3
P001,Group_1,Song_1,Mix_1,Song_1_Mix_1,Distraction,1,1.443428649762309,0.7856275774961273,-0.5413926603692519,-0.49880305263901464,71.3258,69.5
P001,Group_1,Song_1,Mix_2,Song_1_Mix_2,Distraction,2,0.3729849445845034,-0.17486643065962673,-1.3027979220465322,-0.4289466675093337,68.7454,79.4
P001,Group_1,Song_1,Mix_3,Song_1_Mix_3,Distraction,3,0.9363158987707103,-1.970943713619291,0.039692167170006815,-0.6592642838147547,76.202,66.4
P001,Group_1,Song_1,Mix_3,Song_1_Mix_3,Enjoyment,1,0.9363158987707103,-1.970943713619291,0.039692167170006815,-0.6592642838147547,82.8887,76.8
P001,Group_1,Song_1,Mix_2,Song_1_Mix_2,Enjoyment,2,0.3729849445845034,-0.17486643065962673,-1.3027979220465322,-0.4289466675093337,75.0175,67.6
P001,Group_1,Song_1,Mix_1,Song_1_Mix_1,Enjoyment,3,1.443428649762309,0.7856275774961273,-0.5413926603692519,-0.49880305263901464,77.7237,84.4
P001,Group_1,Song_1,Mix_1,Song_1_Mix_1,Focus,1,1.443428649762309,0.7856275774961273,-0.5413926603692519,-0.49880305263901464,75.1409,74.0
P001,Group_1,Song_1,Mix_3,Song_1_Mix_3,Focus,2,0.9363158987707103,-1.970943713619291,0.039692167170006815,-0.6592642838147547,81.4681,75.5
P001,Group_1,Song_1,Mix_2,Song_1_Mix_2,Focus,3,0.3729849445845034,-0.17486643065962673,-1.3027979220465322,-0.4289466675093337,70.9119,74.3
P001,Group_1,Song_1,Mix_1,Song_1_Mix_1,Motivation,1,1.443428649762309,0.7856275774961273,-0.5413926603692519,-0.49880305263901464,75.8702,81.8
P001,Group_1,Song_1,Mix_2,Song_1_Mix_2,Motivation,2,0.3729849445845034,-0.17486643065962673,-1.3027979220465322,-0.4289466675093337,71.2605,66.1
P001,Group_1,Song_1,Mix_3,Song_1_Mix_3,Motivation,3,0.9363158987707103,-1.970943713619291,0.039692167170006815,-0.6592642838147547,82.4879,99.6
P001,Group_1,Song_2,Mix_1,Song_2_Mix_1,Relaxation,1,-0.7397659523284557,-0.872977567729806,-0.8023965613990739,-0.1973708216846843,71.3153,79.4
P001,Group_1,Song_2,Mix_2,Song_2_Mix_2,Relaxation,2,-1.8547642649912035,0.2299602950789523,0.26216513887340237,0.39131398786691707,68.1781,48.2
P001,Group_1,Song_2,Mix_3,Song_2_Mix_3,Relaxation,3,-1.426424682211786,-1.6172115428334835,1.8054546671390082,0.23134636039016215,76.161,91.1
P001,Group_1,Song_2,Mix_3,Song_2_Mix_3,Distraction,1,-1.426424682211786,-1.6172115428334835,1.8054546671390082,0.23134636039016215,74.0775,63.0
P001,Group_1,Song_2,Mix_2,Song_2_Mix_2,Distraction,2,-1.8547642649912035,0.2299602950789523,0.26216513887340237,0.39131398786691707,66.3825,69.2
P001,Group_1,Song_2,Mix_1,Song_2_Mix_1,Distraction,3,-0.7397659523284557,-0.872977567729806,-0.8023965613990739,-0.1973708216846843,68.46,79.5
P001,Group_1,Song_2,Mix_1,Song_2_Mix_1,Enjoyment,1,-0.7397659523284557,-0.872977567729806,-0.8023965613990739,-0.1973708216846843,74.3153,83.4
P001,Group_1,Song_2,Mix_2,Song_2_Mix_2,Enjoyment,2,-1.8547642649912035,0.2299602950789523,0.26216513887340237,0.39131398786691707,71.1781,68.7
P001,Group_1,Song_2,Mix_3,Song_2_Mix_3,Enjoyment,3,-1.426424682211786,-1.6172115428334835,1.8054546671390082,0.23134636039016215,79.161,74.6
P001,Group_1,Song_2,Mix_3,Song_2_Mix_3,Focus,1,-1.426424682211786,-1.6172115428334835,1.8054546671390082,0.23134636039016215,81.272,74.6
P001,Group_1,Song_2,Mix_2,Song_2_Mix_2,Focus,2,-1.8547642649912035,0.2299602950789523,0.26216513887340237,0.39131398786691707,70.2024,72.1
P001,Group_1,Song_2,Mix_1,Song_2_Mix_1,Focus,3,-0.7397659523284557,-0.872977567729806,-0.8023965613990739,-0.1973708216846843,71.2105,73.5
P001,Group_1,Song_2,Mix_1,Song_2_Mix_1,Motivation,1,-0.7397659523284557,-0.872977567729806,-0.8023965613990739,-0.1973708216846843,71.8093,83.6
P001,Group_1,Song_2,Mix_2,Song_2_Mix_2,Motivation,2,-1.8547642649912035,0.2299602950789523,0.26216513887340237,0.39131398786691707,71.3335,68.8
P001,Group_1,Song_2,Mix_3,Song_2_Mix_3,Motivation,3,-1.426424682211786,-1.6172115428334835,1.8054546671390082,0.23134636039016215,83.1747,92.3
P002,Group_1,Song_1,Mix_3,Song_1_Mix_3,Relaxation,1,0.9363158987707103,-1.970943713619291,0.039692167170006815,-0.6592642838147547,70.4831,75.9
P002,Group_1,Song_1,Mix_1,Song_1_Mix_1,Relaxation,2,1.443428649762309,0.7856275774961273,-0.5413926603692519,-0.49880305263901464,65.3181,56.4
P002,Group_1,Song_1,Mix_2,Song_1_Mix_2,Relaxation,3,0.3729849445845034,-0.17486643065962673,-1.3027979220465322,-0.4289466675093337,62.6119,58.1
P002,Group_1,Song_1,Mix_3,Song_1_Mix_3,Distraction,1,0.9363158987707103,-1.970943713619291,0.039692167170006815,-0.6592642838147547,66.7964,60.8
P002,Group_1,Song_1,Mix_1,Song_1_Mix_1,Distraction,2,1.443428649762309,0.7856275774961273,-0.5413926603692519,-0.49880305263901464,61.9202,66.1
P002,Group_1,Song_1,Mix_2,Song_1_Mix_2,Distraction,3,0.3729849445845034,-0.17486643065962673,-1.3027979220465322,-0.4289466675093337,59.3398,47.4
P002,Group_1,Song_1,Mix_1,Song_1_Mix_1,Enjoyment,1,1.443428649762309,0.7856275774961273,-0.5413926603692519,-0.49880305263901464,68.3181,72.9
P002,Group_1,Song_1,Mix_2,Song_1_Mix_2,Enjoyment,2,0.3729849445845034,-0.17486643065962673,-1.3027979220465322,-0.4289466675093337,65.6119,78.2
P002,Group_1,Song_1,Mix_3,Song_1_Mix_3,Enjoyment,3,0.9363158987707103,-1.970943713619291,0.039692167170006815,-0.6592642838147547,73.4831,64.0
P002,Group_1,Song_1,Mix_1,Song_1_Mix_1,Focus,1,1.443428649762309,0.7856275774961273,-0.5413926603692519,-0.49880305263901464,65.7353,84.5
P002,Group_1,Song_1,Mix_2,Song_1_Mix_2,Focus,2,0.3729849445845034,-0.17486643065962673,-1.3027979220465322,-0.4289466675093337,61.5063,59.1
P002,Group_1,Song_1,Mix_3,Song_1_Mix_3,Focus,3,0.9363158987707103,-1.970943713619291,0.039692167170006815,-0.6592642838147547,72.0624,68.0
P002,Group_1,Song_1,Mix_1,Song_1_Mix_1,Motivation,1,1.443428649762309,0.7856275774961273,-0.5413926603692519,-0.49880305263901464,66.4646,67.6
P002,Group_1,Song_1,Mix_3,Song_1_Mix_3,Motivation,2,0.9363158987707103,-1.970943713619291,0.039692167170006815,-0.6592642838147547,73.0823,72.6
P002,Group_1,Song_1,Mix_2,Song_1_Mix_2,Motivation,3,0.3729849445845034,-0.17486643065962673,-1.3027979220465322,-0.4289466675093337,61.8549,72.9
P002,Group_1,Song_2,Mix_2,Song_2_Mix_2,Relaxation,1,-1.8547642649912035,0.2299602950789523,0.26216513887340237,0.39131398786691707,58.7725,48.5
P002,Group_1,Song_2,Mix_1,Song_2_Mix_1,Relaxation,2,-0.7397659523284557,-0.872977567729806,-0.8023965613990739,-0.1973708216846843,61.9097,51.2
P002,Group_1,Song_2,Mix_3,Song_2_Mix_3,Relaxation,3,-1.426424682211786,-1.6172115428334835,1.8054546671390082,0.23134636039016215,66.7554,58.9
P002,Group_1,Song_2,Mix_2,Song_2_Mix_2,Distraction,1,-1.8547642649912035,0.2299602950789523,0.26216513887340237,0.39131398786691707,56.9768,39.3
P002,Group_1,Song_2,Mix_3,Song_2_Mix_3,Distraction,2,-1.426424682211786,-1.6172115428334835,1.8054546671390082,0.23134636039016215,64.6719,82.2
P002,Group_1,Song_2,Mix_1,Song_2_Mix_1,Distraction,3,-0.7397659523284557,-0.872977567729806,-0.8023965613990739,-0.1973708216846843,59.0544,52.2
P002,Group_1,Song_2,Mix_1,Song_2_Mix_1,Enjoyment,1,-0.7397659523284557,-0.872977567729806,-0.8023965613990739,-0.1973708216846843,64.9097,58.8
P002,Group_1,Song_2,Mix_3,Song_2_Mix_3,Enjoyment,2,-1.426424682211786,-1.6172115428334835,1.8054546671390082,0.23134636039016215,69.7554,66.5
P002,Group_1,Song_2,Mix_2,Song_2_Mix_2,Enjoyment,3,-1.8547642649912035,0.2299602950789523,0.26216513887340237,0.39131398786691707,61.7725,47.7
P002,Group_1,Song_2,Mix_3,Song_2_Mix_3,Focus,1,-1.426424682211786,-1.6172115428334835,1.8054546671390082,0.23134636039016215,71.8663,68.7
P002,Group_1,Song_2,Mix_2,Song_2_Mix_2,Focus,2,-1.8547642649912035,0.2299602950789523,0.26216513887340237,0.39131398786691707,60.7968,74.7
P002,Group_1,Song_2,Mix_1,Song_2_Mix_1,Focus,3,-0.7397659523284557,-0.872977567729806,-0.8023965613990739,-0.1973708216846843,61.8049,56.1
P002,Group_1,Song_2,Mix_3,Song_2_Mix_3,Motivation,1,-1.426424682211786,-1.6172115428334835,1.8054546671390082,0.23134636039016215,73.7691,86.2
P002,Group_1,Song_2,Mix_2,Song_2_Mix_2,Motivation,2,-1.8547642649912035,0.2299602950789523,0.26216513887340237,0.39131398786691707,61.9279,49.5
P002,Group_1,Song_2,Mix_1,Song_2_Mix_1,Motivation,3,-0.7397659523284557,-0.872977567729806,-0.8023965613990739,-0.1973708216846843,62.4037,66.3
P003,Group_1,Song_1,Mix_1,Song_1_Mix_1,Relaxation,1,1.443428649762309,0.7856275774961273,-0.5413926603692519,-0.49880305263901464,66.8892,67.9
P003,Group_1,Song_1,Mix_3,Song_1_Mix_3,Relaxation,2,0.9363158987707103,-1.970943713619291,0.039692167170006815,-0.6592642838147547,72.0542,78.9
P003,Group_1,Song_1,Mix_2,Song_1_Mix_2,Relaxation,3,0.3729849445845034,-0.17486643065962673,-1.3027979220465322,-0.4289466675093337,64.1831,75.5
P003,Group_1,Song_1,Mix_1,Song_1_Mix_1,Distraction,1,1.443428649762309,0.7856275774961273,-0.5413926603692519,-0.49880305263901464,63.4914,71.8
P003,Group_1,Song_1,Mix_3,Song_1_Mix_3,Distraction,2,0.9363158987707103,-1.970943713619291,0.039692167170006815,-0.6592642838147547,68.3675,73.1
P003,Group_1,Song_1,Mix_2,Song_1_Mix_2,Distraction,3,0.3729849445845034,-0.17486643065962673,-1.3027979220465322,-0.4289466675093337,60.911,60.8
P003,Group_1,Song_1,Mix_2,Song_1_Mix_2,Enjoyment,1,0.3729849445845034,-0.17486643065962673,-1.3027979220465322,-0.4289466675093337,67.1831,67.5
P003,Group_1,Song_1,Mix_1,Song_1_Mix_1,Enjoyment,2,1.443428649762309,0.7856275774961273,-0.5413926603692519,-0.49880305263901464,69.8892,99.3
P003,Group_1,Song_1,Mix_3,Song_1_Mix_3,Enjoyment,3,0.9363158987707103,-1.970943713619291,0.039692167170006815,-0.6592642838147547,75.0542,67.2
P003,Group_1,Song_1,Mix_2,Song_1_Mix_2,Focus,1,0.3729849445845034,-0.17486643065962673,-1.3027979220465322,-0.4289466675093337,63.0775,74.6
P003,Group_1,Song_1,Mix_3,Song_1_Mix_3,Focus,2,0.9363158987707103,-1.970943713619291,0.039692167170006815,-0.6592642838147547,73.6336,88.7
P003,Group_1,Song_1,Mix_1,Song_1_Mix_1,Focus,3,1.443428649762309,0.7856275774961273,-0.5413926603692519,-0.49880305263901464,67.3064,78.5
P003,Group_1,Song_1,Mix_3,Song_1_Mix_3,Motivation,1,0.9363158987707103,-1.970943713619291,0.039692167170006815,-0.6592642838147547,74.6534,74.0
P003,Group_1,Song_1,Mix_1,Song_1_Mix_1,Motivation,2,1.443428649762309,0.7856275774961273,-0.5413926603692519,-0.49880305263901464,68.0357,82.1
P003,Group_1,Song_1,Mix_2,Song_1_Mix_2,Motivation,3,0.3729849445845034,-0.17486643065962673,-1.3027979220465322,-0.4289466675093337,63.4261,56.5
P003,Group_1,Song_2,Mix_2,Song_2_Mix_2,Relaxation,1,-1.8547642649912035,0.2299602950789523,0.26216513887340237,0.39131398786691707,60.3436,72.8
P003,Group_1,Song_2,Mix_3,Song_2_Mix_3,Relaxation,2,-1.426424682211786,-1.6172115428334835,1.8054546671390082,0.23134636039016215,68.3266,63.0
P003,Group_1,Song_2,Mix_1,Song_2_Mix_1,Relaxation,3,-0.7397659523284557,-0.872977567729806,-0.8023965613990739,-0.1973708216846843,63.4808,71.4
P003,Group_1,Song_2,Mix_2,Song_2_Mix_2,Distraction,1,-1.8547642649912035,0.2299602950789523,0.26216513887340237,0.39131398786691707,58.548,46.7
P003,Group_1,Song_2,Mix_3,Song_2_Mix_3,Distraction,2,-1.426424682211786,-1.6172115428334835,1.8054546671390082,0.23134636039016215,66.243,54.4
P003,Group_1,Song_2,Mix_1,Song_2_Mix_1,Distraction,3,-0.7397659523284557,-0.872977567729806,-0.8023965613990739,-0.1973708216846843,60.6255,51.2
P003,Group_1,Song_2,Mix_3,Song_2_Mix_3,Enjoyment,1,-1.426424682211786,-1.6172115428334835,1.8054546671390082,0.23134636039016215,71.3266,85.9
P003,Group_1,Song_2,Mix_2,Song_2_Mix_2,Enjoyment,2,-1.8547642649912035,0.2299602950789523,0.26216513887340237,0.39131398786691707,63.3436,61.1
P003,Group_1,Song_2,Mix_1,Song_2_Mix_1,Enjoyment,3,-0.7397659523284557,-0.872977567729806,-0.8023965613990739,-0.1973708216846843,66.4808,59.2
P003,Group_1,Song_2,Mix_2,Song_2_Mix_2,Focus,1,-1.8547642649912035,0.2299602950789523,0.26216513887340237,0.39131398786691707,62.3679,60.1
P003,Group_1,Song_2,Mix_1,Song_2_Mix_1,Focus,2,-0.7397659523284557,-0.872977567729806,-0.8023965613990739,-0.1973708216846843,63.376,64.0
P003,Group_1,Song_2,Mix_3,Song_2_Mix_3,Focus,3,-1.426424682211786,-1.6172115428334835,1.8054546671390082,0.23134636039016215,73.4375,76.6
P003,Group_1,Song_2,Mix_1,Song_2_Mix_1,Motivation,1,-0.7397659523284557,-0.872977567729806,-0.8023965613990739,-0.1973708216846843,63.9748,58.0
P003,Group_1,Song_2,Mix_3,Song_2_Mix_3,Motivation,2,-1.426424682211786,-1.6172115428334835,1.8054546671390082,0.23134636039016215,75.3402,73.1
P003,Group_1,Song_2,Mix_2,Song_2_Mix_2,Motivation,3,-1.8547642649912035,0.2299602950789523,0.26216513887340237,0.39131398786691707,63.499,71.2
P004,Group_1,Song_1,Mix_1,Song_1_Mix_1,Relaxation,1,1.443428649762309,0.7856275774961273,-0.5413926603692519,-0.49880305263901464,72.5572,70.3
P004,Group_1,Song_1,Mix_3,Song_1_Mix_3,Relaxation,2,0.9363158987707103,-1.970943713619291,0.039692167170006815,-0.6592642838147547,77.7222,80.1
P004,Group_1,Song_1,Mix_2,Song_1_Mix_2,Relaxation,3,0.3729849445845034,-0.17486643065962673,-1.3027979220465322,-0.4289466675093337,69.851,73.2
P004,Group_1,Song_1,Mix_2,Song_1_Mix_2,Distraction,1,0.3729849445845034,-0.17486643065962673,-1.3027979220465322,-0.4289466675093337,66.5789,55.3
P004,Group_1,Song_1,Mix_3,Song_1_Mix_3,Distraction,2,0.9363158987707103,-1.970943713619291,0.039692167170006815,-0.6592642838147547,74.0355,79.4
P004,Group_1,Song_1,Mix_1,Song_1_Mix_1,Distraction,3,1.443428649762309,0.7856275774961273,-0.5413926603692519,-0.49880305263901464,69.1593,61.6
P004,Group_1,Song_1,Mix_2,Song_1_Mix_2,Enjoyment,1,0.3729849445845034,-0.17486643065962673,-1.3027979220465322,-0.4289466675093337,72.851,75.2
P004,Group_1,Song_1,Mix_3,Song_1_Mix_3,Enjoyment,2,0.9363158987707103,-1.970943713619291,0.039692167170006815,-0.6592642838147547,80.7222,78.2
P004,Group_1,Song_1,Mix_1,Song_1_Mix_1,Enjoyment,3,1.443428649762309,0.7856275774961273,-0.5413926603692519,-0.49880305263901464,75.5572,82.6
P004,Group_1,Song_1,Mix_1,Song_1_Mix_1,Focus,1,1.443428649762309,0.7856275774961273,-0.5413926603692519,-0.49880305263901464,72.9744,85.7
P004,Group_1,Song_1,Mix_2,Song_1_Mix_2,Focus,2,0.3729849445845034,-0.17486643065962673,-1.3027979220465322,-0.4289466675093337,68.7454,71.2
P004,Group_1,Song_1,Mix_3,Song_1_Mix_3,Focus,3,0.9363158987707103,-1.970943713619291,0.039692167170006815,-0.6592642838147547,79.3015,88.3
P004,Group_1,Song_1,Mix_3,Song_1_Mix_3,Motivation,1,0.9363158987707103,-1.970943713619291,0.039692167170006815,-0.6592642838147547,80.3214,81.0
P004,Group_1,Song_1,Mix_1,Song_1_Mix_1,Motivation,2,1.443428649762309,0.7856275774961273,-0.5413926603692519,-0.49880305263901464,73.7037,60.8
P004,Group_1,Song_1,Mix_2,Song_1_Mix_2,Motivation,3,0.3729849445845034,-0.17486643065962673,-1.3027979220465322,-0.4289466675093337,69.094,69.2
P004,Group_1,Song_2,Mix_2,Song_2_Mix_2,Relaxation,1,-1.8547642649912035,0.2299602950789523,0.26216513887340237,0.39131398786691707,66.0116,58.4
P004,Group_1,Song_2,Mix_1,Song_2_Mix_1,Relaxation,2,-0.7397659523284557,-0.872977567729806,-0.8023965613990739,-0.1973708216846843,69.1488,80.6
P004,Group_1,Song_2,Mix_3,Song_2_Mix_3,Relaxation,3,-1.426424682211786,-1.6172115428334835,1.8054546671390082,0.23134636039016215,73.9945,75.4
P004,Group_1,Song_2,Mix_3,Song_2_Mix_3,Distraction,1,-1.426424682211786,-1.6172115428334835,1.8054546671390082,0.23134636039016215,71.911,64.4
P004,Group_1,Song_2,Mix_1,Song_2_Mix_1,Distraction,2,-0.7397659523284557,-0.872977567729806,-0.8023965613990739,-0.1973708216846843,66.2935,58.9
P004,Group_1,Song_2,Mix_2,Song_2_Mix_2,Distraction,3,-1.8547642649912035,0.2299602950789523,0.26216513887340237,0.39131398786691707,64.2159,58.3
P004,Group_1,Song_2,Mix_3,Song_2_Mix_3,Enjoyment,1,-1.426424682211786,-1.6172115428334835,1.8054546671390082,0.23134636039016215,76.9945,57.6
P004,Group_1,Song_2,Mix_2,Song_2_Mix_2,Enjoyment,2,-1.8547642649912035,0.2299602950789523,0.26216513887340237,0.39131398786691707,69.0116,77.7
P004,Group_1,Song_2,Mix_1,Song_2_Mix_1,Enjoyment,3,-0.7397659523284557,-0.872977567729806,-0.8023965613990739,-0.1973708216846843,72.1488,86.1
P004,Group_1,Song_2,Mix_3,Song_2_Mix_3,Focus,1,-1.426424682211786,-1.6172115428334835,1.8054546671390082,0.23134636039016215,79.1054,85.5
P004,Group_1,Song_2,Mix_2,Song_2_Mix_2,Focus,2,-1.8547642649912035,0.2299602950789523,0.26216513887340237,0.39131398786691707,68.0359,57.5
P004,Group_1,Song_2,Mix_1,Song_2_Mix_1,Focus,3,-0.7397659523284557,-0.872977567729806,-0.8023965613990739,-0.1973708216846843,69.044,71.9
P004,Group_1,Song_2,Mix_1,Song_2_Mix_1,Motivation,1,-0.7397659523284557,-0.872977567729806,-0.8023965613990739,-0.1973708216846843,69.6428,70.0
P004,Group_1,Song_2,Mix_3,Song_2_Mix_3,Motivation,2,-1.426424682211786,-1.6172115428334835,1.8054546671390082,0.23134636039016215,81.0082,70.0
P004,Group_1,Song_2,Mix_2,Song_2_Mix_2,Motivation,3,-1.8547642649912035,0.2299602950789523,0.26216513887340237,0.39131398786691707,69.167,73.7
P005,Group_1,Song_1,Mix_2,Song_1_Mix_2,Relaxation,1,0.3729849445845034,-0.17486643065962673,-1.3027979220465322,-0.4289466675093337,67.6655,67.2
P005,Group_1,Song_1,Mix_3,Song_1_Mix_3,Relaxation,2,0.9363158987707103,-1.970943713619291,0.039692167170006815,-0.6592642838147547,75.5366,75.5
P005,Group_1,Song_1,Mix_1,Song_1_Mix_1,Relaxation,3,1.443428649762309,0.7856275774961273,-0.5413926603692519,-0.49880305263901464,70.3716,71.3
P005,Group_1,Song_1,Mix_1,Song_1_Mix_1,Distraction,1,1.443428649762309,0.7856275774961273,-0.5413926603692519,-0.49880305263901464,66.9738,77.8
P005,Group_1,Song_1,Mix_2,Song_1_Mix_2,Distraction,2,0.3729849445845034,-0.17486643065962673,-1.3027979220465322,-0.4289466675093337,64.3934,46.3
P005,Group_1,Song_1,Mix_3,Song_1_Mix_3,Distraction,3,0.9363158987707103,-1.970943713619291,0.039692167170006815,-0.6592642838147547,71.85,82.0
P005,Group_1,Song_1,Mix_3,Song_1_Mix_3,Enjoyment,1,0.9363158987707103,-1.970943713619291,0.039692167170006815,-0.6592642838147547,78.5366,92.6
P005,Group_1,Song_1,Mix_2,Song_1_Mix_2,Enjoyment,2,0.3729849445845034,-0.17486643065962673,-1.3027979220465322,-0.4289466675093337,70.6655,74.5
P005,Group_1,Song_1,Mix_1,Song_1_Mix_1,Enjoyment,3,1.443428649762309,0.7856275774961273,-0.5413926603692519,-0.49880305263901464,73.3716,81.4
P005,Group_1,Song_1,Mix_1,Song_1_Mix_1,Focus,1,1.443428649762309,0.7856275774961273,-0.5413926603692519,-0.49880305263901464,70.7889,72.7
P005,Group_1,Song_1,Mix_3,Song_1_Mix_3,Focus,2,0.9363158987707103,-1.970943713619291,0.039692167170006815,-0.6592642838147547,77.116,85.2
P005,Group_1,Song_1,Mix_2,Song_1_Mix_2,Focus,3,0.3729849445845034,-0.17486643065962673,-1.3027979220465322,-0.4289466675093337,66.5599,72.7
P005,Group_1,Song_1,Mix_2,Song_1_Mix_2,Motivation,1,0.3729849445845034,-0.17486643065962673,-1.3027979220465322,-0.4289466675093337,66.9085,68.7
P005,Group_1,Song_1,Mix_3,Song_1_Mix_3,Motivation,2,0.9363158987707103,-1.970943713619291,0.039692167170006815,-0.6592642838147547,78.1359,84.1
P005,Group_1,Song_1,Mix_1,Song_1_Mix_1,Motivation,3,1.443428649762309,0.7856275774961273,-0.5413926603692519,-0.49880305263901464,71.5182,64.4
P005,Group_1,Song_2,Mix_1,Song_2_Mix_1,Relaxation,1,-0.7397659523284557,-0.872977567729806,-0.8023965613990739,-0.1973708216846843,66.9632,53.6
P005,Group_1,Song_2,Mix_3,Song_2_Mix_3,Relaxation,2,-1.426424682211786,-1.6172115428334835,1.8054546671390082,0.23134636039016215,71.809,71.2
P005,Group_1,Song_2,Mix_2,Song_2_Mix_2,Relaxation,3,-1.8547642649912035,0.2299602950789523,0.26216513887340237,0.39131398786691707,63.8261,61.0
P005,Group_1,Song_2,Mix_3,Song_2_Mix_3,Distraction,1,-1.426424682211786,-1.6172115428334835,1.8054546671390082,0.23134636039016215,69.7254,78.5
P005,Group_1,Song_2,Mix_1,Song_2_Mix_1,Distraction,2,-0.7397659523284557,-0.872977567729806,-0.8023965613990739,-0.1973708216846843,64.108,64.5
P005,Group_1,Song_2,Mix_2,Song_2_Mix_2,Distraction,3,-1.8547642649912035,0.2299602950789523,0.26216513887340237,0.39131398786691707,62.0304,37.2
P005,Group_1,Song_2,Mix_1,Song_2_Mix_1,Enjoyment,1,-0.7397659523284557,-0.872977567729806,-0.8023965613990739,-0.1973708216846843,69.9632,71.1
P005,Group_1,Song_2,Mix_2,Song_2_Mix_2,Enjoyment,2,-1.8547642649912035,0.2299602950789523,0.26216513887340237,0.39131398786691707,66.8261,73.3
P005,Group_1,Song_2,Mix_3,Song_2_Mix_3,Enjoyment,3,-1.426424682211786,-1.6172115428334835,1.8054546671390082,0.23134636039016215,74.809,67.9
P005,Group_1,Song_2,Mix_3,Song_2_Mix_3,Focus,1,-1.426424682211786,-1.6172115428334835,1.8054546671390082,0.23134636039016215,76.9199,89.8
P005,Group_1,Song_2,Mix_2,Song_2_Mix_2,Focus,2,-1.8547642649912035,0.2299602950789523,0.26216513887340237,0.39131398786691707,65.8504,51.9
P005,Group_1,Song_2,Mix_1,Song_2_Mix_1,Focus,3,-0.7397659523284557,-0.872977567729806,-0.8023965613990739,-0.1973708216846843,66.8584,77.2
P005,Group_1,Song_2,Mix_2,Song_2_Mix_2,Motivation,1,-1.8547642649912035,0.2299602950789523,0.26216513887340237,0.39131398786691707,66.9815,60.3
P005,Group_1,Song_2,Mix_3,Song_2_Mix_3,Motivation,2,-1.426424682211786,-1.6172115428334835,1.8054546671390082,0.23134636039016215,78.8226,78.7
P005,Group_1,Song_2,Mix_1,Song_2_Mix_1,Motivation,3,-0.7397659523284557,-0.872977567729806,-0.8023965613990739,-0.1973708216846843,67.4572,85.1
P006,Group_1,Song_1,Mix_1,Song_1_Mix_1,Relaxation,1,1.443428649762309,0.7856275774961273,-0.5413926603692519,-0.49880305263901464,68.6546,63.1
P006,Group_1,Song_1,Mix_3,Song_1_Mix_3,Relaxation,2,0.9363158987707103,-1.970943713619291,0.039692167170006815,-0.6592642838147547,73.8196,74.0
P006,Group_1,Song_1,Mix_2,Song_1_Mix_2,Relaxation,3,0.3729849445845034,-0.17486643065962673,-1.3027979220465322,-0.4289466675093337,65.9485,71.3
P006,Group_1,Song_1,Mix_2,Song_1_Mix_2,Distraction,1,0.3729849445845034,-0.17486643065962673,-1.3027979220465322,-0.4289466675093337,62.6764,66.2
P006,Group_1,Song_1,Mix_3,Song_1_Mix_3,Distraction,2,0.9363158987707103,-1.970943713619291,0.039692167170006815,-0.6592642838147547,70.1329,61.2
P006,Group_1,Song_1,Mix_1,Song_1_Mix_1,Distraction,3,1.443428649762309,0.7856275774961273,-0.5413926603692519,-0.49880305263901464,65.2568,71.7
P006,Group_1,Song_1,Mix_1,Song_1_Mix_1,Enjoyment,1,1.443428649762309,0.7856275774961273,-0.5413926603692519,-0.49880305263901464,71.6546,62.1
P006,Group_1,Song_1,Mix_3,Song_1_Mix_3,Enjoyment,2,0.9363158987707103,-1.970943713619291,0.039692167170006815,-0.6592642838147547,76.8196,70.0
P006,Group_1,Song_1,Mix_2,Song_1_Mix_2,Enjoyment,3,0.3729849445845034,-0.17486643065962673,-1.3027979220465322,-0.4289466675093337,68.9485,72.2
P006,Group_1,Song_1,Mix_3,Song_1_Mix_3,Focus,1,0.9363158987707103,-1.970943713619291,0.039692167170006815,-0.6592642838147547,75.399,79.8
P006,Group_1,Song_1,Mix_2,Song_1_Mix_2,Focus,2,0.3729849445845034,-0.17486643065962673,-1.3027979220465322,-0.4289466675093337,64.8429,54.3
P006,Group_1,Song_1,Mix_1,Song_1_Mix_1,Focus,3,1.443428649762309,0.7856275774961273,-0.5413926603692519,-0.49880305263901464,69.0719,65.6
P006,Group_1,Song_1,Mix_1,Song_1_Mix_1,Motivation,1,1.443428649762309,0.7856275774961273,-0.5413926603692519,-0.49880305263901464,69.8012,81.3
P006,Group_1,Song_1,Mix_3,Song_1_Mix_3,Motivation,2,0.9363158987707103,-1.970943713619291,0.039692167170006815,-0.6592642838147547,76.4189,75.5
P006,Group_1,Song_1,Mix_2,Song_1_Mix_2,Motivation,3,0.3729849445845034,-0.17486643065962673,-1.3027979220465322,-0.4289466675093337,65.1915,60.8
P006,Group_1,Song_2,Mix_1,Song_2_Mix_1,Relaxation,1,-0.7397659523284557,-0.872977567729806,-0.8023965613990739,-0.1973708216846843,65.2462,65.1
P006,Group_1,Song_2,Mix_2,Song_2_Mix_2,Relaxation,2,-1.8547642649912035,0.2299602950789523,0.26216513887340237,0.39131398786691707,62.109,72.2
P006,Group_1,Song_2,Mix_3,Song_2_Mix_3,Relaxation,3,-1.426424682211786,-1.6172115428334835,1.8054546671390082,0.23134636039016215,70.092,56.7
P006,Group_1,Song_2,Mix_1,Song_2_Mix_1,Distraction,1,-0.7397659523284557,-0.872977567729806,-0.8023965613990739,-0.1973708216846843,62.3909,66.6
P006,Group_1,Song_2,Mix_3,Song_2_Mix_3,Distraction,2,-1.426424682211786,-1.6172115428334835,1.8054546671390082,0.23134636039016215,68.0084,84.9
P006,Group_1,Song_2,Mix_2,Song_2_Mix_2,Distraction,3,-1.8547642649912035,0.2299602950789523,0.26216513887340237,0.39131398786691707,60.3134,66.0
P006,Group_1,Song_2,Mix_3,Song_2_Mix_3,Enjoyment,1,-1.426424682211786,-1.6172115428334835,1.8054546671390082,0.23134636039016215,73.092,73.4
P006,Group_1,Song_2,Mix_1,Song_2_Mix_1,Enjoyment,2,-0.7397659523284557,-0.872977567729806,-0.8023965613990739,-0.1973708216846843,68.2462,56.2
P006,Group_1,Song_2,Mix_2,Song_2_Mix_2,Enjoyment,3,-1.8547642649912035,0.2299602950789523,0.26216513887340237,0.39131398786691707,65.109,52.8
P006,Group_1,Song_2,Mix_2,Song_2_Mix_2,Focus,1,-1.8547642649912035,0.2299602950789523,0.26216513887340237,0.39131398786691707,64.1334,65.2
P006,Group_1,Song_2,Mix_3,Song_2_Mix_3,Focus,2,-1.426424682211786,-1.6172115428334835,1.8054546671390082,0.23134636039016215,75.2029,72.6
P006,Group_1,Song_2,Mix_1,Song_2_Mix_1,Focus,3,-0.7397659523284557,-0.872977567729806,-0.8023965613990739,-0.1973708216846843,65.1414,61.0
P006,Group_1,Song_2,Mix_1,Song_2_Mix_1,Motivation,1,-0.7397659523284557,-0.872977567729806,-0.8023965613990739,-0.1973708216846843,65.7402,45.1
P006,Group_1,Song_2,Mix_3,Song_2_Mix_3,Motivation,2,-1.426424682211786,-1.6172115428334835,1.8054546671390082,0.23134636039016215,77.1056,68.0
P006,Group_1,Song_2,Mix_2,Song_2_Mix_2,Motivation,3,-1.8547642649912035,0.2299602950789523,0.26216513887340237,0.39131398786691707,65.2645,85.6
P007,Group_1,Song_1,Mix_2,Song_1_Mix_2,Relaxation,1,0.3729849445845034,-0.17486643065962673,-1.3027979220465322,-0.4289466675093337,59.2416,53.4
P007,Group_1,Song_1,Mix_1,Song_1_Mix_1,Relaxation,2,1.443428649762309,0.7856275774961273,-0.5413926603692519,-0.49880305263901464,61.9477,52.2
P007,Group_1,Song_1,Mix_3,Song_1_Mix_3,Relaxation,3,0.9363158987707103,-1.970943713619291,0.039692167170006815,-0.6592642838147547,67.1127,73.9
P007,Group_1,Song_1,Mix_3,Song_1_Mix_3,Distraction,1,0.9363158987707103,-1.970943713619291,0.039692167170006815,-0.6592642838147547,63.4261,70.2
P007,Group_1,Song_1,Mix_1,Song_1_Mix_1,Distraction,2,1.443428649762309,0.7856275774961273,-0.5413926603692519,-0.49880305263901464,58.5499,47.3
P007,Group_1,Song_1,Mix_2,Song_1_Mix_2,Distraction,3,0.3729849445845034,-0.17486643065962673,-1.3027979220465322,-0.4289466675093337,55.9695,57.0
P007,Group_1,Song_1,Mix_1,Song_1_Mix_1,Enjoyment,1,1.443428649762309,0.7856275774961273,-0.5413926603692519,-0.49880305263901464,64.9477,68.6
P007,Group_1,Song_1,Mix_2,Song_1_Mix_2,Enjoyment,2,0.3729849445845034,-0.17486643065962673,-1.3027979220465322,-0.4289466675093337,62.2416,48.2
P007,Group_1,Song_1,Mix_3,Song_1_Mix_3,Enjoyment,3,0.9363158987707103,-1.970943713619291,0.039692167170006815,-0.6592642838147547,70.1127,75.1
P007,Group_1,Song_1,Mix_3,Song_1_Mix_3,Focus,1,0.9363158987707103,-1.970943713619291,0.039692167170006815,-0.6592642838147547,68.6921,56.8
P007,Group_1,Song_1,Mix_1,Song_1_Mix_1,Focus,2,1.443428649762309,0.7856275774961273,-0.5413926603692519,-0.49880305263901464,62.365,69.7
P007,Group_1,Song_1,Mix_2,Song_1_Mix_2,Focus,3,0.3729849445845034,-0.17486643065962673,-1.3027979220465322,-0.4289466675093337,58.136,72.4
P007,Group_1,Song_1,Mix_3,Song_1_Mix_3,Motivation,1,0.9363158987707103,-1.970943713619291,0.039692167170006815,-0.6592642838147547,69.712,69.2
P007,Group_1,Song_1,Mix_2,Song_1_Mix_2,Motivation,2,0.3729849445845034,-0.17486643065962673,-1.3027979220465322,-0.4289466675093337,58.4846,59.5
P007,Group_1,Song_1,Mix_1,Song_1_Mix_1,Motivation,3,1.443428649762309,0.7856275774961273,-0.5413926603692519,-0.49880305263901464,63.0943,58.4
P007,Group_1,Song_2,Mix_1,Song_2_Mix_1,Relaxation,1,-0.7397659523284557,-0.872977567729806,-0.8023965613990739,-0.1973708216846843,58.5393,49.5
P007,Group_1,Song_2,Mix_2,Song_2_Mix_2,Relaxation,2,-1.8547642649912035,0.2299602950789523,0.26216513887340237,0.39131398786691707,55.4022,55.8
P007,Group_1,Song_2,Mix_3,Song_2_Mix_3,Relaxation,3,-1.426424682211786,-1.6172115428334835,1.8054546671390082,0.23134636039016215,63.3851,56.1
P007,Group_1,Song_2,Mix_3,Song_2_Mix_3,Distraction,1,-1.426424682211786,-1.6172115428334835,1.8054546671390082,0.23134636039016215,61.3015,45.3
P007,Group_1,Song_2,Mix_2,Song_2_Mix_2,Distraction,2,-1.8547642649912035,0.2299602950789523,0.26216513887340237,0.39131398786691707,53.6065,68.9
P007,Group_1,Song_2,Mix_1,Song_2_Mix_1,Distraction,3,-0.7397659523284557,-0.872977567729806,-0.8023965613990739,-0.1973708216846843,55.6841,36.9
P007,Group_1,Song_2,Mix_2,Song_2_Mix_2,Enjoyment,1,-1.8547642649912035,0.2299602950789523,0.26216513887340237,0.39131398786691707,58.4022,60.0
P007,Group_1,Song_2,Mix_3,Song_2_Mix_3,Enjoyment,2,-1.426424682211786,-1.6172115428334835,1.8054546671390082,0.23134636039016215,66.3851,52.4
P007,Group_1,Song_2,Mix_1,Song_2_Mix_1,Enjoyment,3,-0.7397659523284557,-0.872977567729806,-0.8023965613990739,-0.1973708216846843,61.5393,57.1
P007,Group_1,Song_2,Mix_1,Song_2_Mix_1,Focus,1,-0.7397659523284557,-0.872977567729806,-0.8023965613990739,-0.1973708216846843,58.4345,66.0
P007,Group_1,Song_2,Mix_2,Song_2_Mix_2,Focus,2,-1.8547642649912035,0.2299602950789523,0.26216513887340237,0.39131398786691707,57.4265,47.3
P007,Group_1,Song_2,Mix_3,Song_2_Mix_3,Focus,3,-1.426424682211786,-1.6172115428334835,1.8054546671390082,0.23134636039016215,68.496,51.9
P007,Group_1,Song_2,Mix_1,Song_2_Mix_1,Motivation,1,-0.7397659523284557,-0.872977567729806,-0.8023965613990739,-0.1973708216846843,59.0333,62.4
P007,Group_1,Song_2,Mix_2,Song_2_Mix_2,Motivation,2,-1.8547642649912035,0.2299602950789523,0.26216513887340237,0.39131398786691707,58.5576,58.5
P007,Group_1,Song_2,Mix_3,Song_2_Mix_3,Motivation,3,-1.426424682211786,-1.6172115428334835,1.8054546671390082,0.23134636039016215,70.3987,67.9
P008,Group_1,Song_1,Mix_2,Song_1_Mix_2,Relaxation,1,0.3729849445845034,-0.17486643065962673,-1.3027979220465322,-0.4289466675093337,54.7637,57.9
P008,Group_1,Song_1,Mix_3,Song_1_Mix_3,Relaxation,2,0.9363158987707103,-1.970943713619291,0.039692167170006815,-0.6592642838147547,62.6348,61.6
P008,Group_1,Song_1,Mix_1,Song_1_Mix_1,Relaxation,3,1.443428649762309,0.7856275774961273,-0.5413926603692519,-0.49880305263901464,57.4698,52.4
P008,Group_1,Song_1,Mix_2,Song_1_Mix_2,Distraction,1,0.3729849445845034,-0.17486643065962673,-1.3027979220465322,-0.4289466675093337,51.4916,64.0
P008,Group_1,Song_1,Mix_3,Song_1_Mix_3,Distraction,2,0.9363158987707103,-1.970943713619291,0.039692167170006815,-0.6592642838147547,58.9481,63.0
P008,Group_1,Song_1,Mix_1,Song_1_Mix_1,Distraction,3,1.443428649762309,0.7856275774961273,-0.5413926603692519,-0.49880305263901464,54.072,79.9
P008,Group_1,Song_1,Mix_3,Song_1_Mix_3,Enjoyment,1,0.9363158987707103,-1.970943713619291,0.039692167170006815,-0.6592642838147547,65.6348,78.7
P008,Group_1,Song_1,Mix_2,Song_1_Mix_2,Enjoyment,2,0.3729849445845034,-0.17486643065962673,-1.3027979220465322,-0.4289466675093337,57.7637,60.3
P008,Group_1,Song_1,Mix_1,Song_1_Mix_1,Enjoyment,3,1.443428649762309,0.7856275774961273,-0.5413926603692519,-0.49880305263901464,60.4698,62.7
P008,Group_1,Song_1,Mix_1,Song_1_Mix_1,Focus,1,1.443428649762309,0.7856275774961273,-0.5413926603692519,-0.49880305263901464,57.887,62.0
P008,Group_1,Song_1,Mix_3,Song_1_Mix_3,Focus,2,0.9363158987707103,-1.970943713619291,0.039692167170006815,-0.6592642838147547,64.2142,49.7
P008,Group_1,Song_1,Mix_2,Song_1_Mix_2,Focus,3,0.3729849445845034,-0.17486643065962673,-1.3027979220465322,-0.4289466675093337,53.6581,47.4
P008,Group_1,Song_1,Mix_1,Song_1_Mix_1,Motivation,1,1.443428649762309,0.7856275774961273,-0.5413926603692519,-0.49880305263901464,58.6163,39.8
P008,Group_1,Song_1,Mix_3,Song_1_Mix_3,Motivation,2,0.9363158987707103,-1.970943713619291,0.039692167170006815,-0.6592642838147547,65.234,74.7
P008,Group_1,Song_1,Mix_2,Song_1_Mix_2,Motivation,3,0.3729849445845034,-0.17486643065962673,-1.3027979220465322,-0.4289466675093337,54.0067,51.2
P008,Group_1,Song_2,Mix_2,Song_2_Mix_2,Relaxation,1,-1.8547642649912035,0.2299602950789523,0.26216513887340237,0.39131398786691707,50.9242,54.2
P008,Group_1,Song_2,Mix_3,Song_2_Mix_3,Relaxation,2,-1.426424682211786,-1.6172115428334835,1.8054546671390082,0.23134636039016215,58.9072,48.2
P008,Group_1,Song_2,Mix_1,Song_2_Mix_1,Relaxation,3,-0.7397659523284557,-0.872977567729806,-0.8023965613990739,-0.1973708216846843,54.0614,61.8
P008,Group_1,Song_2,Mix_1,Song_2_Mix_1,Distraction,1,-0.7397659523284557,-0.872977567729806,-0.8023965613990739,-0.1973708216846843,51.2061,61.5
P008,Group_1,Song_2,Mix_3,Song_2_Mix_3,Distraction,2,-1.426424682211786,-1.6172115428334835,1.8054546671390082,0.23134636039016215,56.8236,58.6
P008,Group_1,Song_2,Mix_2,Song_2_Mix_2,Distraction,3,-1.8547642649912035,0.2299602950789523,0.26216513887340237,0.39131398786691707,49.1286,58.9
P008,Group_1,Song_2,Mix_1,Song_2_Mix_1,Enjoyment,1,-0.7397659523284557,-0.872977567729806,-0.8023965613990739,-0.1973708216846843,57.0614,49.8
P008,Group_1,Song_2,Mix_3,Song_2_Mix_3,Enjoyment,2,-1.426424682211786,-1.6172115428334835,1.8054546671390082,0.23134636039016215,61.9072,48.1
P008,Group_1,Song_2,Mix_2,Song_2_Mix_2,Enjoyment,3,-1.8547642649912035,0.2299602950789523,0.26216513887340237,0.39131398786691707,53.9242,44.3
P008,Group_1,Song_2,Mix_1,Song_2_Mix_1,Focus,1,-0.7397659523284557,-0.872977567729806,-0.8023965613990739,-0.1973708216846843,53.9566,63.1
P008,Group_1,Song_2,Mix_3,Song_2_Mix_3,Focus,2,-1.426424682211786,-1.6172115428334835,1.8054546671390082,0.23134636039016215,64.0181,69.5
P008,Group_1,Song_2,Mix_2,Song_2_Mix_2,Focus,3,-1.8547642649912035,0.2299602950789523,0.26216513887340237,0.39131398786691707,52.9486,55.6
P008,Group_1,Song_2,Mix_2,Song_2_Mix_2,Motivation,1,-1.8547642649912035,0.2299602950789523,0.26216513887340237,0.39131398786691707,54.0796,38.2
P008,Group_1,Song_2,Mix_1,Song_2_Mix_1,Motivation,2,-0.7397659523284557,-0.872977567729806,-0.8023965613990739,-0.1973708216846843,54.5554,44.4
P008,Group_1,Song_2,Mix_3,Song_2_Mix_3,Motivation,3,-1.426424682211786,-1.6172115428334835,1.8054546671390082,0.23134636039016215,65.9208,56.1
P009,Group_1,Song_1,Mix_1,Song_1_Mix_1,Relaxation,1,1.443428649762309,0.7856275774961273,-0.5413926603692519,-0.49880305263901464,67.2351,52.9
P009,Group_1,Song_1,Mix_2,Song_1_Mix_2,Relaxation,2,0.3729849445845034,-0.17486643065962673,-1.3027979220465322,-0.4289466675093337,64.529,59.5
P009,Group_1,Song_1,Mix_3,Song_1_Mix_3,Relaxation,3,0.9363158987707103,-1.970943713619291,0.039692167170006815,-0.6592642838147547,72.4001,84.2
P009,Group_1,Song_1,Mix_2,Song_1_Mix_2,Distraction,1,0.3729849445845034,-0.17486643065962673,-1.3027979220465322,-0.4289466675093337,61.2569,56.4
P009,Group_1,Song_1,Mix_3,Song_1_Mix_3,Distraction,2,0.9363158987707103,-1.970943713619291,0.039692167170006815,-0.6592642838147547,68.7134,59.9
P009,Group_1,Song_1,Mix_1,Song_1_Mix_1,Distraction,3,1.443428649762309,0.7856275774961273,-0.5413926603692519,-0.49880305263901464,63.8373,66.2
P009,Group_1,Song_1,Mix_3,Song_1_Mix_3,Enjoyment,1,0.9363158987707103,-1.970943713619291,0.039692167170006815,-0.6592642838147547,75.4001,74.7
P009,Group_1,Song_1,Mix_1,Song_1_Mix_1,Enjoyment,2,1.443428649762309,0.7856275774961273,-0.5413926603692519,-0.49880305263901464,70.2351,69.1
P009,Group_1,Song_1,Mix_2,Song_1_Mix_2,Enjoyment,3,0.3729849445845034,-0.17486643065962673,-1.3027979220465322,-0.4289466675093337,67.529,72.2
P009,Group_1,Song_1,Mix_2,Song_1_Mix_2,Focus,1,0.3729849445845034,-0.17486643065962673,-1.3027979220465322,-0.4289466675093337,63.4234,75.5
P009,Group_1,Song_1,Mix_3,Song_1_Mix_3,Focus,2,0.9363158987707103,-1.970943713619291,0.039692167170006815,-0.6592642838147547,73.9795,82.1
P009,Group_1,Song_1,Mix_1,Song_1_Mix_1,Focus,3,1.443428649762309,0.7856275774961273,-0.5413926603692519,-0.49880305263901464,67.6523,66.0
P009,Group_1,Song_1,Mix_1,Song_1_Mix_1,Motivation,1,1.443428649762309,0.7856275774961273,-0.5413926603692519,-0.49880305263901464,68.3816,65.2
P009,Group_1,Song_1,Mix_3,Song_1_Mix_3,Motivation,2,0.9363158987707103,-1.970943713619291,0.039692167170006815,-0.6592642838147547,74.9993,67.2
P009,Group_1,Song_1,Mix_2,Song_1_Mix_2,Motivation,3,0.3729849445845034,-0.17486643065962673,-1.3027979220465322,-0.4289466675093337,63.772,50.8
P009,Group_1,Song_2,Mix_3,Song_2_Mix_3,Relaxation,1,-1.426424682211786,-1.6172115428334835,1.8054546671390082,0.23134636039016215,68.6725,73.1
P009,Group_1,Song_2,Mix_1,Song_2_Mix_1,Relaxation,2,-0.7397659523284557,-0.872977567729806,-0.8023965613990739,-0.1973708216846843,63.8267,69.9
P009,Group_1,Song_2,Mix_2,Song_2_Mix_2,Relaxation,3,-1.8547642649912035,0.2299602950789523,0.26216513887340237,0.39131398786691707,60.6895,61.2
P009,Group_1,Song_2,Mix_1,Song_2_Mix_1,Distraction,1,-0.7397659523284557,-0.872977567729806,-0.8023965613990739,-0.1973708216846843,60.9714,56.3
P009,Group_1,Song_2,Mix_2,Song_2_Mix_2,Distraction,2,-1.8547642649912035,0.2299602950789523,0.26216513887340237,0.39131398786691707,58.8939,73.4
P009,Group_1,Song_2,Mix_3,Song_2_Mix_3,Distraction,3,-1.426424682211786,-1.6172115428334835,1.8054546671390082,0.23134636039016215,66.5889,68.1
P009,Group_1,Song_2,Mix_3,Song_2_Mix_3,Enjoyment,1,-1.426424682211786,-1.6172115428334835,1.8054546671390082,0.23134636039016215,71.6725,77.6
P009,Group_1,Song_2,Mix_2,Song_2_Mix_2,Enjoyment,2,-1.8547642649912035,0.2299602950789523,0.26216513887340237,0.39131398786691707,63.6895,62.6
P009,Group_1,Song_2,Mix_1,Song_2_Mix_1,Enjoyment,3,-0.7397659523284557,-0.872977567729806,-0.8023965613990739,-0.1973708216846843,66.8267,69.9
P009,Group_1,Song_2,Mix_3,Song_2_Mix_3,Focus,1,-1.426424682211786,-1.6172115428334835,1.8054546671390082,0.23134636039016215,73.7834,67.1
P009,Group_1,Song_2,Mix_1,Song_2_Mix_1,Focus,2,-0.7397659523284557,-0.872977567729806,-0.8023965613990739,-0.1973708216846843,63.7219,61.6
P009,Group_1,Song_2,Mix_2,Song_2_Mix_2,Focus,3,-1.8547642649912035,0.2299602950789523,0.26216513887340237,0.39131398786691707,62.7139,61.5
P009,Group_1,Song_2,Mix_2,Song_2_Mix_2,Motivation,1,-1.8547642649912035,0.2299602950789523,0.26216513887340237,0.39131398786691707,63.8449,80.5
P009,Group_1,Song_2,Mix_1,Song_2_Mix_1,Motivation,2,-0.7397659523284557,-0.872977567729806,-0.8023965613990739,-0.1973708216846843,64.3207,72.5
P009,Group_1,Song_2,Mix_3,Song_2_Mix_3,Motivation,3,-1.426424682211786,-1.6172115428334835,1.8054546671390082,0.23134636039016215,75.6861,87.3
P010,Group_1,Song_1,Mix_1,Song_1_Mix_1,Relaxation,1,1.443428649762309,0.7856275774961273,-0.5413926603692519,-0.49880305263901464,61.0182,63.9
P010,Group_1,Song_1,Mix_3,Song_1_Mix_3,Relaxation,2,0.9363158987707103,-1.970943713619291,0.039692167170006815,-0.6592642838147547,66.1832,71.3
P010,Group_1,Song_1,Mix_2,Song_1_Mix_2,Relaxation,3,0.3729849445845034,-0.17486643065962673,-1.3027979220465322,-0.4289466675093337,58.3121,59.0
P010,Group_1,Song_1,Mix_1,Song_1_Mix_1,Distraction,1,1.443428649762309,0.7856275774961273,-0.5413926603692519,-0.49880305263901464,57.6204,64.3
P010,Group_1,Song_1,Mix_2,Song_1_Mix_2,Distraction,2,0.3729849445845034,-0.17486643065962673,-1.3027979220465322,-0.4289466675093337,55.04,53.9
P010,Group_1,Song_1,Mix_3,Song_1_Mix_3,Distraction,3,0.9363158987707103,-1.970943713619291,0.039692167170006815,-0.6592642838147547,62.4965,63.0
P010,Group_1,Song_1,Mix_1,Song_1_Mix_1,Enjoyment,1,1.443428649762309,0.7856275774961273,-0.5413926603692519,-0.49880305263901464,64.0182,62.8
P010,Group_1,Song_1,Mix_3,Song_1_Mix_3,Enjoyment,2,0.9363158987707103,-1.970943713619291,0.039692167170006815,-0.6592642838147547,69.1832,74.3
P010,Group_1,Song_1,Mix_2,Song_1_Mix_2,Enjoyment,3,0.3729849445845034,-0.17486643065962673,-1.3027979220465322,-0.4289466675093337,61.3121,68.9
P010,Group_1,Song_1,Mix_3,Song_1_Mix_3,Focus,1,0.9363158987707103,-1.970943713619291,0.039692167170006815,-0.6592642838147547,67.7626,69.0
P010,Group_1,Song_1,Mix_1,Song_1_Mix_1,Focus,2,1.443428649762309,0.7856275774961273,-0.5413926603692519,-0.49880305263901464,61.4354,60.2
P010,Group_1,Song_1,Mix_2,Song_1_Mix_2,Focus,3,0.3729849445845034,-0.17486643065962673,-1.3027979220465322,-0.4289466675093337,57.2065,65.4
P010,Group_1,Song_1,Mix_2,Song_1_Mix_2,Motivation,1,0.3729849445845034,-0.17486643065962673,-1.3027979220465322,-0.4289466675093337,57.5551,55.5
P010,Group_1,Song_1,Mix_3,Song_1_Mix_3,Motivation,2,0.9363158987707103,-1.970943713619291,0.039692167170006815,-0.6592642838147547,68.7824,70.2
P010,Group_1,Song_1,Mix_1,Song_1_Mix_1,Motivation,3,1.443428649762309,0.7856275774961273,-0.5413926603692519,-0.49880305263901464,62.1647,59.0
P010,Group_1,Song_2,Mix_2,Song_2_Mix_2,Relaxation,1,-1.8547642649912035,0.2299602950789523,0.26216513887340237,0.39131398786691707,54.4726,69.1
P010,Group_1,Song_2,Mix_1,Song_2_Mix_1,Relaxation,2,-0.7397659523284557,-0.872977567729806,-0.8023965613990739,-0.1973708216846843,57.6098,58.0
P010,Group_1,Song_2,Mix_3,Song_2_Mix_3,Relaxation,3,-1.426424682211786,-1.6172115428334835,1.8054546671390082,0.23134636039016215,62.4556,75.6
P010,Group_1,Song_2,Mix_2,Song_2_Mix_2,Distraction,1,-1.8547642649912035,0.2299602950789523,0.26216513887340237,0.39131398786691707,52.677,59.2
P010,Group_1,Song_2,Mix_1,Song_2_Mix_1,Distraction,2,-0.7397659523284557,-0.872977567729806,-0.8023965613990739,-0.1973708216846843,54.7545,67.8
P010,Group_1,Song_2,Mix_3,Song_2_Mix_3,Distraction,3,-1.426424682211786,-1.6172115428334835,1.8054546671390082,0.23134636039016215,60.372,53.7
P010,Group_1,Song_2,Mix_3,Song_2_Mix_3,Enjoyment,1,-1.426424682211786,-1.6172115428334835,1.8054546671390082,0.23134636039016215,65.4556,77.6
P010,Group_1,Song_2,Mix_2,Song_2_Mix_2,Enjoyment,2,-1.8547642649912035,0.2299602950789523,0.26216513887340237,0.39131398786691707,57.4726,63.8
P010,Group_1,Song_2,Mix_1,Song_2_Mix_1,Enjoyment,3,-0.7397659523284557,-0.872977567729806,-0.8023965613990739,-0.1973708216846843,60.6098,54.3
P010,Group_1,Song_2,Mix_3,Song_2_Mix_3,Focus,1,-1.426424682211786,-1.6172115428334835,1.8054546671390082,0.23134636039016215,67.5665,56.1
P010,Group_1,Song_2,Mix_1,Song_2_Mix_1,Focus,2,-0.7397659523284557,-0.872977567729806,-0.8023965613990739,-0.1973708216846843,57.505,47.7
P010,Group_1,Song_2,Mix_2,Song_2_Mix_2,Focus,3,-1.8547642649912035,0.2299602950789523,0.26216513887340237,0.39131398786691707,56.497,44.2
P010,Group_1,Song_2,Mix_1,Song_2_Mix_1,Motivation,1,-0.7397659523284557,-0.872977567729806,-0.8023965613990739,-0.1973708216846843,58.1038,55.4
P010,Group_1,Song_2,Mix_3,Song_2_Mix_3,Motivation,2,-1.426424682211786,-1.6172115428334835,1.8054546671390082,0.23134636039016215,69.4692,63.4
P010,Group_1,Song_2,Mix_2,Song_2_Mix_2,Motivation,3,-1.8547642649912035,0.2299602950789523,0.26216513887340237,0.39131398786691707,57.628,53.5
P011,Group_1,Song_1,Mix_1,Song_1_Mix_1,Relaxation,1,1.443428649762309,0.7856275774961273,-0.5413926603692519,-0.49880305263901464,70.3926,67.9
P011,Group_1,Song_1,Mix_3,Song_1_Mix_3,Relaxation,2,0.9363158987707103,-1.970943713619291,0.039692167170006815,-0.6592642838147547,75.5576,71.6
P011,Group_1,Song_1,Mix_2,Song_1_Mix_2,Relaxation,3,0.3729849445845034,-0.17486643065962673,-1.3027979220465322,-0.4289466675093337,67.6864,69.4
P011,Group_1,Song_1,Mix_3,Song_1_Mix_3,Distraction,1,0.9363158987707103,-1.970943713619291,0.039692167170006815,-0.6592642838147547,71.8709,82.1
P011,Group_1,Song_1,Mix_2,Song_1_Mix_2,Distraction,2,0.3729849445845034,-0.17486643065962673,-1.3027979220465322,-0.4289466675093337,64.4143,67.7
P011,Group_1,Song_1,Mix_1,Song_1_Mix_1,Distraction,3,1.443428649762309,0.7856275774961273,-0.5413926603692519,-0.49880305263901464,66.9947,51.8
P011,Group_1,Song_1,Mix_2,Song_1_Mix_2,Enjoyment,1,0.3729849445845034,-0.17486643065962673,-1.3027979220465322,-0.4289466675093337,70.6864,63.7
P011,Group_1,Song_1,Mix_1,Song_1_Mix_1,Enjoyment,2,1.443428649762309,0.7856275774961273,-0.5413926603692519,-0.49880305263901464,73.3926,87.9
P011,Group_1,Song_1,Mix_3,Song_1_Mix_3,Enjoyment,3,0.9363158987707103,-1.970943713619291,0.039692167170006815,-0.6592642838147547,78.5576,79.7
P011,Group_1,Song_1,Mix_1,Song_1_Mix_1,Focus,1,1.443428649762309,0.7856275774961273,-0.5413926603692519,-0.49880305263901464,70.8098,55.9
P011,Group_1,Song_1,Mix_2,Song_1_Mix_2,Focus,2,0.3729849445845034,-0.17486643065962673,-1.3027979220465322,-0.4289466675093337,66.5809,60.2
P011,Group_1,Song_1,Mix_3,Song_1_Mix_3,Focus,3,0.9363158987707103,-1.970943713619291,0.039692167170006815,-0.6592642838147547,77.137,71.8
P011,Group_1,Song_1,Mix_1,Song_1_Mix_1,Motivation,1,1.443428649762309,0.7856275774961273,-0.5413926603692519,-0.49880305263901464,71.5391,65.0
P011,Group_1,Song_1,Mix_3,Song_1_Mix_3,Motivation,2,0.9363158987707103,-1.970943713619291,0.039692167170006815,-0.6592642838147547,78.1568,72.9
P011,Group_1,Song_1,Mix_2,Song_1_Mix_2,Motivation,3,0.3729849445845034,-0.17486643065962673,-1.3027979220465322,-0.4289466675093337,66.9295,66.0
P011,Group_1,Song_2,Mix_3,Song_2_Mix_3,Relaxation,1,-1.426424682211786,-1.6172115428334835,1.8054546671390082,0.23134636039016215,71.8299,70.6
P011,Group_1,Song_2,Mix_2,Song_2_Mix_2,Relaxation,2,-1.8547642649912035,0.2299602950789523,0.26216513887340237,0.39131398786691707,63.847,66.7
P011,Group_1,Song_2,Mix_1,Song_2_Mix_1,Relaxation,3,-0.7397659523284557,-0.872977567729806,-0.8023965613990739,-0.1973708216846843,66.9842,51.9
P011,Group_1,Song_2,Mix_2,Song_2_Mix_2,Distraction,1,-1.8547642649912035,0.2299602950789523,0.26216513887340237,0.39131398786691707,62.0514,61.2
P011,Group_1,Song_2,Mix_1,Song_2_Mix_1,Distraction,2,-0.7397659523284557,-0.872977567729806,-0.8023965613990739,-0.1973708216846843,64.1289,69.3
P011,Group_1,Song_2,Mix_3,Song_2_Mix_3,Distraction,3,-1.426424682211786,-1.6172115428334835,1.8054546671390082,0.23134636039016215,69.7464,57.9
P011,Group_1,Song_2,Mix_3,Song_2_Mix_3,Enjoyment,1,-1.426424682211786,-1.6172115428334835,1.8054546671390082,0.23134636039016215,74.8299,82.7
P011,Group_1,Song_2,Mix_2,Song_2_Mix_2,Enjoyment,2,-1.8547642649912035,0.2299602950789523,0.26216513887340237,0.39131398786691707,66.847,75.8
P011,Group_1,Song_2,Mix_1,Song_2_Mix_1,Enjoyment,3,-0.7397659523284557,-0.872977567729806,-0.8023965613990739,-0.1973708216846843,69.9842,65.5
P011,Group_1,Song_2,Mix_1,Song_2_Mix_1,Focus,1,-0.7397659523284557,-0.872977567729806,-0.8023965613990739,-0.1973708216846843,66.8794,69.4
P011,Group_1,Song_2,Mix_3,Song_2_Mix_3,Focus,2,-1.426424682211786,-1.6172115428334835,1.8054546671390082,0.23134636039016215,76.9409,77.4
P011,Group_1,Song_2,Mix_2,Song_2_Mix_2,Focus,3,-1.8547642649912035,0.2299602950789523,0.26216513887340237,0.39131398786691707,65.8713,61.6
P011,Group_1,Song_2,Mix_1,Song_2_Mix_1,Motivation,1,-0.7397659523284557,-0.872977567729806,-0.8023965613990739,-0.1973708216846843,67.4782,73.3
P011,Group_1,Song_2,Mix_2,Song_2_Mix_2,Motivation,2,-1.8547642649912035,0.2299602950789523,0.26216513887340237,0.39131398786691707,67.0024,61.4
P011,Group_1,Song_2,Mix_3,Song_2_Mix_3,Motivation,3,-1.426424682211786,-1.6172115428334835,1.8054546671390082,0.23134636039016215,78.8436,82.8
P012,Group_1,Song_1,Mix_2,Song_1_Mix_2,Relaxation,1,0.3729849445845034,-0.17486643065962673,-1.3027979220465322,-0.4289466675093337,63.3746,53.4
P012,Group_1,Song_1,Mix_3,Song_1_Mix_3,Relaxation,2,0.9363158987707103,-1.970943713619291,0.039692167170006815,-0.6592642838147547,71.2457,75.9
P012,Group_1,Song_1,Mix_1,Song_1_Mix_1,Relaxation,3,1.443428649762309,0.7856275774961273,-0.5413926603692519,-0.49880305263901464,66.0807,64.2
P012,Group_1,Song_1,Mix_3,Song_1_Mix_3,Distraction,1,0.9363158987707103,-1.970943713619291,0.039692167170006815,-0.6592642838147547,67.559,70.5
P012,Group_1,Song_1,Mix_2,Song_1_Mix_2,Distraction,2,0.3729849445845034,-0.17486643065962673,-1.3027979220465322,-0.4289466675093337,60.1025,66.1
P012,Group_1,Song_1,Mix_1,Song_1_Mix_1,Distraction,3,1.443428649762309,0.7856275774961273,-0.5413926603692519,-0.49880305263901464,62.6829,63.1
P012,Group_1,Song_1,Mix_1,Song_1_Mix_1,Enjoyment,1,1.443428649762309,0.7856275774961273,-0.5413926603692519,-0.49880305263901464,69.0807,63.3
P012,Group_1,Song_1,Mix_2,Song_1_Mix_2,Enjoyment,2,0.3729849445845034,-0.17486643065962673,-1.3027979220465322,-0.4289466675093337,66.3746,60.9
P012,Group_1,Song_1,Mix_3,Song_1_Mix_3,Enjoyment,3,0.9363158987707103,-1.970943713619291,0.039692167170006815,-0.6592642838147547,74.2457,82.1
P012,Group_1,Song_1,Mix_3,Song_1_Mix_3,Focus,1,0.9363158987707103,-1.970943713619291,0.039692167170006815,-0.6592642838147547,72.8251,78.9
P012,Group_1,Song_1,Mix_2,Song_1_Mix_2,Focus,2,0.3729849445845034,-0.17486643065962673,-1.3027979220465322,-0.4289466675093337,62.269,48.7
P012,Group_1,Song_1,Mix_1,Song_1_Mix_1,Focus,3,1.443428649762309,0.7856275774961273,-0.5413926603692519,-0.49880305263901464,66.4979,58.1
P012,Group_1,Song_1,Mix_1,Song_1_Mix_1,Motivation,1,1.443428649762309,0.7856275774961273,-0.5413926603692519,-0.49880305263901464,67.2272,63.8
P012,Group_1,Song_1,Mix_3,Song_1_Mix_3,Motivation,2,0.9363158987707103,-1.970943713619291,0.039692167170006815,-0.6592642838147547,73.8449,86.8
P012,Group_1,Song_1,Mix_2,Song_1_Mix_2,Motivation,3,0.3729849445845034,-0.17486643065962673,-1.3027979220465322,-0.4289466675093337,62.6176,54.5
P012,Group_1,Song_2,Mix_1,Song_2_Mix_1,Relaxation,1,-0.7397659523284557,-0.872977567729806,-0.8023965613990739,-0.1973708216846843,62.6723,64.0
P012,Group_1,Song_2,Mix_2,Song_2_Mix_2,Relaxation,2,-1.8547642649912035,0.2299602950789523,0.26216513887340237,0.39131398786691707,59.5351,58.6
P012,Group_1,Song_2,Mix_3,Song_2_Mix_3,Relaxation,3,-1.426424682211786,-1.6172115428334835,1.8054546671390082,0.23134636039016215,67.5181,77.1
P012,Group_1,Song_2,Mix_3,Song_2_Mix_3,Distraction,1,-1.426424682211786,-1.6172115428334835,1.8054546671390082,0.23134636039016215,65.4345,61.1
P012,Group_1,Song_2,Mix_1,Song_2_Mix_1,Distraction,2,-0.7397659523284557,-0.872977567729806,-0.8023965613990739,-0.1973708216846843,59.817,51.5
P012,Group_1,Song_2,Mix_2,Song_2_Mix_2,Distraction,3,-1.8547642649912035,0.2299602950789523,0.26216513887340237,0.39131398786691707,57.7395,65.2
P012,Group_1,Song_2,Mix_2,Song_2_Mix_2,Enjoyment,1,-1.8547642649912035,0.2299602950789523,0.26216513887340237,0.39131398786691707,62.5351,64.9
P012,Group_1,Song_2,Mix_3,Song_2_Mix_3,Enjoyment,2,-1.426424682211786,-1.6172115428334835,1.8054546671390082,0.23134636039016215,70.5181,72.3
P012,Group_1,Song_2,Mix_1,Song_2_Mix_1,Enjoyment,3,-0.7397659523284557,-0.872977567729806,-0.8023965613990739,-0.1973708216846843,65.6723,56.3
P012,Group_1,Song_2,Mix_1,Song_2_Mix_1,Focus,1,-0.7397659523284557,-0.872977567729806,-0.8023965613990739,-0.1973708216846843,62.5675,65.3
P012,Group_1,Song_2,Mix_2,Song_2_Mix_2,Focus,2,-1.8547642649912035,0.2299602950789523,0.26216513887340237,0.39131398786691707,61.5595,73.7
P012,Group_1,Song_2,Mix_3,Song_2_Mix_3,Focus,3,-1.426424682211786,-1.6172115428334835,1.8054546671390082,0.23134636039016215,72.629,76.2
P012,Group_1,Song_2,Mix_2,Song_2_Mix_2,Motivation,1,-1.8547642649912035,0.2299602950789523,0.26216513887340237,0.39131398786691707,62.6905,60.2
P012,Group_1,Song_2,Mix_1,Song_2_Mix_1,Motivation,2,-0.7397659523284557,-0.872977567729806,-0.8023965613990739,-0.1973708216846843,63.1663,78.4
P012,Group_1,Song_2,Mix_3,Song_2_Mix_3,Motivation,3,-1.426424682211786,-1.6172115428334835,1.8054546671390082,0.23134636039016215,74.5317,64.5
P013,Group_1,Song_1,Mix_3,Song_1_Mix_3,Relaxation,1,0.9363158987707103,-1.970943713619291,0.039692167170006815,-0.6592642838147547,64.5499,66.6
P013,Group_1,Song_1,Mix_2,Song_1_Mix_2,Relaxation,2,0.3729849445845034,-0.17486643065962673,-1.3027979220465322,-0.4289466675093337,56.6787,68.9
P013,Group_1,Song_1,Mix_1,Song_1_Mix_1,Relaxation,3,1.443428649762309,0.7856275774961273,-0.5413926603692519,-0.49880305263901464,59.3849,60.1
P013,Group_1,Song_1,Mix_1,Song_1_Mix_1,Distraction,1,1.443428649762309,0.7856275774961273,-0.5413926603692519,-0.49880305263901464,55.987,74.5
P013,Group_1,Song_1,Mix_3,Song_1_Mix_3,Distraction,2,0.9363158987707103,-1.970943713619291,0.039692167170006815,-0.6592642838147547,60.8632,54.6
P013,Group_1,Song_1,Mix_2,Song_1_Mix_2,Distraction,3,0.3729849445845034,-0.17486643065962673,-1.3027979220465322,-0.4289466675093337,53.4066,60.4
P013,Group_1,Song_1,Mix_1,Song_1_Mix_1,Enjoyment,1,1.443428649762309,0.7856275774961273,-0.5413926603692519,-0.49880305263901464,62.3849,67.6
P013,Group_1,Song_1,Mix_3,Song_1_Mix_3,Enjoyment,2,0.9363158987707103,-1.970943713619291,0.039692167170006815,-0.6592642838147547,67.5499,80.1
P013,Group_1,Song_1,Mix_2,Song_1_Mix_2,Enjoyment,3,0.3729849445845034,-0.17486643065962673,-1.3027979220465322,-0.4289466675093337,59.6787,49.0
P013,Group_1,Song_1,Mix_1,Song_1_Mix_1,Focus,1,1.443428649762309,0.7856275774961273,-0.5413926603692519,-0.49880305263901464,59.8021,69.8
P013,Group_1,Song_1,Mix_3,Song_1_Mix_3,Focus,2,0.9363158987707103,-1.970943713619291,0.039692167170006815,-0.6592642838147547,66.1293,76.8
P013,Group_1,Song_1,Mix_2,Song_1_Mix_2,Focus,3,0.3729849445845034,-0.17486643065962673,-1.3027979220465322,-0.4289466675093337,55.5731,52.2
P013,Group_1,Song_1,Mix_3,Song_1_Mix_3,Motivation,1,0.9363158987707103,-1.970943713619291,0.039692167170006815,-0.6592642838147547,67.1491,62.4
P013,Group_1,Song_1,Mix_2,Song_1_Mix_2,Motivation,2,0.3729849445845034,-0.17486643065962673,-1.3027979220465322,-0.4289466675093337,55.9217,51.0
P013,Group_1,Song_1,Mix_1,Song_1_Mix_1,Motivation,3,1.443428649762309,0.7856275774961273,-0.5413926603692519,-0.49880305263901464,60.5314,52.8
P013,Group_1,Song_2,Mix_1,Song_2_Mix_1,Relaxation,1,-0.7397659523284557,-0.872977567729806,-0.8023965613990739,-0.1973708216846843,55.9765,57.7
P013,Group_1,Song_2,Mix_2,Song_2_Mix_2,Relaxation,2,-1.8547642649912035,0.2299602950789523,0.26216513887340237,0.39131398786691707,52.8393,62.5
P013,Group_1,Song_2,Mix_3,Song_2_Mix_3,Relaxation,3,-1.426424682211786,-1.6172115428334835,1.8054546671390082,0.23134636039016215,60.8222,40.9
P013,Group_1,Song_2,Mix_1,Song_2_Mix_1,Distraction,1,-0.7397659523284557,-0.872977567729806,-0.8023965613990739,-0.1973708216846843,53.1212,67.8
P013,Group_1,Song_2,Mix_3,Song_2_Mix_3,Distraction,2,-1.426424682211786,-1.6172115428334835,1.8054546671390082,0.23134636039016215,58.7387,52.9
P013,Group_1,Song_2,Mix_2,Song_2_Mix_2,Distraction,3,-1.8547642649912035,0.2299602950789523,0.26216513887340237,0.39131398786691707,51.0437,36.4
P013,Group_1,Song_2,Mix_2,Song_2_Mix_2,Enjoyment,1,-1.8547642649912035,0.2299602950789523,0.26216513887340237,0.39131398786691707,55.8393,55.4
P013,Group_1,Song_2,Mix_3,Song_2_Mix_3,Enjoyment,2,-1.426424682211786,-1.6172115428334835,1.8054546671390082,0.23134636039016215,63.8222,70.9
P013,Group_1,Song_2,Mix_1,Song_2_Mix_1,Enjoyment,3,-0.7397659523284557,-0.872977567729806,-0.8023965613990739,-0.1973708216846843,58.9765,68.7
P013,Group_1,Song_2,Mix_3,Song_2_Mix_3,Focus,1,-1.426424682211786,-1.6172115428334835,1.8054546671390082,0.23134636039016215,65.9332,65.5
P013,Group_1,Song_2,Mix_2,Song_2_Mix_2,Focus,2,-1.8547642649912035,0.2299602950789523,0.26216513887340237,0.39131398786691707,54.8636,72.8
P013,Group_1,Song_2,Mix_1,Song_2_Mix_1,Focus,3,-0.7397659523284557,-0.872977567729806,-0.8023965613990739,-0.1973708216846843,55.8717,50.4
P013,Group_1,Song_2,Mix_3,Song_2_Mix_3,Motivation,1,-1.426424682211786,-1.6172115428334835,1.8054546671390082,0.23134636039016215,67.8359,73.2
P013,Group_1,Song_2,Mix_1,Song_2_Mix_1,Motivation,2,-0.7397659523284557,-0.872977567729806,-0.8023965613990739,-0.1973708216846843,56.4705,52.5
P013,Group_1,Song_2,Mix_2,Song_2_Mix_2,Motivation,3,-1.8547642649912035,0.2299602950789523,0.26216513887340237,0.39131398786691707,55.9947,54.5
P014,Group_1,Song_1,Mix_1,Song_1_Mix_1,Relaxation,1,1.443428649762309,0.7856275774961273,-0.5413926603692519,-0.49880305263901464,66.476,59.3
P014,Group_1,Song_1,Mix_3,Song_1_Mix_3,Relaxation,2,0.9363158987707103,-1.970943713619291,0.039692167170006815,-0.6592642838147547,71.641,70.5
P014,Group_1,Song_1,Mix_2,Song_1_Mix_2,Relaxation,3,0.3729849445845034,-0.17486643065962673,-1.3027979220465322,-0.4289466675093337,63.7699,62.9
P014,Group_1,Song_1,Mix_2,Song_1_Mix_2,Distraction,1,0.3729849445845034,-0.17486643065962673,-1.3027979220465322,-0.4289466675093337,60.4978,67.9
P014,Group_1,Song_1,Mix_1,Song_1_Mix_1,Distraction,2,1.443428649762309,0.7856275774961273,-0.5413926603692519,-0.49880305263901464,63.0782,57.8
P014,Group_1,Song_1,Mix_3,Song_1_Mix_3,Distraction,3,0.9363158987707103,-1.970943713619291,0.039692167170006815,-0.6592642838147547,67.9543,74.8
P014,Group_1,Song_1,Mix_1,Song_1_Mix_1,Enjoyment,1,1.443428649762309,0.7856275774961273,-0.5413926603692519,-0.49880305263901464,69.476,56.3
P014,Group_1,Song_1,Mix_3,Song_1_Mix_3,Enjoyment,2,0.9363158987707103,-1.970943713619291,0.039692167170006815,-0.6592642838147547,74.641,81.4
P014,Group_1,Song_1,Mix_2,Song_1_Mix_2,Enjoyment,3,0.3729849445845034,-0.17486643065962673,-1.3027979220465322,-0.4289466675093337,66.7699,66.1
P014,Group_1,Song_1,Mix_3,Song_1_Mix_3,Focus,1,0.9363158987707103,-1.970943713619291,0.039692167170006815,-0.6592642838147547,73.2204,81.0
P014,Group_1,Song_1,Mix_1,Song_1_Mix_1,Focus,2,1.443428649762309,0.7856275774961273,-0.5413926603692519,-0.49880305263901464,66.8932,70.9
P014,Group_1,Song_1,Mix_2,Song_1_Mix_2,Focus,3,0.3729849445845034,-0.17486643065962673,-1.3027979220465322,-0.4289466675093337,62.6643,64.9
P014,Group_1,Song_1,Mix_3,Song_1_Mix_3,Motivation,1,0.9363158987707103,-1.970943713619291,0.039692167170006815,-0.6592642838147547,74.2402,81.7
P014,Group_1,Song_1,Mix_2,Song_1_Mix_2,Motivation,2,0.3729849445845034,-0.17486643065962673,-1.3027979220465322,-0.4289466675093337,63.0129,45.6
P014,Group_1,Song_1,Mix_1,Song_1_Mix_1,Motivation,3,1.443428649762309,0.7856275774961273,-0.5413926603692519,-0.49880305263901464,67.6225,63.6
P014,Group_1,Song_2,Mix_3,Song_2_Mix_3,Relaxation,1,-1.426424682211786,-1.6172115428334835,1.8054546671390082,0.23134636039016215,67.9134,57.1
P014,Group_1,Song_2,Mix_2,Song_2_Mix_2,Relaxation,2,-1.8547642649912035,0.2299602950789523,0.26216513887340237,0.39131398786691707,59.9304,45.8
P014,Group_1,Song_2,Mix_1,Song_2_Mix_1,Relaxation,3,-0.7397659523284557,-0.872977567729806,-0.8023965613990739,-0.1973708216846843,63.0676,56.0
P014,Group_1,Song_2,Mix_2,Song_2_Mix_2,Distraction,1,-1.8547642649912035,0.2299602950789523,0.26216513887340237,0.39131398786691707,58.1348,58.1
P014,Group_1,Song_2,Mix_1,Song_2_Mix_1,Distraction,2,-0.7397659523284557,-0.872977567729806,-0.8023965613990739,-0.1973708216846843,60.2123,69.1
P014,Group_1,Song_2,Mix_3,Song_2_Mix_3,Distraction,3,-1.426424682211786,-1.6172115428334835,1.8054546671390082,0.23134636039016215,65.8298,66.8
P014,Group_1,Song_2,Mix_1,Song_2_Mix_1,Enjoyment,1,-0.7397659523284557,-0.872977567729806,-0.8023965613990739,-0.1973708216846843,66.0676,74.4
P014,Group_1,Song_2,Mix_2,Song_2_Mix_2,Enjoyment,2,-1.8547642649912035,0.2299602950789523,0.26216513887340237,0.39131398786691707,62.9304,58.8
P014,Group_1,Song_2,Mix_3,Song_2_Mix_3,Enjoyment,3,-1.426424682211786,-1.6172115428334835,1.8054546671390082,0.23134636039016215,70.9134,77.0
P014,Group_1,Song_2,Mix_2,Song_2_Mix_2,Focus,1,-1.8547642649912035,0.2299602950789523,0.26216513887340237,0.39131398786691707,61.9548,66.8
P014,Group_1,Song_2,Mix_3,Song_2_Mix_3,Focus,2,-1.426424682211786,-1.6172115428334835,1.8054546671390082,0.23134636039016215,73.0243,84.4
P014,Group_1,Song_2,Mix_1,Song_2_Mix_1,Focus,3,-0.7397659523284557,-0.872977567729806,-0.8023965613990739,-0.1973708216846843,62.9628,53.5
P014,Group_1,Song_2,Mix_3,Song_2_Mix_3,Motivation,1,-1.426424682211786,-1.6172115428334835,1.8054546671390082,0.23134636039016215,74.927,77.1
P014,Group_1,Song_2,Mix_2,Song_2_Mix_2,Motivation,2,-1.8547642649912035,0.2299602950789523,0.26216513887340237,0.39131398786691707,63.0858,54.0
P014,Group_1,Song_2,Mix_1,Song_2_Mix_1,Motivation,3,-0.7397659523284557,-0.872977567729806,-0.8023965613990739,-0.1973708216846843,63.5616,75.3
P015,Group_1,Song_1,Mix_2,Song_1_Mix_2,Relaxation,1,0.3729849445845034,-0.17486643065962673,-1.3027979220465322,-0.4289466675093337,66.8601,71.5
P015,Group_1,Song_1,Mix_3,Song_1_Mix_3,Relaxation,2,0.9363158987707103,-1.970943713619291,0.039692167170006815,-0.6592642838147547,74.7312,80.5
P015,Group_1,Song_1,Mix_1,Song_1_Mix_1,Relaxation,3,1.443428649762309,0.7856275774961273,-0.5413926603692519,-0.49880305263901464,69.5662,69.3
P015,Group_1,Song_1,Mix_2,Song_1_Mix_2,Distraction,1,0.3729849445845034,-0.17486643065962673,-1.3027979220465322,-0.4289466675093337,63.588,62.3
P015,Group_1,Song_1,Mix_3,Song_1_Mix_3,Distraction,2,0.9363158987707103,-1.970943713619291,0.039692167170006815,-0.6592642838147547,71.0445,73.7
P015,Group_1,Song_1,Mix_1,Song_1_Mix_1,Distraction,3,1.443428649762309,0.7856275774961273,-0.5413926603692519,-0.49880305263901464,66.1684,65.8
P015,Group_1,Song_1,Mix_2,Song_1_Mix_2,Enjoyment,1,0.3729849445845034,-0.17486643065962673,-1.3027979220465322,-0.4289466675093337,69.8601,59.7
P015,Group_1,Song_1,Mix_3,Song_1_Mix_3,Enjoyment,2,0.9363158987707103,-1.970943713619291,0.039692167170006815,-0.6592642838147547,77.7312,72.3
P015,Group_1,Song_1,Mix_1,Song_1_Mix_1,Enjoyment,3,1.443428649762309,0.7856275774961273,-0.5413926603692519,-0.49880305263901464,72.5662,74.8
P015,Group_1,Song_1,Mix_1,Song_1_Mix_1,Focus,1,1.443428649762309,0.7856275774961273,-0.5413926603692519,-0.49880305263901464,69.9834,57.3
P015,Group_1,Song_1,Mix_2,Song_1_Mix_2,Focus,2,0.3729849445845034,-0.17486643065962673,-1.3027979220465322,-0.4289466675093337,65.7545,69.4
P015,Group_1,Song_1,Mix_3,Song_1_Mix_3,Focus,3,0.9363158987707103,-1.970943713619291,0.039692167170006815,-0.6592642838147547,76.3106,83.2
P015,Group_1,Song_1,Mix_1,Song_1_Mix_1,Motivation,1,1.443428649762309,0.7856275774961273,-0.5413926603692519,-0.49880305263901464,70.7127,72.2
P015,Group_1,Song_1,Mix_3,Song_1_Mix_3,Motivation,2,0.9363158987707103,-1.970943713619291,0.039692167170006815,-0.6592642838147547,77.3304,74.8
P015,Group_1,Song_1,Mix_2,Song_1_Mix_2,Motivation,3,0.3729849445845034,-0.17486643065962673,-1.3027979220465322,-0.4289466675093337,66.1031,66.6
P015,Group_1,Song_2,Mix_2,Song_2_Mix_2,Relaxation,1,-1.8547642649912035,0.2299602950789523,0.26216513887340237,0.39131398786691707,63.0206,51.4
P015,Group_1,Song_2,Mix_1,Song_2_Mix_1,Relaxation,2,-0.7397659523284557,-0.872977567729806,-0.8023965613990739,-0.1973708216846843,66.1578,78.2
P015,Group_1,Song_2,Mix_3,Song_2_Mix_3,Relaxation,3,-1.426424682211786,-1.6172115428334835,1.8054546671390082,0.23134636039016215,71.0036,74.5
P015,Group_1,Song_2,Mix_2,Song_2_Mix_2,Distraction,1,-1.8547642649912035,0.2299602950789523,0.26216513887340237,0.39131398786691707,61.225,73.1
P015,Group_1,Song_2,Mix_3,Song_2_Mix_3,Distraction,2,-1.426424682211786,-1.6172115428334835,1.8054546671390082,0.23134636039016215,68.92,67.5
P015,Group_1,Song_2,Mix_1,Song_2_Mix_1,Distraction,3,-0.7397659523284557,-0.872977567729806,-0.8023965613990739,-0.1973708216846843,63.3025,69.5
P015,Group_1,Song_2,Mix_2,Song_2_Mix_2,Enjoyment,1,-1.8547642649912035,0.2299602950789523,0.26216513887340237,0.39131398786691707,66.0206,61.9
P015,Group_1,Song_2,Mix_3,Song_2_Mix_3,Enjoyment,2,-1.426424682211786,-1.6172115428334835,1.8054546671390082,0.23134636039016215,74.0036,83.8
P015,Group_1,Song_2,Mix_1,Song_2_Mix_1,Enjoyment,3,-0.7397659523284557,-0.872977567729806,-0.8023965613990739,-0.1973708216846843,69.1578,82.2
P015,Group_1,Song_2,Mix_1,Song_2_Mix_1,Focus,1,-0.7397659523284557,-0.872977567729806,-0.8023965613990739,-0.1973708216846843,66.053,78.8
P015,Group_1,Song_2,Mix_3,Song_2_Mix_3,Focus,2,-1.426424682211786,-1.6172115428334835,1.8054546671390082,0.23134636039016215,76.1145,92.0
P015,Group_1,Song_2,Mix_2,Song_2_Mix_2,Focus,3,-1.8547642649912035,0.2299602950789523,0.26216513887340237,0.39131398786691707,65.0449,60.3
P015,Group_1,Song_2,Mix_3,Song_2_Mix_3,Motivation,1,-1.426424682211786,-1.6172115428334835,1.8054546671390082,0.23134636039016215,78.0172,59.0
P015,Group_1,Song_2,Mix_2,Song_2_Mix_2,Motivation,2,-1.8547642649912035,0.2299602950789523,0.26216513887340237,0.39131398786691707,66.176,68.0
P015,Group_1,Song_2,Mix_1,Song_2_Mix_1,Motivation,3,-0.7397659523284557,-0.872977567729806,-0.8023965613990739,-0.1973708216846843,66.6518,65.6
P016,Group_1,Song_1,Mix_1,Song_1_Mix_1,Relaxation,1,1.443428649762309,0.7856275774961273,-0.5413926603692519,-0.49880305263901464,65.8446,80.4
P016,Group_1,Song_1,Mix_2,Song_1_Mix_2,Relaxation,2,0.3729849445845034,-0.17486643065962673,-1.3027979220465322,-0.4289466675093337,63.1384,51.0
P016,Group_1,Song_1,Mix_3,Song_1_Mix_3,Relaxation,3,0.9363158987707103,-1.970943713619291,0.039692167170006815,-0.6592642838147547,71.0096,86.8
P016,Group_1,Song_1,Mix_1,Song_1_Mix_1,Distraction,1,1.443428649762309,0.7856275774961273,-0.5413926603692519,-0.49880305263901464,62.4467,74.9
P016,Group_1,Song_1,Mix_3,Song_1_Mix_3,Distraction,2,0.9363158987707103,-1.970943713619291,0.039692167170006815,-0.6592642838147547,67.3229,76.6
P016,Group_1,Song_1,Mix_2,Song_1_Mix_2,Distraction,3,0.3729849445845034,-0.17486643065962673,-1.3027979220465322,-0.4289466675093337,59.8663,53.6
P016,Group_1,Song_1,Mix_1,Song_1_Mix_1,Enjoyment,1,1.443428649762309,0.7856275774961273,-0.5413926603692519,-0.49880305263901464,68.8446,64.8
P016,Group_1,Song_1,Mix_2,Song_1_Mix_2,Enjoyment,2,0.3729849445845034,-0.17486643065962673,-1.3027979220465322,-0.4289466675093337,66.1384,74.7
P016,Group_1,Song_1,Mix_3,Song_1_Mix_3,Enjoyment,3,0.9363158987707103,-1.970943713619291,0.039692167170006815,-0.6592642838147547,74.0096,80.1
P016,Group_1,Song_1,Mix_1,Song_1_Mix_1,Focus,1,1.443428649762309,0.7856275774961273,-0.5413926603692519,-0.49880305263901464,66.2618,66.0
P016,Group_1,Song_1,Mix_2,Song_1_Mix_2,Focus,2,0.3729849445845034,-0.17486643065962673,-1.3027979220465322,-0.4289466675093337,62.0328,61.1
P016,Group_1,Song_1,Mix_3,Song_1_Mix_3,Focus,3,0.9363158987707103,-1.970943713619291,0.039692167170006815,-0.6592642838147547,72.589,74.3
P016,Group_1,Song_1,Mix_3,Song_1_Mix_3,Motivation,1,0.9363158987707103,-1.970943713619291,0.039692167170006815,-0.6592642838147547,73.6088,83.0
P016,Group_1,Song_1,Mix_1,Song_1_Mix_1,Motivation,2,1.443428649762309,0.7856275774961273,-0.5413926603692519,-0.49880305263901464,66.9911,67.5
P016,Group_1,Song_1,Mix_2,Song_1_Mix_2,Motivation,3,0.3729849445845034,-0.17486643065962673,-1.3027979220465322,-0.4289466675093337,62.3814,65.4
P016,Group_1,Song_2,Mix_3,Song_2_Mix_3,Relaxation,1,-1.426424682211786,-1.6172115428334835,1.8054546671390082,0.23134636039016215,67.2819,71.0
P016,Group_1,Song_2,Mix_2,Song_2_Mix_2,Relaxation,2,-1.8547642649912035,0.2299602950789523,0.26216513887340237,0.39131398786691707,59.299,56.5
P016,Group_1,Song_2,Mix_1,Song_2_Mix_1,Relaxation,3,-0.7397659523284557,-0.872977567729806,-0.8023965613990739,-0.1973708216846843,62.4362,76.9
P016,Group_1,Song_2,Mix_1,Song_2_Mix_1,Distraction,1,-0.7397659523284557,-0.872977567729806,-0.8023965613990739,-0.1973708216846843,59.5809,71.2
P016,Group_1,Song_2,Mix_2,Song_2_Mix_2,Distraction,2,-1.8547642649912035,0.2299602950789523,0.26216513887340237,0.39131398786691707,57.5034,51.9
P016,Group_1,Song_2,Mix_3,Song_2_Mix_3,Distraction,3,-1.426424682211786,-1.6172115428334835,1.8054546671390082,0.23134636039016215,65.1984,69.4
P016,Group_1,Song_2,Mix_1,Song_2_Mix_1,Enjoyment,1,-0.7397659523284557,-0.872977567729806,-0.8023965613990739,-0.1973708216846843,65.4362,58.3
P016,Group_1,Song_2,Mix_2,Song_2_Mix_2,Enjoyment,2,-1.8547642649912035,0.2299602950789523,0.26216513887340237,0.39131398786691707,62.299,46.0
P016,Group_1,Song_2,Mix_3,Song_2_Mix_3,Enjoyment,3,-1.426424682211786,-1.6172115428334835,1.8054546671390082,0.23134636039016215,70.2819,77.6
P016,Group_1,Song_2,Mix_3,Song_2_Mix_3,Focus,1,-1.426424682211786,-1.6172115428334835,1.8054546671390082,0.23134636039016215,72.3929,84.5
P016,Group_1,Song_2,Mix_1,Song_2_Mix_1,Focus,2,-0.7397659523284557,-0.872977567729806,-0.8023965613990739,-0.1973708216846843,62.3314,74.7
P016,Group_1,Song_2,Mix_2,Song_2_Mix_2,Focus,3,-1.8547642649912035,0.2299602950789523,0.26216513887340237,0.39131398786691707,61.3233,64.8
P016,Group_1,Song_2,Mix_1,Song_2_Mix_1,Motivation,1,-0.7397659523284557,-0.872977567729806,-0.8023965613990739,-0.1973708216846843,62.9302,57.1
P016,Group_1,Song_2,Mix_3,Song_2_Mix_3,Motivation,2,-1.426424682211786,-1.6172115428334835,1.8054546671390082,0.23134636039016215,74.2956,86.6
P016,Group_1,Song_2,Mix_2,Song_2_Mix_2,Motivation,3,-1.8547642649912035,0.2299602950789523,0.26216513887340237,0.39131398786691707,62.4544,65.4
P017,Group_1,Song_1,Mix_1,Song_1_Mix_1,Relaxation,1,1.443428649762309,0.7856275774961273,-0.5413926603692519,-0.49880305263901464,59.124,59.1
P017,Group_1,Song_1,Mix_2,Song_1_Mix_2,Relaxation,2,0.3729849445845034,-0.17486643065962673,-1.3027979220465322,-0.4289466675093337,56.4178,45.8
P017,Group_1,Song_1,Mix_3,Song_1_Mix_3,Relaxation,3,0.9363158987707103,-1.970943713619291,0.039692167170006815,-0.6592642838147547,64.2889,57.3
P017,Group_1,Song_1,Mix_2,Song_1_Mix_2,Distraction,1,0.3729849445845034,-0.17486643065962673,-1.3027979220465322,-0.4289466675093337,53.1457,64.3
P017,Group_1,Song_1,Mix_3,Song_1_Mix_3,Distraction,2,0.9363158987707103,-1.970943713619291,0.039692167170006815,-0.6592642838147547,60.6023,61.8
P017,Group_1,Song_1,Mix_1,Song_1_Mix_1,Distraction,3,1.443428649762309,0.7856275774961273,-0.5413926603692519,-0.49880305263901464,55.7261,60.5
P017,Group_1,Song_1,Mix_2,Song_1_Mix_2,Enjoyment,1,0.3729849445845034,-0.17486643065962673,-1.3027979220465322,-0.4289466675093337,59.4178,63.7
P017,Group_1,Song_1,Mix_1,Song_1_Mix_1,Enjoyment,2,1.443428649762309,0.7856275774961273,-0.5413926603692519,-0.49880305263901464,62.124,77.2
P017,Group_1,Song_1,Mix_3,Song_1_Mix_3,Enjoyment,3,0.9363158987707103,-1.970943713619291,0.039692167170006815,-0.6592642838147547,67.2889,75.4
P017,Group_1,Song_1,Mix_1,Song_1_Mix_1,Focus,1,1.443428649762309,0.7856275774961273,-0.5413926603692519,-0.49880305263901464,59.5412,61.7
P017,Group_1,Song_1,Mix_2,Song_1_Mix_2,Focus,2,0.3729849445845034,-0.17486643065962673,-1.3027979220465322,-0.4289466675093337,55.3122,68.6
P017,Group_1,Song_1,Mix_3,Song_1_Mix_3,Focus,3,0.9363158987707103,-1.970943713619291,0.039692167170006815,-0.6592642838147547,65.8683,51.5
P017,Group_1,Song_1,Mix_2,Song_1_Mix_2,Motivation,1,0.3729849445845034,-0.17486643065962673,-1.3027979220465322,-0.4289466675093337,55.6608,54.3
P017,Group_1,Song_1,Mix_1,Song_1_Mix_1,Motivation,2,1.443428649762309,0.7856275774961273,-0.5413926603692519,-0.49880305263901464,60.2705,61.5
P017,Group_1,Song_1,Mix_3,Song_1_Mix_3,Motivation,3,0.9363158987707103,-1.970943713619291,0.039692167170006815,-0.6592642838147547,66.8882,65.7
P017,Group_1,Song_2,Mix_2,Song_2_Mix_2,Relaxation,1,-1.8547642649912035,0.2299602950789523,0.26216513887340237,0.39131398786691707,52.5784,43.8
P017,Group_1,Song_2,Mix_3,Song_2_Mix_3,Relaxation,2,-1.426424682211786,-1.6172115428334835,1.8054546671390082,0.23134636039016215,60.5613,54.3
P017,Group_1,Song_2,Mix_1,Song_2_Mix_1,Relaxation,3,-0.7397659523284557,-0.872977567729806,-0.8023965613990739,-0.1973708216846843,55.7155,45.1
P017,Group_1,Song_2,Mix_3,Song_2_Mix_3,Distraction,1,-1.426424682211786,-1.6172115428334835,1.8054546671390082,0.23134636039016215,58.4777,50.2
P017,Group_1,Song_2,Mix_1,Song_2_Mix_1,Distraction,2,-0.7397659523284557,-0.872977567729806,-0.8023965613990739,-0.1973708216846843,52.8603,54.2
P017,Group_1,Song_2,Mix_2,Song_2_Mix_2,Distraction,3,-1.8547642649912035,0.2299602950789523,0.26216513887340237,0.39131398786691707,50.7827,61.3
P017,Group_1,Song_2,Mix_3,Song_2_Mix_3,Enjoyment,1,-1.426424682211786,-1.6172115428334835,1.8054546671390082,0.23134636039016215,63.5613,62.4
P017,Group_1,Song_2,Mix_1,Song_2_Mix_1,Enjoyment,2,-0.7397659523284557,-0.872977567729806,-0.8023965613990739,-0.1973708216846843,58.7155,68.7
P017,Group_1,Song_2,Mix_2,Song_2_Mix_2,Enjoyment,3,-1.8547642649912035,0.2299602950789523,0.26216513887340237,0.39131398786691707,55.5784,53.3
P017,Group_1,Song_2,Mix_3,Song_2_Mix_3,Focus,1,-1.426424682211786,-1.6172115428334835,1.8054546671390082,0.23134636039016215,65.6722,47.9
P017,Group_1,Song_2,Mix_2,Song_2_Mix_2,Focus,2,-1.8547642649912035,0.2299602950789523,0.26216513887340237,0.39131398786691707,54.6027,66.3
P017,Group_1,Song_2,Mix_1,Song_2_Mix_1,Focus,3,-0.7397659523284557,-0.872977567729806,-0.8023965613990739,-0.1973708216846843,55.6107,53.7
P017,Group_1,Song_2,Mix_1,Song_2_Mix_1,Motivation,1,-0.7397659523284557,-0.872977567729806,-0.8023965613990739,-0.1973708216846843,56.2095,63.5
P017,Group_1,Song_2,Mix_2,Song_2_Mix_2,Motivation,2,-1.8547642649912035,0.2299602950789523,0.26216513887340237,0.39131398786691707,55.7338,52.2
P017,Group_1,Song_2,Mix_3,Song_2_Mix_3,Motivation,3,-1.426424682211786,-1.6172115428334835,1.8054546671390082,0.23134636039016215,67.575,67.0
P018,Group_1,Song_1,Mix_2,Song_1_Mix_2,Relaxation,1,0.3729849445845034,-0.17486643065962673,-1.3027979220465322,-0.4289466675093337,63.7321,70.0
P018,Group_1,Song_1,Mix_3,Song_1_Mix_3,Relaxation,2,0.9363158987707103,-1.970943713619291,0.039692167170006815,-0.6592642838147547,71.6032,77.3
P018,Group_1,Song_1,Mix_1,Song_1_Mix_1,Relaxation,3,1.443428649762309,0.7856275774961273,-0.5413926603692519,-0.49880305263901464,66.4382,62.5
P018,Group_1,Song_1,Mix_1,Song_1_Mix_1,Distraction,1,1.443428649762309,0.7856275774961273,-0.5413926603692519,-0.49880305263901464,63.0404,76.2
P018,Group_1,Song_1,Mix_2,Song_1_Mix_2,Distraction,2,0.3729849445845034,-0.17486643065962673,-1.3027979220465322,-0.4289466675093337,60.46,61.8
P018,Group_1,Song_1,Mix_3,Song_1_Mix_3,Distraction,3,0.9363158987707103,-1.970943713619291,0.039692167170006815,-0.6592642838147547,67.9166,64.0
P018,Group_1,Song_1,Mix_3,Song_1_Mix_3,Enjoyment,1,0.9363158987707103,-1.970943713619291,0.039692167170006815,-0.6592642838147547,74.6032,69.1
P018,Group_1,Song_1,Mix_2,Song_1_Mix_2,Enjoyment,2,0.3729849445845034,-0.17486643065962673,-1.3027979220465322,-0.4289466675093337,66.7321,67.4
P018,Group_1,Song_1,Mix_1,Song_1_Mix_1,Enjoyment,3,1.443428649762309,0.7856275774961273,-0.5413926603692519,-0.49880305263901464,69.4382,59.2
P018,Group_1,Song_1,Mix_1,Song_1_Mix_1,Focus,1,1.443428649762309,0.7856275774961273,-0.5413926603692519,-0.49880305263901464,66.8555,62.1
P018,Group_1,Song_1,Mix_2,Song_1_Mix_2,Focus,2,0.3729849445845034,-0.17486643065962673,-1.3027979220465322,-0.4289466675093337,62.6265,67.3
P018,Group_1,Song_1,Mix_3,Song_1_Mix_3,Focus,3,0.9363158987707103,-1.970943713619291,0.039692167170006815,-0.6592642838147547,73.1826,82.0
P018,Group_1,Song_1,Mix_2,Song_1_Mix_2,Motivation,1,0.3729849445845034,-0.17486643065962673,-1.3027979220465322,-0.4289466675093337,62.9751,69.4
P018,Group_1,Song_1,Mix_1,Song_1_Mix_1,Motivation,2,1.443428649762309,0.7856275774961273,-0.5413926603692519,-0.49880305263901464,67.5848,66.8
P018,Group_1,Song_1,Mix_3,Song_1_Mix_3,Motivation,3,0.9363158987707103,-1.970943713619291,0.039692167170006815,-0.6592642838147547,74.2025,80.2
P018,Group_1,Song_2,Mix_3,Song_2_Mix_3,Relaxation,1,-1.426424682211786,-1.6172115428334835,1.8054546671390082,0.23134636039016215,67.8756,70.2
P018,Group_1,Song_2,Mix_2,Song_2_Mix_2,Relaxation,2,-1.8547642649912035,0.2299602950789523,0.26216513887340237,0.39131398786691707,59.8927,58.6
P018,Group_1,Song_2,Mix_1,Song_2_Mix_1,Relaxation,3,-0.7397659523284557,-0.872977567729806,-0.8023965613990739,-0.1973708216846843,63.0298,64.2
P018,Group_1,Song_2,Mix_1,Song_2_Mix_1,Distraction,1,-0.7397659523284557,-0.872977567729806,-0.8023965613990739,-0.1973708216846843,60.1746,62.7
P018,Group_1,Song_2,Mix_3,Song_2_Mix_3,Distraction,2,-1.426424682211786,-1.6172115428334835,1.8054546671390082,0.23134636039016215,65.792,77.8
P018,Group_1,Song_2,Mix_2,Song_2_Mix_2,Distraction,3,-1.8547642649912035,0.2299602950789523,0.26216513887340237,0.39131398786691707,58.097,67.4
P018,Group_1,Song_2,Mix_3,Song_2_Mix_3,Enjoyment,1,-1.426424682211786,-1.6172115428334835,1.8054546671390082,0.23134636039016215,70.8756,74.5
P018,Group_1,Song_2,Mix_2,Song_2_Mix_2,Enjoyment,2,-1.8547642649912035,0.2299602950789523,0.26216513887340237,0.39131398786691707,62.8927,72.2
P018,Group_1,Song_2,Mix_1,Song_2_Mix_1,Enjoyment,3,-0.7397659523284557,-0.872977567729806,-0.8023965613990739,-0.1973708216846843,66.0298,53.0
P018,Group_1,Song_2,Mix_1,Song_2_Mix_1,Focus,1,-0.7397659523284557,-0.872977567729806,-0.8023965613990739,-0.1973708216846843,62.925,92.4
P018,Group_1,Song_2,Mix_2,Song_2_Mix_2,Focus,2,-1.8547642649912035,0.2299602950789523,0.26216513887340237,0.39131398786691707,61.917,62.9
P018,Group_1,Song_2,Mix_3,Song_2_Mix_3,Focus,3,-1.426424682211786,-1.6172115428334835,1.8054546671390082,0.23134636039016215,72.9865,69.5
P018,Group_1,Song_2,Mix_3,Song_2_Mix_3,Motivation,1,-1.426424682211786,-1.6172115428334835,1.8054546671390082,0.23134636039016215,74.8892,68.0
P018,Group_1,Song_2,Mix_2,Song_2_Mix_2,Motivation,2,-1.8547642649912035,0.2299602950789523,0.26216513887340237,0.39131398786691707,63.0481,64.3
P018,Group_1,Song_2,Mix_1,Song_2_Mix_1,Motivation,3,-0.7397659523284557,-0.872977567729806,-0.8023965613990739,-0.1973708216846843,63.5238,65.8
P019,Group_1,Song_1,Mix_3,Song_1_Mix_3,Relaxation,1,0.9363158987707103,-1.970943713619291,0.039692167170006815,-0.6592642838147547,72.2659,84.6
P019,Group_1,Song_1,Mix_2,Song_1_Mix_2,Relaxation,2,0.3729849445845034,-0.17486643065962673,-1.3027979220465322,-0.4289466675093337,64.3948,79.2
P019,Group_1,Song_1,Mix_1,Song_1_Mix_1,Relaxation,3,1.443428649762309,0.7856275774961273,-0.5413926603692519,-0.49880305263901464,67.101,76.3
P019,Group_1,Song_1,Mix_3,Song_1_Mix_3,Distraction,1,0.9363158987707103,-1.970943713619291,0.039692167170006815,-0.6592642838147547,68.5793,64.5
P019,Group_1,Song_1,Mix_2,Song_1_Mix_2,Distraction,2,0.3729849445845034,-0.17486643065962673,-1.3027979220465322,-0.4289466675093337,61.1227,50.0
P019,Group_1,Song_1,Mix_1,Song_1_Mix_1,Distraction,3,1.443428649762309,0.7856275774961273,-0.5413926603692519,-0.49880305263901464,63.7031,67.4
P019,Group_1,Song_1,Mix_1,Song_1_Mix_1,Enjoyment,1,1.443428649762309,0.7856275774961273,-0.5413926603692519,-0.49880305263901464,70.101,64.6
P019,Group_1,Song_1,Mix_2,Song_1_Mix_2,Enjoyment,2,0.3729849445845034,-0.17486643065962673,-1.3027979220465322,-0.4289466675093337,67.3948,69.7
P019,Group_1,Song_1,Mix_3,Song_1_Mix_3,Enjoyment,3,0.9363158987707103,-1.970943713619291,0.039692167170006815,-0.6592642838147547,75.2659,76.9
P019,Group_1,Song_1,Mix_3,Song_1_Mix_3,Focus,1,0.9363158987707103,-1.970943713619291,0.039692167170006815,-0.6592642838147547,73.8453,87.0
P019,Group_1,Song_1,Mix_2,Song_1_Mix_2,Focus,2,0.3729849445845034,-0.17486643065962673,-1.3027979220465322,-0.4289466675093337,63.2892,65.0
P019,Group_1,Song_1,Mix_1,Song_1_Mix_1,Focus,3,1.443428649762309,0.7856275774961273,-0.5413926603692519,-0.49880305263901464,67.5182,56.2
P019,Group_1,Song_1,Mix_3,Song_1_Mix_3,Motivation,1,0.9363158987707103,-1.970943713619291,0.039692167170006815,-0.6592642838147547,74.8652,67.8
P019,Group_1,Song_1,Mix_1,Song_1_Mix_1,Motivation,2,1.443428649762309,0.7856275774961273,-0.5413926603692519,-0.49880305263901464,68.2475,84.0
P019,Group_1,Song_1,Mix_2,Song_1_Mix_2,Motivation,3,0.3729849445845034,-0.17486643065962673,-1.3027979220465322,-0.4289466675093337,63.6378,75.3
P019,Group_1,Song_2,Mix_2,Song_2_Mix_2,Relaxation,1,-1.8547642649912035,0.2299602950789523,0.26216513887340237,0.39131398786691707,60.5554,80.7
P019,Group_1,Song_2,Mix_3,Song_2_Mix_3,Relaxation,2,-1.426424682211786,-1.6172115428334835,1.8054546671390082,0.23134636039016215,68.5383,61.2
P019,Group_1,Song_2,Mix_1,Song_2_Mix_1,Relaxation,3,-0.7397659523284557,-0.872977567729806,-0.8023965613990739,-0.1973708216846843,63.6925,66.6
P019,Group_1,Song_2,Mix_2,Song_2_Mix_2,Distraction,1,-1.8547642649912035,0.2299602950789523,0.26216513887340237,0.39131398786691707,58.7597,51.4
P019,Group_1,Song_2,Mix_1,Song_2_Mix_1,Distraction,2,-0.7397659523284557,-0.872977567729806,-0.8023965613990739,-0.1973708216846843,60.8373,50.2
P019,Group_1,Song_2,Mix_3,Song_2_Mix_3,Distraction,3,-1.426424682211786,-1.6172115428334835,1.8054546671390082,0.23134636039016215,66.4547,76.3
P019,Group_1,Song_2,Mix_1,Song_2_Mix_1,Enjoyment,1,-0.7397659523284557,-0.872977567729806,-0.8023965613990739,-0.1973708216846843,66.6925,58.8
P019,Group_1,Song_2,Mix_2,Song_2_Mix_2,Enjoyment,2,-1.8547642649912035,0.2299602950789523,0.26216513887340237,0.39131398786691707,63.5554,59.4
P019,Group_1,Song_2,Mix_3,Song_2_Mix_3,Enjoyment,3,-1.426424682211786,-1.6172115428334835,1.8054546671390082,0.23134636039016215,71.5383,98.2
P019,Group_1,Song_2,Mix_2,Song_2_Mix_2,Focus,1,-1.8547642649912035,0.2299602950789523,0.26216513887340237,0.39131398786691707,62.5797,56.9
P019,Group_1,Song_2,Mix_1,Song_2_Mix_1,Focus,2,-0.7397659523284557,-0.872977567729806,-0.8023965613990739,-0.1973708216846843,63.5877,61.9
P019,Group_1,Song_2,Mix_3,Song_2_Mix_3,Focus,3,-1.426424682211786,-1.6172115428334835,1.8054546671390082,0.23134636039016215,73.6492,84.0
P019,Group_1,Song_2,Mix_3,Song_2_Mix_3,Motivation,1,-1.426424682211786,-1.6172115428334835,1.8054546671390082,0.23134636039016215,75.552,74.2
P019,Group_1,Song_2,Mix_2,Song_2_Mix_2,Motivation,2,-1.8547642649912035,0.2299602950789523,0.26216513887340237,0.39131398786691707,63.7108,63.3
P019,Group_1,Song_2,Mix_1,Song_2_Mix_1,Motivation,3,-0.7397659523284557,-0.872977567729806,-0.8023965613990739,-0.1973708216846843,64.1865,59.9
P020,Group_1,Song_1,Mix_2,Song_1_Mix_2,Relaxation,1,0.3729849445845034,-0.17486643065962673,-1.3027979220465322,-0.4289466675093337,67.6658,79.6
P020,Group_1,Song_1,Mix_3,Song_1_Mix_3,Relaxation,2,0.9363158987707103,-1.970943713619291,0.039692167170006815,-0.6592642838147547,75.5369,73.9
P020,Group_1,Song_1,Mix_1,Song_1_Mix_1,Relaxation,3,1.443428649762309,0.7856275774961273,-0.5413926603692519,-0.49880305263901464,70.372,69.8
P020,Group_1,Song_1,Mix_1,Song_1_Mix_1,Distraction,1,1.443428649762309,0.7856275774961273,-0.5413926603692519,-0.49880305263901464,66.9741,77.7
P020,Group_1,Song_1,Mix_2,Song_1_Mix_2,Distraction,2,0.3729849445845034,-0.17486643065962673,-1.3027979220465322,-0.4289466675093337,64.3937,58.7
P020,Group_1,Song_1,Mix_3,Song_1_Mix_3,Distraction,3,0.9363158987707103,-1.970943713619291,0.039692167170006815,-0.6592642838147547,71.8503,76.0
P020,Group_1,Song_1,Mix_2,Song_1_Mix_2,Enjoyment,1,0.3729849445845034,-0.17486643065962673,-1.3027979220465322,-0.4289466675093337,70.6658,73.5
P020,Group_1,Song_1,Mix_3,Song_1_Mix_3,Enjoyment,2,0.9363158987707103,-1.970943713619291,0.039692167170006815,-0.6592642838147547,78.5369,81.7
P020,Group_1,Song_1,Mix_1,Song_1_Mix_1,Enjoyment,3,1.443428649762309,0.7856275774961273,-0.5413926603692519,-0.49880305263901464,73.372,54.5
P020,Group_1,Song_1,Mix_2,Song_1_Mix_2,Focus,1,0.3729849445845034,-0.17486643065962673,-1.3027979220465322,-0.4289466675093337,66.5602,77.9
P020,Group_1,Song_1,Mix_1,Song_1_Mix_1,Focus,2,1.443428649762309,0.7856275774961273,-0.5413926603692519,-0.49880305263901464,70.7892,69.6
P020,Group_1,Song_1,Mix_3,Song_1_Mix_3,Focus,3,0.9363158987707103,-1.970943713619291,0.039692167170006815,-0.6592642838147547,77.1163,67.9
P020,Group_1,Song_1,Mix_2,Song_1_Mix_2,Motivation,1,0.3729849445845034,-0.17486643065962673,-1.3027979220465322,-0.4289466675093337,66.9088,65.7
P020,Group_1,Song_1,Mix_3,Song_1_Mix_3,Motivation,2,0.9363158987707103,-1.970943713619291,0.039692167170006815,-0.6592642838147547,78.1362,86.2
P020,Group_1,Song_1,Mix_1,Song_1_Mix_1,Motivation,3,1.443428649762309,0.7856275774961273,-0.5413926603692519,-0.49880305263901464,71.5185,71.1
P020,Group_1,Song_2,Mix_1,Song_2_Mix_1,Relaxation,1,-0.7397659523284557,-0.872977567729806,-0.8023965613990739,-0.1973708216846843,66.9635,75.6
P020,Group_1,Song_2,Mix_3,Song_2_Mix_3,Relaxation,2,-1.426424682211786,-1.6172115428334835,1.8054546671390082,0.23134636039016215,71.8093,77.6
P020,Group_1,Song_2,Mix_2,Song_2_Mix_2,Relaxation,3,-1.8547642649912035,0.2299602950789523,0.26216513887340237,0.39131398786691707,63.8264,64.8
P020,Group_1,Song_2,Mix_1,Song_2_Mix_1,Distraction,1,-0.7397659523284557,-0.872977567729806,-0.8023965613990739,-0.1973708216846843,64.1083,57.9
P020,Group_1,Song_2,Mix_2,Song_2_Mix_2,Distraction,2,-1.8547642649912035,0.2299602950789523,0.26216513887340237,0.39131398786691707,62.0307,56.5
P020,Group_1,Song_2,Mix_3,Song_2_Mix_3,Distraction,3,-1.426424682211786,-1.6172115428334835,1.8054546671390082,0.23134636039016215,69.7257,63.1
P020,Group_1,Song_2,Mix_3,Song_2_Mix_3,Enjoyment,1,-1.426424682211786,-1.6172115428334835,1.8054546671390082,0.23134636039016215,74.8093,85.1
P020,Group_1,Song_2,Mix_1,Song_2_Mix_1,Enjoyment,2,-0.7397659523284557,-0.872977567729806,-0.8023965613990739,-0.1973708216846843,69.9635,67.3
P020,Group_1,Song_2,Mix_2,Song_2_Mix_2,Enjoyment,3,-1.8547642649912035,0.2299602950789523,0.26216513887340237,0.39131398786691707,66.8264,65.0
P020,Group_1,Song_2,Mix_3,Song_2_Mix_3,Focus,1,-1.426424682211786,-1.6172115428334835,1.8054546671390082,0.23134636039016215,76.9202,86.1
P020,Group_1,Song_2,Mix_1,Song_2_Mix_1,Focus,2,-0.7397659523284557,-0.872977567729806,-0.8023965613990739,-0.1973708216846843,66.8587,64.0
P020,Group_1,Song_2,Mix_2,Song_2_Mix_2,Focus,3,-1.8547642649912035,0.2299602950789523,0.26216513887340237,0.39131398786691707,65.8507,71.6
P020,Group_1,Song_2,Mix_3,Song_2_Mix_3,Motivation,1,-1.426424682211786,-1.6172115428334835,1.8054546671390082,0.23134636039016215,78.823,83.4
P020,Group_1,Song_2,Mix_2,Song_2_Mix_2,Motivation,2,-1.8547642649912035,0.2299602950789523,0.26216513887340237,0.39131398786691707,66.9818,54.7
P020,Group_1,Song_2,Mix_1,Song_2_Mix_1,Motivation,3,-0.7397659523284557,-0.872977567729806,-0.8023965613990739,-0.1973708216846843,67.4575,61.9
P021,Group_2,Song_3,Mix_3,Song_3_Mix_3,Relaxation,1,-0.13318667446821103,0.08358782974664794,-1.5239068539152965,-0.3498430984052944,64.638,68.7
P021,Group_2,Song_3,Mix_2,Song_3_Mix_2,Relaxation,2,-0.7121820983369226,0.580858813415541,1.4182914058408784,3.1437965930250384,64.5759,65.1
P021,Group_2,Song_3,Mix_1,Song_3_Mix_1,Relaxation,3,-0.2703792860367242,-0.13240080810764882,-0.32625114903828495,-0.46033345233627265,67.4513,61.1
P021,Group_2,Song_3,Mix_3,Song_3_Mix_3,Distraction,1,-0.13318667446821103,0.08358782974664794,-1.5239068539152965,-0.3498430984052944,61.5083,60.8
P021,Group_2,Song_3,Mix_2,Song_3_Mix_2,Distraction,2,-0.7121820983369226,0.580858813415541,1.4182914058408784,3.1437965930250384,67.7348,74.6
P021,Group_2,Song_3,Mix_1,Song_3_Mix_1,Distraction,3,-0.2703792860367242,-0.13240080810764882,-0.32625114903828495,-0.46033345233627265,64.1227,82.1
P021,Group_2,Song_3,Mix_1,Song_3_Mix_1,Enjoyment,1,-0.2703792860367242,-0.13240080810764882,-0.32625114903828495,-0.46033345233627265,70.4513,70.0
P021,Group_2,Song_3,Mix_3,Song_3_Mix_3,Enjoyment,2,-0.13318667446821103,0.08358782974664794,-1.5239068539152965,-0.3498430984052944,67.638,75.8
P021,Group_2,Song_3,Mix_2,Song_3_Mix_2,Enjoyment,3,-0.7121820983369226,0.580858813415541,1.4182914058408784,3.1437965930250384,67.5759,67.0
P021,Group_2,Song_3,Mix_3,Song_3_Mix_3,Focus,1,-0.13318667446821103,0.08358782974664794,-1.5239068539152965,-0.3498430984052944,63.0902,68.8
P021,Group_2,Song_3,Mix_2,Song_3_Mix_2,Focus,2,-0.7121820983369226,0.580858813415541,1.4182914058408784,3.1437965930250384,68.9125,71.1
P021,Group_2,Song_3,Mix_1,Song_3_Mix_1,Focus,3,-0.2703792860367242,-0.13240080810764882,-0.32625114903828495,-0.46033345233627265,68.2988,72.6
P021,Group_2,Song_3,Mix_3,Song_3_Mix_3,Motivation,1,-0.13318667446821103,0.08358782974664794,-1.5239068539152965,-0.3498430984052944,63.3283,47.9
P021,Group_2,Song_3,Mix_2,Song_3_Mix_2,Motivation,2,-0.7121820983369226,0.580858813415541,1.4182914058408784,3.1437965930250384,70.6217,73.1
P021,Group_2,Song_3,Mix_1,Song_3_Mix_1,Motivation,3,-0.2703792860367242,-0.13240080810764882,-0.32625114903828495,-0.46033345233627265,69.1356,60.7
P021,Group_2,Song_4,Mix_2,Song_4_Mix_2,Relaxation,1,1.2681691045587011,0.5923677340606543,-0.5286241216258535,-0.6397789303787698,69.7632,54.9
P021,Group_2,Song_4,Mix_1,Song_4_Mix_1,Relaxation,2,0.4000930682315073,0.924400977869014,1.059256496907797,-0.022827333312785386,69.7483,52.5
P021,Group_2,Song_4,Mix_3,Song_4_Mix_3,Relaxation,3,0.7157112924655705,1.571596835282909,0.4405093924631998,-0.5092893012012089,68.5949,80.7
P021,Group_2,Song_4,Mix_2,Song_4_Mix_2,Distraction,1,1.2681691045587011,0.5923677340606543,-0.5286241216258535,-0.6397789303787698,66.1116,71.0
P021,Group_2,Song_4,Mix_3,Song_4_Mix_3,Distraction,2,0.7157112924655705,1.571596835282909,0.4405093924631998,-0.5092893012012089,65.1782,54.6
P021,Group_2,Song_4,Mix_1,Song_4_Mix_1,Distraction,3,0.4000930682315073,0.924400977869014,1.059256496907797,-0.022827333312785386,67.2072,80.5
P021,Group_2,Song_4,Mix_1,Song_4_Mix_1,Enjoyment,1,0.4000930682315073,0.924400977869014,1.059256496907797,-0.022827333312785386,72.7483,72.4
P021,Group_2,Song_4,Mix_2,Song_4_Mix_2,Enjoyment,2,1.2681691045587011,0.5923677340606543,-0.5286241216258535,-0.6397789303787698,72.7632,68.9
P021,Group_2,Song_4,Mix_3,Song_4_Mix_3,Enjoyment,3,0.7157112924655705,1.571596835282909,0.4405093924631998,-0.5092893012012089,71.5949,80.5
P021,Group_2,Song_4,Mix_1,Song_4_Mix_1,Focus,1,0.4000930682315073,0.924400977869014,1.059256496907797,-0.022827333312785386,73.3668,69.8
P021,Group_2,Song_4,Mix_3,Song_4_Mix_3,Focus,2,0.7157112924655705,1.571596835282909,0.4405093924631998,-0.5092893012012089,70.9759,68.2
P021,Group_2,Song_4,Mix_2,Song_4_Mix_2,Focus,3,1.2681691045587011,0.5923677340606543,-0.5286241216258535,-0.6397789303787698,70.2059,69.6
P021,Group_2,Song_4,Mix_3,Song_4_Mix_3,Motivation,1,0.7157112924655705,1.571596835282909,0.4405093924631998,-0.5092893012012089,72.1962,80.3
P021,Group_2,Song_4,Mix_1,Song_4_Mix_1,Motivation,2,0.4000930682315073,0.924400977869014,1.059256496907797,-0.022827333312785386,74.8965,72.1
P021,Group_2,Song_4,Mix_2,Song_4_Mix_2,Motivation,3,1.2681691045587011,0.5923677340606543,-0.5286241216258535,-0.6397789303787698,70.9416,69.8
P022,Group_2,Song_3,Mix_1,Song_3_Mix_1,Relaxation,1,-0.2703792860367242,-0.13240080810764882,-0.32625114903828495,-0.46033345233627265,56.0392,59.5
P022,Group_2,Song_3,Mix_2,Song_3_Mix_2,Relaxation,2,-0.7121820983369226,0.580858813415541,1.4182914058408784,3.1437965930250384,53.1639,52.4
P022,Group_2,Song_3,Mix_3,Song_3_Mix_3,Relaxation,3,-0.13318667446821103,0.08358782974664794,-1.5239068539152965,-0.3498430984052944,53.226,58.0
P022,Group_2,Song_3,Mix_2,Song_3_Mix_2,Distraction,1,-0.7121820983369226,0.580858813415541,1.4182914058408784,3.1437965930250384,56.3227,63.4
P022,Group_2,Song_3,Mix_1,Song_3_Mix_1,Distraction,2,-0.2703792860367242,-0.13240080810764882,-0.32625114903828495,-0.46033345233627265,52.7106,47.5
P022,Group_2,Song_3,Mix_3,Song_3_Mix_3,Distraction,3,-0.13318667446821103,0.08358782974664794,-1.5239068539152965,-0.3498430984052944,50.0963,52.1
P022,Group_2,Song_3,Mix_3,Song_3_Mix_3,Enjoyment,1,-0.13318667446821103,0.08358782974664794,-1.5239068539152965,-0.3498430984052944,56.226,41.2
P022,Group_2,Song_3,Mix_2,Song_3_Mix_2,Enjoyment,2,-0.7121820983369226,0.580858813415541,1.4182914058408784,3.1437965930250384,56.1639,50.3
P022,Group_2,Song_3,Mix_1,Song_3_Mix_1,Enjoyment,3,-0.2703792860367242,-0.13240080810764882,-0.32625114903828495,-0.46033345233627265,59.0392,60.6
P022,Group_2,Song_3,Mix_2,Song_3_Mix_2,Focus,1,-0.7121820983369226,0.580858813415541,1.4182914058408784,3.1437965930250384,57.5005,49.2
P022,Group_2,Song_3,Mix_1,Song_3_Mix_1,Focus,2,-0.2703792860367242,-0.13240080810764882,-0.32625114903828495,-0.46033345233627265,56.8867,62.8
P022,Group_2,Song_3,Mix_3,Song_3_Mix_3,Focus,3,-0.13318667446821103,0.08358782974664794,-1.5239068539152965,-0.3498430984052944,51.6782,62.3
P022,Group_2,Song_3,Mix_1,Song_3_Mix_1,Motivation,1,-0.2703792860367242,-0.13240080810764882,-0.32625114903828495,-0.46033345233627265,57.7236,63.8
P022,Group_2,Song_3,Mix_3,Song_3_Mix_3,Motivation,2,-0.13318667446821103,0.08358782974664794,-1.5239068539152965,-0.3498430984052944,51.9162,40.8
P022,Group_2,Song_3,Mix_2,Song_3_Mix_2,Motivation,3,-0.7121820983369226,0.580858813415541,1.4182914058408784,3.1437965930250384,59.2096,64.0
P022,Group_2,Song_4,Mix_3,Song_4_Mix_3,Relaxation,1,0.7157112924655705,1.571596835282909,0.4405093924631998,-0.5092893012012089,57.1829,68.6
P022,Group_2,Song_4,Mix_2,Song_4_Mix_2,Relaxation,2,1.2681691045587011,0.5923677340606543,-0.5286241216258535,-0.6397789303787698,58.3511,59.4
P022,Group_2,Song_4,Mix_1,Song_4_Mix_1,Relaxation,3,0.4000930682315073,0.924400977869014,1.059256496907797,-0.022827333312785386,58.3363,68.6
P022,Group_2,Song_4,Mix_3,Song_4_Mix_3,Distraction,1,0.7157112924655705,1.571596835282909,0.4405093924631998,-0.5092893012012089,53.7661,51.2
P022,Group_2,Song_4,Mix_2,Song_4_Mix_2,Distraction,2,1.2681691045587011,0.5923677340606543,-0.5286241216258535,-0.6397789303787698,54.6995,59.0
P022,Group_2,Song_4,Mix_1,Song_4_Mix_1,Distraction,3,0.4000930682315073,0.924400977869014,1.059256496907797,-0.022827333312785386,55.7952,59.8
P022,Group_2,Song_4,Mix_1,Song_4_Mix_1,Enjoyment,1,0.4000930682315073,0.924400977869014,1.059256496907797,-0.022827333312785386,61.3363,60.0
P022,Group_2,Song_4,Mix_3,Song_4_Mix_3,Enjoyment,2,0.7157112924655705,1.571596835282909,0.4405093924631998,-0.5092893012012089,60.1829,69.6
P022,Group_2,Song_4,Mix_2,Song_4_Mix_2,Enjoyment,3,1.2681691045587011,0.5923677340606543,-0.5286241216258535,-0.6397789303787698,61.3511,57.5
P022,Group_2,Song_4,Mix_3,Song_4_Mix_3,Focus,1,0.7157112924655705,1.571596835282909,0.4405093924631998,-0.5092893012012089,59.5639,62.6
P022,Group_2,Song_4,Mix_2,Song_4_Mix_2,Focus,2,1.2681691045587011,0.5923677340606543,-0.5286241216258535,-0.6397789303787698,58.7939,67.4
P022,Group_2,Song_4,Mix_1,Song_4_Mix_1,Focus,3,0.4000930682315073,0.924400977869014,1.059256496907797,-0.022827333312785386,61.9548,61.6
P022,Group_2,Song_4,Mix_3,Song_4_Mix_3,Motivation,1,0.7157112924655705,1.571596835282909,0.4405093924631998,-0.5092893012012089,60.7841,71.3
P022,Group_2,Song_4,Mix_2,Song_4_Mix_2,Motivation,2,1.2681691045587011,0.5923677340606543,-0.5286241216258535,-0.6397789303787698,59.5296,55.8
P022,Group_2,Song_4,Mix_1,Song_4_Mix_1,Motivation,3,0.4000930682315073,0.924400977869014,1.059256496907797,-0.022827333312785386,63.4844,58.3
P023,Group_2,Song_3,Mix_3,Song_3_Mix_3,Relaxation,1,-0.13318667446821103,0.08358782974664794,-1.5239068539152965,-0.3498430984052944,56.0994,62.7
P023,Group_2,Song_3,Mix_1,Song_3_Mix_1,Relaxation,2,-0.2703792860367242,-0.13240080810764882,-0.32625114903828495,-0.46033345233627265,58.9126,55.2
P023,Group_2,Song_3,Mix_2,Song_3_Mix_2,Relaxation,3,-0.7121820983369226,0.580858813415541,1.4182914058408784,3.1437965930250384,56.0373,51.7
P023,Group_2,Song_3,Mix_1,Song_3_Mix_1,Distraction,1,-0.2703792860367242,-0.13240080810764882,-0.32625114903828495,-0.46033345233627265,55.584,52.1
P023,Group_2,Song_3,Mix_2,Song_3_Mix_2,Distraction,2,-0.7121820983369226,0.580858813415541,1.4182914058408784,3.1437965930250384,59.1961,51.3
P023,Group_2,Song_3,Mix_3,Song_3_Mix_3,Distraction,3,-0.13318667446821103,0.08358782974664794,-1.5239068539152965,-0.3498430984052944,52.9697,50.6
P023,Group_2,Song_3,Mix_3,Song_3_Mix_3,Enjoyment,1,-0.13318667446821103,0.08358782974664794,-1.5239068539152965,-0.3498430984052944,59.0994,73.1
P023,Group_2,Song_3,Mix_2,Song_3_Mix_2,Enjoyment,2,-0.7121820983369226,0.580858813415541,1.4182914058408784,3.1437965930250384,59.0373,50.0
P023,Group_2,Song_3,Mix_1,Song_3_Mix_1,Enjoyment,3,-0.2703792860367242,-0.13240080810764882,-0.32625114903828495,-0.46033345233627265,61.9126,61.4
P023,Group_2,Song_3,Mix_2,Song_3_Mix_2,Focus,1,-0.7121820983369226,0.580858813415541,1.4182914058408784,3.1437965930250384,60.3739,58.1
P023,Group_2,Song_3,Mix_1,Song_3_Mix_1,Focus,2,-0.2703792860367242,-0.13240080810764882,-0.32625114903828495,-0.46033345233627265,59.7601,61.4
P023,Group_2,Song_3,Mix_3,Song_3_Mix_3,Focus,3,-0.13318667446821103,0.08358782974664794,-1.5239068539152965,-0.3498430984052944,54.5516,62.3
P023,Group_2,Song_3,Mix_1,Song_3_Mix_1,Motivation,1,-0.2703792860367242,-0.13240080810764882,-0.32625114903828495,-0.46033345233627265,60.597,60.0
P023,Group_2,Song_3,Mix_3,Song_3_Mix_3,Motivation,2,-0.13318667446821103,0.08358782974664794,-1.5239068539152965,-0.3498430984052944,54.7896,57.0
P023,Group_2,Song_3,Mix_2,Song_3_Mix_2,Motivation,3,-0.7121820983369226,0.580858813415541,1.4182914058408784,3.1437965930250384,62.083,68.1
P023,Group_2,Song_4,Mix_1,Song_4_Mix_1,Relaxation,1,0.4000930682315073,0.924400977869014,1.059256496907797,-0.022827333312785386,61.2097,58.1
P023,Group_2,Song_4,Mix_2,Song_4_Mix_2,Relaxation,2,1.2681691045587011,0.5923677340606543,-0.5286241216258535,-0.6397789303787698,61.2245,61.7
P023,Group_2,Song_4,Mix_3,Song_4_Mix_3,Relaxation,3,0.7157112924655705,1.571596835282909,0.4405093924631998,-0.5092893012012089,60.0563,61.8
P023,Group_2,Song_4,Mix_1,Song_4_Mix_1,Distraction,1,0.4000930682315073,0.924400977869014,1.059256496907797,-0.022827333312785386,58.6686,65.8
P023,Group_2,Song_4,Mix_3,Song_4_Mix_3,Distraction,2,0.7157112924655705,1.571596835282909,0.4405093924631998,-0.5092893012012089,56.6396,58.8
P023,Group_2,Song_4,Mix_2,Song_4_Mix_2,Distraction,3,1.2681691045587011,0.5923677340606543,-0.5286241216258535,-0.6397789303787698,57.5729,64.3
P023,Group_2,Song_4,Mix_1,Song_4_Mix_1,Enjoyment,1,0.4000930682315073,0.924400977869014,1.059256496907797,-0.022827333312785386,64.2097,54.7
P023,Group_2,Song_4,Mix_3,Song_4_Mix_3,Enjoyment,2,0.7157112924655705,1.571596835282909,0.4405093924631998,-0.5092893012012089,63.0563,58.4
P023,Group_2,Song_4,Mix_2,Song_4_Mix_2,Enjoyment,3,1.2681691045587011,0.5923677340606543,-0.5286241216258535,-0.6397789303787698,64.2245,65.0
P023,Group_2,Song_4,Mix_2,Song_4_Mix_2,Focus,1,1.2681691045587011,0.5923677340606543,-0.5286241216258535,-0.6397789303787698,61.6673,72.5
P023,Group_2,Song_4,Mix_3,Song_4_Mix_3,Focus,2,0.7157112924655705,1.571596835282909,0.4405093924631998,-0.5092893012012089,62.4373,53.3
P023,Group_2,Song_4,Mix_1,Song_4_Mix_1,Focus,3,0.4000930682315073,0.924400977869014,1.059256496907797,-0.022827333312785386,64.8282,79.4
P023,Group_2,Song_4,Mix_2,Song_4_Mix_2,Motivation,1,1.2681691045587011,0.5923677340606543,-0.5286241216258535,-0.6397789303787698,62.403,68.1
P023,Group_2,Song_4,Mix_3,Song_4_Mix_3,Motivation,2,0.7157112924655705,1.571596835282909,0.4405093924631998,-0.5092893012012089,63.6575,54.7
P023,Group_2,Song_4,Mix_1,Song_4_Mix_1,Motivation,3,0.4000930682315073,0.924400977869014,1.059256496907797,-0.022827333312785386,66.3578,64.9
P024,Group_2,Song_3,Mix_3,Song_3_Mix_3,Relaxation,1,-0.13318667446821103,0.08358782974664794,-1.5239068539152965,-0.3498430984052944,63.8238,81.5
P024,Group_2,Song_3,Mix_2,Song_3_Mix_2,Relaxation,2,-0.7121820983369226,0.580858813415541,1.4182914058408784,3.1437965930250384,63.7617,80.0
P024,Group_2,Song_3,Mix_1,Song_3_Mix_1,Relaxation,3,-0.2703792860367242,-0.13240080810764882,-0.32625114903828495,-0.46033345233627265,66.637,47.6
P024,Group_2,Song_3,Mix_2,Song_3_Mix_2,Distraction,1,-0.7121820983369226,0.580858813415541,1.4182914058408784,3.1437965930250384,66.9205,57.8
P024,Group_2,Song_3,Mix_3,Song_3_Mix_3,Distraction,2,-0.13318667446821103,0.08358782974664794,-1.5239068539152965,-0.3498430984052944,60.6941,61.4
P024,Group_2,Song_3,Mix_1,Song_3_Mix_1,Distraction,3,-0.2703792860367242,-0.13240080810764882,-0.32625114903828495,-0.46033345233627265,63.3084,61.0
P024,Group_2,Song_3,Mix_2,Song_3_Mix_2,Enjoyment,1,-0.7121820983369226,0.580858813415541,1.4182914058408784,3.1437965930250384,66.7617,58.3
P024,Group_2,Song_3,Mix_1,Song_3_Mix_1,Enjoyment,2,-0.2703792860367242,-0.13240080810764882,-0.32625114903828495,-0.46033345233627265,69.637,76.3
P024,Group_2,Song_3,Mix_3,Song_3_Mix_3,Enjoyment,3,-0.13318667446821103,0.08358782974664794,-1.5239068539152965,-0.3498430984052944,66.8238,67.0
P024,Group_2,Song_3,Mix_3,Song_3_Mix_3,Focus,1,-0.13318667446821103,0.08358782974664794,-1.5239068539152965,-0.3498430984052944,62.276,64.5
P024,Group_2,Song_3,Mix_1,Song_3_Mix_1,Focus,2,-0.2703792860367242,-0.13240080810764882,-0.32625114903828495,-0.46033345233627265,67.4845,60.0
P024,Group_2,Song_3,Mix_2,Song_3_Mix_2,Focus,3,-0.7121820983369226,0.580858813415541,1.4182914058408784,3.1437965930250384,68.0983,74.5
P024,Group_2,Song_3,Mix_2,Song_3_Mix_2,Motivation,1,-0.7121820983369226,0.580858813415541,1.4182914058408784,3.1437965930250384,69.8074,79.9
P024,Group_2,Song_3,Mix_1,Song_3_Mix_1,Motivation,2,-0.2703792860367242,-0.13240080810764882,-0.32625114903828495,-0.46033345233627265,68.3214,53.2
P024,Group_2,Song_3,Mix_3,Song_3_Mix_3,Motivation,3,-0.13318667446821103,0.08358782974664794,-1.5239068539152965,-0.3498430984052944,62.514,66.6
P024,Group_2,Song_4,Mix_1,Song_4_Mix_1,Relaxation,1,0.4000930682315073,0.924400977869014,1.059256496907797,-0.022827333312785386,68.9341,62.1
P024,Group_2,Song_4,Mix_2,Song_4_Mix_2,Relaxation,2,1.2681691045587011,0.5923677340606543,-0.5286241216258535,-0.6397789303787698,68.9489,70.7
P024,Group_2,Song_4,Mix_3,Song_4_Mix_3,Relaxation,3,0.7157112924655705,1.571596835282909,0.4405093924631998,-0.5092893012012089,67.7807,74.0
P024,Group_2,Song_4,Mix_3,Song_4_Mix_3,Distraction,1,0.7157112924655705,1.571596835282909,0.4405093924631998,-0.5092893012012089,64.3639,64.1
P024,Group_2,Song_4,Mix_2,Song_4_Mix_2,Distraction,2,1.2681691045587011,0.5923677340606543,-0.5286241216258535,-0.6397789303787698,65.2973,62.6
P024,Group_2,Song_4,Mix_1,Song_4_Mix_1,Distraction,3,0.4000930682315073,0.924400977869014,1.059256496907797,-0.022827333312785386,66.393,63.4
P024,Group_2,Song_4,Mix_3,Song_4_Mix_3,Enjoyment,1,0.7157112924655705,1.571596835282909,0.4405093924631998,-0.5092893012012089,70.7807,84.9
P024,Group_2,Song_4,Mix_1,Song_4_Mix_1,Enjoyment,2,0.4000930682315073,0.924400977869014,1.059256496907797,-0.022827333312785386,71.9341,69.9
P024,Group_2,Song_4,Mix_2,Song_4_Mix_2,Enjoyment,3,1.2681691045587011,0.5923677340606543,-0.5286241216258535,-0.6397789303787698,71.9489,76.5
P024,Group_2,Song_4,Mix_1,Song_4_Mix_1,Focus,1,0.4000930682315073,0.924400977869014,1.059256496907797,-0.022827333312785386,72.5526,82.4
P024,Group_2,Song_4,Mix_2,Song_4_Mix_2,Focus,2,1.2681691045587011,0.5923677340606543,-0.5286241216258535,-0.6397789303787698,69.3917,72.8
P024,Group_2,Song_4,Mix_3,Song_4_Mix_3,Focus,3,0.7157112924655705,1.571596835282909,0.4405093924631998,-0.5092893012012089,70.1617,84.7
P024,Group_2,Song_4,Mix_3,Song_4_Mix_3,Motivation,1,0.7157112924655705,1.571596835282909,0.4405093924631998,-0.5092893012012089,71.3819,69.5
P024,Group_2,Song_4,Mix_1,Song_4_Mix_1,Motivation,2,0.4000930682315073,0.924400977869014,1.059256496907797,-0.022827333312785386,74.0822,67.2
P024,Group_2,Song_4,Mix_2,Song_4_Mix_2,Motivation,3,1.2681691045587011,0.5923677340606543,-0.5286241216258535,-0.6397789303787698,70.1274,66.5
P025,Group_2,Song_3,Mix_3,Song_3_Mix_3,Relaxation,1,-0.13318667446821103,0.08358782974664794,-1.5239068539152965,-0.3498430984052944,47.7,44.8
P025,Group_2,Song_3,Mix_1,Song_3_Mix_1,Relaxation,2,-0.2703792860367242,-0.13240080810764882,-0.32625114903828495,-0.46033345233627265,50.5133,52.3
P025,Group_2,Song_3,Mix_2,Song_3_Mix_2,Relaxation,3,-0.7121820983369226,0.580858813415541,1.4182914058408784,3.1437965930250384,47.6379,55.2
P025,Group_2,Song_3,Mix_2,Song_3_Mix_2,Distraction,1,-0.7121820983369226,0.580858813415541,1.4182914058408784,3.1437965930250384,50.7968,49.5
P025,Group_2,Song_3,Mix_1,Song_3_Mix_1,Distraction,2,-0.2703792860367242,-0.13240080810764882,-0.32625114903828495,-0.46033345233627265,47.1847,37.9
P025,Group_2,Song_3,Mix_3,Song_3_Mix_3,Distraction,3,-0.13318667446821103,0.08358782974664794,-1.5239068539152965,-0.3498430984052944,44.5703,46.8
P025,Group_2,Song_3,Mix_3,Song_3_Mix_3,Enjoyment,1,-0.13318667446821103,0.08358782974664794,-1.5239068539152965,-0.3498430984052944,50.7,53.0
P025,Group_2,Song_3,Mix_2,Song_3_Mix_2,Enjoyment,2,-0.7121820983369226,0.580858813415541,1.4182914058408784,3.1437965930250384,50.6379,41.0
P025,Group_2,Song_3,Mix_1,Song_3_Mix_1,Enjoyment,3,-0.2703792860367242,-0.13240080810764882,-0.32625114903828495,-0.46033345233627265,53.5133,50.5
P025,Group_2,Song_3,Mix_2,Song_3_Mix_2,Focus,1,-0.7121820983369226,0.580858813415541,1.4182914058408784,3.1437965930250384,51.9745,57.7
P025,Group_2,Song_3,Mix_1,Song_3_Mix_1,Focus,2,-0.2703792860367242,-0.13240080810764882,-0.32625114903828495,-0.46033345233627265,51.3608,47.7
P025,Group_2,Song_3,Mix_3,Song_3_Mix_3,Focus,3,-0.13318667446821103,0.08358782974664794,-1.5239068539152965,-0.3498430984052944,46.1522,41.3
P025,Group_2,Song_3,Mix_2,Song_3_Mix_2,Motivation,1,-0.7121820983369226,0.580858813415541,1.4182914058408784,3.1437965930250384,53.6837,59.7
P025,Group_2,Song_3,Mix_3,Song_3_Mix_3,Motivation,2,-0.13318667446821103,0.08358782974664794,-1.5239068539152965,-0.3498430984052944,46.3903,42.4
P025,Group_2,Song_3,Mix_1,Song_3_Mix_1,Motivation,3,-0.2703792860367242,-0.13240080810764882,-0.32625114903828495,-0.46033345233627265,52.1976,52.8
P025,Group_2,Song_4,Mix_3,Song_4_Mix_3,Relaxation,1,0.7157112924655705,1.571596835282909,0.4405093924631998,-0.5092893012012089,51.6569,49.5
P025,Group_2,Song_4,Mix_2,Song_4_Mix_2,Relaxation,2,1.2681691045587011,0.5923677340606543,-0.5286241216258535,-0.6397789303787698,52.8252,45.4
P025,Group_2,Song_4,Mix_1,Song_4_Mix_1,Relaxation,3,0.4000930682315073,0.924400977869014,1.059256496907797,-0.022827333312785386,52.8103,47.3
P025,Group_2,Song_4,Mix_1,Song_4_Mix_1,Distraction,1,0.4000930682315073,0.924400977869014,1.059256496907797,-0.022827333312785386,50.2692,52.1
P025,Group_2,Song_4,Mix_2,Song_4_Mix_2,Distraction,2,1.2681691045587011,0.5923677340606543,-0.5286241216258535,-0.6397789303787698,49.1736,40.0
P025,Group_2,Song_4,Mix_3,Song_4_Mix_3,Distraction,3,0.7157112924655705,1.571596835282909,0.4405093924631998,-0.5092893012012089,48.2402,44.3
P025,Group_2,Song_4,Mix_1,Song_4_Mix_1,Enjoyment,1,0.4000930682315073,0.924400977869014,1.059256496907797,-0.022827333312785386,55.8103,55.9
P025,Group_2,Song_4,Mix_2,Song_4_Mix_2,Enjoyment,2,1.2681691045587011,0.5923677340606543,-0.5286241216258535,-0.6397789303787698,55.8252,49.3
P025,Group_2,Song_4,Mix_3,Song_4_Mix_3,Enjoyment,3,0.7157112924655705,1.571596835282909,0.4405093924631998,-0.5092893012012089,54.6569,45.0
P025,Group_2,Song_4,Mix_1,Song_4_Mix_1,Focus,1,0.4000930682315073,0.924400977869014,1.059256496907797,-0.022827333312785386,56.4288,69.9
P025,Group_2,Song_4,Mix_2,Song_4_Mix_2,Focus,2,1.2681691045587011,0.5923677340606543,-0.5286241216258535,-0.6397789303787698,53.2679,51.8
P025,Group_2,Song_4,Mix_3,Song_4_Mix_3,Focus,3,0.7157112924655705,1.571596835282909,0.4405093924631998,-0.5092893012012089,54.0379,46.9
P025,Group_2,Song_4,Mix_2,Song_4_Mix_2,Motivation,1,1.2681691045587011,0.5923677340606543,-0.5286241216258535,-0.6397789303787698,54.0036,61.9
P025,Group_2,Song_4,Mix_3,Song_4_Mix_3,Motivation,2,0.7157112924655705,1.571596835282909,0.4405093924631998,-0.5092893012012089,55.2582,38.9
P025,Group_2,Song_4,Mix_1,Song_4_Mix_1,Motivation,3,0.4000930682315073,0.924400977869014,1.059256496907797,-0.022827333312785386,57.9585,53.5
P026,Group_2,Song_3,Mix_1,Song_3_Mix_1,Relaxation,1,-0.2703792860367242,-0.13240080810764882,-0.32625114903828495,-0.46033345233627265,67.8376,62.3
P026,Group_2,Song_3,Mix_2,Song_3_Mix_2,Relaxation,2,-0.7121820983369226,0.580858813415541,1.4182914058408784,3.1437965930250384,64.9623,81.3
P026,Group_2,Song_3,Mix_3,Song_3_Mix_3,Relaxation,3,-0.13318667446821103,0.08358782974664794,-1.5239068539152965,-0.3498430984052944,65.0244,66.3
P026,Group_2,Song_3,Mix_2,Song_3_Mix_2,Distraction,1,-0.7121820983369226,0.580858813415541,1.4182914058408784,3.1437965930250384,68.1211,76.1
P026,Group_2,Song_3,Mix_1,Song_3_Mix_1,Distraction,2,-0.2703792860367242,-0.13240080810764882,-0.32625114903828495,-0.46033345233627265,64.509,63.7
P026,Group_2,Song_3,Mix_3,Song_3_Mix_3,Distraction,3,-0.13318667446821103,0.08358782974664794,-1.5239068539152965,-0.3498430984052944,61.8947,47.6
P026,Group_2,Song_3,Mix_2,Song_3_Mix_2,Enjoyment,1,-0.7121820983369226,0.580858813415541,1.4182914058408784,3.1437965930250384,67.9623,63.6
P026,Group_2,Song_3,Mix_3,Song_3_Mix_3,Enjoyment,2,-0.13318667446821103,0.08358782974664794,-1.5239068539152965,-0.3498430984052944,68.0244,62.9
P026,Group_2,Song_3,Mix_1,Song_3_Mix_1,Enjoyment,3,-0.2703792860367242,-0.13240080810764882,-0.32625114903828495,-0.46033345233627265,70.8376,80.6
P026,Group_2,Song_3,Mix_1,Song_3_Mix_1,Focus,1,-0.2703792860367242,-0.13240080810764882,-0.32625114903828495,-0.46033345233627265,68.6851,68.5
P026,Group_2,Song_3,Mix_3,Song_3_Mix_3,Focus,2,-0.13318667446821103,0.08358782974664794,-1.5239068539152965,-0.3498430984052944,63.4766,63.1
P026,Group_2,Song_3,Mix_2,Song_3_Mix_2,Focus,3,-0.7121820983369226,0.580858813415541,1.4182914058408784,3.1437965930250384,69.2989,71.4
P026,Group_2,Song_3,Mix_3,Song_3_Mix_3,Motivation,1,-0.13318667446821103,0.08358782974664794,-1.5239068539152965,-0.3498430984052944,63.7146,62.9
P026,Group_2,Song_3,Mix_2,Song_3_Mix_2,Motivation,2,-0.7121820983369226,0.580858813415541,1.4182914058408784,3.1437965930250384,71.008,79.6
P026,Group_2,Song_3,Mix_1,Song_3_Mix_1,Motivation,3,-0.2703792860367242,-0.13240080810764882,-0.32625114903828495,-0.46033345233627265,69.522,69.6
P026,Group_2,Song_4,Mix_3,Song_4_Mix_3,Relaxation,1,0.7157112924655705,1.571596835282909,0.4405093924631998,-0.5092893012012089,68.9813,64.8
P026,Group_2,Song_4,Mix_2,Song_4_Mix_2,Relaxation,2,1.2681691045587011,0.5923677340606543,-0.5286241216258535,-0.6397789303787698,70.1495,79.2
P026,Group_2,Song_4,Mix_1,Song_4_Mix_1,Relaxation,3,0.4000930682315073,0.924400977869014,1.059256496907797,-0.022827333312785386,70.1347,59.5
P026,Group_2,Song_4,Mix_1,Song_4_Mix_1,Distraction,1,0.4000930682315073,0.924400977869014,1.059256496907797,-0.022827333312785386,67.5936,68.2
P026,Group_2,Song_4,Mix_2,Song_4_Mix_2,Distraction,2,1.2681691045587011,0.5923677340606543,-0.5286241216258535,-0.6397789303787698,66.4979,69.4
P026,Group_2,Song_4,Mix_3,Song_4_Mix_3,Distraction,3,0.7157112924655705,1.571596835282909,0.4405093924631998,-0.5092893012012089,65.5646,69.2
P026,Group_2,Song_4,Mix_1,Song_4_Mix_1,Enjoyment,1,0.4000930682315073,0.924400977869014,1.059256496907797,-0.022827333312785386,73.1347,75.9
P026,Group_2,Song_4,Mix_3,Song_4_Mix_3,Enjoyment,2,0.7157112924655705,1.571596835282909,0.4405093924631998,-0.5092893012012089,71.9813,54.9
P026,Group_2,Song_4,Mix_2,Song_4_Mix_2,Enjoyment,3,1.2681691045587011,0.5923677340606543,-0.5286241216258535,-0.6397789303787698,73.1495,59.5
P026,Group_2,Song_4,Mix_3,Song_4_Mix_3,Focus,1,0.7157112924655705,1.571596835282909,0.4405093924631998,-0.5092893012012089,71.3623,65.4
P026,Group_2,Song_4,Mix_2,Song_4_Mix_2,Focus,2,1.2681691045587011,0.5923677340606543,-0.5286241216258535,-0.6397789303787698,70.5923,74.4
P026,Group_2,Song_4,Mix_1,Song_4_Mix_1,Focus,3,0.4000930682315073,0.924400977869014,1.059256496907797,-0.022827333312785386,73.7532,75.1
P026,Group_2,Song_4,Mix_2,Song_4_Mix_2,Motivation,1,1.2681691045587011,0.5923677340606543,-0.5286241216258535,-0.6397789303787698,71.328,71.1
P026,Group_2,Song_4,Mix_1,Song_4_Mix_1,Motivation,2,0.4000930682315073,0.924400977869014,1.059256496907797,-0.022827333312785386,75.2828,75.1
P026,Group_2,Song_4,Mix_3,Song_4_Mix_3,Motivation,3,0.7157112924655705,1.571596835282909,0.4405093924631998,-0.5092893012012089,72.5825,76.0
P027,Group_2,Song_3,Mix_1,Song_3_Mix_1,Relaxation,1,-0.2703792860367242,-0.13240080810764882,-0.32625114903828495,-0.46033345233627265,56.5209,49.0
P027,Group_2,Song_3,Mix_2,Song_3_Mix_2,Relaxation,2,-0.7121820983369226,0.580858813415541,1.4182914058408784,3.1437965930250384,53.6455,48.4
P027,Group_2,Song_3,Mix_3,Song_3_Mix_3,Relaxation,3,-0.13318667446821103,0.08358782974664794,-1.5239068539152965,-0.3498430984052944,53.7076,42.1
P027,Group_2,Song_3,Mix_1,Song_3_Mix_1,Distraction,1,-0.2703792860367242,-0.13240080810764882,-0.32625114903828495,-0.46033345233627265,53.1923,50.9
P027,Group_2,Song_3,Mix_3,Song_3_Mix_3,Distraction,2,-0.13318667446821103,0.08358782974664794,-1.5239068539152965,-0.3498430984052944,50.5779,41.7
P027,Group_2,Song_3,Mix_2,Song_3_Mix_2,Distraction,3,-0.7121820983369226,0.580858813415541,1.4182914058408784,3.1437965930250384,56.8044,49.4
P027,Group_2,Song_3,Mix_1,Song_3_Mix_1,Enjoyment,1,-0.2703792860367242,-0.13240080810764882,-0.32625114903828495,-0.46033345233627265,59.5209,68.0
P027,Group_2,Song_3,Mix_3,Song_3_Mix_3,Enjoyment,2,-0.13318667446821103,0.08358782974664794,-1.5239068539152965,-0.3498430984052944,56.7076,67.0
P027,Group_2,Song_3,Mix_2,Song_3_Mix_2,Enjoyment,3,-0.7121820983369226,0.580858813415541,1.4182914058408784,3.1437965930250384,56.6455,49.7
P027,Group_2,Song_3,Mix_1,Song_3_Mix_1,Focus,1,-0.2703792860367242,-0.13240080810764882,-0.32625114903828495,-0.46033345233627265,57.3684,56.4
P027,Group_2,Song_3,Mix_2,Song_3_Mix_2,Focus,2,-0.7121820983369226,0.580858813415541,1.4182914058408784,3.1437965930250384,57.9821,49.3
P027,Group_2,Song_3,Mix_3,Song_3_Mix_3,Focus,3,-0.13318667446821103,0.08358782974664794,-1.5239068539152965,-0.3498430984052944,52.1598,49.7
P027,Group_2,Song_3,Mix_3,Song_3_Mix_3,Motivation,1,-0.13318667446821103,0.08358782974664794,-1.5239068539152965,-0.3498430984052944,52.3979,45.7
P027,Group_2,Song_3,Mix_2,Song_3_Mix_2,Motivation,2,-0.7121820983369226,0.580858813415541,1.4182914058408784,3.1437965930250384,59.6913,47.9
P027,Group_2,Song_3,Mix_1,Song_3_Mix_1,Motivation,3,-0.2703792860367242,-0.13240080810764882,-0.32625114903828495,-0.46033345233627265,58.2052,58.6
P027,Group_2,Song_4,Mix_1,Song_4_Mix_1,Relaxation,1,0.4000930682315073,0.924400977869014,1.059256496907797,-0.022827333312785386,58.8179,52.7
P027,Group_2,Song_4,Mix_3,Song_4_Mix_3,Relaxation,2,0.7157112924655705,1.571596835282909,0.4405093924631998,-0.5092893012012089,57.6645,61.1
P027,Group_2,Song_4,Mix_2,Song_4_Mix_2,Relaxation,3,1.2681691045587011,0.5923677340606543,-0.5286241216258535,-0.6397789303787698,58.8328,72.0
P027,Group_2,Song_4,Mix_3,Song_4_Mix_3,Distraction,1,0.7157112924655705,1.571596835282909,0.4405093924631998,-0.5092893012012089,54.2478,54.0
P027,Group_2,Song_4,Mix_1,Song_4_Mix_1,Distraction,2,0.4000930682315073,0.924400977869014,1.059256496907797,-0.022827333312785386,56.2768,61.2
P027,Group_2,Song_4,Mix_2,Song_4_Mix_2,Distraction,3,1.2681691045587011,0.5923677340606543,-0.5286241216258535,-0.6397789303787698,55.1812,52.8
P027,Group_2,Song_4,Mix_2,Song_4_Mix_2,Enjoyment,1,1.2681691045587011,0.5923677340606543,-0.5286241216258535,-0.6397789303787698,61.8328,42.5
P027,Group_2,Song_4,Mix_3,Song_4_Mix_3,Enjoyment,2,0.7157112924655705,1.571596835282909,0.4405093924631998,-0.5092893012012089,60.6645,62.2
P027,Group_2,Song_4,Mix_1,Song_4_Mix_1,Enjoyment,3,0.4000930682315073,0.924400977869014,1.059256496907797,-0.022827333312785386,61.8179,53.7
P027,Group_2,Song_4,Mix_1,Song_4_Mix_1,Focus,1,0.4000930682315073,0.924400977869014,1.059256496907797,-0.022827333312785386,62.4364,71.5
P027,Group_2,Song_4,Mix_2,Song_4_Mix_2,Focus,2,1.2681691045587011,0.5923677340606543,-0.5286241216258535,-0.6397789303787698,59.2755,58.2
P027,Group_2,Song_4,Mix_3,Song_4_Mix_3,Focus,3,0.7157112924655705,1.571596835282909,0.4405093924631998,-0.5092893012012089,60.0455,55.2
P027,Group_2,Song_4,Mix_3,Song_4_Mix_3,Motivation,1,0.7157112924655705,1.571596835282909,0.4405093924631998,-0.5092893012012089,61.2658,56.3
P027,Group_2,Song_4,Mix_1,Song_4_Mix_1,Motivation,2,0.4000930682315073,0.924400977869014,1.059256496907797,-0.022827333312785386,63.9661,63.2
P027,Group_2,Song_4,Mix_2,Song_4_Mix_2,Motivation,3,1.2681691045587011,0.5923677340606543,-0.5286241216258535,-0.6397789303787698,60.0112,55.4
P028,Group_2,Song_3,Mix_3,Song_3_Mix_3,Relaxation,1,-0.13318667446821103,0.08358782974664794,-1.5239068539152965,-0.3498430984052944,56.6314,44.0
P028,Group_2,Song_3,Mix_2,Song_3_Mix_2,Relaxation,2,-0.7121820983369226,0.580858813415541,1.4182914058408784,3.1437965930250384,56.5693,59.6
P028,Group_2,Song_3,Mix_1,Song_3_Mix_1,Relaxation,3,-0.2703792860367242,-0.13240080810764882,-0.32625114903828495,-0.46033345233627265,59.4446,55.2
P028,Group_2,Song_3,Mix_1,Song_3_Mix_1,Distraction,1,-0.2703792860367242,-0.13240080810764882,-0.32625114903828495,-0.46033345233627265,56.116,54.9
P028,Group_2,Song_3,Mix_3,Song_3_Mix_3,Distraction,2,-0.13318667446821103,0.08358782974664794,-1.5239068539152965,-0.3498430984052944,53.5016,44.7
P028,Group_2,Song_3,Mix_2,Song_3_Mix_2,Distraction,3,-0.7121820983369226,0.580858813415541,1.4182914058408784,3.1437965930250384,59.7281,59.4
P028,Group_2,Song_3,Mix_3,Song_3_Mix_3,Enjoyment,1,-0.13318667446821103,0.08358782974664794,-1.5239068539152965,-0.3498430984052944,59.6314,83.2
P028,Group_2,Song_3,Mix_2,Song_3_Mix_2,Enjoyment,2,-0.7121820983369226,0.580858813415541,1.4182914058408784,3.1437965930250384,59.5693,60.6
P028,Group_2,Song_3,Mix_1,Song_3_Mix_1,Enjoyment,3,-0.2703792860367242,-0.13240080810764882,-0.32625114903828495,-0.46033345233627265,62.4446,73.3
P028,Group_2,Song_3,Mix_3,Song_3_Mix_3,Focus,1,-0.13318667446821103,0.08358782974664794,-1.5239068539152965,-0.3498430984052944,55.0835,48.3
P028,Group_2,Song_3,Mix_2,Song_3_Mix_2,Focus,2,-0.7121820983369226,0.580858813415541,1.4182914058408784,3.1437965930250384,60.9058,60.7
P028,Group_2,Song_3,Mix_1,Song_3_Mix_1,Focus,3,-0.2703792860367242,-0.13240080810764882,-0.32625114903828495,-0.46033345233627265,60.2921,62.2
P028,Group_2,Song_3,Mix_1,Song_3_Mix_1,Motivation,1,-0.2703792860367242,-0.13240080810764882,-0.32625114903828495,-0.46033345233627265,61.129,67.7
P028,Group_2,Song_3,Mix_2,Song_3_Mix_2,Motivation,2,-0.7121820983369226,0.580858813415541,1.4182914058408784,3.1437965930250384,62.615,65.4
P028,Group_2,Song_3,Mix_3,Song_3_Mix_3,Motivation,3,-0.13318667446821103,0.08358782974664794,-1.5239068539152965,-0.3498430984052944,55.3216,56.6
P028,Group_2,Song_4,Mix_1,Song_4_Mix_1,Relaxation,1,0.4000930682315073,0.924400977869014,1.059256496907797,-0.022827333312785386,61.7416,68.0
P028,Group_2,Song_4,Mix_3,Song_4_Mix_3,Relaxation,2,0.7157112924655705,1.571596835282909,0.4405093924631998,-0.5092893012012089,60.5882,60.6
P028,Group_2,Song_4,Mix_2,Song_4_Mix_2,Relaxation,3,1.2681691045587011,0.5923677340606543,-0.5286241216258535,-0.6397789303787698,61.7565,57.4
P028,Group_2,Song_4,Mix_1,Song_4_Mix_1,Distraction,1,0.4000930682315073,0.924400977869014,1.059256496907797,-0.022827333312785386,59.2005,54.3
P028,Group_2,Song_4,Mix_3,Song_4_Mix_3,Distraction,2,0.7157112924655705,1.571596835282909,0.4405093924631998,-0.5092893012012089,57.1715,52.2
P028,Group_2,Song_4,Mix_2,Song_4_Mix_2,Distraction,3,1.2681691045587011,0.5923677340606543,-0.5286241216258535,-0.6397789303787698,58.1049,58.3
P028,Group_2,Song_4,Mix_1,Song_4_Mix_1,Enjoyment,1,0.4000930682315073,0.924400977869014,1.059256496907797,-0.022827333312785386,64.7416,64.8
P028,Group_2,Song_4,Mix_2,Song_4_Mix_2,Enjoyment,2,1.2681691045587011,0.5923677340606543,-0.5286241216258535,-0.6397789303787698,64.7565,52.6
P028,Group_2,Song_4,Mix_3,Song_4_Mix_3,Enjoyment,3,0.7157112924655705,1.571596835282909,0.4405093924631998,-0.5092893012012089,63.5882,52.4
P028,Group_2,Song_4,Mix_2,Song_4_Mix_2,Focus,1,1.2681691045587011,0.5923677340606543,-0.5286241216258535,-0.6397789303787698,62.1992,60.4
P028,Group_2,Song_4,Mix_3,Song_4_Mix_3,Focus,2,0.7157112924655705,1.571596835282909,0.4405093924631998,-0.5092893012012089,62.9693,55.5
P028,Group_2,Song_4,Mix_1,Song_4_Mix_1,Focus,3,0.4000930682315073,0.924400977869014,1.059256496907797,-0.022827333312785386,65.3602,66.1
P028,Group_2,Song_4,Mix_3,Song_4_Mix_3,Motivation,1,0.7157112924655705,1.571596835282909,0.4405093924631998,-0.5092893012012089,64.1895,66.3
P028,Group_2,Song_4,Mix_2,Song_4_Mix_2,Motivation,2,1.2681691045587011,0.5923677340606543,-0.5286241216258535,-0.6397789303787698,62.9349,55.8
P028,Group_2,Song_4,Mix_1,Song_4_Mix_1,Motivation,3,0.4000930682315073,0.924400977869014,1.059256496907797,-0.022827333312785386,66.8898,66.2
P029,Group_2,Song_3,Mix_3,Song_3_Mix_3,Relaxation,1,-0.13318667446821103,0.08358782974664794,-1.5239068539152965,-0.3498430984052944,69.6872,73.2
P029,Group_2,Song_3,Mix_2,Song_3_Mix_2,Relaxation,2,-0.7121820983369226,0.580858813415541,1.4182914058408784,3.1437965930250384,69.6251,63.6
P029,Group_2,Song_3,Mix_1,Song_3_Mix_1,Relaxation,3,-0.2703792860367242,-0.13240080810764882,-0.32625114903828495,-0.46033345233627265,72.5004,80.9
P029,Group_2,Song_3,Mix_3,Song_3_Mix_3,Distraction,1,-0.13318667446821103,0.08358782974664794,-1.5239068539152965,-0.3498430984052944,66.5575,64.0
P029,Group_2,Song_3,Mix_1,Song_3_Mix_1,Distraction,2,-0.2703792860367242,-0.13240080810764882,-0.32625114903828495,-0.46033345233627265,69.1718,53.8
P029,Group_2,Song_3,Mix_2,Song_3_Mix_2,Distraction,3,-0.7121820983369226,0.580858813415541,1.4182914058408784,3.1437965930250384,72.7839,72.4
P029,Group_2,Song_3,Mix_3,Song_3_Mix_3,Enjoyment,1,-0.13318667446821103,0.08358782974664794,-1.5239068539152965,-0.3498430984052944,72.6872,69.9
P029,Group_2,Song_3,Mix_2,Song_3_Mix_2,Enjoyment,2,-0.7121820983369226,0.580858813415541,1.4182914058408784,3.1437965930250384,72.6251,71.4
P029,Group_2,Song_3,Mix_1,Song_3_Mix_1,Enjoyment,3,-0.2703792860367242,-0.13240080810764882,-0.32625114903828495,-0.46033345233627265,75.5004,68.7
P029,Group_2,Song_3,Mix_3,Song_3_Mix_3,Focus,1,-0.13318667446821103,0.08358782974664794,-1.5239068539152965,-0.3498430984052944,68.1394,62.9
P029,Group_2,Song_3,Mix_2,Song_3_Mix_2,Focus,2,-0.7121820983369226,0.580858813415541,1.4182914058408784,3.1437965930250384,73.9616,77.4
P029,Group_2,Song_3,Mix_1,Song_3_Mix_1,Focus,3,-0.2703792860367242,-0.13240080810764882,-0.32625114903828495,-0.46033345233627265,73.3479,75.6
P029,Group_2,Song_3,Mix_3,Song_3_Mix_3,Motivation,1,-0.13318667446821103,0.08358782974664794,-1.5239068539152965,-0.3498430984052944,68.3774,70.0
P029,Group_2,Song_3,Mix_2,Song_3_Mix_2,Motivation,2,-0.7121820983369226,0.580858813415541,1.4182914058408784,3.1437965930250384,75.6708,77.1
P029,Group_2,Song_3,Mix_1,Song_3_Mix_1,Motivation,3,-0.2703792860367242,-0.13240080810764882,-0.32625114903828495,-0.46033345233627265,74.1848,72.2
P029,Group_2,Song_4,Mix_1,Song_4_Mix_1,Relaxation,1,0.4000930682315073,0.924400977869014,1.059256496907797,-0.022827333312785386,74.7974,87.0
P029,Group_2,Song_4,Mix_3,Song_4_Mix_3,Relaxation,2,0.7157112924655705,1.571596835282909,0.4405093924631998,-0.5092893012012089,73.6441,91.1
P029,Group_2,Song_4,Mix_2,Song_4_Mix_2,Relaxation,3,1.2681691045587011,0.5923677340606543,-0.5286241216258535,-0.6397789303787698,74.8123,76.6
P029,Group_2,Song_4,Mix_1,Song_4_Mix_1,Distraction,1,0.4000930682315073,0.924400977869014,1.059256496907797,-0.022827333312785386,72.2564,61.4
P029,Group_2,Song_4,Mix_3,Song_4_Mix_3,Distraction,2,0.7157112924655705,1.571596835282909,0.4405093924631998,-0.5092893012012089,70.2273,74.5
P029,Group_2,Song_4,Mix_2,Song_4_Mix_2,Distraction,3,1.2681691045587011,0.5923677340606543,-0.5286241216258535,-0.6397789303787698,71.1607,84.0
P029,Group_2,Song_4,Mix_1,Song_4_Mix_1,Enjoyment,1,0.4000930682315073,0.924400977869014,1.059256496907797,-0.022827333312785386,77.7974,82.1
P029,Group_2,Song_4,Mix_3,Song_4_Mix_3,Enjoyment,2,0.7157112924655705,1.571596835282909,0.4405093924631998,-0.5092893012012089,76.6441,61.2
P029,Group_2,Song_4,Mix_2,Song_4_Mix_2,Enjoyment,3,1.2681691045587011,0.5923677340606543,-0.5286241216258535,-0.6397789303787698,77.8123,75.2
P029,Group_2,Song_4,Mix_1,Song_4_Mix_1,Focus,1,0.4000930682315073,0.924400977869014,1.059256496907797,-0.022827333312785386,78.416,91.8
P029,Group_2,Song_4,Mix_3,Song_4_Mix_3,Focus,2,0.7157112924655705,1.571596835282909,0.4405093924631998,-0.5092893012012089,76.0251,75.4
P029,Group_2,Song_4,Mix_2,Song_4_Mix_2,Focus,3,1.2681691045587011,0.5923677340606543,-0.5286241216258535,-0.6397789303787698,75.2551,73.0
P029,Group_2,Song_4,Mix_3,Song_4_Mix_3,Motivation,1,0.7157112924655705,1.571596835282909,0.4405093924631998,-0.5092893012012089,77.2453,82.6
P029,Group_2,Song_4,Mix_2,Song_4_Mix_2,Motivation,2,1.2681691045587011,0.5923677340606543,-0.5286241216258535,-0.6397789303787698,75.9907,70.6
P029,Group_2,Song_4,Mix_1,Song_4_Mix_1,Motivation,3,0.4000930682315073,0.924400977869014,1.059256496907797,-0.022827333312785386,79.9456,83.3
P030,Group_2,Song_3,Mix_1,Song_3_Mix_1,Relaxation,1,-0.2703792860367242,-0.13240080810764882,-0.32625114903828495,-0.46033345233627265,61.9456,60.1
P030,Group_2,Song_3,Mix_3,Song_3_Mix_3,Relaxation,2,-0.13318667446821103,0.08358782974664794,-1.5239068539152965,-0.3498430984052944,59.1324,65.3
P030,Group_2,Song_3,Mix_2,Song_3_Mix_2,Relaxation,3,-0.7121820983369226,0.580858813415541,1.4182914058408784,3.1437965930250384,59.0703,53.8
P030,Group_2,Song_3,Mix_2,Song_3_Mix_2,Distraction,1,-0.7121820983369226,0.580858813415541,1.4182914058408784,3.1437965930250384,62.2291,71.9
P030,Group_2,Song_3,Mix_3,Song_3_Mix_3,Distraction,2,-0.13318667446821103,0.08358782974664794,-1.5239068539152965,-0.3498430984052944,56.0027,60.2
P030,Group_2,Song_3,Mix_1,Song_3_Mix_1,Distraction,3,-0.2703792860367242,-0.13240080810764882,-0.32625114903828495,-0.46033345233627265,58.617,52.4
P030,Group_2,Song_3,Mix_2,Song_3_Mix_2,Enjoyment,1,-0.7121820983369226,0.580858813415541,1.4182914058408784,3.1437965930250384,62.0703,69.8
P030,Group_2,Song_3,Mix_3,Song_3_Mix_3,Enjoyment,2,-0.13318667446821103,0.08358782974664794,-1.5239068539152965,-0.3498430984052944,62.1324,68.8
P030,Group_2,Song_3,Mix_1,Song_3_Mix_1,Enjoyment,3,-0.2703792860367242,-0.13240080810764882,-0.32625114903828495,-0.46033345233627265,64.9456,58.5
P030,Group_2,Song_3,Mix_2,Song_3_Mix_2,Focus,1,-0.7121820983369226,0.580858813415541,1.4182914058408784,3.1437965930250384,63.4069,65.0
P030,Group_2,Song_3,Mix_1,Song_3_Mix_1,Focus,2,-0.2703792860367242,-0.13240080810764882,-0.32625114903828495,-0.46033345233627265,62.7931,88.4
P030,Group_2,Song_3,Mix_3,Song_3_Mix_3,Focus,3,-0.13318667446821103,0.08358782974664794,-1.5239068539152965,-0.3498430984052944,57.5846,64.3
P030,Group_2,Song_3,Mix_2,Song_3_Mix_2,Motivation,1,-0.7121820983369226,0.580858813415541,1.4182914058408784,3.1437965930250384,65.116,75.8
P030,Group_2,Song_3,Mix_3,Song_3_Mix_3,Motivation,2,-0.13318667446821103,0.08358782974664794,-1.5239068539152965,-0.3498430984052944,57.8226,57.3
P030,Group_2,Song_3,Mix_1,Song_3_Mix_1,Motivation,3,-0.2703792860367242,-0.13240080810764882,-0.32625114903828495,-0.46033345233627265,63.63,64.9
P030,Group_2,Song_4,Mix_1,Song_4_Mix_1,Relaxation,1,0.4000930682315073,0.924400977869014,1.059256496907797,-0.022827333312785386,64.2427,76.0
P030,Group_2,Song_4,Mix_2,Song_4_Mix_2,Relaxation,2,1.2681691045587011,0.5923677340606543,-0.5286241216258535,-0.6397789303787698,64.2575,68.2
P030,Group_2,Song_4,Mix_3,Song_4_Mix_3,Relaxation,3,0.7157112924655705,1.571596835282909,0.4405093924631998,-0.5092893012012089,63.0893,58.5
P030,Group_2,Song_4,Mix_3,Song_4_Mix_3,Distraction,1,0.7157112924655705,1.571596835282909,0.4405093924631998,-0.5092893012012089,59.6726,62.0
P030,Group_2,Song_4,Mix_2,Song_4_Mix_2,Distraction,2,1.2681691045587011,0.5923677340606543,-0.5286241216258535,-0.6397789303787698,60.6059,54.3
P030,Group_2,Song_4,Mix_1,Song_4_Mix_1,Distraction,3,0.4000930682315073,0.924400977869014,1.059256496907797,-0.022827333312785386,61.7016,71.7
P030,Group_2,Song_4,Mix_2,Song_4_Mix_2,Enjoyment,1,1.2681691045587011,0.5923677340606543,-0.5286241216258535,-0.6397789303787698,67.2575,58.3
P030,Group_2,Song_4,Mix_3,Song_4_Mix_3,Enjoyment,2,0.7157112924655705,1.571596835282909,0.4405093924631998,-0.5092893012012089,66.0893,56.8
P030,Group_2,Song_4,Mix_1,Song_4_Mix_1,Enjoyment,3,0.4000930682315073,0.924400977869014,1.059256496907797,-0.022827333312785386,67.2427,65.0
P030,Group_2,Song_4,Mix_1,Song_4_Mix_1,Focus,1,0.4000930682315073,0.924400977869014,1.059256496907797,-0.022827333312785386,67.8612,76.6
P030,Group_2,Song_4,Mix_2,Song_4_Mix_2,Focus,2,1.2681691045587011,0.5923677340606543,-0.5286241216258535,-0.6397789303787698,64.7003,55.1
P030,Group_2,Song_4,Mix_3,Song_4_Mix_3,Focus,3,0.7157112924655705,1.571596835282909,0.4405093924631998,-0.5092893012012089,65.4703,49.2
P030,Group_2,Song_4,Mix_3,Song_4_Mix_3,Motivation,1,0.7157112924655705,1.571596835282909,0.4405093924631998,-0.5092893012012089,66.6906,63.1
P030,Group_2,Song_4,Mix_1,Song_4_Mix_1,Motivation,2,0.4000930682315073,0.924400977869014,1.059256496907797,-0.022827333312785386,69.3908,68.8
P030,Group_2,Song_4,Mix_2,Song_4_Mix_2,Motivation,3,1.2681691045587011,0.5923677340606543,-0.5286241216258535,-0.6397789303787698,65.436,77.4
P031,Group_2,Song_3,Mix_1,Song_3_Mix_1,Relaxation,1,-0.2703792860367242,-0.13240080810764882,-0.32625114903828495,-0.46033345233627265,60.2839,68.8
P031,Group_2,Song_3,Mix_2,Song_3_Mix_2,Relaxation,2,-0.7121820983369226,0.580858813415541,1.4182914058408784,3.1437965930250384,57.4085,55.8
P031,Group_2,Song_3,Mix_3,Song_3_Mix_3,Relaxation,3,-0.13318667446821103,0.08358782974664794,-1.5239068539152965,-0.3498430984052944,57.4706,61.6
P031,Group_2,Song_3,Mix_2,Song_3_Mix_2,Distraction,1,-0.7121820983369226,0.580858813415541,1.4182914058408784,3.1437965930250384,60.5674,47.6
P031,Group_2,Song_3,Mix_1,Song_3_Mix_1,Distraction,2,-0.2703792860367242,-0.13240080810764882,-0.32625114903828495,-0.46033345233627265,56.9553,48.8
P031,Group_2,Song_3,Mix_3,Song_3_Mix_3,Distraction,3,-0.13318667446821103,0.08358782974664794,-1.5239068539152965,-0.3498430984052944,54.3409,52.9
P031,Group_2,Song_3,Mix_1,Song_3_Mix_1,Enjoyment,1,-0.2703792860367242,-0.13240080810764882,-0.32625114903828495,-0.46033345233627265,63.2839,52.1
P031,Group_2,Song_3,Mix_2,Song_3_Mix_2,Enjoyment,2,-0.7121820983369226,0.580858813415541,1.4182914058408784,3.1437965930250384,60.4085,55.9
P031,Group_2,Song_3,Mix_3,Song_3_Mix_3,Enjoyment,3,-0.13318667446821103,0.08358782974664794,-1.5239068539152965,-0.3498430984052944,60.4706,52.0
P031,Group_2,Song_3,Mix_2,Song_3_Mix_2,Focus,1,-0.7121820983369226,0.580858813415541,1.4182914058408784,3.1437965930250384,61.7451,40.6
P031,Group_2,Song_3,Mix_3,Song_3_Mix_3,Focus,2,-0.13318667446821103,0.08358782974664794,-1.5239068539152965,-0.3498430984052944,55.9228,60.5
P031,Group_2,Song_3,Mix_1,Song_3_Mix_1,Focus,3,-0.2703792860367242,-0.13240080810764882,-0.32625114903828495,-0.46033345233627265,61.1314,54.8
P031,Group_2,Song_3,Mix_3,Song_3_Mix_3,Motivation,1,-0.13318667446821103,0.08358782974664794,-1.5239068539152965,-0.3498430984052944,56.1609,67.4
P031,Group_2,Song_3,Mix_1,Song_3_Mix_1,Motivation,2,-0.2703792860367242,-0.13240080810764882,-0.32625114903828495,-0.46033345233627265,61.9682,62.9
P031,Group_2,Song_3,Mix_2,Song_3_Mix_2,Motivation,3,-0.7121820983369226,0.580858813415541,1.4182914058408784,3.1437965930250384,63.4543,61.1
P031,Group_2,Song_4,Mix_2,Song_4_Mix_2,Relaxation,1,1.2681691045587011,0.5923677340606543,-0.5286241216258535,-0.6397789303787698,62.5958,63.7
P031,Group_2,Song_4,Mix_1,Song_4_Mix_1,Relaxation,2,0.4000930682315073,0.924400977869014,1.059256496907797,-0.022827333312785386,62.5809,67.3
P031,Group_2,Song_4,Mix_3,Song_4_Mix_3,Relaxation,3,0.7157112924655705,1.571596835282909,0.4405093924631998,-0.5092893012012089,61.4275,68.3
P031,Group_2,Song_4,Mix_3,Song_4_Mix_3,Distraction,1,0.7157112924655705,1.571596835282909,0.4405093924631998,-0.5092893012012089,58.0108,74.3
P031,Group_2,Song_4,Mix_2,Song_4_Mix_2,Distraction,2,1.2681691045587011,0.5923677340606543,-0.5286241216258535,-0.6397789303787698,58.9442,58.4
P031,Group_2,Song_4,Mix_1,Song_4_Mix_1,Distraction,3,0.4000930682315073,0.924400977869014,1.059256496907797,-0.022827333312785386,60.0398,75.3
P031,Group_2,Song_4,Mix_2,Song_4_Mix_2,Enjoyment,1,1.2681691045587011,0.5923677340606543,-0.5286241216258535,-0.6397789303787698,65.5958,80.0
P031,Group_2,Song_4,Mix_1,Song_4_Mix_1,Enjoyment,2,0.4000930682315073,0.924400977869014,1.059256496907797,-0.022827333312785386,65.5809,79.6
P031,Group_2,Song_4,Mix_3,Song_4_Mix_3,Enjoyment,3,0.7157112924655705,1.571596835282909,0.4405093924631998,-0.5092893012012089,64.4275,58.4
P031,Group_2,Song_4,Mix_3,Song_4_Mix_3,Focus,1,0.7157112924655705,1.571596835282909,0.4405093924631998,-0.5092893012012089,63.8085,63.0
P031,Group_2,Song_4,Mix_2,Song_4_Mix_2,Focus,2,1.2681691045587011,0.5923677340606543,-0.5286241216258535,-0.6397789303787698,63.0385,69.7
P031,Group_2,Song_4,Mix_1,Song_4_Mix_1,Focus,3,0.4000930682315073,0.924400977869014,1.059256496907797,-0.022827333312785386,66.1994,59.6
P031,Group_2,Song_4,Mix_1,Song_4_Mix_1,Motivation,1,0.4000930682315073,0.924400977869014,1.059256496907797,-0.022827333312785386,67.7291,93.4
P031,Group_2,Song_4,Mix_2,Song_4_Mix_2,Motivation,2,1.2681691045587011,0.5923677340606543,-0.5286241216258535,-0.6397789303787698,63.7742,70.7
P031,Group_2,Song_4,Mix_3,Song_4_Mix_3,Motivation,3,0.7157112924655705,1.571596835282909,0.4405093924631998,-0.5092893012012089,65.0288,75.6
P032,Group_2,Song_3,Mix_3,Song_3_Mix_3,Relaxation,1,-0.13318667446821103,0.08358782974664794,-1.5239068539152965,-0.3498430984052944,61.5537,65.4
P032,Group_2,Song_3,Mix_2,Song_3_Mix_2,Relaxation,2,-0.7121820983369226,0.580858813415541,1.4182914058408784,3.1437965930250384,61.4916,68.8
P032,Group_2,Song_3,Mix_1,Song_3_Mix_1,Relaxation,3,-0.2703792860367242,-0.13240080810764882,-0.32625114903828495,-0.46033345233627265,64.3669,67.9
P032,Group_2,Song_3,Mix_2,Song_3_Mix_2,Distraction,1,-0.7121820983369226,0.580858813415541,1.4182914058408784,3.1437965930250384,64.6504,63.3
P032,Group_2,Song_3,Mix_3,Song_3_Mix_3,Distraction,2,-0.13318667446821103,0.08358782974664794,-1.5239068539152965,-0.3498430984052944,58.424,71.2
P032,Group_2,Song_3,Mix_1,Song_3_Mix_1,Distraction,3,-0.2703792860367242,-0.13240080810764882,-0.32625114903828495,-0.46033345233627265,61.0383,56.3
P032,Group_2,Song_3,Mix_1,Song_3_Mix_1,Enjoyment,1,-0.2703792860367242,-0.13240080810764882,-0.32625114903828495,-0.46033345233627265,67.3669,69.2
P032,Group_2,Song_3,Mix_3,Song_3_Mix_3,Enjoyment,2,-0.13318667446821103,0.08358782974664794,-1.5239068539152965,-0.3498430984052944,64.5537,63.7
P032,Group_2,Song_3,Mix_2,Song_3_Mix_2,Enjoyment,3,-0.7121820983369226,0.580858813415541,1.4182914058408784,3.1437965930250384,64.4916,72.5
P032,Group_2,Song_3,Mix_1,Song_3_Mix_1,Focus,1,-0.2703792860367242,-0.13240080810764882,-0.32625114903828495,-0.46033345233627265,65.2144,48.4
P032,Group_2,Song_3,Mix_2,Song_3_Mix_2,Focus,2,-0.7121820983369226,0.580858813415541,1.4182914058408784,3.1437965930250384,65.8282,74.0
P032,Group_2,Song_3,Mix_3,Song_3_Mix_3,Focus,3,-0.13318667446821103,0.08358782974664794,-1.5239068539152965,-0.3498430984052944,60.0059,62.3
P032,Group_2,Song_3,Mix_2,Song_3_Mix_2,Motivation,1,-0.7121820983369226,0.580858813415541,1.4182914058408784,3.1437965930250384,67.5373,77.6
P032,Group_2,Song_3,Mix_3,Song_3_Mix_3,Motivation,2,-0.13318667446821103,0.08358782974664794,-1.5239068539152965,-0.3498430984052944,60.2439,60.1
P032,Group_2,Song_3,Mix_1,Song_3_Mix_1,Motivation,3,-0.2703792860367242,-0.13240080810764882,-0.32625114903828495,-0.46033345233627265,66.0513,77.5
P032,Group_2,Song_4,Mix_2,Song_4_Mix_2,Relaxation,1,1.2681691045587011,0.5923677340606543,-0.5286241216258535,-0.6397789303787698,66.6788,85.7
P032,Group_2,Song_4,Mix_3,Song_4_Mix_3,Relaxation,2,0.7157112924655705,1.571596835282909,0.4405093924631998,-0.5092893012012089,65.5106,55.8
P032,Group_2,Song_4,Mix_1,Song_4_Mix_1,Relaxation,3,0.4000930682315073,0.924400977869014,1.059256496907797,-0.022827333312785386,66.664,66.8
P032,Group_2,Song_4,Mix_3,Song_4_Mix_3,Distraction,1,0.7157112924655705,1.571596835282909,0.4405093924631998,-0.5092893012012089,62.0938,61.9
P032,Group_2,Song_4,Mix_1,Song_4_Mix_1,Distraction,2,0.4000930682315073,0.924400977869014,1.059256496907797,-0.022827333312785386,64.1229,49.2
P032,Group_2,Song_4,Mix_2,Song_4_Mix_2,Distraction,3,1.2681691045587011,0.5923677340606543,-0.5286241216258535,-0.6397789303787698,63.0272,62.3
P032,Group_2,Song_4,Mix_1,Song_4_Mix_1,Enjoyment,1,0.4000930682315073,0.924400977869014,1.059256496907797,-0.022827333312785386,69.664,59.6
P032,Group_2,Song_4,Mix_3,Song_4_Mix_3,Enjoyment,2,0.7157112924655705,1.571596835282909,0.4405093924631998,-0.5092893012012089,68.5106,61.1
P032,Group_2,Song_4,Mix_2,Song_4_Mix_2,Enjoyment,3,1.2681691045587011,0.5923677340606543,-0.5286241216258535,-0.6397789303787698,69.6788,56.6
P032,Group_2,Song_4,Mix_1,Song_4_Mix_1,Focus,1,0.4000930682315073,0.924400977869014,1.059256496907797,-0.022827333312785386,70.2825,62.4
P032,Group_2,Song_4,Mix_2,Song_4_Mix_2,Focus,2,1.2681691045587011,0.5923677340606543,-0.5286241216258535,-0.6397789303787698,67.1216,60.0
P032,Group_2,Song_4,Mix_3,Song_4_Mix_3,Focus,3,0.7157112924655705,1.571596835282909,0.4405093924631998,-0.5092893012012089,67.8916,68.2
P032,Group_2,Song_4,Mix_2,Song_4_Mix_2,Motivation,1,1.2681691045587011,0.5923677340606543,-0.5286241216258535,-0.6397789303787698,67.8573,56.8
P032,Group_2,Song_4,Mix_3,Song_4_Mix_3,Motivation,2,0.7157112924655705,1.571596835282909,0.4405093924631998,-0.5092893012012089,69.1118,63.7
P032,Group_2,Song_4,Mix_1,Song_4_Mix_1,Motivation,3,0.4000930682315073,0.924400977869014,1.059256496907797,-0.022827333312785386,71.8121,64.8
P033,Group_2,Song_3,Mix_1,Song_3_Mix_1,Relaxation,1,-0.2703792860367242,-0.13240080810764882,-0.32625114903828495,-0.46033345233627265,61.7394,60.2
P033,Group_2,Song_3,Mix_3,Song_3_Mix_3,Relaxation,2,-0.13318667446821103,0.08358782974664794,-1.5239068539152965,-0.3498430984052944,58.9262,61.4
P033,Group_2,Song_3,Mix_2,Song_3_Mix_2,Relaxation,3,-0.7121820983369226,0.580858813415541,1.4182914058408784,3.1437965930250384,58.8641,59.9
P033,Group_2,Song_3,Mix_3,Song_3_Mix_3,Distraction,1,-0.13318667446821103,0.08358782974664794,-1.5239068539152965,-0.3498430984052944,55.7965,64.0
P033,Group_2,Song_3,Mix_1,Song_3_Mix_1,Distraction,2,-0.2703792860367242,-0.13240080810764882,-0.32625114903828495,-0.46033345233627265,58.4108,64.4
P033,Group_2,Song_3,Mix_2,Song_3_Mix_2,Distraction,3,-0.7121820983369226,0.580858813415541,1.4182914058408784,3.1437965930250384,62.0229,55.2
P033,Group_2,Song_3,Mix_2,Song_3_Mix_2,Enjoyment,1,-0.7121820983369226,0.580858813415541,1.4182914058408784,3.1437965930250384,61.8641,68.3
P033,Group_2,Song_3,Mix_3,Song_3_Mix_3,Enjoyment,2,-0.13318667446821103,0.08358782974664794,-1.5239068539152965,-0.3498430984052944,61.9262,56.9
P033,Group_2,Song_3,Mix_1,Song_3_Mix_1,Enjoyment,3,-0.2703792860367242,-0.13240080810764882,-0.32625114903828495,-0.46033345233627265,64.7394,73.4
P033,Group_2,Song_3,Mix_2,Song_3_Mix_2,Focus,1,-0.7121820983369226,0.580858813415541,1.4182914058408784,3.1437965930250384,63.2007,62.9
P033,Group_2,Song_3,Mix_1,Song_3_Mix_1,Focus,2,-0.2703792860367242,-0.13240080810764882,-0.32625114903828495,-0.46033345233627265,62.5869,62.2
P033,Group_2,Song_3,Mix_3,Song_3_Mix_3,Focus,3,-0.13318667446821103,0.08358782974664794,-1.5239068539152965,-0.3498430984052944,57.3784,67.7
P033,Group_2,Song_3,Mix_1,Song_3_Mix_1,Motivation,1,-0.2703792860367242,-0.13240080810764882,-0.32625114903828495,-0.46033345233627265,63.4238,54.3
P033,Group_2,Song_3,Mix_3,Song_3_Mix_3,Motivation,2,-0.13318667446821103,0.08358782974664794,-1.5239068539152965,-0.3498430984052944,57.6164,45.6
P033,Group_2,Song_3,Mix_2,Song_3_Mix_2,Motivation,3,-0.7121820983369226,0.580858813415541,1.4182914058408784,3.1437965930250384,64.9098,59.0
P033,Group_2,Song_4,Mix_2,Song_4_Mix_2,Relaxation,1,1.2681691045587011,0.5923677340606543,-0.5286241216258535,-0.6397789303787698,64.0513,54.9
P033,Group_2,Song_4,Mix_3,Song_4_Mix_3,Relaxation,2,0.7157112924655705,1.571596835282909,0.4405093924631998,-0.5092893012012089,62.8831,69.5
P033,Group_2,Song_4,Mix_1,Song_4_Mix_1,Relaxation,3,0.4000930682315073,0.924400977869014,1.059256496907797,-0.022827333312785386,64.0365,64.1
P033,Group_2,Song_4,Mix_2,Song_4_Mix_2,Distraction,1,1.2681691045587011,0.5923677340606543,-0.5286241216258535,-0.6397789303787698,60.3997,52.2
P033,Group_2,Song_4,Mix_1,Song_4_Mix_1,Distraction,2,0.4000930682315073,0.924400977869014,1.059256496907797,-0.022827333312785386,61.4954,77.9
P033,Group_2,Song_4,Mix_3,Song_4_Mix_3,Distraction,3,0.7157112924655705,1.571596835282909,0.4405093924631998,-0.5092893012012089,59.4663,72.4
P033,Group_2,Song_4,Mix_1,Song_4_Mix_1,Enjoyment,1,0.4000930682315073,0.924400977869014,1.059256496907797,-0.022827333312785386,67.0365,59.3
P033,Group_2,Song_4,Mix_2,Song_4_Mix_2,Enjoyment,2,1.2681691045587011,0.5923677340606543,-0.5286241216258535,-0.6397789303787698,67.0513,59.6
P033,Group_2,Song_4,Mix_3,Song_4_Mix_3,Enjoyment,3,0.7157112924655705,1.571596835282909,0.4405093924631998,-0.5092893012012089,65.8831,69.6
P033,Group_2,Song_4,Mix_3,Song_4_Mix_3,Focus,1,0.7157112924655705,1.571596835282909,0.4405093924631998,-0.5092893012012089,65.2641,67.1
P033,Group_2,Song_4,Mix_2,Song_4_Mix_2,Focus,2,1.2681691045587011,0.5923677340606543,-0.5286241216258535,-0.6397789303787698,64.4941,78.8
P033,Group_2,Song_4,Mix_1,Song_4_Mix_1,Focus,3,0.4000930682315073,0.924400977869014,1.059256496907797,-0.022827333312785386,67.655,66.3
P033,Group_2,Song_4,Mix_2,Song_4_Mix_2,Motivation,1,1.2681691045587011,0.5923677340606543,-0.5286241216258535,-0.6397789303787698,65.2297,68.2
P033,Group_2,Song_4,Mix_1,Song_4_Mix_1,Motivation,2,0.4000930682315073,0.924400977869014,1.059256496907797,-0.022827333312785386,69.1846,71.1
P033,Group_2,Song_4,Mix_3,Song_4_Mix_3,Motivation,3,0.7157112924655705,1.571596835282909,0.4405093924631998,-0.5092893012012089,66.4843,57.2
P034,Group_2,Song_3,Mix_1,Song_3_Mix_1,Relaxation,1,-0.2703792860367242,-0.13240080810764882,-0.32625114903828495,-0.46033345233627265,58.0157,55.6
P034,Group_2,Song_3,Mix_2,Song_3_Mix_2,Relaxation,2,-0.7121820983369226,0.580858813415541,1.4182914058408784,3.1437965930250384,55.1403,50.8
P034,Group_2,Song_3,Mix_3,Song_3_Mix_3,Relaxation,3,-0.13318667446821103,0.08358782974664794,-1.5239068539152965,-0.3498430984052944,55.2024,50.2
P034,Group_2,Song_3,Mix_3,Song_3_Mix_3,Distraction,1,-0.13318667446821103,0.08358782974664794,-1.5239068539152965,-0.3498430984052944,52.0727,64.5
P034,Group_2,Song_3,Mix_1,Song_3_Mix_1,Distraction,2,-0.2703792860367242,-0.13240080810764882,-0.32625114903828495,-0.46033345233627265,54.6871,57.8
P034,Group_2,Song_3,Mix_2,Song_3_Mix_2,Distraction,3,-0.7121820983369226,0.580858813415541,1.4182914058408784,3.1437965930250384,58.2992,50.4
P034,Group_2,Song_3,Mix_1,Song_3_Mix_1,Enjoyment,1,-0.2703792860367242,-0.13240080810764882,-0.32625114903828495,-0.46033345233627265,61.0157,53.2
P034,Group_2,Song_3,Mix_2,Song_3_Mix_2,Enjoyment,2,-0.7121820983369226,0.580858813415541,1.4182914058408784,3.1437965930250384,58.1403,56.0
P034,Group_2,Song_3,Mix_3,Song_3_Mix_3,Enjoyment,3,-0.13318667446821103,0.08358782974664794,-1.5239068539152965,-0.3498430984052944,58.2024,59.2
P034,Group_2,Song_3,Mix_3,Song_3_Mix_3,Focus,1,-0.13318667446821103,0.08358782974664794,-1.5239068539152965,-0.3498430984052944,53.6546,63.4
P034,Group_2,Song_3,Mix_1,Song_3_Mix_1,Focus,2,-0.2703792860367242,-0.13240080810764882,-0.32625114903828495,-0.46033345233627265,58.8632,61.9
P034,Group_2,Song_3,Mix_2,Song_3_Mix_2,Focus,3,-0.7121820983369226,0.580858813415541,1.4182914058408784,3.1437965930250384,59.4769,58.4
P034,Group_2,Song_3,Mix_2,Song_3_Mix_2,Motivation,1,-0.7121820983369226,0.580858813415541,1.4182914058408784,3.1437965930250384,61.186,63.9
P034,Group_2,Song_3,Mix_3,Song_3_Mix_3,Motivation,2,-0.13318667446821103,0.08358782974664794,-1.5239068539152965,-0.3498430984052944,53.8927,47.9
P034,Group_2,Song_3,Mix_1,Song_3_Mix_1,Motivation,3,-0.2703792860367242,-0.13240080810764882,-0.32625114903828495,-0.46033345233627265,59.7,59.2
P034,Group_2,Song_4,Mix_2,Song_4_Mix_2,Relaxation,1,1.2681691045587011,0.5923677340606543,-0.5286241216258535,-0.6397789303787698,60.3276,62.2
P034,Group_2,Song_4,Mix_3,Song_4_Mix_3,Relaxation,2,0.7157112924655705,1.571596835282909,0.4405093924631998,-0.5092893012012089,59.1593,44.6
P034,Group_2,Song_4,Mix_1,Song_4_Mix_1,Relaxation,3,0.4000930682315073,0.924400977869014,1.059256496907797,-0.022827333312785386,60.3127,47.8
P034,Group_2,Song_4,Mix_3,Song_4_Mix_3,Distraction,1,0.7157112924655705,1.571596835282909,0.4405093924631998,-0.5092893012012089,55.7426,61.9
P034,Group_2,Song_4,Mix_2,Song_4_Mix_2,Distraction,2,1.2681691045587011,0.5923677340606543,-0.5286241216258535,-0.6397789303787698,56.676,52.7
P034,Group_2,Song_4,Mix_1,Song_4_Mix_1,Distraction,3,0.4000930682315073,0.924400977869014,1.059256496907797,-0.022827333312785386,57.7716,57.1
P034,Group_2,Song_4,Mix_1,Song_4_Mix_1,Enjoyment,1,0.4000930682315073,0.924400977869014,1.059256496907797,-0.022827333312785386,63.3127,67.3
P034,Group_2,Song_4,Mix_3,Song_4_Mix_3,Enjoyment,2,0.7157112924655705,1.571596835282909,0.4405093924631998,-0.5092893012012089,62.1593,63.6
P034,Group_2,Song_4,Mix_2,Song_4_Mix_2,Enjoyment,3,1.2681691045587011,0.5923677340606543,-0.5286241216258535,-0.6397789303787698,63.3276,74.0
P034,Group_2,Song_4,Mix_3,Song_4_Mix_3,Focus,1,0.7157112924655705,1.571596835282909,0.4405093924631998,-0.5092893012012089,61.5403,64.4
P034,Group_2,Song_4,Mix_2,Song_4_Mix_2,Focus,2,1.2681691045587011,0.5923677340606543,-0.5286241216258535,-0.6397789303787698,60.7703,61.3
P034,Group_2,Song_4,Mix_1,Song_4_Mix_1,Focus,3,0.4000930682315073,0.924400977869014,1.059256496907797,-0.022827333312785386,63.9312,66.2
P034,Group_2,Song_4,Mix_3,Song_4_Mix_3,Motivation,1,0.7157112924655705,1.571596835282909,0.4405093924631998,-0.5092893012012089,62.7606,59.9
P034,Group_2,Song_4,Mix_1,Song_4_Mix_1,Motivation,2,0.4000930682315073,0.924400977869014,1.059256496907797,-0.022827333312785386,65.4608,65.0
P034,Group_2,Song_4,Mix_2,Song_4_Mix_2,Motivation,3,1.2681691045587011,0.5923677340606543,-0.5286241216258535,-0.6397789303787698,61.506,62.8
P035,Group_2,Song_3,Mix_3,Song_3_Mix_3,Relaxation,1,-0.13318667446821103,0.08358782974664794,-1.5239068539152965,-0.3498430984052944,61.3328,56.5
P035,Group_2,Song_3,Mix_1,Song_3_Mix_1,Relaxation,2,-0.2703792860367242,-0.13240080810764882,-0.32625114903828495,-0.46033345233627265,64.146,60.2
P035,Group_2,Song_3,Mix_2,Song_3_Mix_2,Relaxation,3,-0.7121820983369226,0.580858813415541,1.4182914058408784,3.1437965930250384,61.2707,64.5
P035,Group_2,Song_3,Mix_1,Song_3_Mix_1,Distraction,1,-0.2703792860367242,-0.13240080810764882,-0.32625114903828495,-0.46033345233627265,60.8174,57.0
P035,Group_2,Song_3,Mix_2,Song_3_Mix_2,Distraction,2,-0.7121820983369226,0.580858813415541,1.4182914058408784,3.1437965930250384,64.4295,51.6
P035,Group_2,Song_3,Mix_3,Song_3_Mix_3,Distraction,3,-0.13318667446821103,0.08358782974664794,-1.5239068539152965,-0.3498430984052944,58.2031,57.0
P035,Group_2,Song_3,Mix_1,Song_3_Mix_1,Enjoyment,1,-0.2703792860367242,-0.13240080810764882,-0.32625114903828495,-0.46033345233627265,67.146,49.1
P035,Group_2,Song_3,Mix_2,Song_3_Mix_2,Enjoyment,2,-0.7121820983369226,0.580858813415541,1.4182914058408784,3.1437965930250384,64.2707,66.9
P035,Group_2,Song_3,Mix_3,Song_3_Mix_3,Enjoyment,3,-0.13318667446821103,0.08358782974664794,-1.5239068539152965,-0.3498430984052944,64.3328,69.9
P035,Group_2,Song_3,Mix_3,Song_3_Mix_3,Focus,1,-0.13318667446821103,0.08358782974664794,-1.5239068539152965,-0.3498430984052944,59.785,57.5
P035,Group_2,Song_3,Mix_1,Song_3_Mix_1,Focus,2,-0.2703792860367242,-0.13240080810764882,-0.32625114903828495,-0.46033345233627265,64.9935,62.5
P035,Group_2,Song_3,Mix_2,Song_3_Mix_2,Focus,3,-0.7121820983369226,0.580858813415541,1.4182914058408784,3.1437965930250384,65.6073,80.7
P035,Group_2,Song_3,Mix_1,Song_3_Mix_1,Motivation,1,-0.2703792860367242,-0.13240080810764882,-0.32625114903828495,-0.46033345233627265,65.8304,52.1
P035,Group_2,Song_3,Mix_2,Song_3_Mix_2,Motivation,2,-0.7121820983369226,0.580858813415541,1.4182914058408784,3.1437965930250384,67.3164,67.4
P035,Group_2,Song_3,Mix_3,Song_3_Mix_3,Motivation,3,-0.13318667446821103,0.08358782974664794,-1.5239068539152965,-0.3498430984052944,60.023,67.4
P035,Group_2,Song_4,Mix_3,Song_4_Mix_3,Relaxation,1,0.7157112924655705,1.571596835282909,0.4405093924631998,-0.5092893012012089,65.2897,61.0
P035,Group_2,Song_4,Mix_1,Song_4_Mix_1,Relaxation,2,0.4000930682315073,0.924400977869014,1.059256496907797,-0.022827333312785386,66.4431,56.7
P035,Group_2,Song_4,Mix_2,Song_4_Mix_2,Relaxation,3,1.2681691045587011,0.5923677340606543,-0.5286241216258535,-0.6397789303787698,66.4579,81.4
P035,Group_2,Song_4,Mix_3,Song_4_Mix_3,Distraction,1,0.7157112924655705,1.571596835282909,0.4405093924631998,-0.5092893012012089,61.873,48.9
P035,Group_2,Song_4,Mix_1,Song_4_Mix_1,Distraction,2,0.4000930682315073,0.924400977869014,1.059256496907797,-0.022827333312785386,63.902,58.4
P035,Group_2,Song_4,Mix_2,Song_4_Mix_2,Distraction,3,1.2681691045587011,0.5923677340606543,-0.5286241216258535,-0.6397789303787698,62.8063,67.6
P035,Group_2,Song_4,Mix_1,Song_4_Mix_1,Enjoyment,1,0.4000930682315073,0.924400977869014,1.059256496907797,-0.022827333312785386,69.4431,56.7
P035,Group_2,Song_4,Mix_2,Song_4_Mix_2,Enjoyment,2,1.2681691045587011,0.5923677340606543,-0.5286241216258535,-0.6397789303787698,69.4579,76.1
P035,Group_2,Song_4,Mix_3,Song_4_Mix_3,Enjoyment,3,0.7157112924655705,1.571596835282909,0.4405093924631998,-0.5092893012012089,68.2897,62.2
P035,Group_2,Song_4,Mix_1,Song_4_Mix_1,Focus,1,0.4000930682315073,0.924400977869014,1.059256496907797,-0.022827333312785386,70.0616,67.9
P035,Group_2,Song_4,Mix_2,Song_4_Mix_2,Focus,2,1.2681691045587011,0.5923677340606543,-0.5286241216258535,-0.6397789303787698,66.9007,81.0
P035,Group_2,Song_4,Mix_3,Song_4_Mix_3,Focus,3,0.7157112924655705,1.571596835282909,0.4405093924631998,-0.5092893012012089,67.6707,79.0
P035,Group_2,Song_4,Mix_3,Song_4_Mix_3,Motivation,1,0.7157112924655705,1.571596835282909,0.4405093924631998,-0.5092893012012089,68.8909,75.6
P035,Group_2,Song_4,Mix_1,Song_4_Mix_1,Motivation,2,0.4000930682315073,0.924400977869014,1.059256496907797,-0.022827333312785386,71.5912,82.0
P035,Group_2,Song_4,Mix_2,Song_4_Mix_2,Motivation,3,1.2681691045587011,0.5923677340606543,-0.5286241216258535,-0.6397789303787698,67.6364,82.6
P036,Group_2,Song_3,Mix_2,Song_3_Mix_2,Relaxation,1,-0.7121820983369226,0.580858813415541,1.4182914058408784,3.1437965930250384,74.4795,66.5
P036,Group_2,Song_3,Mix_3,Song_3_Mix_3,Relaxation,2,-0.13318667446821103,0.08358782974664794,-1.5239068539152965,-0.3498430984052944,74.5416,64.0
P036,Group_2,Song_3,Mix_1,Song_3_Mix_1,Relaxation,3,-0.2703792860367242,-0.13240080810764882,-0.32625114903828495,-0.46033345233627265,77.3548,82.7
P036,Group_2,Song_3,Mix_2,Song_3_Mix_2,Distraction,1,-0.7121820983369226,0.580858813415541,1.4182914058408784,3.1437965930250384,77.6383,91.9
P036,Group_2,Song_3,Mix_3,Song_3_Mix_3,Distraction,2,-0.13318667446821103,0.08358782974664794,-1.5239068539152965,-0.3498430984052944,71.4119,54.9
P036,Group_2,Song_3,Mix_1,Song_3_Mix_1,Distraction,3,-0.2703792860367242,-0.13240080810764882,-0.32625114903828495,-0.46033345233627265,74.0262,73.6
P036,Group_2,Song_3,Mix_3,Song_3_Mix_3,Enjoyment,1,-0.13318667446821103,0.08358782974664794,-1.5239068539152965,-0.3498430984052944,77.5416,62.8
P036,Group_2,Song_3,Mix_2,Song_3_Mix_2,Enjoyment,2,-0.7121820983369226,0.580858813415541,1.4182914058408784,3.1437965930250384,77.4795,86.1
P036,Group_2,Song_3,Mix_1,Song_3_Mix_1,Enjoyment,3,-0.2703792860367242,-0.13240080810764882,-0.32625114903828495,-0.46033345233627265,80.3548,67.4
P036,Group_2,Song_3,Mix_2,Song_3_Mix_2,Focus,1,-0.7121820983369226,0.580858813415541,1.4182914058408784,3.1437965930250384,78.8161,80.2
P036,Group_2,Song_3,Mix_1,Song_3_Mix_1,Focus,2,-0.2703792860367242,-0.13240080810764882,-0.32625114903828495,-0.46033345233627265,78.2023,79.7
P036,Group_2,Song_3,Mix_3,Song_3_Mix_3,Focus,3,-0.13318667446821103,0.08358782974664794,-1.5239068539152965,-0.3498430984052944,72.9938,79.8
P036,Group_2,Song_3,Mix_1,Song_3_Mix_1,Motivation,1,-0.2703792860367242,-0.13240080810764882,-0.32625114903828495,-0.46033345233627265,79.0392,71.5
P036,Group_2,Song_3,Mix_3,Song_3_Mix_3,Motivation,2,-0.13318667446821103,0.08358782974664794,-1.5239068539152965,-0.3498430984052944,73.2318,64.8
P036,Group_2,Song_3,Mix_2,Song_3_Mix_2,Motivation,3,-0.7121820983369226,0.580858813415541,1.4182914058408784,3.1437965930250384,80.5252,80.9
P036,Group_2,Song_4,Mix_1,Song_4_Mix_1,Relaxation,1,0.4000930682315073,0.924400977869014,1.059256496907797,-0.022827333312785386,79.6519,90.5
P036,Group_2,Song_4,Mix_2,Song_4_Mix_2,Relaxation,2,1.2681691045587011,0.5923677340606543,-0.5286241216258535,-0.6397789303787698,79.6667,77.6
P036,Group_2,Song_4,Mix_3,Song_4_Mix_3,Relaxation,3,0.7157112924655705,1.571596835282909,0.4405093924631998,-0.5092893012012089,78.4985,98.1
P036,Group_2,Song_4,Mix_2,Song_4_Mix_2,Distraction,1,1.2681691045587011,0.5923677340606543,-0.5286241216258535,-0.6397789303787698,76.0151,70.3
P036,Group_2,Song_4,Mix_3,Song_4_Mix_3,Distraction,2,0.7157112924655705,1.571596835282909,0.4405093924631998,-0.5092893012012089,75.0818,65.9
P036,Group_2,Song_4,Mix_1,Song_4_Mix_1,Distraction,3,0.4000930682315073,0.924400977869014,1.059256496907797,-0.022827333312785386,77.1108,87.7
P036,Group_2,Song_4,Mix_2,Song_4_Mix_2,Enjoyment,1,1.2681691045587011,0.5923677340606543,-0.5286241216258535,-0.6397789303787698,82.6667,81.6
P036,Group_2,Song_4,Mix_3,Song_4_Mix_3,Enjoyment,2,0.7157112924655705,1.571596835282909,0.4405093924631998,-0.5092893012012089,81.4985,86.9
P036,Group_2,Song_4,Mix_1,Song_4_Mix_1,Enjoyment,3,0.4000930682315073,0.924400977869014,1.059256496907797,-0.022827333312785386,82.6519,82.1
P036,Group_2,Song_4,Mix_1,Song_4_Mix_1,Focus,1,0.4000930682315073,0.924400977869014,1.059256496907797,-0.022827333312785386,83.2704,75.8
P036,Group_2,Song_4,Mix_3,Song_4_Mix_3,Focus,2,0.7157112924655705,1.571596835282909,0.4405093924631998,-0.5092893012012089,80.8795,81.2
P036,Group_2,Song_4,Mix_2,Song_4_Mix_2,Focus,3,1.2681691045587011,0.5923677340606543,-0.5286241216258535,-0.6397789303787698,80.1095,90.4
P036,Group_2,Song_4,Mix_1,Song_4_Mix_1,Motivation,1,0.4000930682315073,0.924400977869014,1.059256496907797,-0.022827333312785386,84.8,85.5
P036,Group_2,Song_4,Mix_2,Song_4_Mix_2,Motivation,2,1.2681691045587011,0.5923677340606543,-0.5286241216258535,-0.6397789303787698,80.8452,90.9
P036,Group_2,Song_4,Mix_3,Song_4_Mix_3,Motivation,3,0.7157112924655705,1.571596835282909,0.4405093924631998,-0.5092893012012089,82.0998,90.8
P037,Group_2,Song_3,Mix_2,Song_3_Mix_2,Relaxation,1,-0.7121820983369226,0.580858813415541,1.4182914058408784,3.1437965930250384,65.9591,58.7
P037,Group_2,Song_3,Mix_1,Song_3_Mix_1,Relaxation,2,-0.2703792860367242,-0.13240080810764882,-0.32625114903828495,-0.46033345233627265,68.8344,59.2
P037,Group_2,Song_3,Mix_3,Song_3_Mix_3,Relaxation,3,-0.13318667446821103,0.08358782974664794,-1.5239068539152965,-0.3498430984052944,66.0212,67.5
P037,Group_2,Song_3,Mix_1,Song_3_Mix_1,Distraction,1,-0.2703792860367242,-0.13240080810764882,-0.32625114903828495,-0.46033345233627265,65.5058,80.1
P037,Group_2,Song_3,Mix_2,Song_3_Mix_2,Distraction,2,-0.7121820983369226,0.580858813415541,1.4182914058408784,3.1437965930250384,69.1179,95.9
P037,Group_2,Song_3,Mix_3,Song_3_Mix_3,Distraction,3,-0.13318667446821103,0.08358782974664794,-1.5239068539152965,-0.3498430984052944,62.8915,76.7
P037,Group_2,Song_3,Mix_1,Song_3_Mix_1,Enjoyment,1,-0.2703792860367242,-0.13240080810764882,-0.32625114903828495,-0.46033345233627265,71.8344,69.1
P037,Group_2,Song_3,Mix_2,Song_3_Mix_2,Enjoyment,2,-0.7121820983369226,0.580858813415541,1.4182914058408784,3.1437965930250384,68.9591,55.0
P037,Group_2,Song_3,Mix_3,Song_3_Mix_3,Enjoyment,3,-0.13318667446821103,0.08358782974664794,-1.5239068539152965,-0.3498430984052944,69.0212,71.1
P037,Group_2,Song_3,Mix_3,Song_3_Mix_3,Focus,1,-0.13318667446821103,0.08358782974664794,-1.5239068539152965,-0.3498430984052944,64.4734,72.3
P037,Group_2,Song_3,Mix_2,Song_3_Mix_2,Focus,2,-0.7121820983369226,0.580858813415541,1.4182914058408784,3.1437965930250384,70.2957,62.0
P037,Group_2,Song_3,Mix_1,Song_3_Mix_1,Focus,3,-0.2703792860367242,-0.13240080810764882,-0.32625114903828495,-0.46033345233627265,69.6819,72.0
P037,Group_2,Song_3,Mix_3,Song_3_Mix_3,Motivation,1,-0.13318667446821103,0.08358782974664794,-1.5239068539152965,-0.3498430984052944,64.7114,72.8
P037,Group_2,Song_3,Mix_1,Song_3_Mix_1,Motivation,2,-0.2703792860367242,-0.13240080810764882,-0.32625114903828495,-0.46033345233627265,70.5188,57.9
P037,Group_2,Song_3,Mix_2,Song_3_Mix_2,Motivation,3,-0.7121820983369226,0.580858813415541,1.4182914058408784,3.1437965930250384,72.0048,82.9
P037,Group_2,Song_4,Mix_2,Song_4_Mix_2,Relaxation,1,1.2681691045587011,0.5923677340606543,-0.5286241216258535,-0.6397789303787698,71.1463,70.3
P037,Group_2,Song_4,Mix_3,Song_4_Mix_3,Relaxation,2,0.7157112924655705,1.571596835282909,0.4405093924631998,-0.5092893012012089,69.9781,59.1
P037,Group_2,Song_4,Mix_1,Song_4_Mix_1,Relaxation,3,0.4000930682315073,0.924400977869014,1.059256496907797,-0.022827333312785386,71.1315,68.9
P037,Group_2,Song_4,Mix_3,Song_4_Mix_3,Distraction,1,0.7157112924655705,1.571596835282909,0.4405093924631998,-0.5092893012012089,66.5614,67.5
P037,Group_2,Song_4,Mix_1,Song_4_Mix_1,Distraction,2,0.4000930682315073,0.924400977869014,1.059256496907797,-0.022827333312785386,68.5904,58.0
P037,Group_2,Song_4,Mix_2,Song_4_Mix_2,Distraction,3,1.2681691045587011,0.5923677340606543,-0.5286241216258535,-0.6397789303787698,67.4947,66.7
P037,Group_2,Song_4,Mix_1,Song_4_Mix_1,Enjoyment,1,0.4000930682315073,0.924400977869014,1.059256496907797,-0.022827333312785386,74.1315,57.4
P037,Group_2,Song_4,Mix_3,Song_4_Mix_3,Enjoyment,2,0.7157112924655705,1.571596835282909,0.4405093924631998,-0.5092893012012089,72.9781,60.3
P037,Group_2,Song_4,Mix_2,Song_4_Mix_2,Enjoyment,3,1.2681691045587011,0.5923677340606543,-0.5286241216258535,-0.6397789303787698,74.1463,71.0
P037,Group_2,Song_4,Mix_1,Song_4_Mix_1,Focus,1,0.4000930682315073,0.924400977869014,1.059256496907797,-0.022827333312785386,74.75,74.8
P037,Group_2,Song_4,Mix_3,Song_4_Mix_3,Focus,2,0.7157112924655705,1.571596835282909,0.4405093924631998,-0.5092893012012089,72.3591,83.4
P037,Group_2,Song_4,Mix_2,Song_4_Mix_2,Focus,3,1.2681691045587011,0.5923677340606543,-0.5286241216258535,-0.6397789303787698,71.5891,73.9
P037,Group_2,Song_4,Mix_1,Song_4_Mix_1,Motivation,1,0.4000930682315073,0.924400977869014,1.059256496907797,-0.022827333312785386,76.2796,80.4
P037,Group_2,Song_4,Mix_3,Song_4_Mix_3,Motivation,2,0.7157112924655705,1.571596835282909,0.4405093924631998,-0.5092893012012089,73.5794,72.4
P037,Group_2,Song_4,Mix_2,Song_4_Mix_2,Motivation,3,1.2681691045587011,0.5923677340606543,-0.5286241216258535,-0.6397789303787698,72.3248,55.7
P038,Group_2,Song_3,Mix_1,Song_3_Mix_1,Relaxation,1,-0.2703792860367242,-0.13240080810764882,-0.32625114903828495,-0.46033345233627265,65.4624,64.7
P038,Group_2,Song_3,Mix_2,Song_3_Mix_2,Relaxation,2,-0.7121820983369226,0.580858813415541,1.4182914058408784,3.1437965930250384,62.587,61.0
P038,Group_2,Song_3,Mix_3,Song_3_Mix_3,Relaxation,3,-0.13318667446821103,0.08358782974664794,-1.5239068539152965,-0.3498430984052944,62.6491,85.8
P038,Group_2,Song_3,Mix_2,Song_3_Mix_2,Distraction,1,-0.7121820983369226,0.580858813415541,1.4182914058408784,3.1437965930250384,65.7459,72.6
P038,Group_2,Song_3,Mix_3,Song_3_Mix_3,Distraction,2,-0.13318667446821103,0.08358782974664794,-1.5239068539152965,-0.3498430984052944,59.5194,64.6
P038,Group_2,Song_3,Mix_1,Song_3_Mix_1,Distraction,3,-0.2703792860367242,-0.13240080810764882,-0.32625114903828495,-0.46033345233627265,62.1338,57.9
P038,Group_2,Song_3,Mix_1,Song_3_Mix_1,Enjoyment,1,-0.2703792860367242,-0.13240080810764882,-0.32625114903828495,-0.46033345233627265,68.4624,70.4
P038,Group_2,Song_3,Mix_3,Song_3_Mix_3,Enjoyment,2,-0.13318667446821103,0.08358782974664794,-1.5239068539152965,-0.3498430984052944,65.6491,67.8
P038,Group_2,Song_3,Mix_2,Song_3_Mix_2,Enjoyment,3,-0.7121820983369226,0.580858813415541,1.4182914058408784,3.1437965930250384,65.587,59.0
P038,Group_2,Song_3,Mix_3,Song_3_Mix_3,Focus,1,-0.13318667446821103,0.08358782974664794,-1.5239068539152965,-0.3498430984052944,61.1013,58.0
P038,Group_2,Song_3,Mix_1,Song_3_Mix_1,Focus,2,-0.2703792860367242,-0.13240080810764882,-0.32625114903828495,-0.46033345233627265,66.3099,55.7
P038,Group_2,Song_3,Mix_2,Song_3_Mix_2,Focus,3,-0.7121820983369226,0.580858813415541,1.4182914058408784,3.1437965930250384,66.9236,57.7
P038,Group_2,Song_3,Mix_3,Song_3_Mix_3,Motivation,1,-0.13318667446821103,0.08358782974664794,-1.5239068539152965,-0.3498430984052944,61.3394,60.2
P038,Group_2,Song_3,Mix_2,Song_3_Mix_2,Motivation,2,-0.7121820983369226,0.580858813415541,1.4182914058408784,3.1437965930250384,68.6328,57.0
P038,Group_2,Song_3,Mix_1,Song_3_Mix_1,Motivation,3,-0.2703792860367242,-0.13240080810764882,-0.32625114903828495,-0.46033345233627265,67.1467,53.2
P038,Group_2,Song_4,Mix_1,Song_4_Mix_1,Relaxation,1,0.4000930682315073,0.924400977869014,1.059256496907797,-0.022827333312785386,67.7594,62.5
P038,Group_2,Song_4,Mix_2,Song_4_Mix_2,Relaxation,2,1.2681691045587011,0.5923677340606543,-0.5286241216258535,-0.6397789303787698,67.7743,80.3
P038,Group_2,Song_4,Mix_3,Song_4_Mix_3,Relaxation,3,0.7157112924655705,1.571596835282909,0.4405093924631998,-0.5092893012012089,66.606,70.2
P038,Group_2,Song_4,Mix_3,Song_4_Mix_3,Distraction,1,0.7157112924655705,1.571596835282909,0.4405093924631998,-0.5092893012012089,63.1893,63.8
P038,Group_2,Song_4,Mix_1,Song_4_Mix_1,Distraction,2,0.4000930682315073,0.924400977869014,1.059256496907797,-0.022827333312785386,65.2183,73.6
P038,Group_2,Song_4,Mix_2,Song_4_Mix_2,Distraction,3,1.2681691045587011,0.5923677340606543,-0.5286241216258535,-0.6397789303787698,64.1227,62.6
P038,Group_2,Song_4,Mix_1,Song_4_Mix_1,Enjoyment,1,0.4000930682315073,0.924400977869014,1.059256496907797,-0.022827333312785386,70.7594,64.2
P038,Group_2,Song_4,Mix_3,Song_4_Mix_3,Enjoyment,2,0.7157112924655705,1.571596835282909,0.4405093924631998,-0.5092893012012089,69.606,86.9
P038,Group_2,Song_4,Mix_2,Song_4_Mix_2,Enjoyment,3,1.2681691045587011,0.5923677340606543,-0.5286241216258535,-0.6397789303787698,70.7743,67.3
P038,Group_2,Song_4,Mix_3,Song_4_Mix_3,Focus,1,0.7157112924655705,1.571596835282909,0.4405093924631998,-0.5092893012012089,68.987,71.8
P038,Group_2,Song_4,Mix_1,Song_4_Mix_1,Focus,2,0.4000930682315073,0.924400977869014,1.059256496907797,-0.022827333312785386,71.3779,66.5
P038,Group_2,Song_4,Mix_2,Song_4_Mix_2,Focus,3,1.2681691045587011,0.5923677340606543,-0.5286241216258535,-0.6397789303787698,68.217,58.5
P038,Group_2,Song_4,Mix_1,Song_4_Mix_1,Motivation,1,0.4000930682315073,0.924400977869014,1.059256496907797,-0.022827333312785386,72.9075,86.2
P038,Group_2,Song_4,Mix_3,Song_4_Mix_3,Motivation,2,0.7157112924655705,1.571596835282909,0.4405093924631998,-0.5092893012012089,70.2073,77.5
P038,Group_2,Song_4,Mix_2,Song_4_Mix_2,Motivation,3,1.2681691045587011,0.5923677340606543,-0.5286241216258535,-0.6397789303787698,68.9527,63.5
P039,Group_2,Song_3,Mix_3,Song_3_Mix_3,Relaxation,1,-0.13318667446821103,0.08358782974664794,-1.5239068539152965,-0.3498430984052944,61.3848,54.2
P039,Group_2,Song_3,Mix_2,Song_3_Mix_2,Relaxation,2,-0.7121820983369226,0.580858813415541,1.4182914058408784,3.1437965930250384,61.3227,46.9
P039,Group_2,Song_3,Mix_1,Song_3_Mix_1,Relaxation,3,-0.2703792860367242,-0.13240080810764882,-0.32625114903828495,-0.46033345233627265,64.198,61.6
P039,Group_2,Song_3,Mix_1,Song_3_Mix_1,Distraction,1,-0.2703792860367242,-0.13240080810764882,-0.32625114903828495,-0.46033345233627265,60.8694,54.2
P039,Group_2,Song_3,Mix_3,Song_3_Mix_3,Distraction,2,-0.13318667446821103,0.08358782974664794,-1.5239068539152965,-0.3498430984052944,58.2551,65.7
P039,Group_2,Song_3,Mix_2,Song_3_Mix_2,Distraction,3,-0.7121820983369226,0.580858813415541,1.4182914058408784,3.1437965930250384,64.4815,63.2
P039,Group_2,Song_3,Mix_3,Song_3_Mix_3,Enjoyment,1,-0.13318667446821103,0.08358782974664794,-1.5239068539152965,-0.3498430984052944,64.3848,65.6
P039,Group_2,Song_3,Mix_2,Song_3_Mix_2,Enjoyment,2,-0.7121820983369226,0.580858813415541,1.4182914058408784,3.1437965930250384,64.3227,45.5
P039,Group_2,Song_3,Mix_1,Song_3_Mix_1,Enjoyment,3,-0.2703792860367242,-0.13240080810764882,-0.32625114903828495,-0.46033345233627265,67.198,70.2
P039,Group_2,Song_3,Mix_2,Song_3_Mix_2,Focus,1,-0.7121820983369226,0.580858813415541,1.4182914058408784,3.1437965930250384,65.6593,68.6
P039,Group_2,Song_3,Mix_3,Song_3_Mix_3,Focus,2,-0.13318667446821103,0.08358782974664794,-1.5239068539152965,-0.3498430984052944,59.837,70.1
P039,Group_2,Song_3,Mix_1,Song_3_Mix_1,Focus,3,-0.2703792860367242,-0.13240080810764882,-0.32625114903828495,-0.46033345233627265,65.0455,74.9
P039,Group_2,Song_3,Mix_1,Song_3_Mix_1,Motivation,1,-0.2703792860367242,-0.13240080810764882,-0.32625114903828495,-0.46033345233627265,65.8824,74.4
P039,Group_2,Song_3,Mix_2,Song_3_Mix_2,Motivation,2,-0.7121820983369226,0.580858813415541,1.4182914058408784,3.1437965930250384,67.3684,68.1
P039,Group_2,Song_3,Mix_3,Song_3_Mix_3,Motivation,3,-0.13318667446821103,0.08358782974664794,-1.5239068539152965,-0.3498430984052944,60.075,49.0
P039,Group_2,Song_4,Mix_3,Song_4_Mix_3,Relaxation,1,0.7157112924655705,1.571596835282909,0.4405093924631998,-0.5092893012012089,65.3417,63.0
P039,Group_2,Song_4,Mix_1,Song_4_Mix_1,Relaxation,2,0.4000930682315073,0.924400977869014,1.059256496907797,-0.022827333312785386,66.4951,69.6
P039,Group_2,Song_4,Mix_2,Song_4_Mix_2,Relaxation,3,1.2681691045587011,0.5923677340606543,-0.5286241216258535,-0.6397789303787698,66.5099,58.7
P039,Group_2,Song_4,Mix_3,Song_4_Mix_3,Distraction,1,0.7157112924655705,1.571596835282909,0.4405093924631998,-0.5092893012012089,61.9249,63.7
P039,Group_2,Song_4,Mix_2,Song_4_Mix_2,Distraction,2,1.2681691045587011,0.5923677340606543,-0.5286241216258535,-0.6397789303787698,62.8583,55.8
P039,Group_2,Song_4,Mix_1,Song_4_Mix_1,Distraction,3,0.4000930682315073,0.924400977869014,1.059256496907797,-0.022827333312785386,63.954,59.1
P039,Group_2,Song_4,Mix_1,Song_4_Mix_1,Enjoyment,1,0.4000930682315073,0.924400977869014,1.059256496907797,-0.022827333312785386,69.4951,71.6
P039,Group_2,Song_4,Mix_3,Song_4_Mix_3,Enjoyment,2,0.7157112924655705,1.571596835282909,0.4405093924631998,-0.5092893012012089,68.3417,69.2
P039,Group_2,Song_4,Mix_2,Song_4_Mix_2,Enjoyment,3,1.2681691045587011,0.5923677340606543,-0.5286241216258535,-0.6397789303787698,69.5099,64.9
P039,Group_2,Song_4,Mix_3,Song_4_Mix_3,Focus,1,0.7157112924655705,1.571596835282909,0.4405093924631998,-0.5092893012012089,67.7227,58.8
P039,Group_2,Song_4,Mix_2,Song_4_Mix_2,Focus,2,1.2681691045587011,0.5923677340606543,-0.5286241216258535,-0.6397789303787698,66.9527,67.0
P039,Group_2,Song_4,Mix_1,Song_4_Mix_1,Focus,3,0.4000930682315073,0.924400977869014,1.059256496907797,-0.022827333312785386,70.1136,64.8
P039,Group_2,Song_4,Mix_1,Song_4_Mix_1,Motivation,1,0.4000930682315073,0.924400977869014,1.059256496907797,-0.022827333312785386,71.6432,66.1
P039,Group_2,Song_4,Mix_2,Song_4_Mix_2,Motivation,2,1.2681691045587011,0.5923677340606543,-0.5286241216258535,-0.6397789303787698,67.6884,65.8
P039,Group_2,Song_4,Mix_3,Song_4_Mix_3,Motivation,3,0.7157112924655705,1.571596835282909,0.4405093924631998,-0.5092893012012089,68.9429,68.8
P040,Group_2,Song_3,Mix_3,Song_3_Mix_3,Relaxation,1,-0.13318667446821103,0.08358782974664794,-1.5239068539152965,-0.3498430984052944,65.1683,59.8
P040,Group_2,Song_3,Mix_1,Song_3_Mix_1,Relaxation,2,-0.2703792860367242,-0.13240080810764882,-0.32625114903828495,-0.46033345233627265,67.9815,64.2
P040,Group_2,Song_3,Mix_2,Song_3_Mix_2,Relaxation,3,-0.7121820983369226,0.580858813415541,1.4182914058408784,3.1437965930250384,65.1062,58.3
P040,Group_2,Song_3,Mix_3,Song_3_Mix_3,Distraction,1,-0.13318667446821103,0.08358782974664794,-1.5239068539152965,-0.3498430984052944,62.0386,63.3
P040,Group_2,Song_3,Mix_1,Song_3_Mix_1,Distraction,2,-0.2703792860367242,-0.13240080810764882,-0.32625114903828495,-0.46033345233627265,64.6529,61.3
P040,Group_2,Song_3,Mix_2,Song_3_Mix_2,Distraction,3,-0.7121820983369226,0.580858813415541,1.4182914058408784,3.1437965930250384,68.265,68.6
P040,Group_2,Song_3,Mix_3,Song_3_Mix_3,Enjoyment,1,-0.13318667446821103,0.08358782974664794,-1.5239068539152965,-0.3498430984052944,68.1683,66.1
P040,Group_2,Song_3,Mix_1,Song_3_Mix_1,Enjoyment,2,-0.2703792860367242,-0.13240080810764882,-0.32625114903828495,-0.46033345233627265,70.9815,68.4
P040,Group_2,Song_3,Mix_2,Song_3_Mix_2,Enjoyment,3,-0.7121820983369226,0.580858813415541,1.4182914058408784,3.1437965930250384,68.1062,88.1
P040,Group_2,Song_3,Mix_3,Song_3_Mix_3,Focus,1,-0.13318667446821103,0.08358782974664794,-1.5239068539152965,-0.3498430984052944,63.6205,62.9
P040,Group_2,Song_3,Mix_2,Song_3_Mix_2,Focus,2,-0.7121820983369226,0.580858813415541,1.4182914058408784,3.1437965930250384,69.4428,60.4
P040,Group_2,Song_3,Mix_1,Song_3_Mix_1,Focus,3,-0.2703792860367242,-0.13240080810764882,-0.32625114903828495,-0.46033345233627265,68.829,73.6
P040,Group_2,Song_3,Mix_3,Song_3_Mix_3,Motivation,1,-0.13318667446821103,0.08358782974664794,-1.5239068539152965,-0.3498430984052944,63.8585,61.8
P040,Group_2,Song_3,Mix_2,Song_3_Mix_2,Motivation,2,-0.7121820983369226,0.580858813415541,1.4182914058408784,3.1437965930250384,71.1519,62.0
P040,Group_2,Song_3,Mix_1,Song_3_Mix_1,Motivation,3,-0.2703792860367242,-0.13240080810764882,-0.32625114903828495,-0.46033345233627265,69.6659,75.0
P040,Group_2,Song_4,Mix_1,Song_4_Mix_1,Relaxation,1,0.4000930682315073,0.924400977869014,1.059256496907797,-0.022827333312785386,70.2786,55.7
P040,Group_2,Song_4,Mix_2,Song_4_Mix_2,Relaxation,2,1.2681691045587011,0.5923677340606543,-0.5286241216258535,-0.6397789303787698,70.2934,62.8
P040,Group_2,Song_4,Mix_3,Song_4_Mix_3,Relaxation,3,0.7157112924655705,1.571596835282909,0.4405093924631998,-0.5092893012012089,69.1252,67.2
P040,Group_2,Song_4,Mix_3,Song_4_Mix_3,Distraction,1,0.7157112924655705,1.571596835282909,0.4405093924631998,-0.5092893012012089,65.7085,65.2
P040,Group_2,Song_4,Mix_2,Song_4_Mix_2,Distraction,2,1.2681691045587011,0.5923677340606543,-0.5286241216258535,-0.6397789303787698,66.6418,71.6
P040,Group_2,Song_4,Mix_1,Song_4_Mix_1,Distraction,3,0.4000930682315073,0.924400977869014,1.059256496907797,-0.022827333312785386,67.7375,64.4
P040,Group_2,Song_4,Mix_2,Song_4_Mix_2,Enjoyment,1,1.2681691045587011,0.5923677340606543,-0.5286241216258535,-0.6397789303787698,73.2934,78.4
P040,Group_2,Song_4,Mix_1,Song_4_Mix_1,Enjoyment,2,0.4000930682315073,0.924400977869014,1.059256496907797,-0.022827333312785386,73.2786,70.2
P040,Group_2,Song_4,Mix_3,Song_4_Mix_3,Enjoyment,3,0.7157112924655705,1.571596835282909,0.4405093924631998,-0.5092893012012089,72.1252,84.2
P040,Group_2,Song_4,Mix_2,Song_4_Mix_2,Focus,1,1.2681691045587011,0.5923677340606543,-0.5286241216258535,-0.6397789303787698,70.7362,79.4
P040,Group_2,Song_4,Mix_1,Song_4_Mix_1,Focus,2,0.4000930682315073,0.924400977869014,1.059256496907797,-0.022827333312785386,73.8971,76.8
P040,Group_2,Song_4,Mix_3,Song_4_Mix_3,Focus,3,0.7157112924655705,1.571596835282909,0.4405093924631998,-0.5092893012012089,71.5062,78.6
P040,Group_2,Song_4,Mix_1,Song_4_Mix_1,Motivation,1,0.4000930682315073,0.924400977869014,1.059256496907797,-0.022827333312785386,75.4267,77.7
P040,Group_2,Song_4,Mix_3,Song_4_Mix_3,Motivation,2,0.7157112924655705,1.571596835282909,0.4405093924631998,-0.5092893012012089,72.7265,77.6
P040,Group_2,Song_4,Mix_2,Song_4_Mix_2,Motivation,3,1.2681691045587011,0.5923677340606543,-0.5286241216258535,-0.6397789303787698,71.4719,68.9
