participant_id,group,song_id,song_title,mix_id,stimulus_id,original_mix_name,episode,presentation_order,feature_contribution,expected_rating,unbounded_rating,rating,was_clipped,comment,z_RMS,z_CF,z_SW,z_SI
F001,group_01,lead_me,Lead Me,mix_d3e3580b6e30,lead_me_mcg_pro2,McG-pro2,EDR-1,1,3.814031642297137,88.52930355158112,96.48748391239923,96.48748391239923,False,Synthetic feature-driven placeholder comment.,2.9805308263561203,0.8594252384169624,-0.9263284806752846,0.048773555233824
F001,group_01,lead_me,Lead Me,mix_c7d9a071ba25,lead_me_pxl_l4,PXL-L4,EDR-1,2,3.536878170598983,83.26129379822243,91.87115731518529,91.87115731518529,False,Synthetic feature-driven placeholder comment.,-0.0552007785055364,-0.8412121981784734,0.8321106863211235,2.390299590706203
F001,group_01,lead_me,Lead Me,mix_f1f7973e5bac,lead_me_du_d,DU-D,EDR-1,3,5.9315598802398135,87.37152613874356,66.19854635557631,66.19854635557631,False,Synthetic feature-driven placeholder comment.,0.7402857811167308,-1.548717422055362,0.3280479404435016,-1.017146833506479
F001,group_01,lead_me,Lead Me,mix_271852ba8676,lead_me_du_e,DU-E,EDR-1,4,-5.750339322248495,71.24715574951396,87.03057090421503,87.03057090421503,False,Synthetic feature-driven placeholder comment.,-1.0250576971995913,0.5199952869185839,-0.8666083508697964,0.9959336464039888
F001,group_01,lead_me,Lead Me,mix_d5b28dfc8a93,lead_me_pxl_l1,PXL-L1,EDR-1,5,-2.181930306539545,78.90694548371953,79.51069346692512,79.51069346692512,False,Synthetic feature-driven placeholder comment.,-0.0024436394808062,-0.3677713699084406,-1.2816942263900757,-0.1924460334762285
F001,group_01,lead_me,Lead Me,mix_c7d9a071ba25,lead_me_pxl_l4,PXL-L4,EDR-2,1,3.536878170598983,79.76129379822243,68.05829907549814,68.05829907549814,False,Synthetic feature-driven placeholder comment.,-0.0552007785055364,-0.8412121981784734,0.8321106863211235,2.390299590706203
F001,group_01,lead_me,Lead Me,mix_d5b28dfc8a93,lead_me_pxl_l1,PXL-L1,EDR-2,2,-2.181930306539545,75.40694548371953,78.39704766799183,78.39704766799183,False,Synthetic feature-driven placeholder comment.,-0.0024436394808062,-0.3677713699084406,-1.2816942263900757,-0.1924460334762285
F001,group_01,lead_me,Lead Me,mix_f1f7973e5bac,lead_me_du_d,DU-D,EDR-2,3,5.9315598802398135,83.87152613874356,95.55978350119395,95.55978350119395,False,Synthetic feature-driven placeholder comment.,0.7402857811167308,-1.548717422055362,0.3280479404435016,-1.017146833506479
F001,group_01,lead_me,Lead Me,mix_271852ba8676,lead_me_du_e,DU-E,EDR-2,4,-5.750339322248495,67.74715574951396,53.86633099219972,53.86633099219972,False,Synthetic feature-driven placeholder comment.,-1.0250576971995913,0.5199952869185839,-0.8666083508697964,0.9959336464039888
F001,group_01,lead_me,Lead Me,mix_d3e3580b6e30,lead_me_mcg_pro2,McG-pro2,EDR-2,5,3.814031642297137,85.02930355158112,94.65166452153828,94.65166452153828,False,Synthetic feature-driven placeholder comment.,2.9805308263561203,0.8594252384169624,-0.9263284806752846,0.048773555233824
F001,group_01,lead_me,Lead Me,mix_271852ba8676,lead_me_du_e,DU-E,FM-1,1,-5.750339322248495,70.24715574951396,65.46777672463847,65.46777672463847,False,Synthetic feature-driven placeholder comment.,-1.0250576971995913,0.5199952869185839,-0.8666083508697964,0.9959336464039888
F001,group_01,lead_me,Lead Me,mix_d3e3580b6e30,lead_me_mcg_pro2,McG-pro2,FM-1,2,3.814031642297137,87.52930355158112,84.02002661322626,84.02002661322626,False,Synthetic feature-driven placeholder comment.,2.9805308263561203,0.8594252384169624,-0.9263284806752846,0.048773555233824
F001,group_01,lead_me,Lead Me,mix_c7d9a071ba25,lead_me_pxl_l4,PXL-L4,FM-1,3,3.536878170598983,82.26129379822243,75.18611918506355,75.18611918506355,False,Synthetic feature-driven placeholder comment.,-0.0552007785055364,-0.8412121981784734,0.8321106863211235,2.390299590706203
F001,group_01,lead_me,Lead Me,mix_f1f7973e5bac,lead_me_du_d,DU-D,FM-1,4,5.9315598802398135,86.37152613874356,88.34552317606608,88.34552317606608,False,Synthetic feature-driven placeholder comment.,0.7402857811167308,-1.548717422055362,0.3280479404435016,-1.017146833506479
F001,group_01,lead_me,Lead Me,mix_d5b28dfc8a93,lead_me_pxl_l1,PXL-L1,FM-1,5,-2.181930306539545,77.90694548371953,80.31163274478435,80.31163274478435,False,Synthetic feature-driven placeholder comment.,-0.0024436394808062,-0.3677713699084406,-1.2816942263900757,-0.1924460334762285
F001,group_01,id_like_to_know,I'd Like To Know,mix_b393d3919c78,id_like_to_know_pxl_s7,PXL-S7,EDR-1,1,-1.6974528208642186,75.73592672700286,85.10293433666588,85.10293433666588,False,Synthetic feature-driven placeholder comment.,-0.867056238017743,-0.6188407399054331,-0.3229009373128245,-1.0515106991885117
F001,group_01,id_like_to_know,I'd Like To Know,mix_6f8b655d7999,id_like_to_know_pxl_s2,PXL-S2,EDR-1,2,2.122851337608373,82.6292912255413,95.14939063834838,95.14939063834838,False,Synthetic feature-driven placeholder comment.,0.5329997864789321,-1.1874673519330532,-0.7637519766505488,0.5510366380169074
F001,group_01,id_like_to_know,I'd Like To Know,mix_9ffcd672af17,id_like_to_know_pxl_s1,PXL-S1,EDR-1,3,-1.3706083561622606,74.73003898347923,72.09738961682693,72.09738961682693,False,Synthetic feature-driven placeholder comment.,-0.5659114167269081,-0.579304038497624,-0.4851205015292653,1.357247686182373
F001,group_01,id_like_to_know,I'd Like To Know,mix_82d60d7c7fc5,id_like_to_know_pxl_s5,PXL-S5,EDR-1,4,1.2228531117561643,84.5458403681663,94.21072017046664,94.21072017046664,False,Synthetic feature-driven placeholder comment.,-0.3583378408524605,-0.1527662554529231,0.7972705919658362,1.6270752922517937
F001,group_01,id_like_to_know,I'd Like To Know,mix_65f41f41d3ab,id_like_to_know_pxl_s3,PXL-S3,EDR-1,5,0.39777798146276877,79.33225174606712,69.29956993365366,69.29956993365366,False,Synthetic feature-driven placeholder comment.,0.3234844364321996,-1.065060189455143,-1.1651773700507613,-0.0982478955990668
F001,group_01,id_like_to_know,I'd Like To Know,mix_6f8b655d7999,id_like_to_know_pxl_s2,PXL-S2,EDR-2,1,2.122851337608373,79.1292912255413,69.66163373916076,69.66163373916076,False,Synthetic feature-driven placeholder comment.,0.5329997864789321,-1.1874673519330532,-0.7637519766505488,0.5510366380169074
F001,group_01,id_like_to_know,I'd Like To Know,mix_b393d3919c78,id_like_to_know_pxl_s7,PXL-S7,EDR-2,2,-1.6974528208642186,72.23592672700285,67.46714040238183,67.46714040238183,False,Synthetic feature-driven placeholder comment.,-0.867056238017743,-0.6188407399054331,-0.3229009373128245,-1.0515106991885117
F001,group_01,id_like_to_know,I'd Like To Know,mix_82d60d7c7fc5,id_like_to_know_pxl_s5,PXL-S5,EDR-2,3,1.2228531117561643,81.0458403681663,86.52912051501325,86.52912051501325,False,Synthetic feature-driven placeholder comment.,-0.3583378408524605,-0.1527662554529231,0.7972705919658362,1.6270752922517937
F001,group_01,id_like_to_know,I'd Like To Know,mix_9ffcd672af17,id_like_to_know_pxl_s1,PXL-S1,EDR-2,4,-1.3706083561622606,71.23003898347923,64.91400420036469,64.91400420036469,False,Synthetic feature-driven placeholder comment.,-0.5659114167269081,-0.579304038497624,-0.4851205015292653,1.357247686182373
F001,group_01,id_like_to_know,I'd Like To Know,mix_65f41f41d3ab,id_like_to_know_pxl_s3,PXL-S3,EDR-2,5,0.39777798146276877,75.83225174606712,80.2971208306707,80.2971208306707,False,Synthetic feature-driven placeholder comment.,0.3234844364321996,-1.065060189455143,-1.1651773700507613,-0.0982478955990668
F001,group_01,id_like_to_know,I'd Like To Know,mix_65f41f41d3ab,id_like_to_know_pxl_s3,PXL-S3,FM-1,1,0.39777798146276877,78.33225174606712,65.70943154464163,65.70943154464163,False,Synthetic feature-driven placeholder comment.,0.3234844364321996,-1.065060189455143,-1.1651773700507613,-0.0982478955990668
F001,group_01,id_like_to_know,I'd Like To Know,mix_b393d3919c78,id_like_to_know_pxl_s7,PXL-S7,FM-1,2,-1.6974528208642186,74.73592672700286,68.6519649560163,68.6519649560163,False,Synthetic feature-driven placeholder comment.,-0.867056238017743,-0.6188407399054331,-0.3229009373128245,-1.0515106991885117
F001,group_01,id_like_to_know,I'd Like To Know,mix_6f8b655d7999,id_like_to_know_pxl_s2,PXL-S2,FM-1,3,2.122851337608373,81.6292912255413,86.44339082599495,86.44339082599495,False,Synthetic feature-driven placeholder comment.,0.5329997864789321,-1.1874673519330532,-0.7637519766505488,0.5510366380169074
F001,group_01,id_like_to_know,I'd Like To Know,mix_9ffcd672af17,id_like_to_know_pxl_s1,PXL-S1,FM-1,4,-1.3706083561622606,73.73003898347923,87.013216295111,87.013216295111,False,Synthetic feature-driven placeholder comment.,-0.5659114167269081,-0.579304038497624,-0.4851205015292653,1.357247686182373
F001,group_01,id_like_to_know,I'd Like To Know,mix_82d60d7c7fc5,id_like_to_know_pxl_s5,PXL-S5,FM-1,5,1.2228531117561643,83.5458403681663,73.53842852330067,73.53842852330067,False,Synthetic feature-driven placeholder comment.,-0.3583378408524605,-0.1527662554529231,0.7972705919658362,1.6270752922517937
F002,group_02,in_the_meantime,In The Meantime,mix_302f0efe8a80,in_the_meantime_du_h,DU-H,EDR-1,1,-0.779898277359731,71.89451101412847,74.30845391632973,74.30845391632973,False,Synthetic feature-driven placeholder comment.,0.6887214233465396,0.2719152524959843,-0.8693704120952901,0.8234428342152216
F002,group_02,in_the_meantime,In The Meantime,mix_c7bdcba64775,in_the_meantime_qut_b,QUT-B,EDR-1,2,-4.883741826428456,62.802562871072084,82.704978004888,82.704978004888,False,Synthetic feature-driven placeholder comment.,-0.6698107538710293,-0.1978340618743536,-1.5468197375217057,0.0908009789400507
F002,group_02,in_the_meantime,In The Meantime,mix_9baa86357fd4,in_the_meantime_du_i,DU-I,EDR-1,3,-7.7211527946122915,59.64785992066451,57.09622676884271,57.09622676884271,False,Synthetic feature-driven placeholder comment.,-1.8990066727669184,1.9187185345499165,0.5415536857115313,-0.721703057329889
F002,group_02,in_the_meantime,In The Meantime,mix_cdaef40f2b94,in_the_meantime_qut_pro,QUT-pro,EDR-1,4,5.513631733764184,73.72612089229513,69.39726289932179,69.39726289932179,False,Synthetic feature-driven placeholder comment.,-0.6756280657690176,-1.4346341192827423,1.8511013279434223,-0.7325346788768815
F002,group_02,in_the_meantime,In The Meantime,mix_56e65a3ce054,in_the_meantime_du_k,DU-K,EDR-1,5,-4.439003297698766,65.46510896442362,68.3971035156498,68.3971035156498,False,Synthetic feature-driven placeholder comment.,-1.1193186569455127,1.7918041562064675,0.9713104079970216,0.4372547184671072
F002,group_02,in_the_meantime,In The Meantime,mix_cdaef40f2b94,in_the_meantime_qut_pro,QUT-pro,EDR-2,1,5.513631733764184,70.22612089229513,60.866411120679295,60.866411120679295,False,Synthetic feature-driven placeholder comment.,-0.6756280657690176,-1.4346341192827423,1.8511013279434223,-0.7325346788768815
F002,group_02,in_the_meantime,In The Meantime,mix_c7bdcba64775,in_the_meantime_qut_b,QUT-B,EDR-2,2,-4.883741826428456,59.3025628710721,60.49057010603698,60.49057010603698,False,Synthetic feature-driven placeholder comment.,-0.6698107538710293,-0.1978340618743536,-1.5468197375217057,0.0908009789400507
F002,group_02,in_the_meantime,In The Meantime,mix_56e65a3ce054,in_the_meantime_du_k,DU-K,EDR-2,3,-4.439003297698766,61.96510896442362,61.4903151739332,61.4903151739332,False,Synthetic feature-driven placeholder comment.,-1.1193186569455127,1.7918041562064675,0.9713104079970216,0.4372547184671072
F002,group_02,in_the_meantime,In The Meantime,mix_9baa86357fd4,in_the_meantime_du_i,DU-I,EDR-2,4,-7.7211527946122915,56.14785992066451,67.81069707653407,67.81069707653407,False,Synthetic feature-driven placeholder comment.,-1.8990066727669184,1.9187185345499165,0.5415536857115313,-0.721703057329889
F002,group_02,in_the_meantime,In The Meantime,mix_302f0efe8a80,in_the_meantime_du_h,DU-H,EDR-2,5,-0.779898277359731,68.39451101412847,71.46227350898373,71.46227350898373,False,Synthetic feature-driven placeholder comment.,0.6887214233465396,0.2719152524959843,-0.8693704120952901,0.8234428342152216
F002,group_02,in_the_meantime,In The Meantime,mix_cdaef40f2b94,in_the_meantime_qut_pro,QUT-pro,FM-1,1,5.513631733764184,72.72612089229513,61.341868231984314,61.341868231984314,False,Synthetic feature-driven placeholder comment.,-0.6756280657690176,-1.4346341192827423,1.8511013279434223,-0.7325346788768815
F002,group_02,in_the_meantime,In The Meantime,mix_302f0efe8a80,in_the_meantime_du_h,DU-H,FM-1,2,-0.779898277359731,70.89451101412847,62.5895155567028,62.5895155567028,False,Synthetic feature-driven placeholder comment.,0.6887214233465396,0.2719152524959843,-0.8693704120952901,0.8234428342152216
F002,group_02,in_the_meantime,In The Meantime,mix_c7bdcba64775,in_the_meantime_qut_b,QUT-B,FM-1,3,-4.883741826428456,61.8025628710721,43.846707811446365,43.846707811446365,False,Synthetic feature-driven placeholder comment.,-0.6698107538710293,-0.1978340618743536,-1.5468197375217057,0.0908009789400507
F002,group_02,in_the_meantime,In The Meantime,mix_56e65a3ce054,in_the_meantime_du_k,DU-K,FM-1,4,-4.439003297698766,64.46510896442362,45.74749783533801,45.74749783533801,False,Synthetic feature-driven placeholder comment.,-1.1193186569455127,1.7918041562064675,0.9713104079970216,0.4372547184671072
F002,group_02,in_the_meantime,In The Meantime,mix_9baa86357fd4,in_the_meantime_du_i,DU-I,FM-1,5,-7.7211527946122915,58.64785992066451,77.2318985539372,77.2318985539372,False,Synthetic feature-driven placeholder comment.,-1.8990066727669184,1.9187185345499165,0.5415536857115313,-0.721703057329889
F002,group_02,pouring_room,Pouring Room,mix_132e75f34470,pouring_room_mcg_pro1,McG-pro1,EDR-1,1,1.9624437219793534,74.3847478397165,67.16333218147645,67.16333218147645,False,Synthetic feature-driven placeholder comment.,1.177821012274786,0.1366958746221527,-0.3534041622732912,-0.9473754159948484
F002,group_02,pouring_room,Pouring Room,mix_be2ccd4c43ff,pouring_room_mcg_t,McG-T,EDR-1,2,1.860080740948886,73.01137787066492,84.36882804854804,84.36882804854804,False,Synthetic feature-driven placeholder comment.,-0.0814371595061495,1.1238301932737935,1.926895983278192,-0.8792578396079359
F002,group_02,pouring_room,Pouring Room,mix_e08faaf8bbb3,pouring_room_mcg_v,McG-V,EDR-1,3,-2.460604585630299,66.02967194221168,59.59589682917611,59.59589682917611,False,Synthetic feature-driven placeholder comment.,0.2009523983216312,1.112208706920678,-0.2814967551013548,-0.938440679331238
F002,group_02,pouring_room,Pouring Room,mix_0ba76f420c1d,pouring_room_mcg_r,McG-R,EDR-1,4,3.5333626255955455,75.03956634534273,71.55284890530356,71.55284890530356,False,Synthetic feature-driven placeholder comment.,0.2249858589620197,-0.521538265731174,0.8057256670690561,-1.2630720295337683
F002,group_02,pouring_room,Pouring Room,mix_cbf8555ee2b2,pouring_room_mcg_x,McG-X,EDR-1,5,1.3892606412929467,65.21335849539574,50.291631856737325,50.291631856737325,False,Synthetic feature-driven placeholder comment.,0.4494273963527286,0.780552768870155,0.8086566197405122,-0.4801297779726206
F002,group_02,pouring_room,Pouring Room,mix_be2ccd4c43ff,pouring_room_mcg_t,McG-T,EDR-2,1,1.860080740948886,69.51137787066492,66.14010800250102,66.14010800250102,False,Synthetic feature-driven placeholder comment.,-0.0814371595061495,1.1238301932737935,1.926895983278192,-0.8792578396079359
F002,group_02,pouring_room,Pouring Room,mix_cbf8555ee2b2,pouring_room_mcg_x,McG-X,EDR-2,2,1.3892606412929467,61.71335849539574,76.46398081447596,76.46398081447596,False,Synthetic feature-driven placeholder comment.,0.4494273963527286,0.780552768870155,0.8086566197405122,-0.4801297779726206
F002,group_02,pouring_room,Pouring Room,mix_e08faaf8bbb3,pouring_room_mcg_v,McG-V,EDR-2,3,-2.460604585630299,62.529671942211685,56.439440091298216,56.439440091298216,False,Synthetic feature-driven placeholder comment.,0.2009523983216312,1.112208706920678,-0.2814967551013548,-0.938440679331238
F002,group_02,pouring_room,Pouring Room,mix_0ba76f420c1d,pouring_room_mcg_r,McG-R,EDR-2,4,3.5333626255955455,71.53956634534273,82.94514263432934,82.94514263432934,False,Synthetic feature-driven placeholder comment.,0.2249858589620197,-0.521538265731174,0.8057256670690561,-1.2630720295337683
F002,group_02,pouring_room,Pouring Room,mix_132e75f34470,pouring_room_mcg_pro1,McG-pro1,EDR-2,5,1.9624437219793534,70.8847478397165,84.07607748507932,84.07607748507932,False,Synthetic feature-driven placeholder comment.,1.177821012274786,0.1366958746221527,-0.3534041622732912,-0.9473754159948484
F002,group_02,pouring_room,Pouring Room,mix_e08faaf8bbb3,pouring_room_mcg_v,McG-V,FM-1,1,-2.460604585630299,65.02967194221168,51.87949512698043,51.87949512698043,False,Synthetic feature-driven placeholder comment.,0.2009523983216312,1.112208706920678,-0.2814967551013548,-0.938440679331238
F002,group_02,pouring_room,Pouring Room,mix_cbf8555ee2b2,pouring_room_mcg_x,McG-X,FM-1,2,1.3892606412929467,64.21335849539574,68.30931301958667,68.30931301958667,False,Synthetic feature-driven placeholder comment.,0.4494273963527286,0.780552768870155,0.8086566197405122,-0.4801297779726206
F002,group_02,pouring_room,Pouring Room,mix_0ba76f420c1d,pouring_room_mcg_r,McG-R,FM-1,3,3.5333626255955455,74.03956634534273,65.02958666286088,65.02958666286088,False,Synthetic feature-driven placeholder comment.,0.2249858589620197,-0.521538265731174,0.8057256670690561,-1.2630720295337683
F002,group_02,pouring_room,Pouring Room,mix_be2ccd4c43ff,pouring_room_mcg_t,McG-T,FM-1,4,1.860080740948886,72.01137787066492,61.89342311636263,61.89342311636263,False,Synthetic feature-driven placeholder comment.,-0.0814371595061495,1.1238301932737935,1.926895983278192,-0.8792578396079359
F002,group_02,pouring_room,Pouring Room,mix_132e75f34470,pouring_room_mcg_pro1,McG-pro1,FM-1,5,1.9624437219793534,73.3847478397165,74.50533892998118,74.50533892998118,False,Synthetic feature-driven placeholder comment.,1.177821012274786,0.1366958746221527,-0.3534041622732912,-0.9473754159948484
F003,group_01,lead_me,Lead Me,mix_c7d9a071ba25,lead_me_pxl_l4,PXL-L4,EDR-1,1,3.536878170598983,74.30761415718088,86.28744145422215,86.28744145422215,False,Synthetic feature-driven placeholder comment.,-0.0552007785055364,-0.8412121981784734,0.8321106863211235,2.390299590706203
F003,group_01,lead_me,Lead Me,mix_271852ba8676,lead_me_du_e,DU-E,EDR-1,2,-5.750339322248495,62.29347610847242,59.3236681616659,59.3236681616659,False,Synthetic feature-driven placeholder comment.,-1.0250576971995913,0.5199952869185839,-0.8666083508697964,0.9959336464039888
F003,group_01,lead_me,Lead Me,mix_f1f7973e5bac,lead_me_du_d,DU-D,EDR-1,3,5.9315598802398135,78.41784649770202,87.22410664428418,87.22410664428418,False,Synthetic feature-driven placeholder comment.,0.7402857811167308,-1.548717422055362,0.3280479404435016,-1.017146833506479
F003,group_01,lead_me,Lead Me,mix_d3e3580b6e30,lead_me_mcg_pro2,McG-pro2,EDR-1,4,3.814031642297137,79.57562391053958,84.58400259575474,84.58400259575474,False,Synthetic feature-driven placeholder comment.,2.9805308263561203,0.8594252384169624,-0.9263284806752846,0.048773555233824
F003,group_01,lead_me,Lead Me,mix_d5b28dfc8a93,lead_me_pxl_l1,PXL-L1,EDR-1,5,-2.181930306539545,69.95326584267798,69.8850094435594,69.8850094435594,False,Synthetic feature-driven placeholder comment.,-0.0024436394808062,-0.3677713699084406,-1.2816942263900757,-0.1924460334762285
F003,group_01,lead_me,Lead Me,mix_d3e3580b6e30,lead_me_mcg_pro2,McG-pro2,EDR-2,1,3.814031642297137,76.07562391053958,67.72607355324482,67.72607355324482,False,Synthetic feature-driven placeholder comment.,2.9805308263561203,0.8594252384169624,-0.9263284806752846,0.048773555233824
F003,group_01,lead_me,Lead Me,mix_d5b28dfc8a93,lead_me_pxl_l1,PXL-L1,EDR-2,2,-2.181930306539545,66.45326584267798,66.82553540330062,66.82553540330062,False,Synthetic feature-driven placeholder comment.,-0.0024436394808062,-0.3677713699084406,-1.2816942263900757,-0.1924460334762285
F003,group_01,lead_me,Lead Me,mix_271852ba8676,lead_me_du_e,DU-E,EDR-2,3,-5.750339322248495,58.793476108472426,89.96368498099272,89.96368498099272,False,Synthetic feature-driven placeholder comment.,-1.0250576971995913,0.5199952869185839,-0.8666083508697964,0.9959336464039888
F003,group_01,lead_me,Lead Me,mix_c7d9a071ba25,lead_me_pxl_l4,PXL-L4,EDR-2,4,3.536878170598983,70.80761415718088,62.53486942474048,62.53486942474048,False,Synthetic feature-driven placeholder comment.,-0.0552007785055364,-0.8412121981784734,0.8321106863211235,2.390299590706203
F003,group_01,lead_me,Lead Me,mix_f1f7973e5bac,lead_me_du_d,DU-D,EDR-2,5,5.9315598802398135,74.91784649770202,73.40147990203074,73.40147990203074,False,Synthetic feature-driven placeholder comment.,0.7402857811167308,-1.548717422055362,0.3280479404435016,-1.017146833506479
F003,group_01,lead_me,Lead Me,mix_c7d9a071ba25,lead_me_pxl_l4,PXL-L4,FM-1,1,3.536878170598983,73.30761415718088,85.49356523618646,85.49356523618646,False,Synthetic feature-driven placeholder comment.,-0.0552007785055364,-0.8412121981784734,0.8321106863211235,2.390299590706203
F003,group_01,lead_me,Lead Me,mix_271852ba8676,lead_me_du_e,DU-E,FM-1,2,-5.750339322248495,61.293476108472426,77.29636470731697,77.29636470731697,False,Synthetic feature-driven placeholder comment.,-1.0250576971995913,0.5199952869185839,-0.8666083508697964,0.9959336464039888
F003,group_01,lead_me,Lead Me,mix_f1f7973e5bac,lead_me_du_d,DU-D,FM-1,3,5.9315598802398135,77.41784649770202,89.2910429728419,89.2910429728419,False,Synthetic feature-driven placeholder comment.,0.7402857811167308,-1.548717422055362,0.3280479404435016,-1.017146833506479
F003,group_01,lead_me,Lead Me,mix_d3e3580b6e30,lead_me_mcg_pro2,McG-pro2,FM-1,4,3.814031642297137,78.57562391053958,96.14707156045314,96.14707156045314,False,Synthetic feature-driven placeholder comment.,2.9805308263561203,0.8594252384169624,-0.9263284806752846,0.048773555233824
F003,group_01,lead_me,Lead Me,mix_d5b28dfc8a93,lead_me_pxl_l1,PXL-L1,FM-1,5,-2.181930306539545,68.95326584267798,68.23785391712676,68.23785391712676,False,Synthetic feature-driven placeholder comment.,-0.0024436394808062,-0.3677713699084406,-1.2816942263900757,-0.1924460334762285
F003,group_01,id_like_to_know,I'd Like To Know,mix_b393d3919c78,id_like_to_know_pxl_s7,PXL-S7,EDR-1,1,-1.6974528208642186,66.78224708596132,81.63426653789844,81.63426653789844,False,Synthetic feature-driven placeholder comment.,-0.867056238017743,-0.6188407399054331,-0.3229009373128245,-1.0515106991885117
F003,group_01,id_like_to_know,I'd Like To Know,mix_65f41f41d3ab,id_like_to_know_pxl_s3,PXL-S3,EDR-1,2,0.39777798146276877,70.37857210502557,63.00321673031124,63.00321673031124,False,Synthetic feature-driven placeholder comment.,0.3234844364321996,-1.065060189455143,-1.1651773700507613,-0.0982478955990668
F003,group_01,id_like_to_know,I'd Like To Know,mix_9ffcd672af17,id_like_to_know_pxl_s1,PXL-S1,EDR-1,3,-1.3706083561622606,65.77635934243769,79.5446184978459,79.5446184978459,False,Synthetic feature-driven placeholder comment.,-0.5659114167269081,-0.579304038497624,-0.4851205015292653,1.357247686182373
F003,group_01,id_like_to_know,I'd Like To Know,mix_6f8b655d7999,id_like_to_know_pxl_s2,PXL-S2,EDR-1,4,2.122851337608373,73.67561158449975,86.86509461857909,86.86509461857909,False,Synthetic feature-driven placeholder comment.,0.5329997864789321,-1.1874673519330532,-0.7637519766505488,0.5510366380169074
F003,group_01,id_like_to_know,I'd Like To Know,mix_82d60d7c7fc5,id_like_to_know_pxl_s5,PXL-S5,EDR-1,5,1.2228531117561643,75.59216072712475,69.97864357343649,69.97864357343649,False,Synthetic feature-driven placeholder comment.,-0.3583378408524605,-0.1527662554529231,0.7972705919658362,1.6270752922517937
F003,group_01,id_like_to_know,I'd Like To Know,mix_b393d3919c78,id_like_to_know_pxl_s7,PXL-S7,EDR-2,1,-1.6974528208642186,63.28224708596132,53.604222761559434,53.604222761559434,False,Synthetic feature-driven placeholder comment.,-0.867056238017743,-0.6188407399054331,-0.3229009373128245,-1.0515106991885117
F003,group_01,id_like_to_know,I'd Like To Know,mix_65f41f41d3ab,id_like_to_know_pxl_s3,PXL-S3,EDR-2,2,0.39777798146276877,66.87857210502557,54.31092876999613,54.31092876999613,False,Synthetic feature-driven placeholder comment.,0.3234844364321996,-1.065060189455143,-1.1651773700507613,-0.0982478955990668
F003,group_01,id_like_to_know,I'd Like To Know,mix_82d60d7c7fc5,id_like_to_know_pxl_s5,PXL-S5,EDR-2,3,1.2228531117561643,72.09216072712475,59.602969309252195,59.602969309252195,False,Synthetic feature-driven placeholder comment.,-0.3583378408524605,-0.1527662554529231,0.7972705919658362,1.6270752922517937
F003,group_01,id_like_to_know,I'd Like To Know,mix_6f8b655d7999,id_like_to_know_pxl_s2,PXL-S2,EDR-2,4,2.122851337608373,70.17561158449975,60.23761217874183,60.23761217874183,False,Synthetic feature-driven placeholder comment.,0.5329997864789321,-1.1874673519330532,-0.7637519766505488,0.5510366380169074
F003,group_01,id_like_to_know,I'd Like To Know,mix_9ffcd672af17,id_like_to_know_pxl_s1,PXL-S1,EDR-2,5,-1.3706083561622606,62.2763593424377,51.99690433649906,51.99690433649906,False,Synthetic feature-driven placeholder comment.,-0.5659114167269081,-0.579304038497624,-0.4851205015292653,1.357247686182373
F003,group_01,id_like_to_know,I'd Like To Know,mix_6f8b655d7999,id_like_to_know_pxl_s2,PXL-S2,FM-1,1,2.122851337608373,72.67561158449975,71.56711823738809,71.56711823738809,False,Synthetic feature-driven placeholder comment.,0.5329997864789321,-1.1874673519330532,-0.7637519766505488,0.5510366380169074
F003,group_01,id_like_to_know,I'd Like To Know,mix_82d60d7c7fc5,id_like_to_know_pxl_s5,PXL-S5,FM-1,2,1.2228531117561643,74.59216072712475,90.01918141535982,90.01918141535982,False,Synthetic feature-driven placeholder comment.,-0.3583378408524605,-0.1527662554529231,0.7972705919658362,1.6270752922517937
F003,group_01,id_like_to_know,I'd Like To Know,mix_9ffcd672af17,id_like_to_know_pxl_s1,PXL-S1,FM-1,3,-1.3706083561622606,64.77635934243769,62.36720315957569,62.36720315957569,False,Synthetic feature-driven placeholder comment.,-0.5659114167269081,-0.579304038497624,-0.4851205015292653,1.357247686182373
F003,group_01,id_like_to_know,I'd Like To Know,mix_65f41f41d3ab,id_like_to_know_pxl_s3,PXL-S3,FM-1,4,0.39777798146276877,69.37857210502557,61.65272847077026,61.65272847077026,False,Synthetic feature-driven placeholder comment.,0.3234844364321996,-1.065060189455143,-1.1651773700507613,-0.0982478955990668
F003,group_01,id_like_to_know,I'd Like To Know,mix_b393d3919c78,id_like_to_know_pxl_s7,PXL-S7,FM-1,5,-1.6974528208642186,65.78224708596132,71.71721710985496,71.71721710985496,False,Synthetic feature-driven placeholder comment.,-0.867056238017743,-0.6188407399054331,-0.3229009373128245,-1.0515106991885117
F004,group_02,in_the_meantime,In The Meantime,mix_cdaef40f2b94,in_the_meantime_qut_pro,QUT-pro,EDR-1,1,5.513631733764184,81.9993789323126,82.65623933107968,82.65623933107968,False,Synthetic feature-driven placeholder comment.,-0.6756280657690176,-1.4346341192827423,1.8511013279434223,-0.7325346788768815
F004,group_02,in_the_meantime,In The Meantime,mix_9baa86357fd4,in_the_meantime_du_i,DU-I,EDR-1,2,-7.7211527946122915,67.92111796068197,71.29638011799854,71.29638011799854,False,Synthetic feature-driven placeholder comment.,-1.8990066727669184,1.9187185345499165,0.5415536857115313,-0.721703057329889
F004,group_02,in_the_meantime,In The Meantime,mix_c7bdcba64775,in_the_meantime_qut_b,QUT-B,EDR-1,3,-4.883741826428456,71.07582091108955,74.8128923984008,74.8128923984008,False,Synthetic feature-driven placeholder comment.,-0.6698107538710293,-0.1978340618743536,-1.5468197375217057,0.0908009789400507
F004,group_02,in_the_meantime,In The Meantime,mix_302f0efe8a80,in_the_meantime_du_h,DU-H,EDR-1,4,-0.779898277359731,80.16776905414594,73.8554981327857,73.8554981327857,False,Synthetic feature-driven placeholder comment.,0.6887214233465396,0.2719152524959843,-0.8693704120952901,0.8234428342152216
F004,group_02,in_the_meantime,In The Meantime,mix_56e65a3ce054,in_the_meantime_du_k,DU-K,EDR-1,5,-4.439003297698766,73.73836700444109,71.35527128600842,71.35527128600842,False,Synthetic feature-driven placeholder comment.,-1.1193186569455127,1.7918041562064675,0.9713104079970216,0.4372547184671072
F004,group_02,in_the_meantime,In The Meantime,mix_c7bdcba64775,in_the_meantime_qut_b,QUT-B,EDR-2,1,-4.883741826428456,67.57582091108955,75.74992024760475,75.74992024760475,False,Synthetic feature-driven placeholder comment.,-0.6698107538710293,-0.1978340618743536,-1.5468197375217057,0.0908009789400507
F004,group_02,in_the_meantime,In The Meantime,mix_56e65a3ce054,in_the_meantime_du_k,DU-K,EDR-2,2,-4.439003297698766,70.23836700444107,66.69350242524281,66.69350242524281,False,Synthetic feature-driven placeholder comment.,-1.1193186569455127,1.7918041562064675,0.9713104079970216,0.4372547184671072
F004,group_02,in_the_meantime,In The Meantime,mix_cdaef40f2b94,in_the_meantime_qut_pro,QUT-pro,EDR-2,3,5.513631733764184,78.4993789323126,76.16121240665039,76.16121240665039,False,Synthetic feature-driven placeholder comment.,-0.6756280657690176,-1.4346341192827423,1.8511013279434223,-0.7325346788768815
F004,group_02,in_the_meantime,In The Meantime,mix_302f0efe8a80,in_the_meantime_du_h,DU-H,EDR-2,4,-0.779898277359731,76.66776905414594,79.22938850827158,79.22938850827158,False,Synthetic feature-driven placeholder comment.,0.6887214233465396,0.2719152524959843,-0.8693704120952901,0.8234428342152216
F004,group_02,in_the_meantime,In The Meantime,mix_9baa86357fd4,in_the_meantime_du_i,DU-I,EDR-2,5,-7.7211527946122915,64.42111796068197,68.01501025416519,68.01501025416519,False,Synthetic feature-driven placeholder comment.,-1.8990066727669184,1.9187185345499165,0.5415536857115313,-0.721703057329889
F004,group_02,in_the_meantime,In The Meantime,mix_56e65a3ce054,in_the_meantime_du_k,DU-K,FM-1,1,-4.439003297698766,72.73836700444109,77.59637232936481,77.59637232936481,False,Synthetic feature-driven placeholder comment.,-1.1193186569455127,1.7918041562064675,0.9713104079970216,0.4372547184671072
F004,group_02,in_the_meantime,In The Meantime,mix_302f0efe8a80,in_the_meantime_du_h,DU-H,FM-1,2,-0.779898277359731,79.16776905414594,78.92639290440688,78.92639290440688,False,Synthetic feature-driven placeholder comment.,0.6887214233465396,0.2719152524959843,-0.8693704120952901,0.8234428342152216
F004,group_02,in_the_meantime,In The Meantime,mix_9baa86357fd4,in_the_meantime_du_i,DU-I,FM-1,3,-7.7211527946122915,66.92111796068197,54.97864455303598,54.97864455303598,False,Synthetic feature-driven placeholder comment.,-1.8990066727669184,1.9187185345499165,0.5415536857115313,-0.721703057329889
F004,group_02,in_the_meantime,In The Meantime,mix_cdaef40f2b94,in_the_meantime_qut_pro,QUT-pro,FM-1,4,5.513631733764184,80.9993789323126,86.6387989933572,86.6387989933572,False,Synthetic feature-driven placeholder comment.,-0.6756280657690176,-1.4346341192827423,1.8511013279434223,-0.7325346788768815
F004,group_02,in_the_meantime,In The Meantime,mix_c7bdcba64775,in_the_meantime_qut_b,QUT-B,FM-1,5,-4.883741826428456,70.07582091108955,62.08883615729479,62.08883615729479,False,Synthetic feature-driven placeholder comment.,-0.6698107538710293,-0.1978340618743536,-1.5468197375217057,0.0908009789400507
F004,group_02,pouring_room,Pouring Room,mix_0ba76f420c1d,pouring_room_mcg_r,McG-R,EDR-1,1,3.5333626255955455,83.3128243853602,110.66178785914838,100.0,True,Synthetic feature-driven placeholder comment.,0.2249858589620197,-0.521538265731174,0.8057256670690561,-1.2630720295337683
F004,group_02,pouring_room,Pouring Room,mix_132e75f34470,pouring_room_mcg_pro1,McG-pro1,EDR-1,2,1.9624437219793534,82.65800587973396,85.0953362661936,85.0953362661936,False,Synthetic feature-driven placeholder comment.,1.177821012274786,0.1366958746221527,-0.3534041622732912,-0.9473754159948484
F004,group_02,pouring_room,Pouring Room,mix_e08faaf8bbb3,pouring_room_mcg_v,McG-V,EDR-1,3,-2.460604585630299,74.30292998222914,71.61763935170528,71.61763935170528,False,Synthetic feature-driven placeholder comment.,0.2009523983216312,1.112208706920678,-0.2814967551013548,-0.938440679331238
F004,group_02,pouring_room,Pouring Room,mix_be2ccd4c43ff,pouring_room_mcg_t,McG-T,EDR-1,4,1.860080740948886,81.28463591068238,88.77654350964137,88.77654350964137,False,Synthetic feature-driven placeholder comment.,-0.0814371595061495,1.1238301932737935,1.926895983278192,-0.8792578396079359
F004,group_02,pouring_room,Pouring Room,mix_cbf8555ee2b2,pouring_room_mcg_x,McG-X,EDR-1,5,1.3892606412929467,73.4866165354132,86.50296965793467,86.50296965793467,False,Synthetic feature-driven placeholder comment.,0.4494273963527286,0.780552768870155,0.8086566197405122,-0.4801297779726206
F004,group_02,pouring_room,Pouring Room,mix_e08faaf8bbb3,pouring_room_mcg_v,McG-V,EDR-2,1,-2.460604585630299,70.80292998222913,73.4058882980055,73.4058882980055,False,Synthetic feature-driven placeholder comment.,0.2009523983216312,1.112208706920678,-0.2814967551013548,-0.938440679331238
F004,group_02,pouring_room,Pouring Room,mix_cbf8555ee2b2,pouring_room_mcg_x,McG-X,EDR-2,2,1.3892606412929467,69.9866165354132,79.49202679608598,79.49202679608598,False,Synthetic feature-driven placeholder comment.,0.4494273963527286,0.780552768870155,0.8086566197405122,-0.4801297779726206
F004,group_02,pouring_room,Pouring Room,mix_0ba76f420c1d,pouring_room_mcg_r,McG-R,EDR-2,3,3.5333626255955455,79.8128243853602,86.03440302685974,86.03440302685974,False,Synthetic feature-driven placeholder comment.,0.2249858589620197,-0.521538265731174,0.8057256670690561,-1.2630720295337683
F004,group_02,pouring_room,Pouring Room,mix_132e75f34470,pouring_room_mcg_pro1,McG-pro1,EDR-2,4,1.9624437219793534,79.15800587973396,79.86748164748754,79.86748164748754,False,Synthetic feature-driven placeholder comment.,1.177821012274786,0.1366958746221527,-0.3534041622732912,-0.9473754159948484
F004,group_02,pouring_room,Pouring Room,mix_be2ccd4c43ff,pouring_room_mcg_t,McG-T,EDR-2,5,1.860080740948886,77.78463591068238,64.08741049552731,64.08741049552731,False,Synthetic feature-driven placeholder comment.,-0.0814371595061495,1.1238301932737935,1.926895983278192,-0.8792578396079359
F004,group_02,pouring_room,Pouring Room,mix_cbf8555ee2b2,pouring_room_mcg_x,McG-X,FM-1,1,1.3892606412929467,72.4866165354132,72.59955726894503,72.59955726894503,False,Synthetic feature-driven placeholder comment.,0.4494273963527286,0.780552768870155,0.8086566197405122,-0.4801297779726206
F004,group_02,pouring_room,Pouring Room,mix_be2ccd4c43ff,pouring_room_mcg_t,McG-T,FM-1,2,1.860080740948886,80.28463591068238,57.087246710385706,57.087246710385706,False,Synthetic feature-driven placeholder comment.,-0.0814371595061495,1.1238301932737935,1.926895983278192,-0.8792578396079359
F004,group_02,pouring_room,Pouring Room,mix_e08faaf8bbb3,pouring_room_mcg_v,McG-V,FM-1,3,-2.460604585630299,73.30292998222914,65.24261453820468,65.24261453820468,False,Synthetic feature-driven placeholder comment.,0.2009523983216312,1.112208706920678,-0.2814967551013548,-0.938440679331238
F004,group_02,pouring_room,Pouring Room,mix_0ba76f420c1d,pouring_room_mcg_r,McG-R,FM-1,4,3.5333626255955455,82.3128243853602,94.47519628538653,94.47519628538653,False,Synthetic feature-driven placeholder comment.,0.2249858589620197,-0.521538265731174,0.8057256670690561,-1.2630720295337683
F004,group_02,pouring_room,Pouring Room,mix_132e75f34470,pouring_room_mcg_pro1,McG-pro1,FM-1,5,1.9624437219793534,81.65800587973396,83.17957834385209,83.17957834385209,False,Synthetic feature-driven placeholder comment.,1.177821012274786,0.1366958746221527,-0.3534041622732912,-0.9473754159948484
F005,group_01,lead_me,Lead Me,mix_c7d9a071ba25,lead_me_pxl_l4,PXL-L4,EDR-1,1,3.536878170598983,78.28754342121194,70.34737110619099,70.34737110619099,False,Synthetic feature-driven placeholder comment.,-0.0552007785055364,-0.8412121981784734,0.8321106863211235,2.390299590706203
F005,group_01,lead_me,Lead Me,mix_d3e3580b6e30,lead_me_mcg_pro2,McG-pro2,EDR-1,2,3.814031642297137,83.55555317457063,75.7785989460831,75.7785989460831,False,Synthetic feature-driven placeholder comment.,2.9805308263561203,0.8594252384169624,-0.9263284806752846,0.048773555233824
F005,group_01,lead_me,Lead Me,mix_271852ba8676,lead_me_du_e,DU-E,EDR-1,3,-5.750339322248495,66.27340537250348,60.022164811747516,60.022164811747516,False,Synthetic feature-driven placeholder comment.,-1.0250576971995913,0.5199952869185839,-0.8666083508697964,0.9959336464039888
F005,group_01,lead_me,Lead Me,mix_f1f7973e5bac,lead_me_du_d,DU-D,EDR-1,4,5.9315598802398135,82.39777576173307,69.7894471595267,69.7894471595267,False,Synthetic feature-driven placeholder comment.,0.7402857811167308,-1.548717422055362,0.3280479404435016,-1.017146833506479
F005,group_01,lead_me,Lead Me,mix_d5b28dfc8a93,lead_me_pxl_l1,PXL-L1,EDR-1,5,-2.181930306539545,73.93319510670904,53.40244799891116,53.40244799891116,False,Synthetic feature-driven placeholder comment.,-0.0024436394808062,-0.3677713699084406,-1.2816942263900757,-0.1924460334762285
F005,group_01,lead_me,Lead Me,mix_271852ba8676,lead_me_du_e,DU-E,EDR-2,1,-5.750339322248495,62.773405372503476,71.95034497002636,71.95034497002636,False,Synthetic feature-driven placeholder comment.,-1.0250576971995913,0.5199952869185839,-0.8666083508697964,0.9959336464039888
F005,group_01,lead_me,Lead Me,mix_c7d9a071ba25,lead_me_pxl_l4,PXL-L4,EDR-2,2,3.536878170598983,74.78754342121194,89.56455664217455,89.56455664217455,False,Synthetic feature-driven placeholder comment.,-0.0552007785055364,-0.8412121981784734,0.8321106863211235,2.390299590706203
F005,group_01,lead_me,Lead Me,mix_f1f7973e5bac,lead_me_du_d,DU-D,EDR-2,3,5.9315598802398135,78.89777576173307,73.05251134721156,73.05251134721156,False,Synthetic feature-driven placeholder comment.,0.7402857811167308,-1.548717422055362,0.3280479404435016,-1.017146833506479
F005,group_01,lead_me,Lead Me,mix_d5b28dfc8a93,lead_me_pxl_l1,PXL-L1,EDR-2,4,-2.181930306539545,70.43319510670904,77.22718470282727,77.22718470282727,False,Synthetic feature-driven placeholder comment.,-0.0024436394808062,-0.3677713699084406,-1.2816942263900757,-0.1924460334762285
F005,group_01,lead_me,Lead Me,mix_d3e3580b6e30,lead_me_mcg_pro2,McG-pro2,EDR-2,5,3.814031642297137,80.05555317457063,68.853769748093,68.853769748093,False,Synthetic feature-driven placeholder comment.,2.9805308263561203,0.8594252384169624,-0.9263284806752846,0.048773555233824
F005,group_01,lead_me,Lead Me,mix_d5b28dfc8a93,lead_me_pxl_l1,PXL-L1,FM-1,1,-2.181930306539545,72.93319510670904,60.34634927388353,60.34634927388353,False,Synthetic feature-driven placeholder comment.,-0.0024436394808062,-0.3677713699084406,-1.2816942263900757,-0.1924460334762285
F005,group_01,lead_me,Lead Me,mix_c7d9a071ba25,lead_me_pxl_l4,PXL-L4,FM-1,2,3.536878170598983,77.28754342121194,85.35566123246352,85.35566123246352,False,Synthetic feature-driven placeholder comment.,-0.0552007785055364,-0.8412121981784734,0.8321106863211235,2.390299590706203
F005,group_01,lead_me,Lead Me,mix_f1f7973e5bac,lead_me_du_d,DU-D,FM-1,3,5.9315598802398135,81.39777576173307,81.75223636489392,81.75223636489392,False,Synthetic feature-driven placeholder comment.,0.7402857811167308,-1.548717422055362,0.3280479404435016,-1.017146833506479
F005,group_01,lead_me,Lead Me,mix_d3e3580b6e30,lead_me_mcg_pro2,McG-pro2,FM-1,4,3.814031642297137,82.55555317457063,70.9518306191165,70.9518306191165,False,Synthetic feature-driven placeholder comment.,2.9805308263561203,0.8594252384169624,-0.9263284806752846,0.048773555233824
F005,group_01,lead_me,Lead Me,mix_271852ba8676,lead_me_du_e,DU-E,FM-1,5,-5.750339322248495,65.27340537250348,70.08279027848124,70.08279027848124,False,Synthetic feature-driven placeholder comment.,-1.0250576971995913,0.5199952869185839,-0.8666083508697964,0.9959336464039888
F005,group_01,id_like_to_know,I'd Like To Know,mix_82d60d7c7fc5,id_like_to_know_pxl_s5,PXL-S5,EDR-1,1,1.2228531117561643,79.5720899911558,94.30087031491648,94.30087031491648,False,Synthetic feature-driven placeholder comment.,-0.3583378408524605,-0.1527662554529231,0.7972705919658362,1.6270752922517937
F005,group_01,id_like_to_know,I'd Like To Know,mix_9ffcd672af17,id_like_to_know_pxl_s1,PXL-S1,EDR-1,2,-1.3706083561622606,69.75628860646874,69.67634626319955,69.67634626319955,False,Synthetic feature-driven placeholder comment.,-0.5659114167269081,-0.579304038497624,-0.4851205015292653,1.357247686182373
F005,group_01,id_like_to_know,I'd Like To Know,mix_6f8b655d7999,id_like_to_know_pxl_s2,PXL-S2,EDR-1,3,2.122851337608373,77.6555408485308,77.15448913020163,77.15448913020163,False,Synthetic feature-driven placeholder comment.,0.5329997864789321,-1.1874673519330532,-0.7637519766505488,0.5510366380169074
F005,group_01,id_like_to_know,I'd Like To Know,mix_65f41f41d3ab,id_like_to_know_pxl_s3,PXL-S3,EDR-1,4,0.39777798146276877,74.35850136905663,74.32249527724267,74.32249527724267,False,Synthetic feature-driven placeholder comment.,0.3234844364321996,-1.065060189455143,-1.1651773700507613,-0.0982478955990668
F005,group_01,id_like_to_know,I'd Like To Know,mix_b393d3919c78,id_like_to_know_pxl_s7,PXL-S7,EDR-1,5,-1.6974528208642186,70.76217634999237,71.75571662950175,71.75571662950175,False,Synthetic feature-driven placeholder comment.,-0.867056238017743,-0.6188407399054331,-0.3229009373128245,-1.0515106991885117
F005,group_01,id_like_to_know,I'd Like To Know,mix_82d60d7c7fc5,id_like_to_know_pxl_s5,PXL-S5,EDR-2,1,1.2228531117561643,76.0720899911558,87.55843314977338,87.55843314977338,False,Synthetic feature-driven placeholder comment.,-0.3583378408524605,-0.1527662554529231,0.7972705919658362,1.6270752922517937
F005,group_01,id_like_to_know,I'd Like To Know,mix_b393d3919c78,id_like_to_know_pxl_s7,PXL-S7,EDR-2,2,-1.6974528208642186,67.26217634999236,48.13945141590648,48.13945141590648,False,Synthetic feature-driven placeholder comment.,-0.867056238017743,-0.6188407399054331,-0.3229009373128245,-1.0515106991885117
F005,group_01,id_like_to_know,I'd Like To Know,mix_65f41f41d3ab,id_like_to_know_pxl_s3,PXL-S3,EDR-2,3,0.39777798146276877,70.85850136905663,81.59736582729377,81.59736582729377,False,Synthetic feature-driven placeholder comment.,0.3234844364321996,-1.065060189455143,-1.1651773700507613,-0.0982478955990668
F005,group_01,id_like_to_know,I'd Like To Know,mix_9ffcd672af17,id_like_to_know_pxl_s1,PXL-S1,EDR-2,4,-1.3706083561622606,66.25628860646874,64.28619022011239,64.28619022011239,False,Synthetic feature-driven placeholder comment.,-0.5659114167269081,-0.579304038497624,-0.4851205015292653,1.357247686182373
F005,group_01,id_like_to_know,I'd Like To Know,mix_6f8b655d7999,id_like_to_know_pxl_s2,PXL-S2,EDR-2,5,2.122851337608373,74.1555408485308,89.02196995020812,89.02196995020812,False,Synthetic feature-driven placeholder comment.,0.5329997864789321,-1.1874673519330532,-0.7637519766505488,0.5510366380169074
F005,group_01,id_like_to_know,I'd Like To Know,mix_b393d3919c78,id_like_to_know_pxl_s7,PXL-S7,FM-1,1,-1.6974528208642186,69.76217634999237,73.76966288049006,73.76966288049006,False,Synthetic feature-driven placeholder comment.,-0.867056238017743,-0.6188407399054331,-0.3229009373128245,-1.0515106991885117
F005,group_01,id_like_to_know,I'd Like To Know,mix_65f41f41d3ab,id_like_to_know_pxl_s3,PXL-S3,FM-1,2,0.39777798146276877,73.35850136905663,81.88697285526874,81.88697285526874,False,Synthetic feature-driven placeholder comment.,0.3234844364321996,-1.065060189455143,-1.1651773700507613,-0.0982478955990668
F005,group_01,id_like_to_know,I'd Like To Know,mix_6f8b655d7999,id_like_to_know_pxl_s2,PXL-S2,FM-1,3,2.122851337608373,76.6555408485308,71.88526600093611,71.88526600093611,False,Synthetic feature-driven placeholder comment.,0.5329997864789321,-1.1874673519330532,-0.7637519766505488,0.5510366380169074
F005,group_01,id_like_to_know,I'd Like To Know,mix_9ffcd672af17,id_like_to_know_pxl_s1,PXL-S1,FM-1,4,-1.3706083561622606,68.75628860646874,56.55595789313071,56.55595789313071,False,Synthetic feature-driven placeholder comment.,-0.5659114167269081,-0.579304038497624,-0.4851205015292653,1.357247686182373
F005,group_01,id_like_to_know,I'd Like To Know,mix_82d60d7c7fc5,id_like_to_know_pxl_s5,PXL-S5,FM-1,5,1.2228531117561643,78.5720899911558,80.59298868885692,80.59298868885692,False,Synthetic feature-driven placeholder comment.,-0.3583378408524605,-0.1527662554529231,0.7972705919658362,1.6270752922517937
F006,group_02,in_the_meantime,In The Meantime,mix_c7bdcba64775,in_the_meantime_qut_b,QUT-B,EDR-1,1,-4.883741826428456,66.61577383750854,73.1028657233788,73.1028657233788,False,Synthetic feature-driven placeholder comment.,-0.6698107538710293,-0.1978340618743536,-1.5468197375217057,0.0908009789400507
F006,group_02,in_the_meantime,In The Meantime,mix_56e65a3ce054,in_the_meantime_du_k,DU-K,EDR-1,2,-4.439003297698766,69.27831993086008,76.1857817894567,76.1857817894567,False,Synthetic feature-driven placeholder comment.,-1.1193186569455127,1.7918041562064675,0.9713104079970216,0.4372547184671072
F006,group_02,in_the_meantime,In The Meantime,mix_302f0efe8a80,in_the_meantime_du_h,DU-H,EDR-1,3,-0.779898277359731,75.70772198056493,77.59773229554902,77.59773229554902,False,Synthetic feature-driven placeholder comment.,0.6887214233465396,0.2719152524959843,-0.8693704120952901,0.8234428342152216
F006,group_02,in_the_meantime,In The Meantime,mix_9baa86357fd4,in_the_meantime_du_i,DU-I,EDR-1,4,-7.7211527946122915,63.46107088710096,69.78999100297219,69.78999100297219,False,Synthetic feature-driven placeholder comment.,-1.8990066727669184,1.9187185345499165,0.5415536857115313,-0.721703057329889
F006,group_02,in_the_meantime,In The Meantime,mix_cdaef40f2b94,in_the_meantime_qut_pro,QUT-pro,EDR-1,5,5.513631733764184,77.53933185873159,69.95521915041745,69.95521915041745,False,Synthetic feature-driven placeholder comment.,-0.6756280657690176,-1.4346341192827423,1.8511013279434223,-0.7325346788768815
F006,group_02,in_the_meantime,In The Meantime,mix_c7bdcba64775,in_the_meantime_qut_b,QUT-B,EDR-2,1,-4.883741826428456,63.115773837508556,61.67109777407477,61.67109777407477,False,Synthetic feature-driven placeholder comment.,-0.6698107538710293,-0.1978340618743536,-1.5468197375217057,0.0908009789400507
F006,group_02,in_the_meantime,In The Meantime,mix_302f0efe8a80,in_the_meantime_du_h,DU-H,EDR-2,2,-0.779898277359731,72.20772198056493,58.026191178951926,58.026191178951926,False,Synthetic feature-driven placeholder comment.,0.6887214233465396,0.2719152524959843,-0.8693704120952901,0.8234428342152216
F006,group_02,in_the_meantime,In The Meantime,mix_9baa86357fd4,in_the_meantime_du_i,DU-I,EDR-2,3,-7.7211527946122915,59.96107088710096,59.315982175932305,59.315982175932305,False,Synthetic feature-driven placeholder comment.,-1.8990066727669184,1.9187185345499165,0.5415536857115313,-0.721703057329889
F006,group_02,in_the_meantime,In The Meantime,mix_56e65a3ce054,in_the_meantime_du_k,DU-K,EDR-2,4,-4.439003297698766,65.77831993086008,62.82345712242024,62.82345712242024,False,Synthetic feature-driven placeholder comment.,-1.1193186569455127,1.7918041562064675,0.9713104079970216,0.4372547184671072
F006,group_02,in_the_meantime,In The Meantime,mix_cdaef40f2b94,in_the_meantime_qut_pro,QUT-pro,EDR-2,5,5.513631733764184,74.03933185873159,74.36001853721436,74.36001853721436,False,Synthetic feature-driven placeholder comment.,-0.6756280657690176,-1.4346341192827423,1.8511013279434223,-0.7325346788768815
F006,group_02,in_the_meantime,In The Meantime,mix_c7bdcba64775,in_the_meantime_qut_b,QUT-B,FM-1,1,-4.883741826428456,65.61577383750856,66.02491869771721,66.02491869771721,False,Synthetic feature-driven placeholder comment.,-0.6698107538710293,-0.1978340618743536,-1.5468197375217057,0.0908009789400507
F006,group_02,in_the_meantime,In The Meantime,mix_9baa86357fd4,in_the_meantime_du_i,DU-I,FM-1,2,-7.7211527946122915,62.46107088710096,36.12540462752274,36.12540462752274,False,Synthetic feature-driven placeholder comment.,-1.8990066727669184,1.9187185345499165,0.5415536857115313,-0.721703057329889
F006,group_02,in_the_meantime,In The Meantime,mix_cdaef40f2b94,in_the_meantime_qut_pro,QUT-pro,FM-1,3,5.513631733764184,76.53933185873159,88.73218297564473,88.73218297564473,False,Synthetic feature-driven placeholder comment.,-0.6756280657690176,-1.4346341192827423,1.8511013279434223,-0.7325346788768815
F006,group_02,in_the_meantime,In The Meantime,mix_302f0efe8a80,in_the_meantime_du_h,DU-H,FM-1,4,-0.779898277359731,74.70772198056493,75.92563150442857,75.92563150442857,False,Synthetic feature-driven placeholder comment.,0.6887214233465396,0.2719152524959843,-0.8693704120952901,0.8234428342152216
F006,group_02,in_the_meantime,In The Meantime,mix_56e65a3ce054,in_the_meantime_du_k,DU-K,FM-1,5,-4.439003297698766,68.27831993086008,75.11822644007138,75.11822644007138,False,Synthetic feature-driven placeholder comment.,-1.1193186569455127,1.7918041562064675,0.9713104079970216,0.4372547184671072
F006,group_02,pouring_room,Pouring Room,mix_cbf8555ee2b2,pouring_room_mcg_x,McG-X,EDR-1,1,1.3892606412929467,69.0265694618322,61.72728195036267,61.72728195036267,False,Synthetic feature-driven placeholder comment.,0.4494273963527286,0.780552768870155,0.8086566197405122,-0.4801297779726206
F006,group_02,pouring_room,Pouring Room,mix_0ba76f420c1d,pouring_room_mcg_r,McG-R,EDR-1,2,3.5333626255955455,78.85277731177919,86.14810554225257,86.14810554225257,False,Synthetic feature-driven placeholder comment.,0.2249858589620197,-0.521538265731174,0.8057256670690561,-1.2630720295337683
F006,group_02,pouring_room,Pouring Room,mix_be2ccd4c43ff,pouring_room_mcg_t,McG-T,EDR-1,3,1.860080740948886,76.82458883710137,90.48593517569248,90.48593517569248,False,Synthetic feature-driven placeholder comment.,-0.0814371595061495,1.1238301932737935,1.926895983278192,-0.8792578396079359
F006,group_02,pouring_room,Pouring Room,mix_132e75f34470,pouring_room_mcg_pro1,McG-pro1,EDR-1,4,1.9624437219793534,78.19795880615295,63.45773510258032,63.45773510258032,False,Synthetic feature-driven placeholder comment.,1.177821012274786,0.1366958746221527,-0.3534041622732912,-0.9473754159948484
F006,group_02,pouring_room,Pouring Room,mix_e08faaf8bbb3,pouring_room_mcg_v,McG-V,EDR-1,5,-2.460604585630299,69.84288290864814,80.76274089338006,80.76274089338006,False,Synthetic feature-driven placeholder comment.,0.2009523983216312,1.112208706920678,-0.2814967551013548,-0.938440679331238
F006,group_02,pouring_room,Pouring Room,mix_0ba76f420c1d,pouring_room_mcg_r,McG-R,EDR-2,1,3.5333626255955455,75.35277731177919,68.24885275300619,68.24885275300619,False,Synthetic feature-driven placeholder comment.,0.2249858589620197,-0.521538265731174,0.8057256670690561,-1.2630720295337683
F006,group_02,pouring_room,Pouring Room,mix_be2ccd4c43ff,pouring_room_mcg_t,McG-T,EDR-2,2,1.860080740948886,73.32458883710137,73.17543605455062,73.17543605455062,False,Synthetic feature-driven placeholder comment.,-0.0814371595061495,1.1238301932737935,1.926895983278192,-0.8792578396079359
F006,group_02,pouring_room,Pouring Room,mix_132e75f34470,pouring_room_mcg_pro1,McG-pro1,EDR-2,3,1.9624437219793534,74.69795880615295,93.34820704616861,93.34820704616861,False,Synthetic feature-driven placeholder comment.,1.177821012274786,0.1366958746221527,-0.3534041622732912,-0.9473754159948484
F006,group_02,pouring_room,Pouring Room,mix_cbf8555ee2b2,pouring_room_mcg_x,McG-X,EDR-2,4,1.3892606412929467,65.5265694618322,49.060779258097355,49.060779258097355,False,Synthetic feature-driven placeholder comment.,0.4494273963527286,0.780552768870155,0.8086566197405122,-0.4801297779726206
F006,group_02,pouring_room,Pouring Room,mix_e08faaf8bbb3,pouring_room_mcg_v,McG-V,EDR-2,5,-2.460604585630299,66.34288290864814,60.41735675824433,60.41735675824433,False,Synthetic feature-driven placeholder comment.,0.2009523983216312,1.112208706920678,-0.2814967551013548,-0.938440679331238
F006,group_02,pouring_room,Pouring Room,mix_132e75f34470,pouring_room_mcg_pro1,McG-pro1,FM-1,1,1.9624437219793534,77.19795880615295,77.41002644417271,77.41002644417271,False,Synthetic feature-driven placeholder comment.,1.177821012274786,0.1366958746221527,-0.3534041622732912,-0.9473754159948484
F006,group_02,pouring_room,Pouring Room,mix_be2ccd4c43ff,pouring_room_mcg_t,McG-T,FM-1,2,1.860080740948886,75.82458883710137,81.5373100269071,81.5373100269071,False,Synthetic feature-driven placeholder comment.,-0.0814371595061495,1.1238301932737935,1.926895983278192,-0.8792578396079359
F006,group_02,pouring_room,Pouring Room,mix_0ba76f420c1d,pouring_room_mcg_r,McG-R,FM-1,3,3.5333626255955455,77.85277731177919,76.6638029218594,76.6638029218594,False,Synthetic feature-driven placeholder comment.,0.2249858589620197,-0.521538265731174,0.8057256670690561,-1.2630720295337683
F006,group_02,pouring_room,Pouring Room,mix_e08faaf8bbb3,pouring_room_mcg_v,McG-V,FM-1,4,-2.460604585630299,68.84288290864814,72.55297192846851,72.55297192846851,False,Synthetic feature-driven placeholder comment.,0.2009523983216312,1.112208706920678,-0.2814967551013548,-0.938440679331238
F006,group_02,pouring_room,Pouring Room,mix_cbf8555ee2b2,pouring_room_mcg_x,McG-X,FM-1,5,1.3892606412929467,68.0265694618322,58.522544464616885,58.522544464616885,False,Synthetic feature-driven placeholder comment.,0.4494273963527286,0.780552768870155,0.8086566197405122,-0.4801297779726206
F007,group_01,lead_me,Lead Me,mix_d5b28dfc8a93,lead_me_pxl_l1,PXL-L1,EDR-1,1,-2.181930306539545,64.30587895079944,73.6587433686557,73.6587433686557,False,Synthetic feature-driven placeholder comment.,-0.0024436394808062,-0.3677713699084406,-1.2816942263900757,-0.1924460334762285
F007,group_01,lead_me,Lead Me,mix_f1f7973e5bac,lead_me_du_d,DU-D,EDR-1,2,5.9315598802398135,72.77045960582348,62.66016793838226,62.66016793838226,False,Synthetic feature-driven placeholder comment.,0.7402857811167308,-1.548717422055362,0.3280479404435016,-1.017146833506479
F007,group_01,lead_me,Lead Me,mix_d3e3580b6e30,lead_me_mcg_pro2,McG-pro2,EDR-1,3,3.814031642297137,73.92823701866104,66.65464863067861,66.65464863067861,False,Synthetic feature-driven placeholder comment.,2.9805308263561203,0.8594252384169624,-0.9263284806752846,0.048773555233824
F007,group_01,lead_me,Lead Me,mix_271852ba8676,lead_me_du_e,DU-E,EDR-1,4,-5.750339322248495,56.64608921659388,60.071643676799674,60.071643676799674,False,Synthetic feature-driven placeholder comment.,-1.0250576971995913,0.5199952869185839,-0.8666083508697964,0.9959336464039888
F007,group_01,lead_me,Lead Me,mix_c7d9a071ba25,lead_me_pxl_l4,PXL-L4,EDR-1,5,3.536878170598983,68.66022726530234,71.51205021823026,71.51205021823026,False,Synthetic feature-driven placeholder comment.,-0.0552007785055364,-0.8412121981784734,0.8321106863211235,2.390299590706203
F007,group_01,lead_me,Lead Me,mix_d3e3580b6e30,lead_me_mcg_pro2,McG-pro2,EDR-2,1,3.814031642297137,70.42823701866104,75.05529825683018,75.05529825683018,False,Synthetic feature-driven placeholder comment.,2.9805308263561203,0.8594252384169624,-0.9263284806752846,0.048773555233824
F007,group_01,lead_me,Lead Me,mix_271852ba8676,lead_me_du_e,DU-E,EDR-2,2,-5.750339322248495,53.14608921659388,41.961256055842085,41.961256055842085,False,Synthetic feature-driven placeholder comment.,-1.0250576971995913,0.5199952869185839,-0.8666083508697964,0.9959336464039888
F007,group_01,lead_me,Lead Me,mix_f1f7973e5bac,lead_me_du_d,DU-D,EDR-2,3,5.9315598802398135,69.27045960582348,65.57225476073451,65.57225476073451,False,Synthetic feature-driven placeholder comment.,0.7402857811167308,-1.548717422055362,0.3280479404435016,-1.017146833506479
F007,group_01,lead_me,Lead Me,mix_d5b28dfc8a93,lead_me_pxl_l1,PXL-L1,EDR-2,4,-2.181930306539545,60.805878950799446,56.227846336372295,56.227846336372295,False,Synthetic feature-driven placeholder comment.,-0.0024436394808062,-0.3677713699084406,-1.2816942263900757,-0.1924460334762285
F007,group_01,lead_me,Lead Me,mix_c7d9a071ba25,lead_me_pxl_l4,PXL-L4,EDR-2,5,3.536878170598983,65.16022726530234,77.29469991627874,77.29469991627874,False,Synthetic feature-driven placeholder comment.,-0.0552007785055364,-0.8412121981784734,0.8321106863211235,2.390299590706203
F007,group_01,lead_me,Lead Me,mix_d5b28dfc8a93,lead_me_pxl_l1,PXL-L1,FM-1,1,-2.181930306539545,63.305878950799446,58.60600979184161,58.60600979184161,False,Synthetic feature-driven placeholder comment.,-0.0024436394808062,-0.3677713699084406,-1.2816942263900757,-0.1924460334762285
F007,group_01,lead_me,Lead Me,mix_d3e3580b6e30,lead_me_mcg_pro2,McG-pro2,FM-1,2,3.814031642297137,72.92823701866104,64.58886742653252,64.58886742653252,False,Synthetic feature-driven placeholder comment.,2.9805308263561203,0.8594252384169624,-0.9263284806752846,0.048773555233824
F007,group_01,lead_me,Lead Me,mix_c7d9a071ba25,lead_me_pxl_l4,PXL-L4,FM-1,3,3.536878170598983,67.66022726530234,67.53500639860043,67.53500639860043,False,Synthetic feature-driven placeholder comment.,-0.0552007785055364,-0.8412121981784734,0.8321106863211235,2.390299590706203
F007,group_01,lead_me,Lead Me,mix_f1f7973e5bac,lead_me_du_d,DU-D,FM-1,4,5.9315598802398135,71.77045960582348,82.44112804099836,82.44112804099836,False,Synthetic feature-driven placeholder comment.,0.7402857811167308,-1.548717422055362,0.3280479404435016,-1.017146833506479
F007,group_01,lead_me,Lead Me,mix_271852ba8676,lead_me_du_e,DU-E,FM-1,5,-5.750339322248495,55.64608921659388,41.45297536537563,41.45297536537563,False,Synthetic feature-driven placeholder comment.,-1.0250576971995913,0.5199952869185839,-0.8666083508697964,0.9959336464039888
F007,group_01,id_like_to_know,I'd Like To Know,mix_65f41f41d3ab,id_like_to_know_pxl_s3,PXL-S3,EDR-1,1,0.39777798146276877,64.73118521314703,65.64649454536571,65.64649454536571,False,Synthetic feature-driven placeholder comment.,0.3234844364321996,-1.065060189455143,-1.1651773700507613,-0.0982478955990668
F007,group_01,id_like_to_know,I'd Like To Know,mix_b393d3919c78,id_like_to_know_pxl_s7,PXL-S7,EDR-1,2,-1.6974528208642186,61.13486019408278,65.62178391763229,65.62178391763229,False,Synthetic feature-driven placeholder comment.,-0.867056238017743,-0.6188407399054331,-0.3229009373128245,-1.0515106991885117
F007,group_01,id_like_to_know,I'd Like To Know,mix_9ffcd672af17,id_like_to_know_pxl_s1,PXL-S1,EDR-1,3,-1.3706083561622606,60.12897245055915,78.04120645654768,78.04120645654768,False,Synthetic feature-driven placeholder comment.,-0.5659114167269081,-0.579304038497624,-0.4851205015292653,1.357247686182373
F007,group_01,id_like_to_know,I'd Like To Know,mix_6f8b655d7999,id_like_to_know_pxl_s2,PXL-S2,EDR-1,4,2.122851337608373,68.02822469262121,74.07320313854244,74.07320313854244,False,Synthetic feature-driven placeholder comment.,0.5329997864789321,-1.1874673519330532,-0.7637519766505488,0.5510366380169074
F007,group_01,id_like_to_know,I'd Like To Know,mix_82d60d7c7fc5,id_like_to_know_pxl_s5,PXL-S5,EDR-1,5,1.2228531117561643,69.94477383524621,82.0950530181911,82.0950530181911,False,Synthetic feature-driven placeholder comment.,-0.3583378408524605,-0.1527662554529231,0.7972705919658362,1.6270752922517937
F007,group_01,id_like_to_know,I'd Like To Know,mix_6f8b655d7999,id_like_to_know_pxl_s2,PXL-S2,EDR-2,1,2.122851337608373,64.52822469262121,51.795487310508655,51.795487310508655,False,Synthetic feature-driven placeholder comment.,0.5329997864789321,-1.1874673519330532,-0.7637519766505488,0.5510366380169074
F007,group_01,id_like_to_know,I'd Like To Know,mix_82d60d7c7fc5,id_like_to_know_pxl_s5,PXL-S5,EDR-2,2,1.2228531117561643,66.44477383524621,53.414274949956365,53.414274949956365,False,Synthetic feature-driven placeholder comment.,-0.3583378408524605,-0.1527662554529231,0.7972705919658362,1.6270752922517937
F007,group_01,id_like_to_know,I'd Like To Know,mix_9ffcd672af17,id_like_to_know_pxl_s1,PXL-S1,EDR-2,3,-1.3706083561622606,56.628972450559154,49.97581555916863,49.97581555916863,False,Synthetic feature-driven placeholder comment.,-0.5659114167269081,-0.579304038497624,-0.4851205015292653,1.357247686182373
F007,group_01,id_like_to_know,I'd Like To Know,mix_65f41f41d3ab,id_like_to_know_pxl_s3,PXL-S3,EDR-2,4,0.39777798146276877,61.23118521314703,62.32869596004933,62.32869596004933,False,Synthetic feature-driven placeholder comment.,0.3234844364321996,-1.065060189455143,-1.1651773700507613,-0.0982478955990668
F007,group_01,id_like_to_know,I'd Like To Know,mix_b393d3919c78,id_like_to_know_pxl_s7,PXL-S7,EDR-2,5,-1.6974528208642186,57.634860194082776,54.89322917390633,54.89322917390633,False,Synthetic feature-driven placeholder comment.,-0.867056238017743,-0.6188407399054331,-0.3229009373128245,-1.0515106991885117
F007,group_01,id_like_to_know,I'd Like To Know,mix_b393d3919c78,id_like_to_know_pxl_s7,PXL-S7,FM-1,1,-1.6974528208642186,60.13486019408278,55.7612651147173,55.7612651147173,False,Synthetic feature-driven placeholder comment.,-0.867056238017743,-0.6188407399054331,-0.3229009373128245,-1.0515106991885117
F007,group_01,id_like_to_know,I'd Like To Know,mix_6f8b655d7999,id_like_to_know_pxl_s2,PXL-S2,FM-1,2,2.122851337608373,67.02822469262121,83.31237916579985,83.31237916579985,False,Synthetic feature-driven placeholder comment.,0.5329997864789321,-1.1874673519330532,-0.7637519766505488,0.5510366380169074
F007,group_01,id_like_to_know,I'd Like To Know,mix_65f41f41d3ab,id_like_to_know_pxl_s3,PXL-S3,FM-1,3,0.39777798146276877,63.73118521314703,41.86029493217758,41.86029493217758,False,Synthetic feature-driven placeholder comment.,0.3234844364321996,-1.065060189455143,-1.1651773700507613,-0.0982478955990668
F007,group_01,id_like_to_know,I'd Like To Know,mix_9ffcd672af17,id_like_to_know_pxl_s1,PXL-S1,FM-1,4,-1.3706083561622606,59.12897245055915,49.4675330791117,49.4675330791117,False,Synthetic feature-driven placeholder comment.,-0.5659114167269081,-0.579304038497624,-0.4851205015292653,1.357247686182373
F007,group_01,id_like_to_know,I'd Like To Know,mix_82d60d7c7fc5,id_like_to_know_pxl_s5,PXL-S5,FM-1,5,1.2228531117561643,68.94477383524621,90.52512083511627,90.52512083511627,False,Synthetic feature-driven placeholder comment.,-0.3583378408524605,-0.1527662554529231,0.7972705919658362,1.6270752922517937
F008,group_02,in_the_meantime,In The Meantime,mix_302f0efe8a80,in_the_meantime_du_h,DU-H,EDR-1,1,-0.779898277359731,62.925081490287305,56.693214880603676,56.693214880603676,False,Synthetic feature-driven placeholder comment.,0.6887214233465396,0.2719152524959843,-0.8693704120952901,0.8234428342152216
F008,group_02,in_the_meantime,In The Meantime,mix_cdaef40f2b94,in_the_meantime_qut_pro,QUT-pro,EDR-1,2,5.513631733764184,64.75669136845397,54.419015526191615,54.419015526191615,False,Synthetic feature-driven placeholder comment.,-0.6756280657690176,-1.4346341192827423,1.8511013279434223,-0.7325346788768815
F008,group_02,in_the_meantime,In The Meantime,mix_9baa86357fd4,in_the_meantime_du_i,DU-I,EDR-1,3,-7.7211527946122915,50.678430396823344,57.84648380362859,57.84648380362859,False,Synthetic feature-driven placeholder comment.,-1.8990066727669184,1.9187185345499165,0.5415536857115313,-0.721703057329889
F008,group_02,in_the_meantime,In The Meantime,mix_56e65a3ce054,in_the_meantime_du_k,DU-K,EDR-1,4,-4.439003297698766,56.495679440582464,62.7002332360437,62.7002332360437,False,Synthetic feature-driven placeholder comment.,-1.1193186569455127,1.7918041562064675,0.9713104079970216,0.4372547184671072
F008,group_02,in_the_meantime,In The Meantime,mix_c7bdcba64775,in_the_meantime_qut_b,QUT-B,EDR-1,5,-4.883741826428456,53.83313334723093,61.05005285914311,61.05005285914311,False,Synthetic feature-driven placeholder comment.,-0.6698107538710293,-0.1978340618743536,-1.5468197375217057,0.0908009789400507
F008,group_02,in_the_meantime,In The Meantime,mix_56e65a3ce054,in_the_meantime_du_k,DU-K,EDR-2,1,-4.439003297698766,52.99567944058246,41.083064152278176,41.083064152278176,False,Synthetic feature-driven placeholder comment.,-1.1193186569455127,1.7918041562064675,0.9713104079970216,0.4372547184671072
F008,group_02,in_the_meantime,In The Meantime,mix_9baa86357fd4,in_the_meantime_du_i,DU-I,EDR-2,2,-7.7211527946122915,47.178430396823344,48.25745880171351,48.25745880171351,False,Synthetic feature-driven placeholder comment.,-1.8990066727669184,1.9187185345499165,0.5415536857115313,-0.721703057329889
F008,group_02,in_the_meantime,In The Meantime,mix_cdaef40f2b94,in_the_meantime_qut_pro,QUT-pro,EDR-2,3,5.513631733764184,61.256691368453964,59.1090261535326,59.1090261535326,False,Synthetic feature-driven placeholder comment.,-0.6756280657690176,-1.4346341192827423,1.8511013279434223,-0.7325346788768815
F008,group_02,in_the_meantime,In The Meantime,mix_302f0efe8a80,in_the_meantime_du_h,DU-H,EDR-2,4,-0.779898277359731,59.425081490287305,63.300865161655814,63.300865161655814,False,Synthetic feature-driven placeholder comment.,0.6887214233465396,0.2719152524959843,-0.8693704120952901,0.8234428342152216
F008,group_02,in_the_meantime,In The Meantime,mix_c7bdcba64775,in_the_meantime_qut_b,QUT-B,EDR-2,5,-4.883741826428456,50.333133347230934,35.507686484612464,35.507686484612464,False,Synthetic feature-driven placeholder comment.,-0.6698107538710293,-0.1978340618743536,-1.5468197375217057,0.0908009789400507
F008,group_02,in_the_meantime,In The Meantime,mix_302f0efe8a80,in_the_meantime_du_h,DU-H,FM-1,1,-0.779898277359731,61.925081490287305,75.72152326910859,75.72152326910859,False,Synthetic feature-driven placeholder comment.,0.6887214233465396,0.2719152524959843,-0.8693704120952901,0.8234428342152216
F008,group_02,in_the_meantime,In The Meantime,mix_9baa86357fd4,in_the_meantime_du_i,DU-I,FM-1,2,-7.7211527946122915,49.678430396823344,37.09127112783704,37.09127112783704,False,Synthetic feature-driven placeholder comment.,-1.8990066727669184,1.9187185345499165,0.5415536857115313,-0.721703057329889
F008,group_02,in_the_meantime,In The Meantime,mix_c7bdcba64775,in_the_meantime_qut_b,QUT-B,FM-1,3,-4.883741826428456,52.833133347230934,60.641755229325355,60.641755229325355,False,Synthetic feature-driven placeholder comment.,-0.6698107538710293,-0.1978340618743536,-1.5468197375217057,0.0908009789400507
F008,group_02,in_the_meantime,In The Meantime,mix_56e65a3ce054,in_the_meantime_du_k,DU-K,FM-1,4,-4.439003297698766,55.495679440582464,70.57221605585939,70.57221605585939,False,Synthetic feature-driven placeholder comment.,-1.1193186569455127,1.7918041562064675,0.9713104079970216,0.4372547184671072
F008,group_02,in_the_meantime,In The Meantime,mix_cdaef40f2b94,in_the_meantime_qut_pro,QUT-pro,FM-1,5,5.513631733764184,63.756691368453964,71.6877513403192,71.6877513403192,False,Synthetic feature-driven placeholder comment.,-0.6756280657690176,-1.4346341192827423,1.8511013279434223,-0.7325346788768815
F008,group_02,pouring_room,Pouring Room,mix_0ba76f420c1d,pouring_room_mcg_r,McG-R,EDR-1,1,3.5333626255955455,66.07013682150158,65.52101947903502,65.52101947903502,False,Synthetic feature-driven placeholder comment.,0.2249858589620197,-0.521538265731174,0.8057256670690561,-1.2630720295337683
F008,group_02,pouring_room,Pouring Room,mix_132e75f34470,pouring_room_mcg_pro1,McG-pro1,EDR-1,2,1.9624437219793534,65.41531831587534,66.4970320852296,66.4970320852296,False,Synthetic feature-driven placeholder comment.,1.177821012274786,0.1366958746221527,-0.3534041622732912,-0.9473754159948484
F008,group_02,pouring_room,Pouring Room,mix_e08faaf8bbb3,pouring_room_mcg_v,McG-V,EDR-1,3,-2.460604585630299,57.06024241837053,52.14098747915583,52.14098747915583,False,Synthetic feature-driven placeholder comment.,0.2009523983216312,1.112208706920678,-0.2814967551013548,-0.938440679331238
F008,group_02,pouring_room,Pouring Room,mix_cbf8555ee2b2,pouring_room_mcg_x,McG-X,EDR-1,4,1.3892606412929467,56.24392897155458,58.16162000293433,58.16162000293433,False,Synthetic feature-driven placeholder comment.,0.4494273963527286,0.780552768870155,0.8086566197405122,-0.4801297779726206
F008,group_02,pouring_room,Pouring Room,mix_be2ccd4c43ff,pouring_room_mcg_t,McG-T,EDR-1,5,1.860080740948886,64.04194834682376,54.4961624451022,54.4961624451022,False,Synthetic feature-driven placeholder comment.,-0.0814371595061495,1.1238301932737935,1.926895983278192,-0.8792578396079359
F008,group_02,pouring_room,Pouring Room,mix_be2ccd4c43ff,pouring_room_mcg_t,McG-T,EDR-2,1,1.860080740948886,60.54194834682375,52.81875532193985,52.81875532193985,False,Synthetic feature-driven placeholder comment.,-0.0814371595061495,1.1238301932737935,1.926895983278192,-0.8792578396079359
F008,group_02,pouring_room,Pouring Room,mix_e08faaf8bbb3,pouring_room_mcg_v,McG-V,EDR-2,2,-2.460604585630299,53.56024241837052,40.288652569093784,40.288652569093784,False,Synthetic feature-driven placeholder comment.,0.2009523983216312,1.112208706920678,-0.2814967551013548,-0.938440679331238
F008,group_02,pouring_room,Pouring Room,mix_132e75f34470,pouring_room_mcg_pro1,McG-pro1,EDR-2,3,1.9624437219793534,61.91531831587533,75.50447154714881,75.50447154714881,False,Synthetic feature-driven placeholder comment.,1.177821012274786,0.1366958746221527,-0.3534041622732912,-0.9473754159948484
F008,group_02,pouring_room,Pouring Room,mix_0ba76f420c1d,pouring_room_mcg_r,McG-R,EDR-2,4,3.5333626255955455,62.57013682150157,45.6338302021052,45.6338302021052,False,Synthetic feature-driven placeholder comment.,0.2249858589620197,-0.521538265731174,0.8057256670690561,-1.2630720295337683
F008,group_02,pouring_room,Pouring Room,mix_cbf8555ee2b2,pouring_room_mcg_x,McG-X,EDR-2,5,1.3892606412929467,52.74392897155458,68.95192371217478,68.95192371217478,False,Synthetic feature-driven placeholder comment.,0.4494273963527286,0.780552768870155,0.8086566197405122,-0.4801297779726206
F008,group_02,pouring_room,Pouring Room,mix_132e75f34470,pouring_room_mcg_pro1,McG-pro1,FM-1,1,1.9624437219793534,64.41531831587534,44.52286794265995,44.52286794265995,False,Synthetic feature-driven placeholder comment.,1.177821012274786,0.1366958746221527,-0.3534041622732912,-0.9473754159948484
F008,group_02,pouring_room,Pouring Room,mix_cbf8555ee2b2,pouring_room_mcg_x,McG-X,FM-1,2,1.3892606412929467,55.24392897155458,63.72675941043017,63.72675941043017,False,Synthetic feature-driven placeholder comment.,0.4494273963527286,0.780552768870155,0.8086566197405122,-0.4801297779726206
F008,group_02,pouring_room,Pouring Room,mix_0ba76f420c1d,pouring_room_mcg_r,McG-R,FM-1,3,3.5333626255955455,65.07013682150158,66.74257639793124,66.74257639793124,False,Synthetic feature-driven placeholder comment.,0.2249858589620197,-0.521538265731174,0.8057256670690561,-1.2630720295337683
F008,group_02,pouring_room,Pouring Room,mix_e08faaf8bbb3,pouring_room_mcg_v,McG-V,FM-1,4,-2.460604585630299,56.06024241837053,41.28512197671185,41.28512197671185,False,Synthetic feature-driven placeholder comment.,0.2009523983216312,1.112208706920678,-0.2814967551013548,-0.938440679331238
F008,group_02,pouring_room,Pouring Room,mix_be2ccd4c43ff,pouring_room_mcg_t,McG-T,FM-1,5,1.860080740948886,63.04194834682375,58.38020945225802,58.38020945225802,False,Synthetic feature-driven placeholder comment.,-0.0814371595061495,1.1238301932737935,1.926895983278192,-0.8792578396079359
F009,group_01,lead_me,Lead Me,mix_c7d9a071ba25,lead_me_pxl_l4,PXL-L4,EDR-1,1,3.536878170598983,74.70294310461433,65.98400545298351,65.98400545298351,False,Synthetic feature-driven placeholder comment.,-0.0552007785055364,-0.8412121981784734,0.8321106863211235,2.390299590706203
F009,group_01,lead_me,Lead Me,mix_d3e3580b6e30,lead_me_mcg_pro2,McG-pro2,EDR-1,2,3.814031642297137,79.97095285797303,87.97106138698734,87.97106138698734,False,Synthetic feature-driven placeholder comment.,2.9805308263561203,0.8594252384169624,-0.9263284806752846,0.048773555233824
F009,group_01,lead_me,Lead Me,mix_f1f7973e5bac,lead_me_du_d,DU-D,EDR-1,3,5.9315598802398135,78.81317544513547,68.05653697497931,68.05653697497931,False,Synthetic feature-driven placeholder comment.,0.7402857811167308,-1.548717422055362,0.3280479404435016,-1.017146833506479
F009,group_01,lead_me,Lead Me,mix_271852ba8676,lead_me_du_e,DU-E,EDR-1,4,-5.750339322248495,62.688805055905874,45.112851797381346,45.112851797381346,False,Synthetic feature-driven placeholder comment.,-1.0250576971995913,0.5199952869185839,-0.8666083508697964,0.9959336464039888
F009,group_01,lead_me,Lead Me,mix_d5b28dfc8a93,lead_me_pxl_l1,PXL-L1,EDR-1,5,-2.181930306539545,70.34859479011143,80.48440488789227,80.48440488789227,False,Synthetic feature-driven placeholder comment.,-0.0024436394808062,-0.3677713699084406,-1.2816942263900757,-0.1924460334762285
F009,group_01,lead_me,Lead Me,mix_f1f7973e5bac,lead_me_du_d,DU-D,EDR-2,1,5.9315598802398135,75.31317544513547,78.83571313186211,78.83571313186211,False,Synthetic feature-driven placeholder comment.,0.7402857811167308,-1.548717422055362,0.3280479404435016,-1.017146833506479
F009,group_01,lead_me,Lead Me,mix_d5b28dfc8a93,lead_me_pxl_l1,PXL-L1,EDR-2,2,-2.181930306539545,66.84859479011143,66.83751901634193,66.83751901634193,False,Synthetic feature-driven placeholder comment.,-0.0024436394808062,-0.3677713699084406,-1.2816942263900757,-0.1924460334762285
F009,group_01,lead_me,Lead Me,mix_c7d9a071ba25,lead_me_pxl_l4,PXL-L4,EDR-2,3,3.536878170598983,71.20294310461433,68.58764525873919,68.58764525873919,False,Synthetic feature-driven placeholder comment.,-0.0552007785055364,-0.8412121981784734,0.8321106863211235,2.390299590706203
F009,group_01,lead_me,Lead Me,mix_271852ba8676,lead_me_du_e,DU-E,EDR-2,4,-5.750339322248495,59.18880505590587,65.50926167904561,65.50926167904561,False,Synthetic feature-driven placeholder comment.,-1.0250576971995913,0.5199952869185839,-0.8666083508697964,0.9959336464039888
F009,group_01,lead_me,Lead Me,mix_d3e3580b6e30,lead_me_mcg_pro2,McG-pro2,EDR-2,5,3.814031642297137,76.47095285797303,79.83431963953997,79.83431963953997,False,Synthetic feature-driven placeholder comment.,2.9805308263561203,0.8594252384169624,-0.9263284806752846,0.048773555233824
F009,group_01,lead_me,Lead Me,mix_f1f7973e5bac,lead_me_du_d,DU-D,FM-1,1,5.9315598802398135,77.81317544513547,72.39782879403442,72.39782879403442,False,Synthetic feature-driven placeholder comment.,0.7402857811167308,-1.548717422055362,0.3280479404435016,-1.017146833506479
F009,group_01,lead_me,Lead Me,mix_d3e3580b6e30,lead_me_mcg_pro2,McG-pro2,FM-1,2,3.814031642297137,78.97095285797303,88.78109480387626,88.78109480387626,False,Synthetic feature-driven placeholder comment.,2.9805308263561203,0.8594252384169624,-0.9263284806752846,0.048773555233824
F009,group_01,lead_me,Lead Me,mix_c7d9a071ba25,lead_me_pxl_l4,PXL-L4,FM-1,3,3.536878170598983,73.70294310461433,86.95732622512516,86.95732622512516,False,Synthetic feature-driven placeholder comment.,-0.0552007785055364,-0.8412121981784734,0.8321106863211235,2.390299590706203
F009,group_01,lead_me,Lead Me,mix_d5b28dfc8a93,lead_me_pxl_l1,PXL-L1,FM-1,4,-2.181930306539545,69.34859479011143,73.62338739841374,73.62338739841374,False,Synthetic feature-driven placeholder comment.,-0.0024436394808062,-0.3677713699084406,-1.2816942263900757,-0.1924460334762285
F009,group_01,lead_me,Lead Me,mix_271852ba8676,lead_me_du_e,DU-E,FM-1,5,-5.750339322248495,61.688805055905874,89.01112278495788,89.01112278495788,False,Synthetic feature-driven placeholder comment.,-1.0250576971995913,0.5199952869185839,-0.8666083508697964,0.9959336464039888
F009,group_01,id_like_to_know,I'd Like To Know,mix_82d60d7c7fc5,id_like_to_know_pxl_s5,PXL-S5,EDR-1,1,1.2228531117561643,75.9874896745582,78.05044864861966,78.05044864861966,False,Synthetic feature-driven placeholder comment.,-0.3583378408524605,-0.1527662554529231,0.7972705919658362,1.6270752922517937
F009,group_01,id_like_to_know,I'd Like To Know,mix_9ffcd672af17,id_like_to_know_pxl_s1,PXL-S1,EDR-1,2,-1.3706083561622606,66.17168828987114,67.8658299901628,67.8658299901628,False,Synthetic feature-driven placeholder comment.,-0.5659114167269081,-0.579304038497624,-0.4851205015292653,1.357247686182373
F009,group_01,id_like_to_know,I'd Like To Know,mix_65f41f41d3ab,id_like_to_know_pxl_s3,PXL-S3,EDR-1,3,0.39777798146276877,70.77390105245902,84.64876639997881,84.64876639997881,False,Synthetic feature-driven placeholder comment.,0.3234844364321996,-1.065060189455143,-1.1651773700507613,-0.0982478955990668
F009,group_01,id_like_to_know,I'd Like To Know,mix_6f8b655d7999,id_like_to_know_pxl_s2,PXL-S2,EDR-1,4,2.122851337608373,74.0709405319332,76.76703063118619,76.76703063118619,False,Synthetic feature-driven placeholder comment.,0.5329997864789321,-1.1874673519330532,-0.7637519766505488,0.5510366380169074
F009,group_01,id_like_to_know,I'd Like To Know,mix_b393d3919c78,id_like_to_know_pxl_s7,PXL-S7,EDR-1,5,-1.6974528208642186,67.17757603339477,69.57418687440193,69.57418687440193,False,Synthetic feature-driven placeholder comment.,-0.867056238017743,-0.6188407399054331,-0.3229009373128245,-1.0515106991885117
F009,group_01,id_like_to_know,I'd Like To Know,mix_6f8b655d7999,id_like_to_know_pxl_s2,PXL-S2,EDR-2,1,2.122851337608373,70.5709405319332,74.95891344491022,74.95891344491022,False,Synthetic feature-driven placeholder comment.,0.5329997864789321,-1.1874673519330532,-0.7637519766505488,0.5510366380169074
F009,group_01,id_like_to_know,I'd Like To Know,mix_b393d3919c78,id_like_to_know_pxl_s7,PXL-S7,EDR-2,2,-1.6974528208642186,63.677576033394764,48.313941497356936,48.313941497356936,False,Synthetic feature-driven placeholder comment.,-0.867056238017743,-0.6188407399054331,-0.3229009373128245,-1.0515106991885117
F009,group_01,id_like_to_know,I'd Like To Know,mix_9ffcd672af17,id_like_to_know_pxl_s1,PXL-S1,EDR-2,3,-1.3706083561622606,62.67168828987114,56.01321597887226,56.01321597887226,False,Synthetic feature-driven placeholder comment.,-0.5659114167269081,-0.579304038497624,-0.4851205015292653,1.357247686182373
F009,group_01,id_like_to_know,I'd Like To Know,mix_65f41f41d3ab,id_like_to_know_pxl_s3,PXL-S3,EDR-2,4,0.39777798146276877,67.27390105245902,57.407245635495805,57.407245635495805,False,Synthetic feature-driven placeholder comment.,0.3234844364321996,-1.065060189455143,-1.1651773700507613,-0.0982478955990668
F009,group_01,id_like_to_know,I'd Like To Know,mix_82d60d7c7fc5,id_like_to_know_pxl_s5,PXL-S5,EDR-2,5,1.2228531117561643,72.4874896745582,52.52263489186788,52.52263489186788,False,Synthetic feature-driven placeholder comment.,-0.3583378408524605,-0.1527662554529231,0.7972705919658362,1.6270752922517937
F009,group_01,id_like_to_know,I'd Like To Know,mix_82d60d7c7fc5,id_like_to_know_pxl_s5,PXL-S5,FM-1,1,1.2228531117561643,74.9874896745582,84.96003227373933,84.96003227373933,False,Synthetic feature-driven placeholder comment.,-0.3583378408524605,-0.1527662554529231,0.7972705919658362,1.6270752922517937
F009,group_01,id_like_to_know,I'd Like To Know,mix_9ffcd672af17,id_like_to_know_pxl_s1,PXL-S1,FM-1,2,-1.3706083561622606,65.17168828987114,62.14797564068376,62.14797564068376,False,Synthetic feature-driven placeholder comment.,-0.5659114167269081,-0.579304038497624,-0.4851205015292653,1.357247686182373
F009,group_01,id_like_to_know,I'd Like To Know,mix_b393d3919c78,id_like_to_know_pxl_s7,PXL-S7,FM-1,3,-1.6974528208642186,66.17757603339477,58.1287058264995,58.1287058264995,False,Synthetic feature-driven placeholder comment.,-0.867056238017743,-0.6188407399054331,-0.3229009373128245,-1.0515106991885117
F009,group_01,id_like_to_know,I'd Like To Know,mix_65f41f41d3ab,id_like_to_know_pxl_s3,PXL-S3,FM-1,4,0.39777798146276877,69.77390105245902,73.24269986151977,73.24269986151977,False,Synthetic feature-driven placeholder comment.,0.3234844364321996,-1.065060189455143,-1.1651773700507613,-0.0982478955990668
F009,group_01,id_like_to_know,I'd Like To Know,mix_6f8b655d7999,id_like_to_know_pxl_s2,PXL-S2,FM-1,5,2.122851337608373,73.0709405319332,61.692420295265464,61.692420295265464,False,Synthetic feature-driven placeholder comment.,0.5329997864789321,-1.1874673519330532,-0.7637519766505488,0.5510366380169074
F010,group_02,in_the_meantime,In The Meantime,mix_9baa86357fd4,in_the_meantime_du_i,DU-I,EDR-1,1,-7.7211527946122915,54.733742727151444,67.60647382789534,67.60647382789534,False,Synthetic feature-driven placeholder comment.,-1.8990066727669184,1.9187185345499165,0.5415536857115313,-0.721703057329889
F010,group_02,in_the_meantime,In The Meantime,mix_c7bdcba64775,in_the_meantime_qut_b,QUT-B,EDR-1,2,-4.883741826428456,57.88844567755903,44.815183281010405,44.815183281010405,False,Synthetic feature-driven placeholder comment.,-0.6698107538710293,-0.1978340618743536,-1.5468197375217057,0.0908009789400507
F010,group_02,in_the_meantime,In The Meantime,mix_302f0efe8a80,in_the_meantime_du_h,DU-H,EDR-1,3,-0.779898277359731,66.9803938206154,77.84249001651719,77.84249001651719,False,Synthetic feature-driven placeholder comment.,0.6887214233465396,0.2719152524959843,-0.8693704120952901,0.8234428342152216
F010,group_02,in_the_meantime,In The Meantime,mix_cdaef40f2b94,in_the_meantime_qut_pro,QUT-pro,EDR-1,4,5.513631733764184,68.81200369878206,70.69022460035684,70.69022460035684,False,Synthetic feature-driven placeholder comment.,-0.6756280657690176,-1.4346341192827423,1.8511013279434223,-0.7325346788768815
F010,group_02,in_the_meantime,In The Meantime,mix_56e65a3ce054,in_the_meantime_du_k,DU-K,EDR-1,5,-4.439003297698766,60.550991770910564,70.92640593717655,70.92640593717655,False,Synthetic feature-driven placeholder comment.,-1.1193186569455127,1.7918041562064675,0.9713104079970216,0.4372547184671072
F010,group_02,in_the_meantime,In The Meantime,mix_9baa86357fd4,in_the_meantime_du_i,DU-I,EDR-2,1,-7.7211527946122915,51.233742727151444,53.05905983183375,53.05905983183375,False,Synthetic feature-driven placeholder comment.,-1.8990066727669184,1.9187185345499165,0.5415536857115313,-0.721703057329889
F010,group_02,in_the_meantime,In The Meantime,mix_56e65a3ce054,in_the_meantime_du_k,DU-K,EDR-2,2,-4.439003297698766,57.05099177091056,49.34078399724512,49.34078399724512,False,Synthetic feature-driven placeholder comment.,-1.1193186569455127,1.7918041562064675,0.9713104079970216,0.4372547184671072
F010,group_02,in_the_meantime,In The Meantime,mix_302f0efe8a80,in_the_meantime_du_h,DU-H,EDR-2,3,-0.779898277359731,63.480393820615404,48.90605324223105,48.90605324223105,False,Synthetic feature-driven placeholder comment.,0.6887214233465396,0.2719152524959843,-0.8693704120952901,0.8234428342152216
F010,group_02,in_the_meantime,In The Meantime,mix_c7bdcba64775,in_the_meantime_qut_b,QUT-B,EDR-2,4,-4.883741826428456,54.388445677559034,44.23972869930025,44.23972869930025,False,Synthetic feature-driven placeholder comment.,-0.6698107538710293,-0.1978340618743536,-1.5468197375217057,0.0908009789400507
F010,group_02,in_the_meantime,In The Meantime,mix_cdaef40f2b94,in_the_meantime_qut_pro,QUT-pro,EDR-2,5,5.513631733764184,65.31200369878206,60.73550587901833,60.73550587901833,False,Synthetic feature-driven placeholder comment.,-0.6756280657690176,-1.4346341192827423,1.8511013279434223,-0.7325346788768815
F010,group_02,in_the_meantime,In The Meantime,mix_56e65a3ce054,in_the_meantime_du_k,DU-K,FM-1,1,-4.439003297698766,59.550991770910564,65.37842590433415,65.37842590433415,False,Synthetic feature-driven placeholder comment.,-1.1193186569455127,1.7918041562064675,0.9713104079970216,0.4372547184671072
F010,group_02,in_the_meantime,In The Meantime,mix_c7bdcba64775,in_the_meantime_qut_b,QUT-B,FM-1,2,-4.883741826428456,56.888445677559034,59.672339385663136,59.672339385663136,False,Synthetic feature-driven placeholder comment.,-0.6698107538710293,-0.1978340618743536,-1.5468197375217057,0.0908009789400507
F010,group_02,in_the_meantime,In The Meantime,mix_9baa86357fd4,in_the_meantime_du_i,DU-I,FM-1,3,-7.7211527946122915,53.733742727151444,67.16507228986734,67.16507228986734,False,Synthetic feature-driven placeholder comment.,-1.8990066727669184,1.9187185345499165,0.5415536857115313,-0.721703057329889
F010,group_02,in_the_meantime,In The Meantime,mix_302f0efe8a80,in_the_meantime_du_h,DU-H,FM-1,4,-0.779898277359731,65.9803938206154,49.18236068542389,49.18236068542389,False,Synthetic feature-driven placeholder comment.,0.6887214233465396,0.2719152524959843,-0.8693704120952901,0.8234428342152216
F010,group_02,in_the_meantime,In The Meantime,mix_cdaef40f2b94,in_the_meantime_qut_pro,QUT-pro,FM-1,5,5.513631733764184,67.81200369878206,57.10123174328811,57.10123174328811,False,Synthetic feature-driven placeholder comment.,-0.6756280657690176,-1.4346341192827423,1.8511013279434223,-0.7325346788768815
F010,group_02,pouring_room,Pouring Room,mix_132e75f34470,pouring_room_mcg_pro1,McG-pro1,EDR-1,1,1.9624437219793534,69.47063064620343,59.041898441879695,59.041898441879695,False,Synthetic feature-driven placeholder comment.,1.177821012274786,0.1366958746221527,-0.3534041622732912,-0.9473754159948484
F010,group_02,pouring_room,Pouring Room,mix_e08faaf8bbb3,pouring_room_mcg_v,McG-V,EDR-1,2,-2.460604585630299,61.11555474869863,61.762254873678685,61.762254873678685,False,Synthetic feature-driven placeholder comment.,0.2009523983216312,1.112208706920678,-0.2814967551013548,-0.938440679331238
F010,group_02,pouring_room,Pouring Room,mix_cbf8555ee2b2,pouring_room_mcg_x,McG-X,EDR-1,3,1.3892606412929467,60.299241301882674,45.114503812234815,45.114503812234815,False,Synthetic feature-driven placeholder comment.,0.4494273963527286,0.780552768870155,0.8086566197405122,-0.4801297779726206
F010,group_02,pouring_room,Pouring Room,mix_0ba76f420c1d,pouring_room_mcg_r,McG-R,EDR-1,4,3.5333626255955455,70.12544915182967,64.81765513653018,64.81765513653018,False,Synthetic feature-driven placeholder comment.,0.2249858589620197,-0.521538265731174,0.8057256670690561,-1.2630720295337683
F010,group_02,pouring_room,Pouring Room,mix_be2ccd4c43ff,pouring_room_mcg_t,McG-T,EDR-1,5,1.860080740948886,68.09726067715185,80.61724038877786,80.61724038877786,False,Synthetic feature-driven placeholder comment.,-0.0814371595061495,1.1238301932737935,1.926895983278192,-0.8792578396079359
F010,group_02,pouring_room,Pouring Room,mix_be2ccd4c43ff,pouring_room_mcg_t,McG-T,EDR-2,1,1.860080740948886,64.59726067715185,78.7816246821321,78.7816246821321,False,Synthetic feature-driven placeholder comment.,-0.0814371595061495,1.1238301932737935,1.926895983278192,-0.8792578396079359
F010,group_02,pouring_room,Pouring Room,mix_0ba76f420c1d,pouring_room_mcg_r,McG-R,EDR-2,2,3.5333626255955455,66.62544915182967,61.500712606177245,61.500712606177245,False,Synthetic feature-driven placeholder comment.,0.2249858589620197,-0.521538265731174,0.8057256670690561,-1.2630720295337683
F010,group_02,pouring_room,Pouring Room,mix_e08faaf8bbb3,pouring_room_mcg_v,McG-V,EDR-2,3,-2.460604585630299,57.61555474869862,48.26029097176754,48.26029097176754,False,Synthetic feature-driven placeholder comment.,0.2009523983216312,1.112208706920678,-0.2814967551013548,-0.938440679331238
F010,group_02,pouring_room,Pouring Room,mix_cbf8555ee2b2,pouring_room_mcg_x,McG-X,EDR-2,4,1.3892606412929467,56.79924130188268,59.319764254555366,59.319764254555366,False,Synthetic feature-driven placeholder comment.,0.4494273963527286,0.780552768870155,0.8086566197405122,-0.4801297779726206
F010,group_02,pouring_room,Pouring Room,mix_132e75f34470,pouring_room_mcg_pro1,McG-pro1,EDR-2,5,1.9624437219793534,65.97063064620343,57.6005878801582,57.6005878801582,False,Synthetic feature-driven placeholder comment.,1.177821012274786,0.1366958746221527,-0.3534041622732912,-0.9473754159948484
F010,group_02,pouring_room,Pouring Room,mix_be2ccd4c43ff,pouring_room_mcg_t,McG-T,FM-1,1,1.860080740948886,67.09726067715185,66.34973470719655,66.34973470719655,False,Synthetic feature-driven placeholder comment.,-0.0814371595061495,1.1238301932737935,1.926895983278192,-0.8792578396079359
F010,group_02,pouring_room,Pouring Room,mix_132e75f34470,pouring_room_mcg_pro1,McG-pro1,FM-1,2,1.9624437219793534,68.47063064620343,67.30923380389815,67.30923380389815,False,Synthetic feature-driven placeholder comment.,1.177821012274786,0.1366958746221527,-0.3534041622732912,-0.9473754159948484
F010,group_02,pouring_room,Pouring Room,mix_e08faaf8bbb3,pouring_room_mcg_v,McG-V,FM-1,3,-2.460604585630299,60.11555474869863,65.07637975494167,65.07637975494167,False,Synthetic feature-driven placeholder comment.,0.2009523983216312,1.112208706920678,-0.2814967551013548,-0.938440679331238
F010,group_02,pouring_room,Pouring Room,mix_cbf8555ee2b2,pouring_room_mcg_x,McG-X,FM-1,4,1.3892606412929467,59.299241301882674,72.51918685669591,72.51918685669591,False,Synthetic feature-driven placeholder comment.,0.4494273963527286,0.780552768870155,0.8086566197405122,-0.4801297779726206
F010,group_02,pouring_room,Pouring Room,mix_0ba76f420c1d,pouring_room_mcg_r,McG-R,FM-1,5,3.5333626255955455,69.12544915182967,81.88108948358352,81.88108948358352,False,Synthetic feature-driven placeholder comment.,0.2249858589620197,-0.521538265731174,0.8057256670690561,-1.2630720295337683
F011,group_01,lead_me,Lead Me,mix_271852ba8676,lead_me_du_e,DU-E,EDR-1,1,-5.750339322248495,66.29733281035232,64.53018298859823,64.53018298859823,False,Synthetic feature-driven placeholder comment.,-1.0250576971995913,0.5199952869185839,-0.8666083508697964,0.9959336464039888
F011,group_01,lead_me,Lead Me,mix_d3e3580b6e30,lead_me_mcg_pro2,McG-pro2,EDR-1,2,3.814031642297137,83.57948061241947,89.72459153727175,89.72459153727175,False,Synthetic feature-driven placeholder comment.,2.9805308263561203,0.8594252384169624,-0.9263284806752846,0.048773555233824
F011,group_01,lead_me,Lead Me,mix_f1f7973e5bac,lead_me_du_d,DU-D,EDR-1,3,5.9315598802398135,82.42170319958191,79.07260248642851,79.07260248642851,False,Synthetic feature-driven placeholder comment.,0.7402857811167308,-1.548717422055362,0.3280479404435016,-1.017146833506479
F011,group_01,lead_me,Lead Me,mix_d5b28dfc8a93,lead_me_pxl_l1,PXL-L1,EDR-1,4,-2.181930306539545,73.95712254455788,65.74889303450135,65.74889303450135,False,Synthetic feature-driven placeholder comment.,-0.0024436394808062,-0.3677713699084406,-1.2816942263900757,-0.1924460334762285
F011,group_01,lead_me,Lead Me,mix_c7d9a071ba25,lead_me_pxl_l4,PXL-L4,EDR-1,5,3.536878170598983,78.31147085906078,64.53546971903553,64.53546971903553,False,Synthetic feature-driven placeholder comment.,-0.0552007785055364,-0.8412121981784734,0.8321106863211235,2.390299590706203
F011,group_01,lead_me,Lead Me,mix_d3e3580b6e30,lead_me_mcg_pro2,McG-pro2,EDR-2,1,3.814031642297137,80.07948061241947,74.9678518073184,74.9678518073184,False,Synthetic feature-driven placeholder comment.,2.9805308263561203,0.8594252384169624,-0.9263284806752846,0.048773555233824
F011,group_01,lead_me,Lead Me,mix_271852ba8676,lead_me_du_e,DU-E,EDR-2,2,-5.750339322248495,62.797332810352316,67.51620865027321,67.51620865027321,False,Synthetic feature-driven placeholder comment.,-1.0250576971995913,0.5199952869185839,-0.8666083508697964,0.9959336464039888
F011,group_01,lead_me,Lead Me,mix_f1f7973e5bac,lead_me_du_d,DU-D,EDR-2,3,5.9315598802398135,78.92170319958191,85.32639369795038,85.32639369795038,False,Synthetic feature-driven placeholder comment.,0.7402857811167308,-1.548717422055362,0.3280479404435016,-1.017146833506479
F011,group_01,lead_me,Lead Me,mix_d5b28dfc8a93,lead_me_pxl_l1,PXL-L1,EDR-2,4,-2.181930306539545,70.45712254455788,70.99990444259254,70.99990444259254,False,Synthetic feature-driven placeholder comment.,-0.0024436394808062,-0.3677713699084406,-1.2816942263900757,-0.1924460334762285
F011,group_01,lead_me,Lead Me,mix_c7d9a071ba25,lead_me_pxl_l4,PXL-L4,EDR-2,5,3.536878170598983,74.81147085906078,80.28495946726106,80.28495946726106,False,Synthetic feature-driven placeholder comment.,-0.0552007785055364,-0.8412121981784734,0.8321106863211235,2.390299590706203
F011,group_01,lead_me,Lead Me,mix_271852ba8676,lead_me_du_e,DU-E,FM-1,1,-5.750339322248495,65.29733281035232,80.68379301436858,80.68379301436858,False,Synthetic feature-driven placeholder comment.,-1.0250576971995913,0.5199952869185839,-0.8666083508697964,0.9959336464039888
F011,group_01,lead_me,Lead Me,mix_d5b28dfc8a93,lead_me_pxl_l1,PXL-L1,FM-1,2,-2.181930306539545,72.95712254455788,74.52568147054549,74.52568147054549,False,Synthetic feature-driven placeholder comment.,-0.0024436394808062,-0.3677713699084406,-1.2816942263900757,-0.1924460334762285
F011,group_01,lead_me,Lead Me,mix_f1f7973e5bac,lead_me_du_d,DU-D,FM-1,3,5.9315598802398135,81.42170319958191,78.70082525562711,78.70082525562711,False,Synthetic feature-driven placeholder comment.,0.7402857811167308,-1.548717422055362,0.3280479404435016,-1.017146833506479
F011,group_01,lead_me,Lead Me,mix_d3e3580b6e30,lead_me_mcg_pro2,McG-pro2,FM-1,4,3.814031642297137,82.57948061241947,88.85544049690043,88.85544049690043,False,Synthetic feature-driven placeholder comment.,2.9805308263561203,0.8594252384169624,-0.9263284806752846,0.048773555233824
F011,group_01,lead_me,Lead Me,mix_c7d9a071ba25,lead_me_pxl_l4,PXL-L4,FM-1,5,3.536878170598983,77.31147085906078,76.12147218089896,76.12147218089896,False,Synthetic feature-driven placeholder comment.,-0.0552007785055364,-0.8412121981784734,0.8321106863211235,2.390299590706203
F011,group_01,id_like_to_know,I'd Like To Know,mix_82d60d7c7fc5,id_like_to_know_pxl_s5,PXL-S5,EDR-1,1,1.2228531117561643,79.59601742900465,82.88943691234202,82.88943691234202,False,Synthetic feature-driven placeholder comment.,-0.3583378408524605,-0.1527662554529231,0.7972705919658362,1.6270752922517937
F011,group_01,id_like_to_know,I'd Like To Know,mix_65f41f41d3ab,id_like_to_know_pxl_s3,PXL-S3,EDR-1,2,0.39777798146276877,74.38242880690547,88.1644215006479,88.1644215006479,False,Synthetic feature-driven placeholder comment.,0.3234844364321996,-1.065060189455143,-1.1651773700507613,-0.0982478955990668
F011,group_01,id_like_to_know,I'd Like To Know,mix_6f8b655d7999,id_like_to_know_pxl_s2,PXL-S2,EDR-1,3,2.122851337608373,77.67946828637965,70.56936928359276,70.56936928359276,False,Synthetic feature-driven placeholder comment.,0.5329997864789321,-1.1874673519330532,-0.7637519766505488,0.5510366380169074
F011,group_01,id_like_to_know,I'd Like To Know,mix_9ffcd672af17,id_like_to_know_pxl_s1,PXL-S1,EDR-1,4,-1.3706083561622606,69.78021604431758,67.52282238350648,67.52282238350648,False,Synthetic feature-driven placeholder comment.,-0.5659114167269081,-0.579304038497624,-0.4851205015292653,1.357247686182373
F011,group_01,id_like_to_know,I'd Like To Know,mix_b393d3919c78,id_like_to_know_pxl_s7,PXL-S7,EDR-1,5,-1.6974528208642186,70.78610378784121,69.44970085825061,69.44970085825061,False,Synthetic feature-driven placeholder comment.,-0.867056238017743,-0.6188407399054331,-0.3229009373128245,-1.0515106991885117
F011,group_01,id_like_to_know,I'd Like To Know,mix_6f8b655d7999,id_like_to_know_pxl_s2,PXL-S2,EDR-2,1,2.122851337608373,74.17946828637965,91.81552138288978,91.81552138288978,False,Synthetic feature-driven placeholder comment.,0.5329997864789321,-1.1874673519330532,-0.7637519766505488,0.5510366380169074
F011,group_01,id_like_to_know,I'd Like To Know,mix_9ffcd672af17,id_like_to_know_pxl_s1,PXL-S1,EDR-2,2,-1.3706083561622606,66.2802160443176,74.93329257458394,74.93329257458394,False,Synthetic feature-driven placeholder comment.,-0.5659114167269081,-0.579304038497624,-0.4851205015292653,1.357247686182373
F011,group_01,id_like_to_know,I'd Like To Know,mix_b393d3919c78,id_like_to_know_pxl_s7,PXL-S7,EDR-2,3,-1.6974528208642186,67.28610378784121,79.60935339446623,79.60935339446623,False,Synthetic feature-driven placeholder comment.,-0.867056238017743,-0.6188407399054331,-0.3229009373128245,-1.0515106991885117
F011,group_01,id_like_to_know,I'd Like To Know,mix_82d60d7c7fc5,id_like_to_know_pxl_s5,PXL-S5,EDR-2,4,1.2228531117561643,76.09601742900465,53.22623918206939,53.22623918206939,False,Synthetic feature-driven placeholder comment.,-0.3583378408524605,-0.1527662554529231,0.7972705919658362,1.6270752922517937
F011,group_01,id_like_to_know,I'd Like To Know,mix_65f41f41d3ab,id_like_to_know_pxl_s3,PXL-S3,EDR-2,5,0.39777798146276877,70.88242880690547,75.91969599033979,75.91969599033979,False,Synthetic feature-driven placeholder comment.,0.3234844364321996,-1.065060189455143,-1.1651773700507613,-0.0982478955990668
F011,group_01,id_like_to_know,I'd Like To Know,mix_b393d3919c78,id_like_to_know_pxl_s7,PXL-S7,FM-1,1,-1.6974528208642186,69.78610378784121,72.84563327887835,72.84563327887835,False,Synthetic feature-driven placeholder comment.,-0.867056238017743,-0.6188407399054331,-0.3229009373128245,-1.0515106991885117
F011,group_01,id_like_to_know,I'd Like To Know,mix_9ffcd672af17,id_like_to_know_pxl_s1,PXL-S1,FM-1,2,-1.3706083561622606,68.78021604431758,74.24841412814783,74.24841412814783,False,Synthetic feature-driven placeholder comment.,-0.5659114167269081,-0.579304038497624,-0.4851205015292653,1.357247686182373
F011,group_01,id_like_to_know,I'd Like To Know,mix_6f8b655d7999,id_like_to_know_pxl_s2,PXL-S2,FM-1,3,2.122851337608373,76.67946828637965,77.4266408341665,77.4266408341665,False,Synthetic feature-driven placeholder comment.,0.5329997864789321,-1.1874673519330532,-0.7637519766505488,0.5510366380169074
F011,group_01,id_like_to_know,I'd Like To Know,mix_82d60d7c7fc5,id_like_to_know_pxl_s5,PXL-S5,FM-1,4,1.2228531117561643,78.59601742900465,73.12681010897788,73.12681010897788,False,Synthetic feature-driven placeholder comment.,-0.3583378408524605,-0.1527662554529231,0.7972705919658362,1.6270752922517937
F011,group_01,id_like_to_know,I'd Like To Know,mix_65f41f41d3ab,id_like_to_know_pxl_s3,PXL-S3,FM-1,5,0.39777798146276877,73.38242880690547,80.44733343828435,80.44733343828435,False,Synthetic feature-driven placeholder comment.,0.3234844364321996,-1.065060189455143,-1.1651773700507613,-0.0982478955990668
F012,group_02,in_the_meantime,In The Meantime,mix_c7bdcba64775,in_the_meantime_qut_b,QUT-B,EDR-1,1,-4.883741826428456,63.67415733835604,64.20287237965974,64.20287237965974,False,Synthetic feature-driven placeholder comment.,-0.6698107538710293,-0.1978340618743536,-1.5468197375217057,0.0908009789400507
F012,group_02,in_the_meantime,In The Meantime,mix_302f0efe8a80,in_the_meantime_du_h,DU-H,EDR-1,2,-0.779898277359731,72.76610548141242,67.89837376246068,67.89837376246068,False,Synthetic feature-driven placeholder comment.,0.6887214233465396,0.2719152524959843,-0.8693704120952901,0.8234428342152216
F012,group_02,in_the_meantime,In The Meantime,mix_9baa86357fd4,in_the_meantime_du_i,DU-I,EDR-1,3,-7.7211527946122915,60.51945438794846,59.228790825345975,59.228790825345975,False,Synthetic feature-driven placeholder comment.,-1.8990066727669184,1.9187185345499165,0.5415536857115313,-0.721703057329889
F012,group_02,in_the_meantime,In The Meantime,mix_56e65a3ce054,in_the_meantime_du_k,DU-K,EDR-1,4,-4.439003297698766,66.33670343170758,71.7139170148881,71.7139170148881,False,Synthetic feature-driven placeholder comment.,-1.1193186569455127,1.7918041562064675,0.9713104079970216,0.4372547184671072
F012,group_02,in_the_meantime,In The Meantime,mix_cdaef40f2b94,in_the_meantime_qut_pro,QUT-pro,EDR-1,5,5.513631733764184,74.59771535957908,82.58978178669732,82.58978178669732,False,Synthetic feature-driven placeholder comment.,-0.6756280657690176,-1.4346341192827423,1.8511013279434223,-0.7325346788768815
F012,group_02,in_the_meantime,In The Meantime,mix_302f0efe8a80,in_the_meantime_du_h,DU-H,EDR-2,1,-0.779898277359731,69.26610548141242,69.5053871984369,69.5053871984369,False,Synthetic feature-driven placeholder comment.,0.6887214233465396,0.2719152524959843,-0.8693704120952901,0.8234428342152216
F012,group_02,in_the_meantime,In The Meantime,mix_56e65a3ce054,in_the_meantime_du_k,DU-K,EDR-2,2,-4.439003297698766,62.83670343170757,64.15988668948131,64.15988668948131,False,Synthetic feature-driven placeholder comment.,-1.1193186569455127,1.7918041562064675,0.9713104079970216,0.4372547184671072
F012,group_02,in_the_meantime,In The Meantime,mix_9baa86357fd4,in_the_meantime_du_i,DU-I,EDR-2,3,-7.7211527946122915,57.01945438794846,55.73027258981375,55.73027258981375,False,Synthetic feature-driven placeholder comment.,-1.8990066727669184,1.9187185345499165,0.5415536857115313,-0.721703057329889
F012,group_02,in_the_meantime,In The Meantime,mix_c7bdcba64775,in_the_meantime_qut_b,QUT-B,EDR-2,4,-4.883741826428456,60.174157338356046,68.81807587011869,68.81807587011869,False,Synthetic feature-driven placeholder comment.,-0.6698107538710293,-0.1978340618743536,-1.5468197375217057,0.0908009789400507
F012,group_02,in_the_meantime,In The Meantime,mix_cdaef40f2b94,in_the_meantime_qut_pro,QUT-pro,EDR-2,5,5.513631733764184,71.09771535957908,67.68373204737861,67.68373204737861,False,Synthetic feature-driven placeholder comment.,-0.6756280657690176,-1.4346341192827423,1.8511013279434223,-0.7325346788768815
F012,group_02,in_the_meantime,In The Meantime,mix_56e65a3ce054,in_the_meantime_du_k,DU-K,FM-1,1,-4.439003297698766,65.33670343170758,66.83464937800363,66.83464937800363,False,Synthetic feature-driven placeholder comment.,-1.1193186569455127,1.7918041562064675,0.9713104079970216,0.4372547184671072
F012,group_02,in_the_meantime,In The Meantime,mix_302f0efe8a80,in_the_meantime_du_h,DU-H,FM-1,2,-0.779898277359731,71.76610548141242,68.39046015556775,68.39046015556775,False,Synthetic feature-driven placeholder comment.,0.6887214233465396,0.2719152524959843,-0.8693704120952901,0.8234428342152216
F012,group_02,in_the_meantime,In The Meantime,mix_9baa86357fd4,in_the_meantime_du_i,DU-I,FM-1,3,-7.7211527946122915,59.51945438794846,62.700334955227596,62.700334955227596,False,Synthetic feature-driven placeholder comment.,-1.8990066727669184,1.9187185345499165,0.5415536857115313,-0.721703057329889
F012,group_02,in_the_meantime,In The Meantime,mix_c7bdcba64775,in_the_meantime_qut_b,QUT-B,FM-1,4,-4.883741826428456,62.67415733835604,78.14856448879928,78.14856448879928,False,Synthetic feature-driven placeholder comment.,-0.6698107538710293,-0.1978340618743536,-1.5468197375217057,0.0908009789400507
F012,group_02,in_the_meantime,In The Meantime,mix_cdaef40f2b94,in_the_meantime_qut_pro,QUT-pro,FM-1,5,5.513631733764184,73.59771535957908,74.04955792916505,74.04955792916505,False,Synthetic feature-driven placeholder comment.,-0.6756280657690176,-1.4346341192827423,1.8511013279434223,-0.7325346788768815
F012,group_02,pouring_room,Pouring Room,mix_be2ccd4c43ff,pouring_room_mcg_t,McG-T,EDR-1,1,1.860080740948886,73.88297233794887,87.80276161724318,87.80276161724318,False,Synthetic feature-driven placeholder comment.,-0.0814371595061495,1.1238301932737935,1.926895983278192,-0.8792578396079359
F012,group_02,pouring_room,Pouring Room,mix_cbf8555ee2b2,pouring_room_mcg_x,McG-X,EDR-1,2,1.3892606412929467,66.0849529626797,75.1226077256066,75.1226077256066,False,Synthetic feature-driven placeholder comment.,0.4494273963527286,0.780552768870155,0.8086566197405122,-0.4801297779726206
F012,group_02,pouring_room,Pouring Room,mix_e08faaf8bbb3,pouring_room_mcg_v,McG-V,EDR-1,3,-2.460604585630299,66.90126640949563,69.15334228040992,69.15334228040992,False,Synthetic feature-driven placeholder comment.,0.2009523983216312,1.112208706920678,-0.2814967551013548,-0.938440679331238
F012,group_02,pouring_room,Pouring Room,mix_132e75f34470,pouring_room_mcg_pro1,McG-pro1,EDR-1,4,1.9624437219793534,75.25634230700045,82.18331667307126,82.18331667307126,False,Synthetic feature-driven placeholder comment.,1.177821012274786,0.1366958746221527,-0.3534041622732912,-0.9473754159948484
F012,group_02,pouring_room,Pouring Room,mix_0ba76f420c1d,pouring_room_mcg_r,McG-R,EDR-1,5,3.5333626255955455,75.91116081262669,89.677530023973,89.677530023973,False,Synthetic feature-driven placeholder comment.,0.2249858589620197,-0.521538265731174,0.8057256670690561,-1.2630720295337683
F012,group_02,pouring_room,Pouring Room,mix_132e75f34470,pouring_room_mcg_pro1,McG-pro1,EDR-2,1,1.9624437219793534,71.75634230700045,78.83758583488547,78.83758583488547,False,Synthetic feature-driven placeholder comment.,1.177821012274786,0.1366958746221527,-0.3534041622732912,-0.9473754159948484
F012,group_02,pouring_room,Pouring Room,mix_cbf8555ee2b2,pouring_room_mcg_x,McG-X,EDR-2,2,1.3892606412929467,62.584952962679694,74.5450134072765,74.5450134072765,False,Synthetic feature-driven placeholder comment.,0.4494273963527286,0.780552768870155,0.8086566197405122,-0.4801297779726206
F012,group_02,pouring_room,Pouring Room,mix_e08faaf8bbb3,pouring_room_mcg_v,McG-V,EDR-2,3,-2.460604585630299,63.401266409495626,57.37279606212452,57.37279606212452,False,Synthetic feature-driven placeholder comment.,0.2009523983216312,1.112208706920678,-0.2814967551013548,-0.938440679331238
F012,group_02,pouring_room,Pouring Room,mix_0ba76f420c1d,pouring_room_mcg_r,McG-R,EDR-2,4,3.5333626255955455,72.41116081262669,85.31245380062686,85.31245380062686,False,Synthetic feature-driven placeholder comment.,0.2249858589620197,-0.521538265731174,0.8057256670690561,-1.2630720295337683
F012,group_02,pouring_room,Pouring Room,mix_be2ccd4c43ff,pouring_room_mcg_t,McG-T,EDR-2,5,1.860080740948886,70.38297233794887,77.09307166174017,77.09307166174017,False,Synthetic feature-driven placeholder comment.,-0.0814371595061495,1.1238301932737935,1.926895983278192,-0.8792578396079359
F012,group_02,pouring_room,Pouring Room,mix_0ba76f420c1d,pouring_room_mcg_r,McG-R,FM-1,1,3.5333626255955455,74.91116081262669,68.28112550948755,68.28112550948755,False,Synthetic feature-driven placeholder comment.,0.2249858589620197,-0.521538265731174,0.8057256670690561,-1.2630720295337683
F012,group_02,pouring_room,Pouring Room,mix_e08faaf8bbb3,pouring_room_mcg_v,McG-V,FM-1,2,-2.460604585630299,65.90126640949563,70.78522796870418,70.78522796870418,False,Synthetic feature-driven placeholder comment.,0.2009523983216312,1.112208706920678,-0.2814967551013548,-0.938440679331238
F012,group_02,pouring_room,Pouring Room,mix_132e75f34470,pouring_room_mcg_pro1,McG-pro1,FM-1,3,1.9624437219793534,74.25634230700045,62.09112501315829,62.09112501315829,False,Synthetic feature-driven placeholder comment.,1.177821012274786,0.1366958746221527,-0.3534041622732912,-0.9473754159948484
F012,group_02,pouring_room,Pouring Room,mix_be2ccd4c43ff,pouring_room_mcg_t,McG-T,FM-1,4,1.860080740948886,72.88297233794887,62.455313350652496,62.455313350652496,False,Synthetic feature-driven placeholder comment.,-0.0814371595061495,1.1238301932737935,1.926895983278192,-0.8792578396079359
F012,group_02,pouring_room,Pouring Room,mix_cbf8555ee2b2,pouring_room_mcg_x,McG-X,FM-1,5,1.3892606412929467,65.0849529626797,52.0368210965901,52.0368210965901,False,Synthetic feature-driven placeholder comment.,0.4494273963527286,0.780552768870155,0.8086566197405122,-0.4801297779726206
F013,group_01,lead_me,Lead Me,mix_d3e3580b6e30,lead_me_mcg_pro2,McG-pro2,EDR-1,1,3.814031642297137,70.99924687512186,68.12895061114276,68.12895061114276,False,Synthetic feature-driven placeholder comment.,2.9805308263561203,0.8594252384169624,-0.9263284806752846,0.048773555233824
F013,group_01,lead_me,Lead Me,mix_271852ba8676,lead_me_du_e,DU-E,EDR-1,2,-5.750339322248495,53.7170990730547,47.33048879520027,47.33048879520027,False,Synthetic feature-driven placeholder comment.,-1.0250576971995913,0.5199952869185839,-0.8666083508697964,0.9959336464039888
F013,group_01,lead_me,Lead Me,mix_c7d9a071ba25,lead_me_pxl_l4,PXL-L4,EDR-1,3,3.536878170598983,65.73123712176316,61.39639563027692,61.39639563027692,False,Synthetic feature-driven placeholder comment.,-0.0552007785055364,-0.8412121981784734,0.8321106863211235,2.390299590706203
F013,group_01,lead_me,Lead Me,mix_d5b28dfc8a93,lead_me_pxl_l1,PXL-L1,EDR-1,4,-2.181930306539545,61.376888807260265,61.021827868521136,61.021827868521136,False,Synthetic feature-driven placeholder comment.,-0.0024436394808062,-0.3677713699084406,-1.2816942263900757,-0.1924460334762285
F013,group_01,lead_me,Lead Me,mix_f1f7973e5bac,lead_me_du_d,DU-D,EDR-1,5,5.9315598802398135,69.8414694622843,67.20064933708464,67.20064933708464,False,Synthetic feature-driven placeholder comment.,0.7402857811167308,-1.548717422055362,0.3280479404435016,-1.017146833506479
F013,group_01,lead_me,Lead Me,mix_f1f7973e5bac,lead_me_du_d,DU-D,EDR-2,1,5.9315598802398135,66.3414694622843,62.18043375287302,62.18043375287302,False,Synthetic feature-driven placeholder comment.,0.7402857811167308,-1.548717422055362,0.3280479404435016,-1.017146833506479
F013,group_01,lead_me,Lead Me,mix_271852ba8676,lead_me_du_e,DU-E,EDR-2,2,-5.750339322248495,50.2170990730547,52.0182348561049,52.0182348561049,False,Synthetic feature-driven placeholder comment.,-1.0250576971995913,0.5199952869185839,-0.8666083508697964,0.9959336464039888
F013,group_01,lead_me,Lead Me,mix_d5b28dfc8a93,lead_me_pxl_l1,PXL-L1,EDR-2,3,-2.181930306539545,57.876888807260265,49.5792077517376,49.5792077517376,False,Synthetic feature-driven placeholder comment.,-0.0024436394808062,-0.3677713699084406,-1.2816942263900757,-0.1924460334762285
F013,group_01,lead_me,Lead Me,mix_d3e3580b6e30,lead_me_mcg_pro2,McG-pro2,EDR-2,4,3.814031642297137,67.49924687512186,62.92367344159644,62.92367344159644,False,Synthetic feature-driven placeholder comment.,2.9805308263561203,0.8594252384169624,-0.9263284806752846,0.048773555233824
F013,group_01,lead_me,Lead Me,mix_c7d9a071ba25,lead_me_pxl_l4,PXL-L4,EDR-2,5,3.536878170598983,62.23123712176316,73.06919475265461,73.06919475265461,False,Synthetic feature-driven placeholder comment.,-0.0552007785055364,-0.8412121981784734,0.8321106863211235,2.390299590706203
F013,group_01,lead_me,Lead Me,mix_d5b28dfc8a93,lead_me_pxl_l1,PXL-L1,FM-1,1,-2.181930306539545,60.376888807260265,44.315141044373135,44.315141044373135,False,Synthetic feature-driven placeholder comment.,-0.0024436394808062,-0.3677713699084406,-1.2816942263900757,-0.1924460334762285
F013,group_01,lead_me,Lead Me,mix_271852ba8676,lead_me_du_e,DU-E,FM-1,2,-5.750339322248495,52.7170990730547,67.09407879489113,67.09407879489113,False,Synthetic feature-driven placeholder comment.,-1.0250576971995913,0.5199952869185839,-0.8666083508697964,0.9959336464039888
F013,group_01,lead_me,Lead Me,mix_d3e3580b6e30,lead_me_mcg_pro2,McG-pro2,FM-1,3,3.814031642297137,69.99924687512186,62.57692958762059,62.57692958762059,False,Synthetic feature-driven placeholder comment.,2.9805308263561203,0.8594252384169624,-0.9263284806752846,0.048773555233824
F013,group_01,lead_me,Lead Me,mix_f1f7973e5bac,lead_me_du_d,DU-D,FM-1,4,5.9315598802398135,68.8414694622843,84.15077906260706,84.15077906260706,False,Synthetic feature-driven placeholder comment.,0.7402857811167308,-1.548717422055362,0.3280479404435016,-1.017146833506479
F013,group_01,lead_me,Lead Me,mix_c7d9a071ba25,lead_me_pxl_l4,PXL-L4,FM-1,5,3.536878170598983,64.73123712176316,65.94876094629724,65.94876094629724,False,Synthetic feature-driven placeholder comment.,-0.0552007785055364,-0.8412121981784734,0.8321106863211235,2.390299590706203
F013,group_01,id_like_to_know,I'd Like To Know,mix_b393d3919c78,id_like_to_know_pxl_s7,PXL-S7,EDR-1,1,-1.6974528208642186,58.2058700505436,67.29885441306351,67.29885441306351,False,Synthetic feature-driven placeholder comment.,-0.867056238017743,-0.6188407399054331,-0.3229009373128245,-1.0515106991885117
F013,group_01,id_like_to_know,I'd Like To Know,mix_65f41f41d3ab,id_like_to_know_pxl_s3,PXL-S3,EDR-1,2,0.39777798146276877,61.80219506960785,46.03301914110081,46.03301914110081,False,Synthetic feature-driven placeholder comment.,0.3234844364321996,-1.065060189455143,-1.1651773700507613,-0.0982478955990668
F013,group_01,id_like_to_know,I'd Like To Know,mix_9ffcd672af17,id_like_to_know_pxl_s1,PXL-S1,EDR-1,3,-1.3706083561622606,57.199982307019965,50.440386223896596,50.440386223896596,False,Synthetic feature-driven placeholder comment.,-0.5659114167269081,-0.579304038497624,-0.4851205015292653,1.357247686182373
F013,group_01,id_like_to_know,I'd Like To Know,mix_6f8b655d7999,id_like_to_know_pxl_s2,PXL-S2,EDR-1,4,2.122851337608373,65.09923454908203,59.48125909609087,59.48125909609087,False,Synthetic feature-driven placeholder comment.,0.5329997864789321,-1.1874673519330532,-0.7637519766505488,0.5510366380169074
F013,group_01,id_like_to_know,I'd Like To Know,mix_82d60d7c7fc5,id_like_to_know_pxl_s5,PXL-S5,EDR-1,5,1.2228531117561643,67.01578369170703,62.11024716247708,62.11024716247708,False,Synthetic feature-driven placeholder comment.,-0.3583378408524605,-0.1527662554529231,0.7972705919658362,1.6270752922517937
F013,group_01,id_like_to_know,I'd Like To Know,mix_9ffcd672af17,id_like_to_know_pxl_s1,PXL-S1,EDR-2,1,-1.3706083561622606,53.69998230701997,48.12254748112069,48.12254748112069,False,Synthetic feature-driven placeholder comment.,-0.5659114167269081,-0.579304038497624,-0.4851205015292653,1.357247686182373
F013,group_01,id_like_to_know,I'd Like To Know,mix_b393d3919c78,id_like_to_know_pxl_s7,PXL-S7,EDR-2,2,-1.6974528208642186,54.705870050543595,53.72372146336507,53.72372146336507,False,Synthetic feature-driven placeholder comment.,-0.867056238017743,-0.6188407399054331,-0.3229009373128245,-1.0515106991885117
F013,group_01,id_like_to_know,I'd Like To Know,mix_65f41f41d3ab,id_like_to_know_pxl_s3,PXL-S3,EDR-2,3,0.39777798146276877,58.30219506960785,52.87215693341937,52.87215693341937,False,Synthetic feature-driven placeholder comment.,0.3234844364321996,-1.065060189455143,-1.1651773700507613,-0.0982478955990668
F013,group_01,id_like_to_know,I'd Like To Know,mix_6f8b655d7999,id_like_to_know_pxl_s2,PXL-S2,EDR-2,4,2.122851337608373,61.59923454908203,60.3426160904422,60.3426160904422,False,Synthetic feature-driven placeholder comment.,0.5329997864789321,-1.1874673519330532,-0.7637519766505488,0.5510366380169074
F013,group_01,id_like_to_know,I'd Like To Know,mix_82d60d7c7fc5,id_like_to_know_pxl_s5,PXL-S5,EDR-2,5,1.2228531117561643,63.51578369170703,66.58729016864608,66.58729016864608,False,Synthetic feature-driven placeholder comment.,-0.3583378408524605,-0.1527662554529231,0.7972705919658362,1.6270752922517937
F013,group_01,id_like_to_know,I'd Like To Know,mix_9ffcd672af17,id_like_to_know_pxl_s1,PXL-S1,FM-1,1,-1.3706083561622606,56.199982307019965,40.265105587626344,40.265105587626344,False,Synthetic feature-driven placeholder comment.,-0.5659114167269081,-0.579304038497624,-0.4851205015292653,1.357247686182373
F013,group_01,id_like_to_know,I'd Like To Know,mix_b393d3919c78,id_like_to_know_pxl_s7,PXL-S7,FM-1,2,-1.6974528208642186,57.2058700505436,55.123113252753974,55.123113252753974,False,Synthetic feature-driven placeholder comment.,-0.867056238017743,-0.6188407399054331,-0.3229009373128245,-1.0515106991885117
F013,group_01,id_like_to_know,I'd Like To Know,mix_65f41f41d3ab,id_like_to_know_pxl_s3,PXL-S3,FM-1,3,0.39777798146276877,60.80219506960785,52.08307682715166,52.08307682715166,False,Synthetic feature-driven placeholder comment.,0.3234844364321996,-1.065060189455143,-1.1651773700507613,-0.0982478955990668
F013,group_01,id_like_to_know,I'd Like To Know,mix_6f8b655d7999,id_like_to_know_pxl_s2,PXL-S2,FM-1,4,2.122851337608373,64.09923454908203,63.245555514080436,63.245555514080436,False,Synthetic feature-driven placeholder comment.,0.5329997864789321,-1.1874673519330532,-0.7637519766505488,0.5510366380169074
F013,group_01,id_like_to_know,I'd Like To Know,mix_82d60d7c7fc5,id_like_to_know_pxl_s5,PXL-S5,FM-1,5,1.2228531117561643,66.01578369170703,71.53302877317067,71.53302877317067,False,Synthetic feature-driven placeholder comment.,-0.3583378408524605,-0.1527662554529231,0.7972705919658362,1.6270752922517937
F014,group_02,in_the_meantime,In The Meantime,mix_302f0efe8a80,in_the_meantime_du_h,DU-H,EDR-1,1,-0.779898277359731,73.21787199973551,69.74966722653465,69.74966722653465,False,Synthetic feature-driven placeholder comment.,0.6887214233465396,0.2719152524959843,-0.8693704120952901,0.8234428342152216
F014,group_02,in_the_meantime,In The Meantime,mix_56e65a3ce054,in_the_meantime_du_k,DU-K,EDR-1,2,-4.439003297698766,66.78846995003066,75.08893337996746,75.08893337996746,False,Synthetic feature-driven placeholder comment.,-1.1193186569455127,1.7918041562064675,0.9713104079970216,0.4372547184671072
F014,group_02,in_the_meantime,In The Meantime,mix_9baa86357fd4,in_the_meantime_du_i,DU-I,EDR-1,3,-7.7211527946122915,60.97122090627153,70.41666523845788,70.41666523845788,False,Synthetic feature-driven placeholder comment.,-1.8990066727669184,1.9187185345499165,0.5415536857115313,-0.721703057329889
F014,group_02,in_the_meantime,In The Meantime,mix_c7bdcba64775,in_the_meantime_qut_b,QUT-B,EDR-1,4,-4.883741826428456,64.12592385667912,59.398279210879,59.398279210879,False,Synthetic feature-driven placeholder comment.,-0.6698107538710293,-0.1978340618743536,-1.5468197375217057,0.0908009789400507
F014,group_02,in_the_meantime,In The Meantime,mix_cdaef40f2b94,in_the_meantime_qut_pro,QUT-pro,EDR-1,5,5.513631733764184,75.04948187790217,83.11256587018727,83.11256587018727,False,Synthetic feature-driven placeholder comment.,-0.6756280657690176,-1.4346341192827423,1.8511013279434223,-0.7325346788768815
F014,group_02,in_the_meantime,In The Meantime,mix_9baa86357fd4,in_the_meantime_du_i,DU-I,EDR-2,1,-7.7211527946122915,57.47122090627153,60.15595077085532,60.15595077085532,False,Synthetic feature-driven placeholder comment.,-1.8990066727669184,1.9187185345499165,0.5415536857115313,-0.721703057329889
F014,group_02,in_the_meantime,In The Meantime,mix_cdaef40f2b94,in_the_meantime_qut_pro,QUT-pro,EDR-2,2,5.513631733764184,71.54948187790217,72.07388101928325,72.07388101928325,False,Synthetic feature-driven placeholder comment.,-0.6756280657690176,-1.4346341192827423,1.8511013279434223,-0.7325346788768815
F014,group_02,in_the_meantime,In The Meantime,mix_56e65a3ce054,in_the_meantime_du_k,DU-K,EDR-2,3,-4.439003297698766,63.288469950030645,58.796574896074134,58.796574896074134,False,Synthetic feature-driven placeholder comment.,-1.1193186569455127,1.7918041562064675,0.9713104079970216,0.4372547184671072
F014,group_02,in_the_meantime,In The Meantime,mix_302f0efe8a80,in_the_meantime_du_h,DU-H,EDR-2,4,-0.779898277359731,69.71787199973551,72.19370257293706,72.19370257293706,False,Synthetic feature-driven placeholder comment.,0.6887214233465396,0.2719152524959843,-0.8693704120952901,0.8234428342152216
F014,group_02,in_the_meantime,In The Meantime,mix_c7bdcba64775,in_the_meantime_qut_b,QUT-B,EDR-2,5,-4.883741826428456,60.62592385667912,66.76178786370896,66.76178786370896,False,Synthetic feature-driven placeholder comment.,-0.6698107538710293,-0.1978340618743536,-1.5468197375217057,0.0908009789400507
F014,group_02,in_the_meantime,In The Meantime,mix_c7bdcba64775,in_the_meantime_qut_b,QUT-B,FM-1,1,-4.883741826428456,63.12592385667912,67.36664691278457,67.36664691278457,False,Synthetic feature-driven placeholder comment.,-0.6698107538710293,-0.1978340618743536,-1.5468197375217057,0.0908009789400507
F014,group_02,in_the_meantime,In The Meantime,mix_56e65a3ce054,in_the_meantime_du_k,DU-K,FM-1,2,-4.439003297698766,65.78846995003066,55.448986826785585,55.448986826785585,False,Synthetic feature-driven placeholder comment.,-1.1193186569455127,1.7918041562064675,0.9713104079970216,0.4372547184671072
F014,group_02,in_the_meantime,In The Meantime,mix_cdaef40f2b94,in_the_meantime_qut_pro,QUT-pro,FM-1,3,5.513631733764184,74.04948187790217,63.46649308853475,63.46649308853475,False,Synthetic feature-driven placeholder comment.,-0.6756280657690176,-1.4346341192827423,1.8511013279434223,-0.7325346788768815
F014,group_02,in_the_meantime,In The Meantime,mix_302f0efe8a80,in_the_meantime_du_h,DU-H,FM-1,4,-0.779898277359731,72.21787199973551,77.16880364626924,77.16880364626924,False,Synthetic feature-driven placeholder comment.,0.6887214233465396,0.2719152524959843,-0.8693704120952901,0.8234428342152216
F014,group_02,in_the_meantime,In The Meantime,mix_9baa86357fd4,in_the_meantime_du_i,DU-I,FM-1,5,-7.7211527946122915,59.97122090627153,58.0152821722449,58.0152821722449,False,Synthetic feature-driven placeholder comment.,-1.8990066727669184,1.9187185345499165,0.5415536857115313,-0.721703057329889
F014,group_02,pouring_room,Pouring Room,mix_e08faaf8bbb3,pouring_room_mcg_v,McG-V,EDR-1,1,-2.460604585630299,67.35303292781872,60.099055605261434,60.099055605261434,False,Synthetic feature-driven placeholder comment.,0.2009523983216312,1.112208706920678,-0.2814967551013548,-0.938440679331238
F014,group_02,pouring_room,Pouring Room,mix_0ba76f420c1d,pouring_room_mcg_r,McG-R,EDR-1,2,3.5333626255955455,76.36292733094977,79.50305646035844,79.50305646035844,False,Synthetic feature-driven placeholder comment.,0.2249858589620197,-0.521538265731174,0.8057256670690561,-1.2630720295337683
F014,group_02,pouring_room,Pouring Room,mix_be2ccd4c43ff,pouring_room_mcg_t,McG-T,EDR-1,3,1.860080740948886,74.33473885627195,80.7118326125736,80.7118326125736,False,Synthetic feature-driven placeholder comment.,-0.0814371595061495,1.1238301932737935,1.926895983278192,-0.8792578396079359
F014,group_02,pouring_room,Pouring Room,mix_cbf8555ee2b2,pouring_room_mcg_x,McG-X,EDR-1,4,1.3892606412929467,66.53671948100278,67.00207743591777,67.00207743591777,False,Synthetic feature-driven placeholder comment.,0.4494273963527286,0.780552768870155,0.8086566197405122,-0.4801297779726206
F014,group_02,pouring_room,Pouring Room,mix_132e75f34470,pouring_room_mcg_pro1,McG-pro1,EDR-1,5,1.9624437219793534,75.70810882532354,88.92425303173374,88.92425303173374,False,Synthetic feature-driven placeholder comment.,1.177821012274786,0.1366958746221527,-0.3534041622732912,-0.9473754159948484
F014,group_02,pouring_room,Pouring Room,mix_e08faaf8bbb3,pouring_room_mcg_v,McG-V,EDR-2,1,-2.460604585630299,63.85303292781871,58.0260717394882,58.0260717394882,False,Synthetic feature-driven placeholder comment.,0.2009523983216312,1.112208706920678,-0.2814967551013548,-0.938440679331238
F014,group_02,pouring_room,Pouring Room,mix_be2ccd4c43ff,pouring_room_mcg_t,McG-T,EDR-2,2,1.860080740948886,70.83473885627195,79.11789295789411,79.11789295789411,False,Synthetic feature-driven placeholder comment.,-0.0814371595061495,1.1238301932737935,1.926895983278192,-0.8792578396079359
F014,group_02,pouring_room,Pouring Room,mix_cbf8555ee2b2,pouring_room_mcg_x,McG-X,EDR-2,3,1.3892606412929467,63.03671948100278,54.06065933469439,54.06065933469439,False,Synthetic feature-driven placeholder comment.,0.4494273963527286,0.780552768870155,0.8086566197405122,-0.4801297779726206
F014,group_02,pouring_room,Pouring Room,mix_0ba76f420c1d,pouring_room_mcg_r,McG-R,EDR-2,4,3.5333626255955455,72.86292733094977,79.27904119834574,79.27904119834574,False,Synthetic feature-driven placeholder comment.,0.2249858589620197,-0.521538265731174,0.8057256670690561,-1.2630720295337683
F014,group_02,pouring_room,Pouring Room,mix_132e75f34470,pouring_room_mcg_pro1,McG-pro1,EDR-2,5,1.9624437219793534,72.20810882532354,57.79473545832262,57.79473545832262,False,Synthetic feature-driven placeholder comment.,1.177821012274786,0.1366958746221527,-0.3534041622732912,-0.9473754159948484
F014,group_02,pouring_room,Pouring Room,mix_0ba76f420c1d,pouring_room_mcg_r,McG-R,FM-1,1,3.5333626255955455,75.36292733094977,66.48436091120016,66.48436091120016,False,Synthetic feature-driven placeholder comment.,0.2249858589620197,-0.521538265731174,0.8057256670690561,-1.2630720295337683
F014,group_02,pouring_room,Pouring Room,mix_e08faaf8bbb3,pouring_room_mcg_v,McG-V,FM-1,2,-2.460604585630299,66.35303292781872,64.80595177721558,64.80595177721558,False,Synthetic feature-driven placeholder comment.,0.2009523983216312,1.112208706920678,-0.2814967551013548,-0.938440679331238
F014,group_02,pouring_room,Pouring Room,mix_cbf8555ee2b2,pouring_room_mcg_x,McG-X,FM-1,3,1.3892606412929467,65.53671948100278,61.911618754900104,61.911618754900104,False,Synthetic feature-driven placeholder comment.,0.4494273963527286,0.780552768870155,0.8086566197405122,-0.4801297779726206
F014,group_02,pouring_room,Pouring Room,mix_132e75f34470,pouring_room_mcg_pro1,McG-pro1,FM-1,4,1.9624437219793534,74.70810882532354,88.39010790770625,88.39010790770625,False,Synthetic feature-driven placeholder comment.,1.177821012274786,0.1366958746221527,-0.3534041622732912,-0.9473754159948484
F014,group_02,pouring_room,Pouring Room,mix_be2ccd4c43ff,pouring_room_mcg_t,McG-T,FM-1,5,1.860080740948886,73.33473885627195,64.78993821115505,64.78993821115505,False,Synthetic feature-driven placeholder comment.,-0.0814371595061495,1.1238301932737935,1.926895983278192,-0.8792578396079359
F015,group_01,lead_me,Lead Me,mix_271852ba8676,lead_me_du_e,DU-E,EDR-1,1,-5.750339322248495,65.35289768479542,66.76538291519833,66.76538291519833,False,Synthetic feature-driven placeholder comment.,-1.0250576971995913,0.5199952869185839,-0.8666083508697964,0.9959336464039888
F015,group_01,lead_me,Lead Me,mix_d5b28dfc8a93,lead_me_pxl_l1,PXL-L1,EDR-1,2,-2.181930306539545,73.01268741900098,72.07512318851221,72.07512318851221,False,Synthetic feature-driven placeholder comment.,-0.0024436394808062,-0.3677713699084406,-1.2816942263900757,-0.1924460334762285
F015,group_01,lead_me,Lead Me,mix_f1f7973e5bac,lead_me_du_d,DU-D,EDR-1,3,5.9315598802398135,81.47726807402502,91.65310237847669,91.65310237847669,False,Synthetic feature-driven placeholder comment.,0.7402857811167308,-1.548717422055362,0.3280479404435016,-1.017146833506479
F015,group_01,lead_me,Lead Me,mix_d3e3580b6e30,lead_me_mcg_pro2,McG-pro2,EDR-1,4,3.814031642297137,82.63504548686258,77.55917846141249,77.55917846141249,False,Synthetic feature-driven placeholder comment.,2.9805308263561203,0.8594252384169624,-0.9263284806752846,0.048773555233824
F015,group_01,lead_me,Lead Me,mix_c7d9a071ba25,lead_me_pxl_l4,PXL-L4,EDR-1,5,3.536878170598983,77.36703573350388,72.75934497838152,72.75934497838152,False,Synthetic feature-driven placeholder comment.,-0.0552007785055364,-0.8412121981784734,0.8321106863211235,2.390299590706203
F015,group_01,lead_me,Lead Me,mix_271852ba8676,lead_me_du_e,DU-E,EDR-2,1,-5.750339322248495,61.85289768479542,53.0444951605909,53.0444951605909,False,Synthetic feature-driven placeholder comment.,-1.0250576971995913,0.5199952869185839,-0.8666083508697964,0.9959336464039888
F015,group_01,lead_me,Lead Me,mix_d5b28dfc8a93,lead_me_pxl_l1,PXL-L1,EDR-2,2,-2.181930306539545,69.51268741900098,77.38227212519855,77.38227212519855,False,Synthetic feature-driven placeholder comment.,-0.0024436394808062,-0.3677713699084406,-1.2816942263900757,-0.1924460334762285
F015,group_01,lead_me,Lead Me,mix_d3e3580b6e30,lead_me_mcg_pro2,McG-pro2,EDR-2,3,3.814031642297137,79.13504548686258,81.48626387026323,81.48626387026323,False,Synthetic feature-driven placeholder comment.,2.9805308263561203,0.8594252384169624,-0.9263284806752846,0.048773555233824
F015,group_01,lead_me,Lead Me,mix_f1f7973e5bac,lead_me_du_d,DU-D,EDR-2,4,5.9315598802398135,77.97726807402502,80.4653362890943,80.4653362890943,False,Synthetic feature-driven placeholder comment.,0.7402857811167308,-1.548717422055362,0.3280479404435016,-1.017146833506479
F015,group_01,lead_me,Lead Me,mix_c7d9a071ba25,lead_me_pxl_l4,PXL-L4,EDR-2,5,3.536878170598983,73.86703573350388,75.80445212967325,75.80445212967325,False,Synthetic feature-driven placeholder comment.,-0.0552007785055364,-0.8412121981784734,0.8321106863211235,2.390299590706203
F015,group_01,lead_me,Lead Me,mix_d5b28dfc8a93,lead_me_pxl_l1,PXL-L1,FM-1,1,-2.181930306539545,72.01268741900098,76.49697227029932,76.49697227029932,False,Synthetic feature-driven placeholder comment.,-0.0024436394808062,-0.3677713699084406,-1.2816942263900757,-0.1924460334762285
F015,group_01,lead_me,Lead Me,mix_f1f7973e5bac,lead_me_du_d,DU-D,FM-1,2,5.9315598802398135,80.47726807402502,83.36816501359675,83.36816501359675,False,Synthetic feature-driven placeholder comment.,0.7402857811167308,-1.548717422055362,0.3280479404435016,-1.017146833506479
F015,group_01,lead_me,Lead Me,mix_d3e3580b6e30,lead_me_mcg_pro2,McG-pro2,FM-1,3,3.814031642297137,81.63504548686258,94.45880181378777,94.45880181378777,False,Synthetic feature-driven placeholder comment.,2.9805308263561203,0.8594252384169624,-0.9263284806752846,0.048773555233824
F015,group_01,lead_me,Lead Me,mix_271852ba8676,lead_me_du_e,DU-E,FM-1,4,-5.750339322248495,64.35289768479542,68.18218450636587,68.18218450636587,False,Synthetic feature-driven placeholder comment.,-1.0250576971995913,0.5199952869185839,-0.8666083508697964,0.9959336464039888
F015,group_01,lead_me,Lead Me,mix_c7d9a071ba25,lead_me_pxl_l4,PXL-L4,FM-1,5,3.536878170598983,76.36703573350388,69.43501276139513,69.43501276139513,False,Synthetic feature-driven placeholder comment.,-0.0552007785055364,-0.8412121981784734,0.8321106863211235,2.390299590706203
F015,group_01,id_like_to_know,I'd Like To Know,mix_6f8b655d7999,id_like_to_know_pxl_s2,PXL-S2,EDR-1,1,2.122851337608373,76.73503316082275,74.0809229244091,74.0809229244091,False,Synthetic feature-driven placeholder comment.,0.5329997864789321,-1.1874673519330532,-0.7637519766505488,0.5510366380169074
F015,group_01,id_like_to_know,I'd Like To Know,mix_65f41f41d3ab,id_like_to_know_pxl_s3,PXL-S3,EDR-1,2,0.39777798146276877,73.43799368134857,89.51777573876319,89.51777573876319,False,Synthetic feature-driven placeholder comment.,0.3234844364321996,-1.065060189455143,-1.1651773700507613,-0.0982478955990668
F015,group_01,id_like_to_know,I'd Like To Know,mix_82d60d7c7fc5,id_like_to_know_pxl_s5,PXL-S5,EDR-1,3,1.2228531117561643,78.65158230344775,68.04722077620107,68.04722077620107,False,Synthetic feature-driven placeholder comment.,-0.3583378408524605,-0.1527662554529231,0.7972705919658362,1.6270752922517937
F015,group_01,id_like_to_know,I'd Like To Know,mix_9ffcd672af17,id_like_to_know_pxl_s1,PXL-S1,EDR-1,4,-1.3706083561622606,68.83578091876069,56.81439782576841,56.81439782576841,False,Synthetic feature-driven placeholder comment.,-0.5659114167269081,-0.579304038497624,-0.4851205015292653,1.357247686182373
F015,group_01,id_like_to_know,I'd Like To Know,mix_b393d3919c78,id_like_to_know_pxl_s7,PXL-S7,EDR-1,5,-1.6974528208642186,69.84166866228432,72.04913260248046,72.04913260248046,False,Synthetic feature-driven placeholder comment.,-0.867056238017743,-0.6188407399054331,-0.3229009373128245,-1.0515106991885117
F015,group_01,id_like_to_know,I'd Like To Know,mix_b393d3919c78,id_like_to_know_pxl_s7,PXL-S7,EDR-2,1,-1.6974528208642186,66.34166866228432,67.07519631232498,67.07519631232498,False,Synthetic feature-driven placeholder comment.,-0.867056238017743,-0.6188407399054331,-0.3229009373128245,-1.0515106991885117
F015,group_01,id_like_to_know,I'd Like To Know,mix_9ffcd672af17,id_like_to_know_pxl_s1,PXL-S1,EDR-2,2,-1.3706083561622606,65.3357809187607,55.02583065622162,55.02583065622162,False,Synthetic feature-driven placeholder comment.,-0.5659114167269081,-0.579304038497624,-0.4851205015292653,1.357247686182373
F015,group_01,id_like_to_know,I'd Like To Know,mix_65f41f41d3ab,id_like_to_know_pxl_s3,PXL-S3,EDR-2,3,0.39777798146276877,69.93799368134857,89.519228980473,89.519228980473,False,Synthetic feature-driven placeholder comment.,0.3234844364321996,-1.065060189455143,-1.1651773700507613,-0.0982478955990668
F015,group_01,id_like_to_know,I'd Like To Know,mix_82d60d7c7fc5,id_like_to_know_pxl_s5,PXL-S5,EDR-2,4,1.2228531117561643,75.15158230344775,68.47521382943289,68.47521382943289,False,Synthetic feature-driven placeholder comment.,-0.3583378408524605,-0.1527662554529231,0.7972705919658362,1.6270752922517937
F015,group_01,id_like_to_know,I'd Like To Know,mix_6f8b655d7999,id_like_to_know_pxl_s2,PXL-S2,EDR-2,5,2.122851337608373,73.23503316082275,80.65593609343485,80.65593609343485,False,Synthetic feature-driven placeholder comment.,0.5329997864789321,-1.1874673519330532,-0.7637519766505488,0.5510366380169074
F015,group_01,id_like_to_know,I'd Like To Know,mix_82d60d7c7fc5,id_like_to_know_pxl_s5,PXL-S5,FM-1,1,1.2228531117561643,77.65158230344775,90.61060160421644,90.61060160421644,False,Synthetic feature-driven placeholder comment.,-0.3583378408524605,-0.1527662554529231,0.7972705919658362,1.6270752922517937
F015,group_01,id_like_to_know,I'd Like To Know,mix_b393d3919c78,id_like_to_know_pxl_s7,PXL-S7,FM-1,2,-1.6974528208642186,68.84166866228432,69.79884449952962,69.79884449952962,False,Synthetic feature-driven placeholder comment.,-0.867056238017743,-0.6188407399054331,-0.3229009373128245,-1.0515106991885117
F015,group_01,id_like_to_know,I'd Like To Know,mix_65f41f41d3ab,id_like_to_know_pxl_s3,PXL-S3,FM-1,3,0.39777798146276877,72.43799368134857,77.92647409443259,77.92647409443259,False,Synthetic feature-driven placeholder comment.,0.3234844364321996,-1.065060189455143,-1.1651773700507613,-0.0982478955990668
F015,group_01,id_like_to_know,I'd Like To Know,mix_9ffcd672af17,id_like_to_know_pxl_s1,PXL-S1,FM-1,4,-1.3706083561622606,67.83578091876069,81.10216621333589,81.10216621333589,False,Synthetic feature-driven placeholder comment.,-0.5659114167269081,-0.579304038497624,-0.4851205015292653,1.357247686182373
F015,group_01,id_like_to_know,I'd Like To Know,mix_6f8b655d7999,id_like_to_know_pxl_s2,PXL-S2,FM-1,5,2.122851337608373,75.73503316082275,64.43689270521416,64.43689270521416,False,Synthetic feature-driven placeholder comment.,0.5329997864789321,-1.1874673519330532,-0.7637519766505488,0.5510366380169074
F016,group_02,in_the_meantime,In The Meantime,mix_302f0efe8a80,in_the_meantime_du_h,DU-H,EDR-1,1,-0.779898277359731,72.49623082725714,83.1316087387828,83.1316087387828,False,Synthetic feature-driven placeholder comment.,0.6887214233465396,0.2719152524959843,-0.8693704120952901,0.8234428342152216
F016,group_02,in_the_meantime,In The Meantime,mix_9baa86357fd4,in_the_meantime_du_i,DU-I,EDR-1,2,-7.7211527946122915,60.249579733793176,71.5535267609413,71.5535267609413,False,Synthetic feature-driven placeholder comment.,-1.8990066727669184,1.9187185345499165,0.5415536857115313,-0.721703057329889
F016,group_02,in_the_meantime,In The Meantime,mix_56e65a3ce054,in_the_meantime_du_k,DU-K,EDR-1,3,-4.439003297698766,66.06682877755229,62.48620407108002,62.48620407108002,False,Synthetic feature-driven placeholder comment.,-1.1193186569455127,1.7918041562064675,0.9713104079970216,0.4372547184671072
F016,group_02,in_the_meantime,In The Meantime,mix_c7bdcba64775,in_the_meantime_qut_b,QUT-B,EDR-1,4,-4.883741826428456,63.40428268420075,67.55838403370491,67.55838403370491,False,Synthetic feature-driven placeholder comment.,-0.6698107538710293,-0.1978340618743536,-1.5468197375217057,0.0908009789400507
F016,group_02,in_the_meantime,In The Meantime,mix_cdaef40f2b94,in_the_meantime_qut_pro,QUT-pro,EDR-1,5,5.513631733764184,74.3278407054238,69.34465035897452,69.34465035897452,False,Synthetic feature-driven placeholder comment.,-0.6756280657690176,-1.4346341192827423,1.8511013279434223,-0.7325346788768815
F016,group_02,in_the_meantime,In The Meantime,mix_302f0efe8a80,in_the_meantime_du_h,DU-H,EDR-2,1,-0.779898277359731,68.99623082725714,63.78776283124361,63.78776283124361,False,Synthetic feature-driven placeholder comment.,0.6887214233465396,0.2719152524959843,-0.8693704120952901,0.8234428342152216
F016,group_02,in_the_meantime,In The Meantime,mix_9baa86357fd4,in_the_meantime_du_i,DU-I,EDR-2,2,-7.7211527946122915,56.749579733793176,48.56732321341504,48.56732321341504,False,Synthetic feature-driven placeholder comment.,-1.8990066727669184,1.9187185345499165,0.5415536857115313,-0.721703057329889
F016,group_02,in_the_meantime,In The Meantime,mix_56e65a3ce054,in_the_meantime_du_k,DU-K,EDR-2,3,-4.439003297698766,62.56682877755229,68.26379721691887,68.26379721691887,False,Synthetic feature-driven placeholder comment.,-1.1193186569455127,1.7918041562064675,0.9713104079970216,0.4372547184671072
F016,group_02,in_the_meantime,In The Meantime,mix_c7bdcba64775,in_the_meantime_qut_b,QUT-B,EDR-2,4,-4.883741826428456,59.904282684200766,61.77400861487913,61.77400861487913,False,Synthetic feature-driven placeholder comment.,-0.6698107538710293,-0.1978340618743536,-1.5468197375217057,0.0908009789400507
F016,group_02,in_the_meantime,In The Meantime,mix_cdaef40f2b94,in_the_meantime_qut_pro,QUT-pro,EDR-2,5,5.513631733764184,70.8278407054238,81.04300873859735,81.04300873859735,False,Synthetic feature-driven placeholder comment.,-0.6756280657690176,-1.4346341192827423,1.8511013279434223,-0.7325346788768815
F016,group_02,in_the_meantime,In The Meantime,mix_56e65a3ce054,in_the_meantime_du_k,DU-K,FM-1,1,-4.439003297698766,65.06682877755229,57.271501025907135,57.271501025907135,False,Synthetic feature-driven placeholder comment.,-1.1193186569455127,1.7918041562064675,0.9713104079970216,0.4372547184671072
F016,group_02,in_the_meantime,In The Meantime,mix_c7bdcba64775,in_the_meantime_qut_b,QUT-B,FM-1,2,-4.883741826428456,62.404282684200766,65.4542688430156,65.4542688430156,False,Synthetic feature-driven placeholder comment.,-0.6698107538710293,-0.1978340618743536,-1.5468197375217057,0.0908009789400507
F016,group_02,in_the_meantime,In The Meantime,mix_302f0efe8a80,in_the_meantime_du_h,DU-H,FM-1,3,-0.779898277359731,71.49623082725714,87.06700788235182,87.06700788235182,False,Synthetic feature-driven placeholder comment.,0.6887214233465396,0.2719152524959843,-0.8693704120952901,0.8234428342152216
F016,group_02,in_the_meantime,In The Meantime,mix_9baa86357fd4,in_the_meantime_du_i,DU-I,FM-1,4,-7.7211527946122915,59.249579733793176,53.046732582978215,53.046732582978215,False,Synthetic feature-driven placeholder comment.,-1.8990066727669184,1.9187185345499165,0.5415536857115313,-0.721703057329889
F016,group_02,in_the_meantime,In The Meantime,mix_cdaef40f2b94,in_the_meantime_qut_pro,QUT-pro,FM-1,5,5.513631733764184,73.3278407054238,57.772986622438964,57.772986622438964,False,Synthetic feature-driven placeholder comment.,-0.6756280657690176,-1.4346341192827423,1.8511013279434223,-0.7325346788768815
F016,group_02,pouring_room,Pouring Room,mix_cbf8555ee2b2,pouring_room_mcg_x,McG-X,EDR-1,1,1.3892606412929467,65.8150783085244,60.82791348801159,60.82791348801159,False,Synthetic feature-driven placeholder comment.,0.4494273963527286,0.780552768870155,0.8086566197405122,-0.4801297779726206
F016,group_02,pouring_room,Pouring Room,mix_be2ccd4c43ff,pouring_room_mcg_t,McG-T,EDR-1,2,1.860080740948886,73.61309768379358,73.1621368628371,73.1621368628371,False,Synthetic feature-driven placeholder comment.,-0.0814371595061495,1.1238301932737935,1.926895983278192,-0.8792578396079359
F016,group_02,pouring_room,Pouring Room,mix_132e75f34470,pouring_room_mcg_pro1,McG-pro1,EDR-1,3,1.9624437219793534,74.98646765284516,82.49862036957835,82.49862036957835,False,Synthetic feature-driven placeholder comment.,1.177821012274786,0.1366958746221527,-0.3534041622732912,-0.9473754159948484
F016,group_02,pouring_room,Pouring Room,mix_e08faaf8bbb3,pouring_room_mcg_v,McG-V,EDR-1,4,-2.460604585630299,66.63139175534035,76.97087681571202,76.97087681571202,False,Synthetic feature-driven placeholder comment.,0.2009523983216312,1.112208706920678,-0.2814967551013548,-0.938440679331238
F016,group_02,pouring_room,Pouring Room,mix_0ba76f420c1d,pouring_room_mcg_r,McG-R,EDR-1,5,3.5333626255955455,75.6412861584714,82.30328448445007,82.30328448445007,False,Synthetic feature-driven placeholder comment.,0.2249858589620197,-0.521538265731174,0.8057256670690561,-1.2630720295337683
F016,group_02,pouring_room,Pouring Room,mix_0ba76f420c1d,pouring_room_mcg_r,McG-R,EDR-2,1,3.5333626255955455,72.1412861584714,91.09764595763498,91.09764595763498,False,Synthetic feature-driven placeholder comment.,0.2249858589620197,-0.521538265731174,0.8057256670690561,-1.2630720295337683
F016,group_02,pouring_room,Pouring Room,mix_cbf8555ee2b2,pouring_room_mcg_x,McG-X,EDR-2,2,1.3892606412929467,62.315078308524406,56.52895307784224,56.52895307784224,False,Synthetic feature-driven placeholder comment.,0.4494273963527286,0.780552768870155,0.8086566197405122,-0.4801297779726206
F016,group_02,pouring_room,Pouring Room,mix_132e75f34470,pouring_room_mcg_pro1,McG-pro1,EDR-2,3,1.9624437219793534,71.48646765284516,71.8486433109186,71.8486433109186,False,Synthetic feature-driven placeholder comment.,1.177821012274786,0.1366958746221527,-0.3534041622732912,-0.9473754159948484
F016,group_02,pouring_room,Pouring Room,mix_e08faaf8bbb3,pouring_room_mcg_v,McG-V,EDR-2,4,-2.460604585630299,63.13139175534035,68.77318594165192,68.77318594165192,False,Synthetic feature-driven placeholder comment.,0.2009523983216312,1.112208706920678,-0.2814967551013548,-0.938440679331238
F016,group_02,pouring_room,Pouring Room,mix_be2ccd4c43ff,pouring_room_mcg_t,McG-T,EDR-2,5,1.860080740948886,70.11309768379358,65.9474967223546,65.9474967223546,False,Synthetic feature-driven placeholder comment.,-0.0814371595061495,1.1238301932737935,1.926895983278192,-0.8792578396079359
F016,group_02,pouring_room,Pouring Room,mix_be2ccd4c43ff,pouring_room_mcg_t,McG-T,FM-1,1,1.860080740948886,72.61309768379358,70.98287868884735,70.98287868884735,False,Synthetic feature-driven placeholder comment.,-0.0814371595061495,1.1238301932737935,1.926895983278192,-0.8792578396079359
F016,group_02,pouring_room,Pouring Room,mix_132e75f34470,pouring_room_mcg_pro1,McG-pro1,FM-1,2,1.9624437219793534,73.98646765284516,80.10914787427474,80.10914787427474,False,Synthetic feature-driven placeholder comment.,1.177821012274786,0.1366958746221527,-0.3534041622732912,-0.9473754159948484
F016,group_02,pouring_room,Pouring Room,mix_0ba76f420c1d,pouring_room_mcg_r,McG-R,FM-1,3,3.5333626255955455,74.6412861584714,67.0426098473606,67.0426098473606,False,Synthetic feature-driven placeholder comment.,0.2249858589620197,-0.521538265731174,0.8057256670690561,-1.2630720295337683
F016,group_02,pouring_room,Pouring Room,mix_cbf8555ee2b2,pouring_room_mcg_x,McG-X,FM-1,4,1.3892606412929467,64.8150783085244,63.59532312771663,63.59532312771663,False,Synthetic feature-driven placeholder comment.,0.4494273963527286,0.780552768870155,0.8086566197405122,-0.4801297779726206
F016,group_02,pouring_room,Pouring Room,mix_e08faaf8bbb3,pouring_room_mcg_v,McG-V,FM-1,5,-2.460604585630299,65.63139175534035,64.70622243798728,64.70622243798728,False,Synthetic feature-driven placeholder comment.,0.2009523983216312,1.112208706920678,-0.2814967551013548,-0.938440679331238
F017,group_01,lead_me,Lead Me,mix_271852ba8676,lead_me_du_e,DU-E,EDR-1,1,-5.750339322248495,53.41890110278309,61.227312461317155,61.227312461317155,False,Synthetic feature-driven placeholder comment.,-1.0250576971995913,0.5199952869185839,-0.8666083508697964,0.9959336464039888
F017,group_01,lead_me,Lead Me,mix_f1f7973e5bac,lead_me_du_d,DU-D,EDR-1,2,5.9315598802398135,69.54327149201269,64.00420004943842,64.00420004943842,False,Synthetic feature-driven placeholder comment.,0.7402857811167308,-1.548717422055362,0.3280479404435016,-1.017146833506479
F017,group_01,lead_me,Lead Me,mix_c7d9a071ba25,lead_me_pxl_l4,PXL-L4,EDR-1,3,3.536878170598983,65.43303915149156,72.7090438969575,72.7090438969575,False,Synthetic feature-driven placeholder comment.,-0.0552007785055364,-0.8412121981784734,0.8321106863211235,2.390299590706203
F017,group_01,lead_me,Lead Me,mix_d3e3580b6e30,lead_me_mcg_pro2,McG-pro2,EDR-1,4,3.814031642297137,70.70104890485025,61.9538151914737,61.9538151914737,False,Synthetic feature-driven placeholder comment.,2.9805308263561203,0.8594252384169624,-0.9263284806752846,0.048773555233824
F017,group_01,lead_me,Lead Me,mix_d5b28dfc8a93,lead_me_pxl_l1,PXL-L1,EDR-1,5,-2.181930306539545,61.078690836988656,65.48117564375642,65.48117564375642,False,Synthetic feature-driven placeholder comment.,-0.0024436394808062,-0.3677713699084406,-1.2816942263900757,-0.1924460334762285
F017,group_01,lead_me,Lead Me,mix_c7d9a071ba25,lead_me_pxl_l4,PXL-L4,EDR-2,1,3.536878170598983,61.93303915149155,48.025324488028154,48.025324488028154,False,Synthetic feature-driven placeholder comment.,-0.0552007785055364,-0.8412121981784734,0.8321106863211235,2.390299590706203
F017,group_01,lead_me,Lead Me,mix_271852ba8676,lead_me_du_e,DU-E,EDR-2,2,-5.750339322248495,49.91890110278309,57.06181093292652,57.06181093292652,False,Synthetic feature-driven placeholder comment.,-1.0250576971995913,0.5199952869185839,-0.8666083508697964,0.9959336464039888
F017,group_01,lead_me,Lead Me,mix_f1f7973e5bac,lead_me_du_d,DU-D,EDR-2,3,5.9315598802398135,66.04327149201269,65.31341664485288,65.31341664485288,False,Synthetic feature-driven placeholder comment.,0.7402857811167308,-1.548717422055362,0.3280479404435016,-1.017146833506479
F017,group_01,lead_me,Lead Me,mix_d3e3580b6e30,lead_me_mcg_pro2,McG-pro2,EDR-2,4,3.814031642297137,67.20104890485024,56.153374420907966,56.153374420907966,False,Synthetic feature-driven placeholder comment.,2.9805308263561203,0.8594252384169624,-0.9263284806752846,0.048773555233824
F017,group_01,lead_me,Lead Me,mix_d5b28dfc8a93,lead_me_pxl_l1,PXL-L1,EDR-2,5,-2.181930306539545,57.578690836988656,62.019999633815175,62.019999633815175,False,Synthetic feature-driven placeholder comment.,-0.0024436394808062,-0.3677713699084406,-1.2816942263900757,-0.1924460334762285
F017,group_01,lead_me,Lead Me,mix_d5b28dfc8a93,lead_me_pxl_l1,PXL-L1,FM-1,1,-2.181930306539545,60.078690836988656,64.27565447053215,64.27565447053215,False,Synthetic feature-driven placeholder comment.,-0.0024436394808062,-0.3677713699084406,-1.2816942263900757,-0.1924460334762285
F017,group_01,lead_me,Lead Me,mix_f1f7973e5bac,lead_me_du_d,DU-D,FM-1,2,5.9315598802398135,68.54327149201269,70.86565136608597,70.86565136608597,False,Synthetic feature-driven placeholder comment.,0.7402857811167308,-1.548717422055362,0.3280479404435016,-1.017146833506479
F017,group_01,lead_me,Lead Me,mix_c7d9a071ba25,lead_me_pxl_l4,PXL-L4,FM-1,3,3.536878170598983,64.43303915149156,53.60711325988553,53.60711325988553,False,Synthetic feature-driven placeholder comment.,-0.0552007785055364,-0.8412121981784734,0.8321106863211235,2.390299590706203
F017,group_01,lead_me,Lead Me,mix_d3e3580b6e30,lead_me_mcg_pro2,McG-pro2,FM-1,4,3.814031642297137,69.70104890485025,77.61732829304493,77.61732829304493,False,Synthetic feature-driven placeholder comment.,2.9805308263561203,0.8594252384169624,-0.9263284806752846,0.048773555233824
F017,group_01,lead_me,Lead Me,mix_271852ba8676,lead_me_du_e,DU-E,FM-1,5,-5.750339322248495,52.41890110278309,34.03435136685599,34.03435136685599,False,Synthetic feature-driven placeholder comment.,-1.0250576971995913,0.5199952869185839,-0.8666083508697964,0.9959336464039888
F017,group_01,id_like_to_know,I'd Like To Know,mix_65f41f41d3ab,id_like_to_know_pxl_s3,PXL-S3,EDR-1,1,0.39777798146276877,61.50399709933624,57.238903142984896,57.238903142984896,False,Synthetic feature-driven placeholder comment.,0.3234844364321996,-1.065060189455143,-1.1651773700507613,-0.0982478955990668
F017,group_01,id_like_to_know,I'd Like To Know,mix_b393d3919c78,id_like_to_know_pxl_s7,PXL-S7,EDR-1,2,-1.6974528208642186,57.90767208027199,76.1242813638179,76.1242813638179,False,Synthetic feature-driven placeholder comment.,-0.867056238017743,-0.6188407399054331,-0.3229009373128245,-1.0515106991885117
F017,group_01,id_like_to_know,I'd Like To Know,mix_9ffcd672af17,id_like_to_know_pxl_s1,PXL-S1,EDR-1,3,-1.3706083561622606,56.90178433674836,45.424999196431195,45.424999196431195,False,Synthetic feature-driven placeholder comment.,-0.5659114167269081,-0.579304038497624,-0.4851205015292653,1.357247686182373
F017,group_01,id_like_to_know,I'd Like To Know,mix_6f8b655d7999,id_like_to_know_pxl_s2,PXL-S2,EDR-1,4,2.122851337608373,64.80103657881043,49.82756067211762,49.82756067211762,False,Synthetic feature-driven placeholder comment.,0.5329997864789321,-1.1874673519330532,-0.7637519766505488,0.5510366380169074
F017,group_01,id_like_to_know,I'd Like To Know,mix_82d60d7c7fc5,id_like_to_know_pxl_s5,PXL-S5,EDR-1,5,1.2228531117561643,66.71758572143543,59.245416742112766,59.245416742112766,False,Synthetic feature-driven placeholder comment.,-0.3583378408524605,-0.1527662554529231,0.7972705919658362,1.6270752922517937
F017,group_01,id_like_to_know,I'd Like To Know,mix_b393d3919c78,id_like_to_know_pxl_s7,PXL-S7,EDR-2,1,-1.6974528208642186,54.407672080271986,54.340854010153734,54.340854010153734,False,Synthetic feature-driven placeholder comment.,-0.867056238017743,-0.6188407399054331,-0.3229009373128245,-1.0515106991885117
F017,group_01,id_like_to_know,I'd Like To Know,mix_65f41f41d3ab,id_like_to_know_pxl_s3,PXL-S3,EDR-2,2,0.39777798146276877,58.00399709933624,67.44431369418555,67.44431369418555,False,Synthetic feature-driven placeholder comment.,0.3234844364321996,-1.065060189455143,-1.1651773700507613,-0.0982478955990668
F017,group_01,id_like_to_know,I'd Like To Know,mix_9ffcd672af17,id_like_to_know_pxl_s1,PXL-S1,EDR-2,3,-1.3706083561622606,53.401784336748364,54.46636545456759,54.46636545456759,False,Synthetic feature-driven placeholder comment.,-0.5659114167269081,-0.579304038497624,-0.4851205015292653,1.357247686182373
F017,group_01,id_like_to_know,I'd Like To Know,mix_82d60d7c7fc5,id_like_to_know_pxl_s5,PXL-S5,EDR-2,4,1.2228531117561643,63.21758572143542,54.59200785133132,54.59200785133132,False,Synthetic feature-driven placeholder comment.,-0.3583378408524605,-0.1527662554529231,0.7972705919658362,1.6270752922517937
F017,group_01,id_like_to_know,I'd Like To Know,mix_6f8b655d7999,id_like_to_know_pxl_s2,PXL-S2,EDR-2,5,2.122851337608373,61.30103657881042,70.07596217301439,70.07596217301439,False,Synthetic feature-driven placeholder comment.,0.5329997864789321,-1.1874673519330532,-0.7637519766505488,0.5510366380169074
F017,group_01,id_like_to_know,I'd Like To Know,mix_65f41f41d3ab,id_like_to_know_pxl_s3,PXL-S3,FM-1,1,0.39777798146276877,60.50399709933624,56.13732984531739,56.13732984531739,False,Synthetic feature-driven placeholder comment.,0.3234844364321996,-1.065060189455143,-1.1651773700507613,-0.0982478955990668
F017,group_01,id_like_to_know,I'd Like To Know,mix_82d60d7c7fc5,id_like_to_know_pxl_s5,PXL-S5,FM-1,2,1.2228531117561643,65.71758572143543,72.20291426720165,72.20291426720165,False,Synthetic feature-driven placeholder comment.,-0.3583378408524605,-0.1527662554529231,0.7972705919658362,1.6270752922517937
F017,group_01,id_like_to_know,I'd Like To Know,mix_6f8b655d7999,id_like_to_know_pxl_s2,PXL-S2,FM-1,3,2.122851337608373,63.80103657881042,76.64636685078811,76.64636685078811,False,Synthetic feature-driven placeholder comment.,0.5329997864789321,-1.1874673519330532,-0.7637519766505488,0.5510366380169074
F017,group_01,id_like_to_know,I'd Like To Know,mix_b393d3919c78,id_like_to_know_pxl_s7,PXL-S7,FM-1,4,-1.6974528208642186,56.90767208027199,61.987312976598616,61.987312976598616,False,Synthetic feature-driven placeholder comment.,-0.867056238017743,-0.6188407399054331,-0.3229009373128245,-1.0515106991885117
F017,group_01,id_like_to_know,I'd Like To Know,mix_9ffcd672af17,id_like_to_know_pxl_s1,PXL-S1,FM-1,5,-1.3706083561622606,55.90178433674836,67.97710376154136,67.97710376154136,False,Synthetic feature-driven placeholder comment.,-0.5659114167269081,-0.579304038497624,-0.4851205015292653,1.357247686182373
F018,group_02,in_the_meantime,In The Meantime,mix_9baa86357fd4,in_the_meantime_du_i,DU-I,EDR-1,1,-7.7211527946122915,60.92805080092708,57.86213456476196,57.86213456476196,False,Synthetic feature-driven placeholder comment.,-1.8990066727669184,1.9187185345499165,0.5415536857115313,-0.721703057329889
F018,group_02,in_the_meantime,In The Meantime,mix_cdaef40f2b94,in_the_meantime_qut_pro,QUT-pro,EDR-1,2,5.513631733764184,75.00631177255771,77.31254912899642,77.31254912899642,False,Synthetic feature-driven placeholder comment.,-0.6756280657690176,-1.4346341192827423,1.8511013279434223,-0.7325346788768815
F018,group_02,in_the_meantime,In The Meantime,mix_c7bdcba64775,in_the_meantime_qut_b,QUT-B,EDR-1,3,-4.883741826428456,64.08275375133466,54.431354825874195,54.431354825874195,False,Synthetic feature-driven placeholder comment.,-0.6698107538710293,-0.1978340618743536,-1.5468197375217057,0.0908009789400507
F018,group_02,in_the_meantime,In The Meantime,mix_56e65a3ce054,in_the_meantime_du_k,DU-K,EDR-1,4,-4.439003297698766,66.7452998446862,79.14915120333303,79.14915120333303,False,Synthetic feature-driven placeholder comment.,-1.1193186569455127,1.7918041562064675,0.9713104079970216,0.4372547184671072
F018,group_02,in_the_meantime,In The Meantime,mix_302f0efe8a80,in_the_meantime_du_h,DU-H,EDR-1,5,-0.779898277359731,73.17470189439105,84.7673232256802,84.7673232256802,False,Synthetic feature-driven placeholder comment.,0.6887214233465396,0.2719152524959843,-0.8693704120952901,0.8234428342152216
F018,group_02,in_the_meantime,In The Meantime,mix_c7bdcba64775,in_the_meantime_qut_b,QUT-B,EDR-2,1,-4.883741826428456,60.58275375133467,65.49500425914127,65.49500425914127,False,Synthetic feature-driven placeholder comment.,-0.6698107538710293,-0.1978340618743536,-1.5468197375217057,0.0908009789400507
F018,group_02,in_the_meantime,In The Meantime,mix_9baa86357fd4,in_the_meantime_du_i,DU-I,EDR-2,2,-7.7211527946122915,57.42805080092708,63.48633223649582,63.48633223649582,False,Synthetic feature-driven placeholder comment.,-1.8990066727669184,1.9187185345499165,0.5415536857115313,-0.721703057329889
F018,group_02,in_the_meantime,In The Meantime,mix_56e65a3ce054,in_the_meantime_du_k,DU-K,EDR-2,3,-4.439003297698766,63.245299844686194,62.910497544219396,62.910497544219396,False,Synthetic feature-driven placeholder comment.,-1.1193186569455127,1.7918041562064675,0.9713104079970216,0.4372547184671072
F018,group_02,in_the_meantime,In The Meantime,mix_302f0efe8a80,in_the_meantime_du_h,DU-H,EDR-2,4,-0.779898277359731,69.67470189439105,61.13237195122152,61.13237195122152,False,Synthetic feature-driven placeholder comment.,0.6887214233465396,0.2719152524959843,-0.8693704120952901,0.8234428342152216
F018,group_02,in_the_meantime,In The Meantime,mix_cdaef40f2b94,in_the_meantime_qut_pro,QUT-pro,EDR-2,5,5.513631733764184,71.50631177255771,66.89904140059893,66.89904140059893,False,Synthetic feature-driven placeholder comment.,-0.6756280657690176,-1.4346341192827423,1.8511013279434223,-0.7325346788768815
F018,group_02,in_the_meantime,In The Meantime,mix_c7bdcba64775,in_the_meantime_qut_b,QUT-B,FM-1,1,-4.883741826428456,63.082753751334664,65.93627926348587,65.93627926348587,False,Synthetic feature-driven placeholder comment.,-0.6698107538710293,-0.1978340618743536,-1.5468197375217057,0.0908009789400507
F018,group_02,in_the_meantime,In The Meantime,mix_302f0efe8a80,in_the_meantime_du_h,DU-H,FM-1,2,-0.779898277359731,72.17470189439105,71.83174018324634,71.83174018324634,False,Synthetic feature-driven placeholder comment.,0.6887214233465396,0.2719152524959843,-0.8693704120952901,0.8234428342152216
F018,group_02,in_the_meantime,In The Meantime,mix_9baa86357fd4,in_the_meantime_du_i,DU-I,FM-1,3,-7.7211527946122915,59.92805080092708,63.229742134773716,63.229742134773716,False,Synthetic feature-driven placeholder comment.,-1.8990066727669184,1.9187185345499165,0.5415536857115313,-0.721703057329889
F018,group_02,in_the_meantime,In The Meantime,mix_56e65a3ce054,in_the_meantime_du_k,DU-K,FM-1,4,-4.439003297698766,65.7452998446862,54.97952111108766,54.97952111108766,False,Synthetic feature-driven placeholder comment.,-1.1193186569455127,1.7918041562064675,0.9713104079970216,0.4372547184671072
F018,group_02,in_the_meantime,In The Meantime,mix_cdaef40f2b94,in_the_meantime_qut_pro,QUT-pro,FM-1,5,5.513631733764184,74.00631177255771,68.23982788722935,68.23982788722935,False,Synthetic feature-driven placeholder comment.,-0.6756280657690176,-1.4346341192827423,1.8511013279434223,-0.7325346788768815
F018,group_02,pouring_room,Pouring Room,mix_e08faaf8bbb3,pouring_room_mcg_v,McG-V,EDR-1,1,-2.460604585630299,67.30986282247426,69.65656400459615,69.65656400459615,False,Synthetic feature-driven placeholder comment.,0.2009523983216312,1.112208706920678,-0.2814967551013548,-0.938440679331238
F018,group_02,pouring_room,Pouring Room,mix_be2ccd4c43ff,pouring_room_mcg_t,McG-T,EDR-1,2,1.860080740948886,74.2915687509275,83.61130759652383,83.61130759652383,False,Synthetic feature-driven placeholder comment.,-0.0814371595061495,1.1238301932737935,1.926895983278192,-0.8792578396079359
F018,group_02,pouring_room,Pouring Room,mix_132e75f34470,pouring_room_mcg_pro1,McG-pro1,EDR-1,3,1.9624437219793534,75.66493871997908,62.22528398900281,62.22528398900281,False,Synthetic feature-driven placeholder comment.,1.177821012274786,0.1366958746221527,-0.3534041622732912,-0.9473754159948484
F018,group_02,pouring_room,Pouring Room,mix_0ba76f420c1d,pouring_room_mcg_r,McG-R,EDR-1,4,3.5333626255955455,76.31975722560531,80.1270181762406,80.1270181762406,False,Synthetic feature-driven placeholder comment.,0.2249858589620197,-0.521538265731174,0.8057256670690561,-1.2630720295337683
F018,group_02,pouring_room,Pouring Room,mix_cbf8555ee2b2,pouring_room_mcg_x,McG-X,EDR-1,5,1.3892606412929467,66.49354937565832,73.79321888596107,73.79321888596107,False,Synthetic feature-driven placeholder comment.,0.4494273963527286,0.780552768870155,0.8086566197405122,-0.4801297779726206
F018,group_02,pouring_room,Pouring Room,mix_132e75f34470,pouring_room_mcg_pro1,McG-pro1,EDR-2,1,1.9624437219793534,72.16493871997908,73.76484029994629,73.76484029994629,False,Synthetic feature-driven placeholder comment.,1.177821012274786,0.1366958746221527,-0.3534041622732912,-0.9473754159948484
F018,group_02,pouring_room,Pouring Room,mix_0ba76f420c1d,pouring_room_mcg_r,McG-R,EDR-2,2,3.5333626255955455,72.81975722560531,70.18567475135217,70.18567475135217,False,Synthetic feature-driven placeholder comment.,0.2249858589620197,-0.521538265731174,0.8057256670690561,-1.2630720295337683
F018,group_02,pouring_room,Pouring Room,mix_e08faaf8bbb3,pouring_room_mcg_v,McG-V,EDR-2,3,-2.460604585630299,63.80986282247425,64.36152512824174,64.36152512824174,False,Synthetic feature-driven placeholder comment.,0.2009523983216312,1.112208706920678,-0.2814967551013548,-0.938440679331238
F018,group_02,pouring_room,Pouring Room,mix_be2ccd4c43ff,pouring_room_mcg_t,McG-T,EDR-2,4,1.860080740948886,70.7915687509275,68.40545878142063,68.40545878142063,False,Synthetic feature-driven placeholder comment.,-0.0814371595061495,1.1238301932737935,1.926895983278192,-0.8792578396079359
F018,group_02,pouring_room,Pouring Room,mix_cbf8555ee2b2,pouring_room_mcg_x,McG-X,EDR-2,5,1.3892606412929467,62.99354937565832,50.6743998131347,50.6743998131347,False,Synthetic feature-driven placeholder comment.,0.4494273963527286,0.780552768870155,0.8086566197405122,-0.4801297779726206
F018,group_02,pouring_room,Pouring Room,mix_be2ccd4c43ff,pouring_room_mcg_t,McG-T,FM-1,1,1.860080740948886,73.2915687509275,86.07457640094447,86.07457640094447,False,Synthetic feature-driven placeholder comment.,-0.0814371595061495,1.1238301932737935,1.926895983278192,-0.8792578396079359
F018,group_02,pouring_room,Pouring Room,mix_0ba76f420c1d,pouring_room_mcg_r,McG-R,FM-1,2,3.5333626255955455,75.31975722560531,79.02588568225201,79.02588568225201,False,Synthetic feature-driven placeholder comment.,0.2249858589620197,-0.521538265731174,0.8057256670690561,-1.2630720295337683
F018,group_02,pouring_room,Pouring Room,mix_cbf8555ee2b2,pouring_room_mcg_x,McG-X,FM-1,3,1.3892606412929467,65.49354937565832,61.81027131106528,61.81027131106528,False,Synthetic feature-driven placeholder comment.,0.4494273963527286,0.780552768870155,0.8086566197405122,-0.4801297779726206
F018,group_02,pouring_room,Pouring Room,mix_132e75f34470,pouring_room_mcg_pro1,McG-pro1,FM-1,4,1.9624437219793534,74.66493871997908,87.19900723347558,87.19900723347558,False,Synthetic feature-driven placeholder comment.,1.177821012274786,0.1366958746221527,-0.3534041622732912,-0.9473754159948484
F018,group_02,pouring_room,Pouring Room,mix_e08faaf8bbb3,pouring_room_mcg_v,McG-V,FM-1,5,-2.460604585630299,66.30986282247426,64.81237551928263,64.81237551928263,False,Synthetic feature-driven placeholder comment.,0.2009523983216312,1.112208706920678,-0.2814967551013548,-0.938440679331238
F019,group_01,lead_me,Lead Me,mix_f1f7973e5bac,lead_me_du_d,DU-D,EDR-1,1,5.9315598802398135,78.6598379133598,64.94969259389038,64.94969259389038,False,Synthetic feature-driven placeholder comment.,0.7402857811167308,-1.548717422055362,0.3280479404435016,-1.017146833506479
F019,group_01,lead_me,Lead Me,mix_d3e3580b6e30,lead_me_mcg_pro2,McG-pro2,EDR-1,2,3.814031642297137,79.81761532619736,75.50400487150043,75.50400487150043,False,Synthetic feature-driven placeholder comment.,2.9805308263561203,0.8594252384169624,-0.9263284806752846,0.048773555233824
F019,group_01,lead_me,Lead Me,mix_271852ba8676,lead_me_du_e,DU-E,EDR-1,3,-5.750339322248495,62.5354675241302,72.93426193557235,72.93426193557235,False,Synthetic feature-driven placeholder comment.,-1.0250576971995913,0.5199952869185839,-0.8666083508697964,0.9959336464039888
F019,group_01,lead_me,Lead Me,mix_d5b28dfc8a93,lead_me_pxl_l1,PXL-L1,EDR-1,4,-2.181930306539545,70.19525725833576,84.0228131899214,84.0228131899214,False,Synthetic feature-driven placeholder comment.,-0.0024436394808062,-0.3677713699084406,-1.2816942263900757,-0.1924460334762285
F019,group_01,lead_me,Lead Me,mix_c7d9a071ba25,lead_me_pxl_l4,PXL-L4,EDR-1,5,3.536878170598983,74.54960557283866,91.97219353016686,91.97219353016686,False,Synthetic feature-driven placeholder comment.,-0.0552007785055364,-0.8412121981784734,0.8321106863211235,2.390299590706203
F019,group_01,lead_me,Lead Me,mix_f1f7973e5bac,lead_me_du_d,DU-D,EDR-2,1,5.9315598802398135,75.1598379133598,88.66517028218384,88.66517028218384,False,Synthetic feature-driven placeholder comment.,0.7402857811167308,-1.548717422055362,0.3280479404435016,-1.017146833506479
F019,group_01,lead_me,Lead Me,mix_d3e3580b6e30,lead_me_mcg_pro2,McG-pro2,EDR-2,2,3.814031642297137,76.31761532619736,93.09725069252374,93.09725069252374,False,Synthetic feature-driven placeholder comment.,2.9805308263561203,0.8594252384169624,-0.9263284806752846,0.048773555233824
F019,group_01,lead_me,Lead Me,mix_d5b28dfc8a93,lead_me_pxl_l1,PXL-L1,EDR-2,3,-2.181930306539545,66.69525725833576,61.64379957362017,61.64379957362017,False,Synthetic feature-driven placeholder comment.,-0.0024436394808062,-0.3677713699084406,-1.2816942263900757,-0.1924460334762285
F019,group_01,lead_me,Lead Me,mix_c7d9a071ba25,lead_me_pxl_l4,PXL-L4,EDR-2,4,3.536878170598983,71.04960557283866,59.68961740950449,59.68961740950449,False,Synthetic feature-driven placeholder comment.,-0.0552007785055364,-0.8412121981784734,0.8321106863211235,2.390299590706203
F019,group_01,lead_me,Lead Me,mix_271852ba8676,lead_me_du_e,DU-E,EDR-2,5,-5.750339322248495,59.0354675241302,38.86678084757102,38.86678084757102,False,Synthetic feature-driven placeholder comment.,-1.0250576971995913,0.5199952869185839,-0.8666083508697964,0.9959336464039888
F019,group_01,lead_me,Lead Me,mix_d5b28dfc8a93,lead_me_pxl_l1,PXL-L1,FM-1,1,-2.181930306539545,69.19525725833576,68.06656326052132,68.06656326052132,False,Synthetic feature-driven placeholder comment.,-0.0024436394808062,-0.3677713699084406,-1.2816942263900757,-0.1924460334762285
F019,group_01,lead_me,Lead Me,mix_c7d9a071ba25,lead_me_pxl_l4,PXL-L4,FM-1,2,3.536878170598983,73.54960557283866,88.05755972275836,88.05755972275836,False,Synthetic feature-driven placeholder comment.,-0.0552007785055364,-0.8412121981784734,0.8321106863211235,2.390299590706203
F019,group_01,lead_me,Lead Me,mix_f1f7973e5bac,lead_me_du_d,DU-D,FM-1,3,5.9315598802398135,77.6598379133598,76.65902117834538,76.65902117834538,False,Synthetic feature-driven placeholder comment.,0.7402857811167308,-1.548717422055362,0.3280479404435016,-1.017146833506479
F019,group_01,lead_me,Lead Me,mix_d3e3580b6e30,lead_me_mcg_pro2,McG-pro2,FM-1,4,3.814031642297137,78.81761532619736,94.23049985592101,94.23049985592101,False,Synthetic feature-driven placeholder comment.,2.9805308263561203,0.8594252384169624,-0.9263284806752846,0.048773555233824
F019,group_01,lead_me,Lead Me,mix_271852ba8676,lead_me_du_e,DU-E,FM-1,5,-5.750339322248495,61.5354675241302,48.661522346304395,48.661522346304395,False,Synthetic feature-driven placeholder comment.,-1.0250576971995913,0.5199952869185839,-0.8666083508697964,0.9959336464039888
F019,group_01,id_like_to_know,I'd Like To Know,mix_9ffcd672af17,id_like_to_know_pxl_s1,PXL-S1,EDR-1,1,-1.3706083561622606,66.01835075809547,82.6959619914301,82.6959619914301,False,Synthetic feature-driven placeholder comment.,-0.5659114167269081,-0.579304038497624,-0.4851205015292653,1.357247686182373
F019,group_01,id_like_to_know,I'd Like To Know,mix_6f8b655d7999,id_like_to_know_pxl_s2,PXL-S2,EDR-1,2,2.122851337608373,73.91760300015753,74.34128080422754,74.34128080422754,False,Synthetic feature-driven placeholder comment.,0.5329997864789321,-1.1874673519330532,-0.7637519766505488,0.5510366380169074
F019,group_01,id_like_to_know,I'd Like To Know,mix_82d60d7c7fc5,id_like_to_know_pxl_s5,PXL-S5,EDR-1,3,1.2228531117561643,75.83415214278253,89.05593502559309,89.05593502559309,False,Synthetic feature-driven placeholder comment.,-0.3583378408524605,-0.1527662554529231,0.7972705919658362,1.6270752922517937
F019,group_01,id_like_to_know,I'd Like To Know,mix_b393d3919c78,id_like_to_know_pxl_s7,PXL-S7,EDR-1,4,-1.6974528208642186,67.0242385016191,76.87143588489147,76.87143588489147,False,Synthetic feature-driven placeholder comment.,-0.867056238017743,-0.6188407399054331,-0.3229009373128245,-1.0515106991885117
F019,group_01,id_like_to_know,I'd Like To Know,mix_65f41f41d3ab,id_like_to_know_pxl_s3,PXL-S3,EDR-1,5,0.39777798146276877,70.62056352068335,64.033466644127,64.033466644127,False,Synthetic feature-driven placeholder comment.,0.3234844364321996,-1.065060189455143,-1.1651773700507613,-0.0982478955990668
F019,group_01,id_like_to_know,I'd Like To Know,mix_9ffcd672af17,id_like_to_know_pxl_s1,PXL-S1,EDR-2,1,-1.3706083561622606,62.518350758095465,58.284486445209026,58.284486445209026,False,Synthetic feature-driven placeholder comment.,-0.5659114167269081,-0.579304038497624,-0.4851205015292653,1.357247686182373
F019,group_01,id_like_to_know,I'd Like To Know,mix_6f8b655d7999,id_like_to_know_pxl_s2,PXL-S2,EDR-2,2,2.122851337608373,70.41760300015753,79.50453505793027,79.50453505793027,False,Synthetic feature-driven placeholder comment.,0.5329997864789321,-1.1874673519330532,-0.7637519766505488,0.5510366380169074
F019,group_01,id_like_to_know,I'd Like To Know,mix_82d60d7c7fc5,id_like_to_know_pxl_s5,PXL-S5,EDR-2,3,1.2228531117561643,72.33415214278253,78.73885972302472,78.73885972302472,False,Synthetic feature-driven placeholder comment.,-0.3583378408524605,-0.1527662554529231,0.7972705919658362,1.6270752922517937
F019,group_01,id_like_to_know,I'd Like To Know,mix_65f41f41d3ab,id_like_to_know_pxl_s3,PXL-S3,EDR-2,4,0.39777798146276877,67.12056352068335,72.07346846227007,72.07346846227007,False,Synthetic feature-driven placeholder comment.,0.3234844364321996,-1.065060189455143,-1.1651773700507613,-0.0982478955990668
F019,group_01,id_like_to_know,I'd Like To Know,mix_b393d3919c78,id_like_to_know_pxl_s7,PXL-S7,EDR-2,5,-1.6974528208642186,63.52423850161909,63.284144431565366,63.284144431565366,False,Synthetic feature-driven placeholder comment.,-0.867056238017743,-0.6188407399054331,-0.3229009373128245,-1.0515106991885117
F019,group_01,id_like_to_know,I'd Like To Know,mix_b393d3919c78,id_like_to_know_pxl_s7,PXL-S7,FM-1,1,-1.6974528208642186,66.0242385016191,65.05307130636037,65.05307130636037,False,Synthetic feature-driven placeholder comment.,-0.867056238017743,-0.6188407399054331,-0.3229009373128245,-1.0515106991885117
F019,group_01,id_like_to_know,I'd Like To Know,mix_82d60d7c7fc5,id_like_to_know_pxl_s5,PXL-S5,FM-1,2,1.2228531117561643,74.83415214278253,76.59777523455797,76.59777523455797,False,Synthetic feature-driven placeholder comment.,-0.3583378408524605,-0.1527662554529231,0.7972705919658362,1.6270752922517937
F019,group_01,id_like_to_know,I'd Like To Know,mix_9ffcd672af17,id_like_to_know_pxl_s1,PXL-S1,FM-1,3,-1.3706083561622606,65.01835075809547,44.80052639299127,44.80052639299127,False,Synthetic feature-driven placeholder comment.,-0.5659114167269081,-0.579304038497624,-0.4851205015292653,1.357247686182373
F019,group_01,id_like_to_know,I'd Like To Know,mix_65f41f41d3ab,id_like_to_know_pxl_s3,PXL-S3,FM-1,4,0.39777798146276877,69.62056352068335,79.57048591639374,79.57048591639374,False,Synthetic feature-driven placeholder comment.,0.3234844364321996,-1.065060189455143,-1.1651773700507613,-0.0982478955990668
F019,group_01,id_like_to_know,I'd Like To Know,mix_6f8b655d7999,id_like_to_know_pxl_s2,PXL-S2,FM-1,5,2.122851337608373,72.91760300015753,73.4365151233867,73.4365151233867,False,Synthetic feature-driven placeholder comment.,0.5329997864789321,-1.1874673519330532,-0.7637519766505488,0.5510366380169074
F020,group_02,in_the_meantime,In The Meantime,mix_302f0efe8a80,in_the_meantime_du_h,DU-H,EDR-1,1,-0.779898277359731,77.67036890481776,70.59179206882916,70.59179206882916,False,Synthetic feature-driven placeholder comment.,0.6887214233465396,0.2719152524959843,-0.8693704120952901,0.8234428342152216
F020,group_02,in_the_meantime,In The Meantime,mix_cdaef40f2b94,in_the_meantime_qut_pro,QUT-pro,EDR-1,2,5.513631733764184,79.50197878298442,83.41816901701692,83.41816901701692,False,Synthetic feature-driven placeholder comment.,-0.6756280657690176,-1.4346341192827423,1.8511013279434223,-0.7325346788768815
F020,group_02,in_the_meantime,In The Meantime,mix_56e65a3ce054,in_the_meantime_du_k,DU-K,EDR-1,3,-4.439003297698766,71.24096685511292,68.3027605960685,68.3027605960685,False,Synthetic feature-driven placeholder comment.,-1.1193186569455127,1.7918041562064675,0.9713104079970216,0.4372547184671072
F020,group_02,in_the_meantime,In The Meantime,mix_c7bdcba64775,in_the_meantime_qut_b,QUT-B,EDR-1,4,-4.883741826428456,68.57842076176138,83.92216051688351,83.92216051688351,False,Synthetic feature-driven placeholder comment.,-0.6698107538710293,-0.1978340618743536,-1.5468197375217057,0.0908009789400507
F020,group_02,in_the_meantime,In The Meantime,mix_9baa86357fd4,in_the_meantime_du_i,DU-I,EDR-1,5,-7.7211527946122915,65.4237178113538,54.03182252697528,54.03182252697528,False,Synthetic feature-driven placeholder comment.,-1.8990066727669184,1.9187185345499165,0.5415536857115313,-0.721703057329889
F020,group_02,in_the_meantime,In The Meantime,mix_9baa86357fd4,in_the_meantime_du_i,DU-I,EDR-2,1,-7.7211527946122915,61.9237178113538,74.24547402705474,74.24547402705474,False,Synthetic feature-driven placeholder comment.,-1.8990066727669184,1.9187185345499165,0.5415536857115313,-0.721703057329889
F020,group_02,in_the_meantime,In The Meantime,mix_c7bdcba64775,in_the_meantime_qut_b,QUT-B,EDR-2,2,-4.883741826428456,65.07842076176138,59.09672034232921,59.09672034232921,False,Synthetic feature-driven placeholder comment.,-0.6698107538710293,-0.1978340618743536,-1.5468197375217057,0.0908009789400507
F020,group_02,in_the_meantime,In The Meantime,mix_56e65a3ce054,in_the_meantime_du_k,DU-K,EDR-2,3,-4.439003297698766,67.7409668551129,72.16062799910638,72.16062799910638,False,Synthetic feature-driven placeholder comment.,-1.1193186569455127,1.7918041562064675,0.9713104079970216,0.4372547184671072
F020,group_02,in_the_meantime,In The Meantime,mix_302f0efe8a80,in_the_meantime_du_h,DU-H,EDR-2,4,-0.779898277359731,74.17036890481776,73.04655388351908,73.04655388351908,False,Synthetic feature-driven placeholder comment.,0.6887214233465396,0.2719152524959843,-0.8693704120952901,0.8234428342152216
F020,group_02,in_the_meantime,In The Meantime,mix_cdaef40f2b94,in_the_meantime_qut_pro,QUT-pro,EDR-2,5,5.513631733764184,76.00197878298442,68.47419877097306,68.47419877097306,False,Synthetic feature-driven placeholder comment.,-0.6756280657690176,-1.4346341192827423,1.8511013279434223,-0.7325346788768815
F020,group_02,in_the_meantime,In The Meantime,mix_c7bdcba64775,in_the_meantime_qut_b,QUT-B,FM-1,1,-4.883741826428456,67.57842076176138,75.33340235079675,75.33340235079675,False,Synthetic feature-driven placeholder comment.,-0.6698107538710293,-0.1978340618743536,-1.5468197375217057,0.0908009789400507
F020,group_02,in_the_meantime,In The Meantime,mix_9baa86357fd4,in_the_meantime_du_i,DU-I,FM-1,2,-7.7211527946122915,64.4237178113538,50.12487109794158,50.12487109794158,False,Synthetic feature-driven placeholder comment.,-1.8990066727669184,1.9187185345499165,0.5415536857115313,-0.721703057329889
F020,group_02,in_the_meantime,In The Meantime,mix_cdaef40f2b94,in_the_meantime_qut_pro,QUT-pro,FM-1,3,5.513631733764184,78.50197878298442,75.42402577033535,75.42402577033535,False,Synthetic feature-driven placeholder comment.,-0.6756280657690176,-1.4346341192827423,1.8511013279434223,-0.7325346788768815
F020,group_02,in_the_meantime,In The Meantime,mix_56e65a3ce054,in_the_meantime_du_k,DU-K,FM-1,4,-4.439003297698766,70.24096685511292,83.0459553650415,83.0459553650415,False,Synthetic feature-driven placeholder comment.,-1.1193186569455127,1.7918041562064675,0.9713104079970216,0.4372547184671072
F020,group_02,in_the_meantime,In The Meantime,mix_302f0efe8a80,in_the_meantime_du_h,DU-H,FM-1,5,-0.779898277359731,76.67036890481776,89.73799676171986,89.73799676171986,False,Synthetic feature-driven placeholder comment.,0.6887214233465396,0.2719152524959843,-0.8693704120952901,0.8234428342152216
F020,group_02,pouring_room,Pouring Room,mix_e08faaf8bbb3,pouring_room_mcg_v,McG-V,EDR-1,1,-2.460604585630299,71.80552983290097,75.45626415500044,75.45626415500044,False,Synthetic feature-driven placeholder comment.,0.2009523983216312,1.112208706920678,-0.2814967551013548,-0.938440679331238
F020,group_02,pouring_room,Pouring Room,mix_be2ccd4c43ff,pouring_room_mcg_t,McG-T,EDR-1,2,1.860080740948886,78.78723576135421,65.30153615045529,65.30153615045529,False,Synthetic feature-driven placeholder comment.,-0.0814371595061495,1.1238301932737935,1.926895983278192,-0.8792578396079359
F020,group_02,pouring_room,Pouring Room,mix_0ba76f420c1d,pouring_room_mcg_r,McG-R,EDR-1,3,3.5333626255955455,80.81542423603203,80.67708316517461,80.67708316517461,False,Synthetic feature-driven placeholder comment.,0.2249858589620197,-0.521538265731174,0.8057256670690561,-1.2630720295337683
F020,group_02,pouring_room,Pouring Room,mix_132e75f34470,pouring_room_mcg_pro1,McG-pro1,EDR-1,4,1.9624437219793534,80.16060573040579,81.81993928932889,81.81993928932889,False,Synthetic feature-driven placeholder comment.,1.177821012274786,0.1366958746221527,-0.3534041622732912,-0.9473754159948484
F020,group_02,pouring_room,Pouring Room,mix_cbf8555ee2b2,pouring_room_mcg_x,McG-X,EDR-1,5,1.3892606412929467,70.98921638608503,64.77975603140473,64.77975603140473,False,Synthetic feature-driven placeholder comment.,0.4494273963527286,0.780552768870155,0.8086566197405122,-0.4801297779726206
F020,group_02,pouring_room,Pouring Room,mix_e08faaf8bbb3,pouring_room_mcg_v,McG-V,EDR-2,1,-2.460604585630299,68.30552983290096,71.41031486784605,71.41031486784605,False,Synthetic feature-driven placeholder comment.,0.2009523983216312,1.112208706920678,-0.2814967551013548,-0.938440679331238
F020,group_02,pouring_room,Pouring Room,mix_132e75f34470,pouring_room_mcg_pro1,McG-pro1,EDR-2,2,1.9624437219793534,76.66060573040579,80.4693423864509,80.4693423864509,False,Synthetic feature-driven placeholder comment.,1.177821012274786,0.1366958746221527,-0.3534041622732912,-0.9473754159948484
F020,group_02,pouring_room,Pouring Room,mix_be2ccd4c43ff,pouring_room_mcg_t,McG-T,EDR-2,3,1.860080740948886,75.28723576135421,75.31069675330727,75.31069675330727,False,Synthetic feature-driven placeholder comment.,-0.0814371595061495,1.1238301932737935,1.926895983278192,-0.8792578396079359
F020,group_02,pouring_room,Pouring Room,mix_0ba76f420c1d,pouring_room_mcg_r,McG-R,EDR-2,4,3.5333626255955455,77.31542423603203,66.05173106613186,66.05173106613186,False,Synthetic feature-driven placeholder comment.,0.2249858589620197,-0.521538265731174,0.8057256670690561,-1.2630720295337683
F020,group_02,pouring_room,Pouring Room,mix_cbf8555ee2b2,pouring_room_mcg_x,McG-X,EDR-2,5,1.3892606412929467,67.48921638608503,60.091608821107556,60.091608821107556,False,Synthetic feature-driven placeholder comment.,0.4494273963527286,0.780552768870155,0.8086566197405122,-0.4801297779726206
F020,group_02,pouring_room,Pouring Room,mix_be2ccd4c43ff,pouring_room_mcg_t,McG-T,FM-1,1,1.860080740948886,77.78723576135421,69.95988193460693,69.95988193460693,False,Synthetic feature-driven placeholder comment.,-0.0814371595061495,1.1238301932737935,1.926895983278192,-0.8792578396079359
F020,group_02,pouring_room,Pouring Room,mix_132e75f34470,pouring_room_mcg_pro1,McG-pro1,FM-1,2,1.9624437219793534,79.16060573040579,91.00904067341244,91.00904067341244,False,Synthetic feature-driven placeholder comment.,1.177821012274786,0.1366958746221527,-0.3534041622732912,-0.9473754159948484
F020,group_02,pouring_room,Pouring Room,mix_0ba76f420c1d,pouring_room_mcg_r,McG-R,FM-1,3,3.5333626255955455,79.81542423603203,81.11476313859981,81.11476313859981,False,Synthetic feature-driven placeholder comment.,0.2249858589620197,-0.521538265731174,0.8057256670690561,-1.2630720295337683
F020,group_02,pouring_room,Pouring Room,mix_cbf8555ee2b2,pouring_room_mcg_x,McG-X,FM-1,4,1.3892606412929467,69.98921638608503,74.99844339177105,74.99844339177105,False,Synthetic feature-driven placeholder comment.,0.4494273963527286,0.780552768870155,0.8086566197405122,-0.4801297779726206
F020,group_02,pouring_room,Pouring Room,mix_e08faaf8bbb3,pouring_room_mcg_v,McG-V,FM-1,5,-2.460604585630299,70.80552983290097,75.4631277397307,75.4631277397307,False,Synthetic feature-driven placeholder comment.,0.2009523983216312,1.112208706920678,-0.2814967551013548,-0.938440679331238
F021,group_01,lead_me,Lead Me,mix_271852ba8676,lead_me_du_e,DU-E,EDR-1,1,-5.750339322248495,65.45572926763336,81.407942224446,81.407942224446,False,Synthetic feature-driven placeholder comment.,-1.0250576971995913,0.5199952869185839,-0.8666083508697964,0.9959336464039888
F021,group_01,lead_me,Lead Me,mix_c7d9a071ba25,lead_me_pxl_l4,PXL-L4,EDR-1,2,3.536878170598983,77.46986731634182,86.04700962066185,86.04700962066185,False,Synthetic feature-driven placeholder comment.,-0.0552007785055364,-0.8412121981784734,0.8321106863211235,2.390299590706203
F021,group_01,lead_me,Lead Me,mix_d5b28dfc8a93,lead_me_pxl_l1,PXL-L1,EDR-1,3,-2.181930306539545,73.11551900183892,76.77137537609711,76.77137537609711,False,Synthetic feature-driven placeholder comment.,-0.0024436394808062,-0.3677713699084406,-1.2816942263900757,-0.1924460334762285
F021,group_01,lead_me,Lead Me,mix_f1f7973e5bac,lead_me_du_d,DU-D,EDR-1,4,5.9315598802398135,81.58009965686296,83.89899198952553,83.89899198952553,False,Synthetic feature-driven placeholder comment.,0.7402857811167308,-1.548717422055362,0.3280479404435016,-1.017146833506479
F021,group_01,lead_me,Lead Me,mix_d3e3580b6e30,lead_me_mcg_pro2,McG-pro2,EDR-1,5,3.814031642297137,82.73787706970052,96.7986680952628,96.7986680952628,False,Synthetic feature-driven placeholder comment.,2.9805308263561203,0.8594252384169624,-0.9263284806752846,0.048773555233824
F021,group_01,lead_me,Lead Me,mix_f1f7973e5bac,lead_me_du_d,DU-D,EDR-2,1,5.9315598802398135,78.08009965686296,62.88031639158731,62.88031639158731,False,Synthetic feature-driven placeholder comment.,0.7402857811167308,-1.548717422055362,0.3280479404435016,-1.017146833506479
F021,group_01,lead_me,Lead Me,mix_d3e3580b6e30,lead_me_mcg_pro2,McG-pro2,EDR-2,2,3.814031642297137,79.23787706970052,92.24446298730794,92.24446298730794,False,Synthetic feature-driven placeholder comment.,2.9805308263561203,0.8594252384169624,-0.9263284806752846,0.048773555233824
F021,group_01,lead_me,Lead Me,mix_c7d9a071ba25,lead_me_pxl_l4,PXL-L4,EDR-2,3,3.536878170598983,73.96986731634182,70.26674201389338,70.26674201389338,False,Synthetic feature-driven placeholder comment.,-0.0552007785055364,-0.8412121981784734,0.8321106863211235,2.390299590706203
F021,group_01,lead_me,Lead Me,mix_d5b28dfc8a93,lead_me_pxl_l1,PXL-L1,EDR-2,4,-2.181930306539545,69.61551900183892,74.98696296846033,74.98696296846033,False,Synthetic feature-driven placeholder comment.,-0.0024436394808062,-0.3677713699084406,-1.2816942263900757,-0.1924460334762285
F021,group_01,lead_me,Lead Me,mix_271852ba8676,lead_me_du_e,DU-E,EDR-2,5,-5.750339322248495,61.95572926763336,60.5070571344047,60.5070571344047,False,Synthetic feature-driven placeholder comment.,-1.0250576971995913,0.5199952869185839,-0.8666083508697964,0.9959336464039888
F021,group_01,lead_me,Lead Me,mix_f1f7973e5bac,lead_me_du_d,DU-D,FM-1,1,5.9315598802398135,80.58009965686296,79.34386434622903,79.34386434622903,False,Synthetic feature-driven placeholder comment.,0.7402857811167308,-1.548717422055362,0.3280479404435016,-1.017146833506479
F021,group_01,lead_me,Lead Me,mix_c7d9a071ba25,lead_me_pxl_l4,PXL-L4,FM-1,2,3.536878170598983,76.46986731634182,44.83494918341921,44.83494918341921,False,Synthetic feature-driven placeholder comment.,-0.0552007785055364,-0.8412121981784734,0.8321106863211235,2.390299590706203
F021,group_01,lead_me,Lead Me,mix_d3e3580b6e30,lead_me_mcg_pro2,McG-pro2,FM-1,3,3.814031642297137,81.73787706970052,72.40533123876685,72.40533123876685,False,Synthetic feature-driven placeholder comment.,2.9805308263561203,0.8594252384169624,-0.9263284806752846,0.048773555233824
F021,group_01,lead_me,Lead Me,mix_d5b28dfc8a93,lead_me_pxl_l1,PXL-L1,FM-1,4,-2.181930306539545,72.11551900183892,65.50065379225865,65.50065379225865,False,Synthetic feature-driven placeholder comment.,-0.0024436394808062,-0.3677713699084406,-1.2816942263900757,-0.1924460334762285
F021,group_01,lead_me,Lead Me,mix_271852ba8676,lead_me_du_e,DU-E,FM-1,5,-5.750339322248495,64.45572926763336,53.17609005507644,53.17609005507644,False,Synthetic feature-driven placeholder comment.,-1.0250576971995913,0.5199952869185839,-0.8666083508697964,0.9959336464039888
F021,group_01,id_like_to_know,I'd Like To Know,mix_9ffcd672af17,id_like_to_know_pxl_s1,PXL-S1,EDR-1,1,-1.3706083561622606,68.93861250159863,52.69748774715832,52.69748774715832,False,Synthetic feature-driven placeholder comment.,-0.5659114167269081,-0.579304038497624,-0.4851205015292653,1.357247686182373
F021,group_01,id_like_to_know,I'd Like To Know,mix_65f41f41d3ab,id_like_to_know_pxl_s3,PXL-S3,EDR-1,2,0.39777798146276877,73.54082526418651,78.75079892387136,78.75079892387136,False,Synthetic feature-driven placeholder comment.,0.3234844364321996,-1.065060189455143,-1.1651773700507613,-0.0982478955990668
F021,group_01,id_like_to_know,I'd Like To Know,mix_6f8b655d7999,id_like_to_know_pxl_s2,PXL-S2,EDR-1,3,2.122851337608373,76.83786474366069,68.09904947323737,68.09904947323737,False,Synthetic feature-driven placeholder comment.,0.5329997864789321,-1.1874673519330532,-0.7637519766505488,0.5510366380169074
F021,group_01,id_like_to_know,I'd Like To Know,mix_b393d3919c78,id_like_to_know_pxl_s7,PXL-S7,EDR-1,4,-1.6974528208642186,69.94450024512226,71.33485907644594,71.33485907644594,False,Synthetic feature-driven placeholder comment.,-0.867056238017743,-0.6188407399054331,-0.3229009373128245,-1.0515106991885117
F021,group_01,id_like_to_know,I'd Like To Know,mix_82d60d7c7fc5,id_like_to_know_pxl_s5,PXL-S5,EDR-1,5,1.2228531117561643,78.75441388628569,89.93210978048899,89.93210978048899,False,Synthetic feature-driven placeholder comment.,-0.3583378408524605,-0.1527662554529231,0.7972705919658362,1.6270752922517937
F021,group_01,id_like_to_know,I'd Like To Know,mix_82d60d7c7fc5,id_like_to_know_pxl_s5,PXL-S5,EDR-2,1,1.2228531117561643,75.25441388628569,74.02060590691583,74.02060590691583,False,Synthetic feature-driven placeholder comment.,-0.3583378408524605,-0.1527662554529231,0.7972705919658362,1.6270752922517937
F021,group_01,id_like_to_know,I'd Like To Know,mix_6f8b655d7999,id_like_to_know_pxl_s2,PXL-S2,EDR-2,2,2.122851337608373,73.33786474366069,83.93303962919092,83.93303962919092,False,Synthetic feature-driven placeholder comment.,0.5329997864789321,-1.1874673519330532,-0.7637519766505488,0.5510366380169074
F021,group_01,id_like_to_know,I'd Like To Know,mix_9ffcd672af17,id_like_to_know_pxl_s1,PXL-S1,EDR-2,3,-1.3706083561622606,65.43861250159863,62.9966540240448,62.9966540240448,False,Synthetic feature-driven placeholder comment.,-0.5659114167269081,-0.579304038497624,-0.4851205015292653,1.357247686182373
F021,group_01,id_like_to_know,I'd Like To Know,mix_65f41f41d3ab,id_like_to_know_pxl_s3,PXL-S3,EDR-2,4,0.39777798146276877,70.04082526418651,66.99218013152259,66.99218013152259,False,Synthetic feature-driven placeholder comment.,0.3234844364321996,-1.065060189455143,-1.1651773700507613,-0.0982478955990668
F021,group_01,id_like_to_know,I'd Like To Know,mix_b393d3919c78,id_like_to_know_pxl_s7,PXL-S7,EDR-2,5,-1.6974528208642186,66.44450024512224,47.59763300715592,47.59763300715592,False,Synthetic feature-driven placeholder comment.,-0.867056238017743,-0.6188407399054331,-0.3229009373128245,-1.0515106991885117
F021,group_01,id_like_to_know,I'd Like To Know,mix_65f41f41d3ab,id_like_to_know_pxl_s3,PXL-S3,FM-1,1,0.39777798146276877,72.54082526418651,84.90986056647193,84.90986056647193,False,Synthetic feature-driven placeholder comment.,0.3234844364321996,-1.065060189455143,-1.1651773700507613,-0.0982478955990668
F021,group_01,id_like_to_know,I'd Like To Know,mix_6f8b655d7999,id_like_to_know_pxl_s2,PXL-S2,FM-1,2,2.122851337608373,75.83786474366069,73.81889838848896,73.81889838848896,False,Synthetic feature-driven placeholder comment.,0.5329997864789321,-1.1874673519330532,-0.7637519766505488,0.5510366380169074
F021,group_01,id_like_to_know,I'd Like To Know,mix_82d60d7c7fc5,id_like_to_know_pxl_s5,PXL-S5,FM-1,3,1.2228531117561643,77.75441388628569,65.82904933877667,65.82904933877667,False,Synthetic feature-driven placeholder comment.,-0.3583378408524605,-0.1527662554529231,0.7972705919658362,1.6270752922517937
F021,group_01,id_like_to_know,I'd Like To Know,mix_9ffcd672af17,id_like_to_know_pxl_s1,PXL-S1,FM-1,4,-1.3706083561622606,67.93861250159863,75.66883271272997,75.66883271272997,False,Synthetic feature-driven placeholder comment.,-0.5659114167269081,-0.579304038497624,-0.4851205015292653,1.357247686182373
F021,group_01,id_like_to_know,I'd Like To Know,mix_b393d3919c78,id_like_to_know_pxl_s7,PXL-S7,FM-1,5,-1.6974528208642186,68.94450024512226,65.23469084207832,65.23469084207832,False,Synthetic feature-driven placeholder comment.,-0.867056238017743,-0.6188407399054331,-0.3229009373128245,-1.0515106991885117
F022,group_02,in_the_meantime,In The Meantime,mix_c7bdcba64775,in_the_meantime_qut_b,QUT-B,EDR-1,1,-4.883741826428456,54.718061650208455,48.86177533630995,48.86177533630995,False,Synthetic feature-driven placeholder comment.,-0.6698107538710293,-0.1978340618743536,-1.5468197375217057,0.0908009789400507
F022,group_02,in_the_meantime,In The Meantime,mix_cdaef40f2b94,in_the_meantime_qut_pro,QUT-pro,EDR-1,2,5.513631733764184,65.6416196714315,72.28115565101719,72.28115565101719,False,Synthetic feature-driven placeholder comment.,-0.6756280657690176,-1.4346341192827423,1.8511013279434223,-0.7325346788768815
F022,group_02,in_the_meantime,In The Meantime,mix_56e65a3ce054,in_the_meantime_du_k,DU-K,EDR-1,3,-4.439003297698766,57.38060774355999,63.425859231121535,63.425859231121535,False,Synthetic feature-driven placeholder comment.,-1.1193186569455127,1.7918041562064675,0.9713104079970216,0.4372547184671072
F022,group_02,in_the_meantime,In The Meantime,mix_9baa86357fd4,in_the_meantime_du_i,DU-I,EDR-1,4,-7.7211527946122915,51.56335869980087,47.38913448869435,47.38913448869435,False,Synthetic feature-driven placeholder comment.,-1.8990066727669184,1.9187185345499165,0.5415536857115313,-0.721703057329889
F022,group_02,in_the_meantime,In The Meantime,mix_302f0efe8a80,in_the_meantime_du_h,DU-H,EDR-1,5,-0.779898277359731,63.81000979326483,64.00325981403334,64.00325981403334,False,Synthetic feature-driven placeholder comment.,0.6887214233465396,0.2719152524959843,-0.8693704120952901,0.8234428342152216
F022,group_02,in_the_meantime,In The Meantime,mix_56e65a3ce054,in_the_meantime_du_k,DU-K,EDR-2,1,-4.439003297698766,53.880607743559985,67.81803499927796,67.81803499927796,False,Synthetic feature-driven placeholder comment.,-1.1193186569455127,1.7918041562064675,0.9713104079970216,0.4372547184671072
F022,group_02,in_the_meantime,In The Meantime,mix_c7bdcba64775,in_the_meantime_qut_b,QUT-B,EDR-2,2,-4.883741826428456,51.21806165020846,52.61666152979292,52.61666152979292,False,Synthetic feature-driven placeholder comment.,-0.6698107538710293,-0.1978340618743536,-1.5468197375217057,0.0908009789400507
F022,group_02,in_the_meantime,In The Meantime,mix_9baa86357fd4,in_the_meantime_du_i,DU-I,EDR-2,3,-7.7211527946122915,48.06335869980087,43.965057128502984,43.965057128502984,False,Synthetic feature-driven placeholder comment.,-1.8990066727669184,1.9187185345499165,0.5415536857115313,-0.721703057329889
F022,group_02,in_the_meantime,In The Meantime,mix_cdaef40f2b94,in_the_meantime_qut_pro,QUT-pro,EDR-2,4,5.513631733764184,62.14161967143149,74.77978398943475,74.77978398943475,False,Synthetic feature-driven placeholder comment.,-0.6756280657690176,-1.4346341192827423,1.8511013279434223,-0.7325346788768815
F022,group_02,in_the_meantime,In The Meantime,mix_302f0efe8a80,in_the_meantime_du_h,DU-H,EDR-2,5,-0.779898277359731,60.31000979326483,54.485423440347816,54.485423440347816,False,Synthetic feature-driven placeholder comment.,0.6887214233465396,0.2719152524959843,-0.8693704120952901,0.8234428342152216
F022,group_02,in_the_meantime,In The Meantime,mix_302f0efe8a80,in_the_meantime_du_h,DU-H,FM-1,1,-0.779898277359731,62.81000979326483,51.93228262062994,51.93228262062994,False,Synthetic feature-driven placeholder comment.,0.6887214233465396,0.2719152524959843,-0.8693704120952901,0.8234428342152216
F022,group_02,in_the_meantime,In The Meantime,mix_cdaef40f2b94,in_the_meantime_qut_pro,QUT-pro,FM-1,2,5.513631733764184,64.6416196714315,56.75294068198278,56.75294068198278,False,Synthetic feature-driven placeholder comment.,-0.6756280657690176,-1.4346341192827423,1.8511013279434223,-0.7325346788768815
F022,group_02,in_the_meantime,In The Meantime,mix_56e65a3ce054,in_the_meantime_du_k,DU-K,FM-1,3,-4.439003297698766,56.38060774355999,51.37908226665548,51.37908226665548,False,Synthetic feature-driven placeholder comment.,-1.1193186569455127,1.7918041562064675,0.9713104079970216,0.4372547184671072
F022,group_02,in_the_meantime,In The Meantime,mix_9baa86357fd4,in_the_meantime_du_i,DU-I,FM-1,4,-7.7211527946122915,50.56335869980087,55.53425395432079,55.53425395432079,False,Synthetic feature-driven placeholder comment.,-1.8990066727669184,1.9187185345499165,0.5415536857115313,-0.721703057329889
F022,group_02,in_the_meantime,In The Meantime,mix_c7bdcba64775,in_the_meantime_qut_b,QUT-B,FM-1,5,-4.883741826428456,53.71806165020846,63.05392339042311,63.05392339042311,False,Synthetic feature-driven placeholder comment.,-0.6698107538710293,-0.1978340618743536,-1.5468197375217057,0.0908009789400507
F022,group_02,pouring_room,Pouring Room,mix_e08faaf8bbb3,pouring_room_mcg_v,McG-V,EDR-1,1,-2.460604585630299,57.945170721348056,53.95709961614787,53.95709961614787,False,Synthetic feature-driven placeholder comment.,0.2009523983216312,1.112208706920678,-0.2814967551013548,-0.938440679331238
F022,group_02,pouring_room,Pouring Room,mix_cbf8555ee2b2,pouring_room_mcg_x,McG-X,EDR-1,2,1.3892606412929467,57.12885727453211,63.879941864751956,63.879941864751956,False,Synthetic feature-driven placeholder comment.,0.4494273963527286,0.780552768870155,0.8086566197405122,-0.4801297779726206
F022,group_02,pouring_room,Pouring Room,mix_132e75f34470,pouring_room_mcg_pro1,McG-pro1,EDR-1,3,1.9624437219793534,66.30024661885287,65.46968238302507,65.46968238302507,False,Synthetic feature-driven placeholder comment.,1.177821012274786,0.1366958746221527,-0.3534041622732912,-0.9473754159948484
F022,group_02,pouring_room,Pouring Room,mix_be2ccd4c43ff,pouring_room_mcg_t,McG-T,EDR-1,4,1.860080740948886,64.92687664980129,71.24651457743127,71.24651457743127,False,Synthetic feature-driven placeholder comment.,-0.0814371595061495,1.1238301932737935,1.926895983278192,-0.8792578396079359
F022,group_02,pouring_room,Pouring Room,mix_0ba76f420c1d,pouring_room_mcg_r,McG-R,EDR-1,5,3.5333626255955455,66.9550651244791,59.888189556113204,59.888189556113204,False,Synthetic feature-driven placeholder comment.,0.2249858589620197,-0.521538265731174,0.8057256670690561,-1.2630720295337683
F022,group_02,pouring_room,Pouring Room,mix_cbf8555ee2b2,pouring_room_mcg_x,McG-X,EDR-2,1,1.3892606412929467,53.62885727453211,52.280862710859196,52.280862710859196,False,Synthetic feature-driven placeholder comment.,0.4494273963527286,0.780552768870155,0.8086566197405122,-0.4801297779726206
F022,group_02,pouring_room,Pouring Room,mix_132e75f34470,pouring_room_mcg_pro1,McG-pro1,EDR-2,2,1.9624437219793534,62.80024661885286,64.04356780103902,64.04356780103902,False,Synthetic feature-driven placeholder comment.,1.177821012274786,0.1366958746221527,-0.3534041622732912,-0.9473754159948484
F022,group_02,pouring_room,Pouring Room,mix_0ba76f420c1d,pouring_room_mcg_r,McG-R,EDR-2,3,3.5333626255955455,63.4550651244791,85.95735119948324,85.95735119948324,False,Synthetic feature-driven placeholder comment.,0.2249858589620197,-0.521538265731174,0.8057256670690561,-1.2630720295337683
F022,group_02,pouring_room,Pouring Room,mix_be2ccd4c43ff,pouring_room_mcg_t,McG-T,EDR-2,4,1.860080740948886,61.42687664980128,64.12873354514225,64.12873354514225,False,Synthetic feature-driven placeholder comment.,-0.0814371595061495,1.1238301932737935,1.926895983278192,-0.8792578396079359
F022,group_02,pouring_room,Pouring Room,mix_e08faaf8bbb3,pouring_room_mcg_v,McG-V,EDR-2,5,-2.460604585630299,54.44517072134805,67.19440000676876,67.19440000676876,False,Synthetic feature-driven placeholder comment.,0.2009523983216312,1.112208706920678,-0.2814967551013548,-0.938440679331238
F022,group_02,pouring_room,Pouring Room,mix_e08faaf8bbb3,pouring_room_mcg_v,McG-V,FM-1,1,-2.460604585630299,56.945170721348056,66.75021030204802,66.75021030204802,False,Synthetic feature-driven placeholder comment.,0.2009523983216312,1.112208706920678,-0.2814967551013548,-0.938440679331238
F022,group_02,pouring_room,Pouring Room,mix_0ba76f420c1d,pouring_room_mcg_r,McG-R,FM-1,2,3.5333626255955455,65.9550651244791,52.37684752449036,52.37684752449036,False,Synthetic feature-driven placeholder comment.,0.2249858589620197,-0.521538265731174,0.8057256670690561,-1.2630720295337683
F022,group_02,pouring_room,Pouring Room,mix_132e75f34470,pouring_room_mcg_pro1,McG-pro1,FM-1,3,1.9624437219793534,65.30024661885287,69.14616214845984,69.14616214845984,False,Synthetic feature-driven placeholder comment.,1.177821012274786,0.1366958746221527,-0.3534041622732912,-0.9473754159948484
F022,group_02,pouring_room,Pouring Room,mix_cbf8555ee2b2,pouring_room_mcg_x,McG-X,FM-1,4,1.3892606412929467,56.12885727453211,65.96714730617745,65.96714730617745,False,Synthetic feature-driven placeholder comment.,0.4494273963527286,0.780552768870155,0.8086566197405122,-0.4801297779726206
F022,group_02,pouring_room,Pouring Room,mix_be2ccd4c43ff,pouring_room_mcg_t,McG-T,FM-1,5,1.860080740948886,63.92687664980128,50.1752707363064,50.1752707363064,False,Synthetic feature-driven placeholder comment.,-0.0814371595061495,1.1238301932737935,1.926895983278192,-0.8792578396079359
F023,group_01,lead_me,Lead Me,mix_d5b28dfc8a93,lead_me_pxl_l1,PXL-L1,EDR-1,1,-2.181930306539545,63.35707277094162,94.51707471527628,94.51707471527628,False,Synthetic feature-driven placeholder comment.,-0.0024436394808062,-0.3677713699084406,-1.2816942263900757,-0.1924460334762285
F023,group_01,lead_me,Lead Me,mix_d3e3580b6e30,lead_me_mcg_pro2,McG-pro2,EDR-1,2,3.814031642297137,72.97943083880321,74.06349200187658,74.06349200187658,False,Synthetic feature-driven placeholder comment.,2.9805308263561203,0.8594252384169624,-0.9263284806752846,0.048773555233824
F023,group_01,lead_me,Lead Me,mix_c7d9a071ba25,lead_me_pxl_l4,PXL-L4,EDR-1,3,3.536878170598983,67.71142108544451,64.05953874385033,64.05953874385033,False,Synthetic feature-driven placeholder comment.,-0.0552007785055364,-0.8412121981784734,0.8321106863211235,2.390299590706203
F023,group_01,lead_me,Lead Me,mix_f1f7973e5bac,lead_me_du_d,DU-D,EDR-1,4,5.9315598802398135,71.82165342596565,72.44490460331154,72.44490460331154,False,Synthetic feature-driven placeholder comment.,0.7402857811167308,-1.548717422055362,0.3280479404435016,-1.017146833506479
F023,group_01,lead_me,Lead Me,mix_271852ba8676,lead_me_du_e,DU-E,EDR-1,5,-5.750339322248495,55.69728303673605,48.35528673479025,48.35528673479025,False,Synthetic feature-driven placeholder comment.,-1.0250576971995913,0.5199952869185839,-0.8666083508697964,0.9959336464039888
F023,group_01,lead_me,Lead Me,mix_f1f7973e5bac,lead_me_du_d,DU-D,EDR-2,1,5.9315598802398135,68.32165342596565,69.61776121377795,69.61776121377795,False,Synthetic feature-driven placeholder comment.,0.7402857811167308,-1.548717422055362,0.3280479404435016,-1.017146833506479
F023,group_01,lead_me,Lead Me,mix_d3e3580b6e30,lead_me_mcg_pro2,McG-pro2,EDR-2,2,3.814031642297137,69.47943083880321,71.83832201263544,71.83832201263544,False,Synthetic feature-driven placeholder comment.,2.9805308263561203,0.8594252384169624,-0.9263284806752846,0.048773555233824
F023,group_01,lead_me,Lead Me,mix_c7d9a071ba25,lead_me_pxl_l4,PXL-L4,EDR-2,3,3.536878170598983,64.21142108544451,61.98494557445409,61.98494557445409,False,Synthetic feature-driven placeholder comment.,-0.0552007785055364,-0.8412121981784734,0.8321106863211235,2.390299590706203
F023,group_01,lead_me,Lead Me,mix_d5b28dfc8a93,lead_me_pxl_l1,PXL-L1,EDR-2,4,-2.181930306539545,59.85707277094162,72.94599648623102,72.94599648623102,False,Synthetic feature-driven placeholder comment.,-0.0024436394808062,-0.3677713699084406,-1.2816942263900757,-0.1924460334762285
F023,group_01,lead_me,Lead Me,mix_271852ba8676,lead_me_du_e,DU-E,EDR-2,5,-5.750339322248495,52.19728303673605,67.91920646490644,67.91920646490644,False,Synthetic feature-driven placeholder comment.,-1.0250576971995913,0.5199952869185839,-0.8666083508697964,0.9959336464039888
F023,group_01,lead_me,Lead Me,mix_d5b28dfc8a93,lead_me_pxl_l1,PXL-L1,FM-1,1,-2.181930306539545,62.35707277094162,55.77016788657215,55.77016788657215,False,Synthetic feature-driven placeholder comment.,-0.0024436394808062,-0.3677713699084406,-1.2816942263900757,-0.1924460334762285
F023,group_01,lead_me,Lead Me,mix_f1f7973e5bac,lead_me_du_d,DU-D,FM-1,2,5.9315598802398135,70.82165342596565,66.49457021824263,66.49457021824263,False,Synthetic feature-driven placeholder comment.,0.7402857811167308,-1.548717422055362,0.3280479404435016,-1.017146833506479
F023,group_01,lead_me,Lead Me,mix_c7d9a071ba25,lead_me_pxl_l4,PXL-L4,FM-1,3,3.536878170598983,66.71142108544451,54.96574383883412,54.96574383883412,False,Synthetic feature-driven placeholder comment.,-0.0552007785055364,-0.8412121981784734,0.8321106863211235,2.390299590706203
F023,group_01,lead_me,Lead Me,mix_271852ba8676,lead_me_du_e,DU-E,FM-1,4,-5.750339322248495,54.69728303673605,58.59076488551861,58.59076488551861,False,Synthetic feature-driven placeholder comment.,-1.0250576971995913,0.5199952869185839,-0.8666083508697964,0.9959336464039888
F023,group_01,lead_me,Lead Me,mix_d3e3580b6e30,lead_me_mcg_pro2,McG-pro2,FM-1,5,3.814031642297137,71.97943083880321,68.05259019479519,68.05259019479519,False,Synthetic feature-driven placeholder comment.,2.9805308263561203,0.8594252384169624,-0.9263284806752846,0.048773555233824
F023,group_01,id_like_to_know,I'd Like To Know,mix_65f41f41d3ab,id_like_to_know_pxl_s3,PXL-S3,EDR-1,1,0.39777798146276877,63.7823790332892,59.08010108000651,59.08010108000651,False,Synthetic feature-driven placeholder comment.,0.3234844364321996,-1.065060189455143,-1.1651773700507613,-0.0982478955990668
F023,group_01,id_like_to_know,I'd Like To Know,mix_82d60d7c7fc5,id_like_to_know_pxl_s5,PXL-S5,EDR-1,2,1.2228531117561643,68.99596765538838,63.1657810534053,63.1657810534053,False,Synthetic feature-driven placeholder comment.,-0.3583378408524605,-0.1527662554529231,0.7972705919658362,1.6270752922517937
F023,group_01,id_like_to_know,I'd Like To Know,mix_b393d3919c78,id_like_to_know_pxl_s7,PXL-S7,EDR-1,3,-1.6974528208642186,60.18605401422496,62.611406728466434,62.611406728466434,False,Synthetic feature-driven placeholder comment.,-0.867056238017743,-0.6188407399054331,-0.3229009373128245,-1.0515106991885117
F023,group_01,id_like_to_know,I'd Like To Know,mix_6f8b655d7999,id_like_to_know_pxl_s2,PXL-S2,EDR-1,4,2.122851337608373,67.07941851276338,68.75833384130023,68.75833384130023,False,Synthetic feature-driven placeholder comment.,0.5329997864789321,-1.1874673519330532,-0.7637519766505488,0.5510366380169074
F023,group_01,id_like_to_know,I'd Like To Know,mix_9ffcd672af17,id_like_to_know_pxl_s1,PXL-S1,EDR-1,5,-1.3706083561622606,59.18016627070132,49.092185516894375,49.092185516894375,False,Synthetic feature-driven placeholder comment.,-0.5659114167269081,-0.579304038497624,-0.4851205015292653,1.357247686182373
F023,group_01,id_like_to_know,I'd Like To Know,mix_9ffcd672af17,id_like_to_know_pxl_s1,PXL-S1,EDR-2,1,-1.3706083561622606,55.68016627070133,57.512159960278034,57.512159960278034,False,Synthetic feature-driven placeholder comment.,-0.5659114167269081,-0.579304038497624,-0.4851205015292653,1.357247686182373
F023,group_01,id_like_to_know,I'd Like To Know,mix_b393d3919c78,id_like_to_know_pxl_s7,PXL-S7,EDR-2,2,-1.6974528208642186,56.68605401422495,44.687617905855745,44.687617905855745,False,Synthetic feature-driven placeholder comment.,-0.867056238017743,-0.6188407399054331,-0.3229009373128245,-1.0515106991885117
F023,group_01,id_like_to_know,I'd Like To Know,mix_65f41f41d3ab,id_like_to_know_pxl_s3,PXL-S3,EDR-2,3,0.39777798146276877,60.2823790332892,68.20717843955703,68.20717843955703,False,Synthetic feature-driven placeholder comment.,0.3234844364321996,-1.065060189455143,-1.1651773700507613,-0.0982478955990668
F023,group_01,id_like_to_know,I'd Like To Know,mix_6f8b655d7999,id_like_to_know_pxl_s2,PXL-S2,EDR-2,4,2.122851337608373,63.57941851276338,56.128634107923546,56.128634107923546,False,Synthetic feature-driven placeholder comment.,0.5329997864789321,-1.1874673519330532,-0.7637519766505488,0.5510366380169074
F023,group_01,id_like_to_know,I'd Like To Know,mix_82d60d7c7fc5,id_like_to_know_pxl_s5,PXL-S5,EDR-2,5,1.2228531117561643,65.49596765538838,82.15124400361636,82.15124400361636,False,Synthetic feature-driven placeholder comment.,-0.3583378408524605,-0.1527662554529231,0.7972705919658362,1.6270752922517937
F023,group_01,id_like_to_know,I'd Like To Know,mix_b393d3919c78,id_like_to_know_pxl_s7,PXL-S7,FM-1,1,-1.6974528208642186,59.18605401422496,71.56152395981911,71.56152395981911,False,Synthetic feature-driven placeholder comment.,-0.867056238017743,-0.6188407399054331,-0.3229009373128245,-1.0515106991885117
F023,group_01,id_like_to_know,I'd Like To Know,mix_6f8b655d7999,id_like_to_know_pxl_s2,PXL-S2,FM-1,2,2.122851337608373,66.07941851276338,71.27627284123696,71.27627284123696,False,Synthetic feature-driven placeholder comment.,0.5329997864789321,-1.1874673519330532,-0.7637519766505488,0.5510366380169074
F023,group_01,id_like_to_know,I'd Like To Know,mix_9ffcd672af17,id_like_to_know_pxl_s1,PXL-S1,FM-1,3,-1.3706083561622606,58.18016627070132,79.54564927544556,79.54564927544556,False,Synthetic feature-driven placeholder comment.,-0.5659114167269081,-0.579304038497624,-0.4851205015292653,1.357247686182373
F023,group_01,id_like_to_know,I'd Like To Know,mix_82d60d7c7fc5,id_like_to_know_pxl_s5,PXL-S5,FM-1,4,1.2228531117561643,67.99596765538838,60.27292607591041,60.27292607591041,False,Synthetic feature-driven placeholder comment.,-0.3583378408524605,-0.1527662554529231,0.7972705919658362,1.6270752922517937
F023,group_01,id_like_to_know,I'd Like To Know,mix_65f41f41d3ab,id_like_to_know_pxl_s3,PXL-S3,FM-1,5,0.39777798146276877,62.7823790332892,65.85338189138687,65.85338189138687,False,Synthetic feature-driven placeholder comment.,0.3234844364321996,-1.065060189455143,-1.1651773700507613,-0.0982478955990668
F024,group_02,in_the_meantime,In The Meantime,mix_9baa86357fd4,in_the_meantime_du_i,DU-I,EDR-1,1,-7.7211527946122915,63.67512382716892,55.91899053322423,55.91899053322423,False,Synthetic feature-driven placeholder comment.,-1.8990066727669184,1.9187185345499165,0.5415536857115313,-0.721703057329889
F024,group_02,in_the_meantime,In The Meantime,mix_cdaef40f2b94,in_the_meantime_qut_pro,QUT-pro,EDR-1,2,5.513631733764184,77.75338479879954,66.49337229653187,66.49337229653187,False,Synthetic feature-driven placeholder comment.,-0.6756280657690176,-1.4346341192827423,1.8511013279434223,-0.7325346788768815
F024,group_02,in_the_meantime,In The Meantime,mix_302f0efe8a80,in_the_meantime_du_h,DU-H,EDR-1,3,-0.779898277359731,75.92177492063288,86.29861618960638,86.29861618960638,False,Synthetic feature-driven placeholder comment.,0.6887214233465396,0.2719152524959843,-0.8693704120952901,0.8234428342152216
F024,group_02,in_the_meantime,In The Meantime,mix_56e65a3ce054,in_the_meantime_du_k,DU-K,EDR-1,4,-4.439003297698766,69.49237287092804,67.63081292729801,67.63081292729801,False,Synthetic feature-driven placeholder comment.,-1.1193186569455127,1.7918041562064675,0.9713104079970216,0.4372547184671072
F024,group_02,in_the_meantime,In The Meantime,mix_c7bdcba64775,in_the_meantime_qut_b,QUT-B,EDR-1,5,-4.883741826428456,66.8298267775765,58.5241568077312,58.5241568077312,False,Synthetic feature-driven placeholder comment.,-0.6698107538710293,-0.1978340618743536,-1.5468197375217057,0.0908009789400507
F024,group_02,in_the_meantime,In The Meantime,mix_56e65a3ce054,in_the_meantime_du_k,DU-K,EDR-2,1,-4.439003297698766,65.99237287092802,61.544442974271206,61.544442974271206,False,Synthetic feature-driven placeholder comment.,-1.1193186569455127,1.7918041562064675,0.9713104079970216,0.4372547184671072
F024,group_02,in_the_meantime,In The Meantime,mix_9baa86357fd4,in_the_meantime_du_i,DU-I,EDR-2,2,-7.7211527946122915,60.17512382716892,88.44690377213468,88.44690377213468,False,Synthetic feature-driven placeholder comment.,-1.8990066727669184,1.9187185345499165,0.5415536857115313,-0.721703057329889
F024,group_02,in_the_meantime,In The Meantime,mix_cdaef40f2b94,in_the_meantime_qut_pro,QUT-pro,EDR-2,3,5.513631733764184,74.25338479879954,74.79931878190102,74.79931878190102,False,Synthetic feature-driven placeholder comment.,-0.6756280657690176,-1.4346341192827423,1.8511013279434223,-0.7325346788768815
F024,group_02,in_the_meantime,In The Meantime,mix_c7bdcba64775,in_the_meantime_qut_b,QUT-B,EDR-2,4,-4.883741826428456,63.3298267775765,57.28425956231094,57.28425956231094,False,Synthetic feature-driven placeholder comment.,-0.6698107538710293,-0.1978340618743536,-1.5468197375217057,0.0908009789400507
F024,group_02,in_the_meantime,In The Meantime,mix_302f0efe8a80,in_the_meantime_du_h,DU-H,EDR-2,5,-0.779898277359731,72.42177492063288,70.68119841597998,70.68119841597998,False,Synthetic feature-driven placeholder comment.,0.6887214233465396,0.2719152524959843,-0.8693704120952901,0.8234428342152216
F024,group_02,in_the_meantime,In The Meantime,mix_9baa86357fd4,in_the_meantime_du_i,DU-I,FM-1,1,-7.7211527946122915,62.67512382716892,61.928584997216255,61.928584997216255,False,Synthetic feature-driven placeholder comment.,-1.8990066727669184,1.9187185345499165,0.5415536857115313,-0.721703057329889
F024,group_02,in_the_meantime,In The Meantime,mix_302f0efe8a80,in_the_meantime_du_h,DU-H,FM-1,2,-0.779898277359731,74.92177492063288,73.47057947406395,73.47057947406395,False,Synthetic feature-driven placeholder comment.,0.6887214233465396,0.2719152524959843,-0.8693704120952901,0.8234428342152216
F024,group_02,in_the_meantime,In The Meantime,mix_cdaef40f2b94,in_the_meantime_qut_pro,QUT-pro,FM-1,3,5.513631733764184,76.75338479879954,76.36861546209929,76.36861546209929,False,Synthetic feature-driven placeholder comment.,-0.6756280657690176,-1.4346341192827423,1.8511013279434223,-0.7325346788768815
F024,group_02,in_the_meantime,In The Meantime,mix_c7bdcba64775,in_the_meantime_qut_b,QUT-B,FM-1,4,-4.883741826428456,65.8298267775765,61.33593192398287,61.33593192398287,False,Synthetic feature-driven placeholder comment.,-0.6698107538710293,-0.1978340618743536,-1.5468197375217057,0.0908009789400507
F024,group_02,in_the_meantime,In The Meantime,mix_56e65a3ce054,in_the_meantime_du_k,DU-K,FM-1,5,-4.439003297698766,68.49237287092804,66.38410689234162,66.38410689234162,False,Synthetic feature-driven placeholder comment.,-1.1193186569455127,1.7918041562064675,0.9713104079970216,0.4372547184671072
F024,group_02,pouring_room,Pouring Room,mix_be2ccd4c43ff,pouring_room_mcg_t,McG-T,EDR-1,1,1.860080740948886,77.03864177716933,89.69134381161237,89.69134381161237,False,Synthetic feature-driven placeholder comment.,-0.0814371595061495,1.1238301932737935,1.926895983278192,-0.8792578396079359
F024,group_02,pouring_room,Pouring Room,mix_e08faaf8bbb3,pouring_room_mcg_v,McG-V,EDR-1,2,-2.460604585630299,70.0569358487161,68.27081904969309,68.27081904969309,False,Synthetic feature-driven placeholder comment.,0.2009523983216312,1.112208706920678,-0.2814967551013548,-0.938440679331238
F024,group_02,pouring_room,Pouring Room,mix_0ba76f420c1d,pouring_room_mcg_r,McG-R,EDR-1,3,3.5333626255955455,79.06683025184715,78.49660403084367,78.49660403084367,False,Synthetic feature-driven placeholder comment.,0.2249858589620197,-0.521538265731174,0.8057256670690561,-1.2630720295337683
F024,group_02,pouring_room,Pouring Room,mix_132e75f34470,pouring_room_mcg_pro1,McG-pro1,EDR-1,4,1.9624437219793534,78.41201174622091,52.48023099724957,52.48023099724957,False,Synthetic feature-driven placeholder comment.,1.177821012274786,0.1366958746221527,-0.3534041622732912,-0.9473754159948484
F024,group_02,pouring_room,Pouring Room,mix_cbf8555ee2b2,pouring_room_mcg_x,McG-X,EDR-1,5,1.3892606412929467,69.24062240190015,75.69347246929674,75.69347246929674,False,Synthetic feature-driven placeholder comment.,0.4494273963527286,0.780552768870155,0.8086566197405122,-0.4801297779726206
F024,group_02,pouring_room,Pouring Room,mix_0ba76f420c1d,pouring_room_mcg_r,McG-R,EDR-2,1,3.5333626255955455,75.56683025184715,69.56146938036352,69.56146938036352,False,Synthetic feature-driven placeholder comment.,0.2249858589620197,-0.521538265731174,0.8057256670690561,-1.2630720295337683
F024,group_02,pouring_room,Pouring Room,mix_e08faaf8bbb3,pouring_room_mcg_v,McG-V,EDR-2,2,-2.460604585630299,66.55693584871608,70.97557741837697,70.97557741837697,False,Synthetic feature-driven placeholder comment.,0.2009523983216312,1.112208706920678,-0.2814967551013548,-0.938440679331238
F024,group_02,pouring_room,Pouring Room,mix_cbf8555ee2b2,pouring_room_mcg_x,McG-X,EDR-2,3,1.3892606412929467,65.74062240190015,56.083749109193576,56.083749109193576,False,Synthetic feature-driven placeholder comment.,0.4494273963527286,0.780552768870155,0.8086566197405122,-0.4801297779726206
F024,group_02,pouring_room,Pouring Room,mix_132e75f34470,pouring_room_mcg_pro1,McG-pro1,EDR-2,4,1.9624437219793534,74.91201174622091,77.90704252314711,77.90704252314711,False,Synthetic feature-driven placeholder comment.,1.177821012274786,0.1366958746221527,-0.3534041622732912,-0.9473754159948484
F024,group_02,pouring_room,Pouring Room,mix_be2ccd4c43ff,pouring_room_mcg_t,McG-T,EDR-2,5,1.860080740948886,73.53864177716933,76.88867502276145,76.88867502276145,False,Synthetic feature-driven placeholder comment.,-0.0814371595061495,1.1238301932737935,1.926895983278192,-0.8792578396079359
F024,group_02,pouring_room,Pouring Room,mix_132e75f34470,pouring_room_mcg_pro1,McG-pro1,FM-1,1,1.9624437219793534,77.41201174622091,57.38793564372358,57.38793564372358,False,Synthetic feature-driven placeholder comment.,1.177821012274786,0.1366958746221527,-0.3534041622732912,-0.9473754159948484
F024,group_02,pouring_room,Pouring Room,mix_e08faaf8bbb3,pouring_room_mcg_v,McG-V,FM-1,2,-2.460604585630299,69.0569358487161,78.9669935393821,78.9669935393821,False,Synthetic feature-driven placeholder comment.,0.2009523983216312,1.112208706920678,-0.2814967551013548,-0.938440679331238
F024,group_02,pouring_room,Pouring Room,mix_cbf8555ee2b2,pouring_room_mcg_x,McG-X,FM-1,3,1.3892606412929467,68.24062240190015,80.20017327588201,80.20017327588201,False,Synthetic feature-driven placeholder comment.,0.4494273963527286,0.780552768870155,0.8086566197405122,-0.4801297779726206
F024,group_02,pouring_room,Pouring Room,mix_0ba76f420c1d,pouring_room_mcg_r,McG-R,FM-1,4,3.5333626255955455,78.06683025184715,76.8480473698188,76.8480473698188,False,Synthetic feature-driven placeholder comment.,0.2249858589620197,-0.521538265731174,0.8057256670690561,-1.2630720295337683
F024,group_02,pouring_room,Pouring Room,mix_be2ccd4c43ff,pouring_room_mcg_t,McG-T,FM-1,5,1.860080740948886,76.03864177716933,66.26669389455644,66.26669389455644,False,Synthetic feature-driven placeholder comment.,-0.0814371595061495,1.1238301932737935,1.926895983278192,-0.8792578396079359
F025,group_01,lead_me,Lead Me,mix_d3e3580b6e30,lead_me_mcg_pro2,McG-pro2,EDR-1,1,3.814031642297137,63.380172871752805,62.12965772993768,62.12965772993768,False,Synthetic feature-driven placeholder comment.,2.9805308263561203,0.8594252384169624,-0.9263284806752846,0.048773555233824
F025,group_01,lead_me,Lead Me,mix_271852ba8676,lead_me_du_e,DU-E,EDR-1,2,-5.750339322248495,46.09802506968565,54.590751937026454,54.590751937026454,False,Synthetic feature-driven placeholder comment.,-1.0250576971995913,0.5199952869185839,-0.8666083508697964,0.9959336464039888
F025,group_01,lead_me,Lead Me,mix_f1f7973e5bac,lead_me_du_d,DU-D,EDR-1,3,5.9315598802398135,62.22239545891524,61.815241621796574,61.815241621796574,False,Synthetic feature-driven placeholder comment.,0.7402857811167308,-1.548717422055362,0.3280479404435016,-1.017146833506479
F025,group_01,lead_me,Lead Me,mix_c7d9a071ba25,lead_me_pxl_l4,PXL-L4,EDR-1,4,3.536878170598983,58.11216311839411,57.057218677664544,57.057218677664544,False,Synthetic feature-driven placeholder comment.,-0.0552007785055364,-0.8412121981784734,0.8321106863211235,2.390299590706203
F025,group_01,lead_me,Lead Me,mix_d5b28dfc8a93,lead_me_pxl_l1,PXL-L1,EDR-1,5,-2.181930306539545,53.757814803891215,62.916960317468465,62.916960317468465,False,Synthetic feature-driven placeholder comment.,-0.0024436394808062,-0.3677713699084406,-1.2816942263900757,-0.1924460334762285
F025,group_01,lead_me,Lead Me,mix_c7d9a071ba25,lead_me_pxl_l4,PXL-L4,EDR-2,1,3.536878170598983,54.61216311839411,60.699340915195094,60.699340915195094,False,Synthetic feature-driven placeholder comment.,-0.0552007785055364,-0.8412121981784734,0.8321106863211235,2.390299590706203
F025,group_01,lead_me,Lead Me,mix_f1f7973e5bac,lead_me_du_d,DU-D,EDR-2,2,5.9315598802398135,58.72239545891524,59.767813113537635,59.767813113537635,False,Synthetic feature-driven placeholder comment.,0.7402857811167308,-1.548717422055362,0.3280479404435016,-1.017146833506479
F025,group_01,lead_me,Lead Me,mix_d3e3580b6e30,lead_me_mcg_pro2,McG-pro2,EDR-2,3,3.814031642297137,59.880172871752805,53.89487818026194,53.89487818026194,False,Synthetic feature-driven placeholder comment.,2.9805308263561203,0.8594252384169624,-0.9263284806752846,0.048773555233824
F025,group_01,lead_me,Lead Me,mix_d5b28dfc8a93,lead_me_pxl_l1,PXL-L1,EDR-2,4,-2.181930306539545,50.257814803891215,43.658352540954745,43.658352540954745,False,Synthetic feature-driven placeholder comment.,-0.0024436394808062,-0.3677713699084406,-1.2816942263900757,-0.1924460334762285
F025,group_01,lead_me,Lead Me,mix_271852ba8676,lead_me_du_e,DU-E,EDR-2,5,-5.750339322248495,42.59802506968565,36.74280782850873,36.74280782850873,False,Synthetic feature-driven placeholder comment.,-1.0250576971995913,0.5199952869185839,-0.8666083508697964,0.9959336464039888
F025,group_01,lead_me,Lead Me,mix_f1f7973e5bac,lead_me_du_d,DU-D,FM-1,1,5.9315598802398135,61.22239545891524,58.11385662995794,58.11385662995794,False,Synthetic feature-driven placeholder comment.,0.7402857811167308,-1.548717422055362,0.3280479404435016,-1.017146833506479
F025,group_01,lead_me,Lead Me,mix_c7d9a071ba25,lead_me_pxl_l4,PXL-L4,FM-1,2,3.536878170598983,57.11216311839411,68.02775581955186,68.02775581955186,False,Synthetic feature-driven placeholder comment.,-0.0552007785055364,-0.8412121981784734,0.8321106863211235,2.390299590706203
F025,group_01,lead_me,Lead Me,mix_d5b28dfc8a93,lead_me_pxl_l1,PXL-L1,FM-1,3,-2.181930306539545,52.757814803891215,49.9804619048695,49.9804619048695,False,Synthetic feature-driven placeholder comment.,-0.0024436394808062,-0.3677713699084406,-1.2816942263900757,-0.1924460334762285
F025,group_01,lead_me,Lead Me,mix_271852ba8676,lead_me_du_e,DU-E,FM-1,4,-5.750339322248495,45.09802506968565,43.146105847435855,43.146105847435855,False,Synthetic feature-driven placeholder comment.,-1.0250576971995913,0.5199952869185839,-0.8666083508697964,0.9959336464039888
F025,group_01,lead_me,Lead Me,mix_d3e3580b6e30,lead_me_mcg_pro2,McG-pro2,FM-1,5,3.814031642297137,62.380172871752805,44.19074037984345,44.19074037984345,False,Synthetic feature-driven placeholder comment.,2.9805308263561203,0.8594252384169624,-0.9263284806752846,0.048773555233824
F025,group_01,id_like_to_know,I'd Like To Know,mix_82d60d7c7fc5,id_like_to_know_pxl_s5,PXL-S5,EDR-1,1,1.2228531117561643,59.39670968833798,69.0984880350374,69.0984880350374,False,Synthetic feature-driven placeholder comment.,-0.3583378408524605,-0.1527662554529231,0.7972705919658362,1.6270752922517937
F025,group_01,id_like_to_know,I'd Like To Know,mix_6f8b655d7999,id_like_to_know_pxl_s2,PXL-S2,EDR-1,2,2.122851337608373,57.48016054571298,54.4541746246988,54.4541746246988,False,Synthetic feature-driven placeholder comment.,0.5329997864789321,-1.1874673519330532,-0.7637519766505488,0.5510366380169074
F025,group_01,id_like_to_know,I'd Like To Know,mix_b393d3919c78,id_like_to_know_pxl_s7,PXL-S7,EDR-1,3,-1.6974528208642186,50.58679604717455,56.68681818030467,56.68681818030467,False,Synthetic feature-driven placeholder comment.,-0.867056238017743,-0.6188407399054331,-0.3229009373128245,-1.0515106991885117
F025,group_01,id_like_to_know,I'd Like To Know,mix_65f41f41d3ab,id_like_to_know_pxl_s3,PXL-S3,EDR-1,4,0.39777798146276877,54.1831210662388,59.05820573983725,59.05820573983725,False,Synthetic feature-driven placeholder comment.,0.3234844364321996,-1.065060189455143,-1.1651773700507613,-0.0982478955990668
F025,group_01,id_like_to_know,I'd Like To Know,mix_9ffcd672af17,id_like_to_know_pxl_s1,PXL-S1,EDR-1,5,-1.3706083561622606,49.580908303650915,44.05382562454246,44.05382562454246,False,Synthetic feature-driven placeholder comment.,-0.5659114167269081,-0.579304038497624,-0.4851205015292653,1.357247686182373
F025,group_01,id_like_to_know,I'd Like To Know,mix_82d60d7c7fc5,id_like_to_know_pxl_s5,PXL-S5,EDR-2,1,1.2228531117561643,55.89670968833798,42.85436658841068,42.85436658841068,False,Synthetic feature-driven placeholder comment.,-0.3583378408524605,-0.1527662554529231,0.7972705919658362,1.6270752922517937
F025,group_01,id_like_to_know,I'd Like To Know,mix_65f41f41d3ab,id_like_to_know_pxl_s3,PXL-S3,EDR-2,2,0.39777798146276877,50.6831210662388,44.78848921295341,44.78848921295341,False,Synthetic feature-driven placeholder comment.,0.3234844364321996,-1.065060189455143,-1.1651773700507613,-0.0982478955990668
F025,group_01,id_like_to_know,I'd Like To Know,mix_9ffcd672af17,id_like_to_know_pxl_s1,PXL-S1,EDR-2,3,-1.3706083561622606,46.08090830365092,60.00854680724812,60.00854680724812,False,Synthetic feature-driven placeholder comment.,-0.5659114167269081,-0.579304038497624,-0.4851205015292653,1.357247686182373
F025,group_01,id_like_to_know,I'd Like To Know,mix_b393d3919c78,id_like_to_know_pxl_s7,PXL-S7,EDR-2,4,-1.6974528208642186,47.086796047174545,39.02329266014445,39.02329266014445,False,Synthetic feature-driven placeholder comment.,-0.867056238017743,-0.6188407399054331,-0.3229009373128245,-1.0515106991885117
F025,group_01,id_like_to_know,I'd Like To Know,mix_6f8b655d7999,id_like_to_know_pxl_s2,PXL-S2,EDR-2,5,2.122851337608373,53.98016054571298,58.26582332987966,58.26582332987966,False,Synthetic feature-driven placeholder comment.,0.5329997864789321,-1.1874673519330532,-0.7637519766505488,0.5510366380169074
F025,group_01,id_like_to_know,I'd Like To Know,mix_b393d3919c78,id_like_to_know_pxl_s7,PXL-S7,FM-1,1,-1.6974528208642186,49.58679604717455,50.158895343825705,50.158895343825705,False,Synthetic feature-driven placeholder comment.,-0.867056238017743,-0.6188407399054331,-0.3229009373128245,-1.0515106991885117
F025,group_01,id_like_to_know,I'd Like To Know,mix_65f41f41d3ab,id_like_to_know_pxl_s3,PXL-S3,FM-1,2,0.39777798146276877,53.1831210662388,46.40853336690037,46.40853336690037,False,Synthetic feature-driven placeholder comment.,0.3234844364321996,-1.065060189455143,-1.1651773700507613,-0.0982478955990668
F025,group_01,id_like_to_know,I'd Like To Know,mix_6f8b655d7999,id_like_to_know_pxl_s2,PXL-S2,FM-1,3,2.122851337608373,56.48016054571298,70.26738150436837,70.26738150436837,False,Synthetic feature-driven placeholder comment.,0.5329997864789321,-1.1874673519330532,-0.7637519766505488,0.5510366380169074
F025,group_01,id_like_to_know,I'd Like To Know,mix_9ffcd672af17,id_like_to_know_pxl_s1,PXL-S1,FM-1,4,-1.3706083561622606,48.580908303650915,47.8132599146236,47.8132599146236,False,Synthetic feature-driven placeholder comment.,-0.5659114167269081,-0.579304038497624,-0.4851205015292653,1.357247686182373
F025,group_01,id_like_to_know,I'd Like To Know,mix_82d60d7c7fc5,id_like_to_know_pxl_s5,PXL-S5,FM-1,5,1.2228531117561643,58.39670968833798,65.65591468000106,65.65591468000106,False,Synthetic feature-driven placeholder comment.,-0.3583378408524605,-0.1527662554529231,0.7972705919658362,1.6270752922517937
F026,group_02,in_the_meantime,In The Meantime,mix_c7bdcba64775,in_the_meantime_qut_b,QUT-B,EDR-1,1,-4.883741826428456,68.20195224180877,55.00037890738644,55.00037890738644,False,Synthetic feature-driven placeholder comment.,-0.6698107538710293,-0.1978340618743536,-1.5468197375217057,0.0908009789400507
F026,group_02,in_the_meantime,In The Meantime,mix_56e65a3ce054,in_the_meantime_du_k,DU-K,EDR-1,2,-4.439003297698766,70.8644983351603,70.40618679643016,70.40618679643016,False,Synthetic feature-driven placeholder comment.,-1.1193186569455127,1.7918041562064675,0.9713104079970216,0.4372547184671072
F026,group_02,in_the_meantime,In The Meantime,mix_cdaef40f2b94,in_the_meantime_qut_pro,QUT-pro,EDR-1,3,5.513631733764184,79.12551026303181,87.7324247400983,87.7324247400983,False,Synthetic feature-driven placeholder comment.,-0.6756280657690176,-1.4346341192827423,1.8511013279434223,-0.7325346788768815
F026,group_02,in_the_meantime,In The Meantime,mix_9baa86357fd4,in_the_meantime_du_i,DU-I,EDR-1,4,-7.7211527946122915,65.04724929140119,64.46313339650793,64.46313339650793,False,Synthetic feature-driven placeholder comment.,-1.8990066727669184,1.9187185345499165,0.5415536857115313,-0.721703057329889
F026,group_02,in_the_meantime,In The Meantime,mix_302f0efe8a80,in_the_meantime_du_h,DU-H,EDR-1,5,-0.779898277359731,77.29390038486515,88.20466377994825,88.20466377994825,False,Synthetic feature-driven placeholder comment.,0.6887214233465396,0.2719152524959843,-0.8693704120952901,0.8234428342152216
F026,group_02,in_the_meantime,In The Meantime,mix_cdaef40f2b94,in_the_meantime_qut_pro,QUT-pro,EDR-2,1,5.513631733764184,75.62551026303181,81.64172805520083,81.64172805520083,False,Synthetic feature-driven placeholder comment.,-0.6756280657690176,-1.4346341192827423,1.8511013279434223,-0.7325346788768815
F026,group_02,in_the_meantime,In The Meantime,mix_9baa86357fd4,in_the_meantime_du_i,DU-I,EDR-2,2,-7.7211527946122915,61.54724929140119,63.8820881389476,63.8820881389476,False,Synthetic feature-driven placeholder comment.,-1.8990066727669184,1.9187185345499165,0.5415536857115313,-0.721703057329889
F026,group_02,in_the_meantime,In The Meantime,mix_302f0efe8a80,in_the_meantime_du_h,DU-H,EDR-2,3,-0.779898277359731,73.79390038486515,78.37449714007693,78.37449714007693,False,Synthetic feature-driven placeholder comment.,0.6887214233465396,0.2719152524959843,-0.8693704120952901,0.8234428342152216
F026,group_02,in_the_meantime,In The Meantime,mix_c7bdcba64775,in_the_meantime_qut_b,QUT-B,EDR-2,4,-4.883741826428456,64.70195224180878,57.709231158100195,57.709231158100195,False,Synthetic feature-driven placeholder comment.,-0.6698107538710293,-0.1978340618743536,-1.5468197375217057,0.0908009789400507
F026,group_02,in_the_meantime,In The Meantime,mix_56e65a3ce054,in_the_meantime_du_k,DU-K,EDR-2,5,-4.439003297698766,67.3644983351603,53.48014528529321,53.48014528529321,False,Synthetic feature-driven placeholder comment.,-1.1193186569455127,1.7918041562064675,0.9713104079970216,0.4372547184671072
F026,group_02,in_the_meantime,In The Meantime,mix_302f0efe8a80,in_the_meantime_du_h,DU-H,FM-1,1,-0.779898277359731,76.29390038486515,78.96391104625691,78.96391104625691,False,Synthetic feature-driven placeholder comment.,0.6887214233465396,0.2719152524959843,-0.8693704120952901,0.8234428342152216
F026,group_02,in_the_meantime,In The Meantime,mix_cdaef40f2b94,in_the_meantime_qut_pro,QUT-pro,FM-1,2,5.513631733764184,78.12551026303181,69.16861844784438,69.16861844784438,False,Synthetic feature-driven placeholder comment.,-0.6756280657690176,-1.4346341192827423,1.8511013279434223,-0.7325346788768815
F026,group_02,in_the_meantime,In The Meantime,mix_9baa86357fd4,in_the_meantime_du_i,DU-I,FM-1,3,-7.7211527946122915,64.04724929140119,76.43632261249641,76.43632261249641,False,Synthetic feature-driven placeholder comment.,-1.8990066727669184,1.9187185345499165,0.5415536857115313,-0.721703057329889
F026,group_02,in_the_meantime,In The Meantime,mix_56e65a3ce054,in_the_meantime_du_k,DU-K,FM-1,4,-4.439003297698766,69.8644983351603,59.006920649646084,59.006920649646084,False,Synthetic feature-driven placeholder comment.,-1.1193186569455127,1.7918041562064675,0.9713104079970216,0.4372547184671072
F026,group_02,in_the_meantime,In The Meantime,mix_c7bdcba64775,in_the_meantime_qut_b,QUT-B,FM-1,5,-4.883741826428456,67.20195224180878,51.43165404173074,51.43165404173074,False,Synthetic feature-driven placeholder comment.,-0.6698107538710293,-0.1978340618743536,-1.5468197375217057,0.0908009789400507
F026,group_02,pouring_room,Pouring Room,mix_be2ccd4c43ff,pouring_room_mcg_t,McG-T,EDR-1,1,1.860080740948886,78.4107672414016,60.18103938873453,60.18103938873453,False,Synthetic feature-driven placeholder comment.,-0.0814371595061495,1.1238301932737935,1.926895983278192,-0.8792578396079359
F026,group_02,pouring_room,Pouring Room,mix_e08faaf8bbb3,pouring_room_mcg_v,McG-V,EDR-1,2,-2.460604585630299,71.42906131294836,84.23897139852453,84.23897139852453,False,Synthetic feature-driven placeholder comment.,0.2009523983216312,1.112208706920678,-0.2814967551013548,-0.938440679331238
F026,group_02,pouring_room,Pouring Room,mix_132e75f34470,pouring_room_mcg_pro1,McG-pro1,EDR-1,3,1.9624437219793534,79.78413721045318,80.32123395236052,80.32123395236052,False,Synthetic feature-driven placeholder comment.,1.177821012274786,0.1366958746221527,-0.3534041622732912,-0.9473754159948484
F026,group_02,pouring_room,Pouring Room,mix_0ba76f420c1d,pouring_room_mcg_r,McG-R,EDR-1,4,3.5333626255955455,80.43895571607942,85.56266317733159,85.56266317733159,False,Synthetic feature-driven placeholder comment.,0.2249858589620197,-0.521538265731174,0.8057256670690561,-1.2630720295337683
F026,group_02,pouring_room,Pouring Room,mix_cbf8555ee2b2,pouring_room_mcg_x,McG-X,EDR-1,5,1.3892606412929467,70.61274786613242,59.45182604040646,59.45182604040646,False,Synthetic feature-driven placeholder comment.,0.4494273963527286,0.780552768870155,0.8086566197405122,-0.4801297779726206
F026,group_02,pouring_room,Pouring Room,mix_0ba76f420c1d,pouring_room_mcg_r,McG-R,EDR-2,1,3.5333626255955455,76.93895571607942,63.35505050747346,63.35505050747346,False,Synthetic feature-driven placeholder comment.,0.2249858589620197,-0.521538265731174,0.8057256670690561,-1.2630720295337683
F026,group_02,pouring_room,Pouring Room,mix_cbf8555ee2b2,pouring_room_mcg_x,McG-X,EDR-2,2,1.3892606412929467,67.11274786613242,66.75247621848146,66.75247621848146,False,Synthetic feature-driven placeholder comment.,0.4494273963527286,0.780552768870155,0.8086566197405122,-0.4801297779726206
F026,group_02,pouring_room,Pouring Room,mix_be2ccd4c43ff,pouring_room_mcg_t,McG-T,EDR-2,3,1.860080740948886,74.9107672414016,70.82740620321506,70.82740620321506,False,Synthetic feature-driven placeholder comment.,-0.0814371595061495,1.1238301932737935,1.926895983278192,-0.8792578396079359
F026,group_02,pouring_room,Pouring Room,mix_e08faaf8bbb3,pouring_room_mcg_v,McG-V,EDR-2,4,-2.460604585630299,67.92906131294836,77.35456781982184,77.35456781982184,False,Synthetic feature-driven placeholder comment.,0.2009523983216312,1.112208706920678,-0.2814967551013548,-0.938440679331238
F026,group_02,pouring_room,Pouring Room,mix_132e75f34470,pouring_room_mcg_pro1,McG-pro1,EDR-2,5,1.9624437219793534,76.28413721045318,65.8983120978359,65.8983120978359,False,Synthetic feature-driven placeholder comment.,1.177821012274786,0.1366958746221527,-0.3534041622732912,-0.9473754159948484
F026,group_02,pouring_room,Pouring Room,mix_cbf8555ee2b2,pouring_room_mcg_x,McG-X,FM-1,1,1.3892606412929467,69.61274786613242,65.7983261442154,65.7983261442154,False,Synthetic feature-driven placeholder comment.,0.4494273963527286,0.780552768870155,0.8086566197405122,-0.4801297779726206
F026,group_02,pouring_room,Pouring Room,mix_be2ccd4c43ff,pouring_room_mcg_t,McG-T,FM-1,2,1.860080740948886,77.4107672414016,74.51897332732644,74.51897332732644,False,Synthetic feature-driven placeholder comment.,-0.0814371595061495,1.1238301932737935,1.926895983278192,-0.8792578396079359
F026,group_02,pouring_room,Pouring Room,mix_132e75f34470,pouring_room_mcg_pro1,McG-pro1,FM-1,3,1.9624437219793534,78.78413721045318,78.11007957934899,78.11007957934899,False,Synthetic feature-driven placeholder comment.,1.177821012274786,0.1366958746221527,-0.3534041622732912,-0.9473754159948484
F026,group_02,pouring_room,Pouring Room,mix_e08faaf8bbb3,pouring_room_mcg_v,McG-V,FM-1,4,-2.460604585630299,70.42906131294836,70.50306316416068,70.50306316416068,False,Synthetic feature-driven placeholder comment.,0.2009523983216312,1.112208706920678,-0.2814967551013548,-0.938440679331238
F026,group_02,pouring_room,Pouring Room,mix_0ba76f420c1d,pouring_room_mcg_r,McG-R,FM-1,5,3.5333626255955455,79.43895571607942,86.02986748497459,86.02986748497459,False,Synthetic feature-driven placeholder comment.,0.2249858589620197,-0.521538265731174,0.8057256670690561,-1.2630720295337683
F027,group_01,lead_me,Lead Me,mix_271852ba8676,lead_me_du_e,DU-E,EDR-1,1,-5.750339322248495,52.96385477967974,50.04707704192949,50.04707704192949,False,Synthetic feature-driven placeholder comment.,-1.0250576971995913,0.5199952869185839,-0.8666083508697964,0.9959336464039888
F027,group_01,lead_me,Lead Me,mix_f1f7973e5bac,lead_me_du_d,DU-D,EDR-1,2,5.9315598802398135,69.08822516890933,67.83194500222915,67.83194500222915,False,Synthetic feature-driven placeholder comment.,0.7402857811167308,-1.548717422055362,0.3280479404435016,-1.017146833506479
F027,group_01,lead_me,Lead Me,mix_d5b28dfc8a93,lead_me_pxl_l1,PXL-L1,EDR-1,3,-2.181930306539545,60.62364451388531,62.23600401267896,62.23600401267896,False,Synthetic feature-driven placeholder comment.,-0.0024436394808062,-0.3677713699084406,-1.2816942263900757,-0.1924460334762285
F027,group_01,lead_me,Lead Me,mix_c7d9a071ba25,lead_me_pxl_l4,PXL-L4,EDR-1,4,3.536878170598983,64.97799282838821,68.62838117935169,68.62838117935169,False,Synthetic feature-driven placeholder comment.,-0.0552007785055364,-0.8412121981784734,0.8321106863211235,2.390299590706203
F027,group_01,lead_me,Lead Me,mix_d3e3580b6e30,lead_me_mcg_pro2,McG-pro2,EDR-1,5,3.814031642297137,70.2460025817469,69.41473706171485,69.41473706171485,False,Synthetic feature-driven placeholder comment.,2.9805308263561203,0.8594252384169624,-0.9263284806752846,0.048773555233824
F027,group_01,lead_me,Lead Me,mix_271852ba8676,lead_me_du_e,DU-E,EDR-2,1,-5.750339322248495,49.46385477967974,54.48480472716234,54.48480472716234,False,Synthetic feature-driven placeholder comment.,-1.0250576971995913,0.5199952869185839,-0.8666083508697964,0.9959336464039888
F027,group_01,lead_me,Lead Me,mix_c7d9a071ba25,lead_me_pxl_l4,PXL-L4,EDR-2,2,3.536878170598983,61.4779928283882,64.32385776536609,64.32385776536609,False,Synthetic feature-driven placeholder comment.,-0.0552007785055364,-0.8412121981784734,0.8321106863211235,2.390299590706203
F027,group_01,lead_me,Lead Me,mix_d5b28dfc8a93,lead_me_pxl_l1,PXL-L1,EDR-2,3,-2.181930306539545,57.12364451388531,64.62572175467868,64.62572175467868,False,Synthetic feature-driven placeholder comment.,-0.0024436394808062,-0.3677713699084406,-1.2816942263900757,-0.1924460334762285
F027,group_01,lead_me,Lead Me,mix_f1f7973e5bac,lead_me_du_d,DU-D,EDR-2,4,5.9315598802398135,65.58822516890933,60.108504728325066,60.108504728325066,False,Synthetic feature-driven placeholder comment.,0.7402857811167308,-1.548717422055362,0.3280479404435016,-1.017146833506479
F027,group_01,lead_me,Lead Me,mix_d3e3580b6e30,lead_me_mcg_pro2,McG-pro2,EDR-2,5,3.814031642297137,66.7460025817469,68.85690946936015,68.85690946936015,False,Synthetic feature-driven placeholder comment.,2.9805308263561203,0.8594252384169624,-0.9263284806752846,0.048773555233824
F027,group_01,lead_me,Lead Me,mix_f1f7973e5bac,lead_me_du_d,DU-D,FM-1,1,5.9315598802398135,68.08822516890933,52.149860933366625,52.149860933366625,False,Synthetic feature-driven placeholder comment.,0.7402857811167308,-1.548717422055362,0.3280479404435016,-1.017146833506479
F027,group_01,lead_me,Lead Me,mix_271852ba8676,lead_me_du_e,DU-E,FM-1,2,-5.750339322248495,51.96385477967974,45.773415688763095,45.773415688763095,False,Synthetic feature-driven placeholder comment.,-1.0250576971995913,0.5199952869185839,-0.8666083508697964,0.9959336464039888
F027,group_01,lead_me,Lead Me,mix_d5b28dfc8a93,lead_me_pxl_l1,PXL-L1,FM-1,3,-2.181930306539545,59.62364451388531,61.241275547633,61.241275547633,False,Synthetic feature-driven placeholder comment.,-0.0024436394808062,-0.3677713699084406,-1.2816942263900757,-0.1924460334762285
F027,group_01,lead_me,Lead Me,mix_c7d9a071ba25,lead_me_pxl_l4,PXL-L4,FM-1,4,3.536878170598983,63.9779928283882,59.54416473590268,59.54416473590268,False,Synthetic feature-driven placeholder comment.,-0.0552007785055364,-0.8412121981784734,0.8321106863211235,2.390299590706203
F027,group_01,lead_me,Lead Me,mix_d3e3580b6e30,lead_me_mcg_pro2,McG-pro2,FM-1,5,3.814031642297137,69.2460025817469,60.457372817757154,60.457372817757154,False,Synthetic feature-driven placeholder comment.,2.9805308263561203,0.8594252384169624,-0.9263284806752846,0.048773555233824
F027,group_01,id_like_to_know,I'd Like To Know,mix_6f8b655d7999,id_like_to_know_pxl_s2,PXL-S2,EDR-1,1,2.122851337608373,64.34599025570708,70.62940579007726,70.62940579007726,False,Synthetic feature-driven placeholder comment.,0.5329997864789321,-1.1874673519330532,-0.7637519766505488,0.5510366380169074
F027,group_01,id_like_to_know,I'd Like To Know,mix_65f41f41d3ab,id_like_to_know_pxl_s3,PXL-S3,EDR-1,2,0.39777798146276877,61.04895077623289,72.30882491820935,72.30882491820935,False,Synthetic feature-driven placeholder comment.,0.3234844364321996,-1.065060189455143,-1.1651773700507613,-0.0982478955990668
F027,group_01,id_like_to_know,I'd Like To Know,mix_82d60d7c7fc5,id_like_to_know_pxl_s5,PXL-S5,EDR-1,3,1.2228531117561643,66.26253939833208,72.56615753478196,72.56615753478196,False,Synthetic feature-driven placeholder comment.,-0.3583378408524605,-0.1527662554529231,0.7972705919658362,1.6270752922517937
F027,group_01,id_like_to_know,I'd Like To Know,mix_b393d3919c78,id_like_to_know_pxl_s7,PXL-S7,EDR-1,4,-1.6974528208642186,57.45262575716865,63.8972864594386,63.8972864594386,False,Synthetic feature-driven placeholder comment.,-0.867056238017743,-0.6188407399054331,-0.3229009373128245,-1.0515106991885117
F027,group_01,id_like_to_know,I'd Like To Know,mix_9ffcd672af17,id_like_to_know_pxl_s1,PXL-S1,EDR-1,5,-1.3706083561622606,56.44673801364501,44.68453642387944,44.68453642387944,False,Synthetic feature-driven placeholder comment.,-0.5659114167269081,-0.579304038497624,-0.4851205015292653,1.357247686182373
F027,group_01,id_like_to_know,I'd Like To Know,mix_82d60d7c7fc5,id_like_to_know_pxl_s5,PXL-S5,EDR-2,1,1.2228531117561643,62.76253939833207,77.85249016156746,77.85249016156746,False,Synthetic feature-driven placeholder comment.,-0.3583378408524605,-0.1527662554529231,0.7972705919658362,1.6270752922517937
F027,group_01,id_like_to_know,I'd Like To Know,mix_b393d3919c78,id_like_to_know_pxl_s7,PXL-S7,EDR-2,2,-1.6974528208642186,53.95262575716864,66.06059247592485,66.06059247592485,False,Synthetic feature-driven placeholder comment.,-0.867056238017743,-0.6188407399054331,-0.3229009373128245,-1.0515106991885117
F027,group_01,id_like_to_know,I'd Like To Know,mix_65f41f41d3ab,id_like_to_know_pxl_s3,PXL-S3,EDR-2,3,0.39777798146276877,57.54895077623289,58.6278336756328,58.6278336756328,False,Synthetic feature-driven placeholder comment.,0.3234844364321996,-1.065060189455143,-1.1651773700507613,-0.0982478955990668
F027,group_01,id_like_to_know,I'd Like To Know,mix_6f8b655d7999,id_like_to_know_pxl_s2,PXL-S2,EDR-2,4,2.122851337608373,60.84599025570707,71.71086029918457,71.71086029918457,False,Synthetic feature-driven placeholder comment.,0.5329997864789321,-1.1874673519330532,-0.7637519766505488,0.5510366380169074
F027,group_01,id_like_to_know,I'd Like To Know,mix_9ffcd672af17,id_like_to_know_pxl_s1,PXL-S1,EDR-2,5,-1.3706083561622606,52.94673801364502,51.029504199443764,51.029504199443764,False,Synthetic feature-driven placeholder comment.,-0.5659114167269081,-0.579304038497624,-0.4851205015292653,1.357247686182373
F027,group_01,id_like_to_know,I'd Like To Know,mix_b393d3919c78,id_like_to_know_pxl_s7,PXL-S7,FM-1,1,-1.6974528208642186,56.45262575716865,53.70322197488122,53.70322197488122,False,Synthetic feature-driven placeholder comment.,-0.867056238017743,-0.6188407399054331,-0.3229009373128245,-1.0515106991885117
F027,group_01,id_like_to_know,I'd Like To Know,mix_65f41f41d3ab,id_like_to_know_pxl_s3,PXL-S3,FM-1,2,0.39777798146276877,60.04895077623289,64.56116831699879,64.56116831699879,False,Synthetic feature-driven placeholder comment.,0.3234844364321996,-1.065060189455143,-1.1651773700507613,-0.0982478955990668
F027,group_01,id_like_to_know,I'd Like To Know,mix_6f8b655d7999,id_like_to_know_pxl_s2,PXL-S2,FM-1,3,2.122851337608373,63.34599025570707,67.548115223976,67.548115223976,False,Synthetic feature-driven placeholder comment.,0.5329997864789321,-1.1874673519330532,-0.7637519766505488,0.5510366380169074
F027,group_01,id_like_to_know,I'd Like To Know,mix_9ffcd672af17,id_like_to_know_pxl_s1,PXL-S1,FM-1,4,-1.3706083561622606,55.44673801364501,50.189957433492566,50.189957433492566,False,Synthetic feature-driven placeholder comment.,-0.5659114167269081,-0.579304038497624,-0.4851205015292653,1.357247686182373
F027,group_01,id_like_to_know,I'd Like To Know,mix_82d60d7c7fc5,id_like_to_know_pxl_s5,PXL-S5,FM-1,5,1.2228531117561643,65.26253939833208,63.84628341410293,63.84628341410293,False,Synthetic feature-driven placeholder comment.,-0.3583378408524605,-0.1527662554529231,0.7972705919658362,1.6270752922517937
F028,group_02,in_the_meantime,In The Meantime,mix_56e65a3ce054,in_the_meantime_du_k,DU-K,EDR-1,1,-4.439003297698766,61.27246269622591,57.163470700154825,57.163470700154825,False,Synthetic feature-driven placeholder comment.,-1.1193186569455127,1.7918041562064675,0.9713104079970216,0.4372547184671072
F028,group_02,in_the_meantime,In The Meantime,mix_c7bdcba64775,in_the_meantime_qut_b,QUT-B,EDR-1,2,-4.883741826428456,58.60991660287437,60.34895056354557,60.34895056354557,False,Synthetic feature-driven placeholder comment.,-0.6698107538710293,-0.1978340618743536,-1.5468197375217057,0.0908009789400507
F028,group_02,in_the_meantime,In The Meantime,mix_302f0efe8a80,in_the_meantime_du_h,DU-H,EDR-1,3,-0.779898277359731,67.70186474593075,70.96055845370367,70.96055845370367,False,Synthetic feature-driven placeholder comment.,0.6887214233465396,0.2719152524959843,-0.8693704120952901,0.8234428342152216
F028,group_02,in_the_meantime,In The Meantime,mix_cdaef40f2b94,in_the_meantime_qut_pro,QUT-pro,EDR-1,4,5.513631733764184,69.53347462409741,78.68219264256737,78.68219264256737,False,Synthetic feature-driven placeholder comment.,-0.6756280657690176,-1.4346341192827423,1.8511013279434223,-0.7325346788768815
F028,group_02,in_the_meantime,In The Meantime,mix_9baa86357fd4,in_the_meantime_du_i,DU-I,EDR-1,5,-7.7211527946122915,55.45521365246679,55.118457474231484,55.118457474231484,False,Synthetic feature-driven placeholder comment.,-1.8990066727669184,1.9187185345499165,0.5415536857115313,-0.721703057329889
F028,group_02,in_the_meantime,In The Meantime,mix_9baa86357fd4,in_the_meantime_du_i,DU-I,EDR-2,1,-7.7211527946122915,51.95521365246679,54.91765976488744,54.91765976488744,False,Synthetic feature-driven placeholder comment.,-1.8990066727669184,1.9187185345499165,0.5415536857115313,-0.721703057329889
F028,group_02,in_the_meantime,In The Meantime,mix_56e65a3ce054,in_the_meantime_du_k,DU-K,EDR-2,2,-4.439003297698766,57.7724626962259,68.92473447893151,68.92473447893151,False,Synthetic feature-driven placeholder comment.,-1.1193186569455127,1.7918041562064675,0.9713104079970216,0.4372547184671072
F028,group_02,in_the_meantime,In The Meantime,mix_c7bdcba64775,in_the_meantime_qut_b,QUT-B,EDR-2,3,-4.883741826428456,55.10991660287438,51.19103709845903,51.19103709845903,False,Synthetic feature-driven placeholder comment.,-0.6698107538710293,-0.1978340618743536,-1.5468197375217057,0.0908009789400507
F028,group_02,in_the_meantime,In The Meantime,mix_302f0efe8a80,in_the_meantime_du_h,DU-H,EDR-2,4,-0.779898277359731,64.20186474593075,58.76211412523393,58.76211412523393,False,Synthetic feature-driven placeholder comment.,0.6887214233465396,0.2719152524959843,-0.8693704120952901,0.8234428342152216
F028,group_02,in_the_meantime,In The Meantime,mix_cdaef40f2b94,in_the_meantime_qut_pro,QUT-pro,EDR-2,5,5.513631733764184,66.03347462409741,53.739382999265246,53.739382999265246,False,Synthetic feature-driven placeholder comment.,-0.6756280657690176,-1.4346341192827423,1.8511013279434223,-0.7325346788768815
F028,group_02,in_the_meantime,In The Meantime,mix_302f0efe8a80,in_the_meantime_du_h,DU-H,FM-1,1,-0.779898277359731,66.70186474593075,62.78689611507838,62.78689611507838,False,Synthetic feature-driven placeholder comment.,0.6887214233465396,0.2719152524959843,-0.8693704120952901,0.8234428342152216
F028,group_02,in_the_meantime,In The Meantime,mix_56e65a3ce054,in_the_meantime_du_k,DU-K,FM-1,2,-4.439003297698766,60.27246269622591,55.651720207625104,55.651720207625104,False,Synthetic feature-driven placeholder comment.,-1.1193186569455127,1.7918041562064675,0.9713104079970216,0.4372547184671072
F028,group_02,in_the_meantime,In The Meantime,mix_9baa86357fd4,in_the_meantime_du_i,DU-I,FM-1,3,-7.7211527946122915,54.45521365246679,38.61864304747199,38.61864304747199,False,Synthetic feature-driven placeholder comment.,-1.8990066727669184,1.9187185345499165,0.5415536857115313,-0.721703057329889
F028,group_02,in_the_meantime,In The Meantime,mix_cdaef40f2b94,in_the_meantime_qut_pro,QUT-pro,FM-1,4,5.513631733764184,68.53347462409741,64.83635743762481,64.83635743762481,False,Synthetic feature-driven placeholder comment.,-0.6756280657690176,-1.4346341192827423,1.8511013279434223,-0.7325346788768815
F028,group_02,in_the_meantime,In The Meantime,mix_c7bdcba64775,in_the_meantime_qut_b,QUT-B,FM-1,5,-4.883741826428456,57.60991660287438,49.21018209336627,49.21018209336627,False,Synthetic feature-driven placeholder comment.,-0.6698107538710293,-0.1978340618743536,-1.5468197375217057,0.0908009789400507
F028,group_02,pouring_room,Pouring Room,mix_be2ccd4c43ff,pouring_room_mcg_t,McG-T,EDR-1,1,1.860080740948886,68.8187316024672,66.25715775511878,66.25715775511878,False,Synthetic feature-driven placeholder comment.,-0.0814371595061495,1.1238301932737935,1.926895983278192,-0.8792578396079359
F028,group_02,pouring_room,Pouring Room,mix_cbf8555ee2b2,pouring_room_mcg_x,McG-X,EDR-1,2,1.3892606412929467,61.02071222719802,58.16674610651424,58.16674610651424,False,Synthetic feature-driven placeholder comment.,0.4494273963527286,0.780552768870155,0.8086566197405122,-0.4801297779726206
F028,group_02,pouring_room,Pouring Room,mix_0ba76f420c1d,pouring_room_mcg_r,McG-R,EDR-1,3,3.5333626255955455,70.84692007714501,71.33221190507116,71.33221190507116,False,Synthetic feature-driven placeholder comment.,0.2249858589620197,-0.521538265731174,0.8057256670690561,-1.2630720295337683
F028,group_02,pouring_room,Pouring Room,mix_e08faaf8bbb3,pouring_room_mcg_v,McG-V,EDR-1,4,-2.460604585630299,61.83702567401397,76.66293494426037,76.66293494426037,False,Synthetic feature-driven placeholder comment.,0.2009523983216312,1.112208706920678,-0.2814967551013548,-0.938440679331238
F028,group_02,pouring_room,Pouring Room,mix_132e75f34470,pouring_room_mcg_pro1,McG-pro1,EDR-1,5,1.9624437219793534,70.19210157151878,60.609828455944765,60.609828455944765,False,Synthetic feature-driven placeholder comment.,1.177821012274786,0.1366958746221527,-0.3534041622732912,-0.9473754159948484
F028,group_02,pouring_room,Pouring Room,mix_132e75f34470,pouring_room_mcg_pro1,McG-pro1,EDR-2,1,1.9624437219793534,66.69210157151878,61.8762605057898,61.8762605057898,False,Synthetic feature-driven placeholder comment.,1.177821012274786,0.1366958746221527,-0.3534041622732912,-0.9473754159948484
F028,group_02,pouring_room,Pouring Room,mix_e08faaf8bbb3,pouring_room_mcg_v,McG-V,EDR-2,2,-2.460604585630299,58.337025674013965,55.94833531532452,55.94833531532452,False,Synthetic feature-driven placeholder comment.,0.2009523983216312,1.112208706920678,-0.2814967551013548,-0.938440679331238
F028,group_02,pouring_room,Pouring Room,mix_be2ccd4c43ff,pouring_room_mcg_t,McG-T,EDR-2,3,1.860080740948886,65.3187316024672,67.09275659864437,67.09275659864437,False,Synthetic feature-driven placeholder comment.,-0.0814371595061495,1.1238301932737935,1.926895983278192,-0.8792578396079359
F028,group_02,pouring_room,Pouring Room,mix_0ba76f420c1d,pouring_room_mcg_r,McG-R,EDR-2,4,3.5333626255955455,67.34692007714501,75.59627427217113,75.59627427217113,False,Synthetic feature-driven placeholder comment.,0.2249858589620197,-0.521538265731174,0.8057256670690561,-1.2630720295337683
F028,group_02,pouring_room,Pouring Room,mix_cbf8555ee2b2,pouring_room_mcg_x,McG-X,EDR-2,5,1.3892606412929467,57.52071222719802,58.87438099689168,58.87438099689168,False,Synthetic feature-driven placeholder comment.,0.4494273963527286,0.780552768870155,0.8086566197405122,-0.4801297779726206
F028,group_02,pouring_room,Pouring Room,mix_132e75f34470,pouring_room_mcg_pro1,McG-pro1,FM-1,1,1.9624437219793534,69.19210157151878,71.5428473019883,71.5428473019883,False,Synthetic feature-driven placeholder comment.,1.177821012274786,0.1366958746221527,-0.3534041622732912,-0.9473754159948484
F028,group_02,pouring_room,Pouring Room,mix_0ba76f420c1d,pouring_room_mcg_r,McG-R,FM-1,2,3.5333626255955455,69.84692007714501,76.23084937764335,76.23084937764335,False,Synthetic feature-driven placeholder comment.,0.2249858589620197,-0.521538265731174,0.8057256670690561,-1.2630720295337683
F028,group_02,pouring_room,Pouring Room,mix_e08faaf8bbb3,pouring_room_mcg_v,McG-V,FM-1,3,-2.460604585630299,60.83702567401397,62.679138652532615,62.679138652532615,False,Synthetic feature-driven placeholder comment.,0.2009523983216312,1.112208706920678,-0.2814967551013548,-0.938440679331238
F028,group_02,pouring_room,Pouring Room,mix_be2ccd4c43ff,pouring_room_mcg_t,McG-T,FM-1,4,1.860080740948886,67.8187316024672,64.5533939443841,64.5533939443841,False,Synthetic feature-driven placeholder comment.,-0.0814371595061495,1.1238301932737935,1.926895983278192,-0.8792578396079359
F028,group_02,pouring_room,Pouring Room,mix_cbf8555ee2b2,pouring_room_mcg_x,McG-X,FM-1,5,1.3892606412929467,60.02071222719802,60.528711359510964,60.528711359510964,False,Synthetic feature-driven placeholder comment.,0.4494273963527286,0.780552768870155,0.8086566197405122,-0.4801297779726206
F029,group_01,lead_me,Lead Me,mix_d5b28dfc8a93,lead_me_pxl_l1,PXL-L1,EDR-1,1,-2.181930306539545,78.88596309455853,65.43560881538957,65.43560881538957,False,Synthetic feature-driven placeholder comment.,-0.0024436394808062,-0.3677713699084406,-1.2816942263900757,-0.1924460334762285
F029,group_01,lead_me,Lead Me,mix_271852ba8676,lead_me_du_e,DU-E,EDR-1,2,-5.750339322248495,71.22617336035297,78.8039278995348,78.8039278995348,False,Synthetic feature-driven placeholder comment.,-1.0250576971995913,0.5199952869185839,-0.8666083508697964,0.9959336464039888
F029,group_01,lead_me,Lead Me,mix_d3e3580b6e30,lead_me_mcg_pro2,McG-pro2,EDR-1,3,3.814031642297137,88.50832116242013,90.84431480508924,90.84431480508924,False,Synthetic feature-driven placeholder comment.,2.9805308263561203,0.8594252384169624,-0.9263284806752846,0.048773555233824
F029,group_01,lead_me,Lead Me,mix_c7d9a071ba25,lead_me_pxl_l4,PXL-L4,EDR-1,4,3.536878170598983,83.24031140906143,90.37151231692098,90.37151231692098,False,Synthetic feature-driven placeholder comment.,-0.0552007785055364,-0.8412121981784734,0.8321106863211235,2.390299590706203
F029,group_01,lead_me,Lead Me,mix_f1f7973e5bac,lead_me_du_d,DU-D,EDR-1,5,5.9315598802398135,87.35054374958257,90.20273308213564,90.20273308213564,False,Synthetic feature-driven placeholder comment.,0.7402857811167308,-1.548717422055362,0.3280479404435016,-1.017146833506479
F029,group_01,lead_me,Lead Me,mix_d5b28dfc8a93,lead_me_pxl_l1,PXL-L1,EDR-2,1,-2.181930306539545,75.38596309455853,65.33587417307393,65.33587417307393,False,Synthetic feature-driven placeholder comment.,-0.0024436394808062,-0.3677713699084406,-1.2816942263900757,-0.1924460334762285
F029,group_01,lead_me,Lead Me,mix_271852ba8676,lead_me_du_e,DU-E,EDR-2,2,-5.750339322248495,67.72617336035297,62.78650290588428,62.78650290588428,False,Synthetic feature-driven placeholder comment.,-1.0250576971995913,0.5199952869185839,-0.8666083508697964,0.9959336464039888
F029,group_01,lead_me,Lead Me,mix_d3e3580b6e30,lead_me_mcg_pro2,McG-pro2,EDR-2,3,3.814031642297137,85.00832116242013,85.81607073674303,85.81607073674303,False,Synthetic feature-driven placeholder comment.,2.9805308263561203,0.8594252384169624,-0.9263284806752846,0.048773555233824
F029,group_01,lead_me,Lead Me,mix_c7d9a071ba25,lead_me_pxl_l4,PXL-L4,EDR-2,4,3.536878170598983,79.74031140906143,69.85380146383358,69.85380146383358,False,Synthetic feature-driven placeholder comment.,-0.0552007785055364,-0.8412121981784734,0.8321106863211235,2.390299590706203
F029,group_01,lead_me,Lead Me,mix_f1f7973e5bac,lead_me_du_d,DU-D,EDR-2,5,5.9315598802398135,83.85054374958257,95.30488899758653,95.30488899758653,False,Synthetic feature-driven placeholder comment.,0.7402857811167308,-1.548717422055362,0.3280479404435016,-1.017146833506479
F029,group_01,lead_me,Lead Me,mix_f1f7973e5bac,lead_me_du_d,DU-D,FM-1,1,5.9315598802398135,86.35054374958257,101.81105343119614,100.0,True,Synthetic feature-driven placeholder comment.,0.7402857811167308,-1.548717422055362,0.3280479404435016,-1.017146833506479
F029,group_01,lead_me,Lead Me,mix_d5b28dfc8a93,lead_me_pxl_l1,PXL-L1,FM-1,2,-2.181930306539545,77.88596309455853,81.37616714645077,81.37616714645077,False,Synthetic feature-driven placeholder comment.,-0.0024436394808062,-0.3677713699084406,-1.2816942263900757,-0.1924460334762285
F029,group_01,lead_me,Lead Me,mix_d3e3580b6e30,lead_me_mcg_pro2,McG-pro2,FM-1,3,3.814031642297137,87.50832116242013,93.49230528808721,93.49230528808721,False,Synthetic feature-driven placeholder comment.,2.9805308263561203,0.8594252384169624,-0.9263284806752846,0.048773555233824
F029,group_01,lead_me,Lead Me,mix_c7d9a071ba25,lead_me_pxl_l4,PXL-L4,FM-1,4,3.536878170598983,82.24031140906143,72.74928882647596,72.74928882647596,False,Synthetic feature-driven placeholder comment.,-0.0552007785055364,-0.8412121981784734,0.8321106863211235,2.390299590706203
F029,group_01,lead_me,Lead Me,mix_271852ba8676,lead_me_du_e,DU-E,FM-1,5,-5.750339322248495,70.22617336035297,68.67407846524786,68.67407846524786,False,Synthetic feature-driven placeholder comment.,-1.0250576971995913,0.5199952869185839,-0.8666083508697964,0.9959336464039888
F029,group_01,id_like_to_know,I'd Like To Know,mix_65f41f41d3ab,id_like_to_know_pxl_s3,PXL-S3,EDR-1,1,0.39777798146276877,79.31126935690612,77.09352932648619,77.09352932648619,False,Synthetic feature-driven placeholder comment.,0.3234844364321996,-1.065060189455143,-1.1651773700507613,-0.0982478955990668
F029,group_01,id_like_to_know,I'd Like To Know,mix_9ffcd672af17,id_like_to_know_pxl_s1,PXL-S1,EDR-1,2,-1.3706083561622606,74.70905659431824,88.0085944927834,88.0085944927834,False,Synthetic feature-driven placeholder comment.,-0.5659114167269081,-0.579304038497624,-0.4851205015292653,1.357247686182373
F029,group_01,id_like_to_know,I'd Like To Know,mix_b393d3919c78,id_like_to_know_pxl_s7,PXL-S7,EDR-1,3,-1.6974528208642186,75.71494433784187,94.40681331357938,94.40681331357938,False,Synthetic feature-driven placeholder comment.,-0.867056238017743,-0.6188407399054331,-0.3229009373128245,-1.0515106991885117
F029,group_01,id_like_to_know,I'd Like To Know,mix_6f8b655d7999,id_like_to_know_pxl_s2,PXL-S2,EDR-1,4,2.122851337608373,82.6083088363803,99.77842249696559,99.77842249696559,False,Synthetic feature-driven placeholder comment.,0.5329997864789321,-1.1874673519330532,-0.7637519766505488,0.5510366380169074
F029,group_01,id_like_to_know,I'd Like To Know,mix_82d60d7c7fc5,id_like_to_know_pxl_s5,PXL-S5,EDR-1,5,1.2228531117561643,84.5248579790053,64.36451056447359,64.36451056447359,False,Synthetic feature-driven placeholder comment.,-0.3583378408524605,-0.1527662554529231,0.7972705919658362,1.6270752922517937
F029,group_01,id_like_to_know,I'd Like To Know,mix_9ffcd672af17,id_like_to_know_pxl_s1,PXL-S1,EDR-2,1,-1.3706083561622606,71.20905659431826,61.523149321196314,61.523149321196314,False,Synthetic feature-driven placeholder comment.,-0.5659114167269081,-0.579304038497624,-0.4851205015292653,1.357247686182373
F029,group_01,id_like_to_know,I'd Like To Know,mix_6f8b655d7999,id_like_to_know_pxl_s2,PXL-S2,EDR-2,2,2.122851337608373,79.1083088363803,79.87651572295384,79.87651572295384,False,Synthetic feature-driven placeholder comment.,0.5329997864789321,-1.1874673519330532,-0.7637519766505488,0.5510366380169074
F029,group_01,id_like_to_know,I'd Like To Know,mix_65f41f41d3ab,id_like_to_know_pxl_s3,PXL-S3,EDR-2,3,0.39777798146276877,75.81126935690612,73.41270271772176,73.41270271772176,False,Synthetic feature-driven placeholder comment.,0.3234844364321996,-1.065060189455143,-1.1651773700507613,-0.0982478955990668
F029,group_01,id_like_to_know,I'd Like To Know,mix_82d60d7c7fc5,id_like_to_know_pxl_s5,PXL-S5,EDR-2,4,1.2228531117561643,81.0248579790053,68.01062912127509,68.01062912127509,False,Synthetic feature-driven placeholder comment.,-0.3583378408524605,-0.1527662554529231,0.7972705919658362,1.6270752922517937
F029,group_01,id_like_to_know,I'd Like To Know,mix_b393d3919c78,id_like_to_know_pxl_s7,PXL-S7,EDR-2,5,-1.6974528208642186,72.21494433784187,63.24538961476992,63.24538961476992,False,Synthetic feature-driven placeholder comment.,-0.867056238017743,-0.6188407399054331,-0.3229009373128245,-1.0515106991885117
F029,group_01,id_like_to_know,I'd Like To Know,mix_b393d3919c78,id_like_to_know_pxl_s7,PXL-S7,FM-1,1,-1.6974528208642186,74.71494433784187,81.8042890575422,81.8042890575422,False,Synthetic feature-driven placeholder comment.,-0.867056238017743,-0.6188407399054331,-0.3229009373128245,-1.0515106991885117
F029,group_01,id_like_to_know,I'd Like To Know,mix_82d60d7c7fc5,id_like_to_know_pxl_s5,PXL-S5,FM-1,2,1.2228531117561643,83.5248579790053,83.7568516456881,83.7568516456881,False,Synthetic feature-driven placeholder comment.,-0.3583378408524605,-0.1527662554529231,0.7972705919658362,1.6270752922517937
F029,group_01,id_like_to_know,I'd Like To Know,mix_65f41f41d3ab,id_like_to_know_pxl_s3,PXL-S3,FM-1,3,0.39777798146276877,78.31126935690612,74.26001226777474,74.26001226777474,False,Synthetic feature-driven placeholder comment.,0.3234844364321996,-1.065060189455143,-1.1651773700507613,-0.0982478955990668
F029,group_01,id_like_to_know,I'd Like To Know,mix_6f8b655d7999,id_like_to_know_pxl_s2,PXL-S2,FM-1,4,2.122851337608373,81.6083088363803,84.00657178795358,84.00657178795358,False,Synthetic feature-driven placeholder comment.,0.5329997864789321,-1.1874673519330532,-0.7637519766505488,0.5510366380169074
F029,group_01,id_like_to_know,I'd Like To Know,mix_9ffcd672af17,id_like_to_know_pxl_s1,PXL-S1,FM-1,5,-1.3706083561622606,73.70905659431824,65.7760884177972,65.7760884177972,False,Synthetic feature-driven placeholder comment.,-0.5659114167269081,-0.579304038497624,-0.4851205015292653,1.357247686182373
F030,group_02,in_the_meantime,In The Meantime,mix_302f0efe8a80,in_the_meantime_du_h,DU-H,EDR-1,1,-0.779898277359731,70.56020679439108,68.79415773304613,68.79415773304613,False,Synthetic feature-driven placeholder comment.,0.6887214233465396,0.2719152524959843,-0.8693704120952901,0.8234428342152216
F030,group_02,in_the_meantime,In The Meantime,mix_c7bdcba64775,in_the_meantime_qut_b,QUT-B,EDR-1,2,-4.883741826428456,61.46825865133469,72.12975804320911,72.12975804320911,False,Synthetic feature-driven placeholder comment.,-0.6698107538710293,-0.1978340618743536,-1.5468197375217057,0.0908009789400507
F030,group_02,in_the_meantime,In The Meantime,mix_9baa86357fd4,in_the_meantime_du_i,DU-I,EDR-1,3,-7.7211527946122915,58.31355570092712,42.313613777148504,42.313613777148504,False,Synthetic feature-driven placeholder comment.,-1.8990066727669184,1.9187185345499165,0.5415536857115313,-0.721703057329889
F030,group_02,in_the_meantime,In The Meantime,mix_56e65a3ce054,in_the_meantime_du_k,DU-K,EDR-1,4,-4.439003297698766,64.13080474468623,68.489431388663,68.489431388663,False,Synthetic feature-driven placeholder comment.,-1.1193186569455127,1.7918041562064675,0.9713104079970216,0.4372547184671072
F030,group_02,in_the_meantime,In The Meantime,mix_cdaef40f2b94,in_the_meantime_qut_pro,QUT-pro,EDR-1,5,5.513631733764184,72.39181667255774,70.07968459257759,70.07968459257759,False,Synthetic feature-driven placeholder comment.,-0.6756280657690176,-1.4346341192827423,1.8511013279434223,-0.7325346788768815
F030,group_02,in_the_meantime,In The Meantime,mix_c7bdcba64775,in_the_meantime_qut_b,QUT-B,EDR-2,1,-4.883741826428456,57.96825865133471,47.342233659413054,47.342233659413054,False,Synthetic feature-driven placeholder comment.,-0.6698107538710293,-0.1978340618743536,-1.5468197375217057,0.0908009789400507
F030,group_02,in_the_meantime,In The Meantime,mix_cdaef40f2b94,in_the_meantime_qut_pro,QUT-pro,EDR-2,2,5.513631733764184,68.89181667255774,61.703401839711745,61.703401839711745,False,Synthetic feature-driven placeholder comment.,-0.6756280657690176,-1.4346341192827423,1.8511013279434223,-0.7325346788768815
F030,group_02,in_the_meantime,In The Meantime,mix_302f0efe8a80,in_the_meantime_du_h,DU-H,EDR-2,3,-0.779898277359731,67.06020679439108,68.96129778321392,68.96129778321392,False,Synthetic feature-driven placeholder comment.,0.6887214233465396,0.2719152524959843,-0.8693704120952901,0.8234428342152216
F030,group_02,in_the_meantime,In The Meantime,mix_9baa86357fd4,in_the_meantime_du_i,DU-I,EDR-2,4,-7.7211527946122915,54.81355570092712,61.42462760277479,61.42462760277479,False,Synthetic feature-driven placeholder comment.,-1.8990066727669184,1.9187185345499165,0.5415536857115313,-0.721703057329889
F030,group_02,in_the_meantime,In The Meantime,mix_56e65a3ce054,in_the_meantime_du_k,DU-K,EDR-2,5,-4.439003297698766,60.63080474468623,58.1895382532013,58.1895382532013,False,Synthetic feature-driven placeholder comment.,-1.1193186569455127,1.7918041562064675,0.9713104079970216,0.4372547184671072
F030,group_02,in_the_meantime,In The Meantime,mix_56e65a3ce054,in_the_meantime_du_k,DU-K,FM-1,1,-4.439003297698766,63.13080474468624,60.275115015546206,60.275115015546206,False,Synthetic feature-driven placeholder comment.,-1.1193186569455127,1.7918041562064675,0.9713104079970216,0.4372547184671072
F030,group_02,in_the_meantime,In The Meantime,mix_cdaef40f2b94,in_the_meantime_qut_pro,QUT-pro,FM-1,2,5.513631733764184,71.39181667255774,68.22261386902385,68.22261386902385,False,Synthetic feature-driven placeholder comment.,-0.6756280657690176,-1.4346341192827423,1.8511013279434223,-0.7325346788768815
F030,group_02,in_the_meantime,In The Meantime,mix_9baa86357fd4,in_the_meantime_du_i,DU-I,FM-1,3,-7.7211527946122915,57.31355570092712,75.3268109195497,75.3268109195497,False,Synthetic feature-driven placeholder comment.,-1.8990066727669184,1.9187185345499165,0.5415536857115313,-0.721703057329889
F030,group_02,in_the_meantime,In The Meantime,mix_302f0efe8a80,in_the_meantime_du_h,DU-H,FM-1,4,-0.779898277359731,69.56020679439108,77.163201085463,77.163201085463,False,Synthetic feature-driven placeholder comment.,0.6887214233465396,0.2719152524959843,-0.8693704120952901,0.8234428342152216
F030,group_02,in_the_meantime,In The Meantime,mix_c7bdcba64775,in_the_meantime_qut_b,QUT-B,FM-1,5,-4.883741826428456,60.46825865133471,75.45579274634693,75.45579274634693,False,Synthetic feature-driven placeholder comment.,-0.6698107538710293,-0.1978340618743536,-1.5468197375217057,0.0908009789400507
F030,group_02,pouring_room,Pouring Room,mix_0ba76f420c1d,pouring_room_mcg_r,McG-R,EDR-1,1,3.5333626255955455,73.70526212560534,71.59253962674123,71.59253962674123,False,Synthetic feature-driven placeholder comment.,0.2249858589620197,-0.521538265731174,0.8057256670690561,-1.2630720295337683
F030,group_02,pouring_room,Pouring Room,mix_132e75f34470,pouring_room_mcg_pro1,McG-pro1,EDR-1,2,1.9624437219793534,73.0504436199791,77.92183816820851,77.92183816820851,False,Synthetic feature-driven placeholder comment.,1.177821012274786,0.1366958746221527,-0.3534041622732912,-0.9473754159948484
F030,group_02,pouring_room,Pouring Room,mix_e08faaf8bbb3,pouring_room_mcg_v,McG-V,EDR-1,3,-2.460604585630299,64.69536772247429,64.96478732968613,64.96478732968613,False,Synthetic feature-driven placeholder comment.,0.2009523983216312,1.112208706920678,-0.2814967551013548,-0.938440679331238
F030,group_02,pouring_room,Pouring Room,mix_cbf8555ee2b2,pouring_room_mcg_x,McG-X,EDR-1,4,1.3892606412929467,63.87905427565835,74.35715479230839,74.35715479230839,False,Synthetic feature-driven placeholder comment.,0.4494273963527286,0.780552768870155,0.8086566197405122,-0.4801297779726206
F030,group_02,pouring_room,Pouring Room,mix_be2ccd4c43ff,pouring_room_mcg_t,McG-T,EDR-1,5,1.860080740948886,71.67707365092753,75.32509349778536,75.32509349778536,False,Synthetic feature-driven placeholder comment.,-0.0814371595061495,1.1238301932737935,1.926895983278192,-0.8792578396079359
F030,group_02,pouring_room,Pouring Room,mix_132e75f34470,pouring_room_mcg_pro1,McG-pro1,EDR-2,1,1.9624437219793534,69.5504436199791,72.5070315375899,72.5070315375899,False,Synthetic feature-driven placeholder comment.,1.177821012274786,0.1366958746221527,-0.3534041622732912,-0.9473754159948484
F030,group_02,pouring_room,Pouring Room,mix_e08faaf8bbb3,pouring_room_mcg_v,McG-V,EDR-2,2,-2.460604585630299,61.195367722474295,59.22759773955657,59.22759773955657,False,Synthetic feature-driven placeholder comment.,0.2009523983216312,1.112208706920678,-0.2814967551013548,-0.938440679331238
F030,group_02,pouring_room,Pouring Room,mix_cbf8555ee2b2,pouring_room_mcg_x,McG-X,EDR-2,3,1.3892606412929467,60.37905427565835,53.13863810314724,53.13863810314724,False,Synthetic feature-driven placeholder comment.,0.4494273963527286,0.780552768870155,0.8086566197405122,-0.4801297779726206
F030,group_02,pouring_room,Pouring Room,mix_0ba76f420c1d,pouring_room_mcg_r,McG-R,EDR-2,4,3.5333626255955455,70.20526212560534,66.32323302186134,66.32323302186134,False,Synthetic feature-driven placeholder comment.,0.2249858589620197,-0.521538265731174,0.8057256670690561,-1.2630720295337683
F030,group_02,pouring_room,Pouring Room,mix_be2ccd4c43ff,pouring_room_mcg_t,McG-T,EDR-2,5,1.860080740948886,68.17707365092753,76.09386912658158,76.09386912658158,False,Synthetic feature-driven placeholder comment.,-0.0814371595061495,1.1238301932737935,1.926895983278192,-0.8792578396079359
F030,group_02,pouring_room,Pouring Room,mix_132e75f34470,pouring_room_mcg_pro1,McG-pro1,FM-1,1,1.9624437219793534,72.0504436199791,68.9314882530158,68.9314882530158,False,Synthetic feature-driven placeholder comment.,1.177821012274786,0.1366958746221527,-0.3534041622732912,-0.9473754159948484
F030,group_02,pouring_room,Pouring Room,mix_0ba76f420c1d,pouring_room_mcg_r,McG-R,FM-1,2,3.5333626255955455,72.70526212560534,74.61931421980492,74.61931421980492,False,Synthetic feature-driven placeholder comment.,0.2249858589620197,-0.521538265731174,0.8057256670690561,-1.2630720295337683
F030,group_02,pouring_room,Pouring Room,mix_be2ccd4c43ff,pouring_room_mcg_t,McG-T,FM-1,3,1.860080740948886,70.67707365092753,78.64452613290753,78.64452613290753,False,Synthetic feature-driven placeholder comment.,-0.0814371595061495,1.1238301932737935,1.926895983278192,-0.8792578396079359
F030,group_02,pouring_room,Pouring Room,mix_cbf8555ee2b2,pouring_room_mcg_x,McG-X,FM-1,4,1.3892606412929467,62.87905427565835,74.9963407753134,74.9963407753134,False,Synthetic feature-driven placeholder comment.,0.4494273963527286,0.780552768870155,0.8086566197405122,-0.4801297779726206
F030,group_02,pouring_room,Pouring Room,mix_e08faaf8bbb3,pouring_room_mcg_v,McG-V,FM-1,5,-2.460604585630299,63.695367722474295,55.379187496365674,55.379187496365674,False,Synthetic feature-driven placeholder comment.,0.2009523983216312,1.112208706920678,-0.2814967551013548,-0.938440679331238
F031,group_01,lead_me,Lead Me,mix_d5b28dfc8a93,lead_me_pxl_l1,PXL-L1,EDR-1,1,-2.181930306539545,64.92421045991756,55.07483727933645,55.07483727933645,False,Synthetic feature-driven placeholder comment.,-0.0024436394808062,-0.3677713699084406,-1.2816942263900757,-0.1924460334762285
F031,group_01,lead_me,Lead Me,mix_c7d9a071ba25,lead_me_pxl_l4,PXL-L4,EDR-1,2,3.536878170598983,69.27855877442046,71.60946098018438,71.60946098018438,False,Synthetic feature-driven placeholder comment.,-0.0552007785055364,-0.8412121981784734,0.8321106863211235,2.390299590706203
F031,group_01,lead_me,Lead Me,mix_271852ba8676,lead_me_du_e,DU-E,EDR-1,3,-5.750339322248495,57.264420725712,57.608523169842755,57.608523169842755,False,Synthetic feature-driven placeholder comment.,-1.0250576971995913,0.5199952869185839,-0.8666083508697964,0.9959336464039888
F031,group_01,lead_me,Lead Me,mix_f1f7973e5bac,lead_me_du_d,DU-D,EDR-1,4,5.9315598802398135,73.3887911149416,75.86172402740485,75.86172402740485,False,Synthetic feature-driven placeholder comment.,0.7402857811167308,-1.548717422055362,0.3280479404435016,-1.017146833506479
F031,group_01,lead_me,Lead Me,mix_d3e3580b6e30,lead_me_mcg_pro2,McG-pro2,EDR-1,5,3.814031642297137,74.54656852777916,64.30209328889869,64.30209328889869,False,Synthetic feature-driven placeholder comment.,2.9805308263561203,0.8594252384169624,-0.9263284806752846,0.048773555233824
F031,group_01,lead_me,Lead Me,mix_271852ba8676,lead_me_du_e,DU-E,EDR-2,1,-5.750339322248495,53.764420725712,50.60768170852818,50.60768170852818,False,Synthetic feature-driven placeholder comment.,-1.0250576971995913,0.5199952869185839,-0.8666083508697964,0.9959336464039888
F031,group_01,lead_me,Lead Me,mix_d5b28dfc8a93,lead_me_pxl_l1,PXL-L1,EDR-2,2,-2.181930306539545,61.42421045991757,47.346420100856946,47.346420100856946,False,Synthetic feature-driven placeholder comment.,-0.0024436394808062,-0.3677713699084406,-1.2816942263900757,-0.1924460334762285
F031,group_01,lead_me,Lead Me,mix_c7d9a071ba25,lead_me_pxl_l4,PXL-L4,EDR-2,3,3.536878170598983,65.77855877442046,71.80670637904659,71.80670637904659,False,Synthetic feature-driven placeholder comment.,-0.0552007785055364,-0.8412121981784734,0.8321106863211235,2.390299590706203
F031,group_01,lead_me,Lead Me,mix_f1f7973e5bac,lead_me_du_d,DU-D,EDR-2,4,5.9315598802398135,69.8887911149416,66.0357327411086,66.0357327411086,False,Synthetic feature-driven placeholder comment.,0.7402857811167308,-1.548717422055362,0.3280479404435016,-1.017146833506479
F031,group_01,lead_me,Lead Me,mix_d3e3580b6e30,lead_me_mcg_pro2,McG-pro2,EDR-2,5,3.814031642297137,71.04656852777916,65.86385737413455,65.86385737413455,False,Synthetic feature-driven placeholder comment.,2.9805308263561203,0.8594252384169624,-0.9263284806752846,0.048773555233824
F031,group_01,lead_me,Lead Me,mix_271852ba8676,lead_me_du_e,DU-E,FM-1,1,-5.750339322248495,56.264420725712,62.62649946740044,62.62649946740044,False,Synthetic feature-driven placeholder comment.,-1.0250576971995913,0.5199952869185839,-0.8666083508697964,0.9959336464039888
F031,group_01,lead_me,Lead Me,mix_d5b28dfc8a93,lead_me_pxl_l1,PXL-L1,FM-1,2,-2.181930306539545,63.92421045991757,59.70158948851414,59.70158948851414,False,Synthetic feature-driven placeholder comment.,-0.0024436394808062,-0.3677713699084406,-1.2816942263900757,-0.1924460334762285
F031,group_01,lead_me,Lead Me,mix_d3e3580b6e30,lead_me_mcg_pro2,McG-pro2,FM-1,3,3.814031642297137,73.54656852777916,74.21877301386004,74.21877301386004,False,Synthetic feature-driven placeholder comment.,2.9805308263561203,0.8594252384169624,-0.9263284806752846,0.048773555233824
F031,group_01,lead_me,Lead Me,mix_c7d9a071ba25,lead_me_pxl_l4,PXL-L4,FM-1,4,3.536878170598983,68.27855877442046,71.08636851756442,71.08636851756442,False,Synthetic feature-driven placeholder comment.,-0.0552007785055364,-0.8412121981784734,0.8321106863211235,2.390299590706203
F031,group_01,lead_me,Lead Me,mix_f1f7973e5bac,lead_me_du_d,DU-D,FM-1,5,5.9315598802398135,72.3887911149416,70.0979941810843,70.0979941810843,False,Synthetic feature-driven placeholder comment.,0.7402857811167308,-1.548717422055362,0.3280479404435016,-1.017146833506479
F031,group_01,id_like_to_know,I'd Like To Know,mix_82d60d7c7fc5,id_like_to_know_pxl_s5,PXL-S5,EDR-1,1,1.2228531117561643,70.56310534436433,62.69303082044375,62.69303082044375,False,Synthetic feature-driven placeholder comment.,-0.3583378408524605,-0.1527662554529231,0.7972705919658362,1.6270752922517937
F031,group_01,id_like_to_know,I'd Like To Know,mix_6f8b655d7999,id_like_to_know_pxl_s2,PXL-S2,EDR-1,2,2.122851337608373,68.64655620173933,62.82709346544998,62.82709346544998,False,Synthetic feature-driven placeholder comment.,0.5329997864789321,-1.1874673519330532,-0.7637519766505488,0.5510366380169074
F031,group_01,id_like_to_know,I'd Like To Know,mix_b393d3919c78,id_like_to_know_pxl_s7,PXL-S7,EDR-1,3,-1.6974528208642186,61.753191703200905,68.4122651391803,68.4122651391803,False,Synthetic feature-driven placeholder comment.,-0.867056238017743,-0.6188407399054331,-0.3229009373128245,-1.0515106991885117
F031,group_01,id_like_to_know,I'd Like To Know,mix_9ffcd672af17,id_like_to_know_pxl_s1,PXL-S1,EDR-1,4,-1.3706083561622606,60.74730395967727,62.63958895401146,62.63958895401146,False,Synthetic feature-driven placeholder comment.,-0.5659114167269081,-0.579304038497624,-0.4851205015292653,1.357247686182373
F031,group_01,id_like_to_know,I'd Like To Know,mix_65f41f41d3ab,id_like_to_know_pxl_s3,PXL-S3,EDR-1,5,0.39777798146276877,65.34951672226515,55.595631303462774,55.595631303462774,False,Synthetic feature-driven placeholder comment.,0.3234844364321996,-1.065060189455143,-1.1651773700507613,-0.0982478955990668
F031,group_01,id_like_to_know,I'd Like To Know,mix_65f41f41d3ab,id_like_to_know_pxl_s3,PXL-S3,EDR-2,1,0.39777798146276877,61.84951672226515,67.71476535483075,67.71476535483075,False,Synthetic feature-driven placeholder comment.,0.3234844364321996,-1.065060189455143,-1.1651773700507613,-0.0982478955990668
F031,group_01,id_like_to_know,I'd Like To Know,mix_6f8b655d7999,id_like_to_know_pxl_s2,PXL-S2,EDR-2,2,2.122851337608373,65.14655620173933,65.24296632434366,65.24296632434366,False,Synthetic feature-driven placeholder comment.,0.5329997864789321,-1.1874673519330532,-0.7637519766505488,0.5510366380169074
F031,group_01,id_like_to_know,I'd Like To Know,mix_9ffcd672af17,id_like_to_know_pxl_s1,PXL-S1,EDR-2,3,-1.3706083561622606,57.24730395967728,50.3496879601027,50.3496879601027,False,Synthetic feature-driven placeholder comment.,-0.5659114167269081,-0.579304038497624,-0.4851205015292653,1.357247686182373
F031,group_01,id_like_to_know,I'd Like To Know,mix_b393d3919c78,id_like_to_know_pxl_s7,PXL-S7,EDR-2,4,-1.6974528208642186,58.253191703200905,48.043414314900005,48.043414314900005,False,Synthetic feature-driven placeholder comment.,-0.867056238017743,-0.6188407399054331,-0.3229009373128245,-1.0515106991885117
F031,group_01,id_like_to_know,I'd Like To Know,mix_82d60d7c7fc5,id_like_to_know_pxl_s5,PXL-S5,EDR-2,5,1.2228531117561643,67.06310534436433,68.48726957888258,68.48726957888258,False,Synthetic feature-driven placeholder comment.,-0.3583378408524605,-0.1527662554529231,0.7972705919658362,1.6270752922517937
F031,group_01,id_like_to_know,I'd Like To Know,mix_b393d3919c78,id_like_to_know_pxl_s7,PXL-S7,FM-1,1,-1.6974528208642186,60.753191703200905,75.06435872827329,75.06435872827329,False,Synthetic feature-driven placeholder comment.,-0.867056238017743,-0.6188407399054331,-0.3229009373128245,-1.0515106991885117
F031,group_01,id_like_to_know,I'd Like To Know,mix_65f41f41d3ab,id_like_to_know_pxl_s3,PXL-S3,FM-1,2,0.39777798146276877,64.34951672226515,62.747485152211844,62.747485152211844,False,Synthetic feature-driven placeholder comment.,0.3234844364321996,-1.065060189455143,-1.1651773700507613,-0.0982478955990668
F031,group_01,id_like_to_know,I'd Like To Know,mix_9ffcd672af17,id_like_to_know_pxl_s1,PXL-S1,FM-1,3,-1.3706083561622606,59.74730395967727,52.24027050302662,52.24027050302662,False,Synthetic feature-driven placeholder comment.,-0.5659114167269081,-0.579304038497624,-0.4851205015292653,1.357247686182373
F031,group_01,id_like_to_know,I'd Like To Know,mix_6f8b655d7999,id_like_to_know_pxl_s2,PXL-S2,FM-1,4,2.122851337608373,67.64655620173933,59.873433814391255,59.873433814391255,False,Synthetic feature-driven placeholder comment.,0.5329997864789321,-1.1874673519330532,-0.7637519766505488,0.5510366380169074
F031,group_01,id_like_to_know,I'd Like To Know,mix_82d60d7c7fc5,id_like_to_know_pxl_s5,PXL-S5,FM-1,5,1.2228531117561643,69.56310534436433,77.89818894335136,77.89818894335136,False,Synthetic feature-driven placeholder comment.,-0.3583378408524605,-0.1527662554529231,0.7972705919658362,1.6270752922517937
F032,group_02,in_the_meantime,In The Meantime,mix_cdaef40f2b94,in_the_meantime_qut_pro,QUT-pro,EDR-1,1,5.513631733764184,75.1589846005905,70.48175973447597,70.48175973447597,False,Synthetic feature-driven placeholder comment.,-0.6756280657690176,-1.4346341192827423,1.8511013279434223,-0.7325346788768815
F032,group_02,in_the_meantime,In The Meantime,mix_302f0efe8a80,in_the_meantime_du_h,DU-H,EDR-1,2,-0.779898277359731,73.32737472242384,72.18450944231147,72.18450944231147,False,Synthetic feature-driven placeholder comment.,0.6887214233465396,0.2719152524959843,-0.8693704120952901,0.8234428342152216
F032,group_02,in_the_meantime,In The Meantime,mix_9baa86357fd4,in_the_meantime_du_i,DU-I,EDR-1,3,-7.7211527946122915,61.08072362895987,55.22702914283333,55.22702914283333,False,Synthetic feature-driven placeholder comment.,-1.8990066727669184,1.9187185345499165,0.5415536857115313,-0.721703057329889
F032,group_02,in_the_meantime,In The Meantime,mix_c7bdcba64775,in_the_meantime_qut_b,QUT-B,EDR-1,4,-4.883741826428456,64.23542657936746,81.5089693756386,81.5089693756386,False,Synthetic feature-driven placeholder comment.,-0.6698107538710293,-0.1978340618743536,-1.5468197375217057,0.0908009789400507
F032,group_02,in_the_meantime,In The Meantime,mix_56e65a3ce054,in_the_meantime_du_k,DU-K,EDR-1,5,-4.439003297698766,66.89797267271899,68.22816015369742,68.22816015369742,False,Synthetic feature-driven placeholder comment.,-1.1193186569455127,1.7918041562064675,0.9713104079970216,0.4372547184671072
F032,group_02,in_the_meantime,In The Meantime,mix_302f0efe8a80,in_the_meantime_du_h,DU-H,EDR-2,1,-0.779898277359731,69.82737472242384,70.6020425307785,70.6020425307785,False,Synthetic feature-driven placeholder comment.,0.6887214233465396,0.2719152524959843,-0.8693704120952901,0.8234428342152216
F032,group_02,in_the_meantime,In The Meantime,mix_cdaef40f2b94,in_the_meantime_qut_pro,QUT-pro,EDR-2,2,5.513631733764184,71.6589846005905,80.12748413416554,80.12748413416554,False,Synthetic feature-driven placeholder comment.,-0.6756280657690176,-1.4346341192827423,1.8511013279434223,-0.7325346788768815
F032,group_02,in_the_meantime,In The Meantime,mix_9baa86357fd4,in_the_meantime_du_i,DU-I,EDR-2,3,-7.7211527946122915,57.58072362895988,56.71277005760896,56.71277005760896,False,Synthetic feature-driven placeholder comment.,-1.8990066727669184,1.9187185345499165,0.5415536857115313,-0.721703057329889
F032,group_02,in_the_meantime,In The Meantime,mix_c7bdcba64775,in_the_meantime_qut_b,QUT-B,EDR-2,4,-4.883741826428456,60.73542657936747,45.61643625923477,45.61643625923477,False,Synthetic feature-driven placeholder comment.,-0.6698107538710293,-0.1978340618743536,-1.5468197375217057,0.0908009789400507
F032,group_02,in_the_meantime,In The Meantime,mix_56e65a3ce054,in_the_meantime_du_k,DU-K,EDR-2,5,-4.439003297698766,63.39797267271899,65.03010080480118,65.03010080480118,False,Synthetic feature-driven placeholder comment.,-1.1193186569455127,1.7918041562064675,0.9713104079970216,0.4372547184671072
F032,group_02,in_the_meantime,In The Meantime,mix_c7bdcba64775,in_the_meantime_qut_b,QUT-B,FM-1,1,-4.883741826428456,63.23542657936747,57.80192470729432,57.80192470729432,False,Synthetic feature-driven placeholder comment.,-0.6698107538710293,-0.1978340618743536,-1.5468197375217057,0.0908009789400507
F032,group_02,in_the_meantime,In The Meantime,mix_302f0efe8a80,in_the_meantime_du_h,DU-H,FM-1,2,-0.779898277359731,72.32737472242384,82.64158376006935,82.64158376006935,False,Synthetic feature-driven placeholder comment.,0.6887214233465396,0.2719152524959843,-0.8693704120952901,0.8234428342152216
F032,group_02,in_the_meantime,In The Meantime,mix_cdaef40f2b94,in_the_meantime_qut_pro,QUT-pro,FM-1,3,5.513631733764184,74.1589846005905,66.2202363771609,66.2202363771609,False,Synthetic feature-driven placeholder comment.,-0.6756280657690176,-1.4346341192827423,1.8511013279434223,-0.7325346788768815
F032,group_02,in_the_meantime,In The Meantime,mix_9baa86357fd4,in_the_meantime_du_i,DU-I,FM-1,4,-7.7211527946122915,60.08072362895988,59.9071666478863,59.9071666478863,False,Synthetic feature-driven placeholder comment.,-1.8990066727669184,1.9187185345499165,0.5415536857115313,-0.721703057329889
F032,group_02,in_the_meantime,In The Meantime,mix_56e65a3ce054,in_the_meantime_du_k,DU-K,FM-1,5,-4.439003297698766,65.89797267271899,65.48822269134565,65.48822269134565,False,Synthetic feature-driven placeholder comment.,-1.1193186569455127,1.7918041562064675,0.9713104079970216,0.4372547184671072
F032,group_02,pouring_room,Pouring Room,mix_0ba76f420c1d,pouring_room_mcg_r,McG-R,EDR-1,1,3.5333626255955455,76.4724300536381,78.64451218705084,78.64451218705084,False,Synthetic feature-driven placeholder comment.,0.2249858589620197,-0.521538265731174,0.8057256670690561,-1.2630720295337683
F032,group_02,pouring_room,Pouring Room,mix_be2ccd4c43ff,pouring_room_mcg_t,McG-T,EDR-1,2,1.860080740948886,74.44424157896029,91.88130090821583,91.88130090821583,False,Synthetic feature-driven placeholder comment.,-0.0814371595061495,1.1238301932737935,1.926895983278192,-0.8792578396079359
F032,group_02,pouring_room,Pouring Room,mix_cbf8555ee2b2,pouring_room_mcg_x,McG-X,EDR-1,3,1.3892606412929467,66.64622220369111,58.622352198521625,58.622352198521625,False,Synthetic feature-driven placeholder comment.,0.4494273963527286,0.780552768870155,0.8086566197405122,-0.4801297779726206
F032,group_02,pouring_room,Pouring Room,mix_e08faaf8bbb3,pouring_room_mcg_v,McG-V,EDR-1,4,-2.460604585630299,67.46253565050705,66.62044725138524,66.62044725138524,False,Synthetic feature-driven placeholder comment.,0.2009523983216312,1.112208706920678,-0.2814967551013548,-0.938440679331238
F032,group_02,pouring_room,Pouring Room,mix_132e75f34470,pouring_room_mcg_pro1,McG-pro1,EDR-1,5,1.9624437219793534,75.81761154801187,84.91397446659633,84.91397446659633,False,Synthetic feature-driven placeholder comment.,1.177821012274786,0.1366958746221527,-0.3534041622732912,-0.9473754159948484
F032,group_02,pouring_room,Pouring Room,mix_be2ccd4c43ff,pouring_room_mcg_t,McG-T,EDR-2,1,1.860080740948886,70.94424157896029,64.39671719400697,64.39671719400697,False,Synthetic feature-driven placeholder comment.,-0.0814371595061495,1.1238301932737935,1.926895983278192,-0.8792578396079359
F032,group_02,pouring_room,Pouring Room,mix_e08faaf8bbb3,pouring_room_mcg_v,McG-V,EDR-2,2,-2.460604585630299,63.96253565050706,59.554885230176225,59.554885230176225,False,Synthetic feature-driven placeholder comment.,0.2009523983216312,1.112208706920678,-0.2814967551013548,-0.938440679331238
F032,group_02,pouring_room,Pouring Room,mix_132e75f34470,pouring_room_mcg_pro1,McG-pro1,EDR-2,3,1.9624437219793534,72.31761154801187,81.86849501871184,81.86849501871184,False,Synthetic feature-driven placeholder comment.,1.177821012274786,0.1366958746221527,-0.3534041622732912,-0.9473754159948484
F032,group_02,pouring_room,Pouring Room,mix_cbf8555ee2b2,pouring_room_mcg_x,McG-X,EDR-2,4,1.3892606412929467,63.14622220369111,51.89033895597172,51.89033895597172,False,Synthetic feature-driven placeholder comment.,0.4494273963527286,0.780552768870155,0.8086566197405122,-0.4801297779726206
F032,group_02,pouring_room,Pouring Room,mix_0ba76f420c1d,pouring_room_mcg_r,McG-R,EDR-2,5,3.5333626255955455,72.9724300536381,87.38249800913512,87.38249800913512,False,Synthetic feature-driven placeholder comment.,0.2249858589620197,-0.521538265731174,0.8057256670690561,-1.2630720295337683
F032,group_02,pouring_room,Pouring Room,mix_cbf8555ee2b2,pouring_room_mcg_x,McG-X,FM-1,1,1.3892606412929467,65.64622220369111,80.97065018737908,80.97065018737908,False,Synthetic feature-driven placeholder comment.,0.4494273963527286,0.780552768870155,0.8086566197405122,-0.4801297779726206
F032,group_02,pouring_room,Pouring Room,mix_132e75f34470,pouring_room_mcg_pro1,McG-pro1,FM-1,2,1.9624437219793534,74.81761154801187,75.45947146249846,75.45947146249846,False,Synthetic feature-driven placeholder comment.,1.177821012274786,0.1366958746221527,-0.3534041622732912,-0.9473754159948484
F032,group_02,pouring_room,Pouring Room,mix_e08faaf8bbb3,pouring_room_mcg_v,McG-V,FM-1,3,-2.460604585630299,66.46253565050705,69.5707404610625,69.5707404610625,False,Synthetic feature-driven placeholder comment.,0.2009523983216312,1.112208706920678,-0.2814967551013548,-0.938440679331238
F032,group_02,pouring_room,Pouring Room,mix_be2ccd4c43ff,pouring_room_mcg_t,McG-T,FM-1,4,1.860080740948886,73.44424157896029,77.28908143327634,77.28908143327634,False,Synthetic feature-driven placeholder comment.,-0.0814371595061495,1.1238301932737935,1.926895983278192,-0.8792578396079359
F032,group_02,pouring_room,Pouring Room,mix_0ba76f420c1d,pouring_room_mcg_r,McG-R,FM-1,5,3.5333626255955455,75.4724300536381,72.55011123500061,72.55011123500061,False,Synthetic feature-driven placeholder comment.,0.2249858589620197,-0.521538265731174,0.8057256670690561,-1.2630720295337683
F033,group_01,lead_me,Lead Me,mix_d3e3580b6e30,lead_me_mcg_pro2,McG-pro2,EDR-1,1,3.814031642297137,76.2100424845123,58.15069890322593,58.15069890322593,False,Synthetic feature-driven placeholder comment.,2.9805308263561203,0.8594252384169624,-0.9263284806752846,0.048773555233824
F033,group_01,lead_me,Lead Me,mix_271852ba8676,lead_me_du_e,DU-E,EDR-1,2,-5.750339322248495,58.92789468244514,44.43992124430984,44.43992124430984,False,Synthetic feature-driven placeholder comment.,-1.0250576971995913,0.5199952869185839,-0.8666083508697964,0.9959336464039888
F033,group_01,lead_me,Lead Me,mix_c7d9a071ba25,lead_me_pxl_l4,PXL-L4,EDR-1,3,3.536878170598983,70.9420327311536,62.8290484829303,62.8290484829303,False,Synthetic feature-driven placeholder comment.,-0.0552007785055364,-0.8412121981784734,0.8321106863211235,2.390299590706203
F033,group_01,lead_me,Lead Me,mix_f1f7973e5bac,lead_me_du_d,DU-D,EDR-1,4,5.9315598802398135,75.05226507167474,68.6919253653876,68.6919253653876,False,Synthetic feature-driven placeholder comment.,0.7402857811167308,-1.548717422055362,0.3280479404435016,-1.017146833506479
F033,group_01,lead_me,Lead Me,mix_d5b28dfc8a93,lead_me_pxl_l1,PXL-L1,EDR-1,5,-2.181930306539545,66.5876844166507,70.60003314472351,70.60003314472351,False,Synthetic feature-driven placeholder comment.,-0.0024436394808062,-0.3677713699084406,-1.2816942263900757,-0.1924460334762285
F033,group_01,lead_me,Lead Me,mix_d3e3580b6e30,lead_me_mcg_pro2,McG-pro2,EDR-2,1,3.814031642297137,72.7100424845123,74.12139861962031,74.12139861962031,False,Synthetic feature-driven placeholder comment.,2.9805308263561203,0.8594252384169624,-0.9263284806752846,0.048773555233824
F033,group_01,lead_me,Lead Me,mix_271852ba8676,lead_me_du_e,DU-E,EDR-2,2,-5.750339322248495,55.42789468244514,61.93924855393741,61.93924855393741,False,Synthetic feature-driven placeholder comment.,-1.0250576971995913,0.5199952869185839,-0.8666083508697964,0.9959336464039888
F033,group_01,lead_me,Lead Me,mix_f1f7973e5bac,lead_me_du_d,DU-D,EDR-2,3,5.9315598802398135,71.55226507167474,71.26845055929213,71.26845055929213,False,Synthetic feature-driven placeholder comment.,0.7402857811167308,-1.548717422055362,0.3280479404435016,-1.017146833506479
F033,group_01,lead_me,Lead Me,mix_d5b28dfc8a93,lead_me_pxl_l1,PXL-L1,EDR-2,4,-2.181930306539545,63.08768441665071,62.90074543480407,62.90074543480407,False,Synthetic feature-driven placeholder comment.,-0.0024436394808062,-0.3677713699084406,-1.2816942263900757,-0.1924460334762285
F033,group_01,lead_me,Lead Me,mix_c7d9a071ba25,lead_me_pxl_l4,PXL-L4,EDR-2,5,3.536878170598983,67.4420327311536,71.08462227472567,71.08462227472567,False,Synthetic feature-driven placeholder comment.,-0.0552007785055364,-0.8412121981784734,0.8321106863211235,2.390299590706203
F033,group_01,lead_me,Lead Me,mix_d3e3580b6e30,lead_me_mcg_pro2,McG-pro2,FM-1,1,3.814031642297137,75.2100424845123,67.27525343176598,67.27525343176598,False,Synthetic feature-driven placeholder comment.,2.9805308263561203,0.8594252384169624,-0.9263284806752846,0.048773555233824
F033,group_01,lead_me,Lead Me,mix_f1f7973e5bac,lead_me_du_d,DU-D,FM-1,2,5.9315598802398135,74.05226507167474,68.4779723160514,68.4779723160514,False,Synthetic feature-driven placeholder comment.,0.7402857811167308,-1.548717422055362,0.3280479404435016,-1.017146833506479
F033,group_01,lead_me,Lead Me,mix_c7d9a071ba25,lead_me_pxl_l4,PXL-L4,FM-1,3,3.536878170598983,69.9420327311536,57.613595137841074,57.613595137841074,False,Synthetic feature-driven placeholder comment.,-0.0552007785055364,-0.8412121981784734,0.8321106863211235,2.390299590706203
F033,group_01,lead_me,Lead Me,mix_271852ba8676,lead_me_du_e,DU-E,FM-1,4,-5.750339322248495,57.92789468244514,53.08045494479059,53.08045494479059,False,Synthetic feature-driven placeholder comment.,-1.0250576971995913,0.5199952869185839,-0.8666083508697964,0.9959336464039888
F033,group_01,lead_me,Lead Me,mix_d5b28dfc8a93,lead_me_pxl_l1,PXL-L1,FM-1,5,-2.181930306539545,65.5876844166507,63.14050855523189,63.14050855523189,False,Synthetic feature-driven placeholder comment.,-0.0024436394808062,-0.3677713699084406,-1.2816942263900757,-0.1924460334762285
F033,group_01,id_like_to_know,I'd Like To Know,mix_82d60d7c7fc5,id_like_to_know_pxl_s5,PXL-S5,EDR-1,1,1.2228531117561643,72.22657930109747,62.871508635820746,62.871508635820746,False,Synthetic feature-driven placeholder comment.,-0.3583378408524605,-0.1527662554529231,0.7972705919658362,1.6270752922517937
F033,group_01,id_like_to_know,I'd Like To Know,mix_b393d3919c78,id_like_to_know_pxl_s7,PXL-S7,EDR-1,2,-1.6974528208642186,63.41666565993405,55.584674525691156,55.584674525691156,False,Synthetic feature-driven placeholder comment.,-0.867056238017743,-0.6188407399054331,-0.3229009373128245,-1.0515106991885117
F033,group_01,id_like_to_know,I'd Like To Know,mix_9ffcd672af17,id_like_to_know_pxl_s1,PXL-S1,EDR-1,3,-1.3706083561622606,62.41077791641041,56.79797559111915,56.79797559111915,False,Synthetic feature-driven placeholder comment.,-0.5659114167269081,-0.579304038497624,-0.4851205015292653,1.357247686182373
F033,group_01,id_like_to_know,I'd Like To Know,mix_6f8b655d7999,id_like_to_know_pxl_s2,PXL-S2,EDR-1,4,2.122851337608373,70.31003015847247,79.3403252525452,79.3403252525452,False,Synthetic feature-driven placeholder comment.,0.5329997864789321,-1.1874673519330532,-0.7637519766505488,0.5510366380169074
F033,group_01,id_like_to_know,I'd Like To Know,mix_65f41f41d3ab,id_like_to_know_pxl_s3,PXL-S3,EDR-1,5,0.39777798146276877,67.01299067899829,77.9268491334692,77.9268491334692,False,Synthetic feature-driven placeholder comment.,0.3234844364321996,-1.065060189455143,-1.1651773700507613,-0.0982478955990668
F033,group_01,id_like_to_know,I'd Like To Know,mix_65f41f41d3ab,id_like_to_know_pxl_s3,PXL-S3,EDR-2,1,0.39777798146276877,63.51299067899829,72.1917049556831,72.1917049556831,False,Synthetic feature-driven placeholder comment.,0.3234844364321996,-1.065060189455143,-1.1651773700507613,-0.0982478955990668
F033,group_01,id_like_to_know,I'd Like To Know,mix_9ffcd672af17,id_like_to_know_pxl_s1,PXL-S1,EDR-2,2,-1.3706083561622606,58.91077791641042,57.878521630662206,57.878521630662206,False,Synthetic feature-driven placeholder comment.,-0.5659114167269081,-0.579304038497624,-0.4851205015292653,1.357247686182373
F033,group_01,id_like_to_know,I'd Like To Know,mix_82d60d7c7fc5,id_like_to_know_pxl_s5,PXL-S5,EDR-2,3,1.2228531117561643,68.72657930109747,59.48946065684646,59.48946065684646,False,Synthetic feature-driven placeholder comment.,-0.3583378408524605,-0.1527662554529231,0.7972705919658362,1.6270752922517937
F033,group_01,id_like_to_know,I'd Like To Know,mix_6f8b655d7999,id_like_to_know_pxl_s2,PXL-S2,EDR-2,4,2.122851337608373,66.81003015847247,64.16798545177426,64.16798545177426,False,Synthetic feature-driven placeholder comment.,0.5329997864789321,-1.1874673519330532,-0.7637519766505488,0.5510366380169074
F033,group_01,id_like_to_know,I'd Like To Know,mix_b393d3919c78,id_like_to_know_pxl_s7,PXL-S7,EDR-2,5,-1.6974528208642186,59.91666565993404,53.27862601994287,53.27862601994287,False,Synthetic feature-driven placeholder comment.,-0.867056238017743,-0.6188407399054331,-0.3229009373128245,-1.0515106991885117
F033,group_01,id_like_to_know,I'd Like To Know,mix_6f8b655d7999,id_like_to_know_pxl_s2,PXL-S2,FM-1,1,2.122851337608373,69.31003015847247,62.26629246724726,62.26629246724726,False,Synthetic feature-driven placeholder comment.,0.5329997864789321,-1.1874673519330532,-0.7637519766505488,0.5510366380169074
F033,group_01,id_like_to_know,I'd Like To Know,mix_82d60d7c7fc5,id_like_to_know_pxl_s5,PXL-S5,FM-1,2,1.2228531117561643,71.22657930109747,58.72915278174087,58.72915278174087,False,Synthetic feature-driven placeholder comment.,-0.3583378408524605,-0.1527662554529231,0.7972705919658362,1.6270752922517937
F033,group_01,id_like_to_know,I'd Like To Know,mix_9ffcd672af17,id_like_to_know_pxl_s1,PXL-S1,FM-1,3,-1.3706083561622606,61.41077791641041,61.85125720870177,61.85125720870177,False,Synthetic feature-driven placeholder comment.,-0.5659114167269081,-0.579304038497624,-0.4851205015292653,1.357247686182373
F033,group_01,id_like_to_know,I'd Like To Know,mix_65f41f41d3ab,id_like_to_know_pxl_s3,PXL-S3,FM-1,4,0.39777798146276877,66.01299067899829,51.96206618050068,51.96206618050068,False,Synthetic feature-driven placeholder comment.,0.3234844364321996,-1.065060189455143,-1.1651773700507613,-0.0982478955990668
F033,group_01,id_like_to_know,I'd Like To Know,mix_b393d3919c78,id_like_to_know_pxl_s7,PXL-S7,FM-1,5,-1.6974528208642186,62.41666565993405,55.98066925813031,55.98066925813031,False,Synthetic feature-driven placeholder comment.,-0.867056238017743,-0.6188407399054331,-0.3229009373128245,-1.0515106991885117
F034,group_02,in_the_meantime,In The Meantime,mix_9baa86357fd4,in_the_meantime_du_i,DU-I,EDR-1,1,-7.7211527946122915,53.82214663558739,67.78876799907395,67.78876799907395,False,Synthetic feature-driven placeholder comment.,-1.8990066727669184,1.9187185345499165,0.5415536857115313,-0.721703057329889
F034,group_02,in_the_meantime,In The Meantime,mix_cdaef40f2b94,in_the_meantime_qut_pro,QUT-pro,EDR-1,2,5.513631733764184,67.90040760721801,65.83272753143729,65.83272753143729,False,Synthetic feature-driven placeholder comment.,-0.6756280657690176,-1.4346341192827423,1.8511013279434223,-0.7325346788768815
F034,group_02,in_the_meantime,In The Meantime,mix_302f0efe8a80,in_the_meantime_du_h,DU-H,EDR-1,3,-0.779898277359731,66.06879772905135,65.84152228839692,65.84152228839692,False,Synthetic feature-driven placeholder comment.,0.6887214233465396,0.2719152524959843,-0.8693704120952901,0.8234428342152216
F034,group_02,in_the_meantime,In The Meantime,mix_c7bdcba64775,in_the_meantime_qut_b,QUT-B,EDR-1,4,-4.883741826428456,56.97684958599497,62.16757565325279,62.16757565325279,False,Synthetic feature-driven placeholder comment.,-0.6698107538710293,-0.1978340618743536,-1.5468197375217057,0.0908009789400507
F034,group_02,in_the_meantime,In The Meantime,mix_56e65a3ce054,in_the_meantime_du_k,DU-K,EDR-1,5,-4.439003297698766,59.63939567934651,57.07258429630006,57.07258429630006,False,Synthetic feature-driven placeholder comment.,-1.1193186569455127,1.7918041562064675,0.9713104079970216,0.4372547184671072
F034,group_02,in_the_meantime,In The Meantime,mix_9baa86357fd4,in_the_meantime_du_i,DU-I,EDR-2,1,-7.7211527946122915,50.32214663558739,60.29700406051755,60.29700406051755,False,Synthetic feature-driven placeholder comment.,-1.8990066727669184,1.9187185345499165,0.5415536857115313,-0.721703057329889
F034,group_02,in_the_meantime,In The Meantime,mix_c7bdcba64775,in_the_meantime_qut_b,QUT-B,EDR-2,2,-4.883741826428456,53.47684958599498,32.981624761996194,32.981624761996194,False,Synthetic feature-driven placeholder comment.,-0.6698107538710293,-0.1978340618743536,-1.5468197375217057,0.0908009789400507
F034,group_02,in_the_meantime,In The Meantime,mix_56e65a3ce054,in_the_meantime_du_k,DU-K,EDR-2,3,-4.439003297698766,56.1393956793465,57.714002705378036,57.714002705378036,False,Synthetic feature-driven placeholder comment.,-1.1193186569455127,1.7918041562064675,0.9713104079970216,0.4372547184671072
F034,group_02,in_the_meantime,In The Meantime,mix_302f0efe8a80,in_the_meantime_du_h,DU-H,EDR-2,4,-0.779898277359731,62.56879772905135,53.98776834736628,53.98776834736628,False,Synthetic feature-driven placeholder comment.,0.6887214233465396,0.2719152524959843,-0.8693704120952901,0.8234428342152216
F034,group_02,in_the_meantime,In The Meantime,mix_cdaef40f2b94,in_the_meantime_qut_pro,QUT-pro,EDR-2,5,5.513631733764184,64.40040760721801,64.32481476928871,64.32481476928871,False,Synthetic feature-driven placeholder comment.,-0.6756280657690176,-1.4346341192827423,1.8511013279434223,-0.7325346788768815
F034,group_02,in_the_meantime,In The Meantime,mix_cdaef40f2b94,in_the_meantime_qut_pro,QUT-pro,FM-1,1,5.513631733764184,66.90040760721801,65.79306089123955,65.79306089123955,False,Synthetic feature-driven placeholder comment.,-0.6756280657690176,-1.4346341192827423,1.8511013279434223,-0.7325346788768815
F034,group_02,in_the_meantime,In The Meantime,mix_56e65a3ce054,in_the_meantime_du_k,DU-K,FM-1,2,-4.439003297698766,58.63939567934651,53.526476893702124,53.526476893702124,False,Synthetic feature-driven placeholder comment.,-1.1193186569455127,1.7918041562064675,0.9713104079970216,0.4372547184671072
F034,group_02,in_the_meantime,In The Meantime,mix_9baa86357fd4,in_the_meantime_du_i,DU-I,FM-1,3,-7.7211527946122915,52.82214663558739,52.11706147369652,52.11706147369652,False,Synthetic feature-driven placeholder comment.,-1.8990066727669184,1.9187185345499165,0.5415536857115313,-0.721703057329889
F034,group_02,in_the_meantime,In The Meantime,mix_c7bdcba64775,in_the_meantime_qut_b,QUT-B,FM-1,4,-4.883741826428456,55.97684958599498,50.66798361961718,50.66798361961718,False,Synthetic feature-driven placeholder comment.,-0.6698107538710293,-0.1978340618743536,-1.5468197375217057,0.0908009789400507
F034,group_02,in_the_meantime,In The Meantime,mix_302f0efe8a80,in_the_meantime_du_h,DU-H,FM-1,5,-0.779898277359731,65.06879772905135,64.30099590746124,64.30099590746124,False,Synthetic feature-driven placeholder comment.,0.6887214233465396,0.2719152524959843,-0.8693704120952901,0.8234428342152216
F034,group_02,pouring_room,Pouring Room,mix_be2ccd4c43ff,pouring_room_mcg_t,McG-T,EDR-1,1,1.860080740948886,67.1856645855878,62.315868477681775,62.315868477681775,False,Synthetic feature-driven placeholder comment.,-0.0814371595061495,1.1238301932737935,1.926895983278192,-0.8792578396079359
F034,group_02,pouring_room,Pouring Room,mix_132e75f34470,pouring_room_mcg_pro1,McG-pro1,EDR-1,2,1.9624437219793534,68.55903455463938,60.552357461254346,60.552357461254346,False,Synthetic feature-driven placeholder comment.,1.177821012274786,0.1366958746221527,-0.3534041622732912,-0.9473754159948484
F034,group_02,pouring_room,Pouring Room,mix_0ba76f420c1d,pouring_room_mcg_r,McG-R,EDR-1,3,3.5333626255955455,69.21385306026562,55.86966062058717,55.86966062058717,False,Synthetic feature-driven placeholder comment.,0.2249858589620197,-0.521538265731174,0.8057256670690561,-1.2630720295337683
F034,group_02,pouring_room,Pouring Room,mix_e08faaf8bbb3,pouring_room_mcg_v,McG-V,EDR-1,4,-2.460604585630299,60.20395865713457,63.46278416983609,63.46278416983609,False,Synthetic feature-driven placeholder comment.,0.2009523983216312,1.112208706920678,-0.2814967551013548,-0.938440679331238
F034,group_02,pouring_room,Pouring Room,mix_cbf8555ee2b2,pouring_room_mcg_x,McG-X,EDR-1,5,1.3892606412929467,59.387645210318624,54.93353415190787,54.93353415190787,False,Synthetic feature-driven placeholder comment.,0.4494273963527286,0.780552768870155,0.8086566197405122,-0.4801297779726206
F034,group_02,pouring_room,Pouring Room,mix_0ba76f420c1d,pouring_room_mcg_r,McG-R,EDR-2,1,3.5333626255955455,65.71385306026562,53.55862500502401,53.55862500502401,False,Synthetic feature-driven placeholder comment.,0.2249858589620197,-0.521538265731174,0.8057256670690561,-1.2630720295337683
F034,group_02,pouring_room,Pouring Room,mix_be2ccd4c43ff,pouring_room_mcg_t,McG-T,EDR-2,2,1.860080740948886,63.685664585587794,62.42055868049299,62.42055868049299,False,Synthetic feature-driven placeholder comment.,-0.0814371595061495,1.1238301932737935,1.926895983278192,-0.8792578396079359
F034,group_02,pouring_room,Pouring Room,mix_e08faaf8bbb3,pouring_room_mcg_v,McG-V,EDR-2,3,-2.460604585630299,56.703958657134564,47.382942159985625,47.382942159985625,False,Synthetic feature-driven placeholder comment.,0.2009523983216312,1.112208706920678,-0.2814967551013548,-0.938440679331238
F034,group_02,pouring_room,Pouring Room,mix_132e75f34470,pouring_room_mcg_pro1,McG-pro1,EDR-2,4,1.9624437219793534,65.05903455463938,64.69074684050132,64.69074684050132,False,Synthetic feature-driven placeholder comment.,1.177821012274786,0.1366958746221527,-0.3534041622732912,-0.9473754159948484
F034,group_02,pouring_room,Pouring Room,mix_cbf8555ee2b2,pouring_room_mcg_x,McG-X,EDR-2,5,1.3892606412929467,55.887645210318624,63.22487416411697,63.22487416411697,False,Synthetic feature-driven placeholder comment.,0.4494273963527286,0.780552768870155,0.8086566197405122,-0.4801297779726206
F034,group_02,pouring_room,Pouring Room,mix_cbf8555ee2b2,pouring_room_mcg_x,McG-X,FM-1,1,1.3892606412929467,58.387645210318624,83.33423743019245,83.33423743019245,False,Synthetic feature-driven placeholder comment.,0.4494273963527286,0.780552768870155,0.8086566197405122,-0.4801297779726206
F034,group_02,pouring_room,Pouring Room,mix_0ba76f420c1d,pouring_room_mcg_r,McG-R,FM-1,2,3.5333626255955455,68.21385306026562,69.30275544981345,69.30275544981345,False,Synthetic feature-driven placeholder comment.,0.2249858589620197,-0.521538265731174,0.8057256670690561,-1.2630720295337683
F034,group_02,pouring_room,Pouring Room,mix_e08faaf8bbb3,pouring_room_mcg_v,McG-V,FM-1,3,-2.460604585630299,59.20395865713457,70.68768113117,70.68768113117,False,Synthetic feature-driven placeholder comment.,0.2009523983216312,1.112208706920678,-0.2814967551013548,-0.938440679331238
F034,group_02,pouring_room,Pouring Room,mix_be2ccd4c43ff,pouring_room_mcg_t,McG-T,FM-1,4,1.860080740948886,66.1856645855878,51.2553247436253,51.2553247436253,False,Synthetic feature-driven placeholder comment.,-0.0814371595061495,1.1238301932737935,1.926895983278192,-0.8792578396079359
F034,group_02,pouring_room,Pouring Room,mix_132e75f34470,pouring_room_mcg_pro1,McG-pro1,FM-1,5,1.9624437219793534,67.55903455463938,60.34081021721797,60.34081021721797,False,Synthetic feature-driven placeholder comment.,1.177821012274786,0.1366958746221527,-0.3534041622732912,-0.9473754159948484
F035,group_01,lead_me,Lead Me,mix_d3e3580b6e30,lead_me_mcg_pro2,McG-pro2,EDR-1,1,3.814031642297137,78.9604620513849,80.94208004226849,80.94208004226849,False,Synthetic feature-driven placeholder comment.,2.9805308263561203,0.8594252384169624,-0.9263284806752846,0.048773555233824
F035,group_01,lead_me,Lead Me,mix_f1f7973e5bac,lead_me_du_d,DU-D,EDR-1,2,5.9315598802398135,77.80268463854733,62.96243511468811,62.96243511468811,False,Synthetic feature-driven placeholder comment.,0.7402857811167308,-1.548717422055362,0.3280479404435016,-1.017146833506479
F035,group_01,lead_me,Lead Me,mix_c7d9a071ba25,lead_me_pxl_l4,PXL-L4,EDR-1,3,3.536878170598983,73.6924522980262,80.69066219071493,80.69066219071493,False,Synthetic feature-driven placeholder comment.,-0.0552007785055364,-0.8412121981784734,0.8321106863211235,2.390299590706203
F035,group_01,lead_me,Lead Me,mix_271852ba8676,lead_me_du_e,DU-E,EDR-1,4,-5.750339322248495,61.67831424931774,64.64861231055593,64.64861231055593,False,Synthetic feature-driven placeholder comment.,-1.0250576971995913,0.5199952869185839,-0.8666083508697964,0.9959336464039888
F035,group_01,lead_me,Lead Me,mix_d5b28dfc8a93,lead_me_pxl_l1,PXL-L1,EDR-1,5,-2.181930306539545,69.3381039835233,70.66177900888306,70.66177900888306,False,Synthetic feature-driven placeholder comment.,-0.0024436394808062,-0.3677713699084406,-1.2816942263900757,-0.1924460334762285
F035,group_01,lead_me,Lead Me,mix_271852ba8676,lead_me_du_e,DU-E,EDR-2,1,-5.750339322248495,58.178314249317744,60.46917003785525,60.46917003785525,False,Synthetic feature-driven placeholder comment.,-1.0250576971995913,0.5199952869185839,-0.8666083508697964,0.9959336464039888
F035,group_01,lead_me,Lead Me,mix_d3e3580b6e30,lead_me_mcg_pro2,McG-pro2,EDR-2,2,3.814031642297137,75.4604620513849,69.51008468207715,69.51008468207715,False,Synthetic feature-driven placeholder comment.,2.9805308263561203,0.8594252384169624,-0.9263284806752846,0.048773555233824
F035,group_01,lead_me,Lead Me,mix_d5b28dfc8a93,lead_me_pxl_l1,PXL-L1,EDR-2,3,-2.181930306539545,65.8381039835233,72.511433465142,72.511433465142,False,Synthetic feature-driven placeholder comment.,-0.0024436394808062,-0.3677713699084406,-1.2816942263900757,-0.1924460334762285
F035,group_01,lead_me,Lead Me,mix_c7d9a071ba25,lead_me_pxl_l4,PXL-L4,EDR-2,4,3.536878170598983,70.1924522980262,70.18786063505061,70.18786063505061,False,Synthetic feature-driven placeholder comment.,-0.0552007785055364,-0.8412121981784734,0.8321106863211235,2.390299590706203
F035,group_01,lead_me,Lead Me,mix_f1f7973e5bac,lead_me_du_d,DU-D,EDR-2,5,5.9315598802398135,74.30268463854733,69.71446521960902,69.71446521960902,False,Synthetic feature-driven placeholder comment.,0.7402857811167308,-1.548717422055362,0.3280479404435016,-1.017146833506479
F035,group_01,lead_me,Lead Me,mix_271852ba8676,lead_me_du_e,DU-E,FM-1,1,-5.750339322248495,60.678314249317744,50.148169715316776,50.148169715316776,False,Synthetic feature-driven placeholder comment.,-1.0250576971995913,0.5199952869185839,-0.8666083508697964,0.9959336464039888
F035,group_01,lead_me,Lead Me,mix_d5b28dfc8a93,lead_me_pxl_l1,PXL-L1,FM-1,2,-2.181930306539545,68.3381039835233,63.189911829783796,63.189911829783796,False,Synthetic feature-driven placeholder comment.,-0.0024436394808062,-0.3677713699084406,-1.2816942263900757,-0.1924460334762285
F035,group_01,lead_me,Lead Me,mix_d3e3580b6e30,lead_me_mcg_pro2,McG-pro2,FM-1,3,3.814031642297137,77.9604620513849,72.712477815346,72.712477815346,False,Synthetic feature-driven placeholder comment.,2.9805308263561203,0.8594252384169624,-0.9263284806752846,0.048773555233824
F035,group_01,lead_me,Lead Me,mix_f1f7973e5bac,lead_me_du_d,DU-D,FM-1,4,5.9315598802398135,76.80268463854733,77.05329250975086,77.05329250975086,False,Synthetic feature-driven placeholder comment.,0.7402857811167308,-1.548717422055362,0.3280479404435016,-1.017146833506479
F035,group_01,lead_me,Lead Me,mix_c7d9a071ba25,lead_me_pxl_l4,PXL-L4,FM-1,5,3.536878170598983,72.6924522980262,68.08263125857508,68.08263125857508,False,Synthetic feature-driven placeholder comment.,-0.0552007785055364,-0.8412121981784734,0.8321106863211235,2.390299590706203
F035,group_01,id_like_to_know,I'd Like To Know,mix_b393d3919c78,id_like_to_know_pxl_s7,PXL-S7,EDR-1,1,-1.6974528208642186,66.16708522680663,66.25542289901233,66.25542289901233,False,Synthetic feature-driven placeholder comment.,-0.867056238017743,-0.6188407399054331,-0.3229009373128245,-1.0515106991885117
F035,group_01,id_like_to_know,I'd Like To Know,mix_9ffcd672af17,id_like_to_know_pxl_s1,PXL-S1,EDR-1,2,-1.3706083561622606,65.161197483283,52.261757286531264,52.261757286531264,False,Synthetic feature-driven placeholder comment.,-0.5659114167269081,-0.579304038497624,-0.4851205015292653,1.357247686182373
F035,group_01,id_like_to_know,I'd Like To Know,mix_82d60d7c7fc5,id_like_to_know_pxl_s5,PXL-S5,EDR-1,3,1.2228531117561643,74.97699886797007,63.166469948802956,63.166469948802956,False,Synthetic feature-driven placeholder comment.,-0.3583378408524605,-0.1527662554529231,0.7972705919658362,1.6270752922517937
F035,group_01,id_like_to_know,I'd Like To Know,mix_6f8b655d7999,id_like_to_know_pxl_s2,PXL-S2,EDR-1,4,2.122851337608373,73.06044972534507,75.27220458475797,75.27220458475797,False,Synthetic feature-driven placeholder comment.,0.5329997864789321,-1.1874673519330532,-0.7637519766505488,0.5510366380169074
F035,group_01,id_like_to_know,I'd Like To Know,mix_65f41f41d3ab,id_like_to_know_pxl_s3,PXL-S3,EDR-1,5,0.39777798146276877,69.76341024587089,67.9063632394495,67.9063632394495,False,Synthetic feature-driven placeholder comment.,0.3234844364321996,-1.065060189455143,-1.1651773700507613,-0.0982478955990668
F035,group_01,id_like_to_know,I'd Like To Know,mix_65f41f41d3ab,id_like_to_know_pxl_s3,PXL-S3,EDR-2,1,0.39777798146276877,66.26341024587089,67.0088733220931,67.0088733220931,False,Synthetic feature-driven placeholder comment.,0.3234844364321996,-1.065060189455143,-1.1651773700507613,-0.0982478955990668
F035,group_01,id_like_to_know,I'd Like To Know,mix_9ffcd672af17,id_like_to_know_pxl_s1,PXL-S1,EDR-2,2,-1.3706083561622606,61.66119748328302,62.91721885258017,62.91721885258017,False,Synthetic feature-driven placeholder comment.,-0.5659114167269081,-0.579304038497624,-0.4851205015292653,1.357247686182373
F035,group_01,id_like_to_know,I'd Like To Know,mix_82d60d7c7fc5,id_like_to_know_pxl_s5,PXL-S5,EDR-2,3,1.2228531117561643,71.47699886797007,78.47428126059594,78.47428126059594,False,Synthetic feature-driven placeholder comment.,-0.3583378408524605,-0.1527662554529231,0.7972705919658362,1.6270752922517937
F035,group_01,id_like_to_know,I'd Like To Know,mix_6f8b655d7999,id_like_to_know_pxl_s2,PXL-S2,EDR-2,4,2.122851337608373,69.56044972534507,71.79555545675167,71.79555545675167,False,Synthetic feature-driven placeholder comment.,0.5329997864789321,-1.1874673519330532,-0.7637519766505488,0.5510366380169074
F035,group_01,id_like_to_know,I'd Like To Know,mix_b393d3919c78,id_like_to_know_pxl_s7,PXL-S7,EDR-2,5,-1.6974528208642186,62.66708522680664,55.14196232481051,55.14196232481051,False,Synthetic feature-driven placeholder comment.,-0.867056238017743,-0.6188407399054331,-0.3229009373128245,-1.0515106991885117
F035,group_01,id_like_to_know,I'd Like To Know,mix_9ffcd672af17,id_like_to_know_pxl_s1,PXL-S1,FM-1,1,-1.3706083561622606,64.161197483283,63.46173504295508,63.46173504295508,False,Synthetic feature-driven placeholder comment.,-0.5659114167269081,-0.579304038497624,-0.4851205015292653,1.357247686182373
F035,group_01,id_like_to_know,I'd Like To Know,mix_65f41f41d3ab,id_like_to_know_pxl_s3,PXL-S3,FM-1,2,0.39777798146276877,68.76341024587089,76.40638736629688,76.40638736629688,False,Synthetic feature-driven placeholder comment.,0.3234844364321996,-1.065060189455143,-1.1651773700507613,-0.0982478955990668
F035,group_01,id_like_to_know,I'd Like To Know,mix_6f8b655d7999,id_like_to_know_pxl_s2,PXL-S2,FM-1,3,2.122851337608373,72.06044972534507,75.81526660123605,75.81526660123605,False,Synthetic feature-driven placeholder comment.,0.5329997864789321,-1.1874673519330532,-0.7637519766505488,0.5510366380169074
F035,group_01,id_like_to_know,I'd Like To Know,mix_b393d3919c78,id_like_to_know_pxl_s7,PXL-S7,FM-1,4,-1.6974528208642186,65.16708522680663,58.787478872593056,58.787478872593056,False,Synthetic feature-driven placeholder comment.,-0.867056238017743,-0.6188407399054331,-0.3229009373128245,-1.0515106991885117
F035,group_01,id_like_to_know,I'd Like To Know,mix_82d60d7c7fc5,id_like_to_know_pxl_s5,PXL-S5,FM-1,5,1.2228531117561643,73.97699886797007,82.83921922123236,82.83921922123236,False,Synthetic feature-driven placeholder comment.,-0.3583378408524605,-0.1527662554529231,0.7972705919658362,1.6270752922517937
F036,group_02,in_the_meantime,In The Meantime,mix_9baa86357fd4,in_the_meantime_du_i,DU-I,EDR-1,1,-7.7211527946122915,75.9240574749828,73.18268031981304,73.18268031981304,False,Synthetic feature-driven placeholder comment.,-1.8990066727669184,1.9187185345499165,0.5415536857115313,-0.721703057329889
F036,group_02,in_the_meantime,In The Meantime,mix_302f0efe8a80,in_the_meantime_du_h,DU-H,EDR-1,2,-0.779898277359731,88.17070856844677,71.86056200149947,71.86056200149947,False,Synthetic feature-driven placeholder comment.,0.6887214233465396,0.2719152524959843,-0.8693704120952901,0.8234428342152216
F036,group_02,in_the_meantime,In The Meantime,mix_56e65a3ce054,in_the_meantime_du_k,DU-K,EDR-1,3,-4.439003297698766,81.74130651874192,81.28488317622066,81.28488317622066,False,Synthetic feature-driven placeholder comment.,-1.1193186569455127,1.7918041562064675,0.9713104079970216,0.4372547184671072
F036,group_02,in_the_meantime,In The Meantime,mix_cdaef40f2b94,in_the_meantime_qut_pro,QUT-pro,EDR-1,4,5.513631733764184,90.00231844661343,91.48530135414866,91.48530135414866,False,Synthetic feature-driven placeholder comment.,-0.6756280657690176,-1.4346341192827423,1.8511013279434223,-0.7325346788768815
F036,group_02,in_the_meantime,In The Meantime,mix_c7bdcba64775,in_the_meantime_qut_b,QUT-B,EDR-1,5,-4.883741826428456,79.07876042539039,76.13369181542902,76.13369181542902,False,Synthetic feature-driven placeholder comment.,-0.6698107538710293,-0.1978340618743536,-1.5468197375217057,0.0908009789400507
F036,group_02,in_the_meantime,In The Meantime,mix_56e65a3ce054,in_the_meantime_du_k,DU-K,EDR-2,1,-4.439003297698766,78.24130651874192,76.97411896011134,76.97411896011134,False,Synthetic feature-driven placeholder comment.,-1.1193186569455127,1.7918041562064675,0.9713104079970216,0.4372547184671072
F036,group_02,in_the_meantime,In The Meantime,mix_cdaef40f2b94,in_the_meantime_qut_pro,QUT-pro,EDR-2,2,5.513631733764184,86.50231844661343,79.28093899037948,79.28093899037948,False,Synthetic feature-driven placeholder comment.,-0.6756280657690176,-1.4346341192827423,1.8511013279434223,-0.7325346788768815
F036,group_02,in_the_meantime,In The Meantime,mix_c7bdcba64775,in_the_meantime_qut_b,QUT-B,EDR-2,3,-4.883741826428456,75.5787604253904,78.69938096225478,78.69938096225478,False,Synthetic feature-driven placeholder comment.,-0.6698107538710293,-0.1978340618743536,-1.5468197375217057,0.0908009789400507
F036,group_02,in_the_meantime,In The Meantime,mix_302f0efe8a80,in_the_meantime_du_h,DU-H,EDR-2,4,-0.779898277359731,84.67070856844677,79.074999612069,79.074999612069,False,Synthetic feature-driven placeholder comment.,0.6887214233465396,0.2719152524959843,-0.8693704120952901,0.8234428342152216
F036,group_02,in_the_meantime,In The Meantime,mix_9baa86357fd4,in_the_meantime_du_i,DU-I,EDR-2,5,-7.7211527946122915,72.4240574749828,76.07012703557,76.07012703557,False,Synthetic feature-driven placeholder comment.,-1.8990066727669184,1.9187185345499165,0.5415536857115313,-0.721703057329889
F036,group_02,in_the_meantime,In The Meantime,mix_9baa86357fd4,in_the_meantime_du_i,DU-I,FM-1,1,-7.7211527946122915,74.9240574749828,74.56212716640549,74.56212716640549,False,Synthetic feature-driven placeholder comment.,-1.8990066727669184,1.9187185345499165,0.5415536857115313,-0.721703057329889
F036,group_02,in_the_meantime,In The Meantime,mix_c7bdcba64775,in_the_meantime_qut_b,QUT-B,FM-1,2,-4.883741826428456,78.0787604253904,79.8201039025449,79.8201039025449,False,Synthetic feature-driven placeholder comment.,-0.6698107538710293,-0.1978340618743536,-1.5468197375217057,0.0908009789400507
F036,group_02,in_the_meantime,In The Meantime,mix_302f0efe8a80,in_the_meantime_du_h,DU-H,FM-1,3,-0.779898277359731,87.17070856844677,88.71977525885971,88.71977525885971,False,Synthetic feature-driven placeholder comment.,0.6887214233465396,0.2719152524959843,-0.8693704120952901,0.8234428342152216
F036,group_02,in_the_meantime,In The Meantime,mix_cdaef40f2b94,in_the_meantime_qut_pro,QUT-pro,FM-1,4,5.513631733764184,89.00231844661343,86.85668436054148,86.85668436054148,False,Synthetic feature-driven placeholder comment.,-0.6756280657690176,-1.4346341192827423,1.8511013279434223,-0.7325346788768815
F036,group_02,in_the_meantime,In The Meantime,mix_56e65a3ce054,in_the_meantime_du_k,DU-K,FM-1,5,-4.439003297698766,80.74130651874192,67.3601178503668,67.3601178503668,False,Synthetic feature-driven placeholder comment.,-1.1193186569455127,1.7918041562064675,0.9713104079970216,0.4372547184671072
F036,group_02,pouring_room,Pouring Room,mix_cbf8555ee2b2,pouring_room_mcg_x,McG-X,EDR-1,1,1.3892606412929467,81.48955604971404,94.46187165913294,94.46187165913294,False,Synthetic feature-driven placeholder comment.,0.4494273963527286,0.780552768870155,0.8086566197405122,-0.4801297779726206
F036,group_02,pouring_room,Pouring Room,mix_132e75f34470,pouring_room_mcg_pro1,McG-pro1,EDR-1,2,1.9624437219793534,90.6609453940348,109.11017997018939,100.0,True,Synthetic feature-driven placeholder comment.,1.177821012274786,0.1366958746221527,-0.3534041622732912,-0.9473754159948484
F036,group_02,pouring_room,Pouring Room,mix_0ba76f420c1d,pouring_room_mcg_r,McG-R,EDR-1,3,3.5333626255955455,91.31576389966104,93.16579742832937,93.16579742832937,False,Synthetic feature-driven placeholder comment.,0.2249858589620197,-0.521538265731174,0.8057256670690561,-1.2630720295337683
F036,group_02,pouring_room,Pouring Room,mix_e08faaf8bbb3,pouring_room_mcg_v,McG-V,EDR-1,4,-2.460604585630299,82.30586949652998,75.69878654329408,75.69878654329408,False,Synthetic feature-driven placeholder comment.,0.2009523983216312,1.112208706920678,-0.2814967551013548,-0.938440679331238
F036,group_02,pouring_room,Pouring Room,mix_be2ccd4c43ff,pouring_room_mcg_t,McG-T,EDR-1,5,1.860080740948886,89.28757542498322,91.04669537947431,91.04669537947431,False,Synthetic feature-driven placeholder comment.,-0.0814371595061495,1.1238301932737935,1.926895983278192,-0.8792578396079359
F036,group_02,pouring_room,Pouring Room,mix_132e75f34470,pouring_room_mcg_pro1,McG-pro1,EDR-2,1,1.9624437219793534,87.1609453940348,91.67565448709217,91.67565448709217,False,Synthetic feature-driven placeholder comment.,1.177821012274786,0.1366958746221527,-0.3534041622732912,-0.9473754159948484
F036,group_02,pouring_room,Pouring Room,mix_e08faaf8bbb3,pouring_room_mcg_v,McG-V,EDR-2,2,-2.460604585630299,78.80586949652998,92.3695944872069,92.3695944872069,False,Synthetic feature-driven placeholder comment.,0.2009523983216312,1.112208706920678,-0.2814967551013548,-0.938440679331238
F036,group_02,pouring_room,Pouring Room,mix_be2ccd4c43ff,pouring_room_mcg_t,McG-T,EDR-2,3,1.860080740948886,85.78757542498322,89.88518259138127,89.88518259138127,False,Synthetic feature-driven placeholder comment.,-0.0814371595061495,1.1238301932737935,1.926895983278192,-0.8792578396079359
F036,group_02,pouring_room,Pouring Room,mix_cbf8555ee2b2,pouring_room_mcg_x,McG-X,EDR-2,4,1.3892606412929467,77.98955604971404,82.54645881385369,82.54645881385369,False,Synthetic feature-driven placeholder comment.,0.4494273963527286,0.780552768870155,0.8086566197405122,-0.4801297779726206
F036,group_02,pouring_room,Pouring Room,mix_0ba76f420c1d,pouring_room_mcg_r,McG-R,EDR-2,5,3.5333626255955455,87.81576389966104,71.49759277333368,71.49759277333368,False,Synthetic feature-driven placeholder comment.,0.2249858589620197,-0.521538265731174,0.8057256670690561,-1.2630720295337683
F036,group_02,pouring_room,Pouring Room,mix_0ba76f420c1d,pouring_room_mcg_r,McG-R,FM-1,1,3.5333626255955455,90.31576389966104,87.57974957412323,87.57974957412323,False,Synthetic feature-driven placeholder comment.,0.2249858589620197,-0.521538265731174,0.8057256670690561,-1.2630720295337683
F036,group_02,pouring_room,Pouring Room,mix_cbf8555ee2b2,pouring_room_mcg_x,McG-X,FM-1,2,1.3892606412929467,80.48955604971404,69.78202193444297,69.78202193444297,False,Synthetic feature-driven placeholder comment.,0.4494273963527286,0.780552768870155,0.8086566197405122,-0.4801297779726206
F036,group_02,pouring_room,Pouring Room,mix_132e75f34470,pouring_room_mcg_pro1,McG-pro1,FM-1,3,1.9624437219793534,89.6609453940348,103.87108758630006,100.0,True,Synthetic feature-driven placeholder comment.,1.177821012274786,0.1366958746221527,-0.3534041622732912,-0.9473754159948484
F036,group_02,pouring_room,Pouring Room,mix_e08faaf8bbb3,pouring_room_mcg_v,McG-V,FM-1,4,-2.460604585630299,81.30586949652998,80.68532914653576,80.68532914653576,False,Synthetic feature-driven placeholder comment.,0.2009523983216312,1.112208706920678,-0.2814967551013548,-0.938440679331238
F036,group_02,pouring_room,Pouring Room,mix_be2ccd4c43ff,pouring_room_mcg_t,McG-T,FM-1,5,1.860080740948886,88.28757542498322,85.90453040070928,85.90453040070928,False,Synthetic feature-driven placeholder comment.,-0.0814371595061495,1.1238301932737935,1.926895983278192,-0.8792578396079359
F037,group_01,lead_me,Lead Me,mix_c7d9a071ba25,lead_me_pxl_l4,PXL-L4,EDR-1,1,3.536878170598983,79.0506378209623,88.28214804144245,88.28214804144245,False,Synthetic feature-driven placeholder comment.,-0.0552007785055364,-0.8412121981784734,0.8321106863211235,2.390299590706203
F037,group_01,lead_me,Lead Me,mix_f1f7973e5bac,lead_me_du_d,DU-D,EDR-1,2,5.9315598802398135,83.16087016148342,88.86828762822077,88.86828762822077,False,Synthetic feature-driven placeholder comment.,0.7402857811167308,-1.548717422055362,0.3280479404435016,-1.017146833506479
F037,group_01,lead_me,Lead Me,mix_d5b28dfc8a93,lead_me_pxl_l1,PXL-L1,EDR-1,3,-2.181930306539545,74.69628950645938,68.95471943112489,68.95471943112489,False,Synthetic feature-driven placeholder comment.,-0.0024436394808062,-0.3677713699084406,-1.2816942263900757,-0.1924460334762285
F037,group_01,lead_me,Lead Me,mix_271852ba8676,lead_me_du_e,DU-E,EDR-1,4,-5.750339322248495,67.03649977225383,70.55794650453863,70.55794650453863,False,Synthetic feature-driven placeholder comment.,-1.0250576971995913,0.5199952869185839,-0.8666083508697964,0.9959336464039888
F037,group_01,lead_me,Lead Me,mix_d3e3580b6e30,lead_me_mcg_pro2,McG-pro2,EDR-1,5,3.814031642297137,84.31864757432098,89.39015951441888,89.39015951441888,False,Synthetic feature-driven placeholder comment.,2.9805308263561203,0.8594252384169624,-0.9263284806752846,0.048773555233824
F037,group_01,lead_me,Lead Me,mix_d5b28dfc8a93,lead_me_pxl_l1,PXL-L1,EDR-2,1,-2.181930306539545,71.19628950645938,69.1904417704468,69.1904417704468,False,Synthetic feature-driven placeholder comment.,-0.0024436394808062,-0.3677713699084406,-1.2816942263900757,-0.1924460334762285
F037,group_01,lead_me,Lead Me,mix_f1f7973e5bac,lead_me_du_d,DU-D,EDR-2,2,5.9315598802398135,79.66087016148342,86.2212585295671,86.2212585295671,False,Synthetic feature-driven placeholder comment.,0.7402857811167308,-1.548717422055362,0.3280479404435016,-1.017146833506479
F037,group_01,lead_me,Lead Me,mix_271852ba8676,lead_me_du_e,DU-E,EDR-2,3,-5.750339322248495,63.53649977225383,57.970510629142275,57.970510629142275,False,Synthetic feature-driven placeholder comment.,-1.0250576971995913,0.5199952869185839,-0.8666083508697964,0.9959336464039888
F037,group_01,lead_me,Lead Me,mix_c7d9a071ba25,lead_me_pxl_l4,PXL-L4,EDR-2,4,3.536878170598983,75.5506378209623,80.98169111919451,80.98169111919451,False,Synthetic feature-driven placeholder comment.,-0.0552007785055364,-0.8412121981784734,0.8321106863211235,2.390299590706203
F037,group_01,lead_me,Lead Me,mix_d3e3580b6e30,lead_me_mcg_pro2,McG-pro2,EDR-2,5,3.814031642297137,80.81864757432098,91.10634473080043,91.10634473080043,False,Synthetic feature-driven placeholder comment.,2.9805308263561203,0.8594252384169624,-0.9263284806752846,0.048773555233824
F037,group_01,lead_me,Lead Me,mix_c7d9a071ba25,lead_me_pxl_l4,PXL-L4,FM-1,1,3.536878170598983,78.0506378209623,71.4173040781431,71.4173040781431,False,Synthetic feature-driven placeholder comment.,-0.0552007785055364,-0.8412121981784734,0.8321106863211235,2.390299590706203
F037,group_01,lead_me,Lead Me,mix_f1f7973e5bac,lead_me_du_d,DU-D,FM-1,2,5.9315598802398135,82.16087016148342,87.04454358662574,87.04454358662574,False,Synthetic feature-driven placeholder comment.,0.7402857811167308,-1.548717422055362,0.3280479404435016,-1.017146833506479
F037,group_01,lead_me,Lead Me,mix_271852ba8676,lead_me_du_e,DU-E,FM-1,3,-5.750339322248495,66.03649977225383,74.20817779961484,74.20817779961484,False,Synthetic feature-driven placeholder comment.,-1.0250576971995913,0.5199952869185839,-0.8666083508697964,0.9959336464039888
F037,group_01,lead_me,Lead Me,mix_d5b28dfc8a93,lead_me_pxl_l1,PXL-L1,FM-1,4,-2.181930306539545,73.69628950645938,80.71804980389054,80.71804980389054,False,Synthetic feature-driven placeholder comment.,-0.0024436394808062,-0.3677713699084406,-1.2816942263900757,-0.1924460334762285
F037,group_01,lead_me,Lead Me,mix_d3e3580b6e30,lead_me_mcg_pro2,McG-pro2,FM-1,5,3.814031642297137,83.31864757432098,76.48068842129625,76.48068842129625,False,Synthetic feature-driven placeholder comment.,2.9805308263561203,0.8594252384169624,-0.9263284806752846,0.048773555233824
F037,group_01,id_like_to_know,I'd Like To Know,mix_65f41f41d3ab,id_like_to_know_pxl_s3,PXL-S3,EDR-1,1,0.39777798146276877,75.12159576880697,75.86072274157948,75.86072274157948,False,Synthetic feature-driven placeholder comment.,0.3234844364321996,-1.065060189455143,-1.1651773700507613,-0.0982478955990668
F037,group_01,id_like_to_know,I'd Like To Know,mix_b393d3919c78,id_like_to_know_pxl_s7,PXL-S7,EDR-1,2,-1.6974528208642186,71.52527074974273,73.25538856930123,73.25538856930123,False,Synthetic feature-driven placeholder comment.,-0.867056238017743,-0.6188407399054331,-0.3229009373128245,-1.0515106991885117
F037,group_01,id_like_to_know,I'd Like To Know,mix_9ffcd672af17,id_like_to_know_pxl_s1,PXL-S1,EDR-1,3,-1.3706083561622606,70.51938300621909,97.66437152488362,97.66437152488362,False,Synthetic feature-driven placeholder comment.,-0.5659114167269081,-0.579304038497624,-0.4851205015292653,1.357247686182373
F037,group_01,id_like_to_know,I'd Like To Know,mix_82d60d7c7fc5,id_like_to_know_pxl_s5,PXL-S5,EDR-1,4,1.2228531117561643,80.33518439090616,87.46380438822858,87.46380438822858,False,Synthetic feature-driven placeholder comment.,-0.3583378408524605,-0.1527662554529231,0.7972705919658362,1.6270752922517937
F037,group_01,id_like_to_know,I'd Like To Know,mix_6f8b655d7999,id_like_to_know_pxl_s2,PXL-S2,EDR-1,5,2.122851337608373,78.41863524828115,77.75371008626273,77.75371008626273,False,Synthetic feature-driven placeholder comment.,0.5329997864789321,-1.1874673519330532,-0.7637519766505488,0.5510366380169074
F037,group_01,id_like_to_know,I'd Like To Know,mix_82d60d7c7fc5,id_like_to_know_pxl_s5,PXL-S5,EDR-2,1,1.2228531117561643,76.83518439090616,76.33381672489395,76.33381672489395,False,Synthetic feature-driven placeholder comment.,-0.3583378408524605,-0.1527662554529231,0.7972705919658362,1.6270752922517937
F037,group_01,id_like_to_know,I'd Like To Know,mix_65f41f41d3ab,id_like_to_know_pxl_s3,PXL-S3,EDR-2,2,0.39777798146276877,71.62159576880697,72.9833641367681,72.9833641367681,False,Synthetic feature-driven placeholder comment.,0.3234844364321996,-1.065060189455143,-1.1651773700507613,-0.0982478955990668
F037,group_01,id_like_to_know,I'd Like To Know,mix_9ffcd672af17,id_like_to_know_pxl_s1,PXL-S1,EDR-2,3,-1.3706083561622606,67.0193830062191,82.257615814088,82.257615814088,False,Synthetic feature-driven placeholder comment.,-0.5659114167269081,-0.579304038497624,-0.4851205015292653,1.357247686182373
F037,group_01,id_like_to_know,I'd Like To Know,mix_b393d3919c78,id_like_to_know_pxl_s7,PXL-S7,EDR-2,4,-1.6974528208642186,68.02527074974272,80.45092165993692,80.45092165993692,False,Synthetic feature-driven placeholder comment.,-0.867056238017743,-0.6188407399054331,-0.3229009373128245,-1.0515106991885117
F037,group_01,id_like_to_know,I'd Like To Know,mix_6f8b655d7999,id_like_to_know_pxl_s2,PXL-S2,EDR-2,5,2.122851337608373,74.91863524828115,79.14034336796615,79.14034336796615,False,Synthetic feature-driven placeholder comment.,0.5329997864789321,-1.1874673519330532,-0.7637519766505488,0.5510366380169074
F037,group_01,id_like_to_know,I'd Like To Know,mix_65f41f41d3ab,id_like_to_know_pxl_s3,PXL-S3,FM-1,1,0.39777798146276877,74.12159576880697,69.2472150136899,69.2472150136899,False,Synthetic feature-driven placeholder comment.,0.3234844364321996,-1.065060189455143,-1.1651773700507613,-0.0982478955990668
F037,group_01,id_like_to_know,I'd Like To Know,mix_b393d3919c78,id_like_to_know_pxl_s7,PXL-S7,FM-1,2,-1.6974528208642186,70.52527074974273,46.57267596332291,46.57267596332291,False,Synthetic feature-driven placeholder comment.,-0.867056238017743,-0.6188407399054331,-0.3229009373128245,-1.0515106991885117
F037,group_01,id_like_to_know,I'd Like To Know,mix_82d60d7c7fc5,id_like_to_know_pxl_s5,PXL-S5,FM-1,3,1.2228531117561643,79.33518439090616,81.83095863175835,81.83095863175835,False,Synthetic feature-driven placeholder comment.,-0.3583378408524605,-0.1527662554529231,0.7972705919658362,1.6270752922517937
F037,group_01,id_like_to_know,I'd Like To Know,mix_9ffcd672af17,id_like_to_know_pxl_s1,PXL-S1,FM-1,4,-1.3706083561622606,69.51938300621909,62.889767936254025,62.889767936254025,False,Synthetic feature-driven placeholder comment.,-0.5659114167269081,-0.579304038497624,-0.4851205015292653,1.357247686182373
F037,group_01,id_like_to_know,I'd Like To Know,mix_6f8b655d7999,id_like_to_know_pxl_s2,PXL-S2,FM-1,5,2.122851337608373,77.41863524828115,88.01184733671906,88.01184733671906,False,Synthetic feature-driven placeholder comment.,0.5329997864789321,-1.1874673519330532,-0.7637519766505488,0.5510366380169074
F038,group_02,in_the_meantime,In The Meantime,mix_9baa86357fd4,in_the_meantime_du_i,DU-I,EDR-1,1,-7.7211527946122915,62.33266467249608,52.875976525799985,52.875976525799985,False,Synthetic feature-driven placeholder comment.,-1.8990066727669184,1.9187185345499165,0.5415536857115313,-0.721703057329889
F038,group_02,in_the_meantime,In The Meantime,mix_cdaef40f2b94,in_the_meantime_qut_pro,QUT-pro,EDR-1,2,5.513631733764184,76.4109256441267,66.62081242755765,66.62081242755765,False,Synthetic feature-driven placeholder comment.,-0.6756280657690176,-1.4346341192827423,1.8511013279434223,-0.7325346788768815
F038,group_02,in_the_meantime,In The Meantime,mix_302f0efe8a80,in_the_meantime_du_h,DU-H,EDR-1,3,-0.779898277359731,74.57931576596005,72.21601577048877,72.21601577048877,False,Synthetic feature-driven placeholder comment.,0.6887214233465396,0.2719152524959843,-0.8693704120952901,0.8234428342152216
F038,group_02,in_the_meantime,In The Meantime,mix_c7bdcba64775,in_the_meantime_qut_b,QUT-B,EDR-1,4,-4.883741826428456,65.48736762290366,67.65712377447252,67.65712377447252,False,Synthetic feature-driven placeholder comment.,-0.6698107538710293,-0.1978340618743536,-1.5468197375217057,0.0908009789400507
F038,group_02,in_the_meantime,In The Meantime,mix_56e65a3ce054,in_the_meantime_du_k,DU-K,EDR-1,5,-4.439003297698766,68.1499137162552,77.35598838801359,77.35598838801359,False,Synthetic feature-driven placeholder comment.,-1.1193186569455127,1.7918041562064675,0.9713104079970216,0.4372547184671072
F038,group_02,in_the_meantime,In The Meantime,mix_302f0efe8a80,in_the_meantime_du_h,DU-H,EDR-2,1,-0.779898277359731,71.07931576596005,60.95933257485433,60.95933257485433,False,Synthetic feature-driven placeholder comment.,0.6887214233465396,0.2719152524959843,-0.8693704120952901,0.8234428342152216
F038,group_02,in_the_meantime,In The Meantime,mix_9baa86357fd4,in_the_meantime_du_i,DU-I,EDR-2,2,-7.7211527946122915,58.83266467249608,41.65271713259222,41.65271713259222,False,Synthetic feature-driven placeholder comment.,-1.8990066727669184,1.9187185345499165,0.5415536857115313,-0.721703057329889
F038,group_02,in_the_meantime,In The Meantime,mix_c7bdcba64775,in_the_meantime_qut_b,QUT-B,EDR-2,3,-4.883741826428456,61.98736762290366,60.04312936407155,60.04312936407155,False,Synthetic feature-driven placeholder comment.,-0.6698107538710293,-0.1978340618743536,-1.5468197375217057,0.0908009789400507
F038,group_02,in_the_meantime,In The Meantime,mix_cdaef40f2b94,in_the_meantime_qut_pro,QUT-pro,EDR-2,4,5.513631733764184,72.9109256441267,69.08101472058593,69.08101472058593,False,Synthetic feature-driven placeholder comment.,-0.6756280657690176,-1.4346341192827423,1.8511013279434223,-0.7325346788768815
F038,group_02,in_the_meantime,In The Meantime,mix_56e65a3ce054,in_the_meantime_du_k,DU-K,EDR-2,5,-4.439003297698766,64.64991371625518,64.0237393133917,64.0237393133917,False,Synthetic feature-driven placeholder comment.,-1.1193186569455127,1.7918041562064675,0.9713104079970216,0.4372547184671072
F038,group_02,in_the_meantime,In The Meantime,mix_56e65a3ce054,in_the_meantime_du_k,DU-K,FM-1,1,-4.439003297698766,67.1499137162552,62.95795563021503,62.95795563021503,False,Synthetic feature-driven placeholder comment.,-1.1193186569455127,1.7918041562064675,0.9713104079970216,0.4372547184671072
F038,group_02,in_the_meantime,In The Meantime,mix_9baa86357fd4,in_the_meantime_du_i,DU-I,FM-1,2,-7.7211527946122915,61.33266467249608,70.38206111858406,70.38206111858406,False,Synthetic feature-driven placeholder comment.,-1.8990066727669184,1.9187185345499165,0.5415536857115313,-0.721703057329889
F038,group_02,in_the_meantime,In The Meantime,mix_302f0efe8a80,in_the_meantime_du_h,DU-H,FM-1,3,-0.779898277359731,73.57931576596005,71.91830148603029,71.91830148603029,False,Synthetic feature-driven placeholder comment.,0.6887214233465396,0.2719152524959843,-0.8693704120952901,0.8234428342152216
F038,group_02,in_the_meantime,In The Meantime,mix_cdaef40f2b94,in_the_meantime_qut_pro,QUT-pro,FM-1,4,5.513631733764184,75.4109256441267,79.80014805769906,79.80014805769906,False,Synthetic feature-driven placeholder comment.,-0.6756280657690176,-1.4346341192827423,1.8511013279434223,-0.7325346788768815
F038,group_02,in_the_meantime,In The Meantime,mix_c7bdcba64775,in_the_meantime_qut_b,QUT-B,FM-1,5,-4.883741826428456,64.48736762290366,72.16442685867585,72.16442685867585,False,Synthetic feature-driven placeholder comment.,-0.6698107538710293,-0.1978340618743536,-1.5468197375217057,0.0908009789400507
F038,group_02,pouring_room,Pouring Room,mix_be2ccd4c43ff,pouring_room_mcg_t,McG-T,EDR-1,1,1.860080740948886,75.6961826224965,74.98468639141991,74.98468639141991,False,Synthetic feature-driven placeholder comment.,-0.0814371595061495,1.1238301932737935,1.926895983278192,-0.8792578396079359
F038,group_02,pouring_room,Pouring Room,mix_0ba76f420c1d,pouring_room_mcg_r,McG-R,EDR-1,2,3.5333626255955455,77.72437109717431,64.01961056287985,64.01961056287985,False,Synthetic feature-driven placeholder comment.,0.2249858589620197,-0.521538265731174,0.8057256670690561,-1.2630720295337683
F038,group_02,pouring_room,Pouring Room,mix_e08faaf8bbb3,pouring_room_mcg_v,McG-V,EDR-1,3,-2.460604585630299,68.71447669404326,60.11086759183567,60.11086759183567,False,Synthetic feature-driven placeholder comment.,0.2009523983216312,1.112208706920678,-0.2814967551013548,-0.938440679331238
F038,group_02,pouring_room,Pouring Room,mix_132e75f34470,pouring_room_mcg_pro1,McG-pro1,EDR-1,4,1.9624437219793534,77.06955259154807,75.52585269154893,75.52585269154893,False,Synthetic feature-driven placeholder comment.,1.177821012274786,0.1366958746221527,-0.3534041622732912,-0.9473754159948484
F038,group_02,pouring_room,Pouring Room,mix_cbf8555ee2b2,pouring_room_mcg_x,McG-X,EDR-1,5,1.3892606412929467,67.89816324722732,54.6916283921693,54.6916283921693,False,Synthetic feature-driven placeholder comment.,0.4494273963527286,0.780552768870155,0.8086566197405122,-0.4801297779726206
F038,group_02,pouring_room,Pouring Room,mix_be2ccd4c43ff,pouring_room_mcg_t,McG-T,EDR-2,1,1.860080740948886,72.1961826224965,67.4535402059338,67.4535402059338,False,Synthetic feature-driven placeholder comment.,-0.0814371595061495,1.1238301932737935,1.926895983278192,-0.8792578396079359
F038,group_02,pouring_room,Pouring Room,mix_cbf8555ee2b2,pouring_room_mcg_x,McG-X,EDR-2,2,1.3892606412929467,64.39816324722732,55.43837543140362,55.43837543140362,False,Synthetic feature-driven placeholder comment.,0.4494273963527286,0.780552768870155,0.8086566197405122,-0.4801297779726206
F038,group_02,pouring_room,Pouring Room,mix_e08faaf8bbb3,pouring_room_mcg_v,McG-V,EDR-2,3,-2.460604585630299,65.21447669404324,71.38386548513263,71.38386548513263,False,Synthetic feature-driven placeholder comment.,0.2009523983216312,1.112208706920678,-0.2814967551013548,-0.938440679331238
F038,group_02,pouring_room,Pouring Room,mix_0ba76f420c1d,pouring_room_mcg_r,McG-R,EDR-2,4,3.5333626255955455,74.22437109717431,80.13429151099035,80.13429151099035,False,Synthetic feature-driven placeholder comment.,0.2249858589620197,-0.521538265731174,0.8057256670690561,-1.2630720295337683
F038,group_02,pouring_room,Pouring Room,mix_132e75f34470,pouring_room_mcg_pro1,McG-pro1,EDR-2,5,1.9624437219793534,73.56955259154807,51.22443417289806,51.22443417289806,False,Synthetic feature-driven placeholder comment.,1.177821012274786,0.1366958746221527,-0.3534041622732912,-0.9473754159948484
F038,group_02,pouring_room,Pouring Room,mix_132e75f34470,pouring_room_mcg_pro1,McG-pro1,FM-1,1,1.9624437219793534,76.06955259154807,80.89574522084237,80.89574522084237,False,Synthetic feature-driven placeholder comment.,1.177821012274786,0.1366958746221527,-0.3534041622732912,-0.9473754159948484
F038,group_02,pouring_room,Pouring Room,mix_cbf8555ee2b2,pouring_room_mcg_x,McG-X,FM-1,2,1.3892606412929467,66.89816324722732,60.18556398593938,60.18556398593938,False,Synthetic feature-driven placeholder comment.,0.4494273963527286,0.780552768870155,0.8086566197405122,-0.4801297779726206
F038,group_02,pouring_room,Pouring Room,mix_e08faaf8bbb3,pouring_room_mcg_v,McG-V,FM-1,3,-2.460604585630299,67.71447669404326,65.66285180936578,65.66285180936578,False,Synthetic feature-driven placeholder comment.,0.2009523983216312,1.112208706920678,-0.2814967551013548,-0.938440679331238
F038,group_02,pouring_room,Pouring Room,mix_be2ccd4c43ff,pouring_room_mcg_t,McG-T,FM-1,4,1.860080740948886,74.6961826224965,86.5581254319861,86.5581254319861,False,Synthetic feature-driven placeholder comment.,-0.0814371595061495,1.1238301932737935,1.926895983278192,-0.8792578396079359
F038,group_02,pouring_room,Pouring Room,mix_0ba76f420c1d,pouring_room_mcg_r,McG-R,FM-1,5,3.5333626255955455,76.72437109717431,77.73671396465494,77.73671396465494,False,Synthetic feature-driven placeholder comment.,0.2249858589620197,-0.521538265731174,0.8057256670690561,-1.2630720295337683
F039,group_01,lead_me,Lead Me,mix_d3e3580b6e30,lead_me_mcg_pro2,McG-pro2,EDR-1,1,3.814031642297137,79.01987533763062,71.4634965684203,71.4634965684203,False,Synthetic feature-driven placeholder comment.,2.9805308263561203,0.8594252384169624,-0.9263284806752846,0.048773555233824
F039,group_01,lead_me,Lead Me,mix_271852ba8676,lead_me_du_e,DU-E,EDR-1,2,-5.750339322248495,61.73772753556345,62.88201869440167,62.88201869440167,False,Synthetic feature-driven placeholder comment.,-1.0250576971995913,0.5199952869185839,-0.8666083508697964,0.9959336464039888
F039,group_01,lead_me,Lead Me,mix_d5b28dfc8a93,lead_me_pxl_l1,PXL-L1,EDR-1,3,-2.181930306539545,69.39751726976903,74.35131984036607,74.35131984036607,False,Synthetic feature-driven placeholder comment.,-0.0024436394808062,-0.3677713699084406,-1.2816942263900757,-0.1924460334762285
F039,group_01,lead_me,Lead Me,mix_c7d9a071ba25,lead_me_pxl_l4,PXL-L4,EDR-1,4,3.536878170598983,73.75186558427191,81.06274907930387,81.06274907930387,False,Synthetic feature-driven placeholder comment.,-0.0552007785055364,-0.8412121981784734,0.8321106863211235,2.390299590706203
F039,group_01,lead_me,Lead Me,mix_f1f7973e5bac,lead_me_du_d,DU-D,EDR-1,5,5.9315598802398135,77.86209792479306,73.76201193503718,73.76201193503718,False,Synthetic feature-driven placeholder comment.,0.7402857811167308,-1.548717422055362,0.3280479404435016,-1.017146833506479
F039,group_01,lead_me,Lead Me,mix_f1f7973e5bac,lead_me_du_d,DU-D,EDR-2,1,5.9315598802398135,74.36209792479306,91.63130958409741,91.63130958409741,False,Synthetic feature-driven placeholder comment.,0.7402857811167308,-1.548717422055362,0.3280479404435016,-1.017146833506479
F039,group_01,lead_me,Lead Me,mix_d3e3580b6e30,lead_me_mcg_pro2,McG-pro2,EDR-2,2,3.814031642297137,75.51987533763062,74.93439872611302,74.93439872611302,False,Synthetic feature-driven placeholder comment.,2.9805308263561203,0.8594252384169624,-0.9263284806752846,0.048773555233824
F039,group_01,lead_me,Lead Me,mix_d5b28dfc8a93,lead_me_pxl_l1,PXL-L1,EDR-2,3,-2.181930306539545,65.89751726976903,82.00274346652944,82.00274346652944,False,Synthetic feature-driven placeholder comment.,-0.0024436394808062,-0.3677713699084406,-1.2816942263900757,-0.1924460334762285
F039,group_01,lead_me,Lead Me,mix_c7d9a071ba25,lead_me_pxl_l4,PXL-L4,EDR-2,4,3.536878170598983,70.25186558427191,71.51393157770761,71.51393157770761,False,Synthetic feature-driven placeholder comment.,-0.0552007785055364,-0.8412121981784734,0.8321106863211235,2.390299590706203
F039,group_01,lead_me,Lead Me,mix_271852ba8676,lead_me_du_e,DU-E,EDR-2,5,-5.750339322248495,58.23772753556346,73.47533223894126,73.47533223894126,False,Synthetic feature-driven placeholder comment.,-1.0250576971995913,0.5199952869185839,-0.8666083508697964,0.9959336464039888
F039,group_01,lead_me,Lead Me,mix_d3e3580b6e30,lead_me_mcg_pro2,McG-pro2,FM-1,1,3.814031642297137,78.01987533763062,71.6167430710801,71.6167430710801,False,Synthetic feature-driven placeholder comment.,2.9805308263561203,0.8594252384169624,-0.9263284806752846,0.048773555233824
F039,group_01,lead_me,Lead Me,mix_271852ba8676,lead_me_du_e,DU-E,FM-1,2,-5.750339322248495,60.73772753556346,60.00048167480511,60.00048167480511,False,Synthetic feature-driven placeholder comment.,-1.0250576971995913,0.5199952869185839,-0.8666083508697964,0.9959336464039888
F039,group_01,lead_me,Lead Me,mix_f1f7973e5bac,lead_me_du_d,DU-D,FM-1,3,5.9315598802398135,76.86209792479306,75.98822147325025,75.98822147325025,False,Synthetic feature-driven placeholder comment.,0.7402857811167308,-1.548717422055362,0.3280479404435016,-1.017146833506479
F039,group_01,lead_me,Lead Me,mix_c7d9a071ba25,lead_me_pxl_l4,PXL-L4,FM-1,4,3.536878170598983,72.75186558427191,79.83212962513585,79.83212962513585,False,Synthetic feature-driven placeholder comment.,-0.0552007785055364,-0.8412121981784734,0.8321106863211235,2.390299590706203
F039,group_01,lead_me,Lead Me,mix_d5b28dfc8a93,lead_me_pxl_l1,PXL-L1,FM-1,5,-2.181930306539545,68.39751726976903,61.42900148167498,61.42900148167498,False,Synthetic feature-driven placeholder comment.,-0.0024436394808062,-0.3677713699084406,-1.2816942263900757,-0.1924460334762285
F039,group_01,id_like_to_know,I'd Like To Know,mix_b393d3919c78,id_like_to_know_pxl_s7,PXL-S7,EDR-1,1,-1.6974528208642186,66.22649851305235,56.8546578569982,56.8546578569982,False,Synthetic feature-driven placeholder comment.,-0.867056238017743,-0.6188407399054331,-0.3229009373128245,-1.0515106991885117
F039,group_01,id_like_to_know,I'd Like To Know,mix_82d60d7c7fc5,id_like_to_know_pxl_s5,PXL-S5,EDR-1,2,1.2228531117561643,75.03641215421578,102.26575865448864,100.0,True,Synthetic feature-driven placeholder comment.,-0.3583378408524605,-0.1527662554529231,0.7972705919658362,1.6270752922517937
F039,group_01,id_like_to_know,I'd Like To Know,mix_9ffcd672af17,id_like_to_know_pxl_s1,PXL-S1,EDR-1,3,-1.3706083561622606,65.22061076952873,72.57809070777346,72.57809070777346,False,Synthetic feature-driven placeholder comment.,-0.5659114167269081,-0.579304038497624,-0.4851205015292653,1.357247686182373
F039,group_01,id_like_to_know,I'd Like To Know,mix_65f41f41d3ab,id_like_to_know_pxl_s3,PXL-S3,EDR-1,4,0.39777798146276877,69.82282353211662,81.05536557262744,81.05536557262744,False,Synthetic feature-driven placeholder comment.,0.3234844364321996,-1.065060189455143,-1.1651773700507613,-0.0982478955990668
F039,group_01,id_like_to_know,I'd Like To Know,mix_6f8b655d7999,id_like_to_know_pxl_s2,PXL-S2,EDR-1,5,2.122851337608373,73.1198630115908,75.89495571814435,75.89495571814435,False,Synthetic feature-driven placeholder comment.,0.5329997864789321,-1.1874673519330532,-0.7637519766505488,0.5510366380169074
F039,group_01,id_like_to_know,I'd Like To Know,mix_6f8b655d7999,id_like_to_know_pxl_s2,PXL-S2,EDR-2,1,2.122851337608373,69.6198630115908,77.39992347025039,77.39992347025039,False,Synthetic feature-driven placeholder comment.,0.5329997864789321,-1.1874673519330532,-0.7637519766505488,0.5510366380169074
F039,group_01,id_like_to_know,I'd Like To Know,mix_9ffcd672af17,id_like_to_know_pxl_s1,PXL-S1,EDR-2,2,-1.3706083561622606,61.72061076952873,65.49874913315084,65.49874913315084,False,Synthetic feature-driven placeholder comment.,-0.5659114167269081,-0.579304038497624,-0.4851205015292653,1.357247686182373
F039,group_01,id_like_to_know,I'd Like To Know,mix_b393d3919c78,id_like_to_know_pxl_s7,PXL-S7,EDR-2,3,-1.6974528208642186,62.726498513052356,61.94576616347506,61.94576616347506,False,Synthetic feature-driven placeholder comment.,-0.867056238017743,-0.6188407399054331,-0.3229009373128245,-1.0515106991885117
F039,group_01,id_like_to_know,I'd Like To Know,mix_65f41f41d3ab,id_like_to_know_pxl_s3,PXL-S3,EDR-2,4,0.39777798146276877,66.32282353211662,64.86923471213022,64.86923471213022,False,Synthetic feature-driven placeholder comment.,0.3234844364321996,-1.065060189455143,-1.1651773700507613,-0.0982478955990668
F039,group_01,id_like_to_know,I'd Like To Know,mix_82d60d7c7fc5,id_like_to_know_pxl_s5,PXL-S5,EDR-2,5,1.2228531117561643,71.53641215421578,85.11251565876492,85.11251565876492,False,Synthetic feature-driven placeholder comment.,-0.3583378408524605,-0.1527662554529231,0.7972705919658362,1.6270752922517937
F039,group_01,id_like_to_know,I'd Like To Know,mix_9ffcd672af17,id_like_to_know_pxl_s1,PXL-S1,FM-1,1,-1.3706083561622606,64.22061076952873,59.2457949386618,59.2457949386618,False,Synthetic feature-driven placeholder comment.,-0.5659114167269081,-0.579304038497624,-0.4851205015292653,1.357247686182373
F039,group_01,id_like_to_know,I'd Like To Know,mix_65f41f41d3ab,id_like_to_know_pxl_s3,PXL-S3,FM-1,2,0.39777798146276877,68.82282353211662,75.84942641420623,75.84942641420623,False,Synthetic feature-driven placeholder comment.,0.3234844364321996,-1.065060189455143,-1.1651773700507613,-0.0982478955990668
F039,group_01,id_like_to_know,I'd Like To Know,mix_6f8b655d7999,id_like_to_know_pxl_s2,PXL-S2,FM-1,3,2.122851337608373,72.1198630115908,74.04188334073119,74.04188334073119,False,Synthetic feature-driven placeholder comment.,0.5329997864789321,-1.1874673519330532,-0.7637519766505488,0.5510366380169074
F039,group_01,id_like_to_know,I'd Like To Know,mix_b393d3919c78,id_like_to_know_pxl_s7,PXL-S7,FM-1,4,-1.6974528208642186,65.22649851305235,64.29865810893884,64.29865810893884,False,Synthetic feature-driven placeholder comment.,-0.867056238017743,-0.6188407399054331,-0.3229009373128245,-1.0515106991885117
F039,group_01,id_like_to_know,I'd Like To Know,mix_82d60d7c7fc5,id_like_to_know_pxl_s5,PXL-S5,FM-1,5,1.2228531117561643,74.03641215421578,82.56696774328019,82.56696774328019,False,Synthetic feature-driven placeholder comment.,-0.3583378408524605,-0.1527662554529231,0.7972705919658362,1.6270752922517937
F040,group_02,in_the_meantime,In The Meantime,mix_56e65a3ce054,in_the_meantime_du_k,DU-K,EDR-1,1,-4.439003297698766,71.0289804055336,53.275105612977825,53.275105612977825,False,Synthetic feature-driven placeholder comment.,-1.1193186569455127,1.7918041562064675,0.9713104079970216,0.4372547184671072
F040,group_02,in_the_meantime,In The Meantime,mix_c7bdcba64775,in_the_meantime_qut_b,QUT-B,EDR-1,2,-4.883741826428456,68.36643431218207,76.985635440877,76.985635440877,False,Synthetic feature-driven placeholder comment.,-0.6698107538710293,-0.1978340618743536,-1.5468197375217057,0.0908009789400507
F040,group_02,in_the_meantime,In The Meantime,mix_cdaef40f2b94,in_the_meantime_qut_pro,QUT-pro,EDR-1,3,5.513631733764184,79.28999233340511,81.6956749186616,81.6956749186616,False,Synthetic feature-driven placeholder comment.,-0.6756280657690176,-1.4346341192827423,1.8511013279434223,-0.7325346788768815
F040,group_02,in_the_meantime,In The Meantime,mix_302f0efe8a80,in_the_meantime_du_h,DU-H,EDR-1,4,-0.779898277359731,77.45838245523845,81.62481064355981,81.62481064355981,False,Synthetic feature-driven placeholder comment.,0.6887214233465396,0.2719152524959843,-0.8693704120952901,0.8234428342152216
F040,group_02,in_the_meantime,In The Meantime,mix_9baa86357fd4,in_the_meantime_du_i,DU-I,EDR-1,5,-7.7211527946122915,65.21173136177448,75.87788829397795,75.87788829397795,False,Synthetic feature-driven placeholder comment.,-1.8990066727669184,1.9187185345499165,0.5415536857115313,-0.721703057329889
F040,group_02,in_the_meantime,In The Meantime,mix_cdaef40f2b94,in_the_meantime_qut_pro,QUT-pro,EDR-2,1,5.513631733764184,75.78999233340511,75.67209511374483,75.67209511374483,False,Synthetic feature-driven placeholder comment.,-0.6756280657690176,-1.4346341192827423,1.8511013279434223,-0.7325346788768815
F040,group_02,in_the_meantime,In The Meantime,mix_56e65a3ce054,in_the_meantime_du_k,DU-K,EDR-2,2,-4.439003297698766,67.5289804055336,79.68293145030303,79.68293145030303,False,Synthetic feature-driven placeholder comment.,-1.1193186569455127,1.7918041562064675,0.9713104079970216,0.4372547184671072
F040,group_02,in_the_meantime,In The Meantime,mix_302f0efe8a80,in_the_meantime_du_h,DU-H,EDR-2,3,-0.779898277359731,73.95838245523845,72.32715733916365,72.32715733916365,False,Synthetic feature-driven placeholder comment.,0.6887214233465396,0.2719152524959843,-0.8693704120952901,0.8234428342152216
F040,group_02,in_the_meantime,In The Meantime,mix_9baa86357fd4,in_the_meantime_du_i,DU-I,EDR-2,4,-7.7211527946122915,61.71173136177448,81.86802966405611,81.86802966405611,False,Synthetic feature-driven placeholder comment.,-1.8990066727669184,1.9187185345499165,0.5415536857115313,-0.721703057329889
F040,group_02,in_the_meantime,In The Meantime,mix_c7bdcba64775,in_the_meantime_qut_b,QUT-B,EDR-2,5,-4.883741826428456,64.86643431218208,54.63487379509189,54.63487379509189,False,Synthetic feature-driven placeholder comment.,-0.6698107538710293,-0.1978340618743536,-1.5468197375217057,0.0908009789400507
F040,group_02,in_the_meantime,In The Meantime,mix_cdaef40f2b94,in_the_meantime_qut_pro,QUT-pro,FM-1,1,5.513631733764184,78.28999233340511,75.90850597680809,75.90850597680809,False,Synthetic feature-driven placeholder comment.,-0.6756280657690176,-1.4346341192827423,1.8511013279434223,-0.7325346788768815
F040,group_02,in_the_meantime,In The Meantime,mix_302f0efe8a80,in_the_meantime_du_h,DU-H,FM-1,2,-0.779898277359731,76.45838245523845,65.32186110952762,65.32186110952762,False,Synthetic feature-driven placeholder comment.,0.6887214233465396,0.2719152524959843,-0.8693704120952901,0.8234428342152216
F040,group_02,in_the_meantime,In The Meantime,mix_56e65a3ce054,in_the_meantime_du_k,DU-K,FM-1,3,-4.439003297698766,70.0289804055336,61.128607362203816,61.128607362203816,False,Synthetic feature-driven placeholder comment.,-1.1193186569455127,1.7918041562064675,0.9713104079970216,0.4372547184671072
F040,group_02,in_the_meantime,In The Meantime,mix_9baa86357fd4,in_the_meantime_du_i,DU-I,FM-1,4,-7.7211527946122915,64.21173136177448,64.04190113303108,64.04190113303108,False,Synthetic feature-driven placeholder comment.,-1.8990066727669184,1.9187185345499165,0.5415536857115313,-0.721703057329889
F040,group_02,in_the_meantime,In The Meantime,mix_c7bdcba64775,in_the_meantime_qut_b,QUT-B,FM-1,5,-4.883741826428456,67.36643431218208,51.55425251058824,51.55425251058824,False,Synthetic feature-driven placeholder comment.,-0.6698107538710293,-0.1978340618743536,-1.5468197375217057,0.0908009789400507
F040,group_02,pouring_room,Pouring Room,mix_e08faaf8bbb3,pouring_room_mcg_v,McG-V,EDR-1,1,-2.460604585630299,71.59354338332166,70.8710306676138,70.8710306676138,False,Synthetic feature-driven placeholder comment.,0.2009523983216312,1.112208706920678,-0.2814967551013548,-0.938440679331238
F040,group_02,pouring_room,Pouring Room,mix_0ba76f420c1d,pouring_room_mcg_r,McG-R,EDR-1,2,3.5333626255955455,80.60343778645272,86.63330436087615,86.63330436087615,False,Synthetic feature-driven placeholder comment.,0.2249858589620197,-0.521538265731174,0.8057256670690561,-1.2630720295337683
F040,group_02,pouring_room,Pouring Room,mix_cbf8555ee2b2,pouring_room_mcg_x,McG-X,EDR-1,3,1.3892606412929467,70.77722993650572,60.0869574056873,60.0869574056873,False,Synthetic feature-driven placeholder comment.,0.4494273963527286,0.780552768870155,0.8086566197405122,-0.4801297779726206
F040,group_02,pouring_room,Pouring Room,mix_be2ccd4c43ff,pouring_room_mcg_t,McG-T,EDR-1,4,1.860080740948886,78.5752493117749,70.68416497639446,70.68416497639446,False,Synthetic feature-driven placeholder comment.,-0.0814371595061495,1.1238301932737935,1.926895983278192,-0.8792578396079359
F040,group_02,pouring_room,Pouring Room,mix_132e75f34470,pouring_room_mcg_pro1,McG-pro1,EDR-1,5,1.9624437219793534,79.94861928082648,66.09502485029176,66.09502485029176,False,Synthetic feature-driven placeholder comment.,1.177821012274786,0.1366958746221527,-0.3534041622732912,-0.9473754159948484
F040,group_02,pouring_room,Pouring Room,mix_cbf8555ee2b2,pouring_room_mcg_x,McG-X,EDR-2,1,1.3892606412929467,67.27722993650572,64.63648456153201,64.63648456153201,False,Synthetic feature-driven placeholder comment.,0.4494273963527286,0.780552768870155,0.8086566197405122,-0.4801297779726206
F040,group_02,pouring_room,Pouring Room,mix_e08faaf8bbb3,pouring_room_mcg_v,McG-V,EDR-2,2,-2.460604585630299,68.09354338332166,59.729296381282666,59.729296381282666,False,Synthetic feature-driven placeholder comment.,0.2009523983216312,1.112208706920678,-0.2814967551013548,-0.938440679331238
F040,group_02,pouring_room,Pouring Room,mix_132e75f34470,pouring_room_mcg_pro1,McG-pro1,EDR-2,3,1.9624437219793534,76.44861928082648,68.889694014844,68.889694014844,False,Synthetic feature-driven placeholder comment.,1.177821012274786,0.1366958746221527,-0.3534041622732912,-0.9473754159948484
F040,group_02,pouring_room,Pouring Room,mix_be2ccd4c43ff,pouring_room_mcg_t,McG-T,EDR-2,4,1.860080740948886,75.0752493117749,75.39990431042898,75.39990431042898,False,Synthetic feature-driven placeholder comment.,-0.0814371595061495,1.1238301932737935,1.926895983278192,-0.8792578396079359
F040,group_02,pouring_room,Pouring Room,mix_0ba76f420c1d,pouring_room_mcg_r,McG-R,EDR-2,5,3.5333626255955455,77.10343778645272,79.29302485891635,79.29302485891635,False,Synthetic feature-driven placeholder comment.,0.2249858589620197,-0.521538265731174,0.8057256670690561,-1.2630720295337683
F040,group_02,pouring_room,Pouring Room,mix_be2ccd4c43ff,pouring_room_mcg_t,McG-T,FM-1,1,1.860080740948886,77.5752493117749,65.82291667547447,65.82291667547447,False,Synthetic feature-driven placeholder comment.,-0.0814371595061495,1.1238301932737935,1.926895983278192,-0.8792578396079359
F040,group_02,pouring_room,Pouring Room,mix_132e75f34470,pouring_room_mcg_pro1,McG-pro1,FM-1,2,1.9624437219793534,78.94861928082648,73.22595085811454,73.22595085811454,False,Synthetic feature-driven placeholder comment.,1.177821012274786,0.1366958746221527,-0.3534041622732912,-0.9473754159948484
F040,group_02,pouring_room,Pouring Room,mix_0ba76f420c1d,pouring_room_mcg_r,McG-R,FM-1,3,3.5333626255955455,79.60343778645272,72.21282154114202,72.21282154114202,False,Synthetic feature-driven placeholder comment.,0.2249858589620197,-0.521538265731174,0.8057256670690561,-1.2630720295337683
F040,group_02,pouring_room,Pouring Room,mix_cbf8555ee2b2,pouring_room_mcg_x,McG-X,FM-1,4,1.3892606412929467,69.77722993650572,54.347913329186284,54.347913329186284,False,Synthetic feature-driven placeholder comment.,0.4494273963527286,0.780552768870155,0.8086566197405122,-0.4801297779726206
F040,group_02,pouring_room,Pouring Room,mix_e08faaf8bbb3,pouring_room_mcg_v,McG-V,FM-1,5,-2.460604585630299,70.59354338332166,69.0014422870562,69.0014422870562,False,Synthetic feature-driven placeholder comment.,0.2009523983216312,1.112208706920678,-0.2814967551013548,-0.938440679331238
